[{"Name":"","Category":"","Rating":" 1 star ","Number_of_Reviews":"","Address":"","Reviewer":"Nick Sullivan","Reviewer_page":"https://www.google.com/maps/contrib/116828590144622380999/reviews?hl=en-US","Review_time":"a week ago","Review":"Pro tip. Put a marker on Google maps saying it’s for Citibank employees only and save people a 15 minute walk #duh","Likes":"1"},{"Name":"","Category":"","Rating":" 1 star ","Number_of_Reviews":"","Address":"","Reviewer":"Special Furniture Services","Reviewer_page":"https://www.google.com/maps/contrib/110754204463159943226/reviews?hl=en-US","Review_time":"2 months ago","Review":"It shouldn’t even be on the map it’s a private Starbucks within a private building.","Likes":"1"},{"Name":"","Category":"","Rating":" 1 star ","Number_of_Reviews":"","Address":"","Reviewer":"Elvira Mamina","Reviewer_page":"https://www.google.com/maps/contrib/110024759726774314322/reviews?hl=en-US","Review_time":"11 months ago","Review":"Its not for public access! Only for workers of Citi bank! But you cannot find this information until you get there!!!!!","Likes":"3"},{"Name":"","Category":"","Rating":" 1 star ","Number_of_Reviews":"","Address":"","Reviewer":"Amjad Talib","Reviewer_page":"https://www.google.com/maps/contrib/114141077306538001207/reviews?hl=en-US","Review_time":"10 months ago","Review":"Really shouldn't be listed on the mobile app for pickup. It's located in the lobby of the building. Security for some reason thinks everyone is there to occupy Wall Street, even the poor employees with badges. Enough negotiating and you may be able to get your coffee whisked over, as if it cleared customs on a bad day.","Likes":"2"},{"Name":"","Category":"","Rating":" 5 stars ","Number_of_Reviews":"","Address":"","Reviewer":"Jevante smith","Reviewer_page":"https://www.google.com/maps/contrib/111738941003024739623/reviews?hl=en-US","Review_time":"a year ago","Review":"Great, if you're a Citi employee!","Likes":"1"},{"Name":"","Category":"","Rating":" 1 star ","Number_of_Reviews":"","Address":"","Reviewer":"steve aylward","Reviewer_page":"https://www.google.com/maps/contrib/117948569864389402397/reviews?hl=en-US","Review_time":"2 years ago","Review":"it's not open to the public","Likes":"2"},{"Name":"","Category":"","Rating":" 4 stars ","Number_of_Reviews":"","Address":"","Reviewer":"Wicha Las noticias como son","Reviewer_page":"https://www.google.com/maps/contrib/106264266243329235908/reviews?hl=en-US","Review_time":"9 months ago","Review":"(Translated by Google) Good as always\n\n(Original)\nBien como siempre","Likes":""},{"Name":"","Category":"","Rating":" 5 stars ","Number_of_Reviews":"","Address":"","Reviewer":"Tommy Wu","Reviewer_page":"https://www.google.com/maps/contrib/114869409368247808254/reviews?hl=en-US","Review_time":"a week ago","Review":"","Likes":""},{"Name":"","Category":"","Rating":" 5 stars ","Number_of_Reviews":"","Address":"","Reviewer":"Tony Barral","Reviewer_page":"https://www.google.com/maps/contrib/106001841122826786300/reviews?hl=en-US","Review_time":"a year ago","Review":"","Likes":""},{"Name":"","Category":"","Rating":" 1 star ","Number_of_Reviews":"","Address":"","Reviewer":"junfei pei","Reviewer_page":"https://www.google.com/maps/contrib/111800225777481462133/reviews?hl=en-US","Review_time":"a year ago","Review":"","Likes":""},{"Name":"","Category":"","Rating":" 1 star ","Number_of_Reviews":"","Address":"","Reviewer":"CheffromMars","Reviewer_page":"https://www.google.com/maps/contrib/112037388545457707060/reviews?hl=en-US","Review_time":"2 months ago","Review":"","Likes":""}