[{"Name":"","Category":"","Rating":" 5 stars ","Number_of_Reviews":"","Address":"","Reviewer":"JC SORIANO","Reviewer_page":"https://www.google.com/maps/contrib/117851911830747800469/reviews?hl=en-US","Review_time":"11 months ago","Review":"Was really nice getting served by Quay this morning. She was very polite and attentive as a Starbucks employee. I’ve had Starbucks employees just shove the pastry still in the plastic wrap in the paper pastry bag. Quay asked if I’d like the pastry warmed. Thanks Quay, you’re greatly appreciated. The rest of the staff was pleasant as well. Today you guys won!","Likes":"1"},{"Name":"","Category":"","Rating":" 5 stars ","Number_of_Reviews":"","Address":"","Reviewer":"Tyler Vo","Reviewer_page":"https://www.google.com/maps/contrib/103759314628425841330/reviews?hl=en-US","Review_time":"a month ago","Review":"SHOUTOUT TO TY she made my birthday drink sooo good and she was literally the sweetest person. It was really busy so I could tell it was stressful but she was so welcoming and was so awesome. This chai made this sad rainy birthday good :)","Likes":""},{"Name":"","Category":"","Rating":" 1 star ","Number_of_Reviews":"","Address":"","Reviewer":"Andres Tavera","Reviewer_page":"https://www.google.com/maps/contrib/108100345150768104364/reviews?hl=en-US","Review_time":"4 weeks ago","Review":"Rude staff with an attitude, that look like don't want to work there. I waited about 30mins for a coffee and a drink, boty which were prepared poorly.","Likes":""},{"Name":"","Category":"","Rating":" 3 stars ","Number_of_Reviews":"","Address":"","Reviewer":"Graham Short","Reviewer_page":"https://www.google.com/maps/contrib/107083037723450767082/reviews?hl=en-US","Review_time":"2 years ago","Review":"I don’t really review Starbucks as one is the  same as the next. Not here if you ask for the cup to be full it always has at least an inch to go - yesterday I bought three tall pikes and was able to fill two of them (to the brim) and have an inch left in the last cup.\nI assume it’s a directive from the manager as it doesn’t matter who serves you it’s always the same - just by holding you can feel it’s light  Fill your cups up!","Likes":"1"},{"Name":"","Category":"","Rating":" 4 stars ","Number_of_Reviews":"","Address":"","Reviewer":"Jose Hernandez","Reviewer_page":"https://www.google.com/maps/contrib/104200764381871605544/reviews?hl=en-US","Review_time":"3 months ago","Review":"Tiny Starbucks with no public bathrooms.   The chairs and tables were removed; and location was converted into a mobile order pickup or take out.","Likes":"1"},{"Name":"","Category":"","Rating":" 2 stars ","Number_of_Reviews":"","Address":"","Reviewer":"Emily Yang","Reviewer_page":"https://www.google.com/maps/contrib/107564830438011598723/reviews?hl=en-US","Review_time":"a year ago","Review":"I arrived at 9:35 a.m. and bought a vanilla latte. At 10: 00 sharp, I didn't get my coffee. When I was waiting in line, all the guests got it. Only I waited for half an hour. I have to go to work at ten o'clock, so I didn't get my coffee at last.","Likes":""},{"Name":"","Category":"","Rating":" 1 star ","Number_of_Reviews":"","Address":"","Reviewer":"Brian Zalewski","Reviewer_page":"https://www.google.com/maps/contrib/101522877899607200507/reviews?hl=en-US","Review_time":"2 months ago","Review":"No restroom for customers.. automatic 1 star","Likes":""},{"Name":"","Category":"","Rating":" 1 star ","Number_of_Reviews":"","Address":"","Reviewer":"Diana P","Reviewer_page":"https://www.google.com/maps/contrib/112568838316417876257/reviews?hl=en-US","Review_time":"4 years ago","Review":"Went here today at around 3-4pm, the cashier was either ridiculously standoffish or very out of it; I was trying to tell him my credit card wasn't accepted and he just stared at me without responding like I was an idiot for almost 2 …","Likes":"2"},{"Name":"","Category":"","Rating":" 5 stars ","Number_of_Reviews":"","Address":"","Reviewer":"Harrison Forman","Reviewer_page":"https://www.google.com/maps/contrib/101267826017455086099/reviews?hl=en-US","Review_time":"2 years ago","Review":"The best Starbucks in New York. Staff & manager Nina are incredibly friendly. Service is quick and impeccable. Just a great vibe and energy you don’t find at every NYC Starbucks. Highly recommend going!!","Likes":"1"},{"Name":"","Category":"","Rating":" 1 star ","Number_of_Reviews":"","Address":"","Reviewer":"Jo Jo","Reviewer_page":"https://www.google.com/maps/contrib/115147701042019877741/reviews?hl=en-US","Review_time":"11 months ago","Review":"The fact that I was standing there for five minutes while the three women were having a whole conversation behind the bar, not once they acknowledged me nor greeted me. The worst of all they didn’t even realized I left. Never again","Likes":"1"},{"Name":"","Category":"","Rating":" 4 stars ","Number_of_Reviews":"","Address":"","Reviewer":"Dwight Arthur","Reviewer_page":"https://www.google.com/maps/contrib/111379896730104105174/reviews?hl=en-US","Review_time":"4 years ago","Review":"Same service and menu as every other starbucks. This one has a seating shortage, maybe room for six to sit. I was there shortly before closing, there was no line and nobody buying or picking up anything but there were five people who looked like they were ready to stay for several more days fully occupying the six seats","Likes":""},{"Name":"","Category":"","Rating":" 1 star ","Number_of_Reviews":"","Address":"","Reviewer":"Anaheim 122","Reviewer_page":"https://www.google.com/maps/contrib/105251560196128525919/reviews?hl=en-US","Review_time":"3 years ago","Review":"Did not allow use of the restroom even with a purchase.  What kind of company refuses the most basics of needs to their paying customers -even in New York.  SERIOUSLY STARBUCKS, you should be better than this. You have lost yet another customer for this very, easy to avoid, negative experience.  WHO DOES THAT?  Any food/drink establishment, or any business, should provide a restroom for their customers.  Common sense, common decency. No restroom access is simply unacceptable.","Likes":"6"},{"Name":"","Category":"","Rating":" 4 stars ","Number_of_Reviews":"","Address":"","Reviewer":"Matthew W","Reviewer_page":"https://www.google.com/maps/contrib/102423643571813202182/reviews?hl=en-US","Review_time":"3 months ago","Review":"This is where I go to use Starbucks giftcards.","Likes":""},{"Name":"","Category":"","Rating":" 3 stars ","Number_of_Reviews":"","Address":"","Reviewer":"Hilton Webb","Reviewer_page":"https://www.google.com/maps/contrib/116907201755076597755/reviews?hl=en-US","Review_time":"4 years ago","Review":"It was my first and only foray into this pseudo coffee mecca. I realize I am a Luddite where Starbucks is concerned. I'd made a pledge never to set foot in one but a friend liked the Christmas blend. It became a Christmas present search.  However, I was pleasantly surprised by how nice everyone was especially when I'd picked up whole beans rather than ground. They didn't laugh they simply retrieved the correct item, which was on sale, and I was on my way.....forever tainted. 😀","Likes":""},{"Name":"","Category":"","Rating":" 5 stars ","Number_of_Reviews":"","Address":"","Reviewer":"Ellery Moore-Mendez","Reviewer_page":"https://www.google.com/maps/contrib/110036997273043309927/reviews?hl=en-US","Review_time":"a year ago","Review":"Courteous, pleasant associates, who make sure that your oder is just right.  My days ALWAYS begin right with a good latté and a pleasant smile.","Likes":""},{"Name":"","Category":"","Rating":" 5 stars ","Number_of_Reviews":"","Address":"","Reviewer":"Allie McSwain","Reviewer_page":"https://www.google.com/maps/contrib/112493708178632705233/reviews?hl=en-US","Review_time":"11 months ago","Review":"Always timely, they have my mobile order ready within 10 minutes of ordering","Likes":""},{"Name":"","Category":"","Rating":" 5 stars ","Number_of_Reviews":"","Address":"","Reviewer":"Felipe Sanchez","Reviewer_page":"https://www.google.com/maps/contrib/102222663797412894126/reviews?hl=en-US","Review_time":"2 years ago","Review":"Darwin was excellent he treated me very kindly and gave my dog a pupachino. Best employee at any Starbucks keeps me coming back","Likes":""},{"Name":"","Category":"","Rating":" 4 stars ","Number_of_Reviews":"","Address":"","Reviewer":"M Camilo","Reviewer_page":"https://www.google.com/maps/contrib/108924567412024661845/reviews?hl=en-US","Review_time":"a year ago","Review":"The staff are super helpful in this Starbucks. Had a problem at a nearby Starbucks and the staff at this location were more than helpful.","Likes":""},{"Name":"","Category":"","Rating":" 5 stars ","Number_of_Reviews":"","Address":"","Reviewer":"Greg Gibson","Reviewer_page":"https://www.google.com/maps/contrib/109770446282429694128/reviews?hl=en-US","Review_time":"5 years ago","Review":"Best manager (Jesse) that I've encountered at a Starbuck's Franchise. Overall I love this location and their crew much more than most other SBs","Likes":"1"},{"Name":"","Category":"","Rating":" 1 star ","Number_of_Reviews":"","Address":"","Reviewer":"Ghi Ree","Reviewer_page":"https://www.google.com/maps/contrib/118435501071018207351/reviews?hl=en-US","Review_time":"3 years ago","Review":"Got my order wrong and the barista seemed annoyed that I wanted something different than the original recipe. The fraps here taste watery.","Likes":"2"},{"Name":"","Category":"","Rating":" 1 star ","Number_of_Reviews":"","Address":"","Reviewer":"christine vineetha","Reviewer_page":"https://www.google.com/maps/contrib/109521944723485992417/reviews?hl=en-US","Review_time":"4 years ago","Review":"We went there on 12/18/2017 - around 420pm....Ordered tall latte & Caramel Brulee\n1st the barista mixed up our order so we had to go back and get our drinks again...2nd time around the drinks were absolutely distasteful\nVery disappointed!","Likes":"1"},{"Name":"","Category":"","Rating":" 5 stars ","Number_of_Reviews":"","Address":"","Reviewer":"Flayva","Reviewer_page":"https://www.google.com/maps/contrib/113146018294161603957/reviews?hl=en-US","Review_time":"a year ago","Review":"This Starbucks is the best, the Baristas are so friendly and respectful, lots of love for all of them🙏💕🙏💕🙏💕🙏","Likes":""},{"Name":"","Category":"","Rating":" 4 stars ","Number_of_Reviews":"","Address":"","Reviewer":"Danielle Molden","Reviewer_page":"https://www.google.com/maps/contrib/101611201703862104553/reviews?hl=en-US","Review_time":"4 years ago","Review":"Pretty average starbucks- they did replace my son's hot chocolate after he dropped it. And that was very nice of them.","Likes":""},{"Name":"","Category":"","Rating":" 5 stars ","Number_of_Reviews":"","Address":"","Reviewer":"meowth","Reviewer_page":"https://www.google.com/maps/contrib/102201564410744723148/reviews?hl=en-US","Review_time":"a year ago","Review":"Great location of Starbucks because nice staff. Thank you staff for being nice!","Likes":""},{"Name":"","Category":"","Rating":" 5 stars ","Number_of_Reviews":"","Address":"","Reviewer":"Rich Hong","Reviewer_page":"https://www.google.com/maps/contrib/102348256057795330138/reviews?hl=en-US","Review_time":"a year ago","Review":"Awesome staff it’s officially my absolute favorite Starbucks location!! 😎👍☕️","Likes":""},{"Name":"","Category":"","Rating":" 5 stars ","Number_of_Reviews":"","Address":"","Reviewer":"Clifton St Juste (TClif)","Reviewer_page":"https://www.google.com/maps/contrib/110142760282375837955/reviews?hl=en-US","Review_time":"2 years ago","Review":"Great customer service, they are so nice and one of the cleanest Starbucks.","Likes":""},{"Name":"","Category":"","Rating":" 5 stars ","Number_of_Reviews":"","Address":"","Reviewer":"Avril L'Mour Weathers","Reviewer_page":"https://www.google.com/maps/contrib/110944653691234047357/reviews?hl=en-US","Review_time":"3 years ago","Review":"No big crowded lines, warm helpful cashiers...nice warm cup of Pike w/plenty of raw sugar!","Likes":""},{"Name":"","Category":"","Rating":" 1 star ","Number_of_Reviews":"","Address":"","Reviewer":"Levar Jackson","Reviewer_page":"https://www.google.com/maps/contrib/115631331635783172130/reviews?hl=en-US","Review_time":"3 years ago","Review":"No bathroom at this Starbucks and less than friendly staff. Next time I'll save myself the headache and walk two blocks to the other Starbucks.","Likes":"2"},{"Name":"","Category":"","Rating":" 5 stars ","Number_of_Reviews":"","Address":"","Reviewer":"Darliana Gómez","Reviewer_page":"https://www.google.com/maps/contrib/105144872183895146290/reviews?hl=en-US","Review_time":"3 years ago","Review":"Starbucks is the best place to get good coffee with a nice taste and smell. No other place offers this.","Likes":""},{"Name":"","Category":"","Rating":" 5 stars ","Number_of_Reviews":"","Address":"","Reviewer":"Andre Lewis (#bksocialentrepreneur)","Reviewer_page":"https://www.google.com/maps/contrib/106020314758157035852/reviews?hl=en-US","Review_time":"3 years ago","Review":"Great service great staff pretty much the same everywhere you go at Starbucks","Likes":""},{"Name":"","Category":"","Rating":" 1 star ","Number_of_Reviews":"","Address":"","Reviewer":"Harry Hennessy","Reviewer_page":"https://www.google.com/maps/contrib/103797499287313704344/reviews?hl=en-US","Review_time":"8 months ago","Review":"Wouldnt let me use restroom with purchase","Likes":""},{"Name":"","Category":"","Rating":" 3 stars ","Number_of_Reviews":"","Address":"","Reviewer":"Crystal Williamson","Reviewer_page":"https://www.google.com/maps/contrib/117955086636705922220/reviews?hl=en-US","Review_time":"3 years ago","Review":"Why do they let people bring their dogs (they're not service dogs by the way) into this place? I've been in here several times, staff don't ask customers when they bring them in","Likes":""},{"Name":"","Category":"","Rating":" 5 stars ","Number_of_Reviews":"","Address":"","Reviewer":"Dan Haynes","Reviewer_page":"https://www.google.com/maps/contrib/112568684099040760741/reviews?hl=en-US","Review_time":"2 years ago","Review":"Excellent customer service no problems I had a quick chat I'm nice morning run","Likes":""},{"Name":"","Category":"","Rating":" 1 star ","Number_of_Reviews":"","Address":"","Reviewer":"Mike Frank","Reviewer_page":"https://www.google.com/maps/contrib/111512917202325977029/reviews?hl=en-US","Review_time":"3 years ago","Review":"No restroom for customers....\nWho decide to do so?\nMayby lazy workers who doesn’t want to clean up?","Likes":"2"},{"Name":"","Category":"","Rating":" 1 star ","Number_of_Reviews":"","Address":"","Reviewer":"Keith Franz","Reviewer_page":"https://www.google.com/maps/contrib/113051259924419215294/reviews?hl=en-US","Review_time":"4 years ago","Review":"I'm a regular Starbucks customer, but this one which has a restroom, doesn't allow customers to use it...","Likes":"3"},{"Name":"","Category":"","Rating":" 4 stars ","Number_of_Reviews":"","Address":"","Reviewer":"Cory","Reviewer_page":"https://www.google.com/maps/contrib/103086578350333723395/reviews?hl=en-US","Review_time":"a year ago","Review":"It's Starbucks...with COVID-19 , double check to ensure they are open.","Likes":""},{"Name":"","Category":"","Rating":" 2 stars ","Number_of_Reviews":"","Address":"","Reviewer":"Luis Cáceres Dárdano","Reviewer_page":"https://www.google.com/maps/contrib/106948228771381632407/reviews?hl=en-US","Review_time":"4 years ago","Review":"I always try to get a pour over and they all say the same like \"we're out of filters\" this happens in every Starbucks.","Likes":""},{"Name":"","Category":"","Rating":" 4 stars ","Number_of_Reviews":"","Address":"","Reviewer":"Michelle L. Pacheco","Reviewer_page":"https://www.google.com/maps/contrib/104059332611289503404/reviews?hl=en-US","Review_time":"3 years ago","Review":"Register person was nice and I ordered and food came out quick","Likes":""},{"Name":"","Category":"","Rating":" 1 star ","Number_of_Reviews":"","Address":"","Reviewer":"Lexine Acevedo","Reviewer_page":"https://www.google.com/maps/contrib/104621610579639288897/reviews?hl=en-US","Review_time":"3 years ago","Review":"They don’t allow to use the restroom even if you buy something.","Likes":""},{"Name":"","Category":"","Rating":" 5 stars ","Number_of_Reviews":"","Address":"","Reviewer":"Kosta Zonaras","Reviewer_page":"https://www.google.com/maps/contrib/113224391904943024856/reviews?hl=en-US","Review_time":"2 years ago","Review":"A cozy Starbucks, more intimate than I'm aquatinted with and really friendly staff","Likes":""},{"Name":"","Category":"","Rating":" 4 stars ","Number_of_Reviews":"","Address":"","Reviewer":"Ron Booth","Reviewer_page":"https://www.google.com/maps/contrib/104859038686328821106/reviews?hl=en-US","Review_time":"3 years ago","Review":"They are very generous with their napkins and condiments","Likes":""},{"Name":"","Category":"","Rating":" 5 stars ","Number_of_Reviews":"","Address":"","Reviewer":"CarlaSofia Teixeira-Fleming","Reviewer_page":"https://www.google.com/maps/contrib/118079624294735447409/reviews?hl=en-US","Review_time":"9 months ago","Review":"Starbucks is always great 👍😊👍","Likes":""},{"Name":"","Category":"","Rating":" 5 stars ","Number_of_Reviews":"","Address":"","Reviewer":"Shirley Branch","Reviewer_page":"https://www.google.com/maps/contrib/102227779071593346252/reviews?hl=en-US","Review_time":"2 years ago","Review":"Steve - thank you so much, the French Vanilla - superb!!!","Likes":""},{"Name":"","Category":"","Rating":" 1 star ","Number_of_Reviews":"","Address":"","Reviewer":"Adam Groffman","Reviewer_page":"https://www.google.com/maps/contrib/103845216349114091071/reviews?hl=en-US","Review_time":"3 years ago","Review":"Didn’t allow access to their restroom even after purchase","Likes":"1"},{"Name":"","Category":"","Rating":" 1 star ","Number_of_Reviews":"","Address":"","Reviewer":"Yaineneh Kora","Reviewer_page":"https://www.google.com/maps/contrib/103012041809646000272/reviews?hl=en-US","Review_time":"2 years ago","Review":"Poor customer service,  the Manager ( female) very nasty Monday morning","Likes":"1"},{"Name":"","Category":"","Rating":" 5 stars ","Number_of_Reviews":"","Address":"","Reviewer":"Dennis Petti","Reviewer_page":"https://www.google.com/maps/contrib/107122260745715564954/reviews?hl=en-US","Review_time":"3 years ago","Review":"They have no outlets at this location to charge things","Likes":""},{"Name":"","Category":"","Rating":" 2 stars ","Number_of_Reviews":"","Address":"","Reviewer":"Nathan Sparks","Reviewer_page":"https://www.google.com/maps/contrib/106364715816085211502/reviews?hl=en-US","Review_time":"5 years ago","Review":"No bathroom. Not a good combo for drinking coffee.","Likes":""},{"Name":"","Category":"","Rating":" 4 stars ","Number_of_Reviews":"","Address":"","Reviewer":"Dee Mack","Reviewer_page":"https://www.google.com/maps/contrib/115127646933333907244/reviews?hl=en-US","Review_time":"5 years ago","Review":"Good coffee, a little overpriced, employees are not friendly","Likes":"1"},{"Name":"","Category":"","Rating":" 5 stars ","Number_of_Reviews":"","Address":"","Reviewer":"Salman Iftikhar","Reviewer_page":"https://www.google.com/maps/contrib/105204510402334139223/reviews?hl=en-US","Review_time":"5 years ago","Review":"Small store but carry most of the products, staff is very friendly.","Likes":""},{"Name":"","Category":"","Rating":" 4 stars ","Number_of_Reviews":"","Address":"","Reviewer":"욘준","Reviewer_page":"https://www.google.com/maps/contrib/118220526478165026977/reviews?hl=en-US","Review_time":"3 years ago","Review":"Small one","Likes":"1"},{"Name":"","Category":"","Rating":" 4 stars ","Number_of_Reviews":"","Address":"","Reviewer":"Raphael Rivas","Reviewer_page":"https://www.google.com/maps/contrib/104038744742703255857/reviews?hl=en-US","Review_time":"3 years ago","Review":"Great place to get coffee.","Likes":""},{"Name":"","Category":"","Rating":" 1 star ","Number_of_Reviews":"","Address":"","Reviewer":"Bryan Nguyen","Reviewer_page":"https://www.google.com/maps/contrib/105775184684797892377/reviews?hl=en-US","Review_time":"4 years ago","Review":"Refused the  use of on-site restroom after purchasing a few drinks.","Likes":""},{"Name":"","Category":"","Rating":" 3 stars ","Number_of_Reviews":"","Address":"","Reviewer":"Dmitry Golikov","Reviewer_page":"https://www.google.com/maps/contrib/105073800236560978898/reviews?hl=en-US","Review_time":"5 years ago","Review":"No bathroom? There is bathroom but closed for some reason.","Likes":"1"},{"Name":"","Category":"","Rating":" 5 stars ","Number_of_Reviews":"","Address":"","Reviewer":"Danielle Rye (Dani)","Reviewer_page":"https://www.google.com/maps/contrib/109378261520851546996/reviews?hl=en-US","Review_time":"10 months ago","Review":"Speedy & simple service.","Likes":"1"},{"Name":"","Category":"","Rating":" 2 stars ","Number_of_Reviews":"","Address":"","Reviewer":"Maayan Albalach","Reviewer_page":"https://www.google.com/maps/contrib/102030219773006208062/reviews?hl=en-US","Review_time":"4 years ago","Review":"Bad service. Good coffee","Likes":""},{"Name":"","Category":"","Rating":" 5 stars ","Number_of_Reviews":"","Address":"","Reviewer":"Lyft Driver life","Reviewer_page":"https://www.google.com/maps/contrib/104285635870542196972/reviews?hl=en-US","Review_time":"6 years ago","Review":"Friendly  staff , so clean   place","Likes":""},{"Name":"","Category":"","Rating":" 5 stars ","Number_of_Reviews":"","Address":"","Reviewer":"Rico Suave","Reviewer_page":"https://www.google.com/maps/contrib/104062794948319020086/reviews?hl=en-US","Review_time":"2 years ago","Review":"Thanks for letting the king of new York big chill","Likes":""},{"Name":"","Category":"","Rating":" 5 stars ","Number_of_Reviews":"","Address":"","Reviewer":"Merve Ozak","Reviewer_page":"https://www.google.com/maps/contrib/117026918150239517357/reviews?hl=en-US","Review_time":"3 years ago","Review":"A small but clean branch, with friendly employees.","Likes":""},{"Name":"","Category":"","Rating":" 4 stars ","Number_of_Reviews":"","Address":"","Reviewer":"Z RT (Truespice)","Reviewer_page":"https://www.google.com/maps/contrib/108002392696411835610/reviews?hl=en-US","Review_time":"5 years ago","Review":"Great place for a quick coffee","Likes":""},{"Name":"","Category":"","Rating":" 4 stars ","Number_of_Reviews":"","Address":"","Reviewer":"梅原純哉","Reviewer_page":"https://www.google.com/maps/contrib/106037442672918345779/reviews?hl=en-US","Review_time":"4 years ago","Review":"There was only one staff although it was Saturday","Likes":""},{"Name":"","Category":"","Rating":" 5 stars ","Number_of_Reviews":"","Address":"","Reviewer":"Asad Janjua","Reviewer_page":"https://www.google.com/maps/contrib/100840040954278568652/reviews?hl=en-US","Review_time":"6 years ago","Review":"Small outlet but excellent staff","Likes":""},{"Name":"","Category":"","Rating":" 5 stars ","Number_of_Reviews":"","Address":"","Reviewer":"Michael Yusim","Reviewer_page":"https://www.google.com/maps/contrib/105972956010491794471/reviews?hl=en-US","Review_time":"3 years ago","Review":"Good location quick service","Likes":""},{"Name":"","Category":"","Rating":" 5 stars ","Number_of_Reviews":"","Address":"","Reviewer":"Natalie Brown","Reviewer_page":"https://www.google.com/maps/contrib/107875088511649201459/reviews?hl=en-US","Review_time":"2 years ago","Review":"Great Iced green tea!","Likes":""},{"Name":"","Category":"","Rating":" 3 stars ","Number_of_Reviews":"","Address":"","Reviewer":"SÉRGIO PARREIRA","Reviewer_page":"https://www.google.com/maps/contrib/117609214778076145336/reviews?hl=en-US","Review_time":"2 years ago","Review":"Starbucks! Whatever...nothing really to rate about it!","Likes":""},{"Name":"","Category":"","Rating":" 1 star ","Number_of_Reviews":"","Address":"","Reviewer":"Suman Shrestha","Reviewer_page":"https://www.google.com/maps/contrib/107628902694095038417/reviews?hl=en-US","Review_time":"4 years ago","Review":"The worst Starbucks ever...","Likes":"1"},{"Name":"","Category":"","Rating":" 5 stars ","Number_of_Reviews":"","Address":"","Reviewer":"Marangelly Gonzalez","Reviewer_page":"https://www.google.com/maps/contrib/102444390804858396204/reviews?hl=en-US","Review_time":"a year ago","Review":"Always awesome","Likes":""},{"Name":"","Category":"","Rating":" 5 stars ","Number_of_Reviews":"","Address":"","Reviewer":"David Tuah","Reviewer_page":"https://www.google.com/maps/contrib/115857212740661089929/reviews?hl=en-US","Review_time":"4 years ago","Review":"Delicious coffee and donut","Likes":""},{"Name":"","Category":"","Rating":" 5 stars ","Number_of_Reviews":"","Address":"","Reviewer":"Ivelisse Villanueva","Reviewer_page":"https://www.google.com/maps/contrib/115636247312232963419/reviews?hl=en-US","Review_time":"a year ago","Review":"Ok","Likes":""},{"Name":"","Category":"","Rating":" 5 stars ","Number_of_Reviews":"","Address":"","Reviewer":"Julio Lugo","Reviewer_page":"https://www.google.com/maps/contrib/110790946133458921530/reviews?hl=en-US","Review_time":"3 years ago","Review":"Always great service","Likes":""},{"Name":"","Category":"","Rating":" 3 stars ","Number_of_Reviews":"","Address":"","Reviewer":"Dave Ray","Reviewer_page":"https://www.google.com/maps/contrib/111810144164831420724/reviews?hl=en-US","Review_time":"2 years ago","Review":"Can do without it.","Likes":""},{"Name":"","Category":"","Rating":" 5 stars ","Number_of_Reviews":"","Address":"","Reviewer":"David Sanders","Reviewer_page":"https://www.google.com/maps/contrib/105013603240342486493/reviews?hl=en-US","Review_time":"4 years ago","Review":"Love it.","Likes":""},{"Name":"","Category":"","Rating":" 4 stars ","Number_of_Reviews":"","Address":"","Reviewer":"Robert Gonzalez","Reviewer_page":"https://www.google.com/maps/contrib/104212620077554448293/reviews?hl=en-US","Review_time":"3 years ago","Review":"Same old place","Likes":""},{"Name":"","Category":"","Rating":" 5 stars ","Number_of_Reviews":"","Address":"","Reviewer":"Claudio Silva","Reviewer_page":"https://www.google.com/maps/contrib/103132148720726210421/reviews?hl=en-US","Review_time":"3 years ago","Review":"Always ready","Likes":""},{"Name":"","Category":"","Rating":" 4 stars ","Number_of_Reviews":"","Address":"","Reviewer":"Mae Cafarella","Reviewer_page":"https://www.google.com/maps/contrib/105836518505516171366/reviews?hl=en-US","Review_time":"a year ago","Review":"Friendly staff","Likes":""},{"Name":"","Category":"","Rating":" 5 stars ","Number_of_Reviews":"","Address":"","Reviewer":"Francisco Garcia","Reviewer_page":"https://www.google.com/maps/contrib/117916286802508455074/reviews?hl=en-US","Review_time":"2 years ago","Review":"Rico..","Likes":""},{"Name":"","Category":"","Rating":" 1 star ","Number_of_Reviews":"","Address":"","Reviewer":"O M","Reviewer_page":"https://www.google.com/maps/contrib/107035562711540702388/reviews?hl=en-US","Review_time":"3 years ago","Review":"No restroom","Likes":""},{"Name":"","Category":"","Rating":" 1 star ","Number_of_Reviews":"","Address":"","Reviewer":"Alexander Richter","Reviewer_page":"https://www.google.com/maps/contrib/113322971063459490744/reviews?hl=en-US","Review_time":"3 years ago","Review":"No restroom","Likes":""},{"Name":"","Category":"","Rating":" 5 stars ","Number_of_Reviews":"","Address":"","Reviewer":"Jamien Ayala","Reviewer_page":"https://www.google.com/maps/contrib/105712654887334400840/reviews?hl=en-US","Review_time":"3 years ago","Review":"Great","Likes":""},{"Name":"","Category":"","Rating":" 5 stars ","Number_of_Reviews":"","Address":"","Reviewer":"Princess Marianda","Reviewer_page":"https://www.google.com/maps/contrib/110813026755333324600/reviews?hl=en-US","Review_time":"4 years ago","Review":"Warm","Likes":""},{"Name":"","Category":"","Rating":" 4 stars ","Number_of_Reviews":"","Address":"","Reviewer":"christopher pierce","Reviewer_page":"https://www.google.com/maps/contrib/109053625209437467888/reviews?hl=en-US","Review_time":"3 years ago","Review":"Fast service","Likes":""},{"Name":"","Category":"","Rating":" 2 stars ","Number_of_Reviews":"","Address":"","Reviewer":"Henry Mastrech","Reviewer_page":"https://www.google.com/maps/contrib/105772765836350323962/reviews?hl=en-US","Review_time":"3 years ago","Review":"terrible","Likes":""},{"Name":"","Category":"","Rating":" 3 stars ","Number_of_Reviews":"","Address":"","Reviewer":"Michael Mendoza","Reviewer_page":"https://www.google.com/maps/contrib/109637648159333263645/reviews?hl=en-US","Review_time":"4 years ago","Review":"Generic","Likes":""},{"Name":"","Category":"","Rating":" 5 stars ","Number_of_Reviews":"","Address":"","Reviewer":"Elvin B","Reviewer_page":"https://www.google.com/maps/contrib/108469390956835516980/reviews?hl=en-US","Review_time":"5 years ago","Review":"Good service","Likes":""},{"Name":"","Category":"","Rating":" 5 stars ","Number_of_Reviews":"","Address":"","Reviewer":"Koree Anderson","Reviewer_page":"https://www.google.com/maps/contrib/111846901774920288036/reviews?hl=en-US","Review_time":"5 years ago","Review":"Great Store","Likes":""},{"Name":"","Category":"","Rating":" 4 stars ","Number_of_Reviews":"","Address":"","Reviewer":"Carina Pimentel","Reviewer_page":"https://www.google.com/maps/contrib/103914775791258065312/reviews?hl=en-US","Review_time":"5 years ago","Review":"(Translated by Google) It is always a great option to have a hot chocolate and eat something to cover the stomach ... However their chocolate has more milk than chocolate, the taste is very weak.\n\n(Original)\nÉ sempre uma ótima opção pra tomar um chocolate quente e comer algo pra forrar o estômago...Contudo o chocolate deles tem mais leite do que chocolate, é bem fraco o gosto.","Likes":""},{"Name":"","Category":"","Rating":" 2 stars ","Number_of_Reviews":"","Address":"","Reviewer":"veronica “Very”","Reviewer_page":"https://www.google.com/maps/contrib/103821522757701394388/reviews?hl=en-US","Review_time":"5 years ago","Review":"(Translated by Google) Absolutely rude compared to the others in the chain. There is no bathroom.\n\n(Original)\nAssolutamente sgarbati rispetto agli altri della catena. Non c'è il bagno .","Likes":""},{"Name":"","Category":"","Rating":" 5 stars ","Number_of_Reviews":"","Address":"","Reviewer":"Brenda Nortan","Reviewer_page":"https://www.google.com/maps/contrib/116691080485354765985/reviews?hl=en-US","Review_time":"3 weeks ago","Review":"","Likes":""},{"Name":"","Category":"","Rating":" 5 stars ","Number_of_Reviews":"","Address":"","Reviewer":"carlos agosto","Reviewer_page":"https://www.google.com/maps/contrib/113077305409916565143/reviews?hl=en-US","Review_time":"5 years ago","Review":"(Translated by Google) Good service\n\n(Original)\nBuen servicio","Likes":""},{"Name":"","Category":"","Rating":" 5 stars ","Number_of_Reviews":"","Address":"","Reviewer":"Joy Chen","Reviewer_page":"https://www.google.com/maps/contrib/106595688976891641504/reviews?hl=en-US","Review_time":"a month ago","Review":"","Likes":""},{"Name":"","Category":"","Rating":" 5 stars ","Number_of_Reviews":"","Address":"","Reviewer":"irakli grdzelidze","Reviewer_page":"https://www.google.com/maps/contrib/112267456069136725028/reviews?hl=en-US","Review_time":"5 months ago","Review":"","Likes":""},{"Name":"","Category":"","Rating":" 3 stars ","Number_of_Reviews":"","Address":"","Reviewer":"Oscar Escoto","Reviewer_page":"https://www.google.com/maps/contrib/112662743154574033016/reviews?hl=en-US","Review_time":"3 years ago","Review":"Regular","Likes":""},{"Name":"","Category":"","Rating":" 5 stars ","Number_of_Reviews":"","Address":"","Reviewer":"Armoy","Reviewer_page":"https://www.google.com/maps/contrib/115703902639798474501/reviews?hl=en-US","Review_time":"a year ago","Review":"","Likes":""},{"Name":"","Category":"","Rating":" 5 stars ","Number_of_Reviews":"","Address":"","Reviewer":"PAULINA SANTOS","Reviewer_page":"https://www.google.com/maps/contrib/116051539465211014311/reviews?hl=en-US","Review_time":"a year ago","Review":"","Likes":""},{"Name":"","Category":"","Rating":" 5 stars ","Number_of_Reviews":"","Address":"","Reviewer":"Jason Mussman","Reviewer_page":"https://www.google.com/maps/contrib/115994141270652932443/reviews?hl=en-US","Review_time":"a year ago","Review":"","Likes":""},{"Name":"","Category":"","Rating":" 5 stars ","Number_of_Reviews":"","Address":"","Reviewer":"Hannah Cope","Reviewer_page":"https://www.google.com/maps/contrib/112154470610172261445/reviews?hl=en-US","Review_time":"a year ago","Review":"","Likes":""},{"Name":"","Category":"","Rating":" 5 stars ","Number_of_Reviews":"","Address":"","Reviewer":"Kim Yancey","Reviewer_page":"https://www.google.com/maps/contrib/111561916667928552563/reviews?hl=en-US","Review_time":"a year ago","Review":"","Likes":""},{"Name":"","Category":"","Rating":" 5 stars ","Number_of_Reviews":"","Address":"","Reviewer":"LeAnn Forde","Reviewer_page":"https://www.google.com/maps/contrib/105533651088665456521/reviews?hl=en-US","Review_time":"a year ago","Review":"","Likes":""},{"Name":"","Category":"","Rating":" 1 star ","Number_of_Reviews":"","Address":"","Reviewer":"Crab Nebula","Reviewer_page":"https://www.google.com/maps/contrib/104954921843393402277/reviews?hl=en-US","Review_time":"3 years ago","Review":"","Likes":""},{"Name":"","Category":"","Rating":" 4 stars ","Number_of_Reviews":"","Address":"","Reviewer":"Lillian Ji","Reviewer_page":"https://www.google.com/maps/contrib/118270721122190709456/reviews?hl=en-US","Review_time":"2 months ago","Review":"","Likes":""},{"Name":"","Category":"","Rating":" 3 stars ","Number_of_Reviews":"","Address":"","Reviewer":"Usha Bhat","Reviewer_page":"https://www.google.com/maps/contrib/112031304877908718181/reviews?hl=en-US","Review_time":"2 years ago","Review":"","Likes":""},{"Name":"","Category":"","Rating":" 1 star ","Number_of_Reviews":"","Address":"","Reviewer":"Goldie Robins","Reviewer_page":"https://www.google.com/maps/contrib/114805355021478315372/reviews?hl=en-US","Review_time":"4 years ago","Review":"","Likes":""},{"Name":"","Category":"","Rating":" 4 stars ","Number_of_Reviews":"","Address":"","Reviewer":"Margarito Gomez","Reviewer_page":"https://www.google.com/maps/contrib/111723972602163527945/reviews?hl=en-US","Review_time":"a year ago","Review":"","Likes":""},{"Name":"","Category":"","Rating":" 2 stars ","Number_of_Reviews":"","Address":"","Reviewer":"Eugene Clemons","Reviewer_page":"https://www.google.com/maps/contrib/100947208942538117688/reviews?hl=en-US","Review_time":"2 years ago","Review":"","Likes":""},{"Name":"","Category":"","Rating":" 5 stars ","Number_of_Reviews":"","Address":"","Reviewer":"Daryl Vincent","Reviewer_page":"https://www.google.com/maps/contrib/107750071994583577174/reviews?hl=en-US","Review_time":"a year ago","Review":"","Likes":""},{"Name":"","Category":"","Rating":" 4 stars ","Number_of_Reviews":"","Address":"","Reviewer":"Melanie Montiel","Reviewer_page":"https://www.google.com/maps/contrib/113151049153133388427/reviews?hl=en-US","Review_time":"3 years ago","Review":"","Likes":""},{"Name":"","Category":"","Rating":" 2 stars ","Number_of_Reviews":"","Address":"","Reviewer":"sammavacaist","Reviewer_page":"https://www.google.com/maps/contrib/105419219649192899175/reviews?hl=en-US","Review_time":"3 years ago","Review":"","Likes":""},{"Name":"","Category":"","Rating":" 5 stars ","Number_of_Reviews":"","Address":"","Reviewer":"Ilya Hora","Reviewer_page":"https://www.google.com/maps/contrib/108962555239826321536/reviews?hl=en-US","Review_time":"a week ago","Review":"","Likes":""},{"Name":"","Category":"","Rating":" 4 stars ","Number_of_Reviews":"","Address":"","Reviewer":"13474858291 Rivera","Reviewer_page":"https://www.google.com/maps/contrib/101391744377047152845/reviews?hl=en-US","Review_time":"3 years ago","Review":"","Likes":""},{"Name":"","Category":"","Rating":" 5 stars ","Number_of_Reviews":"","Address":"","Reviewer":"Cynthia Naranjo","Reviewer_page":"https://www.google.com/maps/contrib/106708164455237830271/reviews?hl=en-US","Review_time":"3 years ago","Review":"","Likes":""},{"Name":"","Category":"","Rating":" 5 stars ","Number_of_Reviews":"","Address":"","Reviewer":"Stephanie Beckles","Reviewer_page":"https://www.google.com/maps/contrib/107170350568803373783/reviews?hl=en-US","Review_time":"4 years ago","Review":"","Likes":""},{"Name":"","Category":"","Rating":" 5 stars ","Number_of_Reviews":"","Address":"","Reviewer":"Brian Zawisza","Reviewer_page":"https://www.google.com/maps/contrib/105704441241917599059/reviews?hl=en-US","Review_time":"5 years ago","Review":"","Likes":""},{"Name":"","Category":"","Rating":" 3 stars ","Number_of_Reviews":"","Address":"","Reviewer":"Kat Foy","Reviewer_page":"https://www.google.com/maps/contrib/100167697193173049173/reviews?hl=en-US","Review_time":"3 years ago","Review":"","Likes":""},{"Name":"","Category":"","Rating":" 1 star ","Number_of_Reviews":"","Address":"","Reviewer":"Cheryl Wright","Reviewer_page":"https://www.google.com/maps/contrib/109222539782045039328/reviews?hl=en-US","Review_time":"4 years ago","Review":"","Likes":""},{"Name":"","Category":"","Rating":" 5 stars ","Number_of_Reviews":"","Address":"","Reviewer":"David Perez","Reviewer_page":"https://www.google.com/maps/contrib/101236973410309326738/reviews?hl=en-US","Review_time":"8 months ago","Review":"","Likes":""},{"Name":"","Category":"","Rating":" 4 stars ","Number_of_Reviews":"","Address":"","Reviewer":"Amy Breton","Reviewer_page":"https://www.google.com/maps/contrib/114520375616909667085/reviews?hl=en-US","Review_time":"4 years ago","Review":"","Likes":""},{"Name":"","Category":"","Rating":" 5 stars ","Number_of_Reviews":"","Address":"","Reviewer":"B Vivero","Reviewer_page":"https://www.google.com/maps/contrib/110115724431679004309/reviews?hl=en-US","Review_time":"5 years ago","Review":"","Likes":""},{"Name":"","Category":"","Rating":" 1 star ","Number_of_Reviews":"","Address":"","Reviewer":"Paige Meade","Reviewer_page":"https://www.google.com/maps/contrib/103835972862761163037/reviews?hl=en-US","Review_time":"a week ago","Review":"","Likes":""},{"Name":"","Category":"","Rating":" 4 stars ","Number_of_Reviews":"","Address":"","Reviewer":"Theresa Gonzales","Reviewer_page":"https://www.google.com/maps/contrib/114923123636843771097/reviews?hl=en-US","Review_time":"4 years ago","Review":"","Likes":""},{"Name":"","Category":"","Rating":" 3 stars ","Number_of_Reviews":"","Address":"","Reviewer":"Jonathan Mégevand","Reviewer_page":"https://www.google.com/maps/contrib/102825300308052738372/reviews?hl=en-US","Review_time":"3 years ago","Review":"","Likes":""},{"Name":"","Category":"","Rating":" 3 stars ","Number_of_Reviews":"","Address":"","Reviewer":"Rose Rod","Reviewer_page":"https://www.google.com/maps/contrib/114984362934647504718/reviews?hl=en-US","Review_time":"a year ago","Review":"","Likes":""},{"Name":"","Category":"","Rating":" 4 stars ","Number_of_Reviews":"","Address":"","Reviewer":"Shadi Jafari","Reviewer_page":"https://www.google.com/maps/contrib/107312926181057012118/reviews?hl=en-US","Review_time":"4 years ago","Review":"","Likes":""},{"Name":"","Category":"","Rating":" 5 stars ","Number_of_Reviews":"","Address":"","Reviewer":"Reuben Paul","Reviewer_page":"https://www.google.com/maps/contrib/106001038655212481120/reviews?hl=en-US","Review_time":"a month ago","Review":"","Likes":""},{"Name":"","Category":"","Rating":" 2 stars ","Number_of_Reviews":"","Address":"","Reviewer":"Kyle Gorjanc","Reviewer_page":"https://www.google.com/maps/contrib/104706971321408160715/reviews?hl=en-US","Review_time":"3 years ago","Review":"","Likes":""},{"Name":"","Category":"","Rating":" 5 stars ","Number_of_Reviews":"","Address":"","Reviewer":"Mona Misra","Reviewer_page":"https://www.google.com/maps/contrib/100379246745525500837/reviews?hl=en-US","Review_time":"4 years ago","Review":"","Likes":""},{"Name":"","Category":"","Rating":" 5 stars ","Number_of_Reviews":"","Address":"","Reviewer":"Brian Sta","Reviewer_page":"https://www.google.com/maps/contrib/107196450611176272125/reviews?hl=en-US","Review_time":"5 years ago","Review":"","Likes":""},{"Name":"","Category":"","Rating":" 4 stars ","Number_of_Reviews":"","Address":"","Reviewer":"emre kocak","Reviewer_page":"https://www.google.com/maps/contrib/102969808303688110132/reviews?hl=en-US","Review_time":"5 years ago","Review":"","Likes":""},{"Name":"","Category":"","Rating":" 5 stars ","Number_of_Reviews":"","Address":"","Reviewer":"Franmi Rosario","Reviewer_page":"https://www.google.com/maps/contrib/111200287482396713703/reviews?hl=en-US","Review_time":"5 years ago","Review":"","Likes":""},{"Name":"","Category":"","Rating":" 5 stars ","Number_of_Reviews":"","Address":"","Reviewer":"Vishnu Chattergoon","Reviewer_page":"https://www.google.com/maps/contrib/104412363921633934731/reviews?hl=en-US","Review_time":"3 years ago","Review":"","Likes":""},{"Name":"","Category":"","Rating":" 5 stars ","Number_of_Reviews":"","Address":"","Reviewer":"Kevin","Reviewer_page":"https://www.google.com/maps/contrib/110551554393914026471/reviews?hl=en-US","Review_time":"2 years ago","Review":"","Likes":""},{"Name":"","Category":"","Rating":" 5 stars ","Number_of_Reviews":"","Address":"","Reviewer":"Aazim Stepney","Reviewer_page":"https://www.google.com/maps/contrib/112777276593424852637/reviews?hl=en-US","Review_time":"2 years ago","Review":"","Likes":""},{"Name":"","Category":"","Rating":" 4 stars ","Number_of_Reviews":"","Address":"","Reviewer":"Xiangming Lin","Reviewer_page":"https://www.google.com/maps/contrib/112183577716185748825/reviews?hl=en-US","Review_time":"4 years ago","Review":"","Likes":""},{"Name":"","Category":"","Rating":" 5 stars ","Number_of_Reviews":"","Address":"","Reviewer":"Ali Kazmi","Reviewer_page":"https://www.google.com/maps/contrib/110239377055387196821/reviews?hl=en-US","Review_time":"3 years ago","Review":"","Likes":""},{"Name":"","Category":"","Rating":" 5 stars ","Number_of_Reviews":"","Address":"","Reviewer":"Andrii Bondar","Reviewer_page":"https://www.google.com/maps/contrib/109790687351803535910/reviews?hl=en-US","Review_time":"3 years ago","Review":"","Likes":""},{"Name":"","Category":"","Rating":" 1 star ","Number_of_Reviews":"","Address":"","Reviewer":"Hank Quinones","Reviewer_page":"https://www.google.com/maps/contrib/101118248553778873099/reviews?hl=en-US","Review_time":"4 years ago","Review":"","Likes":""},{"Name":"","Category":"","Rating":" 5 stars ","Number_of_Reviews":"","Address":"","Reviewer":"Ann Marie","Reviewer_page":"https://www.google.com/maps/contrib/117157481962426509538/reviews?hl=en-US","Review_time":"a year ago","Review":"","Likes":""},{"Name":"","Category":"","Rating":" 4 stars ","Number_of_Reviews":"","Address":"","Reviewer":"Hasan Bilal","Reviewer_page":"https://www.google.com/maps/contrib/112158991836704163573/reviews?hl=en-US","Review_time":"5 years ago","Review":"","Likes":""},{"Name":"","Category":"","Rating":" 1 star ","Number_of_Reviews":"","Address":"","Reviewer":"Sam Hoffman","Reviewer_page":"https://www.google.com/maps/contrib/100772675613658228787/reviews?hl=en-US","Review_time":"3 years ago","Review":"","Likes":""},{"Name":"","Category":"","Rating":" 4 stars ","Number_of_Reviews":"","Address":"","Reviewer":"Jay Ocasio","Reviewer_page":"https://www.google.com/maps/contrib/102738505243384611603/reviews?hl=en-US","Review_time":"2 years ago","Review":"","Likes":""},{"Name":"","Category":"","Rating":" 4 stars ","Number_of_Reviews":"","Address":"","Reviewer":"강수연","Reviewer_page":"https://www.google.com/maps/contrib/106959474720688624436/reviews?hl=en-US","Review_time":"4 years ago","Review":"","Likes":""},{"Name":"","Category":"","Rating":" 1 star ","Number_of_Reviews":"","Address":"","Reviewer":"ceion lewis","Reviewer_page":"https://www.google.com/maps/contrib/117471496496640339384/reviews?hl=en-US","Review_time":"3 years ago","Review":"","Likes":""},{"Name":"","Category":"","Rating":" 4 stars ","Number_of_Reviews":"","Address":"","Reviewer":"joseph gaines","Reviewer_page":"https://www.google.com/maps/contrib/108281803629826776340/reviews?hl=en-US","Review_time":"5 years ago","Review":"","Likes":""},{"Name":"","Category":"","Rating":" 5 stars ","Number_of_Reviews":"","Address":"","Reviewer":"Osil Saloj","Reviewer_page":"https://www.google.com/maps/contrib/108292036554807009677/reviews?hl=en-US","Review_time":"5 years ago","Review":"","Likes":""},{"Name":"","Category":"","Rating":" 4 stars ","Number_of_Reviews":"","Address":"","Reviewer":"Erik Cohen","Reviewer_page":"https://www.google.com/maps/contrib/118428020186570705469/reviews?hl=en-US","Review_time":"5 years ago","Review":"","Likes":""},{"Name":"","Category":"","Rating":" 5 stars ","Number_of_Reviews":"","Address":"","Reviewer":"joan djoennaery","Reviewer_page":"https://www.google.com/maps/contrib/105172928873583749739/reviews?hl=en-US","Review_time":"5 years ago","Review":"","Likes":""},{"Name":"","Category":"","Rating":" 5 stars ","Number_of_Reviews":"","Address":"","Reviewer":"Kenneth Kiesnoski","Reviewer_page":"https://www.google.com/maps/contrib/110396210027471115064/reviews?hl=en-US","Review_time":"2 years ago","Review":"","Likes":""},{"Name":"","Category":"","Rating":" 2 stars ","Number_of_Reviews":"","Address":"","Reviewer":"marjorie cooke","Reviewer_page":"https://www.google.com/maps/contrib/113553685183638328024/reviews?hl=en-US","Review_time":"a year ago","Review":"","Likes":""},{"Name":"","Category":"","Rating":" 4 stars ","Number_of_Reviews":"","Address":"","Reviewer":"Sammy Hamdan","Reviewer_page":"https://www.google.com/maps/contrib/101988949028232739348/reviews?hl=en-US","Review_time":"2 years ago","Review":"","Likes":""},{"Name":"","Category":"","Rating":" 1 star ","Number_of_Reviews":"","Address":"","Reviewer":"Jannatun Naim","Reviewer_page":"https://www.google.com/maps/contrib/111816572918746805013/reviews?hl=en-US","Review_time":"9 months ago","Review":"","Likes":""},{"Name":"","Category":"","Rating":" 5 stars ","Number_of_Reviews":"","Address":"","Reviewer":"Zev","Reviewer_page":"https://www.google.com/maps/contrib/106646398581275851677/reviews?hl=en-US","Review_time":"a year ago","Review":"","Likes":""},{"Name":"","Category":"","Rating":" 2 stars ","Number_of_Reviews":"","Address":"","Reviewer":"Olena Garasymiv","Reviewer_page":"https://www.google.com/maps/contrib/104109385673137861663/reviews?hl=en-US","Review_time":"3 years ago","Review":"","Likes":""},{"Name":"","Category":"","Rating":" 5 stars ","Number_of_Reviews":"","Address":"","Reviewer":"Ryan McBride","Reviewer_page":"https://www.google.com/maps/contrib/109303119506463242528/reviews?hl=en-US","Review_time":"5 years ago","Review":"","Likes":""},{"Name":"","Category":"","Rating":" 1 star ","Number_of_Reviews":"","Address":"","Reviewer":"Ray Liu","Reviewer_page":"https://www.google.com/maps/contrib/115625216884452487245/reviews?hl=en-US","Review_time":"a year ago","Review":"","Likes":""},{"Name":"","Category":"","Rating":" 3 stars ","Number_of_Reviews":"","Address":"","Reviewer":"Abby Rivera Independent AVON Sales Rep","Reviewer_page":"https://www.google.com/maps/contrib/104888545669427873324/reviews?hl=en-US","Review_time":"4 years ago","Review":"","Likes":""},{"Name":"","Category":"","Rating":" 3 stars ","Number_of_Reviews":"","Address":"","Reviewer":"Roque McFly","Reviewer_page":"https://www.google.com/maps/contrib/101658403021794501470/reviews?hl=en-US","Review_time":"a year ago","Review":"","Likes":""},{"Name":"","Category":"","Rating":" 5 stars ","Number_of_Reviews":"","Address":"","Reviewer":"vincent nunez","Reviewer_page":"https://www.google.com/maps/contrib/110890795738631807593/reviews?hl=en-US","Review_time":"9 months ago","Review":"","Likes":""},{"Name":"","Category":"","Rating":" 3 stars ","Number_of_Reviews":"","Address":"","Reviewer":"Will Lugo","Reviewer_page":"https://www.google.com/maps/contrib/115526844127236789764/reviews?hl=en-US","Review_time":"5 years ago","Review":"","Likes":""},{"Name":"","Category":"","Rating":" 5 stars ","Number_of_Reviews":"","Address":"","Reviewer":"Nick Sparakis","Reviewer_page":"https://www.google.com/maps/contrib/113428791495273708655/reviews?hl=en-US","Review_time":"4 years ago","Review":"","Likes":""},{"Name":"","Category":"","Rating":" 5 stars ","Number_of_Reviews":"","Address":"","Reviewer":"Domnul Boom (TheMRblue12)","Reviewer_page":"https://www.google.com/maps/contrib/118150477333387914256/reviews?hl=en-US","Review_time":"2 years ago","Review":"","Likes":""},{"Name":"","Category":"","Rating":" 3 stars ","Number_of_Reviews":"","Address":"","Reviewer":"Stephen Clevett","Reviewer_page":"https://www.google.com/maps/contrib/108802839303697614908/reviews?hl=en-US","Review_time":"3 years ago","Review":"","Likes":""},{"Name":"","Category":"","Rating":" 4 stars ","Number_of_Reviews":"","Address":"","Reviewer":"Jagatbir Saund","Reviewer_page":"https://www.google.com/maps/contrib/104772285026967766338/reviews?hl=en-US","Review_time":"5 years ago","Review":"","Likes":""},{"Name":"","Category":"","Rating":" 4 stars ","Number_of_Reviews":"","Address":"","Reviewer":"Juju Bee","Reviewer_page":"https://www.google.com/maps/contrib/109063964285594840599/reviews?hl=en-US","Review_time":"a year ago","Review":"","Likes":""},{"Name":"","Category":"","Rating":" 5 stars ","Number_of_Reviews":"","Address":"","Reviewer":"Kenneth Mcdevitt","Reviewer_page":"https://www.google.com/maps/contrib/110709882749872768637/reviews?hl=en-US","Review_time":"6 months ago","Review":"","Likes":""},{"Name":"","Category":"","Rating":" 1 star ","Number_of_Reviews":"","Address":"","Reviewer":"Kacey Stamats","Reviewer_page":"https://www.google.com/maps/contrib/111586450939710792953/reviews?hl=en-US","Review_time":"a year ago","Review":"","Likes":""},{"Name":"","Category":"","Rating":" 4 stars ","Number_of_Reviews":"","Address":"","Reviewer":"ms","Reviewer_page":"https://www.google.com/maps/contrib/109228074390591298466/reviews?hl=en-US","Review_time":"11 months ago","Review":"","Likes":""},{"Name":"","Category":"","Rating":" 5 stars ","Number_of_Reviews":"","Address":"","Reviewer":"Calvin CHEN","Reviewer_page":"https://www.google.com/maps/contrib/112179620263468271491/reviews?hl=en-US","Review_time":"3 years ago","Review":"","Likes":""},{"Name":"","Category":"","Rating":" 5 stars ","Number_of_Reviews":"","Address":"","Reviewer":"Quasha Edwards","Reviewer_page":"https://www.google.com/maps/contrib/108629352383974851657/reviews?hl=en-US","Review_time":"3 years ago","Review":"","Likes":""},{"Name":"","Category":"","Rating":" 5 stars ","Number_of_Reviews":"","Address":"","Reviewer":"Katie Weitze","Reviewer_page":"https://www.google.com/maps/contrib/111747819528606324982/reviews?hl=en-US","Review_time":"3 years ago","Review":"","Likes":""},{"Name":"","Category":"","Rating":" 5 stars ","Number_of_Reviews":"","Address":"","Reviewer":"Omar Evans","Reviewer_page":"https://www.google.com/maps/contrib/114591691410561818976/reviews?hl=en-US","Review_time":"2 years ago","Review":"","Likes":""},{"Name":"","Category":"","Rating":" 5 stars ","Number_of_Reviews":"","Address":"","Reviewer":"Ken Singh","Reviewer_page":"https://www.google.com/maps/contrib/106844350994573326698/reviews?hl=en-US","Review_time":"3 years ago","Review":"","Likes":""},{"Name":"","Category":"","Rating":" 5 stars ","Number_of_Reviews":"","Address":"","Reviewer":"Werner Hampel","Reviewer_page":"https://www.google.com/maps/contrib/100374060751326212791/reviews?hl=en-US","Review_time":"3 years ago","Review":"","Likes":""},{"Name":"","Category":"","Rating":" 4 stars ","Number_of_Reviews":"","Address":"","Reviewer":"Sean Davis","Reviewer_page":"https://www.google.com/maps/contrib/115382847519797562473/reviews?hl=en-US","Review_time":"3 years ago","Review":"","Likes":""},{"Name":"","Category":"","Rating":" 4 stars ","Number_of_Reviews":"","Address":"","Reviewer":"Travis Morrisey","Reviewer_page":"https://www.google.com/maps/contrib/111196562204658036473/reviews?hl=en-US","Review_time":"4 years ago","Review":"","Likes":""},{"Name":"","Category":"","Rating":" 5 stars ","Number_of_Reviews":"","Address":"","Reviewer":"Eto Chkhaidze","Reviewer_page":"https://www.google.com/maps/contrib/111013373332781587495/reviews?hl=en-US","Review_time":"a year ago","Review":"","Likes":""},{"Name":"","Category":"","Rating":" 5 stars ","Number_of_Reviews":"","Address":"","Reviewer":"Abraham Serouya","Reviewer_page":"https://www.google.com/maps/contrib/109773300444800440982/reviews?hl=en-US","Review_time":"3 years ago","Review":"","Likes":""},{"Name":"","Category":"","Rating":" 5 stars ","Number_of_Reviews":"","Address":"","Reviewer":"Ruli","Reviewer_page":"https://www.google.com/maps/contrib/104707557006453234421/reviews?hl=en-US","Review_time":"2 years ago","Review":"","Likes":""},{"Name":"","Category":"","Rating":" 5 stars ","Number_of_Reviews":"","Address":"","Reviewer":"Eric Merrell","Reviewer_page":"https://www.google.com/maps/contrib/113690230404765164872/reviews?hl=en-US","Review_time":"2 years ago","Review":"","Likes":""},{"Name":"","Category":"","Rating":" 5 stars ","Number_of_Reviews":"","Address":"","Reviewer":"Dana Marie Eidem","Reviewer_page":"https://www.google.com/maps/contrib/103123554509101763449/reviews?hl=en-US","Review_time":"11 months ago","Review":"","Likes":""},{"Name":"","Category":"","Rating":" 5 stars ","Number_of_Reviews":"","Address":"","Reviewer":"Mariami Peranidze","Reviewer_page":"https://www.google.com/maps/contrib/104694753629684429669/reviews?hl=en-US","Review_time":"4 years ago","Review":"","Likes":""},{"Name":"","Category":"","Rating":" 5 stars ","Number_of_Reviews":"","Address":"","Reviewer":"Bryan DiBlasi","Reviewer_page":"https://www.google.com/maps/contrib/101217652527146641082/reviews?hl=en-US","Review_time":"3 years ago","Review":"","Likes":""},{"Name":"","Category":"","Rating":" 5 stars ","Number_of_Reviews":"","Address":"","Reviewer":"Josie Sandoval","Reviewer_page":"https://www.google.com/maps/contrib/113358213309639821030/reviews?hl=en-US","Review_time":"3 years ago","Review":"","Likes":""},{"Name":"","Category":"","Rating":" 5 stars ","Number_of_Reviews":"","Address":"","Reviewer":"Alessandro Sardone","Reviewer_page":"https://www.google.com/maps/contrib/103534408944675218471/reviews?hl=en-US","Review_time":"3 years ago","Review":"","Likes":""},{"Name":"","Category":"","Rating":" 5 stars ","Number_of_Reviews":"","Address":"","Reviewer":"Lisette Rottenberg","Reviewer_page":"https://www.google.com/maps/contrib/112363299053010442603/reviews?hl=en-US","Review_time":"4 years ago","Review":"","Likes":""},{"Name":"","Category":"","Rating":" 1 star ","Number_of_Reviews":"","Address":"","Reviewer":"Ja Lo","Reviewer_page":"https://www.google.com/maps/contrib/104990482539775145140/reviews?hl=en-US","Review_time":"a year ago","Review":"","Likes":""},{"Name":"","Category":"","Rating":" 2 stars ","Number_of_Reviews":"","Address":"","Reviewer":"Federica Vanessa Cereda","Reviewer_page":"https://www.google.com/maps/contrib/100094004697960539718/reviews?hl=en-US","Review_time":"5 years ago","Review":"","Likes":""},{"Name":"","Category":"","Rating":" 5 stars ","Number_of_Reviews":"","Address":"","Reviewer":"Y Rosado","Reviewer_page":"https://www.google.com/maps/contrib/111047573132038857308/reviews?hl=en-US","Review_time":"7 months ago","Review":"","Likes":""},{"Name":"","Category":"","Rating":" 5 stars ","Number_of_Reviews":"","Address":"","Reviewer":"madison kate","Reviewer_page":"https://www.google.com/maps/contrib/103671452369686897239/reviews?hl=en-US","Review_time":"2 years ago","Review":"","Likes":""},{"Name":"","Category":"","Rating":" 5 stars ","Number_of_Reviews":"","Address":"","Reviewer":"Norma Andrade","Reviewer_page":"https://www.google.com/maps/contrib/110166170309148122105/reviews?hl=en-US","Review_time":"5 years ago","Review":"","Likes":""},{"Name":"","Category":"","Rating":" 5 stars ","Number_of_Reviews":"","Address":"","Reviewer":"Drea","Reviewer_page":"https://www.google.com/maps/contrib/113684228480298142174/reviews?hl=en-US","Review_time":"2 years ago","Review":"","Likes":""},{"Name":"","Category":"","Rating":" 5 stars ","Number_of_Reviews":"","Address":"","Reviewer":"Dominique B","Reviewer_page":"https://www.google.com/maps/contrib/104803023270079323102/reviews?hl=en-US","Review_time":"2 years ago","Review":"","Likes":""},{"Name":"","Category":"","Rating":" 5 stars ","Number_of_Reviews":"","Address":"","Reviewer":"Luis Rosa","Reviewer_page":"https://www.google.com/maps/contrib/116540246068683613724/reviews?hl=en-US","Review_time":"2 years ago","Review":"","Likes":""},{"Name":"","Category":"","Rating":" 4 stars ","Number_of_Reviews":"","Address":"","Reviewer":"ayana deurieux","Reviewer_page":"https://www.google.com/maps/contrib/113459000879080131930/reviews?hl=en-US","Review_time":"5 years ago","Review":"","Likes":""},{"Name":"","Category":"","Rating":" 2 stars ","Number_of_Reviews":"","Address":"","Reviewer":"Ryan Pratta","Reviewer_page":"https://www.google.com/maps/contrib/115315452058832575039/reviews?hl=en-US","Review_time":"3 years ago","Review":"","Likes":""},{"Name":"","Category":"","Rating":" 3 stars ","Number_of_Reviews":"","Address":"","Reviewer":"Shawn Reimerdes","Reviewer_page":"https://www.google.com/maps/contrib/102906874407787392846/reviews?hl=en-US","Review_time":"3 years ago","Review":"","Likes":""},{"Name":"","Category":"","Rating":" 4 stars ","Number_of_Reviews":"","Address":"","Reviewer":"A. Phillips","Reviewer_page":"https://www.google.com/maps/contrib/104671821116118695961/reviews?hl=en-US","Review_time":"3 years ago","Review":"","Likes":""},{"Name":"","Category":"","Rating":" 5 stars ","Number_of_Reviews":"","Address":"","Reviewer":"Trina Garcia","Reviewer_page":"https://www.google.com/maps/contrib/114495745931719385687/reviews?hl=en-US","Review_time":"2 years ago","Review":"","Likes":""},{"Name":"","Category":"","Rating":" 1 star ","Number_of_Reviews":"","Address":"","Reviewer":"Ranjit Singh","Reviewer_page":"https://www.google.com/maps/contrib/100922101262912723898/reviews?hl=en-US","Review_time":"5 years ago","Review":"","Likes":""},{"Name":"","Category":"","Rating":" 4 stars ","Number_of_Reviews":"","Address":"","Reviewer":"Anna Y","Reviewer_page":"https://www.google.com/maps/contrib/112488384178821429804/reviews?hl=en-US","Review_time":"3 years ago","Review":"","Likes":""},{"Name":"","Category":"","Rating":" 5 stars ","Number_of_Reviews":"","Address":"","Reviewer":"TheShiningGoat Meme","Reviewer_page":"https://www.google.com/maps/contrib/111919674189755556486/reviews?hl=en-US","Review_time":"3 years ago","Review":"","Likes":""},{"Name":"","Category":"","Rating":" 5 stars ","Number_of_Reviews":"","Address":"","Reviewer":"A-Y","Reviewer_page":"https://www.google.com/maps/contrib/103399142743907665858/reviews?hl=en-US","Review_time":"a year ago","Review":"","Likes":""},{"Name":"","Category":"","Rating":" 1 star ","Number_of_Reviews":"","Address":"","Reviewer":"md safiq","Reviewer_page":"https://www.google.com/maps/contrib/107338245848976473567/reviews?hl=en-US","Review_time":"3 years ago","Review":"","Likes":""}