[{"Name":"","Category":"","Rating":" 5 stars ","Number_of_Reviews":"","Address":"","Reviewer":"Eitan Sela","Reviewer_page":"https://www.google.com/maps/contrib/111828757286138169391/reviews?hl=en-US","Review_time":"2 months ago","Review":"Good service and they have restrooms.","Likes":""},{"Name":"","Category":"","Rating":" 1 star ","Number_of_Reviews":"","Address":"","Reviewer":"Corty GamingGirl","Reviewer_page":"https://www.google.com/maps/contrib/107219669827966135660/reviews?hl=en-US","Review_time":"2 months ago","Review":"Worst costumer service ever. Man taking the order was fed up when I asked him what kind of tea they had. Then when I didn’t understand what he was saying (I’m a French tourist) he proceeded to scream the same sentence again again, louder and louder until I got it. I’m a barista myself in Paris and I don’t understand this behavior at all, especially as I was friendly and polite and there were only 2 others clients in the store so it wasn’t a stressful situation. I do not recommend for any tourist or anyone who wants to have a calm coffee moment.","Likes":""},{"Name":"","Category":"","Rating":" 1 star ","Number_of_Reviews":"","Address":"","Reviewer":"Rebecca Serrano","Reviewer_page":"https://www.google.com/maps/contrib/115081127949519404642/reviews?hl=en-US","Review_time":"a week ago","Review":"I came back to the location to give it another shot since it is close by the train. Customer service is terrible. After taking ten minutes to even ask me about my order. As I waited patiently. An older African American women with short hair asks me about my order. I then tell her the name of my order and specifically what I ordered. I tell her “I ordered a pumpkin spice frappe” obviously the same thing as a Frappuccino. Any person with a brain would not need me to explain that. Then she Rudely Yells out “this is not McDonald’s we don’t have frappes we have Frappuccinos” As if that was even necessary. I’ve never been so embarrassed in an establishment and for absolutely NO reason. As to why an employee would think it’s ok the try to embarrass a customer is crazy to me. Also the girl at the register tried to argue about my drink INFRONT of me as if I wasn’t right there. I’ve been a manager in footlocker and forever 21 and this is by far the worst customer service I have ever gotten. If I can rate the store 0 stars I would. This store is complete mess. cheese danish had a whole bunch of nasty burnt crumbs from being heat up in the oven which obviously isn’t cleaned daily or properly 🤢","Likes":""},{"Name":"","Category":"","Rating":" 5 stars ","Number_of_Reviews":"","Address":"","Reviewer":"Vee Kot","Reviewer_page":"https://www.google.com/maps/contrib/113517437669367688773/reviews?hl=en-US","Review_time":"a year ago","Review":"I like these guys! Customer Service - top. Made me a great green tea latte but most of all the 9/29 PM Shift crew with Noel and others on the cash register... Made me laugh.","Likes":"1"},{"Name":"","Category":"","Rating":" 5 stars ","Number_of_Reviews":"","Address":"","Reviewer":"D N","Reviewer_page":"https://www.google.com/maps/contrib/118296807442752839786/reviews?hl=en-US","Review_time":"a week ago","Review":"Staff is very polite and  hospitality is number one in giving customers what they ask for. They show it, every time I enter their store.","Likes":""},{"Name":"","Category":"","Rating":" 1 star ","Number_of_Reviews":"","Address":"","Reviewer":"Heera","Reviewer_page":"https://www.google.com/maps/contrib/102856192748923858448/reviews?hl=en-US","Review_time":"5 months ago","Review":"When I come in, they don’t the order and keep doing what they are doing for closing. It is 30mins a go to close the store, but they are trying to not having an order.\nThey are rude and even do not take the order correctly.  Very disappointed with star bucks workers. I feel so bad. They need to be more trained for the good service.","Likes":""},{"Name":"","Category":"","Rating":" 1 star ","Number_of_Reviews":"","Address":"","Reviewer":"Amparo CA","Reviewer_page":"https://www.google.com/maps/contrib/112004278040002903828/reviews?hl=en-US","Review_time":"a month ago","Review":"Really rude bartender, he seamed angry because i didn’t understand him at first and had to repeat my order. The restroom was not open for customers, but there was no sign at the door, just the same rude bartender screaming at you from the other side of the store.","Likes":""},{"Name":"","Category":"","Rating":" 5 stars ","Number_of_Reviews":"","Address":"","Reviewer":"M Atienzasis","Reviewer_page":"https://www.google.com/maps/contrib/111506735102595069917/reviews?hl=en-US","Review_time":"10 months ago","Review":"Right out of #6 train on 50th st.,Always tasty, Frappuccino,in plastic cup, plastic straw, madeleines in cellophane wrap, over $10, sit in or outdoors, loud latino background music rapping the business!","Likes":""},{"Name":"","Category":"","Rating":" 5 stars ","Number_of_Reviews":"","Address":"","Reviewer":"Notary Kings Inc","Reviewer_page":"https://www.google.com/maps/contrib/100085365666783841939/reviews?hl=en-US","Review_time":"a year ago","Review":"The store manager Orin is an asset to your organization. His hospitality is amazingly overwhelming. He's totally the right feeling of what Starbucks should be!!","Likes":""},{"Name":"","Category":"","Rating":" 5 stars ","Number_of_Reviews":"","Address":"","Reviewer":"Herabelle Febhe Ceniza","Reviewer_page":"https://www.google.com/maps/contrib/115947417288875391932/reviews?hl=en-US","Review_time":"7 months ago","Review":"Great customer service ⭐️⭐️⭐️⭐️⭐️ good vibes whenever you come.","Likes":"1"},{"Name":"","Category":"","Rating":" 5 stars ","Number_of_Reviews":"","Address":"","Reviewer":"Elvis Jimenez","Reviewer_page":"https://www.google.com/maps/contrib/114339123323154895565/reviews?hl=en-US","Review_time":"10 months ago","Review":"Very clean pleasent quiet store close to Waldorf Astoria hotel","Likes":""},{"Name":"","Category":"","Rating":" 5 stars ","Number_of_Reviews":"","Address":"","Reviewer":"Layne Hubble","Reviewer_page":"https://www.google.com/maps/contrib/100023157469798701537/reviews?hl=en-US","Review_time":"6 months ago","Review":"Best Starbucks crew. The kindest and warmest group of people, such a joy to go in every day.","Likes":""},{"Name":"","Category":"","Rating":" 3 stars ","Number_of_Reviews":"","Address":"","Reviewer":"Mr C","Reviewer_page":"https://www.google.com/maps/contrib/108935887603495121715/reviews?hl=en-US","Review_time":"5 years ago","Review":"This place suffers from the same fault as many Scottish Starbucks which is the Frappachinos taste more like crushed ice than strawberry etc. This is coming from a Starbucks fan who has given 5 stars to several other Starbucks in the area. This one is letting you down...please sort it.","Likes":"1"},{"Name":"","Category":"","Rating":" 1 star ","Number_of_Reviews":"","Address":"","Reviewer":"Jay Louis","Reviewer_page":"https://www.google.com/maps/contrib/101012714463189221979/reviews?hl=en-US","Review_time":"7 months ago","Review":"Got the most undrinkable coffee for the first time in my life lol unfortunately used my birthday reward for it. Also wasn’t even filled all the way. Dude gave an attitude when I came up to him lol","Likes":""},{"Name":"","Category":"","Rating":" 5 stars ","Number_of_Reviews":"","Address":"","Reviewer":"Bishop Lopez","Reviewer_page":"https://www.google.com/maps/contrib/117115936699211294022/reviews?hl=en-US","Review_time":"2 months ago","Review":"It's Starbucks B, you like it or you don't...","Likes":""},{"Name":"","Category":"","Rating":" 5 stars ","Number_of_Reviews":"","Address":"","Reviewer":"Birgit E","Reviewer_page":"https://www.google.com/maps/contrib/103708180754595387485/reviews?hl=en-US","Review_time":"4 years ago","Review":"Staff is faster and friendlier than in your average Starbucks. Nice seating too.","Likes":"1"},{"Name":"","Category":"","Rating":" 1 star ","Number_of_Reviews":"","Address":"","Reviewer":"Kaitlyn Caruso","Reviewer_page":"https://www.google.com/maps/contrib/110185601115841580350/reviews?hl=en-US","Review_time":"9 months ago","Review":"Asked for a drink but they were out of the syrup. Decided to sub out the syrup only to be told they were also out of the base. While waiting for my friends drink to be made, I watched an employee use his teeth to open another customers food package. Gross.","Likes":""},{"Name":"","Category":"","Rating":" 2 stars ","Number_of_Reviews":"","Address":"","Reviewer":"Bere.","Reviewer_page":"https://www.google.com/maps/contrib/107528274951376997354/reviews?hl=en-US","Review_time":"a year ago","Review":"So far this place has gone downhill with customer service. I was waiting for a pickup order. And was treated with such rudeness from a cashier As well as a few snide remarks between themselves. Perhaps had a bad day? But please, if you are working in the food industry. Do as your position requires and be polite.","Likes":"1"},{"Name":"","Category":"","Rating":" 2 stars ","Number_of_Reviews":"","Address":"","Reviewer":"Davis Mills","Reviewer_page":"https://www.google.com/maps/contrib/104457473192750381412/reviews?hl=en-US","Review_time":"3 years ago","Review":"I just started working at the building above this Starbucks and while I completely understand this is a high volume store the amount of time that it takes to get a drink at any time during the day is outrageous. It takes 10+ minutes to get my drink every time I come in, regardless of I mobile order or not. More than once I have had to ask if my drink was coming multiple times before it was made.\n\nThat all being said while the service is slow they are incredibly friendly and the store is always clean. Bottom line on this store is don’t go unless you have a lot of extra time to spend around waiting.","Likes":""},{"Name":"","Category":"","Rating":" 1 star ","Number_of_Reviews":"","Address":"","Reviewer":"William Tran","Reviewer_page":"https://www.google.com/maps/contrib/110011539824057874048/reviews?hl=en-US","Review_time":"6 months ago","Review":"Worst Starbucks ever. Rude to customers and never read the details of the order.","Likes":""},{"Name":"","Category":"","Rating":" 5 stars ","Number_of_Reviews":"","Address":"","Reviewer":"hadi b","Reviewer_page":"https://www.google.com/maps/contrib/108467826635979011592/reviews?hl=en-US","Review_time":"a month ago","Review":"Super nice and friendly employees.","Likes":""},{"Name":"","Category":"","Rating":" 5 stars ","Number_of_Reviews":"","Address":"","Reviewer":"Christine","Reviewer_page":"https://www.google.com/maps/contrib/116346224024386949464/reviews?hl=en-US","Review_time":"3 years ago","Review":"The staff is great in the morning. Of course it gets a little crazy with the rush, but they're always on top of it. They get to know you if you go regularly and usually have your mobile order ready when you get there. this is my go to Starbucks out of the 5 that are in the area.","Likes":""},{"Name":"","Category":"","Rating":" 2 stars ","Number_of_Reviews":"","Address":"","Reviewer":"Carolyn Schneller","Reviewer_page":"https://www.google.com/maps/contrib/113907070269825792191/reviews?hl=en-US","Review_time":"10 months ago","Review":"Mobile ordering is not a faster solution for this spot - whether you go in person or order ahead be prepared to wait! They were playing Beyoncé tho so 3⭐️","Likes":"1"},{"Name":"","Category":"","Rating":" 5 stars ","Number_of_Reviews":"","Address":"","Reviewer":"Atis Sīlis","Reviewer_page":"https://www.google.com/maps/contrib/106054454511422967246/reviews?hl=en-US","Review_time":"a month ago","Review":"Serviss was excellent, thank you.","Likes":""},{"Name":"","Category":"","Rating":" 2 stars ","Number_of_Reviews":"","Address":"","Reviewer":"Gregory Barber","Reviewer_page":"https://www.google.com/maps/contrib/112700745057714399434/reviews?hl=en-US","Review_time":"4 years ago","Review":"Worst expierence at a Starbucks. The guy gave all our food to someone else, then tried to get me to just take the other guys food which was nothing like we ordered. Then it took 3 tones reminding him to get our correct food and we waited an extra 5 min past getting our warm food to get a lemon cake which is literally just in a package. That should have been the first thing we got. Worst Starbucks I’ve been to all over the country","Likes":""},{"Name":"","Category":"","Rating":" 5 stars ","Number_of_Reviews":"","Address":"","Reviewer":"Mia Valour","Reviewer_page":"https://www.google.com/maps/contrib/100426376866171047226/reviews?hl=en-US","Review_time":"7 months ago","Review":"XAVIER makes the best drinks even when you don't know how to order it right... he got you","Likes":""},{"Name":"","Category":"","Rating":" 1 star ","Number_of_Reviews":"","Address":"","Reviewer":"Maritza Felix","Reviewer_page":"https://www.google.com/maps/contrib/103562754615912514860/reviews?hl=en-US","Review_time":"9 months ago","Review":"They gave me the wrong coffee & as soon as we were sitting down, upon the request, they asked for our documentation proof of vaccine and ID so we were told to leave, very unprofessional...coffee was nasty","Likes":""},{"Name":"","Category":"","Rating":" 2 stars ","Number_of_Reviews":"","Address":"","Reviewer":"Lirinai Potter","Reviewer_page":"https://www.google.com/maps/contrib/108818758214056106006/reviews?hl=en-US","Review_time":"5 years ago","Review":"Let's start with always full of costumers which is not the store fault but the confusion in delivering the drinks, the way the attendees treat the costumers that's just terrible. On a occasion another costumer mistakenly took somebody else's drink (because there is no concern in giving it to the right costumer) and when the right owner went to ask for his drink the attendee started to call out the costumers drinks saying 'come pick your drink before somebody else's take it' like that was the costumer fault!! Just awful!","Likes":"1"},{"Name":"","Category":"","Rating":" 3 stars ","Number_of_Reviews":"","Address":"","Reviewer":"Anonymous","Reviewer_page":"https://www.google.com/maps/contrib/110184486587474562263/reviews?hl=en-US","Review_time":"10 months ago","Review":"Not good with mobile orders. \"Bill and Ted\" couldn't figure it out. Took forever for one drink and one pastry.","Likes":""},{"Name":"","Category":"","Rating":" 5 stars ","Number_of_Reviews":"","Address":"","Reviewer":"gabriel crawford","Reviewer_page":"https://www.google.com/maps/contrib/106642578901330255699/reviews?hl=en-US","Review_time":"2 years ago","Review":"Thank you for Crystal & Tia!!! They managed to turn my day around. Best iced Chai Tea and service I have ever experienced at a Starbucks.\n\nThanks Ladies!","Likes":""},{"Name":"","Category":"","Rating":" 1 star ","Number_of_Reviews":"","Address":"","Reviewer":"Sam Rivers","Reviewer_page":"https://www.google.com/maps/contrib/112538932748821886974/reviews?hl=en-US","Review_time":"3 years ago","Review":"Terrible work environment. Glad to have Wifi in NYC, but the music is blasting to the point that people can't hear one another. Conversation and do any form of productive work is extremely difficult. I asked a barista about adjusting the volume (not turning the music off) and she retorted that she did not have control over the music. Terrible attitude on a simple issue.","Likes":""},{"Name":"","Category":"","Rating":" 2 stars ","Number_of_Reviews":"","Address":"","Reviewer":"Danie Fine","Reviewer_page":"https://www.google.com/maps/contrib/114202118324821264965/reviews?hl=en-US","Review_time":"5 years ago","Review":"Being a 10year seasoned Barista, I can forgive most mistakes. However, making 3 out of my 4 drinks wrong and then charging for a remake that was also made wrong is ridiculous.  When asked for remakes, I was curtious and apologetic. It's possible they hadn't heard me over the dull roar. I am a bit soft spoken. Their response, with unnecessary attitude, was that the sticker machine was broken and that she had only been there three months. Three months is long enough to be competent. After waiting for 10 minutes I returned to the counter to ask about my remake. The manager then took over and suggested it had gotten lost in the fray ( again, understandable). After they remade my peppermint mocha and vanilla steamer wrong ( it's just vanilla and hot milk guys, no sweet cream at all. Not hard), I had to hand mark every single cup with my exact specifications to get it right ( a peppermint mocha is the SEASONAL drink. Why do I have to write down on the cup the same recipe? Why is this not being taught? It's basic Starbucks intro recipes.)  I was really disappointed with this store, coming from a Starbucks where I pride myself on my customer skill ( won a Bravo award for it), and ended up throwing away 2 drinks because of the bitterness. 2/10 will not go again.","Likes":""},{"Name":"","Category":"","Rating":" 5 stars ","Number_of_Reviews":"","Address":"","Reviewer":"AGV AGV","Reviewer_page":"https://www.google.com/maps/contrib/106123407792055786733/reviews?hl=en-US","Review_time":"3 years ago","Review":"Maybe not the best coffee  in NY  but the best stock USBX,,,,,, there's  only 1 think that always  disappointments,  the bathrooms  are rarely clean!!!! Still do not understand  why!!! It must be the people!!!that uses them, but still!","Likes":""},{"Name":"","Category":"","Rating":" 1 star ","Number_of_Reviews":"","Address":"","Reviewer":"Tracy Lea Neff","Reviewer_page":"https://www.google.com/maps/contrib/105663062176766289254/reviews?hl=en-US","Review_time":"5 years ago","Review":"Not nearly enough people to handle volume.  Staff overwhelmed, you had to wait so so so long it was ridiculous.  Lots of people just gave up and left.\n\nPoorly poorly managed.\n\nI would assume Starbucks should have some minimum standard's","Likes":"1"},{"Name":"","Category":"","Rating":" 5 stars ","Number_of_Reviews":"","Address":"","Reviewer":"David Bergerson","Reviewer_page":"https://www.google.com/maps/contrib/114775637388041131079/reviews?hl=en-US","Review_time":"6 years ago","Review":"Omg, the salted caramel mocha latte I got was so fresh, they could call it the Will Smith.\n\nStaff was exceptional even by SBUX standards.    Super(man) Thanks to the coffee guy who helped me.","Likes":""},{"Name":"","Category":"","Rating":" 1 star ","Number_of_Reviews":"","Address":"","Reviewer":"Adam Gouveia","Reviewer_page":"https://www.google.com/maps/contrib/106914309277910217686/reviews?hl=en-US","Review_time":"2 years ago","Review":"They are very slow, they didn't have what I wanted after I paid for the drink. Then, they made me a caramel macchiato which tasted like burnt coffee.","Likes":""},{"Name":"","Category":"","Rating":" 5 stars ","Number_of_Reviews":"","Address":"","Reviewer":"Eliza Rivera","Reviewer_page":"https://www.google.com/maps/contrib/115847049829631884860/reviews?hl=en-US","Review_time":"a year ago","Review":"I love going there the workers are so nice & always friendly. Shout out to this store","Likes":""},{"Name":"","Category":"","Rating":" 3 stars ","Number_of_Reviews":"","Address":"","Reviewer":"Samuel Hernandez","Reviewer_page":"https://www.google.com/maps/contrib/104915779966706186212/reviews?hl=en-US","Review_time":"5 years ago","Review":"There are very few Starbucks stores in NYC with an actual wait, but even with long lines, especially during rush hours and a midtown Manhattan volume made even more unpredictable by unusually frequent global travellers' usage, the baristas keep it running smoothly for a Starbucks as small as this one, & if you know New York, it's enough said that this site is the smallest Starbucks in it's cluster,i.e., grouping of several within a couple of crosswalks of each other if not within line-of-sight.","Likes":""},{"Name":"","Category":"","Rating":" 3 stars ","Number_of_Reviews":"","Address":"","Reviewer":"Ms. BC","Reviewer_page":"https://www.google.com/maps/contrib/109011717739375608783/reviews?hl=en-US","Review_time":"2 years ago","Review":"I find Starbucks pastries are not that tasty. I try a different one each time I have visited and am not impressed. Service was great!","Likes":""},{"Name":"","Category":"","Rating":" 1 star ","Number_of_Reviews":"","Address":"","Reviewer":"Colin Dowd","Reviewer_page":"https://www.google.com/maps/contrib/101173680126170774765/reviews?hl=en-US","Review_time":"7 years ago","Review":"Poor service. Says out of breakfast sandwiches so we ask for a square. Annoyed response is she is out of \"all\" sandwiches. So is it all or just breakfast?  Better off going to one of the 500 other starbucks in the city","Likes":""},{"Name":"","Category":"","Rating":" 5 stars ","Number_of_Reviews":"","Address":"","Reviewer":"l u k e","Reviewer_page":"https://www.google.com/maps/contrib/112992321250752557061/reviews?hl=en-US","Review_time":"4 years ago","Review":"This is one of the nicest starbucks i've had i came here during my holiday in the summer of this year and i would always walk past here and get a starbucks all of the staff were very friendly  and helpful.","Likes":"1"},{"Name":"","Category":"","Rating":" 4 stars ","Number_of_Reviews":"","Address":"","Reviewer":"Damein Futch","Reviewer_page":"https://www.google.com/maps/contrib/105247427441143433844/reviews?hl=en-US","Review_time":"5 years ago","Review":"The service was OK didn't know all items on the menus, there is no room to stand while waiting for your drink if there is more than 4 people waiting. And neither here nor there a picture fell of the wall while I was waiting for my coffee, no one was hurt but you know there it is","Likes":""},{"Name":"","Category":"","Rating":" 5 stars ","Number_of_Reviews":"","Address":"","Reviewer":"Charlie Sims","Reviewer_page":"https://www.google.com/maps/contrib/107265609860004925267/reviews?hl=en-US","Review_time":"a year ago","Review":"As always fantastic coffee There's something for everyone's taste","Likes":""},{"Name":"","Category":"","Rating":" 5 stars ","Number_of_Reviews":"","Address":"","Reviewer":"Katherine Villarreal","Reviewer_page":"https://www.google.com/maps/contrib/117902860234675489810/reviews?hl=en-US","Review_time":"6 years ago","Review":"For a Starbucks as busy as this one I'd say they do a great job keeping it clean and their service is top notch. Well done!","Likes":""},{"Name":"","Category":"","Rating":" 1 star ","Number_of_Reviews":"","Address":"","Reviewer":"Mary N","Reviewer_page":"https://www.google.com/maps/contrib/113911368151284611778/reviews?hl=en-US","Review_time":"3 years ago","Review":"2 days in a row my mobile order took over 24 minutes, even though the app quoted 4-7 minutes. This location is an absolute cluster with no leader in sight.","Likes":""},{"Name":"","Category":"","Rating":" 5 stars ","Number_of_Reviews":"","Address":"","Reviewer":"ollie bianchi","Reviewer_page":"https://www.google.com/maps/contrib/105147012287433895893/reviews?hl=en-US","Review_time":"4 years ago","Review":"A great Starbucks with seating. Staff are all really friendly and polite. I loved going there while I was in New York.","Likes":""},{"Name":"","Category":"","Rating":" 5 stars ","Number_of_Reviews":"","Address":"","Reviewer":"Patrick Sullivan","Reviewer_page":"https://www.google.com/maps/contrib/108509806432793671385/reviews?hl=en-US","Review_time":"6 years ago","Review":"Very nice Starbuck. Upscale spot. Busy, but clean. This is a good Starbucks. We went there a couple times.","Likes":""},{"Name":"","Category":"","Rating":" 2 stars ","Number_of_Reviews":"","Address":"","Reviewer":"Pj Mcgovern","Reviewer_page":"https://www.google.com/maps/contrib/104889966111557326124/reviews?hl=en-US","Review_time":"7 months ago","Review":"Gave me hard time wuth ny drink order","Likes":""},{"Name":"","Category":"","Rating":" 5 stars ","Number_of_Reviews":"","Address":"","Reviewer":"Diane None","Reviewer_page":"https://www.google.com/maps/contrib/108529802394980696519/reviews?hl=en-US","Review_time":"2 years ago","Review":"Always good coffee, love the atmosphere of shop. Employees very helpful.","Likes":""},{"Name":"","Category":"","Rating":" 4 stars ","Number_of_Reviews":"","Address":"","Reviewer":"Drago Musevini","Reviewer_page":"https://www.google.com/maps/contrib/113969293513170016075/reviews?hl=en-US","Review_time":"2 years ago","Review":"I like it because they show respect to people and the coffee makes me want to go ten rounds with a freight train.","Likes":"1"},{"Name":"","Category":"","Rating":" 5 stars ","Number_of_Reviews":"","Address":"","Reviewer":"Amy G","Reviewer_page":"https://www.google.com/maps/contrib/110910622078295740820/reviews?hl=en-US","Review_time":"3 years ago","Review":"I love this place! They remember my name an order, the best Starbucks 🖤","Likes":""},{"Name":"","Category":"","Rating":" 1 star ","Number_of_Reviews":"","Address":"","Reviewer":"Robert White","Reviewer_page":"https://www.google.com/maps/contrib/107749700011496011687/reviews?hl=en-US","Review_time":"11 months ago","Review":"Very slow service. Rude order takers.","Likes":""},{"Name":"","Category":"","Rating":" 3 stars ","Number_of_Reviews":"","Address":"","Reviewer":"Jill Krebsbach","Reviewer_page":"https://www.google.com/maps/contrib/117418449537212999261/reviews?hl=en-US","Review_time":"5 years ago","Review":"Always dirty bathrooms at this location. We came Easter sunday and the sink was clogged and not draining :(","Likes":"1"},{"Name":"","Category":"","Rating":" 4 stars ","Number_of_Reviews":"","Address":"","Reviewer":"Jacob Ellefson","Reviewer_page":"https://www.google.com/maps/contrib/105687637865873537298/reviews?hl=en-US","Review_time":"4 years ago","Review":"Standard Starbucks experience. However, they have wireless phone chargers built into their tables!","Likes":""},{"Name":"","Category":"","Rating":" 3 stars ","Number_of_Reviews":"","Address":"","Reviewer":"Richard Friedlander","Reviewer_page":"https://www.google.com/maps/contrib/115234199178761238082/reviews?hl=en-US","Review_time":"6 months ago","Review":"Music is much too loud!","Likes":""},{"Name":"","Category":"","Rating":" 1 star ","Number_of_Reviews":"","Address":"","Reviewer":"brailian tavarez","Reviewer_page":"https://www.google.com/maps/contrib/116657104228707273321/reviews?hl=en-US","Review_time":"9 months ago","Review":"If you don't like doing your job, quit.","Likes":""},{"Name":"","Category":"","Rating":" 1 star ","Number_of_Reviews":"","Address":"","Reviewer":"Ash Rodrigues","Reviewer_page":"https://www.google.com/maps/contrib/112534318021495967304/reviews?hl=en-US","Review_time":"3 years ago","Review":"Waited 20 minutes for my drink. There wasn't a line as well..not sure what was the cause for the delay. 50th and lex Location.","Likes":""},{"Name":"","Category":"","Rating":" 4 stars ","Number_of_Reviews":"","Address":"","Reviewer":"David P.","Reviewer_page":"https://www.google.com/maps/contrib/113731062651527250445/reviews?hl=en-US","Review_time":"3 years ago","Review":"One of the better latte(Chai) tasted, nice clean coffee shop","Likes":""},{"Name":"","Category":"","Rating":" 5 stars ","Number_of_Reviews":"","Address":"","Reviewer":"David Boylan 3RD","Reviewer_page":"https://www.google.com/maps/contrib/107275203733297544320/reviews?hl=en-US","Review_time":"6 years ago","Review":"Weekday mornings is busy with the \"white-collar rush\" causing some pretty lengthy lines, other than that great service.","Likes":""},{"Name":"","Category":"","Rating":" 5 stars ","Number_of_Reviews":"","Address":"","Reviewer":"Amit Shrivastav","Reviewer_page":"https://www.google.com/maps/contrib/108127846736332016931/reviews?hl=en-US","Review_time":"6 years ago","Review":"Well Starbucks in Starbucks. Good coffee, free Wifi, comfortable seating area, what more do you want?","Likes":""},{"Name":"","Category":"","Rating":" 5 stars ","Number_of_Reviews":"","Address":"","Reviewer":"destinasia rainey","Reviewer_page":"https://www.google.com/maps/contrib/103794205437095799589/reviews?hl=en-US","Review_time":"3 years ago","Review":"Best Starbucks location I’ve been too.","Likes":""},{"Name":"","Category":"","Rating":" 1 star ","Number_of_Reviews":"","Address":"","Reviewer":"Dany Minaya","Reviewer_page":"https://www.google.com/maps/contrib/102409578475829674158/reviews?hl=en-US","Review_time":"5 years ago","Review":"The service was absolutely terrible, I got nothing but attitude and mistakes from possible the worst employee I've ever had to deal with, who I believe was named, Dexter.","Likes":"1"},{"Name":"","Category":"","Rating":" 5 stars ","Number_of_Reviews":"","Address":"","Reviewer":"Willy Gil","Reviewer_page":"https://www.google.com/maps/contrib/112566489492407362903/reviews?hl=en-US","Review_time":"a year ago","Review":"Amazing service","Likes":""},{"Name":"","Category":"","Rating":" 3 stars ","Number_of_Reviews":"","Address":"","Reviewer":"Alma Karen Aranda Sánchez","Reviewer_page":"https://www.google.com/maps/contrib/112530541477166825770/reviews?hl=en-US","Review_time":"8 months ago","Review":"Nice but nothing special.","Likes":""},{"Name":"","Category":"","Rating":" 5 stars ","Number_of_Reviews":"","Address":"","Reviewer":"abhisek mondal","Reviewer_page":"https://www.google.com/maps/contrib/103838075559083057758/reviews?hl=en-US","Review_time":"5 years ago","Review":"Good coffee and good ambience.. they also have coffee on tap.","Likes":""},{"Name":"","Category":"","Rating":" 4 stars ","Number_of_Reviews":"","Address":"","Reviewer":"Petros Dimakis","Reviewer_page":"https://www.google.com/maps/contrib/109351614533788218847/reviews?hl=en-US","Review_time":"6 years ago","Review":"All the goodies you can get at Starbucks.  Not very crowded, fast wifi connection.","Likes":""},{"Name":"","Category":"","Rating":" 5 stars ","Number_of_Reviews":"","Address":"","Reviewer":"Alejandro Magno","Reviewer_page":"https://www.google.com/maps/contrib/115354157362658502322/reviews?hl=en-US","Review_time":"3 years ago","Review":"What can I say, it's Starbucks\nYou get the standard you're expecting at each one\nThough this one rarely has really long lines","Likes":""},{"Name":"","Category":"","Rating":" 5 stars ","Number_of_Reviews":"","Address":"","Reviewer":"Shalisha Alston","Reviewer_page":"https://www.google.com/maps/contrib/103530246925157797613/reviews?hl=en-US","Review_time":"2 years ago","Review":"The service is fast and they're strict about social distancing.","Likes":"1"},{"Name":"","Category":"","Rating":" 5 stars ","Number_of_Reviews":"","Address":"","Reviewer":"Eugene Hart","Reviewer_page":"https://www.google.com/maps/contrib/114982266324234761978/reviews?hl=en-US","Review_time":"3 years ago","Review":"Great service. Very good tea.love it.","Likes":""},{"Name":"","Category":"","Rating":" 1 star ","Number_of_Reviews":"","Address":"","Reviewer":"Pat Fleming","Reviewer_page":"https://www.google.com/maps/contrib/107917979676335253173/reviews?hl=en-US","Review_time":"a year ago","Review":"Covid police have to have proof of vaccination.","Likes":""},{"Name":"","Category":"","Rating":" 5 stars ","Number_of_Reviews":"","Address":"","Reviewer":"natalya borodin","Reviewer_page":"https://www.google.com/maps/contrib/105027403034288147579/reviews?hl=en-US","Review_time":"2 years ago","Review":"Great servers - all smiles and happiness!😊👍☀","Likes":""},{"Name":"","Category":"","Rating":" 4 stars ","Number_of_Reviews":"","Address":"","Reviewer":"Brendan McNerney","Reviewer_page":"https://www.google.com/maps/contrib/113100417903159704981/reviews?hl=en-US","Review_time":"6 years ago","Review":"It's a Starbucks... Well run. Coffees good.","Likes":""},{"Name":"","Category":"","Rating":" 4 stars ","Number_of_Reviews":"","Address":"","Reviewer":"Alexander Goughenour","Reviewer_page":"https://www.google.com/maps/contrib/103188618693640718097/reviews?hl=en-US","Review_time":"5 years ago","Review":"Had good service. Decent amount of seating.","Likes":""},{"Name":"","Category":"","Rating":" 2 stars ","Number_of_Reviews":"","Address":"","Reviewer":"Bust A Move","Reviewer_page":"https://www.google.com/maps/contrib/104935413918700244875/reviews?hl=en-US","Review_time":"5 years ago","Review":"Long lines, people that place  order  on the app get service  first  and if you are a long  line  they are to busy filling the order for pick up","Likes":""},{"Name":"","Category":"","Rating":" 5 stars ","Number_of_Reviews":"","Address":"","Reviewer":"Danial Qureshi","Reviewer_page":"https://www.google.com/maps/contrib/100585057520655004184/reviews?hl=en-US","Review_time":"5 years ago","Review":"The Chai Tea latte here tastes pretty good.","Likes":""},{"Name":"","Category":"","Rating":" 2 stars ","Number_of_Reviews":"","Address":"","Reviewer":"Kevin Meyer","Reviewer_page":"https://www.google.com/maps/contrib/102770645694042786193/reviews?hl=en-US","Review_time":"4 years ago","Review":"Really long line and the speed to get a drink was suboptimal.","Likes":""},{"Name":"","Category":"","Rating":" 5 stars ","Number_of_Reviews":"","Address":"","Reviewer":"Krishna Sharma","Reviewer_page":"https://www.google.com/maps/contrib/116390488590588797894/reviews?hl=en-US","Review_time":"4 years ago","Review":"Gr8 service ..... have a gr8 coffee and get relaxed.","Likes":""},{"Name":"","Category":"","Rating":" 3 stars ","Number_of_Reviews":"","Address":"","Reviewer":"Nikitas Glykas","Reviewer_page":"https://www.google.com/maps/contrib/115772190131250296727/reviews?hl=en-US","Review_time":"3 years ago","Review":"A bit dirty though and the coffee was too hot","Likes":""},{"Name":"","Category":"","Rating":" 5 stars ","Number_of_Reviews":"","Address":"","Reviewer":"Amelia & Amauri show subscribe please","Reviewer_page":"https://www.google.com/maps/contrib/106657467811836568885/reviews?hl=en-US","Review_time":"3 years ago","Review":"Amazing coffee cafe n ice cold coffee","Likes":""},{"Name":"","Category":"","Rating":" 2 stars ","Number_of_Reviews":"","Address":"","Reviewer":"Andres Amon","Reviewer_page":"https://www.google.com/maps/contrib/117361877570762971324/reviews?hl=en-US","Review_time":"6 years ago","Review":"impuntuales not open at the time it is, and poor service,\nBut The coffee Starbucks is good","Likes":""},{"Name":"","Category":"","Rating":" 5 stars ","Number_of_Reviews":"","Address":"","Reviewer":"Carrie Frew","Reviewer_page":"https://www.google.com/maps/contrib/115636219624682486215/reviews?hl=en-US","Review_time":"4 years ago","Review":"Great staff and fast service","Likes":""},{"Name":"","Category":"","Rating":" 5 stars ","Number_of_Reviews":"","Address":"","Reviewer":"renu gupta","Reviewer_page":"https://www.google.com/maps/contrib/116304395335127982570/reviews?hl=en-US","Review_time":"4 years ago","Review":"Opens early, good for early office goers","Likes":""},{"Name":"","Category":"","Rating":" 3 stars ","Number_of_Reviews":"","Address":"","Reviewer":"Elijah Morgan","Reviewer_page":"https://www.google.com/maps/contrib/109264257196515045511/reviews?hl=en-US","Review_time":"4 years ago","Review":"Eh? It's Starbucks 🙄 Pike is gross.","Likes":""},{"Name":"","Category":"","Rating":" 4 stars ","Number_of_Reviews":"","Address":"","Reviewer":"Tyler Breeden","Reviewer_page":"https://www.google.com/maps/contrib/117622605492625959915/reviews?hl=en-US","Review_time":"4 years ago","Review":"It’s dinky little Starbucks, but it’s a Starbucks, FWIW.","Likes":""},{"Name":"","Category":"","Rating":" 5 stars ","Number_of_Reviews":"","Address":"","Reviewer":"Debbyll Baptiste","Reviewer_page":"https://www.google.com/maps/contrib/115393835975116431559/reviews?hl=en-US","Review_time":"3 years ago","Review":"My favourite Starbucks!","Likes":""},{"Name":"","Category":"","Rating":" 4 stars ","Number_of_Reviews":"","Address":"","Reviewer":"Erwin","Reviewer_page":"https://www.google.com/maps/contrib/111612674335187393011/reviews?hl=en-US","Review_time":"6 years ago","Review":"caramel moca latte the best.","Likes":""},{"Name":"","Category":"","Rating":" 5 stars ","Number_of_Reviews":"","Address":"","Reviewer":"selim cayligil","Reviewer_page":"https://www.google.com/maps/contrib/114017204423062998128/reviews?hl=en-US","Review_time":"5 years ago","Review":"Quick service","Likes":""},{"Name":"","Category":"","Rating":" 5 stars ","Number_of_Reviews":"","Address":"","Reviewer":"Carter Skyers","Reviewer_page":"https://www.google.com/maps/contrib/104723928966640364196/reviews?hl=en-US","Review_time":"6 years ago","Review":"Great staff, super fast","Likes":""},{"Name":"","Category":"","Rating":" 4 stars ","Number_of_Reviews":"","Address":"","Reviewer":"Justin Jonker","Reviewer_page":"https://www.google.com/maps/contrib/109699650615820248042/reviews?hl=en-US","Review_time":"6 years ago","Review":"Great coffee, long lines","Likes":""},{"Name":"","Category":"","Rating":" 5 stars ","Number_of_Reviews":"","Address":"","Reviewer":"Chris Sengos","Reviewer_page":"https://www.google.com/maps/contrib/101288369894901060963/reviews?hl=en-US","Review_time":"4 years ago","Review":"Great spot for on the go professional","Likes":""},{"Name":"","Category":"","Rating":" 5 stars ","Number_of_Reviews":"","Address":"","Reviewer":"Iven Torres","Reviewer_page":"https://www.google.com/maps/contrib/106606934154464504694/reviews?hl=en-US","Review_time":"6 years ago","Review":"Great fast service.","Likes":"1"},{"Name":"","Category":"","Rating":" 1 star ","Number_of_Reviews":"","Address":"","Reviewer":"Fleur (YAY! Taart)","Reviewer_page":"https://www.google.com/maps/contrib/103258385458882463891/reviews?hl=en-US","Review_time":"5 years ago","Review":"Music loud! Muffin dry :(","Likes":""},{"Name":"","Category":"","Rating":" 5 stars ","Number_of_Reviews":"","Address":"","Reviewer":"Zonnia Hernandez","Reviewer_page":"https://www.google.com/maps/contrib/101880237751761210633/reviews?hl=en-US","Review_time":"4 years ago","Review":"Surprised by how fast everything was!","Likes":""},{"Name":"","Category":"","Rating":" 5 stars ","Number_of_Reviews":"","Address":"","Reviewer":"NOWSHERWAN KHAN","Reviewer_page":"https://www.google.com/maps/contrib/105642098432828503689/reviews?hl=en-US","Review_time":"a year ago","Review":"Friendly staff and service","Likes":""},{"Name":"","Category":"","Rating":" 5 stars ","Number_of_Reviews":"","Address":"","Reviewer":"MAHMOUD AHMED","Reviewer_page":"https://www.google.com/maps/contrib/102860287541194338085/reviews?hl=en-US","Review_time":"a year ago","Review":"Good branch","Likes":""},{"Name":"","Category":"","Rating":" 5 stars ","Number_of_Reviews":"","Address":"","Reviewer":"Elvira Robar","Reviewer_page":"https://www.google.com/maps/contrib/112016408862980789866/reviews?hl=en-US","Review_time":"5 years ago","Review":"Great coffee.","Likes":""},{"Name":"","Category":"","Rating":" 2 stars ","Number_of_Reviews":"","Address":"","Reviewer":"Dave Watson","Reviewer_page":"https://www.google.com/maps/contrib/112130740405439024787/reviews?hl=en-US","Review_time":"6 years ago","Review":"Too slow","Likes":""},{"Name":"","Category":"","Rating":" 3 stars ","Number_of_Reviews":"","Address":"","Reviewer":"Ashton “SkullaDesigns” Sneed","Reviewer_page":"https://www.google.com/maps/contrib/106505463084846014488/reviews?hl=en-US","Review_time":"4 years ago","Review":"One bathroom ridiculous","Likes":""},{"Name":"","Category":"","Rating":" 5 stars ","Number_of_Reviews":"","Address":"","Reviewer":"Kyra Sacheti","Reviewer_page":"https://www.google.com/maps/contrib/115751611274544585653/reviews?hl=en-US","Review_time":"a year ago","Review":"nice","Likes":""},{"Name":"","Category":"","Rating":" 5 stars ","Number_of_Reviews":"","Address":"","Reviewer":"E Miller","Reviewer_page":"https://www.google.com/maps/contrib/107163617576456137864/reviews?hl=en-US","Review_time":"5 years ago","Review":"Nice atmosphere.","Likes":""},{"Name":"","Category":"","Rating":" 1 star ","Number_of_Reviews":"","Address":"","Reviewer":"Sav H","Reviewer_page":"https://www.google.com/maps/contrib/111451751687075754179/reviews?hl=en-US","Review_time":"5 years ago","Review":"Regular star bucks.","Likes":""},{"Name":"","Category":"","Rating":" 5 stars ","Number_of_Reviews":"","Address":"","Reviewer":"Joshua Romoff","Reviewer_page":"https://www.google.com/maps/contrib/108175520933760120552/reviews?hl=en-US","Review_time":"2 years ago","Review":"Fast and friendly","Likes":""},{"Name":"","Category":"","Rating":" 2 stars ","Number_of_Reviews":"","Address":"","Reviewer":"Damian Brodziak","Reviewer_page":"https://www.google.com/maps/contrib/104209792017360036543/reviews?hl=en-US","Review_time":"2 years ago","Review":"Music is to loud!!!","Likes":""},{"Name":"","Category":"","Rating":" 5 stars ","Number_of_Reviews":"","Address":"","Reviewer":"Agathi Haxhi","Reviewer_page":"https://www.google.com/maps/contrib/101921262244400734792/reviews?hl=en-US","Review_time":"3 years ago","Review":"Great americano","Likes":""},{"Name":"","Category":"","Rating":" 3 stars ","Number_of_Reviews":"","Address":"","Reviewer":"Willie Bacon","Reviewer_page":"https://www.google.com/maps/contrib/116213247908306037163/reviews?hl=en-US","Review_time":"4 years ago","Review":"HAPPY place","Likes":""},{"Name":"","Category":"","Rating":" 1 star ","Number_of_Reviews":"","Address":"","Reviewer":"Yury","Reviewer_page":"https://www.google.com/maps/contrib/102051190803623111685/reviews?hl=en-US","Review_time":"6 years ago","Review":"Stuff ;-((((","Likes":""},{"Name":"","Category":"","Rating":" 5 stars ","Number_of_Reviews":"","Address":"","Reviewer":"Liezl Gamboa","Reviewer_page":"https://www.google.com/maps/contrib/105192264797746015645/reviews?hl=en-US","Review_time":"2 days ago","Review":"Definitely the best Starbucks in the city! My order is always perfect and ready for me when I get there after ordering mobile. Super friendly staff as well!","Likes":""},{"Name":"","Category":"","Rating":" 5 stars ","Number_of_Reviews":"","Address":"","Reviewer":"Isabella Santos","Reviewer_page":"https://www.google.com/maps/contrib/106946870003103252594/reviews?hl=en-US","Review_time":"8 months ago","Review":"(Translated by Google) Today I had my breakfast at this place and I was super well taken care of! Everything was hot and delicious 😋\n\n(Original)\nHoje tomei meu café da manhã nesse local e fui super bem atendida! Estava tudo quentinho e delicioso 😋","Likes":"1"},{"Name":"","Category":"","Rating":" 3 stars ","Number_of_Reviews":"","Address":"","Reviewer":"Caroline Douté","Reviewer_page":"https://www.google.com/maps/contrib/107297770105609140591/reviews?hl=en-US","Review_time":"2 years ago","Review":"(Translated by Google) Coffee not too bad, a little noisy but for a short break after a long walk it is sufficient. Attention, few seats.\n\n(Original)\nCafé pas trop mal, un peu bruyant mais pour une petite pause après une longue marche c'est  suffisant. Attention peu de places assises.","Likes":""},{"Name":"","Category":"","Rating":" 4 stars ","Number_of_Reviews":"","Address":"","Reviewer":"Édis Evandro Teixeira de Carvalho","Reviewer_page":"https://www.google.com/maps/contrib/115925293045920586552/reviews?hl=en-US","Review_time":"5 years ago","Review":"(Translated by Google) Not all cafes are the same, there is a good space with tables inside is more bread options, pies, cakes.\n\n(Original)\nNem todas as cafeterias são iguais, nessa há um bom espaço com mesas do lado de dentro é mais opções de pães, tortas, bolos.","Likes":""},{"Name":"","Category":"","Rating":" 3 stars ","Number_of_Reviews":"","Address":"","Reviewer":"DABBET UL ARZ","Reviewer_page":"https://www.google.com/maps/contrib/108627759318410188235/reviews?hl=en-US","Review_time":"a year ago","Review":"(Translated by Google) A starbucks branch with the same mediocre simplicity in the whole world.\n\n(Original)\nBütün dünyadaki basitliği ile aynı eş vasatlikta  bir starbucks şubesi.","Likes":""},{"Name":"","Category":"","Rating":" 1 star ","Number_of_Reviews":"","Address":"","Reviewer":"Armando Alava","Reviewer_page":"https://www.google.com/maps/contrib/111727657546472848063/reviews?hl=en-US","Review_time":"4 years ago","Review":"(Translated by Google) Bad coffee and in a paper cup in any case. They do not use crockery. It is expensive for the product they offer. The site is fine for being close to Park Avenue.\n\n(Original)\nEl café malo y en vaso de papel en cualquier caso.  No utilizan vajilla.  Es caro para el producto que ofrecen.  El sitio está bien por encontrarse cerca de Park Avenue.","Likes":""},{"Name":"","Category":"","Rating":" 3 stars ","Number_of_Reviews":"","Address":"","Reviewer":"Fernando Carrera","Reviewer_page":"https://www.google.com/maps/contrib/111017675933218475982/reviews?hl=en-US","Review_time":"3 years ago","Review":"(Translated by Google) All the same ones from the center more desired than others. Very expensive coffee sometimes without the right to a chair\n\n(Original)\nTodos iguales unos del centro más deseados que otros.  Café carísimo a veces sin derecho a silla","Likes":""},{"Name":"","Category":"","Rating":" 5 stars ","Number_of_Reviews":"","Address":"","Reviewer":"G D","Reviewer_page":"https://www.google.com/maps/contrib/110441087414123427726/reviews?hl=en-US","Review_time":"3 years ago","Review":"(Translated by Google) Breakfast for a week in a row .. Very kind\n\n(Original)\nColazione per una settimana di fila.. Gentilissimi","Likes":""},{"Name":"","Category":"","Rating":" 3 stars ","Number_of_Reviews":"","Address":"","Reviewer":"giuseppe dedominicis","Reviewer_page":"https://www.google.com/maps/contrib/110501120783270824291/reviews?hl=en-US","Review_time":"6 years ago","Review":"(Translated by Google) Excellent breakfast different from our standards just too expensive\n\n(Original)\nColazione ottima diversa dai nostri standard solo troppo costoso","Likes":""},{"Name":"","Category":"","Rating":" 3 stars ","Number_of_Reviews":"","Address":"","Reviewer":"Jean-Luc LEGRAS","Reviewer_page":"https://www.google.com/maps/contrib/115641494729764523361/reviews?hl=en-US","Review_time":"5 years ago","Review":"(Translated by Google) Just picked up a cafe and uses wifi for 2.5 bucks\n\n(Original)\nJuste pris un cafe et utilise le wifi pour 2.5 dollars","Likes":""},{"Name":"","Category":"","Rating":" 5 stars ","Number_of_Reviews":"","Address":"","Reviewer":"Kendy Isery Álvarez Quioto","Reviewer_page":"https://www.google.com/maps/contrib/105989511655362321484/reviews?hl=en-US","Review_time":"a year ago","Review":"(Translated by Google) i love coffee\n\n(Original)\nAdoro el café","Likes":""},{"Name":"","Category":"","Rating":" 5 stars ","Number_of_Reviews":"","Address":"","Reviewer":"Rocio Almazo","Reviewer_page":"https://www.google.com/maps/contrib/106986728058568112258/reviews?hl=en-US","Review_time":"5 years ago","Review":"(Translated by Google) They are efficient and serve me friendly and do not discriminate\n\n(Original)\nSon eficientes y me atienden amigable y no discriminan","Likes":""},{"Name":"","Category":"","Rating":" 4 stars ","Number_of_Reviews":"","Address":"","Reviewer":"Paul Thonney","Reviewer_page":"https://www.google.com/maps/contrib/115265693105928712917/reviews?hl=en-US","Review_time":"6 years ago","Review":"(Translated by Google) Beloved\n\n(Original)\nBien aimé","Likes":""},{"Name":"","Category":"","Rating":" 4 stars ","Number_of_Reviews":"","Address":"","Reviewer":"Jose Gaspar","Reviewer_page":"https://www.google.com/maps/contrib/116207635691147770904/reviews?hl=en-US","Review_time":"9 months ago","Review":"(Translated by Google) excellent place\n\n(Original)\nExelente lugar","Likes":""},{"Name":"","Category":"","Rating":" 1 star ","Number_of_Reviews":"","Address":"","Reviewer":"F C","Reviewer_page":"https://www.google.com/maps/contrib/113601844373540604942/reviews?hl=en-US","Review_time":"3 years ago","Review":"","Likes":""},{"Name":"","Category":"","Rating":" 5 stars ","Number_of_Reviews":"","Address":"","Reviewer":"Fausto Gomez","Reviewer_page":"https://www.google.com/maps/contrib/104353238485579679347/reviews?hl=en-US","Review_time":"2 years ago","Review":"(Translated by Google) Aome\n\n(Original)\nAwezome","Likes":""},{"Name":"","Category":"","Rating":" 5 stars ","Number_of_Reviews":"","Address":"","Reviewer":"Diego Maletta","Reviewer_page":"https://www.google.com/maps/contrib/108489263281753843344/reviews?hl=en-US","Review_time":"3 years ago","Review":"(Translated by Google) Always good\n\n(Original)\nSiempre bueno","Likes":""},{"Name":"","Category":"","Rating":" 5 stars ","Number_of_Reviews":"","Address":"","Reviewer":"Adriana Cruz","Reviewer_page":"https://www.google.com/maps/contrib/115414904489170356968/reviews?hl=en-US","Review_time":"4 years ago","Review":"(Translated by Google) the place is nice\n\n(Original)\nEs bonito el lugar","Likes":""},{"Name":"","Category":"","Rating":" 5 stars ","Number_of_Reviews":"","Address":"","Reviewer":"Iris McElroy","Reviewer_page":"https://www.google.com/maps/contrib/112943614688753591316/reviews?hl=en-US","Review_time":"5 months ago","Review":"","Likes":""},{"Name":"","Category":"","Rating":" 3 stars ","Number_of_Reviews":"","Address":"","Reviewer":"Carlos María Domínguez","Reviewer_page":"https://www.google.com/maps/contrib/111923038914420792142/reviews?hl=en-US","Review_time":"4 years ago","Review":"(Translated by Google) Only coffee.\n\n(Original)\nSolo café.","Likes":""},{"Name":"","Category":"","Rating":" 4 stars ","Number_of_Reviews":"","Address":"","Reviewer":"Andrés Warschauer","Reviewer_page":"https://www.google.com/maps/contrib/100935343089655160395/reviews?hl=en-US","Review_time":"2 years ago","Review":"(Translated by Google) Typical Starbucks\n\n(Original)\nTípico Starbucks","Likes":""},{"Name":"","Category":"","Rating":" 5 stars ","Number_of_Reviews":"","Address":"","Reviewer":"ljndr prlt","Reviewer_page":"https://www.google.com/maps/contrib/107443598159805552216/reviews?hl=en-US","Review_time":"3 years ago","Review":"👍👍","Likes":""},{"Name":"","Category":"","Rating":" 5 stars ","Number_of_Reviews":"","Address":"","Reviewer":"Juan Bribiesca Ruiz","Reviewer_page":"https://www.google.com/maps/contrib/111338150408073734395/reviews?hl=en-US","Review_time":"3 years ago","Review":"(Translated by Google) As usual\n\n(Original)\nLo de siempre","Likes":""},{"Name":"","Category":"","Rating":" 5 stars ","Number_of_Reviews":"","Address":"","Reviewer":"John Meda","Reviewer_page":"https://www.google.com/maps/contrib/110622397454614867409/reviews?hl=en-US","Review_time":"7 months ago","Review":"","Likes":""},{"Name":"","Category":"","Rating":" 5 stars ","Number_of_Reviews":"","Address":"","Reviewer":"LoriAnne Marcotulli","Reviewer_page":"https://www.google.com/maps/contrib/111834556681116737345/reviews?hl=en-US","Review_time":"a year ago","Review":"","Likes":""},{"Name":"","Category":"","Rating":" 4 stars ","Number_of_Reviews":"","Address":"","Reviewer":"Jacobo Cantisano","Reviewer_page":"https://www.google.com/maps/contrib/108736021032670847869/reviews?hl=en-US","Review_time":"10 months ago","Review":"","Likes":""},{"Name":"","Category":"","Rating":" 5 stars ","Number_of_Reviews":"","Address":"","Reviewer":"Anazap","Reviewer_page":"https://www.google.com/maps/contrib/114892908504003872693/reviews?hl=en-US","Review_time":"a year ago","Review":"","Likes":""},{"Name":"","Category":"","Rating":" 5 stars ","Number_of_Reviews":"","Address":"","Reviewer":"Fabio Azzurrini","Reviewer_page":"https://www.google.com/maps/contrib/101981740755984626290/reviews?hl=en-US","Review_time":"4 years ago","Review":"(Translated by Google) Coffee in New York\n\n(Original)\nCaffè a New York","Likes":""},{"Name":"","Category":"","Rating":" 5 stars ","Number_of_Reviews":"","Address":"","Reviewer":"Felipe Hernandez","Reviewer_page":"https://www.google.com/maps/contrib/102755724233374360188/reviews?hl=en-US","Review_time":"3 years ago","Review":"","Likes":""},{"Name":"","Category":"","Rating":" 5 stars ","Number_of_Reviews":"","Address":"","Reviewer":"Michael Chen","Reviewer_page":"https://www.google.com/maps/contrib/108179570037524394248/reviews?hl=en-US","Review_time":"5 years ago","Review":"","Likes":""},{"Name":"","Category":"","Rating":" 5 stars ","Number_of_Reviews":"","Address":"","Reviewer":"Eliana Guevara","Reviewer_page":"https://www.google.com/maps/contrib/106233866238416741069/reviews?hl=en-US","Review_time":"4 years ago","Review":"","Likes":""},{"Name":"","Category":"","Rating":" 3 stars ","Number_of_Reviews":"","Address":"","Reviewer":"Desmond Foo","Reviewer_page":"https://www.google.com/maps/contrib/106533001184171056899/reviews?hl=en-US","Review_time":"5 years ago","Review":"","Likes":""},{"Name":"","Category":"","Rating":" 5 stars ","Number_of_Reviews":"","Address":"","Reviewer":"Ac1d Ra1n","Reviewer_page":"https://www.google.com/maps/contrib/117354988805915302513/reviews?hl=en-US","Review_time":"2 years ago","Review":"","Likes":""},{"Name":"","Category":"","Rating":" 4 stars ","Number_of_Reviews":"","Address":"","Reviewer":"Artur Caracol","Reviewer_page":"https://www.google.com/maps/contrib/113916205436911494846/reviews?hl=en-US","Review_time":"2 years ago","Review":"","Likes":""},{"Name":"","Category":"","Rating":" 3 stars ","Number_of_Reviews":"","Address":"","Reviewer":"羅郁棠","Reviewer_page":"https://www.google.com/maps/contrib/101310854487934936378/reviews?hl=en-US","Review_time":"6 years ago","Review":"","Likes":""},{"Name":"","Category":"","Rating":" 4 stars ","Number_of_Reviews":"","Address":"","Reviewer":"Hyojun Kim","Reviewer_page":"https://www.google.com/maps/contrib/114558471073265152229/reviews?hl=en-US","Review_time":"3 years ago","Review":"","Likes":""},{"Name":"","Category":"","Rating":" 5 stars ","Number_of_Reviews":"","Address":"","Reviewer":"Mj Jalloh","Reviewer_page":"https://www.google.com/maps/contrib/117043997144008034237/reviews?hl=en-US","Review_time":"4 years ago","Review":"","Likes":""},{"Name":"","Category":"","Rating":" 5 stars ","Number_of_Reviews":"","Address":"","Reviewer":"George Kirtskhaia","Reviewer_page":"https://www.google.com/maps/contrib/104031134170434299129/reviews?hl=en-US","Review_time":"3 years ago","Review":"","Likes":""},{"Name":"","Category":"","Rating":" 5 stars ","Number_of_Reviews":"","Address":"","Reviewer":"Andrés Oronda","Reviewer_page":"https://www.google.com/maps/contrib/114676547909776177658/reviews?hl=en-US","Review_time":"4 years ago","Review":"","Likes":""},{"Name":"","Category":"","Rating":" 4 stars ","Number_of_Reviews":"","Address":"","Reviewer":"Gerald Folly","Reviewer_page":"https://www.google.com/maps/contrib/116784272362080756627/reviews?hl=en-US","Review_time":"2 years ago","Review":"","Likes":""},{"Name":"","Category":"","Rating":" 4 stars ","Number_of_Reviews":"","Address":"","Reviewer":"Daniel Garcia","Reviewer_page":"https://www.google.com/maps/contrib/107473758280893547512/reviews?hl=en-US","Review_time":"2 years ago","Review":"","Likes":""},{"Name":"","Category":"","Rating":" 4 stars ","Number_of_Reviews":"","Address":"","Reviewer":"Lirio Araujo","Reviewer_page":"https://www.google.com/maps/contrib/107294472030853737791/reviews?hl=en-US","Review_time":"a month ago","Review":"","Likes":""},{"Name":"","Category":"","Rating":" 5 stars ","Number_of_Reviews":"","Address":"","Reviewer":"Mia Valour","Reviewer_page":"https://www.google.com/maps/contrib/102124510255395659020/reviews?hl=en-US","Review_time":"a month ago","Review":"","Likes":""},{"Name":"","Category":"","Rating":" 5 stars ","Number_of_Reviews":"","Address":"","Reviewer":"Jonathan “Jon” Lanterman","Reviewer_page":"https://www.google.com/maps/contrib/100552980602641484830/reviews?hl=en-US","Review_time":"4 years ago","Review":"","Likes":""},{"Name":"","Category":"","Rating":" 4 stars ","Number_of_Reviews":"","Address":"","Reviewer":"Iván Morales","Reviewer_page":"https://www.google.com/maps/contrib/106869551286289000168/reviews?hl=en-US","Review_time":"6 years ago","Review":"","Likes":""},{"Name":"","Category":"","Rating":" 3 stars ","Number_of_Reviews":"","Address":"","Reviewer":"Leyki Reynoso","Reviewer_page":"https://www.google.com/maps/contrib/104982266454328276276/reviews?hl=en-US","Review_time":"4 years ago","Review":"","Likes":""},{"Name":"","Category":"","Rating":" 4 stars ","Number_of_Reviews":"","Address":"","Reviewer":"Alex Richter","Reviewer_page":"https://www.google.com/maps/contrib/104753785481448568619/reviews?hl=en-US","Review_time":"4 years ago","Review":"","Likes":""},{"Name":"","Category":"","Rating":" 5 stars ","Number_of_Reviews":"","Address":"","Reviewer":"Dan DiSalvio","Reviewer_page":"https://www.google.com/maps/contrib/104910435640029792372/reviews?hl=en-US","Review_time":"5 years ago","Review":"","Likes":""},{"Name":"","Category":"","Rating":" 4 stars ","Number_of_Reviews":"","Address":"","Reviewer":"Rob Donker","Reviewer_page":"https://www.google.com/maps/contrib/116069256261627897002/reviews?hl=en-US","Review_time":"3 years ago","Review":"","Likes":""},{"Name":"","Category":"","Rating":" 4 stars ","Number_of_Reviews":"","Address":"","Reviewer":"Arnon Landau","Reviewer_page":"https://www.google.com/maps/contrib/101189563484385214911/reviews?hl=en-US","Review_time":"3 years ago","Review":"","Likes":""},{"Name":"","Category":"","Rating":" 2 stars ","Number_of_Reviews":"","Address":"","Reviewer":"cristianperucci","Reviewer_page":"https://www.google.com/maps/contrib/113653833150795924783/reviews?hl=en-US","Review_time":"2 years ago","Review":"","Likes":""},{"Name":"","Category":"","Rating":" 5 stars ","Number_of_Reviews":"","Address":"","Reviewer":"Sibela Feta-Peshtani","Reviewer_page":"https://www.google.com/maps/contrib/104944794409072292100/reviews?hl=en-US","Review_time":"3 years ago","Review":"","Likes":""},{"Name":"","Category":"","Rating":" 5 stars ","Number_of_Reviews":"","Address":"","Reviewer":"Gazi Sopi","Reviewer_page":"https://www.google.com/maps/contrib/101860911386422019164/reviews?hl=en-US","Review_time":"5 years ago","Review":"","Likes":""},{"Name":"","Category":"","Rating":" 5 stars ","Number_of_Reviews":"","Address":"","Reviewer":"Paula Mior","Reviewer_page":"https://www.google.com/maps/contrib/101616891641566379231/reviews?hl=en-US","Review_time":"3 years ago","Review":"","Likes":""},{"Name":"","Category":"","Rating":" 5 stars ","Number_of_Reviews":"","Address":"","Reviewer":"Fangda Hu","Reviewer_page":"https://www.google.com/maps/contrib/111829072567964942503/reviews?hl=en-US","Review_time":"5 years ago","Review":"","Likes":""},{"Name":"","Category":"","Rating":" 4 stars ","Number_of_Reviews":"","Address":"","Reviewer":"Maurits Fiems","Reviewer_page":"https://www.google.com/maps/contrib/107117426555344868138/reviews?hl=en-US","Review_time":"2 years ago","Review":"","Likes":""},{"Name":"","Category":"","Rating":" 5 stars ","Number_of_Reviews":"","Address":"","Reviewer":"Hazel Passey","Reviewer_page":"https://www.google.com/maps/contrib/114196404018535424718/reviews?hl=en-US","Review_time":"3 years ago","Review":"","Likes":""},{"Name":"","Category":"","Rating":" 4 stars ","Number_of_Reviews":"","Address":"","Reviewer":"GISELLE JARDIM","Reviewer_page":"https://www.google.com/maps/contrib/115453763137487149863/reviews?hl=en-US","Review_time":"4 years ago","Review":"","Likes":""},{"Name":"","Category":"","Rating":" 5 stars ","Number_of_Reviews":"","Address":"","Reviewer":"Steve Dunthorne","Reviewer_page":"https://www.google.com/maps/contrib/111938738587668720946/reviews?hl=en-US","Review_time":"3 years ago","Review":"","Likes":""},{"Name":"","Category":"","Rating":" 4 stars ","Number_of_Reviews":"","Address":"","Reviewer":"saul Encinas","Reviewer_page":"https://www.google.com/maps/contrib/100546592957507580049/reviews?hl=en-US","Review_time":"4 years ago","Review":"","Likes":""},{"Name":"","Category":"","Rating":" 5 stars ","Number_of_Reviews":"","Address":"","Reviewer":"enrique quezada","Reviewer_page":"https://www.google.com/maps/contrib/106354719356456763246/reviews?hl=en-US","Review_time":"5 years ago","Review":"","Likes":""},{"Name":"","Category":"","Rating":" 2 stars ","Number_of_Reviews":"","Address":"","Reviewer":"edwin Ramirez","Reviewer_page":"https://www.google.com/maps/contrib/115288548646210530944/reviews?hl=en-US","Review_time":"4 years ago","Review":"","Likes":""},{"Name":"","Category":"","Rating":" 5 stars ","Number_of_Reviews":"","Address":"","Reviewer":"alex kunkevich","Reviewer_page":"https://www.google.com/maps/contrib/107722523686490866016/reviews?hl=en-US","Review_time":"5 years ago","Review":"","Likes":""},{"Name":"","Category":"","Rating":" 5 stars ","Number_of_Reviews":"","Address":"","Reviewer":"Mahindra Bachan","Reviewer_page":"https://www.google.com/maps/contrib/100374088112433630307/reviews?hl=en-US","Review_time":"2 years ago","Review":"","Likes":""},{"Name":"","Category":"","Rating":" 4 stars ","Number_of_Reviews":"","Address":"","Reviewer":"Curtis T","Reviewer_page":"https://www.google.com/maps/contrib/101680548132843627210/reviews?hl=en-US","Review_time":"2 years ago","Review":"","Likes":""},{"Name":"","Category":"","Rating":" 2 stars ","Number_of_Reviews":"","Address":"","Reviewer":"Giuseppe Esposito","Reviewer_page":"https://www.google.com/maps/contrib/108531037651818162719/reviews?hl=en-US","Review_time":"2 years ago","Review":"","Likes":""},{"Name":"","Category":"","Rating":" 4 stars ","Number_of_Reviews":"","Address":"","Reviewer":"Angel Iglesias","Reviewer_page":"https://www.google.com/maps/contrib/110995946434342951540/reviews?hl=en-US","Review_time":"4 years ago","Review":"","Likes":""},{"Name":"","Category":"","Rating":" 4 stars ","Number_of_Reviews":"","Address":"","Reviewer":"DJ SHIN","Reviewer_page":"https://www.google.com/maps/contrib/107626896700501704466/reviews?hl=en-US","Review_time":"3 years ago","Review":"","Likes":""},{"Name":"","Category":"","Rating":" 4 stars ","Number_of_Reviews":"","Address":"","Reviewer":"渡邊一盛","Reviewer_page":"https://www.google.com/maps/contrib/110149006616627408126/reviews?hl=en-US","Review_time":"3 years ago","Review":"","Likes":""},{"Name":"","Category":"","Rating":" 5 stars ","Number_of_Reviews":"","Address":"","Reviewer":"Sonia Gomez","Reviewer_page":"https://www.google.com/maps/contrib/104087031545673603014/reviews?hl=en-US","Review_time":"4 years ago","Review":"","Likes":""},{"Name":"","Category":"","Rating":" 5 stars ","Number_of_Reviews":"","Address":"","Reviewer":"Dulio Denis","Reviewer_page":"https://www.google.com/maps/contrib/113343788493773997526/reviews?hl=en-US","Review_time":"4 years ago","Review":"","Likes":""},{"Name":"","Category":"","Rating":" 3 stars ","Number_of_Reviews":"","Address":"","Reviewer":"Michael Cooper","Reviewer_page":"https://www.google.com/maps/contrib/115369023465076579731/reviews?hl=en-US","Review_time":"2 years ago","Review":"","Likes":""},{"Name":"","Category":"","Rating":" 5 stars ","Number_of_Reviews":"","Address":"","Reviewer":"Kevin Buckley","Reviewer_page":"https://www.google.com/maps/contrib/116123635679717672907/reviews?hl=en-US","Review_time":"3 years ago","Review":"","Likes":""},{"Name":"","Category":"","Rating":" 4 stars ","Number_of_Reviews":"","Address":"","Reviewer":"Giorgio M","Reviewer_page":"https://www.google.com/maps/contrib/100290972761057104923/reviews?hl=en-US","Review_time":"6 years ago","Review":"","Likes":""},{"Name":"","Category":"","Rating":" 5 stars ","Number_of_Reviews":"","Address":"","Reviewer":"Carissa Boncardo","Reviewer_page":"https://www.google.com/maps/contrib/111777833758481144120/reviews?hl=en-US","Review_time":"3 years ago","Review":"","Likes":""},{"Name":"","Category":"","Rating":" 5 stars ","Number_of_Reviews":"","Address":"","Reviewer":"Marina Pavelieva","Reviewer_page":"https://www.google.com/maps/contrib/113666321101122509393/reviews?hl=en-US","Review_time":"6 months ago","Review":"","Likes":""},{"Name":"","Category":"","Rating":" 5 stars ","Number_of_Reviews":"","Address":"","Reviewer":"Golnaz Golriz","Reviewer_page":"https://www.google.com/maps/contrib/114521777927883908272/reviews?hl=en-US","Review_time":"4 years ago","Review":"","Likes":""},{"Name":"","Category":"","Rating":" 5 stars ","Number_of_Reviews":"","Address":"","Reviewer":"Oleksandr Linnyk","Reviewer_page":"https://www.google.com/maps/contrib/106786312873091086755/reviews?hl=en-US","Review_time":"3 years ago","Review":"","Likes":""},{"Name":"","Category":"","Rating":" 2 stars ","Number_of_Reviews":"","Address":"","Reviewer":"Sergio Avila","Reviewer_page":"https://www.google.com/maps/contrib/100868455617202126004/reviews?hl=en-US","Review_time":"6 years ago","Review":"","Likes":""},{"Name":"","Category":"","Rating":" 5 stars ","Number_of_Reviews":"","Address":"","Reviewer":"matt grandinetti","Reviewer_page":"https://www.google.com/maps/contrib/118173112642924113812/reviews?hl=en-US","Review_time":"5 years ago","Review":"","Likes":""},{"Name":"","Category":"","Rating":" 4 stars ","Number_of_Reviews":"","Address":"","Reviewer":"Mauro Galliani","Reviewer_page":"https://www.google.com/maps/contrib/115372710505515377743/reviews?hl=en-US","Review_time":"5 years ago","Review":"","Likes":""},{"Name":"","Category":"","Rating":" 4 stars ","Number_of_Reviews":"","Address":"","Reviewer":"Catarina Ermida","Reviewer_page":"https://www.google.com/maps/contrib/110584682598497674173/reviews?hl=en-US","Review_time":"4 years ago","Review":"","Likes":""},{"Name":"","Category":"","Rating":" 4 stars ","Number_of_Reviews":"","Address":"","Reviewer":"M Girkinger","Reviewer_page":"https://www.google.com/maps/contrib/105801338161022136516/reviews?hl=en-US","Review_time":"a year ago","Review":"","Likes":""},{"Name":"","Category":"","Rating":" 3 stars ","Number_of_Reviews":"","Address":"","Reviewer":"Ken L","Reviewer_page":"https://www.google.com/maps/contrib/102260944067371374402/reviews?hl=en-US","Review_time":"4 years ago","Review":"","Likes":""},{"Name":"","Category":"","Rating":" 1 star ","Number_of_Reviews":"","Address":"","Reviewer":"Trish Keane","Reviewer_page":"https://www.google.com/maps/contrib/117621926981707865950/reviews?hl=en-US","Review_time":"5 months ago","Review":"","Likes":""},{"Name":"","Category":"","Rating":" 5 stars ","Number_of_Reviews":"","Address":"","Reviewer":"Jammie Ketch","Reviewer_page":"https://www.google.com/maps/contrib/101854957306934814656/reviews?hl=en-US","Review_time":"8 months ago","Review":"","Likes":""},{"Name":"","Category":"","Rating":" 3 stars ","Number_of_Reviews":"","Address":"","Reviewer":"Dalia Barchi","Reviewer_page":"https://www.google.com/maps/contrib/111953120346062862725/reviews?hl=en-US","Review_time":"4 years ago","Review":"","Likes":""},{"Name":"","Category":"","Rating":" 3 stars ","Number_of_Reviews":"","Address":"","Reviewer":"Alejandro F. García G.","Reviewer_page":"https://www.google.com/maps/contrib/117046328718832692689/reviews?hl=en-US","Review_time":"8 months ago","Review":"","Likes":""},{"Name":"","Category":"","Rating":" 5 stars ","Number_of_Reviews":"","Address":"","Reviewer":"Alexander Hill","Reviewer_page":"https://www.google.com/maps/contrib/102257611158638561401/reviews?hl=en-US","Review_time":"3 years ago","Review":"","Likes":""},{"Name":"","Category":"","Rating":" 4 stars ","Number_of_Reviews":"","Address":"","Reviewer":"Ayumi Pereira","Reviewer_page":"https://www.google.com/maps/contrib/105821125323667277908/reviews?hl=en-US","Review_time":"3 years ago","Review":"","Likes":""},{"Name":"","Category":"","Rating":" 5 stars ","Number_of_Reviews":"","Address":"","Reviewer":"Ally malatji","Reviewer_page":"https://www.google.com/maps/contrib/105918770882792623800/reviews?hl=en-US","Review_time":"3 years ago","Review":"","Likes":""},{"Name":"","Category":"","Rating":" 5 stars ","Number_of_Reviews":"","Address":"","Reviewer":"Malkiel Israilov","Reviewer_page":"https://www.google.com/maps/contrib/113712167424873468964/reviews?hl=en-US","Review_time":"3 years ago","Review":"","Likes":""},{"Name":"","Category":"","Rating":" 5 stars ","Number_of_Reviews":"","Address":"","Reviewer":"Deneese Ortiz","Reviewer_page":"https://www.google.com/maps/contrib/107779155715054452126/reviews?hl=en-US","Review_time":"2 years ago","Review":"","Likes":""},{"Name":"","Category":"","Rating":" 1 star ","Number_of_Reviews":"","Address":"","Reviewer":"Peter Angelo Cinco","Reviewer_page":"https://www.google.com/maps/contrib/107736900846582937764/reviews?hl=en-US","Review_time":"a year ago","Review":"","Likes":""},{"Name":"","Category":"","Rating":" 5 stars ","Number_of_Reviews":"","Address":"","Reviewer":"Pablo Perez","Reviewer_page":"https://www.google.com/maps/contrib/109409980958147009525/reviews?hl=en-US","Review_time":"a month ago","Review":"","Likes":""},{"Name":"","Category":"","Rating":" 5 stars ","Number_of_Reviews":"","Address":"","Reviewer":"M A","Reviewer_page":"https://www.google.com/maps/contrib/118293898746319169591/reviews?hl=en-US","Review_time":"2 years ago","Review":"","Likes":""},{"Name":"","Category":"","Rating":" 5 stars ","Number_of_Reviews":"","Address":"","Reviewer":"Ivan Phillip","Reviewer_page":"https://www.google.com/maps/contrib/118178166245899819332/reviews?hl=en-US","Review_time":"3 years ago","Review":"","Likes":""},{"Name":"","Category":"","Rating":" 5 stars ","Number_of_Reviews":"","Address":"","Reviewer":"Jae Hilton","Reviewer_page":"https://www.google.com/maps/contrib/114330575110914318594/reviews?hl=en-US","Review_time":"4 years ago","Review":"","Likes":""},{"Name":"","Category":"","Rating":" 5 stars ","Number_of_Reviews":"","Address":"","Reviewer":"Vijaykant Nadadur","Reviewer_page":"https://www.google.com/maps/contrib/116216531774177734275/reviews?hl=en-US","Review_time":"5 years ago","Review":"","Likes":""},{"Name":"","Category":"","Rating":" 3 stars ","Number_of_Reviews":"","Address":"","Reviewer":"Dennys Palma","Reviewer_page":"https://www.google.com/maps/contrib/112118739062782869350/reviews?hl=en-US","Review_time":"a week ago","Review":"","Likes":""},{"Name":"","Category":"","Rating":" 5 stars ","Number_of_Reviews":"","Address":"","Reviewer":"archana ys","Reviewer_page":"https://www.google.com/maps/contrib/101783559204813119438/reviews?hl=en-US","Review_time":"7 years ago","Review":"","Likes":""},{"Name":"","Category":"","Rating":" 3 stars ","Number_of_Reviews":"","Address":"","Reviewer":"Paul D","Reviewer_page":"https://www.google.com/maps/contrib/101353884845524412885/reviews?hl=en-US","Review_time":"5 years ago","Review":"","Likes":""},{"Name":"","Category":"","Rating":" 4 stars ","Number_of_Reviews":"","Address":"","Reviewer":"Roel Gregorio","Reviewer_page":"https://www.google.com/maps/contrib/107303444093086471233/reviews?hl=en-US","Review_time":"11 months ago","Review":"","Likes":""},{"Name":"","Category":"","Rating":" 4 stars ","Number_of_Reviews":"","Address":"","Reviewer":"Kirill Evseev","Reviewer_page":"https://www.google.com/maps/contrib/106120437381065423414/reviews?hl=en-US","Review_time":"3 years ago","Review":"","Likes":""},{"Name":"","Category":"","Rating":" 3 stars ","Number_of_Reviews":"","Address":"","Reviewer":"Matt Butkus","Reviewer_page":"https://www.google.com/maps/contrib/104674318678745497424/reviews?hl=en-US","Review_time":"5 years ago","Review":"","Likes":""},{"Name":"","Category":"","Rating":" 5 stars ","Number_of_Reviews":"","Address":"","Reviewer":"Cenia Hernandez","Reviewer_page":"https://www.google.com/maps/contrib/101986514043926991061/reviews?hl=en-US","Review_time":"a year ago","Review":"","Likes":""},{"Name":"","Category":"","Rating":" 4 stars ","Number_of_Reviews":"","Address":"","Reviewer":"Gaëtan Trellu","Reviewer_page":"https://www.google.com/maps/contrib/106696269068896465161/reviews?hl=en-US","Review_time":"2 years ago","Review":"","Likes":""},{"Name":"","Category":"","Rating":" 4 stars ","Number_of_Reviews":"","Address":"","Reviewer":"Vedish Shah","Reviewer_page":"https://www.google.com/maps/contrib/116548751228728858483/reviews?hl=en-US","Review_time":"3 years ago","Review":"","Likes":""},{"Name":"","Category":"","Rating":" 4 stars ","Number_of_Reviews":"","Address":"","Reviewer":"Edmund Boys","Reviewer_page":"https://www.google.com/maps/contrib/113722669242055659898/reviews?hl=en-US","Review_time":"5 years ago","Review":"","Likes":""},{"Name":"","Category":"","Rating":" 5 stars ","Number_of_Reviews":"","Address":"","Reviewer":"Joel Ogunsola","Reviewer_page":"https://www.google.com/maps/contrib/104814586436136191920/reviews?hl=en-US","Review_time":"3 years ago","Review":"","Likes":""},{"Name":"","Category":"","Rating":" 5 stars ","Number_of_Reviews":"","Address":"","Reviewer":"Keanu DanCyn 4 life","Reviewer_page":"https://www.google.com/maps/contrib/107391578416521057912/reviews?hl=en-US","Review_time":"4 years ago","Review":"","Likes":""},{"Name":"","Category":"","Rating":" 5 stars ","Number_of_Reviews":"","Address":"","Reviewer":"Ty C","Reviewer_page":"https://www.google.com/maps/contrib/114175936850672039678/reviews?hl=en-US","Review_time":"3 years ago","Review":"","Likes":""},{"Name":"","Category":"","Rating":" 4 stars ","Number_of_Reviews":"","Address":"","Reviewer":"Paul Vaksman","Reviewer_page":"https://www.google.com/maps/contrib/116971471907732695999/reviews?hl=en-US","Review_time":"3 years ago","Review":"","Likes":""},{"Name":"","Category":"","Rating":" 5 stars ","Number_of_Reviews":"","Address":"","Reviewer":"Beatriz Aller Atucha","Reviewer_page":"https://www.google.com/maps/contrib/111165514758136457200/reviews?hl=en-US","Review_time":"5 years ago","Review":"","Likes":""},{"Name":"","Category":"","Rating":" 5 stars ","Number_of_Reviews":"","Address":"","Reviewer":"Meg Galvez","Reviewer_page":"https://www.google.com/maps/contrib/104437532552121242648/reviews?hl=en-US","Review_time":"5 years ago","Review":"","Likes":""},{"Name":"","Category":"","Rating":" 5 stars ","Number_of_Reviews":"","Address":"","Reviewer":"Carina Leon","Reviewer_page":"https://www.google.com/maps/contrib/101772498535540925791/reviews?hl=en-US","Review_time":"4 years ago","Review":"","Likes":""},{"Name":"","Category":"","Rating":" 5 stars ","Number_of_Reviews":"","Address":"","Reviewer":"Alessandra Okubo","Reviewer_page":"https://www.google.com/maps/contrib/108465424264161992376/reviews?hl=en-US","Review_time":"4 years ago","Review":"","Likes":""},{"Name":"","Category":"","Rating":" 5 stars ","Number_of_Reviews":"","Address":"","Reviewer":"Alejandro Jose Rosales Montero","Reviewer_page":"https://www.google.com/maps/contrib/109843415312620946861/reviews?hl=en-US","Review_time":"7 months ago","Review":"","Likes":""},{"Name":"","Category":"","Rating":" 5 stars ","Number_of_Reviews":"","Address":"","Reviewer":"Paula J. Pollard","Reviewer_page":"https://www.google.com/maps/contrib/107235884687011580783/reviews?hl=en-US","Review_time":"a year ago","Review":"","Likes":""},{"Name":"","Category":"","Rating":" 3 stars ","Number_of_Reviews":"","Address":"","Reviewer":"Adrian Sanchez","Reviewer_page":"https://www.google.com/maps/contrib/107634237975694128600/reviews?hl=en-US","Review_time":"2 years ago","Review":"","Likes":""},{"Name":"","Category":"","Rating":" 4 stars ","Number_of_Reviews":"","Address":"","Reviewer":"john doe","Reviewer_page":"https://www.google.com/maps/contrib/110268822777416857360/reviews?hl=en-US","Review_time":"3 years ago","Review":"","Likes":""},{"Name":"","Category":"","Rating":" 4 stars ","Number_of_Reviews":"","Address":"","Reviewer":"Ashok Gupta","Reviewer_page":"https://www.google.com/maps/contrib/111636238658024813692/reviews?hl=en-US","Review_time":"5 years ago","Review":"","Likes":""},{"Name":"","Category":"","Rating":" 3 stars ","Number_of_Reviews":"","Address":"","Reviewer":"Laith-samael Haidar","Reviewer_page":"https://www.google.com/maps/contrib/103548638064058430982/reviews?hl=en-US","Review_time":"5 years ago","Review":"","Likes":""},{"Name":"","Category":"","Rating":" 5 stars ","Number_of_Reviews":"","Address":"","Reviewer":"Albert Lee","Reviewer_page":"https://www.google.com/maps/contrib/108764317834078588125/reviews?hl=en-US","Review_time":"6 years ago","Review":"","Likes":""},{"Name":"","Category":"","Rating":" 4 stars ","Number_of_Reviews":"","Address":"","Reviewer":"Diego Martin Zerar","Reviewer_page":"https://www.google.com/maps/contrib/108451956259191729508/reviews?hl=en-US","Review_time":"2 years ago","Review":"","Likes":""},{"Name":"","Category":"","Rating":" 3 stars ","Number_of_Reviews":"","Address":"","Reviewer":"tina williams","Reviewer_page":"https://www.google.com/maps/contrib/111506389047014672243/reviews?hl=en-US","Review_time":"3 years ago","Review":"","Likes":""},{"Name":"","Category":"","Rating":" 1 star ","Number_of_Reviews":"","Address":"","Reviewer":"Kiran P","Reviewer_page":"https://www.google.com/maps/contrib/107922048451298934286/reviews?hl=en-US","Review_time":"3 years ago","Review":"","Likes":""},{"Name":"","Category":"","Rating":" 3 stars ","Number_of_Reviews":"","Address":"","Reviewer":"Maciel Martinez","Reviewer_page":"https://www.google.com/maps/contrib/118311566824273351342/reviews?hl=en-US","Review_time":"4 years ago","Review":"","Likes":""},{"Name":"","Category":"","Rating":" 4 stars ","Number_of_Reviews":"","Address":"","Reviewer":"Myra Nieves","Reviewer_page":"https://www.google.com/maps/contrib/113341995202351256105/reviews?hl=en-US","Review_time":"a year ago","Review":"","Likes":""},{"Name":"","Category":"","Rating":" 5 stars ","Number_of_Reviews":"","Address":"","Reviewer":"jonahlonsdale","Reviewer_page":"https://www.google.com/maps/contrib/107849128493402247950/reviews?hl=en-US","Review_time":"3 years ago","Review":"","Likes":""},{"Name":"","Category":"","Rating":" 3 stars ","Number_of_Reviews":"","Address":"","Reviewer":"Tracy Halle","Reviewer_page":"https://www.google.com/maps/contrib/114458261192197741244/reviews?hl=en-US","Review_time":"2 years ago","Review":"","Likes":""},{"Name":"","Category":"","Rating":" 4 stars ","Number_of_Reviews":"","Address":"","Reviewer":"Carla P.","Reviewer_page":"https://www.google.com/maps/contrib/115968864765699416820/reviews?hl=en-US","Review_time":"3 years ago","Review":"","Likes":""},{"Name":"","Category":"","Rating":" 4 stars ","Number_of_Reviews":"","Address":"","Reviewer":"Chiara Baldini","Reviewer_page":"https://www.google.com/maps/contrib/101194070324189574254/reviews?hl=en-US","Review_time":"11 months ago","Review":"","Likes":""},{"Name":"","Category":"","Rating":" 5 stars ","Number_of_Reviews":"","Address":"","Reviewer":"Mohammed","Reviewer_page":"https://www.google.com/maps/contrib/106639646833101593982/reviews?hl=en-US","Review_time":"6 years ago","Review":"","Likes":""},{"Name":"","Category":"","Rating":" 3 stars ","Number_of_Reviews":"","Address":"","Reviewer":"Monjurul KABIR","Reviewer_page":"https://www.google.com/maps/contrib/116886734830115397143/reviews?hl=en-US","Review_time":"5 years ago","Review":"","Likes":""},{"Name":"","Category":"","Rating":" 4 stars ","Number_of_Reviews":"","Address":"","Reviewer":"n / a","Reviewer_page":"https://www.google.com/maps/contrib/100990040354713237502/reviews?hl=en-US","Review_time":"4 years ago","Review":"","Likes":""},{"Name":"","Category":"","Rating":" 5 stars ","Number_of_Reviews":"","Address":"","Reviewer":"Danny Pascali","Reviewer_page":"https://www.google.com/maps/contrib/113415437471778171925/reviews?hl=en-US","Review_time":"2 years ago","Review":"","Likes":""},{"Name":"","Category":"","Rating":" 4 stars ","Number_of_Reviews":"","Address":"","Reviewer":"ben hope","Reviewer_page":"https://www.google.com/maps/contrib/101476259496127303293/reviews?hl=en-US","Review_time":"5 years ago","Review":"","Likes":""},{"Name":"","Category":"","Rating":" 3 stars ","Number_of_Reviews":"","Address":"","Reviewer":"Louis Desplanche","Reviewer_page":"https://www.google.com/maps/contrib/100122070382891251102/reviews?hl=en-US","Review_time":"6 years ago","Review":"","Likes":""},{"Name":"","Category":"","Rating":" 5 stars ","Number_of_Reviews":"","Address":"","Reviewer":"Serge Nazaire","Reviewer_page":"https://www.google.com/maps/contrib/114911194329451753361/reviews?hl=en-US","Review_time":"3 years ago","Review":"","Likes":""},{"Name":"","Category":"","Rating":" 2 stars ","Number_of_Reviews":"","Address":"","Reviewer":"Virginia Liao","Reviewer_page":"https://www.google.com/maps/contrib/108659835961229463250/reviews?hl=en-US","Review_time":"6 years ago","Review":"","Likes":""},{"Name":"","Category":"","Rating":" 5 stars ","Number_of_Reviews":"","Address":"","Reviewer":"Beverly Barr","Reviewer_page":"https://www.google.com/maps/contrib/108483484879965985916/reviews?hl=en-US","Review_time":"4 years ago","Review":"","Likes":""},{"Name":"","Category":"","Rating":" 5 stars ","Number_of_Reviews":"","Address":"","Reviewer":"Melissawillow H","Reviewer_page":"https://www.google.com/maps/contrib/111419927078121389605/reviews?hl=en-US","Review_time":"3 years ago","Review":"","Likes":""},{"Name":"","Category":"","Rating":" 4 stars ","Number_of_Reviews":"","Address":"","Reviewer":"Fred Bidmead","Reviewer_page":"https://www.google.com/maps/contrib/100429691623225623202/reviews?hl=en-US","Review_time":"3 years ago","Review":"","Likes":""},{"Name":"","Category":"","Rating":" 5 stars ","Number_of_Reviews":"","Address":"","Reviewer":"Pablo Martinez","Reviewer_page":"https://www.google.com/maps/contrib/108664351130543862730/reviews?hl=en-US","Review_time":"2 years ago","Review":"","Likes":""},{"Name":"","Category":"","Rating":" 4 stars ","Number_of_Reviews":"","Address":"","Reviewer":"Kristina Pickens","Reviewer_page":"https://www.google.com/maps/contrib/103839275547997710002/reviews?hl=en-US","Review_time":"5 years ago","Review":"","Likes":""},{"Name":"","Category":"","Rating":" 2 stars ","Number_of_Reviews":"","Address":"","Reviewer":"Shamar Mars","Reviewer_page":"https://www.google.com/maps/contrib/110982304426025952964/reviews?hl=en-US","Review_time":"3 years ago","Review":"","Likes":""},{"Name":"","Category":"","Rating":" 5 stars ","Number_of_Reviews":"","Address":"","Reviewer":"E. Wimbley","Reviewer_page":"https://www.google.com/maps/contrib/110476453362773943828/reviews?hl=en-US","Review_time":"a year ago","Review":"","Likes":""},{"Name":"","Category":"","Rating":" 4 stars ","Number_of_Reviews":"","Address":"","Reviewer":"Monika Pennings","Reviewer_page":"https://www.google.com/maps/contrib/106713398653159001950/reviews?hl=en-US","Review_time":"5 years ago","Review":"","Likes":""},{"Name":"","Category":"","Rating":" 2 stars ","Number_of_Reviews":"","Address":"","Reviewer":"Felipe Sales","Reviewer_page":"https://www.google.com/maps/contrib/109460261418087562914/reviews?hl=en-US","Review_time":"8 months ago","Review":"","Likes":""},{"Name":"","Category":"","Rating":" 5 stars ","Number_of_Reviews":"","Address":"","Reviewer":"Maria José García","Reviewer_page":"https://www.google.com/maps/contrib/109375408205351259736/reviews?hl=en-US","Review_time":"2 years ago","Review":"","Likes":""},{"Name":"","Category":"","Rating":" 4 stars ","Number_of_Reviews":"","Address":"","Reviewer":"Brendan McDowell","Reviewer_page":"https://www.google.com/maps/contrib/103606381230647954106/reviews?hl=en-US","Review_time":"5 years ago","Review":"","Likes":""},{"Name":"","Category":"","Rating":" 3 stars ","Number_of_Reviews":"","Address":"","Reviewer":"Elias Kim","Reviewer_page":"https://www.google.com/maps/contrib/116807499181251519060/reviews?hl=en-US","Review_time":"2 years ago","Review":"","Likes":""},{"Name":"","Category":"","Rating":" 1 star ","Number_of_Reviews":"","Address":"","Reviewer":"peter vecchiarelli","Reviewer_page":"https://www.google.com/maps/contrib/102374248265996142911/reviews?hl=en-US","Review_time":"a year ago","Review":"","Likes":""},{"Name":"","Category":"","Rating":" 2 stars ","Number_of_Reviews":"","Address":"","Reviewer":"Finca Lindavia","Reviewer_page":"https://www.google.com/maps/contrib/107190109575579257144/reviews?hl=en-US","Review_time":"5 years ago","Review":"","Likes":""},{"Name":"","Category":"","Rating":" 5 stars ","Number_of_Reviews":"","Address":"","Reviewer":"Liza Kurchak","Reviewer_page":"https://www.google.com/maps/contrib/106860187683237068605/reviews?hl=en-US","Review_time":"3 years ago","Review":"","Likes":""},{"Name":"","Category":"","Rating":" 4 stars ","Number_of_Reviews":"","Address":"","Reviewer":"Tony Böhm","Reviewer_page":"https://www.google.com/maps/contrib/100476898245417516540/reviews?hl=en-US","Review_time":"11 months ago","Review":"","Likes":""},{"Name":"","Category":"","Rating":" 4 stars ","Number_of_Reviews":"","Address":"","Reviewer":"Mr Summers","Reviewer_page":"https://www.google.com/maps/contrib/113122507297096770884/reviews?hl=en-US","Review_time":"2 years ago","Review":"","Likes":""},{"Name":"","Category":"","Rating":" 4 stars ","Number_of_Reviews":"","Address":"","Reviewer":"Lady Godiva","Reviewer_page":"https://www.google.com/maps/contrib/110544624667023124910/reviews?hl=en-US","Review_time":"4 years ago","Review":"","Likes":""},{"Name":"","Category":"","Rating":" 5 stars ","Number_of_Reviews":"","Address":"","Reviewer":"Kamil (Kolya)","Reviewer_page":"https://www.google.com/maps/contrib/116526301187035743002/reviews?hl=en-US","Review_time":"a year ago","Review":"","Likes":""},{"Name":"","Category":"","Rating":" 4 stars ","Number_of_Reviews":"","Address":"","Reviewer":"Vincent Li","Reviewer_page":"https://www.google.com/maps/contrib/101990743929889162984/reviews?hl=en-US","Review_time":"2 years ago","Review":"","Likes":""},{"Name":"","Category":"","Rating":" 5 stars ","Number_of_Reviews":"","Address":"","Reviewer":"Tina Caruso","Reviewer_page":"https://www.google.com/maps/contrib/103677167301438902295/reviews?hl=en-US","Review_time":"4 years ago","Review":"","Likes":""},{"Name":"","Category":"","Rating":" 5 stars ","Number_of_Reviews":"","Address":"","Reviewer":"Ilija Mirovic","Reviewer_page":"https://www.google.com/maps/contrib/118426146992755883955/reviews?hl=en-US","Review_time":"6 years ago","Review":"","Likes":""},{"Name":"","Category":"","Rating":" 5 stars ","Number_of_Reviews":"","Address":"","Reviewer":"Mila Langlois","Reviewer_page":"https://www.google.com/maps/contrib/107192798506934497222/reviews?hl=en-US","Review_time":"a year ago","Review":"","Likes":""},{"Name":"","Category":"","Rating":" 5 stars ","Number_of_Reviews":"","Address":"","Reviewer":"Anthony Pandolfi","Reviewer_page":"https://www.google.com/maps/contrib/106620633510747119280/reviews?hl=en-US","Review_time":"3 years ago","Review":"","Likes":""},{"Name":"","Category":"","Rating":" 5 stars ","Number_of_Reviews":"","Address":"","Reviewer":"Yousef Bin Heweel (Abu Ghaya)","Reviewer_page":"https://www.google.com/maps/contrib/102513189633181284178/reviews?hl=en-US","Review_time":"3 years ago","Review":"","Likes":""},{"Name":"","Category":"","Rating":" 4 stars ","Number_of_Reviews":"","Address":"","Reviewer":"Mauricio Vanegas","Reviewer_page":"https://www.google.com/maps/contrib/116417446346742406914/reviews?hl=en-US","Review_time":"9 months ago","Review":"","Likes":""},{"Name":"","Category":"","Rating":" 5 stars ","Number_of_Reviews":"","Address":"","Reviewer":"Ted Galfi","Reviewer_page":"https://www.google.com/maps/contrib/106567737200463805652/reviews?hl=en-US","Review_time":"3 years ago","Review":"","Likes":""}