[{"Name":"","Category":"","Rating":" 5 stars ","Number_of_Reviews":"","Address":"","Reviewer":"Upton Zander","Reviewer_page":"https://www.google.com/maps/contrib/106978452874162435694/reviews?hl=en-US","Review_time":"a month ago","Review":"Small cafe in the upper east side with a cute atmosphere and vibe! I got an iced chai latte and my friend got the lavender London fog! We both loved the chai and the London fog was good too! Typical NYC coffee prices","Likes":""},{"Name":"","Category":"","Rating":" 2 stars ","Number_of_Reviews":"","Address":"","Reviewer":"Janibel Sanchez","Reviewer_page":"https://www.google.com/maps/contrib/100613080398871316245/reviews?hl=en-US","Review_time":"5 days ago","Review":"This is almost comical. I can’t make this up: my grande coffee was overflowing due to being filled to the very brim. As soon as I picked it up it began to spill from the sides..I looked at the barista as she looked at me..she asked “what’s the problem” HA! I said “ma’am, it’s over flowing!” She says “okay? so do you want me to dump some out?” Lol! “Yes please”…she proceeds to hand me the cup back, still filled to the brim. I can not make this up you guys. I asked another employee to dump it for me and he did. And THEN she began to gossip to her other coworkers about how difficult customers can be ? LOL the irony of it all? I specifically chose *EXTRA ROOM* on the app for this very reason… I am very tickled by this experience also saddened that I won’t return to this Starbucks which is nearest to me..what an interesting day.","Likes":""},{"Name":"","Category":"","Rating":" 1 star ","Number_of_Reviews":"","Address":"","Reviewer":"Shéna Duval","Reviewer_page":"https://www.google.com/maps/contrib/118368925983838119822/reviews?hl=en-US","Review_time":"2 months ago","Review":"Worst Starbucks around.  Employees are unprofessional and inefficient!!! The line was extremely long and the employees did not care they continued to laugh and converse with each other nothing remotely related to making Starbucks.  Their appearance also sucks! Will never go back there ever and because this has happened on more than one occasion of me going there I think I'll take this a step further!","Likes":"1"},{"Name":"","Category":"","Rating":" 1 star ","Number_of_Reviews":"","Address":"","Reviewer":"Janvi Vasani","Reviewer_page":"https://www.google.com/maps/contrib/104763132561151370417/reviews?hl=en-US","Review_time":"a year ago","Review":"Worst Starbucks branch. Never gets drinks right. Here’s couple photos of my “extra cold foam” drinks. No cold foam in it whatsoever.","Likes":""},{"Name":"","Category":"","Rating":" 1 star ","Number_of_Reviews":"","Address":"","Reviewer":"Swaroop B","Reviewer_page":"https://www.google.com/maps/contrib/100184914222121549321/reviews?hl=en-US","Review_time":"6 months ago","Review":"Terrible! Homeless encampment - smelly , unhygienic right outside next to the 96st train station entrance. Also, waited 12 mins after payment to be told they are out of the sandwich I ordered. My friends coffee was lukewarm and we had to have it replaced.","Likes":"3"},{"Name":"","Category":"","Rating":" 5 stars ","Number_of_Reviews":"","Address":"","Reviewer":"I","Reviewer_page":"https://www.google.com/maps/contrib/104143908945799310362/reviews?hl=en-US","Review_time":"a week ago","Review":"The staff often goes above and beyond. I appreciate that","Likes":""},{"Name":"","Category":"","Rating":" 5 stars ","Number_of_Reviews":"","Address":"","Reviewer":"Derek Stegelmeier","Reviewer_page":"https://www.google.com/maps/contrib/103585544800460227249/reviews?hl=en-US","Review_time":"3 years ago","Review":"Great staff, especially Mario. Don't usually come to Starbucks but the staff here makes me want to come more often. No judgment at all for me not having a clue how the menu works. Great experience!","Likes":""},{"Name":"","Category":"","Rating":" 5 stars ","Number_of_Reviews":"","Address":"","Reviewer":"Felicia Condos","Reviewer_page":"https://www.google.com/maps/contrib/114220637649259012081/reviews?hl=en-US","Review_time":"a year ago","Review":"Love this location! The morning crew are my favorite people to see in the morning! They are always smiling and greeting you as you walk in the door. They make the effort to get to know you! Makes you feel like part of the family. Highly recommend going!","Likes":""},{"Name":"","Category":"","Rating":" 1 star ","Number_of_Reviews":"","Address":"","Reviewer":"Idalys Torres","Reviewer_page":"https://www.google.com/maps/contrib/115744999639902728489/reviews?hl=en-US","Review_time":"a year ago","Review":"The workers are very, very kind but this is the 3rd time that my order was just forgotten. I usually stop here before jumping on the train and I try to come 10-15 minutes before my train leaves for work. Today it was 12 minutes and I ordered an espresso over ice and a sandwich. With less than 5 minutes to my train and people who ordered after me receiving their order I go up to see what’s up, only to find that they have no receipt. I had to leave empty handed although I paid, I just couldn’t afford to miss the train. This hasn’t been the first time and I understand working as a barista so i usually give them the benefit of the doubt, but the lack of organization (that’s all I can assume it is) is kind of insane.","Likes":""},{"Name":"","Category":"","Rating":" 1 star ","Number_of_Reviews":"","Address":"","Reviewer":"Liz B","Reviewer_page":"https://www.google.com/maps/contrib/107504501748246727382/reviews?hl=en-US","Review_time":"a year ago","Review":"Just walked out after the barista simply took another customers order and skipped me while at the register!!! So here is what happened. My husband and I were at the register. Since he was on the phone I placed my order first as he wrapped things up. Once I was done mind you there were only 2 people.. he was hanging up when she couldn't wait not even 10 seconds. I understand those few seconds having that much value when there is a long line and we know those days it's packed. It was unprofessional but we didn't make a scene we simply left and took our business elsewhere. We won't be visiting this particular starbucks again. Mind you he was only asking his father in law if he wanted a coffee.","Likes":"2"},{"Name":"","Category":"","Rating":" 4 stars ","Number_of_Reviews":"","Address":"","Reviewer":"Jay Bailey","Reviewer_page":"https://www.google.com/maps/contrib/115375247810448253505/reviews?hl=en-US","Review_time":"2 years ago","Review":"I have been coming to this location for over 3 years and I order the same exact Mocha Frapp Venti. Whenever I go to any Starbucks, I get the same exact drink. I ask the Barista, after pouring my drink from the blender to the cup, if there is any extra, just pour it in another cup please. And for every visit, the Barista graciously pours it in another cup. I'm talking 3oz-4oz of extra. It has never been an issue, at any Starbucks, until today! The Barista was told by the PM Manager not to do it. Instead, the Barista was instructed to pour in the sink!  What a waste! I subsequently received a lecture as to why Starbucks does not allow pouring the extra. Not sure why this manager felt it was a federal issue when the amount that was wasted was not even measured and accounted!!  Smh!!  It's really not that serious Mr. SOP Manager!  It's ok to think outside the SOP!","Likes":""},{"Name":"","Category":"","Rating":" 5 stars ","Number_of_Reviews":"","Address":"","Reviewer":"Joseph Zygnerski","Reviewer_page":"https://www.google.com/maps/contrib/109959134946435819108/reviews?hl=en-US","Review_time":"3 years ago","Review":"This is one of the best Starbucks I've been to. The staff is really nice and the drinks are very well made. It's not that big but it has some nice comfy seating and it's clean. In fact, it's one of the cleanest Starbucks I've been to. The bathroom is clean and smells faintly of cleaning products, in contrast to the smelly bathroom at my local Starbucks. The whole place has a fun vibe, too. Also really convenient, as it's located directly outside the subway station.","Likes":"1"},{"Name":"","Category":"","Rating":" 1 star ","Number_of_Reviews":"","Address":"","Reviewer":"Alban Bruyas","Reviewer_page":"https://www.google.com/maps/contrib/102590465580472390558/reviews?hl=en-US","Review_time":"10 months ago","Review":"I’ve experienced a lot of Starbucks, the service was the worst EVER : so long, not the good order, any respect, any help.\nWe didn’t feel in a Starbucks !","Likes":""},{"Name":"","Category":"","Rating":" 2 stars ","Number_of_Reviews":"","Address":"","Reviewer":"Dina Dass","Reviewer_page":"https://www.google.com/maps/contrib/114229528761220528400/reviews?hl=en-US","Review_time":"a year ago","Review":"We ordered a Chestnut praline latte from your store today that tasted very bitter/burnt and was not sweet at all, and also ordered a Caramel brûlée latte specifically asking for whipped cream/sprinkles but it did not come with any of that. I am typically a huge Starbucks fan but today the quality of the drinks was not good. We informed Uber Eats of the issue and they would not issue us a refund. This was unfortunate.","Likes":""},{"Name":"","Category":"","Rating":" 5 stars ","Number_of_Reviews":"","Address":"","Reviewer":"Wayne Green","Reviewer_page":"https://www.google.com/maps/contrib/103925625501634026907/reviews?hl=en-US","Review_time":"2 years ago","Review":"Ordered a grande Frappuccino today and the man who served it to me was so lovely and smiley. He was very respectful of social distancing and opened the door and handed drink across so no interaction. Even handed it to me In a mug so no touching. Thanks for great service and friendly smile during this time! And my drink was perfect.","Likes":""},{"Name":"","Category":"","Rating":" 5 stars ","Number_of_Reviews":"","Address":"","Reviewer":"Samantha Guevara","Reviewer_page":"https://www.google.com/maps/contrib/112882796588010271832/reviews?hl=en-US","Review_time":"3 years ago","Review":"Chelsea is so nice. I asked her what a Blonde was and if she enjoyed it. She said she really does and described it to me as warm and smooth. I told her I’ll try it. She said she would make it on the house and hopes I like it. That was the friendliest experience I’ve had at a Starbucks. I couldn’t believe it! The store is also very clean and so is the restroom which is hidden in the back around the corner.","Likes":""},{"Name":"","Category":"","Rating":" 1 star ","Number_of_Reviews":"","Address":"","Reviewer":"Kyle Diamond","Reviewer_page":"https://www.google.com/maps/contrib/113527930254611689178/reviews?hl=en-US","Review_time":"2 years ago","Review":"I'm a disabled veteran.  I've had 2 knee replacements. I sat down to wait, too long for my drink. I didn't sit to dine I sat to wait. All of a sudden 3 of the rudest women I've ever had in a retail establishment yelled @ me to get up because the dining area was closed. I refused until I get my drink. They continued yelling at me & refused to give me a straw because of the special cold drink lid. I asked them to change the lid specifically because they were not wearing gloves when they closed the coffee. I wound up throwing the drink away & went to the corner cart to get a drink. I will not again put up with rudeness like that. String off the area if no one could sit.  I will sit on the floor. I was an available seat & I had not planned on dining.  What is the difference if I stand or sit waiting for my drink??","Likes":""},{"Name":"","Category":"","Rating":" 2 stars ","Number_of_Reviews":"","Address":"","Reviewer":"John Maull","Reviewer_page":"https://www.google.com/maps/contrib/116208111380976228257/reviews?hl=en-US","Review_time":"a year ago","Review":"This Starbucks puts a green stopper in every drink before giving it to customers. Why is it doing this?  The barista shrugged and said “standard”. No other reason. It is a waste of plastic and is filling up landfills with more non-recyclable garbage.","Likes":""},{"Name":"","Category":"","Rating":" 4 stars ","Number_of_Reviews":"","Address":"","Reviewer":"dan cohen","Reviewer_page":"https://www.google.com/maps/contrib/112920038098147154902/reviews?hl=en-US","Review_time":"a year ago","Review":"Starbucks is Starbucks, you know what you're going to get no matter which one you go to. And there's definitely value in consistency. Is it the best coffee ever? No, of course not. But you're not going here for that.","Likes":"1"},{"Name":"","Category":"","Rating":" 5 stars ","Number_of_Reviews":"","Address":"","Reviewer":"Alina Alfonso","Reviewer_page":"https://www.google.com/maps/contrib/108181346292804738679/reviews?hl=en-US","Review_time":"4 years ago","Review":"I've been here a few times and they're always made my coffees as instructed, and I always change something, with a smile. By the 2nd/3rd time a couple of the guys new my name and greeted me as I walked in, and even remembered what I had order before. Feels welcoming and the coffee is always great","Likes":""},{"Name":"","Category":"","Rating":" 4 stars ","Number_of_Reviews":"","Address":"","Reviewer":"Lmar","Reviewer_page":"https://www.google.com/maps/contrib/101804213097514668916/reviews?hl=en-US","Review_time":"4 years ago","Review":"I live close to this Starbucks and I come very often. Staff is very friendly, fast service and if they got something wrong they make it up right away. It can get pretty bussy at peak hours since is right next to the subway station. My only complain is that even though the store closes at 10 pm, employees start cleaning and putting chairs up and on the table after 7 pm. I don’t like to have my coffe while breathing the dust in the air. Seeing the chairs up o the table looks like you can not sit there any more.","Likes":""},{"Name":"","Category":"","Rating":" 1 star ","Number_of_Reviews":"","Address":"","Reviewer":"Gina Farkas","Reviewer_page":"https://www.google.com/maps/contrib/113911657602018497299/reviews?hl=en-US","Review_time":"2 years ago","Review":"I went in to order today (6/16) and the lady at the door sucked her teeth and rolled her eyes at me because she asked if I had the app and I told her no I do not . So I put it my order and I asked what the total was , she put her hand out to collect money and ignored me . She was extremely rude ! I didn't say much to her besides Thank you !!! I think her name was Charly. (9:40 am)","Likes":""},{"Name":"","Category":"","Rating":" 2 stars ","Number_of_Reviews":"","Address":"","Reviewer":"Jazzy Delgado","Reviewer_page":"https://www.google.com/maps/contrib/109115306026709813420/reviews?hl=en-US","Review_time":"4 years ago","Review":"I stood there for ever in the morning for a lady to give me my bagel . I watched her Just take her sweet time and wouldn’t stop talking . Like the rest of the staff , the barista couldn’t get off her phone to make a simple black ice coffee . The staff needs better training and customer service .","Likes":""},{"Name":"","Category":"","Rating":" 5 stars ","Number_of_Reviews":"","Address":"","Reviewer":"Steve1967 Harwood","Reviewer_page":"https://www.google.com/maps/contrib/109525851955370785628/reviews?hl=en-US","Review_time":"3 years ago","Review":"Place has vastly improved since it first opened. Great service, very friendly young staff, if you're a regular there they remember your favorite order,  sometimes to quick if you're in the mood for something different. Place is very clean and well maintained,  as it's literally one door over from the 94th street Q entrance which makes it very convenient for commuting to and back from work.","Likes":""},{"Name":"","Category":"","Rating":" 1 star ","Number_of_Reviews":"","Address":"","Reviewer":"S C","Reviewer_page":"https://www.google.com/maps/contrib/103469739080840848108/reviews?hl=en-US","Review_time":"3 years ago","Review":"This location makes the worst cappucino.  I got a large soy cappuccino and no kidding 3/4 of the cup was foam!!  What's the difference between small and large size then?  I paid extra for foam?  I think the barista needs more training, and common sense.","Likes":""},{"Name":"","Category":"","Rating":" 1 star ","Number_of_Reviews":"","Address":"","Reviewer":"Lt. Hurwitz","Reviewer_page":"https://www.google.com/maps/contrib/109362446838236713537/reviews?hl=en-US","Review_time":"4 years ago","Review":"this is one of the worst Starbucks I've visited but its the most convenient for me right now. twice they had no fresh coffee ready at like 1 or 2 in the afternoon. I've been there 40 or 50 times and a dozen times they didn't have any whole milk available. when I ask for milk for my coffee they either look at me like I'm crazy or they cop an attitude like I'm bothering them. hello, its Starbucks, coffee with milk is basic. ugh, I'm going more frequently to the hipster place a couple of blocks up. this Starbucks makes me unhappy and life is too short for unnecessary unpleasantness.\n\n9/11/17-This place has improved so much I'm convinced someone at Starbucks actually read my review. Much improved. I go here 4 or 5 times a week.\n\n11/29/17-No, no more coffee or tea here. I’m through. Too often there is no whole milk. Again today a scene when I asked for whole milk. Ridiculous!","Likes":"1"},{"Name":"","Category":"","Rating":" 5 stars ","Number_of_Reviews":"","Address":"","Reviewer":"Oleg C","Reviewer_page":"https://www.google.com/maps/contrib/118231070789088749491/reviews?hl=en-US","Review_time":"5 years ago","Review":"Generally, I am not fan of Starbucks. I rarely attend them. But these guys I like are different, cannot explain why. To clean, friendly, coffee is great and tasty.","Likes":""},{"Name":"","Category":"","Rating":" 1 star ","Number_of_Reviews":"","Address":"","Reviewer":"Peter Buchi","Reviewer_page":"https://www.google.com/maps/contrib/108114273920350162900/reviews?hl=en-US","Review_time":"5 years ago","Review":"Every time I come into this Starbucks on 94th and Second they get something wrong. It's almost always little things, but it's always something. It's like they're listening with only part of their attention, and then just fulfilling your order like they think you ought to want it. And if you complain, they throw attitude...","Likes":""},{"Name":"","Category":"","Rating":" 4 stars ","Number_of_Reviews":"","Address":"","Reviewer":"Charles Smith","Reviewer_page":"https://www.google.com/maps/contrib/109043136544678200383/reviews?hl=en-US","Review_time":"4 years ago","Review":"Not the best, if you're lucky you're gonna get exceptional service from select baristas. But only on the luck of the draw. For example I've asked to redeem a birthday reward & had stars where used instead. It's as bust as you would expect for it's subway station location.","Likes":""},{"Name":"","Category":"","Rating":" 3 stars ","Number_of_Reviews":"","Address":"","Reviewer":"Denis O. Ortiz","Reviewer_page":"https://www.google.com/maps/contrib/109475030659135342733/reviews?hl=en-US","Review_time":"5 years ago","Review":"Compared to the Starbucks on 87th on both Third & Lexington Avenues,  the feeling of being welcomed isn't felt here when I come in during the afternoons. Maybe all the construction in the area, even though it's visually changing from construction site to neighborhood, it's still noisy and may add to the negative feelings. Maybe a smile and a look in the eye from the baristas will help. A little more friendliness and hospitality can go a long, long way.","Likes":""},{"Name":"","Category":"","Rating":" 5 stars ","Number_of_Reviews":"","Address":"","Reviewer":"sandra wynter","Reviewer_page":"https://www.google.com/maps/contrib/102180889253234525130/reviews?hl=en-US","Review_time":"3 years ago","Review":"I am a Starbuck's fan . I can't live without it because Starbuck's feel's warm and cozy , and we as human being's are designed and created to love and feel , and I thank you Starbuck's for sharing your warmth and love in a warm cozy cabin  with a cup of my favorite pralines and cream latte .","Likes":"1"},{"Name":"","Category":"","Rating":" 1 star ","Number_of_Reviews":"","Address":"","Reviewer":"Shey (ShesThatGirl)","Reviewer_page":"https://www.google.com/maps/contrib/105399947191900824222/reviews?hl=en-US","Review_time":"4 years ago","Review":"I literally just came from this place, and that’s the last time. The customer service is definitely a disappointment. I was waiting for my order that they got wrong, but no one said nothing to me. I was standing  there for about 20 minutes before I actually spoke to the manager like what is going on? Never again.","Likes":"1"},{"Name":"","Category":"","Rating":" 5 stars ","Number_of_Reviews":"","Address":"","Reviewer":"Carolyn Weddell","Reviewer_page":"https://www.google.com/maps/contrib/103371547345347948303/reviews?hl=en-US","Review_time":"3 years ago","Review":"Unlike most other Starbucks locations these days (one reason I visit all outlets with increasingly diminishing frequency), this one has staff that actively engages customers, ready to take orders at the register versus doing just about anything else.  Kudos, 94th & Second Ave.","Likes":""},{"Name":"","Category":"","Rating":" 4 stars ","Number_of_Reviews":"","Address":"","Reviewer":"Varun Deshpande","Reviewer_page":"https://www.google.com/maps/contrib/111977240564809345741/reviews?hl=en-US","Review_time":"5 years ago","Review":"Brand new starbucks opened right next to the 93rd st entrance to the new 96th st train station on 2nd avenue. Been going here for my regular starbucks fix since it opened and so far so good. Friendly and attentive staff along with shorter lines compared to the other 2 locations nearby. Definitely the best one among the 3 within a 10 min walking radius. I imagine it will probably get more crowder once the subway is operational. Seating is limited as this location is smaller than the other 2 but they've made good use of the space.","Likes":""},{"Name":"","Category":"","Rating":" 3 stars ","Number_of_Reviews":"","Address":"","Reviewer":"Senior Cabeza de Papa","Reviewer_page":"https://www.google.com/maps/contrib/103630351319564047960/reviews?hl=en-US","Review_time":"2 years ago","Review":"Always overpriced and pretentious. I was trying to use their bathroom but guess people never have to pee now since covid is around.","Likes":"1"},{"Name":"","Category":"","Rating":" 1 star ","Number_of_Reviews":"","Address":"","Reviewer":"Glenda Melendez","Reviewer_page":"https://www.google.com/maps/contrib/105593386149177960817/reviews?hl=en-US","Review_time":"a year ago","Review":"Terrible service long wait for an ice Carmel latte which taste nasty never again","Likes":""},{"Name":"","Category":"","Rating":" 5 stars ","Number_of_Reviews":"","Address":"","Reviewer":"Shadow Moon","Reviewer_page":"https://www.google.com/maps/contrib/104551546328223634373/reviews?hl=en-US","Review_time":"3 years ago","Review":"Great staff and very clean. Usually pretty busy being close to the train but one of the better starbucks in the area!","Likes":""},{"Name":"","Category":"","Rating":" 5 stars ","Number_of_Reviews":"","Address":"","Reviewer":"Eddie Pagan","Reviewer_page":"https://www.google.com/maps/contrib/109810381672962374002/reviews?hl=en-US","Review_time":"a year ago","Review":"Store clean workers nice and friendly food and drinks fast.","Likes":""},{"Name":"","Category":"","Rating":" 5 stars ","Number_of_Reviews":"","Address":"","Reviewer":"Lll Nono","Reviewer_page":"https://www.google.com/maps/contrib/103900316375890317064/reviews?hl=en-US","Review_time":"a year ago","Review":"Staffs are friendly and great service. Loved their smile.","Likes":""},{"Name":"","Category":"","Rating":" 1 star ","Number_of_Reviews":"","Address":"","Reviewer":"LateDecember1","Reviewer_page":"https://www.google.com/maps/contrib/103330562754126899064/reviews?hl=en-US","Review_time":"5 years ago","Review":"There is a nice view of 2nd Avenue. BUT THE WORKERS DO NOT KEEP THE AREA OF THE TABLES CLEAN AT ALL. SO DIRTY THERE WAS FRIGGIN ANTS. I SPOKE TO ONE OF THE WORKERS EVENTUALLY SHE DID A HALF ASS SWEEP NOT EVEN A MOPPING TO KEEP THE ANTS AWAY. SUCKS IN TERMS OF CLEANILESS.","Likes":"1"},{"Name":"","Category":"","Rating":" 4 stars ","Number_of_Reviews":"","Address":"","Reviewer":"Aleksandar Jocic","Reviewer_page":"https://www.google.com/maps/contrib/101062839425337339556/reviews?hl=en-US","Review_time":"3 years ago","Review":"Excellent service, great coffee selection. A little bit overpriced, but that's because Starbucks is a world class franchise.","Likes":"1"},{"Name":"","Category":"","Rating":" 4 stars ","Number_of_Reviews":"","Address":"","Reviewer":"Andrew Borisyuk","Reviewer_page":"https://www.google.com/maps/contrib/115050842292903591041/reviews?hl=en-US","Review_time":"4 years ago","Review":"Good coffee if you know how to order. Respectful workers, drink was made well","Likes":""},{"Name":"","Category":"","Rating":" 3 stars ","Number_of_Reviews":"","Address":"","Reviewer":"Contour Mamii","Reviewer_page":"https://www.google.com/maps/contrib/104034878610369110970/reviews?hl=en-US","Review_time":"3 years ago","Review":"It was good but the peoples that works there could prepare my drink exactly how it looks and sounds","Likes":""},{"Name":"","Category":"","Rating":" 1 star ","Number_of_Reviews":"","Address":"","Reviewer":"Jedi Wizard","Reviewer_page":"https://www.google.com/maps/contrib/102837762908409007355/reviews?hl=en-US","Review_time":"11 months ago","Review":"Very rude staff, always get my order wrong very lazy","Likes":""},{"Name":"","Category":"","Rating":" 5 stars ","Number_of_Reviews":"","Address":"","Reviewer":"MICHAEL","Reviewer_page":"https://www.google.com/maps/contrib/117931506250245488611/reviews?hl=en-US","Review_time":"4 years ago","Review":"great place just right near a green line 6 train station. love to grab a panini here with some coffe with butter....mmmm. very recommended to visit. very cozy place .","Likes":"1"},{"Name":"","Category":"","Rating":" 5 stars ","Number_of_Reviews":"","Address":"","Reviewer":"Phillip Kwong","Reviewer_page":"https://www.google.com/maps/contrib/103136752684232218800/reviews?hl=en-US","Review_time":"5 years ago","Review":"Great service, amazing staff, speed of food even with multiple people waiting...It's my go-to Starbucks when I'm in the neighborhood!","Likes":""},{"Name":"","Category":"","Rating":" 5 stars ","Number_of_Reviews":"","Address":"","Reviewer":"Michael Merz","Reviewer_page":"https://www.google.com/maps/contrib/111653596128872712509/reviews?hl=en-US","Review_time":"5 years ago","Review":"The Staff are awesome. They  courteous, know their customers drinks and are full of energy.","Likes":""},{"Name":"","Category":"","Rating":" 5 stars ","Number_of_Reviews":"","Address":"","Reviewer":"Pam Cheung","Reviewer_page":"https://www.google.com/maps/contrib/101569280846238003486/reviews?hl=en-US","Review_time":"5 years ago","Review":"Very busy Starbucks right next to Q stop. Lots of laptop workers taking up ALL the tables, but they are pretty nice here.","Likes":""},{"Name":"","Category":"","Rating":" 2 stars ","Number_of_Reviews":"","Address":"","Reviewer":"Fionn Mcelligott","Reviewer_page":"https://www.google.com/maps/contrib/107691023487875077314/reviews?hl=en-US","Review_time":"2 years ago","Review":"Rude staff.\nDrink was wrong.\nKeep driving down to 76th and 2nd for good service.","Likes":""},{"Name":"","Category":"","Rating":" 4 stars ","Number_of_Reviews":"","Address":"","Reviewer":"Brian Watson","Reviewer_page":"https://www.google.com/maps/contrib/108001804246012370030/reviews?hl=en-US","Review_time":"4 years ago","Review":"This store was nice because it was close to our hotel and not crazy crowded like many Starbucks in this city","Likes":""},{"Name":"","Category":"","Rating":" 5 stars ","Number_of_Reviews":"","Address":"","Reviewer":"margarita soto","Reviewer_page":"https://www.google.com/maps/contrib/116551474757169646983/reviews?hl=en-US","Review_time":"5 years ago","Review":"Love the environment.  People friendly.  Always smiling.  Minimal wait time for items ordered.","Likes":"1"},{"Name":"","Category":"","Rating":" 3 stars ","Number_of_Reviews":"","Address":"","Reviewer":"Tasha Ellis","Reviewer_page":"https://www.google.com/maps/contrib/112089157823977066424/reviews?hl=en-US","Review_time":"3 years ago","Review":"People were very nice but it was a little slow for me to get my order.","Likes":""},{"Name":"","Category":"","Rating":" 5 stars ","Number_of_Reviews":"","Address":"","Reviewer":"Saw Pe","Reviewer_page":"https://www.google.com/maps/contrib/109721556463307592850/reviews?hl=en-US","Review_time":"5 years ago","Review":"Nice place for refreshing coffee near my bike path on Second Avenue.  Q train line finally opened nearby.","Likes":""},{"Name":"","Category":"","Rating":" 3 stars ","Number_of_Reviews":"","Address":"","Reviewer":"George Estevez","Reviewer_page":"https://www.google.com/maps/contrib/101342278727697745579/reviews?hl=en-US","Review_time":"4 years ago","Review":"The brewed coffee is slacking and they are slow almost got a parking ticket. Then the music is to loud.","Likes":"1"},{"Name":"","Category":"","Rating":" 5 stars ","Number_of_Reviews":"","Address":"","Reviewer":"valdora wimberly","Reviewer_page":"https://www.google.com/maps/contrib/104955581735567248342/reviews?hl=en-US","Review_time":"2 years ago","Review":"I will say that the starbuck staff was very good today.","Likes":""},{"Name":"","Category":"","Rating":" 5 stars ","Number_of_Reviews":"","Address":"","Reviewer":"Nikki McDougal","Reviewer_page":"https://www.google.com/maps/contrib/116299963705074113491/reviews?hl=en-US","Review_time":"7 months ago","Review":"Very pleasant excellent service","Likes":""},{"Name":"","Category":"","Rating":" 5 stars ","Number_of_Reviews":"","Address":"","Reviewer":"Ben Chester","Reviewer_page":"https://www.google.com/maps/contrib/100093115818946692027/reviews?hl=en-US","Review_time":"4 years ago","Review":"Lots of seating and light for a Starbucks. Great spot to camp out and get work done","Likes":""},{"Name":"","Category":"","Rating":" 2 stars ","Number_of_Reviews":"","Address":"","Reviewer":"L B","Reviewer_page":"https://www.google.com/maps/contrib/105262135268660745087/reviews?hl=en-US","Review_time":"4 years ago","Review":"Starbucks is great at what it is - a consistent coffee shop.  Nothing special - just consistent coffee.","Likes":"1"},{"Name":"","Category":"","Rating":" 3 stars ","Number_of_Reviews":"","Address":"","Reviewer":"Le Mandeville","Reviewer_page":"https://www.google.com/maps/contrib/111854750524645002966/reviews?hl=en-US","Review_time":"3 years ago","Review":"Purchased a venti cloud caramel macchiato and it went flat by the time I got to the office.","Likes":""},{"Name":"","Category":"","Rating":" 1 star ","Number_of_Reviews":"","Address":"","Reviewer":"Estrella Nunez","Reviewer_page":"https://www.google.com/maps/contrib/100494028656912461502/reviews?hl=en-US","Review_time":"5 years ago","Review":"Coffee was great! Better cashier with better  manner will be great","Likes":""},{"Name":"","Category":"","Rating":" 5 stars ","Number_of_Reviews":"","Address":"","Reviewer":"Steve Markowitz","Reviewer_page":"https://www.google.com/maps/contrib/101070479595841195364/reviews?hl=en-US","Review_time":"5 years ago","Review":"Friendly staff and consistent product..love the new mango pineapple frozen drink!","Likes":""},{"Name":"","Category":"","Rating":" 5 stars ","Number_of_Reviews":"","Address":"","Reviewer":"night angel","Reviewer_page":"https://www.google.com/maps/contrib/105859998270472759939/reviews?hl=en-US","Review_time":"5 years ago","Review":"Really really nice staff working there ! Love the way they handle the customers !","Likes":""},{"Name":"","Category":"","Rating":" 5 stars ","Number_of_Reviews":"","Address":"","Reviewer":"Blanca Sanchez","Reviewer_page":"https://www.google.com/maps/contrib/110111009634944799697/reviews?hl=en-US","Review_time":"a year ago","Review":"It was fast to get your drink","Likes":""},{"Name":"","Category":"","Rating":" 5 stars ","Number_of_Reviews":"","Address":"","Reviewer":"richard virga","Reviewer_page":"https://www.google.com/maps/contrib/100578648817136608574/reviews?hl=en-US","Review_time":"4 years ago","Review":"Great place. Nice people. Good coffee.","Likes":""},{"Name":"","Category":"","Rating":" 5 stars ","Number_of_Reviews":"","Address":"","Reviewer":"Sara Sparks","Reviewer_page":"https://www.google.com/maps/contrib/114621367660165474163/reviews?hl=en-US","Review_time":"3 years ago","Review":"FRIENDLY and FAST service at rush hour. Very impressed","Likes":""},{"Name":"","Category":"","Rating":" 1 star ","Number_of_Reviews":"","Address":"","Reviewer":"Dawn Lewis","Reviewer_page":"https://www.google.com/maps/contrib/109175151531988285466/reviews?hl=en-US","Review_time":"3 years ago","Review":"Workers never attended to me, he was wiping counter tops worker waited for someone else to come in and I walked out.","Likes":""},{"Name":"","Category":"","Rating":" 1 star ","Number_of_Reviews":"","Address":"","Reviewer":"Manuella Ep","Reviewer_page":"https://www.google.com/maps/contrib/113659168800110938771/reviews?hl=en-US","Review_time":"3 years ago","Review":"The worst ever. Disorganized can’t follow simple preparation instructions. The last 3 months the service went down.","Likes":""},{"Name":"","Category":"","Rating":" 4 stars ","Number_of_Reviews":"","Address":"","Reviewer":"Jeffrey Yung","Reviewer_page":"https://www.google.com/maps/contrib/100188867679650386996/reviews?hl=en-US","Review_time":"5 years ago","Review":"location is great, right next to new Q train station, clean, lots of sunlight","Likes":""},{"Name":"","Category":"","Rating":" 4 stars ","Number_of_Reviews":"","Address":"","Reviewer":"Cherly Marte","Reviewer_page":"https://www.google.com/maps/contrib/101828771644101355584/reviews?hl=en-US","Review_time":"5 years ago","Review":"Super friendly employees!\nGreat Coffee~","Likes":""},{"Name":"","Category":"","Rating":" 5 stars ","Number_of_Reviews":"","Address":"","Reviewer":"Meleney Linares","Reviewer_page":"https://www.google.com/maps/contrib/102056051117606168699/reviews?hl=en-US","Review_time":"5 years ago","Review":"Service is always fast and accurate... employees are polite and efficient","Likes":""},{"Name":"","Category":"","Rating":" 5 stars ","Number_of_Reviews":"","Address":"","Reviewer":"Entela Rexhepi","Reviewer_page":"https://www.google.com/maps/contrib/113740142357642230312/reviews?hl=en-US","Review_time":"2 years ago","Review":"Loved the people who work there happy place happy people","Likes":"1"},{"Name":"","Category":"","Rating":" 5 stars ","Number_of_Reviews":"","Address":"","Reviewer":"chrissy fritta","Reviewer_page":"https://www.google.com/maps/contrib/108742720100184697141/reviews?hl=en-US","Review_time":"3 years ago","Review":"Ahhh my home away from home lol i'm a stsrbucks -aholic!!😂😂","Likes":""},{"Name":"","Category":"","Rating":" 4 stars ","Number_of_Reviews":"","Address":"","Reviewer":"Jean","Reviewer_page":"https://www.google.com/maps/contrib/115606435305763848363/reviews?hl=en-US","Review_time":"3 years ago","Review":"Very clean and cozy. Very friendly staff too","Likes":""},{"Name":"","Category":"","Rating":" 1 star ","Number_of_Reviews":"","Address":"","Reviewer":"Albert Groshenko","Reviewer_page":"https://www.google.com/maps/contrib/108978321978114419537/reviews?hl=en-US","Review_time":"3 years ago","Review":"Closed at 8:50 pm - schedule says closing at 9 pm. Very upsetting","Likes":""},{"Name":"","Category":"","Rating":" 5 stars ","Number_of_Reviews":"","Address":"","Reviewer":"Shizuka Ichinohe","Reviewer_page":"https://www.google.com/maps/contrib/112102999692126084895/reviews?hl=en-US","Review_time":"3 years ago","Review":"People working here are nice and sweet.","Likes":""},{"Name":"","Category":"","Rating":" 4 stars ","Number_of_Reviews":"","Address":"","Reviewer":"Harry M","Reviewer_page":"https://www.google.com/maps/contrib/105028922511213289460/reviews?hl=en-US","Review_time":"3 years ago","Review":"Good stuff","Likes":"1"},{"Name":"","Category":"","Rating":" 4 stars ","Number_of_Reviews":"","Address":"","Reviewer":"shumonn100","Reviewer_page":"https://www.google.com/maps/contrib/100886991607578388478/reviews?hl=en-US","Review_time":"3 years ago","Review":"Bit pricey but the coffee is ok.","Likes":""},{"Name":"","Category":"","Rating":" 5 stars ","Number_of_Reviews":"","Address":"","Reviewer":"Nate Y","Reviewer_page":"https://www.google.com/maps/contrib/116580831681605475963/reviews?hl=en-US","Review_time":"3 years ago","Review":"Nice and cozy.","Likes":""},{"Name":"","Category":"","Rating":" 5 stars ","Number_of_Reviews":"","Address":"","Reviewer":"Kellyn Tramposch","Reviewer_page":"https://www.google.com/maps/contrib/110592474792431236034/reviews?hl=en-US","Review_time":"2 years ago","Review":"Great friendly and lively staff!","Likes":""},{"Name":"","Category":"","Rating":" 5 stars ","Number_of_Reviews":"","Address":"","Reviewer":"J3DaX Cytrus","Reviewer_page":"https://www.google.com/maps/contrib/103239824589653514237/reviews?hl=en-US","Review_time":"3 years ago","Review":"Staff was really polite and caring","Likes":""},{"Name":"","Category":"","Rating":" 5 stars ","Number_of_Reviews":"","Address":"","Reviewer":"Plekka","Reviewer_page":"https://www.google.com/maps/contrib/109526393773845003382/reviews?hl=en-US","Review_time":"2 years ago","Review":"So grateful to have one in this area","Likes":""},{"Name":"","Category":"","Rating":" 4 stars ","Number_of_Reviews":"","Address":"","Reviewer":"Polina Bakhtina","Reviewer_page":"https://www.google.com/maps/contrib/105915191485472019768/reviews?hl=en-US","Review_time":"2 years ago","Review":"Drink sizes are small for their price","Likes":""},{"Name":"","Category":"","Rating":" 1 star ","Number_of_Reviews":"","Address":"","Reviewer":"Yvenn Le Coz","Reviewer_page":"https://www.google.com/maps/contrib/108899431852788905139/reviews?hl=en-US","Review_time":"5 years ago","Review":"We didn't get what we bought and it wasn't good.","Likes":""},{"Name":"","Category":"","Rating":" 3 stars ","Number_of_Reviews":"","Address":"","Reviewer":"Monir Hoque","Reviewer_page":"https://www.google.com/maps/contrib/108192285490211810723/reviews?hl=en-US","Review_time":"3 years ago","Review":"Starbucks coffee is really going down the crapper","Likes":""},{"Name":"","Category":"","Rating":" 5 stars ","Number_of_Reviews":"","Address":"","Reviewer":"Thee Rich Martin","Reviewer_page":"https://www.google.com/maps/contrib/114734730776715414656/reviews?hl=en-US","Review_time":"3 years ago","Review":"Always a good time at Starbucks!","Likes":""},{"Name":"","Category":"","Rating":" 3 stars ","Number_of_Reviews":"","Address":"","Reviewer":"Gary Ariel Washington","Reviewer_page":"https://www.google.com/maps/contrib/110980575189315455453/reviews?hl=en-US","Review_time":"3 years ago","Review":"The staff was rude and very ghetto","Likes":"1"},{"Name":"","Category":"","Rating":" 5 stars ","Number_of_Reviews":"","Address":"","Reviewer":"Iman E","Reviewer_page":"https://www.google.com/maps/contrib/115267138052447088752/reviews?hl=en-US","Review_time":"4 years ago","Review":"Adequate space & lovely staff.","Likes":""},{"Name":"","Category":"","Rating":" 5 stars ","Number_of_Reviews":"","Address":"","Reviewer":"Radrex73 Oso","Reviewer_page":"https://www.google.com/maps/contrib/111188018976530812888/reviews?hl=en-US","Review_time":"3 years ago","Review":"The staff was fast and that's it.","Likes":""},{"Name":"","Category":"","Rating":" 5 stars ","Number_of_Reviews":"","Address":"","Reviewer":"Hakan Topuzyan","Reviewer_page":"https://www.google.com/maps/contrib/117082552164859110973/reviews?hl=en-US","Review_time":"3 years ago","Review":"Nice Starbucks same as others","Likes":""},{"Name":"","Category":"","Rating":" 3 stars ","Number_of_Reviews":"","Address":"","Reviewer":"Joseph NewYork","Reviewer_page":"https://www.google.com/maps/contrib/105133771081083909636/reviews?hl=en-US","Review_time":"5 years ago","Review":"Friendly staff, Starbucks prices.","Likes":""},{"Name":"","Category":"","Rating":" 1 star ","Number_of_Reviews":"","Address":"","Reviewer":"Mark Zeller","Reviewer_page":"https://www.google.com/maps/contrib/100779348837251775029/reviews?hl=en-US","Review_time":"a year ago","Review":"Mb bn m him in up","Likes":""},{"Name":"","Category":"","Rating":" 5 stars ","Number_of_Reviews":"","Address":"","Reviewer":"William D'Andrea","Reviewer_page":"https://www.google.com/maps/contrib/107673361982307880411/reviews?hl=en-US","Review_time":"2 years ago","Review":"Great customer service!!","Likes":""},{"Name":"","Category":"","Rating":" 5 stars ","Number_of_Reviews":"","Address":"","Reviewer":"Darko Dabetic","Reviewer_page":"https://www.google.com/maps/contrib/112658120919845833553/reviews?hl=en-US","Review_time":"4 years ago","Review":"Top! The best. :-)","Likes":""},{"Name":"","Category":"","Rating":" 5 stars ","Number_of_Reviews":"","Address":"","Reviewer":"Carlos padua jr.","Reviewer_page":"https://www.google.com/maps/contrib/104165474468448655328/reviews?hl=en-US","Review_time":"4 years ago","Review":"Nice and friendly staff.","Likes":""},{"Name":"","Category":"","Rating":" 5 stars ","Number_of_Reviews":"","Address":"","Reviewer":"Peter Johnson","Reviewer_page":"https://www.google.com/maps/contrib/102261773557819108833/reviews?hl=en-US","Review_time":"3 years ago","Review":"Service was great and efficient","Likes":""},{"Name":"","Category":"","Rating":" 5 stars ","Number_of_Reviews":"","Address":"","Reviewer":"Nikita Abel","Reviewer_page":"https://www.google.com/maps/contrib/108697717277636434637/reviews?hl=en-US","Review_time":"3 years ago","Review":"Very friendly and helpful.","Likes":""},{"Name":"","Category":"","Rating":" 4 stars ","Number_of_Reviews":"","Address":"","Reviewer":"J","Reviewer_page":"https://www.google.com/maps/contrib/111934554425504467318/reviews?hl=en-US","Review_time":"5 years ago","Review":"fast mobile order service","Likes":"2"},{"Name":"","Category":"","Rating":" 5 stars ","Number_of_Reviews":"","Address":"","Reviewer":"Damaris Mojica","Reviewer_page":"https://www.google.com/maps/contrib/103169667600255981021/reviews?hl=en-US","Review_time":"5 years ago","Review":"Very good","Likes":""},{"Name":"","Category":"","Rating":" 5 stars ","Number_of_Reviews":"","Address":"","Reviewer":"Tiawanna Anderson","Reviewer_page":"https://www.google.com/maps/contrib/111065526735721716146/reviews?hl=en-US","Review_time":"5 years ago","Review":"Clean and friendly staff.","Likes":""},{"Name":"","Category":"","Rating":" 5 stars ","Number_of_Reviews":"","Address":"","Reviewer":"Sophia Barnea","Reviewer_page":"https://www.google.com/maps/contrib/116691573463482830032/reviews?hl=en-US","Review_time":"5 years ago","Review":"Great customer service","Likes":""},{"Name":"","Category":"","Rating":" 5 stars ","Number_of_Reviews":"","Address":"","Reviewer":"Claribel Garcia","Reviewer_page":"https://www.google.com/maps/contrib/114245873507486475205/reviews?hl=en-US","Review_time":"5 years ago","Review":"Love there coffee","Likes":"1"},{"Name":"","Category":"","Rating":" 1 star ","Number_of_Reviews":"","Address":"","Reviewer":"Stephen Conradi","Reviewer_page":"https://www.google.com/maps/contrib/110964463653970867375/reviews?hl=en-US","Review_time":"3 years ago","Review":"Closed down 11 months ago","Likes":""},{"Name":"","Category":"","Rating":" 4 stars ","Number_of_Reviews":"","Address":"","Reviewer":"Rob Streetman","Reviewer_page":"https://www.google.com/maps/contrib/109893755060234553768/reviews?hl=en-US","Review_time":"4 years ago","Review":"Staff was friendly and professional","Likes":""},{"Name":"","Category":"","Rating":" 4 stars ","Number_of_Reviews":"","Address":"","Reviewer":"Vincent Castro","Reviewer_page":"https://www.google.com/maps/contrib/110019892930555199507/reviews?hl=en-US","Review_time":"2 years ago","Review":"Like there coffe","Likes":""},{"Name":"","Category":"","Rating":" 5 stars ","Number_of_Reviews":"","Address":"","Reviewer":"Sarah G","Reviewer_page":"https://www.google.com/maps/contrib/118405916952071107940/reviews?hl=en-US","Review_time":"2 years ago","Review":"Great drinks","Likes":""},{"Name":"","Category":"","Rating":" 5 stars ","Number_of_Reviews":"","Address":"","Reviewer":"Santos Ramos","Reviewer_page":"https://www.google.com/maps/contrib/111151921065889772301/reviews?hl=en-US","Review_time":"2 years ago","Review":"Loved it!","Likes":""},{"Name":"","Category":"","Rating":" 2 stars ","Number_of_Reviews":"","Address":"","Reviewer":"Mr Colon","Reviewer_page":"https://www.google.com/maps/contrib/115566233434941187498/reviews?hl=en-US","Review_time":"4 years ago","Review":"+ -","Likes":""},{"Name":"","Category":"","Rating":" 5 stars ","Number_of_Reviews":"","Address":"","Reviewer":"Cynthia Gomez","Reviewer_page":"https://www.google.com/maps/contrib/103976437541175740802/reviews?hl=en-US","Review_time":"2 years ago","Review":"Favorite Starbucks!","Likes":""},{"Name":"","Category":"","Rating":" 5 stars ","Number_of_Reviews":"","Address":"","Reviewer":"Kenneth Mcdevitt","Reviewer_page":"https://www.google.com/maps/contrib/110709882749872768637/reviews?hl=en-US","Review_time":"4 years ago","Review":"HVAC is perfect","Likes":""},{"Name":"","Category":"","Rating":" 5 stars ","Number_of_Reviews":"","Address":"","Reviewer":"Mike Desposito","Reviewer_page":"https://www.google.com/maps/contrib/116934761938572910689/reviews?hl=en-US","Review_time":"3 years ago","Review":"Yum.","Likes":""},{"Name":"","Category":"","Rating":" 1 star ","Number_of_Reviews":"","Address":"","Reviewer":"Katrina Brownlee","Reviewer_page":"https://www.google.com/maps/contrib/111067663705193214275/reviews?hl=en-US","Review_time":"2 years ago","Review":"Quick service","Likes":""},{"Name":"","Category":"","Rating":" 5 stars ","Number_of_Reviews":"","Address":"","Reviewer":"Kirill Chashin","Reviewer_page":"https://www.google.com/maps/contrib/108927566627577460407/reviews?hl=en-US","Review_time":"4 years ago","Review":"Your regular Starbucks...","Likes":""},{"Name":"","Category":"","Rating":" 4 stars ","Number_of_Reviews":"","Address":"","Reviewer":"Rob Leas","Reviewer_page":"https://www.google.com/maps/contrib/112076591743746077337/reviews?hl=en-US","Review_time":"3 years ago","Review":"It's a Starbuck's.","Likes":""},{"Name":"","Category":"","Rating":" 5 stars ","Number_of_Reviews":"","Address":"","Reviewer":"MrBAM1090","Reviewer_page":"https://www.google.com/maps/contrib/109558935381400687857/reviews?hl=en-US","Review_time":"3 years ago","Review":"Good","Likes":""},{"Name":"","Category":"","Rating":" 5 stars ","Number_of_Reviews":"","Address":"","Reviewer":"The Thinker","Reviewer_page":"https://www.google.com/maps/contrib/105241377284543442956/reviews?hl=en-US","Review_time":"3 years ago","Review":"Nice","Likes":""},{"Name":"","Category":"","Rating":" 5 stars ","Number_of_Reviews":"","Address":"","Reviewer":"Angelica Puma","Reviewer_page":"https://www.google.com/maps/contrib/116754710514259509991/reviews?hl=en-US","Review_time":"3 years ago","Review":"LOVED","Likes":"1"},{"Name":"","Category":"","Rating":" 5 stars ","Number_of_Reviews":"","Address":"","Reviewer":"Christine McCargo","Reviewer_page":"https://www.google.com/maps/contrib/108605012157709606309/reviews?hl=en-US","Review_time":"3 years ago","Review":"Good","Likes":""},{"Name":"","Category":"","Rating":" 5 stars ","Number_of_Reviews":"","Address":"","Reviewer":"Hercilia Fox","Reviewer_page":"https://www.google.com/maps/contrib/117616947322761974980/reviews?hl=en-US","Review_time":"4 years ago","Review":"Good service","Likes":""},{"Name":"","Category":"","Rating":" 5 stars ","Number_of_Reviews":"","Address":"","Reviewer":"adita cruz","Reviewer_page":"https://www.google.com/maps/contrib/110028579112287926730/reviews?hl=en-US","Review_time":"3 years ago","Review":"Good service","Likes":""},{"Name":"","Category":"","Rating":" 5 stars ","Number_of_Reviews":"","Address":"","Reviewer":"New York City 24 Hour Handyman","Reviewer_page":"https://www.google.com/maps/contrib/112125001781916702721/reviews?hl=en-US","Review_time":"3 years ago","Review":"Horrible","Likes":""},{"Name":"","Category":"","Rating":" 5 stars ","Number_of_Reviews":"","Address":"","Reviewer":"Noemi M","Reviewer_page":"https://www.google.com/maps/contrib/107464862274877953289/reviews?hl=en-US","Review_time":"4 years ago","Review":"Friendly staff","Likes":""},{"Name":"","Category":"","Rating":" 5 stars ","Number_of_Reviews":"","Address":"","Reviewer":"Michelle Abud","Reviewer_page":"https://www.google.com/maps/contrib/102538752700179233947/reviews?hl=en-US","Review_time":"5 years ago","Review":"Fast service","Likes":""},{"Name":"","Category":"","Rating":" 5 stars ","Number_of_Reviews":"","Address":"","Reviewer":"Nabil Tabish","Reviewer_page":"https://www.google.com/maps/contrib/104815149168511532828/reviews?hl=en-US","Review_time":"5 years ago","Review":"Excellent.","Likes":""},{"Name":"","Category":"","Rating":" 5 stars ","Number_of_Reviews":"","Address":"","Reviewer":"Walter Johnson","Reviewer_page":"https://www.google.com/maps/contrib/100384629510987085246/reviews?hl=en-US","Review_time":"2 years ago","Review":"Mellow place","Likes":""},{"Name":"","Category":"","Rating":" 5 stars ","Number_of_Reviews":"","Address":"","Reviewer":"Darryl Frazier","Reviewer_page":"https://www.google.com/maps/contrib/110090560003527324048/reviews?hl=en-US","Review_time":"2 years ago","Review":"Coffee!!!!!!","Likes":""},{"Name":"","Category":"","Rating":" 4 stars ","Number_of_Reviews":"","Address":"","Reviewer":"Franz Araujo","Reviewer_page":"https://www.google.com/maps/contrib/109175747675835221015/reviews?hl=en-US","Review_time":"5 years ago","Review":"(Translated by Google) Excellent to have a good coffee, and spend some time talking about any topic. It has free Wi-Fi.\n\n(Original)\nExcelente para tomar un buen café, y pasar un rato conversando de cualquier tema. Cuenta con wifi gratuito.","Likes":""},{"Name":"","Category":"","Rating":" 5 stars ","Number_of_Reviews":"","Address":"","Reviewer":"J . Ramos","Reviewer_page":"https://www.google.com/maps/contrib/118163956996861353104/reviews?hl=en-US","Review_time":"3 years ago","Review":"(Translated by Google) I went in passing and had a delicious cappuccino ...\n\n(Original)\nFui de pasada y me tomé un delicioso Capuchino...","Likes":""},{"Name":"","Category":"","Rating":" 5 stars ","Number_of_Reviews":"","Address":"","Reviewer":"kirschmob","Reviewer_page":"https://www.google.com/maps/contrib/101344333184165973781/reviews?hl=en-US","Review_time":"3 years ago","Review":"(Translated by Google) Very nice service and delicious cafe.\n\n(Original)\nSehr nette Bedienung und leckerer Café.","Likes":""},{"Name":"","Category":"","Rating":" 5 stars ","Number_of_Reviews":"","Address":"","Reviewer":"eZRAIDEN","Reviewer_page":"https://www.google.com/maps/contrib/102049206966965025834/reviews?hl=en-US","Review_time":"4 years ago","Review":"(Translated by Google) To indulge\n\n(Original)\nPara darse un lujo","Likes":""},{"Name":"","Category":"","Rating":" 2 stars ","Number_of_Reviews":"","Address":"","Reviewer":"Erica Hobold","Reviewer_page":"https://www.google.com/maps/contrib/110029271843794787601/reviews?hl=en-US","Review_time":"2 years ago","Review":"(Translated by Google) Horrible coffee !!\n\n(Original)\nCafé horrível!!","Likes":""},{"Name":"","Category":"","Rating":" 4 stars ","Number_of_Reviews":"","Address":"","Reviewer":"Christiano Flores","Reviewer_page":"https://www.google.com/maps/contrib/115944161694738234520/reviews?hl=en-US","Review_time":"5 years ago","Review":"(Translated by Google) Have a nice breakfast.\n\n(Original)\nBom café da manhã.","Likes":""},{"Name":"","Category":"","Rating":" 2 stars ","Number_of_Reviews":"","Address":"","Reviewer":"Boussad Yata","Reviewer_page":"https://www.google.com/maps/contrib/102302516175152534834/reviews?hl=en-US","Review_time":"3 years ago","Review":"(Translated by Google) Not much\n\n(Original)\nPas grand chose","Likes":""},{"Name":"","Category":"","Rating":" 5 stars ","Number_of_Reviews":"","Address":"","Reviewer":"Armen Karapetyan","Reviewer_page":"https://www.google.com/maps/contrib/111915460723228957963/reviews?hl=en-US","Review_time":"3 years ago","Review":"","Likes":""},{"Name":"","Category":"","Rating":" 5 stars ","Number_of_Reviews":"","Address":"","Reviewer":"Nicky G","Reviewer_page":"https://www.google.com/maps/contrib/116553140078138270659/reviews?hl=en-US","Review_time":"2 months ago","Review":"","Likes":""},{"Name":"","Category":"","Rating":" 5 stars ","Number_of_Reviews":"","Address":"","Reviewer":"Helberi Ferreira","Reviewer_page":"https://www.google.com/maps/contrib/108468778443326736094/reviews?hl=en-US","Review_time":"5 years ago","Review":"(Translated by Google) Standard Starbucks, very good\n\n(Original)\nStarbucks padrao, muiti bom","Likes":""},{"Name":"","Category":"","Rating":" 5 stars ","Number_of_Reviews":"","Address":"","Reviewer":"Akshay Achar","Reviewer_page":"https://www.google.com/maps/contrib/106592808072142338988/reviews?hl=en-US","Review_time":"3 years ago","Review":"Strbucks","Likes":""},{"Name":"","Category":"","Rating":" 4 stars ","Number_of_Reviews":"","Address":"","Reviewer":"Namara Roque","Reviewer_page":"https://www.google.com/maps/contrib/108969667208723294667/reviews?hl=en-US","Review_time":"4 years ago","Review":"(Translated by Google) Good\n\n(Original)\nBien","Likes":""},{"Name":"","Category":"","Rating":" 3 stars ","Number_of_Reviews":"","Address":"","Reviewer":"roman olivares","Reviewer_page":"https://www.google.com/maps/contrib/106010079413273181321/reviews?hl=en-US","Review_time":"4 years ago","Review":"(Translated by Google) They are not so professional\n\n(Original)\nNo son tan profesionales","Likes":""},{"Name":"","Category":"","Rating":" 4 stars ","Number_of_Reviews":"","Address":"","Reviewer":"Alfs Girl","Reviewer_page":"https://www.google.com/maps/contrib/116841985915154374401/reviews?hl=en-US","Review_time":"11 months ago","Review":"","Likes":""},{"Name":"","Category":"","Rating":" 5 stars ","Number_of_Reviews":"","Address":"","Reviewer":"Cecil Rafael Santiago Peralta","Reviewer_page":"https://www.google.com/maps/contrib/114433195216954988057/reviews?hl=en-US","Review_time":"5 years ago","Review":"(Translated by Google) excellent\n\n(Original)\nExcelentes","Likes":""},{"Name":"","Category":"","Rating":" 5 stars ","Number_of_Reviews":"","Address":"","Reviewer":"byron price","Reviewer_page":"https://www.google.com/maps/contrib/109972336534963417049/reviews?hl=en-US","Review_time":"3 years ago","Review":"","Likes":""},{"Name":"","Category":"","Rating":" 5 stars ","Number_of_Reviews":"","Address":"","Reviewer":"Caio Silva","Reviewer_page":"https://www.google.com/maps/contrib/101527502719847894422/reviews?hl=en-US","Review_time":"3 years ago","Review":"","Likes":""},{"Name":"","Category":"","Rating":" 5 stars ","Number_of_Reviews":"","Address":"","Reviewer":"Deb Chatterjee","Reviewer_page":"https://www.google.com/maps/contrib/101921171495751589400/reviews?hl=en-US","Review_time":"4 years ago","Review":"","Likes":""},{"Name":"","Category":"","Rating":" 5 stars ","Number_of_Reviews":"","Address":"","Reviewer":"Sonu Chadalavada","Reviewer_page":"https://www.google.com/maps/contrib/109218904685512473005/reviews?hl=en-US","Review_time":"5 years ago","Review":"","Likes":""},{"Name":"","Category":"","Rating":" 5 stars ","Number_of_Reviews":"","Address":"","Reviewer":"Stephanie Ang","Reviewer_page":"https://www.google.com/maps/contrib/106736082519600378615/reviews?hl=en-US","Review_time":"4 years ago","Review":"","Likes":""},{"Name":"","Category":"","Rating":" 5 stars ","Number_of_Reviews":"","Address":"","Reviewer":"Joon Nyc","Reviewer_page":"https://www.google.com/maps/contrib/106938785786472744430/reviews?hl=en-US","Review_time":"3 years ago","Review":"","Likes":""},{"Name":"","Category":"","Rating":" 5 stars ","Number_of_Reviews":"","Address":"","Reviewer":"Dior Garcia","Reviewer_page":"https://www.google.com/maps/contrib/109066155107155215946/reviews?hl=en-US","Review_time":"3 years ago","Review":"","Likes":""},{"Name":"","Category":"","Rating":" 4 stars ","Number_of_Reviews":"","Address":"","Reviewer":"Taiga Inoue","Reviewer_page":"https://www.google.com/maps/contrib/115630780819185286265/reviews?hl=en-US","Review_time":"4 years ago","Review":"","Likes":""},{"Name":"","Category":"","Rating":" 2 stars ","Number_of_Reviews":"","Address":"","Reviewer":"Jen Cosme","Reviewer_page":"https://www.google.com/maps/contrib/116927840556930216585/reviews?hl=en-US","Review_time":"3 years ago","Review":"","Likes":""},{"Name":"","Category":"","Rating":" 3 stars ","Number_of_Reviews":"","Address":"","Reviewer":"Paul Tsai","Reviewer_page":"https://www.google.com/maps/contrib/100139025443654600274/reviews?hl=en-US","Review_time":"4 years ago","Review":"","Likes":""},{"Name":"","Category":"","Rating":" 4 stars ","Number_of_Reviews":"","Address":"","Reviewer":"Bailey G","Reviewer_page":"https://www.google.com/maps/contrib/117157687241963967403/reviews?hl=en-US","Review_time":"5 years ago","Review":"","Likes":""},{"Name":"","Category":"","Rating":" 4 stars ","Number_of_Reviews":"","Address":"","Reviewer":"Christina Davignon","Reviewer_page":"https://www.google.com/maps/contrib/116321828491000442199/reviews?hl=en-US","Review_time":"4 years ago","Review":"","Likes":""},{"Name":"","Category":"","Rating":" 5 stars ","Number_of_Reviews":"","Address":"","Reviewer":"Dina B","Reviewer_page":"https://www.google.com/maps/contrib/102084493510920641850/reviews?hl=en-US","Review_time":"3 years ago","Review":"","Likes":""},{"Name":"","Category":"","Rating":" 5 stars ","Number_of_Reviews":"","Address":"","Reviewer":"Aleksei B","Reviewer_page":"https://www.google.com/maps/contrib/109994648804778158852/reviews?hl=en-US","Review_time":"3 years ago","Review":"","Likes":""},{"Name":"","Category":"","Rating":" 5 stars ","Number_of_Reviews":"","Address":"","Reviewer":"Yagaira Delacruz","Reviewer_page":"https://www.google.com/maps/contrib/108445708849112605872/reviews?hl=en-US","Review_time":"2 years ago","Review":"","Likes":""},{"Name":"","Category":"","Rating":" 5 stars ","Number_of_Reviews":"","Address":"","Reviewer":"A V","Reviewer_page":"https://www.google.com/maps/contrib/110257634442955993362/reviews?hl=en-US","Review_time":"2 years ago","Review":"","Likes":""},{"Name":"","Category":"","Rating":" 1 star ","Number_of_Reviews":"","Address":"","Reviewer":"Lorna 12365","Reviewer_page":"https://www.google.com/maps/contrib/106633133289839114918/reviews?hl=en-US","Review_time":"2 years ago","Review":"","Likes":""},{"Name":"","Category":"","Rating":" 5 stars ","Number_of_Reviews":"","Address":"","Reviewer":"steven Portera","Reviewer_page":"https://www.google.com/maps/contrib/104868751055025541869/reviews?hl=en-US","Review_time":"3 years ago","Review":"","Likes":""},{"Name":"","Category":"","Rating":" 4 stars ","Number_of_Reviews":"","Address":"","Reviewer":"Kat Hartman","Reviewer_page":"https://www.google.com/maps/contrib/116113423745848597980/reviews?hl=en-US","Review_time":"2 years ago","Review":"","Likes":""},{"Name":"","Category":"","Rating":" 5 stars ","Number_of_Reviews":"","Address":"","Reviewer":"Tetsudo Harimoto","Reviewer_page":"https://www.google.com/maps/contrib/113857045387108006688/reviews?hl=en-US","Review_time":"4 years ago","Review":"","Likes":""},{"Name":"","Category":"","Rating":" 4 stars ","Number_of_Reviews":"","Address":"","Reviewer":"Estefany Mya LEE Ortiz","Reviewer_page":"https://www.google.com/maps/contrib/108280608565657535046/reviews?hl=en-US","Review_time":"4 years ago","Review":"","Likes":""},{"Name":"","Category":"","Rating":" 1 star ","Number_of_Reviews":"","Address":"","Reviewer":"Budhi Prasetyono","Reviewer_page":"https://www.google.com/maps/contrib/101905838524517540120/reviews?hl=en-US","Review_time":"2 years ago","Review":"","Likes":""},{"Name":"","Category":"","Rating":" 5 stars ","Number_of_Reviews":"","Address":"","Reviewer":"Jonathan Silverberg","Reviewer_page":"https://www.google.com/maps/contrib/117535242869752009931/reviews?hl=en-US","Review_time":"3 years ago","Review":"","Likes":""},{"Name":"","Category":"","Rating":" 4 stars ","Number_of_Reviews":"","Address":"","Reviewer":"MAJE","Reviewer_page":"https://www.google.com/maps/contrib/117586236011114590802/reviews?hl=en-US","Review_time":"3 years ago","Review":"","Likes":""},{"Name":"","Category":"","Rating":" 5 stars ","Number_of_Reviews":"","Address":"","Reviewer":"Roseanne Tablada","Reviewer_page":"https://www.google.com/maps/contrib/112059524769478403233/reviews?hl=en-US","Review_time":"2 years ago","Review":"","Likes":""},{"Name":"","Category":"","Rating":" 5 stars ","Number_of_Reviews":"","Address":"","Reviewer":"Leomar De Los Santos","Reviewer_page":"https://www.google.com/maps/contrib/108893464834299399577/reviews?hl=en-US","Review_time":"2 years ago","Review":"","Likes":""},{"Name":"","Category":"","Rating":" 4 stars ","Number_of_Reviews":"","Address":"","Reviewer":"Uwvie Obodo","Reviewer_page":"https://www.google.com/maps/contrib/102722260030601432578/reviews?hl=en-US","Review_time":"5 years ago","Review":"","Likes":""},{"Name":"","Category":"","Rating":" 5 stars ","Number_of_Reviews":"","Address":"","Reviewer":"Rose Kairawala","Reviewer_page":"https://www.google.com/maps/contrib/104400561025040692270/reviews?hl=en-US","Review_time":"4 years ago","Review":"","Likes":""},{"Name":"","Category":"","Rating":" 3 stars ","Number_of_Reviews":"","Address":"","Reviewer":"Carina Climes","Reviewer_page":"https://www.google.com/maps/contrib/101943125855446078877/reviews?hl=en-US","Review_time":"3 years ago","Review":"","Likes":""},{"Name":"","Category":"","Rating":" 4 stars ","Number_of_Reviews":"","Address":"","Reviewer":"Edgar Pacheco","Reviewer_page":"https://www.google.com/maps/contrib/103511246665378954722/reviews?hl=en-US","Review_time":"4 years ago","Review":"","Likes":""},{"Name":"","Category":"","Rating":" 5 stars ","Number_of_Reviews":"","Address":"","Reviewer":"Izmir Bushaj","Reviewer_page":"https://www.google.com/maps/contrib/111007726233813121472/reviews?hl=en-US","Review_time":"3 years ago","Review":"","Likes":""},{"Name":"","Category":"","Rating":" 4 stars ","Number_of_Reviews":"","Address":"","Reviewer":"satid ayaco","Reviewer_page":"https://www.google.com/maps/contrib/103545156709527238234/reviews?hl=en-US","Review_time":"5 years ago","Review":"","Likes":""},{"Name":"","Category":"","Rating":" 5 stars ","Number_of_Reviews":"","Address":"","Reviewer":"Pauline IV","Reviewer_page":"https://www.google.com/maps/contrib/116476547449227400963/reviews?hl=en-US","Review_time":"a year ago","Review":"","Likes":""},{"Name":"","Category":"","Rating":" 4 stars ","Number_of_Reviews":"","Address":"","Reviewer":"Brian Warr","Reviewer_page":"https://www.google.com/maps/contrib/108754669613873246921/reviews?hl=en-US","Review_time":"5 years ago","Review":"","Likes":""},{"Name":"","Category":"","Rating":" 4 stars ","Number_of_Reviews":"","Address":"","Reviewer":"Mark Blades","Reviewer_page":"https://www.google.com/maps/contrib/109574711901107892403/reviews?hl=en-US","Review_time":"3 years ago","Review":"","Likes":""},{"Name":"","Category":"","Rating":" 5 stars ","Number_of_Reviews":"","Address":"","Reviewer":"Katerina Spasova","Reviewer_page":"https://www.google.com/maps/contrib/114924311611672141410/reviews?hl=en-US","Review_time":"2 years ago","Review":"","Likes":""},{"Name":"","Category":"","Rating":" 4 stars ","Number_of_Reviews":"","Address":"","Reviewer":"Ting-Chen Lee","Reviewer_page":"https://www.google.com/maps/contrib/110962621386294161790/reviews?hl=en-US","Review_time":"4 years ago","Review":"","Likes":""},{"Name":"","Category":"","Rating":" 5 stars ","Number_of_Reviews":"","Address":"","Reviewer":"antono martinez gonzalez","Reviewer_page":"https://www.google.com/maps/contrib/104834212322175215985/reviews?hl=en-US","Review_time":"3 years ago","Review":"","Likes":""},{"Name":"","Category":"","Rating":" 5 stars ","Number_of_Reviews":"","Address":"","Reviewer":"Mary Stella","Reviewer_page":"https://www.google.com/maps/contrib/113815546627620779709/reviews?hl=en-US","Review_time":"4 years ago","Review":"","Likes":""},{"Name":"","Category":"","Rating":" 5 stars ","Number_of_Reviews":"","Address":"","Reviewer":"girish nadkarni","Reviewer_page":"https://www.google.com/maps/contrib/117487608036464380584/reviews?hl=en-US","Review_time":"2 years ago","Review":"","Likes":""},{"Name":"","Category":"","Rating":" 5 stars ","Number_of_Reviews":"","Address":"","Reviewer":"Lourdes Ramirez","Reviewer_page":"https://www.google.com/maps/contrib/116911306488820169586/reviews?hl=en-US","Review_time":"a year ago","Review":"","Likes":""},{"Name":"","Category":"","Rating":" 3 stars ","Number_of_Reviews":"","Address":"","Reviewer":"Eugene Baik","Reviewer_page":"https://www.google.com/maps/contrib/106325404903703050540/reviews?hl=en-US","Review_time":"5 years ago","Review":"","Likes":""},{"Name":"","Category":"","Rating":" 5 stars ","Number_of_Reviews":"","Address":"","Reviewer":"Varfin A Konneh","Reviewer_page":"https://www.google.com/maps/contrib/100557575537799203470/reviews?hl=en-US","Review_time":"4 years ago","Review":"","Likes":""},{"Name":"","Category":"","Rating":" 5 stars ","Number_of_Reviews":"","Address":"","Reviewer":"Kumar Virendra","Reviewer_page":"https://www.google.com/maps/contrib/114667314240243353626/reviews?hl=en-US","Review_time":"3 years ago","Review":"","Likes":""},{"Name":"","Category":"","Rating":" 5 stars ","Number_of_Reviews":"","Address":"","Reviewer":"Thomas Tumillo","Reviewer_page":"https://www.google.com/maps/contrib/116480472272504369594/reviews?hl=en-US","Review_time":"4 years ago","Review":"","Likes":""},{"Name":"","Category":"","Rating":" 5 stars ","Number_of_Reviews":"","Address":"","Reviewer":"Leo C Steffen","Reviewer_page":"https://www.google.com/maps/contrib/104911554357078287658/reviews?hl=en-US","Review_time":"3 years ago","Review":"","Likes":""},{"Name":"","Category":"","Rating":" 5 stars ","Number_of_Reviews":"","Address":"","Reviewer":"ghost27rsr","Reviewer_page":"https://www.google.com/maps/contrib/106842473345044017748/reviews?hl=en-US","Review_time":"4 years ago","Review":"","Likes":""},{"Name":"","Category":"","Rating":" 5 stars ","Number_of_Reviews":"","Address":"","Reviewer":"Spencer Grey","Reviewer_page":"https://www.google.com/maps/contrib/105925085956233660842/reviews?hl=en-US","Review_time":"2 years ago","Review":"","Likes":""},{"Name":"","Category":"","Rating":" 3 stars ","Number_of_Reviews":"","Address":"","Reviewer":"Scott Burton","Reviewer_page":"https://www.google.com/maps/contrib/107210300118823095914/reviews?hl=en-US","Review_time":"3 years ago","Review":"","Likes":""},{"Name":"","Category":"","Rating":" 5 stars ","Number_of_Reviews":"","Address":"","Reviewer":"Gabriel castellano","Reviewer_page":"https://www.google.com/maps/contrib/118254580390338113146/reviews?hl=en-US","Review_time":"4 years ago","Review":"","Likes":""},{"Name":"","Category":"","Rating":" 5 stars ","Number_of_Reviews":"","Address":"","Reviewer":"Saet DK","Reviewer_page":"https://www.google.com/maps/contrib/114051574014461867003/reviews?hl=en-US","Review_time":"4 years ago","Review":"","Likes":""},{"Name":"","Category":"","Rating":" 5 stars ","Number_of_Reviews":"","Address":"","Reviewer":"B Desta","Reviewer_page":"https://www.google.com/maps/contrib/104047049904437188436/reviews?hl=en-US","Review_time":"2 years ago","Review":"","Likes":""},{"Name":"","Category":"","Rating":" 5 stars ","Number_of_Reviews":"","Address":"","Reviewer":"Andrii Bondar","Reviewer_page":"https://www.google.com/maps/contrib/109790687351803535910/reviews?hl=en-US","Review_time":"8 months ago","Review":"","Likes":""},{"Name":"","Category":"","Rating":" 3 stars ","Number_of_Reviews":"","Address":"","Reviewer":"Katie Guest","Reviewer_page":"https://www.google.com/maps/contrib/107745064920257161371/reviews?hl=en-US","Review_time":"4 years ago","Review":"","Likes":""},{"Name":"","Category":"","Rating":" 3 stars ","Number_of_Reviews":"","Address":"","Reviewer":"Nikolai","Reviewer_page":"https://www.google.com/maps/contrib/116847230020025724921/reviews?hl=en-US","Review_time":"5 years ago","Review":"","Likes":""},{"Name":"","Category":"","Rating":" 4 stars ","Number_of_Reviews":"","Address":"","Reviewer":"Caitlin Dugan","Reviewer_page":"https://www.google.com/maps/contrib/112165659802780264611/reviews?hl=en-US","Review_time":"4 years ago","Review":"","Likes":""},{"Name":"","Category":"","Rating":" 5 stars ","Number_of_Reviews":"","Address":"","Reviewer":"Tim Benavente","Reviewer_page":"https://www.google.com/maps/contrib/107632835504273409931/reviews?hl=en-US","Review_time":"6 years ago","Review":"","Likes":""},{"Name":"","Category":"","Rating":" 4 stars ","Number_of_Reviews":"","Address":"","Reviewer":"P. F.","Reviewer_page":"https://www.google.com/maps/contrib/107914191405866957036/reviews?hl=en-US","Review_time":"3 years ago","Review":"","Likes":""},{"Name":"","Category":"","Rating":" 3 stars ","Number_of_Reviews":"","Address":"","Reviewer":"Deniene Sarjeant","Reviewer_page":"https://www.google.com/maps/contrib/110812807462505262537/reviews?hl=en-US","Review_time":"a year ago","Review":"","Likes":""},{"Name":"","Category":"","Rating":" 4 stars ","Number_of_Reviews":"","Address":"","Reviewer":"frank martoni","Reviewer_page":"https://www.google.com/maps/contrib/102857799895336863490/reviews?hl=en-US","Review_time":"5 years ago","Review":"","Likes":""},{"Name":"","Category":"","Rating":" 4 stars ","Number_of_Reviews":"","Address":"","Reviewer":"Humaira Lateef","Reviewer_page":"https://www.google.com/maps/contrib/106001687560072641487/reviews?hl=en-US","Review_time":"3 years ago","Review":"","Likes":""},{"Name":"","Category":"","Rating":" 4 stars ","Number_of_Reviews":"","Address":"","Reviewer":"Reka Repka","Reviewer_page":"https://www.google.com/maps/contrib/113109833479696849005/reviews?hl=en-US","Review_time":"3 years ago","Review":"","Likes":""},{"Name":"","Category":"","Rating":" 5 stars ","Number_of_Reviews":"","Address":"","Reviewer":"Cesar Marti","Reviewer_page":"https://www.google.com/maps/contrib/111167897746700240107/reviews?hl=en-US","Review_time":"2 years ago","Review":"","Likes":""},{"Name":"","Category":"","Rating":" 5 stars ","Number_of_Reviews":"","Address":"","Reviewer":"Tae Nemard","Reviewer_page":"https://www.google.com/maps/contrib/117138974011407514456/reviews?hl=en-US","Review_time":"4 years ago","Review":"","Likes":""},{"Name":"","Category":"","Rating":" 5 stars ","Number_of_Reviews":"","Address":"","Reviewer":"Stella Duerden","Reviewer_page":"https://www.google.com/maps/contrib/110982974715590454650/reviews?hl=en-US","Review_time":"3 years ago","Review":"","Likes":""},{"Name":"","Category":"","Rating":" 4 stars ","Number_of_Reviews":"","Address":"","Reviewer":"ReYoTa PERRON","Reviewer_page":"https://www.google.com/maps/contrib/108876987134482827033/reviews?hl=en-US","Review_time":"3 years ago","Review":"","Likes":""},{"Name":"","Category":"","Rating":" 5 stars ","Number_of_Reviews":"","Address":"","Reviewer":"Angela Pacifici","Reviewer_page":"https://www.google.com/maps/contrib/109296972483366283542/reviews?hl=en-US","Review_time":"4 years ago","Review":"","Likes":""},{"Name":"","Category":"","Rating":" 5 stars ","Number_of_Reviews":"","Address":"","Reviewer":"Short & Quick","Reviewer_page":"https://www.google.com/maps/contrib/113896724508844781795/reviews?hl=en-US","Review_time":"2 years ago","Review":"","Likes":""},{"Name":"","Category":"","Rating":" 4 stars ","Number_of_Reviews":"","Address":"","Reviewer":"Rodolfo Nunez","Reviewer_page":"https://www.google.com/maps/contrib/110433202498943909258/reviews?hl=en-US","Review_time":"5 years ago","Review":"","Likes":""},{"Name":"","Category":"","Rating":" 5 stars ","Number_of_Reviews":"","Address":"","Reviewer":"Renato Marku","Reviewer_page":"https://www.google.com/maps/contrib/116265583887881256337/reviews?hl=en-US","Review_time":"3 years ago","Review":"","Likes":""},{"Name":"","Category":"","Rating":" 5 stars ","Number_of_Reviews":"","Address":"","Reviewer":"Georgios Kalogeropoulos","Reviewer_page":"https://www.google.com/maps/contrib/114803152631025416808/reviews?hl=en-US","Review_time":"4 years ago","Review":"","Likes":""},{"Name":"","Category":"","Rating":" 4 stars ","Number_of_Reviews":"","Address":"","Reviewer":"Carmen Miolan","Reviewer_page":"https://www.google.com/maps/contrib/102041953494541256700/reviews?hl=en-US","Review_time":"2 years ago","Review":"","Likes":""},{"Name":"","Category":"","Rating":" 5 stars ","Number_of_Reviews":"","Address":"","Reviewer":"Marcus Aurelius","Reviewer_page":"https://www.google.com/maps/contrib/101011516819228211307/reviews?hl=en-US","Review_time":"4 years ago","Review":"","Likes":""},{"Name":"","Category":"","Rating":" 5 stars ","Number_of_Reviews":"","Address":"","Reviewer":"Joel Ickes","Reviewer_page":"https://www.google.com/maps/contrib/102591681593939280267/reviews?hl=en-US","Review_time":"3 years ago","Review":"","Likes":""},{"Name":"","Category":"","Rating":" 5 stars ","Number_of_Reviews":"","Address":"","Reviewer":"Bianca Medrano","Reviewer_page":"https://www.google.com/maps/contrib/106833204298398777848/reviews?hl=en-US","Review_time":"2 years ago","Review":"","Likes":""},{"Name":"","Category":"","Rating":" 5 stars ","Number_of_Reviews":"","Address":"","Reviewer":"Juandiego Jimenez","Reviewer_page":"https://www.google.com/maps/contrib/115353082206753658475/reviews?hl=en-US","Review_time":"3 years ago","Review":"","Likes":""},{"Name":"","Category":"","Rating":" 5 stars ","Number_of_Reviews":"","Address":"","Reviewer":"Usman Abbasi","Reviewer_page":"https://www.google.com/maps/contrib/107143898485695888628/reviews?hl=en-US","Review_time":"2 years ago","Review":"","Likes":""},{"Name":"","Category":"","Rating":" 5 stars ","Number_of_Reviews":"","Address":"","Reviewer":"Gisela Rubio","Reviewer_page":"https://www.google.com/maps/contrib/115048662742988488037/reviews?hl=en-US","Review_time":"4 years ago","Review":"","Likes":""},{"Name":"","Category":"","Rating":" 5 stars ","Number_of_Reviews":"","Address":"","Reviewer":"Esmeralda Singh","Reviewer_page":"https://www.google.com/maps/contrib/114348238086859080294/reviews?hl=en-US","Review_time":"3 years ago","Review":"","Likes":""},{"Name":"","Category":"","Rating":" 5 stars ","Number_of_Reviews":"","Address":"","Reviewer":"Eddie Liu","Reviewer_page":"https://www.google.com/maps/contrib/112863529359291828519/reviews?hl=en-US","Review_time":"5 years ago","Review":"","Likes":""},{"Name":"","Category":"","Rating":" 5 stars ","Number_of_Reviews":"","Address":"","Reviewer":"Shterni Seligson","Reviewer_page":"https://www.google.com/maps/contrib/111506246089103563018/reviews?hl=en-US","Review_time":"4 years ago","Review":"","Likes":""},{"Name":"","Category":"","Rating":" 2 stars ","Number_of_Reviews":"","Address":"","Reviewer":"Jean Marc Roche","Reviewer_page":"https://www.google.com/maps/contrib/107307950166761840435/reviews?hl=en-US","Review_time":"4 years ago","Review":"","Likes":""},{"Name":"","Category":"","Rating":" 5 stars ","Number_of_Reviews":"","Address":"","Reviewer":"Matthew Sullivan","Reviewer_page":"https://www.google.com/maps/contrib/116315899805910984668/reviews?hl=en-US","Review_time":"5 years ago","Review":"","Likes":""},{"Name":"","Category":"","Rating":" 4 stars ","Number_of_Reviews":"","Address":"","Reviewer":"Ado Brescic","Reviewer_page":"https://www.google.com/maps/contrib/111905303385177445393/reviews?hl=en-US","Review_time":"5 years ago","Review":"","Likes":""},{"Name":"","Category":"","Rating":" 5 stars ","Number_of_Reviews":"","Address":"","Reviewer":"David M","Reviewer_page":"https://www.google.com/maps/contrib/101860913736662503478/reviews?hl=en-US","Review_time":"a month ago","Review":"","Likes":""},{"Name":"","Category":"","Rating":" 5 stars ","Number_of_Reviews":"","Address":"","Reviewer":"nick gatsoulis","Reviewer_page":"https://www.google.com/maps/contrib/107588337896938111503/reviews?hl=en-US","Review_time":"3 years ago","Review":"","Likes":""},{"Name":"","Category":"","Rating":" 4 stars ","Number_of_Reviews":"","Address":"","Reviewer":"Calvin Smith","Reviewer_page":"https://www.google.com/maps/contrib/111152481343744219595/reviews?hl=en-US","Review_time":"a year ago","Review":"","Likes":""},{"Name":"","Category":"","Rating":" 5 stars ","Number_of_Reviews":"","Address":"","Reviewer":"Robert Parker","Reviewer_page":"https://www.google.com/maps/contrib/113791488944914873902/reviews?hl=en-US","Review_time":"4 years ago","Review":"","Likes":""},{"Name":"","Category":"","Rating":" 4 stars ","Number_of_Reviews":"","Address":"","Reviewer":"Rowland Hill","Reviewer_page":"https://www.google.com/maps/contrib/115624257206488518160/reviews?hl=en-US","Review_time":"5 years ago","Review":"","Likes":""},{"Name":"","Category":"","Rating":" 5 stars ","Number_of_Reviews":"","Address":"","Reviewer":"Tashiea Ravnell","Reviewer_page":"https://www.google.com/maps/contrib/111893882953794562322/reviews?hl=en-US","Review_time":"4 years ago","Review":"","Likes":""},{"Name":"","Category":"","Rating":" 5 stars ","Number_of_Reviews":"","Address":"","Reviewer":"Moyinoluwa Dedricks","Reviewer_page":"https://www.google.com/maps/contrib/115222714529914054739/reviews?hl=en-US","Review_time":"3 years ago","Review":"","Likes":""},{"Name":"","Category":"","Rating":" 5 stars ","Number_of_Reviews":"","Address":"","Reviewer":"John","Reviewer_page":"https://www.google.com/maps/contrib/111831315589305351072/reviews?hl=en-US","Review_time":"4 years ago","Review":"","Likes":""},{"Name":"","Category":"","Rating":" 4 stars ","Number_of_Reviews":"","Address":"","Reviewer":"Parth Soni","Reviewer_page":"https://www.google.com/maps/contrib/115212643884467894340/reviews?hl=en-US","Review_time":"2 years ago","Review":"","Likes":""},{"Name":"","Category":"","Rating":" 4 stars ","Number_of_Reviews":"","Address":"","Reviewer":"Christine A Gipson","Reviewer_page":"https://www.google.com/maps/contrib/111428710788351032295/reviews?hl=en-US","Review_time":"2 years ago","Review":"","Likes":""},{"Name":"","Category":"","Rating":" 4 stars ","Number_of_Reviews":"","Address":"","Reviewer":"Sujith B","Reviewer_page":"https://www.google.com/maps/contrib/100465627148412470958/reviews?hl=en-US","Review_time":"2 years ago","Review":"","Likes":""},{"Name":"","Category":"","Rating":" 5 stars ","Number_of_Reviews":"","Address":"","Reviewer":"Bobby Mohamed","Reviewer_page":"https://www.google.com/maps/contrib/113644386104607302703/reviews?hl=en-US","Review_time":"4 years ago","Review":"","Likes":""},{"Name":"","Category":"","Rating":" 4 stars ","Number_of_Reviews":"","Address":"","Reviewer":"Ildiko P","Reviewer_page":"https://www.google.com/maps/contrib/111928491167867045137/reviews?hl=en-US","Review_time":"5 years ago","Review":"","Likes":""},{"Name":"","Category":"","Rating":" 5 stars ","Number_of_Reviews":"","Address":"","Reviewer":"Elena Wu","Reviewer_page":"https://www.google.com/maps/contrib/104056374366514302305/reviews?hl=en-US","Review_time":"4 years ago","Review":"","Likes":""},{"Name":"","Category":"","Rating":" 4 stars ","Number_of_Reviews":"","Address":"","Reviewer":"Pam Harris","Reviewer_page":"https://www.google.com/maps/contrib/112111457219463815247/reviews?hl=en-US","Review_time":"4 years ago","Review":"","Likes":""},{"Name":"","Category":"","Rating":" 3 stars ","Number_of_Reviews":"","Address":"","Reviewer":"James Kelly","Reviewer_page":"https://www.google.com/maps/contrib/110963550224625233137/reviews?hl=en-US","Review_time":"3 years ago","Review":"","Likes":""},{"Name":"","Category":"","Rating":" 4 stars ","Number_of_Reviews":"","Address":"","Reviewer":"Kiersten Reed","Reviewer_page":"https://www.google.com/maps/contrib/110618848896992266473/reviews?hl=en-US","Review_time":"4 years ago","Review":"","Likes":""},{"Name":"","Category":"","Rating":" 3 stars ","Number_of_Reviews":"","Address":"","Reviewer":"Felix Hilario","Reviewer_page":"https://www.google.com/maps/contrib/110200668052627708552/reviews?hl=en-US","Review_time":"3 years ago","Review":"","Likes":""},{"Name":"","Category":"","Rating":" 4 stars ","Number_of_Reviews":"","Address":"","Reviewer":"조우익","Reviewer_page":"https://www.google.com/maps/contrib/116795001018667489630/reviews?hl=en-US","Review_time":"3 years ago","Review":"","Likes":""},{"Name":"","Category":"","Rating":" 4 stars ","Number_of_Reviews":"","Address":"","Reviewer":"I C","Reviewer_page":"https://www.google.com/maps/contrib/102332799961398139347/reviews?hl=en-US","Review_time":"2 years ago","Review":"","Likes":""},{"Name":"","Category":"","Rating":" 4 stars ","Number_of_Reviews":"","Address":"","Reviewer":"Pramod Bhattarai","Reviewer_page":"https://www.google.com/maps/contrib/113535364974528545853/reviews?hl=en-US","Review_time":"4 years ago","Review":"","Likes":""},{"Name":"","Category":"","Rating":" 5 stars ","Number_of_Reviews":"","Address":"","Reviewer":"Jim Mcdyer","Reviewer_page":"https://www.google.com/maps/contrib/113796199857514945077/reviews?hl=en-US","Review_time":"3 years ago","Review":"","Likes":""},{"Name":"","Category":"","Rating":" 5 stars ","Number_of_Reviews":"","Address":"","Reviewer":"Felipe Liindstron","Reviewer_page":"https://www.google.com/maps/contrib/104781921631100827203/reviews?hl=en-US","Review_time":"5 years ago","Review":"","Likes":""},{"Name":"","Category":"","Rating":" 5 stars ","Number_of_Reviews":"","Address":"","Reviewer":"Tara Moseder","Reviewer_page":"https://www.google.com/maps/contrib/112934564775290918479/reviews?hl=en-US","Review_time":"4 years ago","Review":"","Likes":""},{"Name":"","Category":"","Rating":" 5 stars ","Number_of_Reviews":"","Address":"","Reviewer":"Jack","Reviewer_page":"https://www.google.com/maps/contrib/107266801954222291610/reviews?hl=en-US","Review_time":"3 years ago","Review":"","Likes":""},{"Name":"","Category":"","Rating":" 5 stars ","Number_of_Reviews":"","Address":"","Reviewer":"Nicole Hughes","Reviewer_page":"https://www.google.com/maps/contrib/104059648835302905131/reviews?hl=en-US","Review_time":"a year ago","Review":"","Likes":""},{"Name":"","Category":"","Rating":" 5 stars ","Number_of_Reviews":"","Address":"","Reviewer":"Marta Torres","Reviewer_page":"https://www.google.com/maps/contrib/102079157986799723913/reviews?hl=en-US","Review_time":"5 years ago","Review":"","Likes":""},{"Name":"","Category":"","Rating":" 3 stars ","Number_of_Reviews":"","Address":"","Reviewer":"Raffaella Calati","Reviewer_page":"https://www.google.com/maps/contrib/110773494866971979328/reviews?hl=en-US","Review_time":"4 years ago","Review":"","Likes":""},{"Name":"","Category":"","Rating":" 5 stars ","Number_of_Reviews":"","Address":"","Reviewer":"Sonia Veras","Reviewer_page":"https://www.google.com/maps/contrib/114947748139927705877/reviews?hl=en-US","Review_time":"3 years ago","Review":"","Likes":""},{"Name":"","Category":"","Rating":" 4 stars ","Number_of_Reviews":"","Address":"","Reviewer":"Thomas Brennan","Reviewer_page":"https://www.google.com/maps/contrib/108105736319719143263/reviews?hl=en-US","Review_time":"3 years ago","Review":"","Likes":""},{"Name":"","Category":"","Rating":" 4 stars ","Number_of_Reviews":"","Address":"","Reviewer":"elzard diga","Reviewer_page":"https://www.google.com/maps/contrib/103096485964806763800/reviews?hl=en-US","Review_time":"2 years ago","Review":"","Likes":""},{"Name":"","Category":"","Rating":" 4 stars ","Number_of_Reviews":"","Address":"","Reviewer":"YESIM DEMIRBAS","Reviewer_page":"https://www.google.com/maps/contrib/106952983631464753012/reviews?hl=en-US","Review_time":"4 years ago","Review":"","Likes":""},{"Name":"","Category":"","Rating":" 5 stars ","Number_of_Reviews":"","Address":"","Reviewer":"AMI TOHEN","Reviewer_page":"https://www.google.com/maps/contrib/108069648999394272562/reviews?hl=en-US","Review_time":"4 years ago","Review":"","Likes":""},{"Name":"","Category":"","Rating":" 5 stars ","Number_of_Reviews":"","Address":"","Reviewer":"Luis Silvestre","Reviewer_page":"https://www.google.com/maps/contrib/106077421523406264473/reviews?hl=en-US","Review_time":"3 years ago","Review":"","Likes":""},{"Name":"","Category":"","Rating":" 4 stars ","Number_of_Reviews":"","Address":"","Reviewer":"Raymond Gonzalez","Reviewer_page":"https://www.google.com/maps/contrib/111097335871159864460/reviews?hl=en-US","Review_time":"2 years ago","Review":"","Likes":""},{"Name":"","Category":"","Rating":" 5 stars ","Number_of_Reviews":"","Address":"","Reviewer":"Dr. Maulik","Reviewer_page":"https://www.google.com/maps/contrib/101429011579731227492/reviews?hl=en-US","Review_time":"4 years ago","Review":"","Likes":""},{"Name":"","Category":"","Rating":" 5 stars ","Number_of_Reviews":"","Address":"","Reviewer":"A. T.51","Reviewer_page":"https://www.google.com/maps/contrib/103181524621547366687/reviews?hl=en-US","Review_time":"4 years ago","Review":"","Likes":""},{"Name":"","Category":"","Rating":" 5 stars ","Number_of_Reviews":"","Address":"","Reviewer":"Theophania Ikonomou","Reviewer_page":"https://www.google.com/maps/contrib/116340139764249955688/reviews?hl=en-US","Review_time":"4 years ago","Review":"","Likes":""},{"Name":"","Category":"","Rating":" 3 stars ","Number_of_Reviews":"","Address":"","Reviewer":"Ilia-Aurora Lebron","Reviewer_page":"https://www.google.com/maps/contrib/105698281937375780197/reviews?hl=en-US","Review_time":"3 years ago","Review":"","Likes":""},{"Name":"","Category":"","Rating":" 5 stars ","Number_of_Reviews":"","Address":"","Reviewer":"Alan Sira","Reviewer_page":"https://www.google.com/maps/contrib/101995141909147195444/reviews?hl=en-US","Review_time":"4 years ago","Review":"","Likes":""},{"Name":"","Category":"","Rating":" 4 stars ","Number_of_Reviews":"","Address":"","Reviewer":"Luis Siguencia","Reviewer_page":"https://www.google.com/maps/contrib/108449354695763658483/reviews?hl=en-US","Review_time":"4 years ago","Review":"","Likes":""},{"Name":"","Category":"","Rating":" 3 stars ","Number_of_Reviews":"","Address":"","Reviewer":"Scott Kleinberg","Reviewer_page":"https://www.google.com/maps/contrib/107048308239777445040/reviews?hl=en-US","Review_time":"3 years ago","Review":"","Likes":""},{"Name":"","Category":"","Rating":" 4 stars ","Number_of_Reviews":"","Address":"","Reviewer":"ann-Marie Cameron","Reviewer_page":"https://www.google.com/maps/contrib/102623139879389323802/reviews?hl=en-US","Review_time":"2 years ago","Review":"","Likes":""},{"Name":"","Category":"","Rating":" 4 stars ","Number_of_Reviews":"","Address":"","Reviewer":"Haroon Ahmed","Reviewer_page":"https://www.google.com/maps/contrib/103573526059402913769/reviews?hl=en-US","Review_time":"3 years ago","Review":"","Likes":""},{"Name":"","Category":"","Rating":" 5 stars ","Number_of_Reviews":"","Address":"","Reviewer":"Benjamin “Benny Calbrood” Gomez","Reviewer_page":"https://www.google.com/maps/contrib/101972398292267971206/reviews?hl=en-US","Review_time":"4 years ago","Review":"","Likes":""},{"Name":"","Category":"","Rating":" 5 stars ","Number_of_Reviews":"","Address":"","Reviewer":"Jack Candy","Reviewer_page":"https://www.google.com/maps/contrib/106649958595240143852/reviews?hl=en-US","Review_time":"a year ago","Review":"","Likes":""},{"Name":"","Category":"","Rating":" 2 stars ","Number_of_Reviews":"","Address":"","Reviewer":"Maryna Kornyshova","Reviewer_page":"https://www.google.com/maps/contrib/110073974355053311265/reviews?hl=en-US","Review_time":"4 years ago","Review":"","Likes":""},{"Name":"","Category":"","Rating":" 3 stars ","Number_of_Reviews":"","Address":"","Reviewer":"ucmeinurdreams Millie","Reviewer_page":"https://www.google.com/maps/contrib/111507397702804224371/reviews?hl=en-US","Review_time":"3 years ago","Review":"","Likes":""},{"Name":"","Category":"","Rating":" 5 stars ","Number_of_Reviews":"","Address":"","Reviewer":"Mike Droney","Reviewer_page":"https://www.google.com/maps/contrib/101145464412987175964/reviews?hl=en-US","Review_time":"2 years ago","Review":"","Likes":""},{"Name":"","Category":"","Rating":" 5 stars ","Number_of_Reviews":"","Address":"","Reviewer":"jesus roubert","Reviewer_page":"https://www.google.com/maps/contrib/109525856279563484335/reviews?hl=en-US","Review_time":"5 years ago","Review":"","Likes":""},{"Name":"","Category":"","Rating":" 3 stars ","Number_of_Reviews":"","Address":"","Reviewer":"Rumiko Takahashi","Reviewer_page":"https://www.google.com/maps/contrib/115676955619976498995/reviews?hl=en-US","Review_time":"3 years ago","Review":"","Likes":""},{"Name":"","Category":"","Rating":" 5 stars ","Number_of_Reviews":"","Address":"","Reviewer":"Mastaneh Saadat","Reviewer_page":"https://www.google.com/maps/contrib/103603609247014162213/reviews?hl=en-US","Review_time":"4 years ago","Review":"","Likes":""},{"Name":"","Category":"","Rating":" 4 stars ","Number_of_Reviews":"","Address":"","Reviewer":"Sofia Branchini","Reviewer_page":"https://www.google.com/maps/contrib/100679440476866059350/reviews?hl=en-US","Review_time":"3 years ago","Review":"","Likes":""},{"Name":"","Category":"","Rating":" 5 stars ","Number_of_Reviews":"","Address":"","Reviewer":"Pedro Luis Aldas Alvarez","Reviewer_page":"https://www.google.com/maps/contrib/114248209087589339876/reviews?hl=en-US","Review_time":"3 years ago","Review":"","Likes":""},{"Name":"","Category":"","Rating":" 5 stars ","Number_of_Reviews":"","Address":"","Reviewer":"rosa reyes","Reviewer_page":"https://www.google.com/maps/contrib/100259389241844563795/reviews?hl=en-US","Review_time":"4 years ago","Review":"","Likes":""},{"Name":"","Category":"","Rating":" 5 stars ","Number_of_Reviews":"","Address":"","Reviewer":"Sue-Ann McCarty Martin","Reviewer_page":"https://www.google.com/maps/contrib/113687106706712953960/reviews?hl=en-US","Review_time":"3 years ago","Review":"","Likes":""},{"Name":"","Category":"","Rating":" 4 stars ","Number_of_Reviews":"","Address":"","Reviewer":"Raven Miller","Reviewer_page":"https://www.google.com/maps/contrib/106916837837864833658/reviews?hl=en-US","Review_time":"3 years ago","Review":"","Likes":""},{"Name":"","Category":"","Rating":" 4 stars ","Number_of_Reviews":"","Address":"","Reviewer":"Abdullah Alhumood","Reviewer_page":"https://www.google.com/maps/contrib/110524438879232846774/reviews?hl=en-US","Review_time":"5 years ago","Review":"","Likes":""},{"Name":"","Category":"","Rating":" 5 stars ","Number_of_Reviews":"","Address":"","Reviewer":"bekir bekiroğlu","Reviewer_page":"https://www.google.com/maps/contrib/114705326151044552852/reviews?hl=en-US","Review_time":"4 years ago","Review":"","Likes":""},{"Name":"","Category":"","Rating":" 4 stars ","Number_of_Reviews":"","Address":"","Reviewer":"claudia De Laurentis","Reviewer_page":"https://www.google.com/maps/contrib/105544871058326421905/reviews?hl=en-US","Review_time":"2 years ago","Review":"","Likes":""},{"Name":"","Category":"","Rating":" 5 stars ","Number_of_Reviews":"","Address":"","Reviewer":"Christal Farnsworth","Reviewer_page":"https://www.google.com/maps/contrib/118303251743488232362/reviews?hl=en-US","Review_time":"3 years ago","Review":"","Likes":""},{"Name":"","Category":"","Rating":" 5 stars ","Number_of_Reviews":"","Address":"","Reviewer":"Jeff Kim","Reviewer_page":"https://www.google.com/maps/contrib/101964916565515966229/reviews?hl=en-US","Review_time":"5 years ago","Review":"","Likes":""},{"Name":"","Category":"","Rating":" 5 stars ","Number_of_Reviews":"","Address":"","Reviewer":"Maryann Bishop","Reviewer_page":"https://www.google.com/maps/contrib/106271073393713837997/reviews?hl=en-US","Review_time":"2 years ago","Review":"","Likes":""},{"Name":"","Category":"","Rating":" 5 stars ","Number_of_Reviews":"","Address":"","Reviewer":"Galina Yonova","Reviewer_page":"https://www.google.com/maps/contrib/100414146298325623254/reviews?hl=en-US","Review_time":"2 years ago","Review":"","Likes":""},{"Name":"","Category":"","Rating":" 4 stars ","Number_of_Reviews":"","Address":"","Reviewer":"Andrew","Reviewer_page":"https://www.google.com/maps/contrib/107470009059796202954/reviews?hl=en-US","Review_time":"4 years ago","Review":"","Likes":""},{"Name":"","Category":"","Rating":" 3 stars ","Number_of_Reviews":"","Address":"","Reviewer":"Steve Powell","Reviewer_page":"https://www.google.com/maps/contrib/100983935896921592429/reviews?hl=en-US","Review_time":"3 years ago","Review":"","Likes":""}