[{"Name":"","Category":"","Rating":" 3 stars ","Number_of_Reviews":"","Address":"","Reviewer":"Brad Loncar","Reviewer_page":"https://www.google.com/maps/contrib/103557922812531456572/reviews?hl=en-US","Review_time":"3 months ago","Review":"Open until 8:00 on Sundays. There’s not seating in the store, but there are tables and chairs in the lobby of the adjoining building.","Likes":""},{"Name":"","Category":"","Rating":" 1 star ","Number_of_Reviews":"","Address":"","Reviewer":"Tiffany Lu","Reviewer_page":"https://www.google.com/maps/contrib/109098264437541587760/reviews?hl=en-US","Review_time":"2 months ago","Review":"When I asked for a venti manga dragon fruit with no ice, they only gave us half of the drink in the cup. I used to work at Starbucks and this is definitely not how you do it.","Likes":""},{"Name":"","Category":"","Rating":" 3 stars ","Number_of_Reviews":"","Address":"","Reviewer":"Johnny Zito","Reviewer_page":"https://www.google.com/maps/contrib/106093732174543992212/reviews?hl=en-US","Review_time":"2 weeks ago","Review":"They make a good cup but if you like your service with a smile you can forget about that","Likes":""},{"Name":"","Category":"","Rating":" 5 stars ","Number_of_Reviews":"","Address":"","Reviewer":"Walter Andrea Cipolla","Reviewer_page":"https://www.google.com/maps/contrib/105143709389787693193/reviews?hl=en-US","Review_time":"2 months ago","Review":"The place is quite small but the staff is very kind and professional, quick to deliver your order and to give you any advice.","Likes":""},{"Name":"","Category":"","Rating":" 4 stars ","Number_of_Reviews":"","Address":"","Reviewer":"Sherel-Lee","Reviewer_page":"https://www.google.com/maps/contrib/111400378899150722628/reviews?hl=en-US","Review_time":"a month ago","Review":"exquisite! lovely but for the snacks which just sit there getting more and more ages... like bananas which do not get better as they get older.","Likes":""},{"Name":"","Category":"","Rating":" 5 stars ","Number_of_Reviews":"","Address":"","Reviewer":"Arielle Zilge","Reviewer_page":"https://www.google.com/maps/contrib/107506575717811318198/reviews?hl=en-US","Review_time":"11 months ago","Review":"The manager & associates of this location are SO delightful. They go above and beyond the tasks required of them, and ensure every customer is satisfied. I walk several blocks compared to the starbucks right next to my office to get this type of excellent service.","Likes":""},{"Name":"","Category":"","Rating":" 5 stars ","Number_of_Reviews":"","Address":"","Reviewer":"Alex Morales","Reviewer_page":"https://www.google.com/maps/contrib/118431938696568948093/reviews?hl=en-US","Review_time":"7 months ago","Review":"Came at 5:30am to Starbucks and was greeted by Kiara , I think that’s how you spell it . Well for it to be so early, She cared herself with a good attitude and helped me out with my order ! Thank you for the service !!","Likes":""},{"Name":"","Category":"","Rating":" 5 stars ","Number_of_Reviews":"","Address":"","Reviewer":"Ghostk","Reviewer_page":"https://www.google.com/maps/contrib/107974979968694675430/reviews?hl=en-US","Review_time":"a year ago","Review":"Update:\nVery nice new staff very comprehensive and polite thank you XAVIER and all your team thank you again. …","Likes":""},{"Name":"","Category":"","Rating":" 2 stars ","Number_of_Reviews":"","Address":"","Reviewer":"vincent mahler","Reviewer_page":"https://www.google.com/maps/contrib/100279863780155215166/reviews?hl=en-US","Review_time":"a year ago","Review":"The worst. Music was too loud to hear the baristas. The ac was blowing incredibly aggressively. The place was not very clean. To be fair the employees were very friendly.","Likes":""},{"Name":"","Category":"","Rating":" 2 stars ","Number_of_Reviews":"","Address":"","Reviewer":"Bill Johnson","Reviewer_page":"https://www.google.com/maps/contrib/101036855550671398477/reviews?hl=en-US","Review_time":"5 months ago","Review":"Understaffed and missed our drink order….no bueno.","Likes":""},{"Name":"","Category":"","Rating":" 4 stars ","Number_of_Reviews":"","Address":"","Reviewer":"Abbas Abbasov","Reviewer_page":"https://www.google.com/maps/contrib/115727399853636339423/reviews?hl=en-US","Review_time":"3 months ago","Review":"Regular Starbucks experience, except a bit slower","Likes":""},{"Name":"","Category":"","Rating":" 1 star ","Number_of_Reviews":"","Address":"","Reviewer":"Michael Moon","Reviewer_page":"https://www.google.com/maps/contrib/115871565198159147940/reviews?hl=en-US","Review_time":"4 years ago","Review":"When I was purchasing a cake pop an employee, while getting one for me dropped the whole pack of them on the table and after that happened tried to give me a smashed one. It was literally falling into and lpieces and I asked to change to a not damaged one. I received such an attitude from her that I would never come back to this particular store even it’s on my way every day. I think as a customer I deserve to get good quality products, especially if it’s Starbucks","Likes":"2"},{"Name":"","Category":"","Rating":" 3 stars ","Number_of_Reviews":"","Address":"","Reviewer":"Daniel Todorovic","Reviewer_page":"https://www.google.com/maps/contrib/113406844278579028731/reviews?hl=en-US","Review_time":"2 weeks ago","Review":"A Starbuck. What else can I say...","Likes":""},{"Name":"","Category":"","Rating":" 5 stars ","Number_of_Reviews":"","Address":"","Reviewer":"Pranab Das","Reviewer_page":"https://www.google.com/maps/contrib/101553655898557669142/reviews?hl=en-US","Review_time":"4 years ago","Review":"Small location offset by there being seating arrangements next to it (picture). Very good staff and clean.","Likes":""},{"Name":"","Category":"","Rating":" 5 stars ","Number_of_Reviews":"","Address":"","Reviewer":"Abe Boujakli","Reviewer_page":"https://www.google.com/maps/contrib/115736188777390870644/reviews?hl=en-US","Review_time":"a year ago","Review":"Qua is simply amazing! She is a people person and will put anyone in a good mood! Thank you for making my mondays in NYC so much better! You’re the BEST Qua!!!!","Likes":""},{"Name":"","Category":"","Rating":" 5 stars ","Number_of_Reviews":"","Address":"","Reviewer":"Sandra Cook","Reviewer_page":"https://www.google.com/maps/contrib/109354765988570373777/reviews?hl=en-US","Review_time":"10 months ago","Review":"I was so happy this starbucks had Christmas Blend! Only issue is there is no seating.","Likes":""},{"Name":"","Category":"","Rating":" 5 stars ","Number_of_Reviews":"","Address":"","Reviewer":"Loris arazi","Reviewer_page":"https://www.google.com/maps/contrib/111440981708656150398/reviews?hl=en-US","Review_time":"a year ago","Review":"Best best customer servic!!!!! Makes the best drinks! Never going to other stores! This is always my first stop when I want a drink. 😊😊😊","Likes":""},{"Name":"","Category":"","Rating":" 2 stars ","Number_of_Reviews":"","Address":"","Reviewer":"The Food Critic","Reviewer_page":"https://www.google.com/maps/contrib/115180234067374190379/reviews?hl=en-US","Review_time":"2 years ago","Review":"This location if you are on the go you won’t notice they have nasty attitude but while standing there waiting you will see them being nasty towards customers they can’t hear the questions that the customers are asking because they are talking to one another\nThey don’t call names with the drinks as if we are supposed to ask them what they are placing on the counter I work across the street so I came oh so very often and it’s just crazy to sit back and see this in a Starbucks that make millions off persons who drink coffee everyday","Likes":"3"},{"Name":"","Category":"","Rating":" 1 star ","Number_of_Reviews":"","Address":"","Reviewer":"Sunny Parihar","Reviewer_page":"https://www.google.com/maps/contrib/101796279665339845726/reviews?hl=en-US","Review_time":"4 months ago","Review":"Slow service made worse by the cramped space.","Likes":""},{"Name":"","Category":"","Rating":" 1 star ","Number_of_Reviews":"","Address":"","Reviewer":"Vlad Nesterenko","Reviewer_page":"https://www.google.com/maps/contrib/107067857139143156524/reviews?hl=en-US","Review_time":"3 years ago","Review":"Awful starbucks location. Every 2nd mobile order is not prepared on time...\nToday I ordered something and it was written it would be ready in 8 minutes - I came there in 15 minutes and it wasn’t even started preparing...\nI needed to mention it to the staff and wait another 5 minutes.\nAnd it’s not the 1st time\n1 star!","Likes":""},{"Name":"","Category":"","Rating":" 1 star ","Number_of_Reviews":"","Address":"","Reviewer":"Jerry","Reviewer_page":"https://www.google.com/maps/contrib/113473353312557314752/reviews?hl=en-US","Review_time":"5 years ago","Review":"Ordered 2 fusion teas, less ice. Watered down with the faintest hint of tea... and still had more ice than usual.. Teas were done quickly (too quickly), but you better try them before you leave!!!","Likes":""},{"Name":"","Category":"","Rating":" 1 star ","Number_of_Reviews":"","Address":"","Reviewer":"Ashleigh Churchill","Reviewer_page":"https://www.google.com/maps/contrib/116920485723797491900/reviews?hl=en-US","Review_time":"3 years ago","Review":"The whole point of me having my own cup is I'm trying to do my bit for the planet. Doesn't really work when you serve up a drink in a takeaway cup and then pour it in to mine. What a waste. 👎\nAlso verrry, verrrry slow.","Likes":""},{"Name":"","Category":"","Rating":" 1 star ","Number_of_Reviews":"","Address":"","Reviewer":"Amanda Arevalo","Reviewer_page":"https://www.google.com/maps/contrib/107845432034053866551/reviews?hl=en-US","Review_time":"4 years ago","Review":"Visited this location few days ago with my husband and daughters.  We were ordering at 9:15 my husband asked to use the bathroom the cashier told him its closed even though the store doesn't close till 10pm. We asked to speak to the manager,  veda told us the bathroom was closed because they sprayed it with chemicals.  What chemical?? If someone is able to spray and clean the bathroom with chemicals that won't prevent a man form using the bathroom after.  Veda was rude and claimed to be the manager ... when I asked what kind d of chemical you use she replied I dont know I just work here. Shame on you for lying to customers just because you want to go home fast. Shame on Starbucks for hiring such people especially as manager.","Likes":"2"},{"Name":"","Category":"","Rating":" 1 star ","Number_of_Reviews":"","Address":"","Reviewer":"Kapil Anand","Reviewer_page":"https://www.google.com/maps/contrib/115727792142387721793/reviews?hl=en-US","Review_time":"4 years ago","Review":"They forgot to make one of our drinks even though it wasn’t busy and didn’t do anything to make up for it even though we waited 20 minutes...\n\nAlso when we were getting two pour over drinks I saw the employee reuse old coffee grounds in the second drink... wow... this place sucks.","Likes":""},{"Name":"","Category":"","Rating":" 1 star ","Number_of_Reviews":"","Address":"","Reviewer":"Andrew Dawson","Reviewer_page":"https://www.google.com/maps/contrib/117681012789220628977/reviews?hl=en-US","Review_time":"3 years ago","Review":"2weeks ago the place was a mess, tables were super dirty. Good think it’s improved since my last visit, barista was polite and friendly. But I had bad experience  2 weeks ago","Likes":""},{"Name":"","Category":"","Rating":" 1 star ","Number_of_Reviews":"","Address":"","Reviewer":"John Wu","Reviewer_page":"https://www.google.com/maps/contrib/101221933007582339558/reviews?hl=en-US","Review_time":"3 years ago","Review":"Terrible barista...ordered and waited 5 minutes to find she finished my order but didnt call out name that it was ready.  Ironic thing is previous person said the same thing and I figured she just didnt hear.","Likes":""},{"Name":"","Category":"","Rating":" 1 star ","Number_of_Reviews":"","Address":"","Reviewer":"Javier De Carlos","Reviewer_page":"https://www.google.com/maps/contrib/113015544727983268815/reviews?hl=en-US","Review_time":"6 years ago","Review":"Lack of professionalism of the person who served the coffees this morning. He made himself clear he was ignoring any question about what was ordered. His tone was even disrespectful with the customers who insisted for answers. At least, they didn't forget any of the items I ordered (like they did the last time).","Likes":""},{"Name":"","Category":"","Rating":" 1 star ","Number_of_Reviews":"","Address":"","Reviewer":"River Ho Rathore","Reviewer_page":"https://www.google.com/maps/contrib/111025032709644606364/reviews?hl=en-US","Review_time":"5 years ago","Review":"Worst Starbucks I've ever been to. Very rude counter staff (Julissa) and lady barista. They were making faces as they served, and forgot my order in the process. Don't go there.","Likes":""},{"Name":"","Category":"","Rating":" 4 stars ","Number_of_Reviews":"","Address":"","Reviewer":"Larraine “Santos” Criss","Reviewer_page":"https://www.google.com/maps/contrib/109701643646924555681/reviews?hl=en-US","Review_time":"3 years ago","Review":"Big Starbucks branch that opens early.","Likes":""},{"Name":"","Category":"","Rating":" 1 star ","Number_of_Reviews":"","Address":"","Reviewer":"מיכל לשם","Reviewer_page":"https://www.google.com/maps/contrib/104391718578722078459/reviews?hl=en-US","Review_time":"7 years ago","Review":"The service was bad, I had to wait 5 minutes between two items ordered by me. I asked few minutes after I received the first frapucino when I'll get the second one ordered, and the reply was \"it's coming, and I waited additional few minutes while other people received their ordered although they ordered after me","Likes":""},{"Name":"","Category":"","Rating":" 5 stars ","Number_of_Reviews":"","Address":"","Reviewer":"Blake Iwasaki","Reviewer_page":"https://www.google.com/maps/contrib/101831660753923111219/reviews?hl=en-US","Review_time":"2 years ago","Review":"Kaitlyn was very nice and gave awesome service. Drinks were made perfectly.","Likes":"1"},{"Name":"","Category":"","Rating":" 4 stars ","Number_of_Reviews":"","Address":"","Reviewer":"Julian Biedenbacher","Reviewer_page":"https://www.google.com/maps/contrib/105876711341117748338/reviews?hl=en-US","Review_time":"5 months ago","Review":"Your typical Starbucks.","Likes":""},{"Name":"","Category":"","Rating":" 4 stars ","Number_of_Reviews":"","Address":"","Reviewer":"Larry Moonlight","Reviewer_page":"https://www.google.com/maps/contrib/109864969769615894785/reviews?hl=en-US","Review_time":"4 years ago","Review":"You couldn't buy a few drinks there. So sad. The lobby next to Starbucks is a very good place to drink your drinks","Likes":""},{"Name":"","Category":"","Rating":" 1 star ","Number_of_Reviews":"","Address":"","Reviewer":"Annеt P","Reviewer_page":"https://www.google.com/maps/contrib/114344751676787233358/reviews?hl=en-US","Review_time":"3 years ago","Review":"Veeeery very rude and lazy staff!!! Made the wrong coffee and didn't even apologize. It was the worst coffee in Starbucks.","Likes":"1"},{"Name":"","Category":"","Rating":" 4 stars ","Number_of_Reviews":"","Address":"","Reviewer":"angel molina","Reviewer_page":"https://www.google.com/maps/contrib/116332314805393239086/reviews?hl=en-US","Review_time":"9 months ago","Review":"Good place, good service and good coffee….","Likes":"1"},{"Name":"","Category":"","Rating":" 2 stars ","Number_of_Reviews":"","Address":"","Reviewer":"Simon P","Reviewer_page":"https://www.google.com/maps/contrib/103343022099261015406/reviews?hl=en-US","Review_time":"5 years ago","Review":"Tiny Starbucks location. Employee are lazy. Only whole milk was at the counter and place was messy. There really isn't any place to sit unless you go to the indoor Plaza outside Starbucks","Likes":""},{"Name":"","Category":"","Rating":" 1 star ","Number_of_Reviews":"","Address":"","Reviewer":"Mike Zhurba","Reviewer_page":"https://www.google.com/maps/contrib/112306422251704630618/reviews?hl=en-US","Review_time":"7 years ago","Review":"noticed spit floating in black coffee, spilled it out in trash (~5:00 - 5:45 pm 10/08/15) and went to 6th ave location instead. worst management amongst all neighboring locations.","Likes":""},{"Name":"","Category":"","Rating":" 4 stars ","Number_of_Reviews":"","Address":"","Reviewer":"Rohit Bansal","Reviewer_page":"https://www.google.com/maps/contrib/102680613954296065595/reviews?hl=en-US","Review_time":"5 years ago","Review":"Coffee, croissants, wifi, and quick service. Everything I need from a Starbucks except power outlets. Those were missing.","Likes":""},{"Name":"","Category":"","Rating":" 4 stars ","Number_of_Reviews":"","Address":"","Reviewer":"MELVIN WILLIAMS","Reviewer_page":"https://www.google.com/maps/contrib/111035318940411853592/reviews?hl=en-US","Review_time":"11 months ago","Review":"Lots of eatable & drinkful place to go too.","Likes":""},{"Name":"","Category":"","Rating":" 1 star ","Number_of_Reviews":"","Address":"","Reviewer":"Sharon Lin","Reviewer_page":"https://www.google.com/maps/contrib/113615459390758627595/reviews?hl=en-US","Review_time":"4 years ago","Review":"service is terrible here; they rush the drinks and add water to top off the cup. orders are often filled incorrectly.","Likes":""},{"Name":"","Category":"","Rating":" 4 stars ","Number_of_Reviews":"","Address":"","Reviewer":"Anju Bansal","Reviewer_page":"https://www.google.com/maps/contrib/111377980877271556546/reviews?hl=en-US","Review_time":"2 years ago","Review":"Service was quick, quality is anyway assured. Lots of seating places to chat and unwind.","Likes":""},{"Name":"","Category":"","Rating":" 5 stars ","Number_of_Reviews":"","Address":"","Reviewer":"Y M","Reviewer_page":"https://www.google.com/maps/contrib/116905261702019308201/reviews?hl=en-US","Review_time":"3 years ago","Review":"Starbucks coffe simply is unparallel! Simply best way to start the day","Likes":""},{"Name":"","Category":"","Rating":" 1 star ","Number_of_Reviews":"","Address":"","Reviewer":"PJ G","Reviewer_page":"https://www.google.com/maps/contrib/106787277484370887768/reviews?hl=en-US","Review_time":"3 years ago","Review":"Rent-a-cop had a problem with me moving one of the tables a few feet so our group could sit together. This place sucks.","Likes":""},{"Name":"","Category":"","Rating":" 5 stars ","Number_of_Reviews":"","Address":"","Reviewer":"Adam Murray","Reviewer_page":"https://www.google.com/maps/contrib/117453650114841127846/reviews?hl=en-US","Review_time":"6 years ago","Review":"Service was excellent and the man making the drinks was singing and damn well too!!! A very good experience.","Likes":""},{"Name":"","Category":"","Rating":" 3 stars ","Number_of_Reviews":"","Address":"","Reviewer":"Paul Gallo","Reviewer_page":"https://www.google.com/maps/contrib/113591629090349213338/reviews?hl=en-US","Review_time":"5 years ago","Review":"Small. When its cold out the door opens to shoot cold air into the store. Makes the seats useless. Kinda like sitiing in an icebox.","Likes":""},{"Name":"","Category":"","Rating":" 3 stars ","Number_of_Reviews":"","Address":"","Reviewer":"Robert Birmele","Reviewer_page":"https://www.google.com/maps/contrib/115737429763933812596/reviews?hl=en-US","Review_time":"3 years ago","Review":"Typical Starbucks. You know what your getting\nGood service here.","Likes":""},{"Name":"","Category":"","Rating":" 4 stars ","Number_of_Reviews":"","Address":"","Reviewer":"Erwin","Reviewer_page":"https://www.google.com/maps/contrib/111612674335187393011/reviews?hl=en-US","Review_time":"6 years ago","Review":"Nice staff they understand Spanish too if you like to practice, cafe in stead of coffee.","Likes":""},{"Name":"","Category":"","Rating":" 4 stars ","Number_of_Reviews":"","Address":"","Reviewer":"Michael Apfel","Reviewer_page":"https://www.google.com/maps/contrib/107275098539261457059/reviews?hl=en-US","Review_time":"5 years ago","Review":"Nice standard starbucks. Can't say it's any different from the rest. Fast service.","Likes":""},{"Name":"","Category":"","Rating":" 1 star ","Number_of_Reviews":"","Address":"","Reviewer":"Mourad Feny","Reviewer_page":"https://www.google.com/maps/contrib/116686344464018376264/reviews?hl=en-US","Review_time":"6 years ago","Review":"Nice coffee but very bad staff, it took them 20min to refill the milk containers,","Likes":""},{"Name":"","Category":"","Rating":" 5 stars ","Number_of_Reviews":"","Address":"","Reviewer":"Mohamed Mabrouk","Reviewer_page":"https://www.google.com/maps/contrib/102652093993475034430/reviews?hl=en-US","Review_time":"3 years ago","Review":"Not so bad at all.","Likes":""},{"Name":"","Category":"","Rating":" 1 star ","Number_of_Reviews":"","Address":"","Reviewer":"Carlo Ramos","Reviewer_page":"https://www.google.com/maps/contrib/100828082553653440989/reviews?hl=en-US","Review_time":"9 months ago","Review":"no seats available with an outlet next to it … what?","Likes":""},{"Name":"","Category":"","Rating":" 5 stars ","Number_of_Reviews":"","Address":"","Reviewer":"CF Bee","Reviewer_page":"https://www.google.com/maps/contrib/114149198859678009631/reviews?hl=en-US","Review_time":"4 years ago","Review":"This us a great place to get a pick me up drink for the afternoon.","Likes":""},{"Name":"","Category":"","Rating":" 4 stars ","Number_of_Reviews":"","Address":"","Reviewer":"lance ng","Reviewer_page":"https://www.google.com/maps/contrib/103873361259525862005/reviews?hl=en-US","Review_time":"5 years ago","Review":"It's a star bucks, just like any other one. Good coffee?","Likes":""},{"Name":"","Category":"","Rating":" 4 stars ","Number_of_Reviews":"","Address":"","Reviewer":"Tyler","Reviewer_page":"https://www.google.com/maps/contrib/102049230290631526303/reviews?hl=en-US","Review_time":"5 years ago","Review":"Good food on the run, it's a Starbucks you get Starbucks stuff","Likes":""},{"Name":"","Category":"","Rating":" 2 stars ","Number_of_Reviews":"","Address":"","Reviewer":"Bianca Camerini","Reviewer_page":"https://www.google.com/maps/contrib/100841179827955481582/reviews?hl=en-US","Review_time":"2 years ago","Review":"First unpolite Starbucks employees I meet. Grumpy and careless :/","Likes":""},{"Name":"","Category":"","Rating":" 5 stars ","Number_of_Reviews":"","Address":"","Reviewer":"Diego QR","Reviewer_page":"https://www.google.com/maps/contrib/108456280105145208727/reviews?hl=en-US","Review_time":"4 years ago","Review":"Very good service and seating. It is fast and efficient.","Likes":""},{"Name":"","Category":"","Rating":" 5 stars ","Number_of_Reviews":"","Address":"","Reviewer":"Oliver Zimmermann","Reviewer_page":"https://www.google.com/maps/contrib/115125501190855987901/reviews?hl=en-US","Review_time":"3 years ago","Review":"Another nice Starbucks with nice amd fast staff","Likes":""},{"Name":"","Category":"","Rating":" 5 stars ","Number_of_Reviews":"","Address":"","Reviewer":"Jennifer K.","Reviewer_page":"https://www.google.com/maps/contrib/105269327747741394477/reviews?hl=en-US","Review_time":"9 years ago","Review":"always super busy at any time of the day -- in the lobby of a corporate building and next to a popular public open space area.","Likes":""},{"Name":"","Category":"","Rating":" 4 stars ","Number_of_Reviews":"","Address":"","Reviewer":"Gabriel k","Reviewer_page":"https://www.google.com/maps/contrib/107630726278035652100/reviews?hl=en-US","Review_time":"3 years ago","Review":"Chairs not very comfortable but what can I say? Starbucks is Starbucks 🤷🏻‍♂️","Likes":""},{"Name":"","Category":"","Rating":" 2 stars ","Number_of_Reviews":"","Address":"","Reviewer":"Nana Esi O. Nyarkoh","Reviewer_page":"https://www.google.com/maps/contrib/111009697506573413364/reviews?hl=en-US","Review_time":"3 years ago","Review":"There were flies all over the pastries in one of the Starbucks on Fifth Avenue..","Likes":""},{"Name":"","Category":"","Rating":" 4 stars ","Number_of_Reviews":"","Address":"","Reviewer":"Leslie Donado","Reviewer_page":"https://www.google.com/maps/contrib/114063859430229503255/reviews?hl=en-US","Review_time":"4 years ago","Review":"Hot Chocolate n banana nut cake were DELICIOUS !!!","Likes":""},{"Name":"","Category":"","Rating":" 3 stars ","Number_of_Reviews":"","Address":"","Reviewer":"Peter Ioannides","Reviewer_page":"https://www.google.com/maps/contrib/114672540350326942297/reviews?hl=en-US","Review_time":"3 years ago","Review":"Another nice Starbucks with nice andfast staff","Likes":""},{"Name":"","Category":"","Rating":" 5 stars ","Number_of_Reviews":"","Address":"","Reviewer":"nikita zavarzin","Reviewer_page":"https://www.google.com/maps/contrib/109447230372141531765/reviews?hl=en-US","Review_time":"10 months ago","Review":"Always great service.","Likes":""},{"Name":"","Category":"","Rating":" 5 stars ","Number_of_Reviews":"","Address":"","Reviewer":"Isaac Pollak","Reviewer_page":"https://www.google.com/maps/contrib/104699952813721151710/reviews?hl=en-US","Review_time":"2 years ago","Review":"Good coffe\nThat's what I crave","Likes":""},{"Name":"","Category":"","Rating":" 5 stars ","Number_of_Reviews":"","Address":"","Reviewer":"Helen Bukoski","Reviewer_page":"https://www.google.com/maps/contrib/111964141784156466665/reviews?hl=en-US","Review_time":"a year ago","Review":"Loved my drink!","Likes":""},{"Name":"","Category":"","Rating":" 4 stars ","Number_of_Reviews":"","Address":"","Reviewer":"Mark Anthony Sampson","Reviewer_page":"https://www.google.com/maps/contrib/103752781802402124257/reviews?hl=en-US","Review_time":"5 years ago","Review":"Nice place and great coffee.","Likes":""},{"Name":"","Category":"","Rating":" 4 stars ","Number_of_Reviews":"","Address":"","Reviewer":"Nitin Suri","Reviewer_page":"https://www.google.com/maps/contrib/102357179831115340684/reviews?hl=en-US","Review_time":"3 years ago","Review":"The best coffee so far","Likes":""},{"Name":"","Category":"","Rating":" 4 stars ","Number_of_Reviews":"","Address":"","Reviewer":"alex mckeever","Reviewer_page":"https://www.google.com/maps/contrib/106391471982345082146/reviews?hl=en-US","Review_time":"5 years ago","Review":"Good coffe selection and food","Likes":""},{"Name":"","Category":"","Rating":" 5 stars ","Number_of_Reviews":"","Address":"","Reviewer":"bret dorton","Reviewer_page":"https://www.google.com/maps/contrib/115854508636636730278/reviews?hl=en-US","Review_time":"3 years ago","Review":"It is amazballs! But still way over priced","Likes":""},{"Name":"","Category":"","Rating":" 5 stars ","Number_of_Reviews":"","Address":"","Reviewer":"ÖMER ÇALIŞKAN","Reviewer_page":"https://www.google.com/maps/contrib/108348144399197390224/reviews?hl=en-US","Review_time":"6 years ago","Review":"i recommend white chocolate mocha...delicious","Likes":""},{"Name":"","Category":"","Rating":" 1 star ","Number_of_Reviews":"","Address":"","Reviewer":"Bohemian Journey","Reviewer_page":"https://www.google.com/maps/contrib/102237983437462103515/reviews?hl=en-US","Review_time":"3 years ago","Review":"Not really healthy atmosphere.","Likes":""},{"Name":"","Category":"","Rating":" 4 stars ","Number_of_Reviews":"","Address":"","Reviewer":"Steve H","Reviewer_page":"https://www.google.com/maps/contrib/113922715758706397044/reviews?hl=en-US","Review_time":"4 years ago","Review":"Good coffee and prepared food","Likes":""},{"Name":"","Category":"","Rating":" 5 stars ","Number_of_Reviews":"","Address":"","Reviewer":"General Chaos","Reviewer_page":"https://www.google.com/maps/contrib/113380001103529262414/reviews?hl=en-US","Review_time":"5 years ago","Review":"Viva the cafe,coffee time,great cafe.","Likes":""},{"Name":"","Category":"","Rating":" 3 stars ","Number_of_Reviews":"","Address":"","Reviewer":"J. Renx","Reviewer_page":"https://www.google.com/maps/contrib/104876934679891405310/reviews?hl=en-US","Review_time":"5 months ago","Review":"Usual Starbucks","Likes":""},{"Name":"","Category":"","Rating":" 5 stars ","Number_of_Reviews":"","Address":"","Reviewer":"Bassem Samir","Reviewer_page":"https://www.google.com/maps/contrib/114566365421685892811/reviews?hl=en-US","Review_time":"a year ago","Review":"Lovely busy place, I like it","Likes":""},{"Name":"","Category":"","Rating":" 3 stars ","Number_of_Reviews":"","Address":"","Reviewer":"Alexander Lozano","Reviewer_page":"https://www.google.com/maps/contrib/117057558082417078136/reviews?hl=en-US","Review_time":"3 years ago","Review":"Staff and coffee and great!","Likes":""},{"Name":"","Category":"","Rating":" 2 stars ","Number_of_Reviews":"","Address":"","Reviewer":"Matthew Parlette","Reviewer_page":"https://www.google.com/maps/contrib/114107083292690122875/reviews?hl=en-US","Review_time":"6 years ago","Review":"Not very clean, not particularly nice staff","Likes":""},{"Name":"","Category":"","Rating":" 4 stars ","Number_of_Reviews":"","Address":"","Reviewer":"Jonathan","Reviewer_page":"https://www.google.com/maps/contrib/117424590814475928578/reviews?hl=en-US","Review_time":"5 years ago","Review":"Your typical Starbucks, often too crowded.","Likes":""},{"Name":"","Category":"","Rating":" 5 stars ","Number_of_Reviews":"","Address":"","Reviewer":"Valeria Lorenzo","Reviewer_page":"https://www.google.com/maps/contrib/113202903748864708230/reviews?hl=en-US","Review_time":"10 months ago","Review":"It was great and fast","Likes":""},{"Name":"","Category":"","Rating":" 1 star ","Number_of_Reviews":"","Address":"","Reviewer":"Casey Penk","Reviewer_page":"https://www.google.com/maps/contrib/106755311109474150935/reviews?hl=en-US","Review_time":"6 years ago","Review":"Baristas here are rude and condescending. Avoids.","Likes":""},{"Name":"","Category":"","Rating":" 5 stars ","Number_of_Reviews":"","Address":"","Reviewer":"Bruno “Son Goku” Rocha","Reviewer_page":"https://www.google.com/maps/contrib/118063032274289561624/reviews?hl=en-US","Review_time":"4 years ago","Review":"Great Coffee, nice Batista.","Likes":""},{"Name":"","Category":"","Rating":" 4 stars ","Number_of_Reviews":"","Address":"","Reviewer":"Mukesh Shah","Reviewer_page":"https://www.google.com/maps/contrib/111119076791765675613/reviews?hl=en-US","Review_time":"6 years ago","Review":"Busy location. Nice customer service!","Likes":""},{"Name":"","Category":"","Rating":" 2 stars ","Number_of_Reviews":"","Address":"","Reviewer":"Angel Rivera","Reviewer_page":"https://www.google.com/maps/contrib/113419963380546715677/reviews?hl=en-US","Review_time":"5 years ago","Review":"Don't give them $100 they don't ever have change!","Likes":""},{"Name":"","Category":"","Rating":" 5 stars ","Number_of_Reviews":"","Address":"","Reviewer":"Kenneth Vargas Aguilar","Reviewer_page":"https://www.google.com/maps/contrib/104255616123275568563/reviews?hl=en-US","Review_time":"2 years ago","Review":"A good place for a coffee","Likes":""},{"Name":"","Category":"","Rating":" 4 stars ","Number_of_Reviews":"","Address":"","Reviewer":"Bee CoS","Reviewer_page":"https://www.google.com/maps/contrib/112082710474554701902/reviews?hl=en-US","Review_time":"3 years ago","Review":"If this is in spring valley then its ok","Likes":""},{"Name":"","Category":"","Rating":" 2 stars ","Number_of_Reviews":"","Address":"","Reviewer":"Tanya Tang","Reviewer_page":"https://www.google.com/maps/contrib/117667725312469302544/reviews?hl=en-US","Review_time":"3 years ago","Review":"Mobile orders are always ignored...","Likes":""},{"Name":"","Category":"","Rating":" 5 stars ","Number_of_Reviews":"","Address":"","Reviewer":"The Thinker","Reviewer_page":"https://www.google.com/maps/contrib/105241377284543442956/reviews?hl=en-US","Review_time":"a year ago","Review":"Yup, not bad.","Likes":""},{"Name":"","Category":"","Rating":" 5 stars ","Number_of_Reviews":"","Address":"","Reviewer":"julien vincent","Reviewer_page":"https://www.google.com/maps/contrib/115196933418835333334/reviews?hl=en-US","Review_time":"6 years ago","Review":"good buzz and fast service","Likes":""},{"Name":"","Category":"","Rating":" 5 stars ","Number_of_Reviews":"","Address":"","Reviewer":"Annette Lopez","Reviewer_page":"https://www.google.com/maps/contrib/103429933724642074883/reviews?hl=en-US","Review_time":"3 years ago","Review":"Delish Good Service","Likes":""},{"Name":"","Category":"","Rating":" 5 stars ","Number_of_Reviews":"","Address":"","Reviewer":"William Preston","Reviewer_page":"https://www.google.com/maps/contrib/109668481008221977333/reviews?hl=en-US","Review_time":"4 years ago","Review":"Attentive & friendly staff!","Likes":"1"},{"Name":"","Category":"","Rating":" 5 stars ","Number_of_Reviews":"","Address":"","Reviewer":"andrea bleasdale lynn","Reviewer_page":"https://www.google.com/maps/contrib/115222712159436822032/reviews?hl=en-US","Review_time":"4 years ago","Review":"Made my holiday to NY city","Likes":""},{"Name":"","Category":"","Rating":" 4 stars ","Number_of_Reviews":"","Address":"","Reviewer":"Docshimonove Esther","Reviewer_page":"https://www.google.com/maps/contrib/114442899666061659960/reviews?hl=en-US","Review_time":"3 years ago","Review":"Crawed ,needs more staf","Likes":""},{"Name":"","Category":"","Rating":" 3 stars ","Number_of_Reviews":"","Address":"","Reviewer":"Desmond Willis","Reviewer_page":"https://www.google.com/maps/contrib/102382992363867397953/reviews?hl=en-US","Review_time":"a year ago","Review":"Staff was nice","Likes":""},{"Name":"","Category":"","Rating":" 5 stars ","Number_of_Reviews":"","Address":"","Reviewer":"Le Geit Studio","Reviewer_page":"https://www.google.com/maps/contrib/113569632951906404660/reviews?hl=en-US","Review_time":"6 years ago","Review":"These dudes are lightening fast","Likes":""},{"Name":"","Category":"","Rating":" 2 stars ","Number_of_Reviews":"","Address":"","Reviewer":"Alejandro Di Tullio","Reviewer_page":"https://www.google.com/maps/contrib/101395554317938651281/reviews?hl=en-US","Review_time":"4 years ago","Review":"Afull as all sturbucks","Likes":""},{"Name":"","Category":"","Rating":" 5 stars ","Number_of_Reviews":"","Address":"","Reviewer":"Jeff “Fro” Calvert","Reviewer_page":"https://www.google.com/maps/contrib/117256008262041074640/reviews?hl=en-US","Review_time":"5 years ago","Review":"Standard Starbucks experience.","Likes":""},{"Name":"","Category":"","Rating":" 5 stars ","Number_of_Reviews":"","Address":"","Reviewer":"marco nunes","Reviewer_page":"https://www.google.com/maps/contrib/104854268536802962404/reviews?hl=en-US","Review_time":"2 years ago","Review":"Very, very good..!!","Likes":""},{"Name":"","Category":"","Rating":" 5 stars ","Number_of_Reviews":"","Address":"","Reviewer":"Mary Winfield","Reviewer_page":"https://www.google.com/maps/contrib/113953559633162294915/reviews?hl=en-US","Review_time":"2 years ago","Review":"Always fresh!","Likes":""},{"Name":"","Category":"","Rating":" 5 stars ","Number_of_Reviews":"","Address":"","Reviewer":"Elad Osherov","Reviewer_page":"https://www.google.com/maps/contrib/106594953498733956027/reviews?hl=en-US","Review_time":"5 years ago","Review":"Good shakes.","Likes":""},{"Name":"","Category":"","Rating":" 5 stars ","Number_of_Reviews":"","Address":"","Reviewer":"Michael Hansen","Reviewer_page":"https://www.google.com/maps/contrib/115449223183671797453/reviews?hl=en-US","Review_time":"5 years ago","Review":"Great coffee","Likes":""},{"Name":"","Category":"","Rating":" 5 stars ","Number_of_Reviews":"","Address":"","Reviewer":"Georgey George","Reviewer_page":"https://www.google.com/maps/contrib/108794140078363331702/reviews?hl=en-US","Review_time":"5 years ago","Review":"Good and yummy...","Likes":""},{"Name":"","Category":"","Rating":" 4 stars ","Number_of_Reviews":"","Address":"","Reviewer":"vijay khatri","Reviewer_page":"https://www.google.com/maps/contrib/117378648530504930305/reviews?hl=en-US","Review_time":"a year ago","Review":"👍.","Likes":""},{"Name":"","Category":"","Rating":" 3 stars ","Number_of_Reviews":"","Address":"","Reviewer":"Richter Lau","Reviewer_page":"https://www.google.com/maps/contrib/100393634061215227381/reviews?hl=en-US","Review_time":"6 years ago","Review":"It's just a hype","Likes":""},{"Name":"","Category":"","Rating":" 5 stars ","Number_of_Reviews":"","Address":"","Reviewer":"Mike H","Reviewer_page":"https://www.google.com/maps/contrib/102548755067440922959/reviews?hl=en-US","Review_time":"3 years ago","Review":"A star!","Likes":""},{"Name":"","Category":"","Rating":" 1 star ","Number_of_Reviews":"","Address":"","Reviewer":"KADDOUR Abderrahmen","Reviewer_page":"https://www.google.com/maps/contrib/108874691977478116762/reviews?hl=en-US","Review_time":"5 years ago","Review":"No place to sit","Likes":""},{"Name":"","Category":"","Rating":" 5 stars ","Number_of_Reviews":"","Address":"","Reviewer":"Joe B","Reviewer_page":"https://www.google.com/maps/contrib/107382128370016152705/reviews?hl=en-US","Review_time":"5 years ago","Review":"The","Likes":"1"},{"Name":"","Category":"","Rating":" 3 stars ","Number_of_Reviews":"","Address":"","Reviewer":"Paulette Schneider","Reviewer_page":"https://www.google.com/maps/contrib/114950171839431022662/reviews?hl=en-US","Review_time":"3 years ago","Review":"It's *$","Likes":""},{"Name":"","Category":"","Rating":" 2 stars ","Number_of_Reviews":"","Address":"","Reviewer":"Jani Saarinen","Reviewer_page":"https://www.google.com/maps/contrib/114414753133738575254/reviews?hl=en-US","Review_time":"3 years ago","Review":"It's a Starbucks....","Likes":""},{"Name":"","Category":"","Rating":" 5 stars ","Number_of_Reviews":"","Address":"","Reviewer":"Vinícius Teles","Reviewer_page":"https://www.google.com/maps/contrib/112783655191751978160/reviews?hl=en-US","Review_time":"3 years ago","Review":"Nice","Likes":""},{"Name":"","Category":"","Rating":" 4 stars ","Number_of_Reviews":"","Address":"","Reviewer":"u williams","Reviewer_page":"https://www.google.com/maps/contrib/109097639332142377110/reviews?hl=en-US","Review_time":"a year ago","Review":"Clean","Likes":""},{"Name":"","Category":"","Rating":" 5 stars ","Number_of_Reviews":"","Address":"","Reviewer":"Karthik Ranganathan","Reviewer_page":"https://www.google.com/maps/contrib/103763446159716575090/reviews?hl=en-US","Review_time":"4 years ago","Review":"Coffee?","Likes":""},{"Name":"","Category":"","Rating":" 3 stars ","Number_of_Reviews":"","Address":"","Reviewer":"Marc Rovin","Reviewer_page":"https://www.google.com/maps/contrib/103227929867079584313/reviews?hl=en-US","Review_time":"3 years ago","Review":"Decent sbux","Likes":""},{"Name":"","Category":"","Rating":" 5 stars ","Number_of_Reviews":"","Address":"","Reviewer":"alon brody","Reviewer_page":"https://www.google.com/maps/contrib/111661559116719346772/reviews?hl=en-US","Review_time":"6 years ago","Review":"Great as usual","Likes":""},{"Name":"","Category":"","Rating":" 4 stars ","Number_of_Reviews":"","Address":"","Reviewer":"Joe Messina","Reviewer_page":"https://www.google.com/maps/contrib/112708902447329560823/reviews?hl=en-US","Review_time":"6 years ago","Review":"Nice Starbucks","Likes":""},{"Name":"","Category":"","Rating":" 4 stars ","Number_of_Reviews":"","Address":"","Reviewer":"Khalid Saleh","Reviewer_page":"https://www.google.com/maps/contrib/100989033279836507030/reviews?hl=en-US","Review_time":"6 years ago","Review":"Cool","Likes":""},{"Name":"","Category":"","Rating":" 4 stars ","Number_of_Reviews":"","Address":"","Reviewer":"Y M","Reviewer_page":"https://www.google.com/maps/contrib/101109541116203606728/reviews?hl=en-US","Review_time":"6 years ago","Review":"It's chill.","Likes":""},{"Name":"","Category":"","Rating":" 5 stars ","Number_of_Reviews":"","Address":"","Reviewer":"Dr. Owusu Kizito","Reviewer_page":"https://www.google.com/maps/contrib/107766686283754567434/reviews?hl=en-US","Review_time":"5 years ago","Review":"Great place","Likes":""},{"Name":"","Category":"","Rating":" 5 stars ","Number_of_Reviews":"","Address":"","Reviewer":"Manfred Grosch","Reviewer_page":"https://www.google.com/maps/contrib/103319881771222514192/reviews?hl=en-US","Review_time":"2 months ago","Review":"(Translated by Google) Small but fine, not as loud as other Starbucks. Everything else like everywhere, delicious drinks.\n\n(Original)\nKlein aber fein , nicht so laut wie andere Starbucks. Alles andere wie überall,  leckere Getränke.","Likes":""},{"Name":"","Category":"","Rating":" 4 stars ","Number_of_Reviews":"","Address":"","Reviewer":"Graciela Gaikowsky","Reviewer_page":"https://www.google.com/maps/contrib/101826826974470820733/reviews?hl=en-US","Review_time":"a month ago","Review":"(Translated by Google) Always all rich!\n\n(Original)\nSiempre todo rico !","Likes":""},{"Name":"","Category":"","Rating":" 4 stars ","Number_of_Reviews":"","Address":"","Reviewer":"Rolf Furck","Reviewer_page":"https://www.google.com/maps/contrib/106958824243417210059/reviews?hl=en-US","Review_time":"4 years ago","Review":"(Translated by Google) Like every Starbucks here. Just take a break. On average you can find a Starbucks in New York every 150m. All beautiful as the other. The offer sometimes varies a little. There are huge branches but also small ones with less than 10 seats that m.e. the nicer are.\n\n(Original)\nAuch hier wie jeder Starbucks. Einfach mal kurz Rast machen. Im Schnitt findet man gefühlt alle 150m einen Starbucks in New York. Alle schön wie der andere. Das Angebot variiert manchmal ein wenig. Es gibt riesige Filialen aber auch kleine mit nicht mal 10 Plätzen die m.e. die schöneren sind.","Likes":""},{"Name":"","Category":"","Rating":" 2 stars ","Number_of_Reviews":"","Address":"","Reviewer":"Nicola Conte","Reviewer_page":"https://www.google.com/maps/contrib/115536358135248225979/reviews?hl=en-US","Review_time":"6 years ago","Review":"(Translated by Google) To me, starbucks is on the balls. Coffee is crap, service is slow and costs a whole mess. The only good thing is free wifi.\n\n(Original)\nA me starbucks sta sulle palle. Il caffè fa cagare, il servizio è lento e costa tutto un casino. L'unica cosa buona è il wifi free.","Likes":""},{"Name":"","Category":"","Rating":" 5 stars ","Number_of_Reviews":"","Address":"","Reviewer":"Rosario Jiménez","Reviewer_page":"https://www.google.com/maps/contrib/107554511620725766617/reviews?hl=en-US","Review_time":"a year ago","Review":"(Translated by Google) Fast service, very good Coffee !!! Very friendly staff!\n\n(Original)\nEl servicio Rápido, muy buen Café!!! El personal muy amable!","Likes":"1"},{"Name":"","Category":"","Rating":" 5 stars ","Number_of_Reviews":"","Address":"","Reviewer":"andrea calderone","Reviewer_page":"https://www.google.com/maps/contrib/107091901949895579078/reviews?hl=en-US","Review_time":"3 years ago","Review":"(Translated by Google) What about Starbucks are the best cafes in New York to have a good coffee and relax\n\n(Original)\nChe dire dello Starbucks sono le migliori caffetterie di New York per prendere un buon caffè e rilassarsi","Likes":""},{"Name":"","Category":"","Rating":" 1 star ","Number_of_Reviews":"","Address":"","Reviewer":"Jan Llopart","Reviewer_page":"https://www.google.com/maps/contrib/112730480044142827752/reviews?hl=en-US","Review_time":"2 years ago","Review":"(Translated by Google) I don't know why people like it so much .. 4 dollars x coffee and slow service\n\n(Original)\nYo no se porqe a la gente le gusta tanto.. 4 dollars x un cafe y el servicio lento","Likes":""},{"Name":"","Category":"","Rating":" 5 stars ","Number_of_Reviews":"","Address":"","Reviewer":"Carl Melchior","Reviewer_page":"https://www.google.com/maps/contrib/101388510985553601320/reviews?hl=en-US","Review_time":"3 years ago","Review":"(Translated by Google) Nothing to do with Europe. The diversity of dishes is impressive. Come eat at least once.\n\n(Original)\nRien a voir avec l'Europe.la diversité des plats est impressionnante. A venir manger au moins une fois.","Likes":""},{"Name":"","Category":"","Rating":" 4 stars ","Number_of_Reviews":"","Address":"","Reviewer":"Antonio Chico","Reviewer_page":"https://www.google.com/maps/contrib/102654337891539381243/reviews?hl=en-US","Review_time":"4 years ago","Review":"(Translated by Google) One more Starbucks in NY, has some tables and chairs on the ground floor of the building where it is located. There is always an officer watching.\n\n(Original)\nUn Starbucks más en NY, tiene unas mesitas y sillas en la planta baja del edificio en donde está ubicado. Siempre hay un oficial vigilando.","Likes":""},{"Name":"","Category":"","Rating":" 5 stars ","Number_of_Reviews":"","Address":"","Reviewer":"Oswal Zar","Reviewer_page":"https://www.google.com/maps/contrib/113833472159439146329/reviews?hl=en-US","Review_time":"a year ago","Review":"(Translated by Google) I love it, very kind to attend.\n\n(Original)\nMe encanto , muy amables al atender.","Likes":""},{"Name":"","Category":"","Rating":" 5 stars ","Number_of_Reviews":"","Address":"","Reviewer":"Stéphanie Houle-Lachance (Steph H-L)","Reviewer_page":"https://www.google.com/maps/contrib/100788480232460397635/reviews?hl=en-US","Review_time":"4 years ago","Review":"(Translated by Google) A Starbucks is a Starbucks, well known for its delicious drinks and coffees.\n\n(Original)\nUn Starbucks est un Starbucks, bien connu pour ses boissons et cafés délicieux.","Likes":""},{"Name":"","Category":"","Rating":" 4 stars ","Number_of_Reviews":"","Address":"","Reviewer":"Ary Neto","Reviewer_page":"https://www.google.com/maps/contrib/107024282769121055945/reviews?hl=en-US","Review_time":"6 years ago","Review":"(Translated by Google) One more of the franchise, always full and good quality.\n\n(Original)\nMais um da franquia, sempre cheio e boa qualidade.","Likes":""},{"Name":"","Category":"","Rating":" 5 stars ","Number_of_Reviews":"","Address":"","Reviewer":"matilde Cucumazzo","Reviewer_page":"https://www.google.com/maps/contrib/102068783163848977893/reviews?hl=en-US","Review_time":"3 years ago","Review":"(Translated by Google) It is unique for a short or long break\n\n(Original)\nÈ unico per una pausa breve o lunga","Likes":""},{"Name":"","Category":"","Rating":" 5 stars ","Number_of_Reviews":"","Address":"","Reviewer":"Rob Ram","Reviewer_page":"https://www.google.com/maps/contrib/103865482228540449879/reviews?hl=en-US","Review_time":"5 months ago","Review":"","Likes":""},{"Name":"","Category":"","Rating":" 4 stars ","Number_of_Reviews":"","Address":"","Reviewer":"Felix Scolyn","Reviewer_page":"https://www.google.com/maps/contrib/115388611162466948537/reviews?hl=en-US","Review_time":"3 years ago","Review":"(Translated by Google) Expensive, but the biggest clothing brands are available here!\n\n(Original)\nCostosa, pero de las más grandes marcas de Ropa se consiguen aquí!","Likes":""},{"Name":"","Category":"","Rating":" 4 stars ","Number_of_Reviews":"","Address":"","Reviewer":"율님","Reviewer_page":"https://www.google.com/maps/contrib/104742761500466875469/reviews?hl=en-US","Review_time":"3 years ago","Review":"(Translated by Google) I had a hot choco before going to work.\n\n(Original)\n출근전 핫초코 한잔 ㅋㅋ","Likes":"1"},{"Name":"","Category":"","Rating":" 4 stars ","Number_of_Reviews":"","Address":"","Reviewer":"Federico Stortini","Reviewer_page":"https://www.google.com/maps/contrib/106226117698661433575/reviews?hl=en-US","Review_time":"3 years ago","Review":"(Translated by Google) Better than nothing .. for us Italians\n\n(Original)\nMeglio di niente..per noi italiani","Likes":""},{"Name":"","Category":"","Rating":" 3 stars ","Number_of_Reviews":"","Address":"","Reviewer":"Iván Delgado García","Reviewer_page":"https://www.google.com/maps/contrib/107652849758387957189/reviews?hl=en-US","Review_time":"6 years ago","Review":"(Translated by Google) Another one from New York. Well located. Nothing to stand out.\n\n(Original)\nOtro más de Nueva York. Bien situado. Nada que destacar.","Likes":""},{"Name":"","Category":"","Rating":" 5 stars ","Number_of_Reviews":"","Address":"","Reviewer":"Gert Steffers","Reviewer_page":"https://www.google.com/maps/contrib/104787040019899963425/reviews?hl=en-US","Review_time":"5 years ago","Review":"(Translated by Google) Delicious lemon iced cake\n\n(Original)\nHeerlijk lemon iced cake","Likes":""},{"Name":"","Category":"","Rating":" 5 stars ","Number_of_Reviews":"","Address":"","Reviewer":"Vicente González","Reviewer_page":"https://www.google.com/maps/contrib/107421039850666940174/reviews?hl=en-US","Review_time":"6 years ago","Review":"(Translated by Google) good coffee\n\n(Original)\nBuen café","Likes":""},{"Name":"","Category":"","Rating":" 3 stars ","Number_of_Reviews":"","Address":"","Reviewer":"yoda freilich","Reviewer_page":"https://www.google.com/maps/contrib/102311072082496870075/reviews?hl=en-US","Review_time":"5 years ago","Review":"(Translated by Google) Standard coffee does not taste good\n\n(Original)\nסטנדרטי קפה לא טעים","Likes":""},{"Name":"","Category":"","Rating":" 5 stars ","Number_of_Reviews":"","Address":"","Reviewer":"Ernesto Colombo","Reviewer_page":"https://www.google.com/maps/contrib/113096902378876065624/reviews?hl=en-US","Review_time":"3 years ago","Review":"(Translated by Google) Me preferred at all times 😍👍\n\n(Original)\nMí preferido en todo momento 😍👍","Likes":""},{"Name":"","Category":"","Rating":" 5 stars ","Number_of_Reviews":"","Address":"","Reviewer":"claudia castro","Reviewer_page":"https://www.google.com/maps/contrib/117741892726848351403/reviews?hl=en-US","Review_time":"4 years ago","Review":"(Translated by Google) Very good like chili\n\n(Original)\nMuy bien al igual que chile","Likes":""},{"Name":"","Category":"","Rating":" 5 stars ","Number_of_Reviews":"","Address":"","Reviewer":"Luis Fernando Ortiz","Reviewer_page":"https://www.google.com/maps/contrib/112563190108248633653/reviews?hl=en-US","Review_time":"3 years ago","Review":"(Translated by Google) Good service\n\n(Original)\nBuen servicio","Likes":""},{"Name":"","Category":"","Rating":" 4 stars ","Number_of_Reviews":"","Address":"","Reviewer":"Leo Genao","Reviewer_page":"https://www.google.com/maps/contrib/110396161223225637098/reviews?hl=en-US","Review_time":"a month ago","Review":"","Likes":""},{"Name":"","Category":"","Rating":" 4 stars ","Number_of_Reviews":"","Address":"","Reviewer":"Gorjan Jovanovski","Reviewer_page":"https://www.google.com/maps/contrib/114428261173798375112/reviews?hl=en-US","Review_time":"a month ago","Review":"","Likes":""},{"Name":"","Category":"","Rating":" 5 stars ","Number_of_Reviews":"","Address":"","Reviewer":"Paulo Ferreira Pinto","Reviewer_page":"https://www.google.com/maps/contrib/113463667005885508137/reviews?hl=en-US","Review_time":"2 months ago","Review":"","Likes":""},{"Name":"","Category":"","Rating":" 3 stars ","Number_of_Reviews":"","Address":"","Reviewer":"nicolas benard","Reviewer_page":"https://www.google.com/maps/contrib/114425798100352713420/reviews?hl=en-US","Review_time":"2 months ago","Review":"","Likes":""},{"Name":"","Category":"","Rating":" 5 stars ","Number_of_Reviews":"","Address":"","Reviewer":"Georgiana ortiz","Reviewer_page":"https://www.google.com/maps/contrib/110240009382182275037/reviews?hl=en-US","Review_time":"3 months ago","Review":"","Likes":""},{"Name":"","Category":"","Rating":" 5 stars ","Number_of_Reviews":"","Address":"","Reviewer":"Nicole Brinson","Reviewer_page":"https://www.google.com/maps/contrib/113632620152554782672/reviews?hl=en-US","Review_time":"5 months ago","Review":"","Likes":""},{"Name":"","Category":"","Rating":" 5 stars ","Number_of_Reviews":"","Address":"","Reviewer":"Charlie Fatturini B","Reviewer_page":"https://www.google.com/maps/contrib/111194993363923238000/reviews?hl=en-US","Review_time":"3 years ago","Review":"(Translated by Google) one of my favorite\n\n(Original)\nuno de mis preferidos","Likes":""},{"Name":"","Category":"","Rating":" 3 stars ","Number_of_Reviews":"","Address":"","Reviewer":"Sebastian Vaquero","Reviewer_page":"https://www.google.com/maps/contrib/113259995874672371681/reviews?hl=en-US","Review_time":"6 years ago","Review":"(Translated by Google) beautiful place\n\n(Original)\nLindo local","Likes":""},{"Name":"","Category":"","Rating":" 4 stars ","Number_of_Reviews":"","Address":"","Reviewer":"Ray K","Reviewer_page":"https://www.google.com/maps/contrib/115368847076922556541/reviews?hl=en-US","Review_time":"10 months ago","Review":"","Likes":""},{"Name":"","Category":"","Rating":" 5 stars ","Number_of_Reviews":"","Address":"","Reviewer":"Pamela Boisvert","Reviewer_page":"https://www.google.com/maps/contrib/111014197300974247046/reviews?hl=en-US","Review_time":"7 years ago","Review":"","Likes":""},{"Name":"","Category":"","Rating":" 5 stars ","Number_of_Reviews":"","Address":"","Reviewer":"Michelle Boylan","Reviewer_page":"https://www.google.com/maps/contrib/104459992452771354453/reviews?hl=en-US","Review_time":"5 years ago","Review":"","Likes":""},{"Name":"","Category":"","Rating":" 4 stars ","Number_of_Reviews":"","Address":"","Reviewer":"Margarita Nino","Reviewer_page":"https://www.google.com/maps/contrib/110815822545517861081/reviews?hl=en-US","Review_time":"8 months ago","Review":"","Likes":""},{"Name":"","Category":"","Rating":" 4 stars ","Number_of_Reviews":"","Address":"","Reviewer":"Gersson Castillo","Reviewer_page":"https://www.google.com/maps/contrib/108699763810567382141/reviews?hl=en-US","Review_time":"5 years ago","Review":"","Likes":""},{"Name":"","Category":"","Rating":" 5 stars ","Number_of_Reviews":"","Address":"","Reviewer":"Rafael Fialho Correa","Reviewer_page":"https://www.google.com/maps/contrib/113805711220049638416/reviews?hl=en-US","Review_time":"4 years ago","Review":"","Likes":""},{"Name":"","Category":"","Rating":" 5 stars ","Number_of_Reviews":"","Address":"","Reviewer":"jacoric florentino","Reviewer_page":"https://www.google.com/maps/contrib/110149769230827262692/reviews?hl=en-US","Review_time":"4 years ago","Review":"","Likes":""},{"Name":"","Category":"","Rating":" 5 stars ","Number_of_Reviews":"","Address":"","Reviewer":"francesca rizzo","Reviewer_page":"https://www.google.com/maps/contrib/113881461907527420279/reviews?hl=en-US","Review_time":"5 years ago","Review":"","Likes":""},{"Name":"","Category":"","Rating":" 3 stars ","Number_of_Reviews":"","Address":"","Reviewer":"Kevin Buckley","Reviewer_page":"https://www.google.com/maps/contrib/116123635679717672907/reviews?hl=en-US","Review_time":"2 years ago","Review":"","Likes":""},{"Name":"","Category":"","Rating":" 4 stars ","Number_of_Reviews":"","Address":"","Reviewer":"W3rry","Reviewer_page":"https://www.google.com/maps/contrib/102889312726660617577/reviews?hl=en-US","Review_time":"3 years ago","Review":"","Likes":""},{"Name":"","Category":"","Rating":" 3 stars ","Number_of_Reviews":"","Address":"","Reviewer":"Sarah Parklife","Reviewer_page":"https://www.google.com/maps/contrib/100539180315160131281/reviews?hl=en-US","Review_time":"2 years ago","Review":"","Likes":""},{"Name":"","Category":"","Rating":" 3 stars ","Number_of_Reviews":"","Address":"","Reviewer":"Aurea Leal","Reviewer_page":"https://www.google.com/maps/contrib/110994207386043243551/reviews?hl=en-US","Review_time":"3 years ago","Review":"","Likes":""},{"Name":"","Category":"","Rating":" 1 star ","Number_of_Reviews":"","Address":"","Reviewer":"Pedro Marengo","Reviewer_page":"https://www.google.com/maps/contrib/114339547803412671704/reviews?hl=en-US","Review_time":"5 years ago","Review":"","Likes":""},{"Name":"","Category":"","Rating":" 5 stars ","Number_of_Reviews":"","Address":"","Reviewer":"Charmaine Smith","Reviewer_page":"https://www.google.com/maps/contrib/111240877425705460564/reviews?hl=en-US","Review_time":"a year ago","Review":"","Likes":""},{"Name":"","Category":"","Rating":" 5 stars ","Number_of_Reviews":"","Address":"","Reviewer":"Chris Lepore","Reviewer_page":"https://www.google.com/maps/contrib/102255346096345766475/reviews?hl=en-US","Review_time":"a year ago","Review":"","Likes":""},{"Name":"","Category":"","Rating":" 5 stars ","Number_of_Reviews":"","Address":"","Reviewer":"Luis Manuel Perez Rametta","Reviewer_page":"https://www.google.com/maps/contrib/116612233964305083335/reviews?hl=en-US","Review_time":"4 years ago","Review":"","Likes":""},{"Name":"","Category":"","Rating":" 3 stars ","Number_of_Reviews":"","Address":"","Reviewer":"Alfred Matzke","Reviewer_page":"https://www.google.com/maps/contrib/101714278840399097201/reviews?hl=en-US","Review_time":"2 years ago","Review":"","Likes":""},{"Name":"","Category":"","Rating":" 5 stars ","Number_of_Reviews":"","Address":"","Reviewer":"David Krikheli","Reviewer_page":"https://www.google.com/maps/contrib/100146489843025247741/reviews?hl=en-US","Review_time":"5 years ago","Review":"","Likes":""},{"Name":"","Category":"","Rating":" 5 stars ","Number_of_Reviews":"","Address":"","Reviewer":"Juliette Cerantola","Reviewer_page":"https://www.google.com/maps/contrib/107552789396681236236/reviews?hl=en-US","Review_time":"3 years ago","Review":"","Likes":""},{"Name":"","Category":"","Rating":" 5 stars ","Number_of_Reviews":"","Address":"","Reviewer":"Ryan Hutton","Reviewer_page":"https://www.google.com/maps/contrib/111383468421642707828/reviews?hl=en-US","Review_time":"a year ago","Review":"","Likes":""},{"Name":"","Category":"","Rating":" 4 stars ","Number_of_Reviews":"","Address":"","Reviewer":"Amit Sharma","Reviewer_page":"https://www.google.com/maps/contrib/108122495476477866403/reviews?hl=en-US","Review_time":"4 years ago","Review":"","Likes":""},{"Name":"","Category":"","Rating":" 5 stars ","Number_of_Reviews":"","Address":"","Reviewer":"Bia Encarnação","Reviewer_page":"https://www.google.com/maps/contrib/102475208944572068247/reviews?hl=en-US","Review_time":"3 years ago","Review":"","Likes":""},{"Name":"","Category":"","Rating":" 5 stars ","Number_of_Reviews":"","Address":"","Reviewer":"Robert Haimsohn","Reviewer_page":"https://www.google.com/maps/contrib/114588149597973074144/reviews?hl=en-US","Review_time":"2 years ago","Review":"","Likes":""},{"Name":"","Category":"","Rating":" 5 stars ","Number_of_Reviews":"","Address":"","Reviewer":"Dipendu Shah","Reviewer_page":"https://www.google.com/maps/contrib/112397998598447838743/reviews?hl=en-US","Review_time":"5 years ago","Review":"","Likes":""},{"Name":"","Category":"","Rating":" 5 stars ","Number_of_Reviews":"","Address":"","Reviewer":"Thomas Ballato","Reviewer_page":"https://www.google.com/maps/contrib/112735328297214380929/reviews?hl=en-US","Review_time":"3 years ago","Review":"","Likes":""},{"Name":"","Category":"","Rating":" 5 stars ","Number_of_Reviews":"","Address":"","Reviewer":"Michael Neiman","Reviewer_page":"https://www.google.com/maps/contrib/112398696830321526546/reviews?hl=en-US","Review_time":"3 years ago","Review":"","Likes":""},{"Name":"","Category":"","Rating":" 3 stars ","Number_of_Reviews":"","Address":"","Reviewer":"Leonardo Mordini","Reviewer_page":"https://www.google.com/maps/contrib/117260983778279940467/reviews?hl=en-US","Review_time":"a year ago","Review":"","Likes":""},{"Name":"","Category":"","Rating":" 1 star ","Number_of_Reviews":"","Address":"","Reviewer":"Maeva Kalinowski","Reviewer_page":"https://www.google.com/maps/contrib/101288841571126071908/reviews?hl=en-US","Review_time":"6 months ago","Review":"","Likes":""},{"Name":"","Category":"","Rating":" 5 stars ","Number_of_Reviews":"","Address":"","Reviewer":"Deep Bharucha","Reviewer_page":"https://www.google.com/maps/contrib/116667437170504859901/reviews?hl=en-US","Review_time":"a year ago","Review":"","Likes":""},{"Name":"","Category":"","Rating":" 4 stars ","Number_of_Reviews":"","Address":"","Reviewer":"stephanie snow","Reviewer_page":"https://www.google.com/maps/contrib/105170372808610122226/reviews?hl=en-US","Review_time":"9 months ago","Review":"","Likes":""},{"Name":"","Category":"","Rating":" 5 stars ","Number_of_Reviews":"","Address":"","Reviewer":"Angie Toussaint","Reviewer_page":"https://www.google.com/maps/contrib/117320037855961677767/reviews?hl=en-US","Review_time":"6 years ago","Review":"","Likes":""},{"Name":"","Category":"","Rating":" 5 stars ","Number_of_Reviews":"","Address":"","Reviewer":"陳泓穎","Reviewer_page":"https://www.google.com/maps/contrib/112312638365753724198/reviews?hl=en-US","Review_time":"2 years ago","Review":"","Likes":""},{"Name":"","Category":"","Rating":" 4 stars ","Number_of_Reviews":"","Address":"","Reviewer":"Gurwinder Singh","Reviewer_page":"https://www.google.com/maps/contrib/117238005128606512308/reviews?hl=en-US","Review_time":"3 years ago","Review":"","Likes":""},{"Name":"","Category":"","Rating":" 4 stars ","Number_of_Reviews":"","Address":"","Reviewer":"Paolo Prigione","Reviewer_page":"https://www.google.com/maps/contrib/117962662025744239013/reviews?hl=en-US","Review_time":"3 years ago","Review":"","Likes":""},{"Name":"","Category":"","Rating":" 5 stars ","Number_of_Reviews":"","Address":"","Reviewer":"Lissette Ramirez","Reviewer_page":"https://www.google.com/maps/contrib/101756358174283857096/reviews?hl=en-US","Review_time":"3 years ago","Review":"","Likes":""},{"Name":"","Category":"","Rating":" 4 stars ","Number_of_Reviews":"","Address":"","Reviewer":"Márcio Correia","Reviewer_page":"https://www.google.com/maps/contrib/100903295855422039168/reviews?hl=en-US","Review_time":"3 years ago","Review":"","Likes":""},{"Name":"","Category":"","Rating":" 2 stars ","Number_of_Reviews":"","Address":"","Reviewer":"Kishore Kumar","Reviewer_page":"https://www.google.com/maps/contrib/109864164605031241571/reviews?hl=en-US","Review_time":"3 years ago","Review":"","Likes":""},{"Name":"","Category":"","Rating":" 4 stars ","Number_of_Reviews":"","Address":"","Reviewer":"Bruno Fonseca","Reviewer_page":"https://www.google.com/maps/contrib/106097903519348411164/reviews?hl=en-US","Review_time":"2 years ago","Review":"","Likes":""},{"Name":"","Category":"","Rating":" 4 stars ","Number_of_Reviews":"","Address":"","Reviewer":"Deepak Shah","Reviewer_page":"https://www.google.com/maps/contrib/117579313269665678913/reviews?hl=en-US","Review_time":"5 years ago","Review":"","Likes":""},{"Name":"","Category":"","Rating":" 5 stars ","Number_of_Reviews":"","Address":"","Reviewer":"Sergii Pozharov","Reviewer_page":"https://www.google.com/maps/contrib/107028245918659610035/reviews?hl=en-US","Review_time":"3 years ago","Review":"","Likes":""},{"Name":"","Category":"","Rating":" 2 stars ","Number_of_Reviews":"","Address":"","Reviewer":"Tainted Supreme","Reviewer_page":"https://www.google.com/maps/contrib/114393287748743814616/reviews?hl=en-US","Review_time":"3 years ago","Review":"","Likes":""},{"Name":"","Category":"","Rating":" 1 star ","Number_of_Reviews":"","Address":"","Reviewer":"Francisco Andrés Cortina Plata","Reviewer_page":"https://www.google.com/maps/contrib/114279998486959590943/reviews?hl=en-US","Review_time":"3 years ago","Review":"","Likes":""},{"Name":"","Category":"","Rating":" 5 stars ","Number_of_Reviews":"","Address":"","Reviewer":"Sia Ngegba","Reviewer_page":"https://www.google.com/maps/contrib/101751774082337130769/reviews?hl=en-US","Review_time":"a year ago","Review":"","Likes":""},{"Name":"","Category":"","Rating":" 4 stars ","Number_of_Reviews":"","Address":"","Reviewer":"Hugo L","Reviewer_page":"https://www.google.com/maps/contrib/103592863321271087979/reviews?hl=en-US","Review_time":"5 years ago","Review":"","Likes":""},{"Name":"","Category":"","Rating":" 5 stars ","Number_of_Reviews":"","Address":"","Reviewer":"Marios Ataliotis","Reviewer_page":"https://www.google.com/maps/contrib/102545675841586220276/reviews?hl=en-US","Review_time":"3 years ago","Review":"","Likes":""},{"Name":"","Category":"","Rating":" 4 stars ","Number_of_Reviews":"","Address":"","Reviewer":"Ania Farmer","Reviewer_page":"https://www.google.com/maps/contrib/114145452872679002526/reviews?hl=en-US","Review_time":"3 years ago","Review":"","Likes":""},{"Name":"","Category":"","Rating":" 5 stars ","Number_of_Reviews":"","Address":"","Reviewer":"Caitlin Mejia","Reviewer_page":"https://www.google.com/maps/contrib/102813893051984464113/reviews?hl=en-US","Review_time":"3 years ago","Review":"","Likes":""},{"Name":"","Category":"","Rating":" 5 stars ","Number_of_Reviews":"","Address":"","Reviewer":"Narwuss Chan","Reviewer_page":"https://www.google.com/maps/contrib/107311341410715816714/reviews?hl=en-US","Review_time":"2 years ago","Review":"","Likes":""},{"Name":"","Category":"","Rating":" 4 stars ","Number_of_Reviews":"","Address":"","Reviewer":"Bradley Koehler","Reviewer_page":"https://www.google.com/maps/contrib/109372235686641973227/reviews?hl=en-US","Review_time":"4 years ago","Review":"","Likes":""},{"Name":"","Category":"","Rating":" 5 stars ","Number_of_Reviews":"","Address":"","Reviewer":"Cristian Montano","Reviewer_page":"https://www.google.com/maps/contrib/106325147939814751932/reviews?hl=en-US","Review_time":"3 years ago","Review":"","Likes":""},{"Name":"","Category":"","Rating":" 2 stars ","Number_of_Reviews":"","Address":"","Reviewer":"Oscar Trillos","Reviewer_page":"https://www.google.com/maps/contrib/104426519157410095531/reviews?hl=en-US","Review_time":"5 years ago","Review":"","Likes":""},{"Name":"","Category":"","Rating":" 5 stars ","Number_of_Reviews":"","Address":"","Reviewer":"Justin Vieira","Reviewer_page":"https://www.google.com/maps/contrib/102834846253603242024/reviews?hl=en-US","Review_time":"3 years ago","Review":"","Likes":""},{"Name":"","Category":"","Rating":" 4 stars ","Number_of_Reviews":"","Address":"","Reviewer":"corallo ristorante","Reviewer_page":"https://www.google.com/maps/contrib/110420439423893756306/reviews?hl=en-US","Review_time":"2 years ago","Review":"","Likes":""},{"Name":"","Category":"","Rating":" 4 stars ","Number_of_Reviews":"","Address":"","Reviewer":"Cristina Martinez","Reviewer_page":"https://www.google.com/maps/contrib/108025124381483585681/reviews?hl=en-US","Review_time":"3 years ago","Review":"","Likes":""},{"Name":"","Category":"","Rating":" 5 stars ","Number_of_Reviews":"","Address":"","Reviewer":"Obaidur Rahman","Reviewer_page":"https://www.google.com/maps/contrib/109421915554954361710/reviews?hl=en-US","Review_time":"3 years ago","Review":"","Likes":""},{"Name":"","Category":"","Rating":" 4 stars ","Number_of_Reviews":"","Address":"","Reviewer":"Laquinza Montgomery","Reviewer_page":"https://www.google.com/maps/contrib/110293805121586053908/reviews?hl=en-US","Review_time":"4 years ago","Review":"","Likes":""},{"Name":"","Category":"","Rating":" 5 stars ","Number_of_Reviews":"","Address":"","Reviewer":"casuallyvlada","Reviewer_page":"https://www.google.com/maps/contrib/101287239083610018532/reviews?hl=en-US","Review_time":"4 years ago","Review":"","Likes":""},{"Name":"","Category":"","Rating":" 5 stars ","Number_of_Reviews":"","Address":"","Reviewer":"Pierre-Louis Giffard","Reviewer_page":"https://www.google.com/maps/contrib/104116548018068669753/reviews?hl=en-US","Review_time":"11 months ago","Review":"","Likes":""},{"Name":"","Category":"","Rating":" 5 stars ","Number_of_Reviews":"","Address":"","Reviewer":"Peter Dilshan","Reviewer_page":"https://www.google.com/maps/contrib/103948439354741733184/reviews?hl=en-US","Review_time":"4 years ago","Review":"","Likes":""},{"Name":"","Category":"","Rating":" 4 stars ","Number_of_Reviews":"","Address":"","Reviewer":"Matthieu Cardinaux","Reviewer_page":"https://www.google.com/maps/contrib/116517622067141453855/reviews?hl=en-US","Review_time":"5 years ago","Review":"","Likes":""},{"Name":"","Category":"","Rating":" 3 stars ","Number_of_Reviews":"","Address":"","Reviewer":"Seth Richardson","Reviewer_page":"https://www.google.com/maps/contrib/109664690190793873375/reviews?hl=en-US","Review_time":"4 years ago","Review":"","Likes":""},{"Name":"","Category":"","Rating":" 5 stars ","Number_of_Reviews":"","Address":"","Reviewer":"Mariano Sierra","Reviewer_page":"https://www.google.com/maps/contrib/100914328639269508918/reviews?hl=en-US","Review_time":"3 years ago","Review":"","Likes":""},{"Name":"","Category":"","Rating":" 3 stars ","Number_of_Reviews":"","Address":"","Reviewer":"Chelu00 C","Reviewer_page":"https://www.google.com/maps/contrib/102569084470414426465/reviews?hl=en-US","Review_time":"3 years ago","Review":"","Likes":""},{"Name":"","Category":"","Rating":" 5 stars ","Number_of_Reviews":"","Address":"","Reviewer":"Ernest Beach","Reviewer_page":"https://www.google.com/maps/contrib/110442110334049936319/reviews?hl=en-US","Review_time":"3 years ago","Review":"","Likes":""},{"Name":"","Category":"","Rating":" 5 stars ","Number_of_Reviews":"","Address":"","Reviewer":"Patricio","Reviewer_page":"https://www.google.com/maps/contrib/115203239396622873884/reviews?hl=en-US","Review_time":"2 years ago","Review":"","Likes":""},{"Name":"","Category":"","Rating":" 5 stars ","Number_of_Reviews":"","Address":"","Reviewer":"Miroslav Narodetskiy","Reviewer_page":"https://www.google.com/maps/contrib/103327251725561356892/reviews?hl=en-US","Review_time":"4 years ago","Review":"","Likes":""},{"Name":"","Category":"","Rating":" 2 stars ","Number_of_Reviews":"","Address":"","Reviewer":"Rodney Ackerman","Reviewer_page":"https://www.google.com/maps/contrib/104990993591984610713/reviews?hl=en-US","Review_time":"3 years ago","Review":"","Likes":""},{"Name":"","Category":"","Rating":" 5 stars ","Number_of_Reviews":"","Address":"","Reviewer":"Justin Zamora","Reviewer_page":"https://www.google.com/maps/contrib/115417575306694093099/reviews?hl=en-US","Review_time":"7 months ago","Review":"","Likes":""},{"Name":"","Category":"","Rating":" 5 stars ","Number_of_Reviews":"","Address":"","Reviewer":"Monte Cook","Reviewer_page":"https://www.google.com/maps/contrib/110893106420971838770/reviews?hl=en-US","Review_time":"3 years ago","Review":"","Likes":""},{"Name":"","Category":"","Rating":" 5 stars ","Number_of_Reviews":"","Address":"","Reviewer":"Ismail Dasbbashi","Reviewer_page":"https://www.google.com/maps/contrib/114552923229832198747/reviews?hl=en-US","Review_time":"2 years ago","Review":"","Likes":""},{"Name":"","Category":"","Rating":" 4 stars ","Number_of_Reviews":"","Address":"","Reviewer":"Klaudia T","Reviewer_page":"https://www.google.com/maps/contrib/112573386374283633477/reviews?hl=en-US","Review_time":"3 years ago","Review":"","Likes":""},{"Name":"","Category":"","Rating":" 3 stars ","Number_of_Reviews":"","Address":"","Reviewer":"Marlon gonzalez","Reviewer_page":"https://www.google.com/maps/contrib/103642526756887479370/reviews?hl=en-US","Review_time":"3 years ago","Review":"","Likes":""},{"Name":"","Category":"","Rating":" 4 stars ","Number_of_Reviews":"","Address":"","Reviewer":"Sven Brückers","Reviewer_page":"https://www.google.com/maps/contrib/107870309836918371199/reviews?hl=en-US","Review_time":"3 years ago","Review":"","Likes":""},{"Name":"","Category":"","Rating":" 5 stars ","Number_of_Reviews":"","Address":"","Reviewer":"MS","Reviewer_page":"https://www.google.com/maps/contrib/105696187859492160788/reviews?hl=en-US","Review_time":"4 years ago","Review":"","Likes":""},{"Name":"","Category":"","Rating":" 4 stars ","Number_of_Reviews":"","Address":"","Reviewer":"Bruno Costa (Natureza & Trilhas)","Reviewer_page":"https://www.google.com/maps/contrib/117418748346649723678/reviews?hl=en-US","Review_time":"2 years ago","Review":"","Likes":""},{"Name":"","Category":"","Rating":" 2 stars ","Number_of_Reviews":"","Address":"","Reviewer":"K. Vazquez","Reviewer_page":"https://www.google.com/maps/contrib/110148540612471743067/reviews?hl=en-US","Review_time":"11 months ago","Review":"","Likes":""},{"Name":"","Category":"","Rating":" 5 stars ","Number_of_Reviews":"","Address":"","Reviewer":"Keith Early","Reviewer_page":"https://www.google.com/maps/contrib/102783752137536414846/reviews?hl=en-US","Review_time":"3 years ago","Review":"","Likes":""},{"Name":"","Category":"","Rating":" 3 stars ","Number_of_Reviews":"","Address":"","Reviewer":"Dhiraj Nimbalkar","Reviewer_page":"https://www.google.com/maps/contrib/103295660951904391381/reviews?hl=en-US","Review_time":"3 years ago","Review":"","Likes":""},{"Name":"","Category":"","Rating":" 5 stars ","Number_of_Reviews":"","Address":"","Reviewer":"Nisha","Reviewer_page":"https://www.google.com/maps/contrib/108524218093896165479/reviews?hl=en-US","Review_time":"5 months ago","Review":"","Likes":""},{"Name":"","Category":"","Rating":" 5 stars ","Number_of_Reviews":"","Address":"","Reviewer":"Eric Zales","Reviewer_page":"https://www.google.com/maps/contrib/108932394195714384584/reviews?hl=en-US","Review_time":"4 years ago","Review":"","Likes":""},{"Name":"","Category":"","Rating":" 4 stars ","Number_of_Reviews":"","Address":"","Reviewer":"Guilherme","Reviewer_page":"https://www.google.com/maps/contrib/116628989015176336097/reviews?hl=en-US","Review_time":"3 years ago","Review":"","Likes":""},{"Name":"","Category":"","Rating":" 5 stars ","Number_of_Reviews":"","Address":"","Reviewer":"willy diverres","Reviewer_page":"https://www.google.com/maps/contrib/104294597489712463796/reviews?hl=en-US","Review_time":"a month ago","Review":"","Likes":""},{"Name":"","Category":"","Rating":" 4 stars ","Number_of_Reviews":"","Address":"","Reviewer":"Stephen Whelan","Reviewer_page":"https://www.google.com/maps/contrib/105270984310981658445/reviews?hl=en-US","Review_time":"5 years ago","Review":"","Likes":""},{"Name":"","Category":"","Rating":" 5 stars ","Number_of_Reviews":"","Address":"","Reviewer":"אביבית רום","Reviewer_page":"https://www.google.com/maps/contrib/109996530748930242174/reviews?hl=en-US","Review_time":"7 months ago","Review":"","Likes":""},{"Name":"","Category":"","Rating":" 5 stars ","Number_of_Reviews":"","Address":"","Reviewer":"Cong Thanh Vu","Reviewer_page":"https://www.google.com/maps/contrib/106874382593660899449/reviews?hl=en-US","Review_time":"3 years ago","Review":"","Likes":""},{"Name":"","Category":"","Rating":" 4 stars ","Number_of_Reviews":"","Address":"","Reviewer":"Rico's Choice","Reviewer_page":"https://www.google.com/maps/contrib/103031324172091565032/reviews?hl=en-US","Review_time":"7 months ago","Review":"","Likes":""},{"Name":"","Category":"","Rating":" 4 stars ","Number_of_Reviews":"","Address":"","Reviewer":"Alexis Rodriguez","Reviewer_page":"https://www.google.com/maps/contrib/103891352122742968267/reviews?hl=en-US","Review_time":"a year ago","Review":"","Likes":""},{"Name":"","Category":"","Rating":" 5 stars ","Number_of_Reviews":"","Address":"","Reviewer":"Predrag Djordjevic","Reviewer_page":"https://www.google.com/maps/contrib/113169699023164100306/reviews?hl=en-US","Review_time":"4 years ago","Review":"","Likes":""},{"Name":"","Category":"","Rating":" 5 stars ","Number_of_Reviews":"","Address":"","Reviewer":"Junaid Effendi","Reviewer_page":"https://www.google.com/maps/contrib/107771765501347192543/reviews?hl=en-US","Review_time":"2 months ago","Review":"","Likes":""},{"Name":"","Category":"","Rating":" 5 stars ","Number_of_Reviews":"","Address":"","Reviewer":"Elizabeth Short","Reviewer_page":"https://www.google.com/maps/contrib/113434000501778330604/reviews?hl=en-US","Review_time":"3 years ago","Review":"","Likes":""},{"Name":"","Category":"","Rating":" 2 stars ","Number_of_Reviews":"","Address":"","Reviewer":"Maher al gogazeh","Reviewer_page":"https://www.google.com/maps/contrib/107103907541192819638/reviews?hl=en-US","Review_time":"4 years ago","Review":"","Likes":""},{"Name":"","Category":"","Rating":" 3 stars ","Number_of_Reviews":"","Address":"","Reviewer":"prashant shah","Reviewer_page":"https://www.google.com/maps/contrib/108558963235472175474/reviews?hl=en-US","Review_time":"2 years ago","Review":"","Likes":""},{"Name":"","Category":"","Rating":" 5 stars ","Number_of_Reviews":"","Address":"","Reviewer":"Reuben Paul","Reviewer_page":"https://www.google.com/maps/contrib/106001038655212481120/reviews?hl=en-US","Review_time":"2 years ago","Review":"","Likes":""},{"Name":"","Category":"","Rating":" 1 star ","Number_of_Reviews":"","Address":"","Reviewer":"Baraa Dé","Reviewer_page":"https://www.google.com/maps/contrib/105907924279198405012/reviews?hl=en-US","Review_time":"6 years ago","Review":"","Likes":""},{"Name":"","Category":"","Rating":" 3 stars ","Number_of_Reviews":"","Address":"","Reviewer":"Karl Green","Reviewer_page":"https://www.google.com/maps/contrib/101759474306973630510/reviews?hl=en-US","Review_time":"3 years ago","Review":"","Likes":""},{"Name":"","Category":"","Rating":" 5 stars ","Number_of_Reviews":"","Address":"","Reviewer":"Seungeob Shin","Reviewer_page":"https://www.google.com/maps/contrib/107537365959886946566/reviews?hl=en-US","Review_time":"2 years ago","Review":"","Likes":""},{"Name":"","Category":"","Rating":" 5 stars ","Number_of_Reviews":"","Address":"","Reviewer":"Lavetta","Reviewer_page":"https://www.google.com/maps/contrib/118034827860161183160/reviews?hl=en-US","Review_time":"3 years ago","Review":"","Likes":""},{"Name":"","Category":"","Rating":" 5 stars ","Number_of_Reviews":"","Address":"","Reviewer":"Andy Mendez","Reviewer_page":"https://www.google.com/maps/contrib/100388834376443949371/reviews?hl=en-US","Review_time":"a year ago","Review":"","Likes":""},{"Name":"","Category":"","Rating":" 5 stars ","Number_of_Reviews":"","Address":"","Reviewer":"Kyle S","Reviewer_page":"https://www.google.com/maps/contrib/103086907977966663743/reviews?hl=en-US","Review_time":"2 years ago","Review":"","Likes":""},{"Name":"","Category":"","Rating":" 5 stars ","Number_of_Reviews":"","Address":"","Reviewer":"Alberto Siddu","Reviewer_page":"https://www.google.com/maps/contrib/114477761013641126072/reviews?hl=en-US","Review_time":"2 years ago","Review":"","Likes":""},{"Name":"","Category":"","Rating":" 5 stars ","Number_of_Reviews":"","Address":"","Reviewer":"Taniia","Reviewer_page":"https://www.google.com/maps/contrib/102334175273753773665/reviews?hl=en-US","Review_time":"3 years ago","Review":"","Likes":""}