[{"Name":"","Category":"","Rating":" 5 stars ","Number_of_Reviews":"","Address":"","Reviewer":"Julianne Tran","Reviewer_page":"https://www.google.com/maps/contrib/109516901993545581756/reviews?hl=en-US","Review_time":"2 months ago","Review":"When to Zabar’s to get some smoked salmon and noticed my phone is almost dead. Found this place so I can grab a cup of coffee and get my phone charged. What a life saver! Really nice people working here.","Likes":""},{"Name":"","Category":"","Rating":" 5 stars ","Number_of_Reviews":"","Address":"","Reviewer":"Lauren Facciola","Reviewer_page":"https://www.google.com/maps/contrib/114585536605262711045/reviews?hl=en-US","Review_time":"a month ago","Review":"I go here after work to buy my daughter and her friends the unicorn and owl cake pops.. always great service (fast, efficient and friendly staff) , Matt has been great! Very helpful he deserves recognition for his work. These jobs are exhausting and to be that nice to people all day long after customers complaining and being picky is very impressive. Thank you Matt for your excellent service!","Likes":""},{"Name":"","Category":"","Rating":" 1 star ","Number_of_Reviews":"","Address":"","Reviewer":"Shaun Velasquez","Reviewer_page":"https://www.google.com/maps/contrib/108823415436901526264/reviews?hl=en-US","Review_time":"2 months ago","Review":"If I could of rated zero stars I would today was  one of my worst experiences at a Starbucks I went in with my wife and kids ordered some drink and a brownie witch was for my son and asked for it to be warmed up a bit and John who said he was the manager replied NO IM NOT GOING TO DO IT I asked why he said because it a health hazard but he behind a country with no mask or glove but since my son felt the bag to see if warm the manger JOHN could warm up or take the brownies back after I was paying customers the young man has poor Management skill need more train on customers services with being said I rate zero stars","Likes":""},{"Name":"","Category":"","Rating":" 1 star ","Number_of_Reviews":"","Address":"","Reviewer":"Iesha Soto","Reviewer_page":"https://www.google.com/maps/contrib/107300398057153631889/reviews?hl=en-US","Review_time":"2 months ago","Review":"Honestly it makes me sad that I have to come on here and write this terrible review about a Starbucks employee (Manager) at that. My family and I have never witnessed such horrible customer service in my life.i bought my son a brownie that was given to him cold he than asked if he could get the brownie warmed and John the manager stated he could not warm the brownie up or accommodate the problem. We than asked for a refund because my 9 year old son did not want the brownie . He stated no with the only attitude in front of my children. This is not how a manger should treat his paying customers. Now I see why there are so many bad reviews regarding this location it all starts from the mangentment him self. John  needs to a lot of work on how to treat people especially little children.","Likes":""},{"Name":"","Category":"","Rating":" 5 stars ","Number_of_Reviews":"","Address":"","Reviewer":"Joanne Uy (JT)","Reviewer_page":"https://www.google.com/maps/contrib/114200613166914364669/reviews?hl=en-US","Review_time":"9 months ago","Review":"Starbucks are pretty much standardized in terms of how they run things and how they make drinks so I don't really write reviews for them because as far as I'm concerned, they always get it right. Imagine my surprise though when the 88th and Broadway bsomehow couldn't get their Pistachio latte despite two tries.\n\nWalked along UWS and decided to get inside this branch which is along 75th and Broadway.  I told them that the other Starbucks somehow couldn't get their Pistachio Latte right and if they could correct and I was prepared to pay and scan from my Starbucks app. Not only did Dylan correct the situation, she actually did make this Pistachio latte for me and it tasted how it should be, tasting the delicious pistachio flavor in it\n\nThank you Dylan, for your kindness and for making things right. Much appreciated! :)","Likes":"1"},{"Name":"","Category":"","Rating":" 1 star ","Number_of_Reviews":"","Address":"","Reviewer":"carlos ovalle","Reviewer_page":"https://www.google.com/maps/contrib/111264618032165349585/reviews?hl=en-US","Review_time":"3 months ago","Review":"Very slow I orden a Mobil orden and after I orden I have to wait 15min approximately and people who, get to the store after me get the coffee first. No reason to placed the orden Mobil at this store.","Likes":""},{"Name":"","Category":"","Rating":" 4 stars ","Number_of_Reviews":"","Address":"","Reviewer":"Agatha C. Melvin","Reviewer_page":"https://www.google.com/maps/contrib/117216433699167170371/reviews?hl=en-US","Review_time":"2 months ago","Review":"Convenient UWS location. Clean. The staff were courteous.","Likes":""},{"Name":"","Category":"","Rating":" 4 stars ","Number_of_Reviews":"","Address":"","Reviewer":"Robert Atkinson","Reviewer_page":"https://www.google.com/maps/contrib/111122462946079937175/reviews?hl=en-US","Review_time":"3 months ago","Review":"It's Starbucks!  Staff were pleasant and service was as expected.","Likes":""},{"Name":"","Category":"","Rating":" 5 stars ","Number_of_Reviews":"","Address":"","Reviewer":"Bike Lifer","Reviewer_page":"https://www.google.com/maps/contrib/100736778455476323812/reviews?hl=en-US","Review_time":"a week ago","Review":"Great staff and service members.","Likes":""},{"Name":"","Category":"","Rating":" 3 stars ","Number_of_Reviews":"","Address":"","Reviewer":"Gary William Christopher Hugo Hancock King","Reviewer_page":"https://www.google.com/maps/contrib/102534185335698716728/reviews?hl=en-US","Review_time":"a year ago","Review":"\"Starbucks\" (see also: Starbucks)\nActually, a slight notch above the average experience. The \"Flat White\" I ordered {easy to screw up, and many do) was perfect and the crew was very pleasant. And it's large, so you're crammed in a box.","Likes":""},{"Name":"","Category":"","Rating":" 5 stars ","Number_of_Reviews":"","Address":"","Reviewer":"Barry F","Reviewer_page":"https://www.google.com/maps/contrib/107481601496714197416/reviews?hl=en-US","Review_time":"a month ago","Review":"Friendly and got my order perfect","Likes":""},{"Name":"","Category":"","Rating":" 4 stars ","Number_of_Reviews":"","Address":"","Reviewer":"Gary Thurston","Reviewer_page":"https://www.google.com/maps/contrib/100253517049223213312/reviews?hl=en-US","Review_time":"a year ago","Review":"Larger than average NYC Starbucks. Fair amount of seating and the piped in music is not actually bad there. They ay it a little louder than other stores and people feel comfortable carrying on with thier conversations or phone chat etc. They are open late and have a bathroom.","Likes":""},{"Name":"","Category":"","Rating":" 5 stars ","Number_of_Reviews":"","Address":"","Reviewer":"Jannina Marie Galarza-Londono","Reviewer_page":"https://www.google.com/maps/contrib/112238141569916659726/reviews?hl=en-US","Review_time":"a year ago","Review":"The staff is always welcoming, always kind, and always prepared to help. The staff makes sure to do their best to get to know their regulars and go the extra step to make their customers feel seen and cared for. I can always rely on my morning cup of coffee and know it will be just the way I like it. Thanks team!☕","Likes":"1"},{"Name":"","Category":"","Rating":" 5 stars ","Number_of_Reviews":"","Address":"","Reviewer":"Judith Phillips","Reviewer_page":"https://www.google.com/maps/contrib/109884554880787070702/reviews?hl=en-US","Review_time":"a year ago","Review":"Friendly and kind staff. They always greet you with a smile, and ask ask after your well being. Good atmosphere, you'll want to stay a while.","Likes":""},{"Name":"","Category":"","Rating":" 4 stars ","Number_of_Reviews":"","Address":"","Reviewer":"Daniel “Danny”","Reviewer_page":"https://www.google.com/maps/contrib/117185545382850912170/reviews?hl=en-US","Review_time":"5 years ago","Review":"Nice place for a coffee, plenary of room to sit and use your laptop","Likes":""},{"Name":"","Category":"","Rating":" 5 stars ","Number_of_Reviews":"","Address":"","Reviewer":"Kris Cocco","Reviewer_page":"https://www.google.com/maps/contrib/104627663479012535154/reviews?hl=en-US","Review_time":"a month ago","Review":"My daughter's favorite place😍","Likes":""},{"Name":"","Category":"","Rating":" 5 stars ","Number_of_Reviews":"","Address":"","Reviewer":"Jawed Iqbal","Reviewer_page":"https://www.google.com/maps/contrib/108687229743162651761/reviews?hl=en-US","Review_time":"5 months ago","Review":"Most comfortable place and courteous staff","Likes":""},{"Name":"","Category":"","Rating":" 1 star ","Number_of_Reviews":"","Address":"","Reviewer":"Joe Lyga","Reviewer_page":"https://www.google.com/maps/contrib/106105605837346714523/reviews?hl=en-US","Review_time":"3 years ago","Review":"After remodeling, what used to be a great hangout area is now cramped with no places to sit down. The previous layout worked a lot better for a small, high traffic Starbucks. It’s more natural for people to share seats at a large community table than smaller ones.","Likes":"1"},{"Name":"","Category":"","Rating":" 5 stars ","Number_of_Reviews":"","Address":"","Reviewer":"Elle Song","Reviewer_page":"https://www.google.com/maps/contrib/108943388275782312328/reviews?hl=en-US","Review_time":"4 years ago","Review":"The coffee and cleanliness here is standard. But what I gave the 5 stars for is the staff. They are genuinely friendly staff. I always get my coffee with a smile, which is rare in New York. This area of the UWS is right by an express subway, so it can get busy in the mornings.","Likes":""},{"Name":"","Category":"","Rating":" 1 star ","Number_of_Reviews":"","Address":"","Reviewer":"Zion Beauty","Reviewer_page":"https://www.google.com/maps/contrib/109906159190492119967/reviews?hl=en-US","Review_time":"2 years ago","Review":"The staff at this location is just horrible.. I swear I need to stop spending my money at Starbucks in general. Its my hard earned money am spending when I go in there, they act like your begging for stuff. Learn to treat your customers with respect.\nI usually order on the app, so I can grab my coffee and go. The one time and only time I ever asked for and empty cup for water, I get a whole lot of attitude. SMH..","Likes":""},{"Name":"","Category":"","Rating":" 5 stars ","Number_of_Reviews":"","Address":"","Reviewer":"Gabrielle Hemlick","Reviewer_page":"https://www.google.com/maps/contrib/118259016853537046412/reviews?hl=en-US","Review_time":"a year ago","Review":"Wonderful neighborhood place with lots of seating for getting work done. The baristas know locals by name and everyone comes in with their dogs and kids.","Likes":""},{"Name":"","Category":"","Rating":" 5 stars ","Number_of_Reviews":"","Address":"","Reviewer":"Lynne Thurmond","Reviewer_page":"https://www.google.com/maps/contrib/107148103819603666602/reviews?hl=en-US","Review_time":"3 years ago","Review":"The confident lady who works there does a great job. The line was long but she made it disappear. Plus she ground my coffee beans without the usual eyeroll that most people give when faced with the task","Likes":""},{"Name":"","Category":"","Rating":" 5 stars ","Number_of_Reviews":"","Address":"","Reviewer":"Phillip Ho","Reviewer_page":"https://www.google.com/maps/contrib/114077920406297727121/reviews?hl=en-US","Review_time":"8 months ago","Review":"Very nice area and a lot of people come here to hang out, do work and grab a drink/bakery","Likes":""},{"Name":"","Category":"","Rating":" 5 stars ","Number_of_Reviews":"","Address":"","Reviewer":"Greg Avakian","Reviewer_page":"https://www.google.com/maps/contrib/102820029534545348294/reviews?hl=en-US","Review_time":"5 years ago","Review":"Really great Starbucks store. I am so grateful to have this in my dad's neighborhood since I visit once a week. :-)\n\nI especially want to shout out to the staff who are always friendly, and always get drinks made quickly. These guys know how to hustle, and I am grateful. :-)","Likes":""},{"Name":"","Category":"","Rating":" 4 stars ","Number_of_Reviews":"","Address":"","Reviewer":"Mike Henry","Reviewer_page":"https://www.google.com/maps/contrib/105087964822621466300/reviews?hl=en-US","Review_time":"5 years ago","Review":"Employees at this location are wonderful. Always friendly, serving with a smile. Very busy location so seating is hard sometimes and there's only one or two outlets but it's worth it for the positive atmosphere and well laid out space.  Good place.","Likes":""},{"Name":"","Category":"","Rating":" 5 stars ","Number_of_Reviews":"","Address":"","Reviewer":"Christopher Reynolds","Reviewer_page":"https://www.google.com/maps/contrib/103949847381945578988/reviews?hl=en-US","Review_time":"8 years ago","Review":"The employees at this location are particularly wonderful. Always so friendly, serving with a smile. Particularly Ashley. She's an absolute gem.\n\nVery busy location so seating is hard sometimes and there's only one or two outlets but it's worth it for the positive atmosphere and well laid out space.","Likes":"1"},{"Name":"","Category":"","Rating":" 1 star ","Number_of_Reviews":"","Address":"","Reviewer":"Annie Barbara","Reviewer_page":"https://www.google.com/maps/contrib/103317150289010594753/reviews?hl=en-US","Review_time":"4 years ago","Review":"Had a good and bad experience in this location and after reading other reviews i know it wasnt me! I was there this past Saturday 9/8. The cashier was amazing and upbeat. I ordered a red eye which is basic coffee and a shot of espresso nothing complicated. Now im just waiting for my drink. You can visibly see the 2 baristas were handling drinks for guest before me and app orders but i also noticed they were handling drinks for guest after me. Then i did the most horrible thing! I inquired about my order!! Oh boy this barista KIMBERLY responded as is i cursed her out or threatened her family! She immediately responded aggressively that they had app orders to take care of. I responded ok i explained that i notice orders after mine were being handled and she just continued instead of saying \" ok ma'am its coming\" . She handed me my drink and continued talking about how nothing is going to happen to her theyll just talk to her like a slap on the hand. And she laughed. Well you cant blame the poor fool if her managers allow her to behave this way. So previous customer comments just confirmed to me that this location is in need of new management. I contacted starbucks and they gave me a $5 credit. I dont want their credit. I want them to take my feedback seriously!","Likes":""},{"Name":"","Category":"","Rating":" 3 stars ","Number_of_Reviews":"","Address":"","Reviewer":"Lauren D","Reviewer_page":"https://www.google.com/maps/contrib/101705053745724998870/reviews?hl=en-US","Review_time":"4 years ago","Review":"I am a Starbucks junkie! Before I moved to NYC we frequented Starbucks in more rural areas which were clean, quiet, and enjoyable. Starbucks in general in NYC tend to be louder and bit messier. I have to say this Starbucks is one of the best I’ve found in the neighborhood - ample seating and charging stations - I’m never left without a good spot. That being said, it can get loud and messy, and the bathroom can be a bit untidy.","Likes":""},{"Name":"","Category":"","Rating":" 1 star ","Number_of_Reviews":"","Address":"","Reviewer":"Demetrio Leon","Reviewer_page":"https://www.google.com/maps/contrib/112374911076746811978/reviews?hl=en-US","Review_time":"3 years ago","Review":"I have been buying coffee from Starbucks for the last 15 years if no more. My go place is on 103rd and broadway. Today I was nearby 75th and broadway and decided to buy some coffee, since this places closes at 12 and it was around 11pm. In those 15 years of being starbucks customer, I buy at least 5 days a week, and never asked to used their bathroom. Now this time was different because one of my children needed to use the bathroom. So I went up to the barista and asked him if the bathroom was out of service because it had a paper which said “Bathroom Closed” he told me I don’t know about the update of the bathroom. I then asked the person next to him who was doing some cleaning behind the counter, this barista told me the bathroom was closed because it had been already cleaned. I even beg them it was for a child but they seemed rude and careless. Although both of them suggested that Fairway across the street had a bathroom. All I told them was I’m shopping at this store and I do not see the reason why I should go to another store to use their bathroom. I do not know if it is a store policy to close the bathrooms an hour before they stop serving customers or is it that these guys were rushing to go home and did not care about customer needs. Very dissapointed I hope a\nManager could see this complaint and could do something about it. Thank you.","Likes":"1"},{"Name":"","Category":"","Rating":" 2 stars ","Number_of_Reviews":"","Address":"","Reviewer":"Christina Landaw","Reviewer_page":"https://www.google.com/maps/contrib/103702485639504517790/reviews?hl=en-US","Review_time":"a year ago","Review":"Placed a mobile order 10 minutes in advanced then waited an additional 20 when I got there. So slow.","Likes":"1"},{"Name":"","Category":"","Rating":" 1 star ","Number_of_Reviews":"","Address":"","Reviewer":"shaina demora","Reviewer_page":"https://www.google.com/maps/contrib/108690032859870354410/reviews?hl=en-US","Review_time":"4 years ago","Review":"only gets one star because I cant put negative stars. This place has nasty workers, and managers applaud such behavior. Its safe to say I will NEVER revisit this store. And making sure my mother and neighbors halt from stopping by as well. First of all I specifically asked if some one else who was actually wearing a hairnet can make my drink, since clearly no one follows health rules. And the girl on bar caught a nasty attitude and said no one will stop to \"please my privileged self\" to her coworker. and that the shift wont bother to listen to me. I was not only humiliated by that response but now I see why starbucks is always underfire. I asked for her name idk if she gave me a bogus one since she had no name tag on, but said her name was Nan. I would advise people not to go here.","Likes":"1"},{"Name":"","Category":"","Rating":" 2 stars ","Number_of_Reviews":"","Address":"","Reviewer":"Daisiris Garcia","Reviewer_page":"https://www.google.com/maps/contrib/105415737249852089109/reviews?hl=en-US","Review_time":"a year ago","Review":"I ordered a Grande Açaí lemonade and 3 sips later it was done the cup was full of ice and it’s a shame since they usually don’t have lemonade and it’s one of my favorite drinks.","Likes":""},{"Name":"","Category":"","Rating":" 5 stars ","Number_of_Reviews":"","Address":"","Reviewer":"Bositive _","Reviewer_page":"https://www.google.com/maps/contrib/103146768451872837075/reviews?hl=en-US","Review_time":"3 years ago","Review":"Best place to go for breakfast or late night coffee or lemonade after work , place closes down at midnight, the staff is very friendly and helpfull if you’re not sure about what you want to order or make sure you have what you want ,  as they work through the day and night , they deserve a greater success in the Starbucks franchise and much respect to the upper west side  for alll the hard work they do for us day to day , this is my go 2 place before or after work, the space is amazing plenty of room to sit and relax for a few minutes or a few hours.","Likes":"1"},{"Name":"","Category":"","Rating":" 1 star ","Number_of_Reviews":"","Address":"","Reviewer":"Juanita Watkins","Reviewer_page":"https://www.google.com/maps/contrib/100254654993030866035/reviews?hl=en-US","Review_time":"5 years ago","Review":"I Ordered a grande strawberry acai and was told that the venti was more expensive so I placed my order for a grande and the person behind me ordered a venti for 50¢ more and when I asked for an accommodation and Brianna told me that I was out of luck and I can not get a refill. This Starbucks sucks on hospitality. And cleanliness","Likes":""},{"Name":"","Category":"","Rating":" 1 star ","Number_of_Reviews":"","Address":"","Reviewer":"Aldri Anunciação","Reviewer_page":"https://www.google.com/maps/contrib/115466545403998634624/reviews?hl=en-US","Review_time":"a month ago","Review":"I was teated very badly","Likes":""},{"Name":"","Category":"","Rating":" 5 stars ","Number_of_Reviews":"","Address":"","Reviewer":"Jo Macellaro","Reviewer_page":"https://www.google.com/maps/contrib/117745602904955773840/reviews?hl=en-US","Review_time":"6 years ago","Review":"Very friendly staff. It is right by the Beacon Theater and the 72nd street subway station, so it is always crowded and can be hard to find a seat. They have a big communal table, three small tables, a bar, and stools around the windows so if you wait around a bit you can always snag a seat eventually.","Likes":"1"},{"Name":"","Category":"","Rating":" 4 stars ","Number_of_Reviews":"","Address":"","Reviewer":"Casey Penk","Reviewer_page":"https://www.google.com/maps/contrib/106755311109474150935/reviews?hl=en-US","Review_time":"7 years ago","Review":"They've got a fair amount of seating (for roughly 25 people) and a bathroom (albeit disgusting). Those two are rather difficult to find in Manhattan, but the less-dense neighborhood allows for it.\n\nThe long table is great for lounging or group meetings, without having to stoop over as with the bar stools.\n\nThe staff are generally friendly, and I bantered with one of them.\n\nSeems pretty pricey - around 15% more than a location outside NYC (and on the higher end of those in the city). I paid almost $5 for a venti latte.\n\nTaking off a star because the bathrooms smells terrible and is dirty. Seems to be cleaned only every four to six hours, when it should be hourly.","Likes":""},{"Name":"","Category":"","Rating":" 1 star ","Number_of_Reviews":"","Address":"","Reviewer":"Suzanne McDermott","Reviewer_page":"https://www.google.com/maps/contrib/110311020100194017108/reviews?hl=en-US","Review_time":"5 years ago","Review":"The manager was rude. We are visiting from Australia and we could not believe how arrogant the manager behaved.  We walked out and will never step foot inside that store again .  The other staff seemed nice.","Likes":"1"},{"Name":"","Category":"","Rating":" 5 stars ","Number_of_Reviews":"","Address":"","Reviewer":"Mark Ames","Reviewer_page":"https://www.google.com/maps/contrib/116173127961555198339/reviews?hl=en-US","Review_time":"3 years ago","Review":"Nice big seating area. Fast and efficient. Got my order right all week! (I'm a traveler, this isn't always the case)","Likes":""},{"Name":"","Category":"","Rating":" 1 star ","Number_of_Reviews":"","Address":"","Reviewer":"Andro Dadiani","Reviewer_page":"https://www.google.com/maps/contrib/105930428659858435707/reviews?hl=en-US","Review_time":"3 years ago","Review":"If you order Americano, they will add so much water to it that you might as well get a coffee on some gas station nearby. Finding good coffee in NY has been a challenge.","Likes":"1"},{"Name":"","Category":"","Rating":" 2 stars ","Number_of_Reviews":"","Address":"","Reviewer":"Laura Faith","Reviewer_page":"https://www.google.com/maps/contrib/112412571169221130729/reviews?hl=en-US","Review_time":"3 years ago","Review":"I work around the corner. Twice in the past few months I've asked for no whipped cream and I've gotten it. And I ask for almond milk which would maybe indicate I don't want dairy. Get it together!!!","Likes":""},{"Name":"","Category":"","Rating":" 2 stars ","Number_of_Reviews":"","Address":"","Reviewer":"Shari B","Reviewer_page":"https://www.google.com/maps/contrib/115254343829522967385/reviews?hl=en-US","Review_time":"2 years ago","Review":"The caucasian girl w a cap Needs to learn communications skills Or get another job However the african american Lady was wonderful and should get promoted That's why the 2 star Its important the person taking orders to at least say Good Morning","Likes":""},{"Name":"","Category":"","Rating":" 5 stars ","Number_of_Reviews":"","Address":"","Reviewer":"Betsy Richards","Reviewer_page":"https://www.google.com/maps/contrib/101648889714128191493/reviews?hl=en-US","Review_time":"a year ago","Review":"They make my coffee and matcha drink really good and have really good customer service","Likes":""},{"Name":"","Category":"","Rating":" 1 star ","Number_of_Reviews":"","Address":"","Reviewer":"Barton Ted","Reviewer_page":"https://www.google.com/maps/contrib/109941243719985217856/reviews?hl=en-US","Review_time":"5 years ago","Review":"Attitude.  Hot & humid day in nyc.  No bottled water in the cooler or anything else for that matter.  Asked young-ish female cashier for cup of ice to go with a warm bottle of water sitting out.  Paid for the water and for the ice asked if I had to wait behind everyone getting mixed drinks.  She goes \"uh-huh\".\n\nTime goes by and can see her talking to another barista about it.  Everyone gets their drinks and then the same cashier finally walks over, scoops some ice in a cup and then calls it out...  Really?  C'mon.  The star for good location.","Likes":"1"},{"Name":"","Category":"","Rating":" 5 stars ","Number_of_Reviews":"","Address":"","Reviewer":"Gretchen Berger","Reviewer_page":"https://www.google.com/maps/contrib/102173212809082262593/reviews?hl=en-US","Review_time":"3 years ago","Review":"There nearly every day - I'm a regular. Like in Cheers, everybody knows my name and the baristas always ace my drinks. It's my daily moment of Zen, only with caffeine.","Likes":""},{"Name":"","Category":"","Rating":" 4 stars ","Number_of_Reviews":"","Address":"","Reviewer":"TATU “TATU XMEN” XMEN","Reviewer_page":"https://www.google.com/maps/contrib/108777252081267069667/reviews?hl=en-US","Review_time":"a year ago","Review":"This Starbucks is decent.  Clean, neat and good staff.","Likes":"1"},{"Name":"","Category":"","Rating":" 5 stars ","Number_of_Reviews":"","Address":"","Reviewer":"Jeffrey Ridley","Reviewer_page":"https://www.google.com/maps/contrib/114435365435622797292/reviews?hl=en-US","Review_time":"6 years ago","Review":"One of the cleanest and friendliest Starbucks I have been to.  I especially liked sampling the Nitro Cold Brew coffee.  This is my new go to Starbucks coffee.","Likes":"1"},{"Name":"","Category":"","Rating":" 5 stars ","Number_of_Reviews":"","Address":"","Reviewer":"nafSadh","Reviewer_page":"https://www.google.com/maps/contrib/112071799115656245183/reviews?hl=en-US","Review_time":"5 years ago","Review":"This is a good outlet, not very busy; so you can find a place to seat while you sip into your delicious drink.","Likes":"1"},{"Name":"","Category":"","Rating":" 3 stars ","Number_of_Reviews":"","Address":"","Reviewer":"Ethan Freckles","Reviewer_page":"https://www.google.com/maps/contrib/112122742886357411453/reviews?hl=en-US","Review_time":"3 years ago","Review":"The toilet paper dispenser is much too close to the toilet, could use some better bike parking, perhaps more power outlets","Likes":"2"},{"Name":"","Category":"","Rating":" 5 stars ","Number_of_Reviews":"","Address":"","Reviewer":"Buck DeFore","Reviewer_page":"https://www.google.com/maps/contrib/109559393149994792019/reviews?hl=en-US","Review_time":"2 years ago","Review":"Very odd case mine but I appreciate the access and vibe here for 5am to 8am insomniac laptop coding.","Likes":""},{"Name":"","Category":"","Rating":" 5 stars ","Number_of_Reviews":"","Address":"","Reviewer":"Eric McDavis","Reviewer_page":"https://www.google.com/maps/contrib/112877594805313346186/reviews?hl=en-US","Review_time":"a year ago","Review":"Amazing customer service from the white girl that was the cashier. Her energy was everything.","Likes":"1"},{"Name":"","Category":"","Rating":" 5 stars ","Number_of_Reviews":"","Address":"","Reviewer":"David Dorbad","Reviewer_page":"https://www.google.com/maps/contrib/108120966095701101413/reviews?hl=en-US","Review_time":"3 years ago","Review":"I live close by and come here a lot. It’s busy. I kinda like it. Otherwise it’s a NYC Starbucks. So I wouldn’t compare it to the blurbs free-standing palace with a drive thru.","Likes":""},{"Name":"","Category":"","Rating":" 3 stars ","Number_of_Reviews":"","Address":"","Reviewer":"DAVID WEISER","Reviewer_page":"https://www.google.com/maps/contrib/108388463639415377615/reviews?hl=en-US","Review_time":"3 years ago","Review":"Not a bad location.  I liked the old seating arrangement which included stools facing Broadway.","Likes":""},{"Name":"","Category":"","Rating":" 5 stars ","Number_of_Reviews":"","Address":"","Reviewer":"eliana suxo","Reviewer_page":"https://www.google.com/maps/contrib/108996141624443388410/reviews?hl=en-US","Review_time":"a year ago","Review":"Awesome and quick service, also has an available restroom","Likes":""},{"Name":"","Category":"","Rating":" 4 stars ","Number_of_Reviews":"","Address":"","Reviewer":"AAA NYC","Reviewer_page":"https://www.google.com/maps/contrib/110572108917542905090/reviews?hl=en-US","Review_time":"5 years ago","Review":"Nice spot, good vibe. Would give it 5 stars if it weren't for the vagrants that often hang out here.","Likes":""},{"Name":"","Category":"","Rating":" 5 stars ","Number_of_Reviews":"","Address":"","Reviewer":"Carole Haynes","Reviewer_page":"https://www.google.com/maps/contrib/101666005913080064344/reviews?hl=en-US","Review_time":"3 years ago","Review":"I enjoy the atmosphere and its close to everything, Lincoln Center, Century 21, AMC theatre and Fairway Market.","Likes":""},{"Name":"","Category":"","Rating":" 5 stars ","Number_of_Reviews":"","Address":"","Reviewer":"Kelvin Aikaro","Reviewer_page":"https://www.google.com/maps/contrib/113819424736334717734/reviews?hl=en-US","Review_time":"a year ago","Review":"Nice coffee but pricey","Likes":""},{"Name":"","Category":"","Rating":" 5 stars ","Number_of_Reviews":"","Address":"","Reviewer":"Peter Russin","Reviewer_page":"https://www.google.com/maps/contrib/103726976040156671973/reviews?hl=en-US","Review_time":"a year ago","Review":"75th and Broadway store the best they need to start seeding people inside or outside","Likes":""},{"Name":"","Category":"","Rating":" 5 stars ","Number_of_Reviews":"","Address":"","Reviewer":"Paul Thompson","Reviewer_page":"https://www.google.com/maps/contrib/112608138628008795933/reviews?hl=en-US","Review_time":"a year ago","Review":"What a wonderful time. Great coffee","Likes":""},{"Name":"","Category":"","Rating":" 5 stars ","Number_of_Reviews":"","Address":"","Reviewer":"Kendall Johnson","Reviewer_page":"https://www.google.com/maps/contrib/114604679098408412490/reviews?hl=en-US","Review_time":"2 years ago","Review":"Honestly best drink I've had in the city. 10/10 will return","Likes":""},{"Name":"","Category":"","Rating":" 5 stars ","Number_of_Reviews":"","Address":"","Reviewer":"Константин Снытко","Reviewer_page":"https://www.google.com/maps/contrib/113029687282882133150/reviews?hl=en-US","Review_time":"3 years ago","Review":"Great cozy SB. Great ppl serving coffee here","Likes":""},{"Name":"","Category":"","Rating":" 4 stars ","Number_of_Reviews":"","Address":"","Reviewer":"Leonard Feld","Reviewer_page":"https://www.google.com/maps/contrib/109037677684926625047/reviews?hl=en-US","Review_time":"5 years ago","Review":"Helpful, hardworking staff provide prompt service of delicious brews.","Likes":""},{"Name":"","Category":"","Rating":" 3 stars ","Number_of_Reviews":"","Address":"","Reviewer":"Jerry Vicinanza","Reviewer_page":"https://www.google.com/maps/contrib/101489781387307137258/reviews?hl=en-US","Review_time":"4 years ago","Review":"Good coffee as USUAL .although there are some sloppy customers that don't pick up after themselves\n.","Likes":""},{"Name":"","Category":"","Rating":" 3 stars ","Number_of_Reviews":"","Address":"","Reviewer":"Jeremy Pierpont","Reviewer_page":"https://www.google.com/maps/contrib/113861449275274369841/reviews?hl=en-US","Review_time":"3 years ago","Review":"Service was a little slow. Got my order wrong then took a while to remake it","Likes":""},{"Name":"","Category":"","Rating":" 1 star ","Number_of_Reviews":"","Address":"","Reviewer":"Christian Neubert","Reviewer_page":"https://www.google.com/maps/contrib/110345211733984185423/reviews?hl=en-US","Review_time":"4 years ago","Review":"Dirty place. Very filthy restrooms, floors and tables. Needs more staff attention","Likes":""},{"Name":"","Category":"","Rating":" 1 star ","Number_of_Reviews":"","Address":"","Reviewer":"Chris Tramount","Reviewer_page":"https://www.google.com/maps/contrib/108592246259415254093/reviews?hl=en-US","Review_time":"5 years ago","Review":"Cappacino tasted like hot water, chai tea like a cup of sugar, no free water, dirty","Likes":""},{"Name":"","Category":"","Rating":" 4 stars ","Number_of_Reviews":"","Address":"","Reviewer":"Serkan Karaduman","Reviewer_page":"https://www.google.com/maps/contrib/111320042010079267393/reviews?hl=en-US","Review_time":"6 years ago","Review":"Nice but always crowded. You need to wait a lot for a cup of coffee.","Likes":"1"},{"Name":"","Category":"","Rating":" 5 stars ","Number_of_Reviews":"","Address":"","Reviewer":"Brian Mayers","Reviewer_page":"https://www.google.com/maps/contrib/100299473077937733861/reviews?hl=en-US","Review_time":"a year ago","Review":"Great service and the people working there are nice","Likes":""},{"Name":"","Category":"","Rating":" 3 stars ","Number_of_Reviews":"","Address":"","Reviewer":"M3LP L30n","Reviewer_page":"https://www.google.com/maps/contrib/114562056914996177211/reviews?hl=en-US","Review_time":"4 years ago","Review":"It's me again, let me repeat it's a Starbucks, nothing more nothing less, generally cramped, not enough seating (it's not a dinner), get your coffee and GTFO!","Likes":""},{"Name":"","Category":"","Rating":" 1 star ","Number_of_Reviews":"","Address":"","Reviewer":"뚜기","Reviewer_page":"https://www.google.com/maps/contrib/101132594993733901745/reviews?hl=en-US","Review_time":"2 years ago","Review":"I haven't seen unkinded store like this. I felt so unpleasant.","Likes":""},{"Name":"","Category":"","Rating":" 4 stars ","Number_of_Reviews":"","Address":"","Reviewer":"Oleg P","Reviewer_page":"https://www.google.com/maps/contrib/109086104855796241866/reviews?hl=en-US","Review_time":"6 years ago","Review":"Nice staff. It is busy at the evenings, migh be hard to find a sit.","Likes":""},{"Name":"","Category":"","Rating":" 5 stars ","Number_of_Reviews":"","Address":"","Reviewer":"Boyce Dimaala","Reviewer_page":"https://www.google.com/maps/contrib/108909344168398060997/reviews?hl=en-US","Review_time":"6 years ago","Review":"Staffs are exceptionally nice here.  They are very friendly and kind.","Likes":""},{"Name":"","Category":"","Rating":" 4 stars ","Number_of_Reviews":"","Address":"","Reviewer":"Christian Scott","Reviewer_page":"https://www.google.com/maps/contrib/116851331734986041407/reviews?hl=en-US","Review_time":"7 months ago","Review":"It's ok","Likes":""},{"Name":"","Category":"","Rating":" 5 stars ","Number_of_Reviews":"","Address":"","Reviewer":"Rustam Babaniyazov","Reviewer_page":"https://www.google.com/maps/contrib/111307515723967762526/reviews?hl=en-US","Review_time":"7 months ago","Review":"Nice caramel macchiato!","Likes":""},{"Name":"","Category":"","Rating":" 1 star ","Number_of_Reviews":"","Address":"","Reviewer":"Bumjoon Kim","Reviewer_page":"https://www.google.com/maps/contrib/105069573131633943011/reviews?hl=en-US","Review_time":"5 years ago","Review":"This is worst starbucks I have ever been. So unpolite. Worst service!","Likes":"1"},{"Name":"","Category":"","Rating":" 5 stars ","Number_of_Reviews":"","Address":"","Reviewer":"Esperanza Garcia","Reviewer_page":"https://www.google.com/maps/contrib/101988811932081022948/reviews?hl=en-US","Review_time":"2 years ago","Review":"I love the coffee soooooo good ❤","Likes":""},{"Name":"","Category":"","Rating":" 5 stars ","Number_of_Reviews":"","Address":"","Reviewer":"McDonald Reidjr","Reviewer_page":"https://www.google.com/maps/contrib/107087253785349428040/reviews?hl=en-US","Review_time":"4 years ago","Review":"STARBUCKS COFFEE AWESOME PLACE NO COMPLAINTS HERE EXCELLENT CONDITIONS AWESOME STUFF","Likes":""},{"Name":"","Category":"","Rating":" 3 stars ","Number_of_Reviews":"","Address":"","Reviewer":"Dylan Price","Reviewer_page":"https://www.google.com/maps/contrib/108227649715936738014/reviews?hl=en-US","Review_time":"2 years ago","Review":"Eh...it’s starbucks. The coffee isn’t really even that good.","Likes":""},{"Name":"","Category":"","Rating":" 5 stars ","Number_of_Reviews":"","Address":"","Reviewer":"E. Thomas","Reviewer_page":"https://www.google.com/maps/contrib/107229642718678752772/reviews?hl=en-US","Review_time":"4 years ago","Review":"Nice staff, Very friendly. Nice neighborhood spot.","Likes":"1"},{"Name":"","Category":"","Rating":" 3 stars ","Number_of_Reviews":"","Address":"","Reviewer":"Rodrigo Guerreiro De Faria","Reviewer_page":"https://www.google.com/maps/contrib/103516084744669557486/reviews?hl=en-US","Review_time":"4 years ago","Review":"Ok coffee but staff not 100% sure of their own recipes","Likes":""},{"Name":"","Category":"","Rating":" 4 stars ","Number_of_Reviews":"","Address":"","Reviewer":"Adam Jones","Reviewer_page":"https://www.google.com/maps/contrib/116112763443771717002/reviews?hl=en-US","Review_time":"6 years ago","Review":"Great staff, good seating and wifi.","Likes":""},{"Name":"","Category":"","Rating":" 4 stars ","Number_of_Reviews":"","Address":"","Reviewer":"Marisa F.","Reviewer_page":"https://www.google.com/maps/contrib/107744717542604766439/reviews?hl=en-US","Review_time":"10 months ago","Review":"I like breakfast in Starbucks.","Likes":""},{"Name":"","Category":"","Rating":" 3 stars ","Number_of_Reviews":"","Address":"","Reviewer":"Brie Hoffman","Reviewer_page":"https://www.google.com/maps/contrib/111394087932422592159/reviews?hl=en-US","Review_time":"5 years ago","Review":"Coffee is the same, store is clean but the baristas are rude.","Likes":"1"},{"Name":"","Category":"","Rating":" 4 stars ","Number_of_Reviews":"","Address":"","Reviewer":"Manhattan Cat Specialists","Reviewer_page":"https://www.google.com/maps/contrib/106285246200866428194/reviews?hl=en-US","Review_time":"9 years ago","Review":"Thanks for making us our various caffeinated beverages throughout the years.  Our staff thanks you.","Likes":""},{"Name":"","Category":"","Rating":" 1 star ","Number_of_Reviews":"","Address":"","Reviewer":"Deborah Burns","Reviewer_page":"https://www.google.com/maps/contrib/114938024126552574726/reviews?hl=en-US","Review_time":"4 years ago","Review":"The baristas are very rude and I will not go back there.","Likes":"1"},{"Name":"","Category":"","Rating":" 5 stars ","Number_of_Reviews":"","Address":"","Reviewer":"Erwin","Reviewer_page":"https://www.google.com/maps/contrib/111612674335187393011/reviews?hl=en-US","Review_time":"6 years ago","Review":"WiFi was some how fast. Good to work.","Likes":""},{"Name":"","Category":"","Rating":" 3 stars ","Number_of_Reviews":"","Address":"","Reviewer":"Sunil Davidson","Reviewer_page":"https://www.google.com/maps/contrib/102945334413799968296/reviews?hl=en-US","Review_time":"5 years ago","Review":"Good service at counter. Superfast Wifi.","Likes":""},{"Name":"","Category":"","Rating":" 5 stars ","Number_of_Reviews":"","Address":"","Reviewer":"Laura Deponte","Reviewer_page":"https://www.google.com/maps/contrib/110052229196172527673/reviews?hl=en-US","Review_time":"4 years ago","Review":"Great staff, super attentive and friendly","Likes":""},{"Name":"","Category":"","Rating":" 5 stars ","Number_of_Reviews":"","Address":"","Reviewer":"Roma G","Reviewer_page":"https://www.google.com/maps/contrib/107721779580898230301/reviews?hl=en-US","Review_time":"5 years ago","Review":"Store is clean , lovely team 😎👌🏼👍🏻","Likes":"1"},{"Name":"","Category":"","Rating":" 2 stars ","Number_of_Reviews":"","Address":"","Reviewer":"Jose Valerio","Reviewer_page":"https://www.google.com/maps/contrib/109731145069182432169/reviews?hl=en-US","Review_time":"4 years ago","Review":"Vanilla bean coolatta was like 3 sips","Likes":""},{"Name":"","Category":"","Rating":" 5 stars ","Number_of_Reviews":"","Address":"","Reviewer":"Mido FETEIHA","Reviewer_page":"https://www.google.com/maps/contrib/101320701361363627703/reviews?hl=en-US","Review_time":"5 years ago","Review":"Good place, friendly and efficient staff !","Likes":""},{"Name":"","Category":"","Rating":" 3 stars ","Number_of_Reviews":"","Address":"","Reviewer":"Cary Collins","Reviewer_page":"https://www.google.com/maps/contrib/105740065231943472706/reviews?hl=en-US","Review_time":"4 years ago","Review":"Dirty bathroom &trash cans full...rude Baristas","Likes":"1"},{"Name":"","Category":"","Rating":" 5 stars ","Number_of_Reviews":"","Address":"","Reviewer":"Kevin Espinal","Reviewer_page":"https://www.google.com/maps/contrib/108362198662750532497/reviews?hl=en-US","Review_time":"3 years ago","Review":"Great experience, awesome employees","Likes":""},{"Name":"","Category":"","Rating":" 3 stars ","Number_of_Reviews":"","Address":"","Reviewer":"Srinivas Hegde","Reviewer_page":"https://www.google.com/maps/contrib/103497993200887340467/reviews?hl=en-US","Review_time":"5 years ago","Review":"Little bit crowded, but it's the usual Starbucks","Likes":""},{"Name":"","Category":"","Rating":" 3 stars ","Number_of_Reviews":"","Address":"","Reviewer":"stephen davis","Reviewer_page":"https://www.google.com/maps/contrib/103697575195835517876/reviews?hl=en-US","Review_time":"6 years ago","Review":"Small store, window seating, only a few tables","Likes":""},{"Name":"","Category":"","Rating":" 5 stars ","Number_of_Reviews":"","Address":"","Reviewer":"Asaf Saks","Reviewer_page":"https://www.google.com/maps/contrib/108520998039564943761/reviews?hl=en-US","Review_time":"4 years ago","Review":"Great coffee, fast internet.","Likes":""},{"Name":"","Category":"","Rating":" 4 stars ","Number_of_Reviews":"","Address":"","Reviewer":"Dr. Riché C. Zamor, Sr.","Reviewer_page":"https://www.google.com/maps/contrib/108462179340221552432/reviews?hl=en-US","Review_time":"a year ago","Review":"The service was good","Likes":""},{"Name":"","Category":"","Rating":" 4 stars ","Number_of_Reviews":"","Address":"","Reviewer":"Mdeebusel","Reviewer_page":"https://www.google.com/maps/contrib/103809318279111276477/reviews?hl=en-US","Review_time":"a year ago","Review":"😄","Likes":""},{"Name":"","Category":"","Rating":" 4 stars ","Number_of_Reviews":"","Address":"","Reviewer":"Teawoo Lim","Reviewer_page":"https://www.google.com/maps/contrib/106170991554238958017/reviews?hl=en-US","Review_time":"6 months ago","Review":"Loud music","Likes":""},{"Name":"","Category":"","Rating":" 5 stars ","Number_of_Reviews":"","Address":"","Reviewer":"Elvis Peralta","Reviewer_page":"https://www.google.com/maps/contrib/116062430269672402073/reviews?hl=en-US","Review_time":"10 months ago","Review":"Awesome People!","Likes":""},{"Name":"","Category":"","Rating":" 4 stars ","Number_of_Reviews":"","Address":"","Reviewer":"Yvette Munroe","Reviewer_page":"https://www.google.com/maps/contrib/113595121356263759425/reviews?hl=en-US","Review_time":"a year ago","Review":"pleasant staff","Likes":""},{"Name":"","Category":"","Rating":" 5 stars ","Number_of_Reviews":"","Address":"","Reviewer":"Jermain Reid","Reviewer_page":"https://www.google.com/maps/contrib/118226427411505374230/reviews?hl=en-US","Review_time":"3 years ago","Review":"Good coffee as always","Likes":""},{"Name":"","Category":"","Rating":" 5 stars ","Number_of_Reviews":"","Address":"","Reviewer":"susana gonzalez","Reviewer_page":"https://www.google.com/maps/contrib/115486032670437715872/reviews?hl=en-US","Review_time":"a year ago","Review":"Excellent customer service","Likes":""},{"Name":"","Category":"","Rating":" 4 stars ","Number_of_Reviews":"","Address":"","Reviewer":"Esau Reyes Pesante","Reviewer_page":"https://www.google.com/maps/contrib/105342236536958198949/reviews?hl=en-US","Review_time":"4 years ago","Review":"Clean and service is great.","Likes":""},{"Name":"","Category":"","Rating":" 2 stars ","Number_of_Reviews":"","Address":"","Reviewer":"david david","Reviewer_page":"https://www.google.com/maps/contrib/110178518278643087876/reviews?hl=en-US","Review_time":"8 months ago","Review":"Slow service","Likes":"1"},{"Name":"","Category":"","Rating":" 5 stars ","Number_of_Reviews":"","Address":"","Reviewer":"Nino Much","Reviewer_page":"https://www.google.com/maps/contrib/116115477738716567787/reviews?hl=en-US","Review_time":"a year ago","Review":"Employees are very friendly!!!!","Likes":""},{"Name":"","Category":"","Rating":" 4 stars ","Number_of_Reviews":"","Address":"","Reviewer":"Rosario Almeida","Reviewer_page":"https://www.google.com/maps/contrib/105036158155097527562/reviews?hl=en-US","Review_time":"3 years ago","Review":"I love the coffee","Likes":""},{"Name":"","Category":"","Rating":" 5 stars ","Number_of_Reviews":"","Address":"","Reviewer":"Mohamed Aljahmi","Reviewer_page":"https://www.google.com/maps/contrib/115583849566375417841/reviews?hl=en-US","Review_time":"3 years ago","Review":"Great hit chocolate","Likes":""},{"Name":"","Category":"","Rating":" 4 stars ","Number_of_Reviews":"","Address":"","Reviewer":"Harun Roshid","Reviewer_page":"https://www.google.com/maps/contrib/116922866076034783449/reviews?hl=en-US","Review_time":"4 years ago","Review":"Process little bit lengthy 🤭","Likes":""},{"Name":"","Category":"","Rating":" 4 stars ","Number_of_Reviews":"","Address":"","Reviewer":"David Nidus","Reviewer_page":"https://www.google.com/maps/contrib/117151944808252727582/reviews?hl=en-US","Review_time":"3 years ago","Review":"Remodeling made it btr.","Likes":"1"},{"Name":"","Category":"","Rating":" 5 stars ","Number_of_Reviews":"","Address":"","Reviewer":"Richy Ramirez","Reviewer_page":"https://www.google.com/maps/contrib/102522154426096425939/reviews?hl=en-US","Review_time":"3 years ago","Review":"Love the coffee","Likes":""},{"Name":"","Category":"","Rating":" 4 stars ","Number_of_Reviews":"","Address":"","Reviewer":"Orlando Perez","Reviewer_page":"https://www.google.com/maps/contrib/101534886025491413422/reviews?hl=en-US","Review_time":"3 years ago","Review":"Was very good","Likes":""},{"Name":"","Category":"","Rating":" 4 stars ","Number_of_Reviews":"","Address":"","Reviewer":"Michael P","Reviewer_page":"https://www.google.com/maps/contrib/114527641534361920658/reviews?hl=en-US","Review_time":"5 years ago","Review":"Nice staff.","Likes":""},{"Name":"","Category":"","Rating":" 1 star ","Number_of_Reviews":"","Address":"","Reviewer":"Eliar Chakanov","Reviewer_page":"https://www.google.com/maps/contrib/101605613355676770856/reviews?hl=en-US","Review_time":"a year ago","Review":"Always closed","Likes":""},{"Name":"","Category":"","Rating":" 5 stars ","Number_of_Reviews":"","Address":"","Reviewer":"Chrystal Vega Lipscomb","Reviewer_page":"https://www.google.com/maps/contrib/106135724778757023428/reviews?hl=en-US","Review_time":"a year ago","Review":"Great","Likes":""},{"Name":"","Category":"","Rating":" 5 stars ","Number_of_Reviews":"","Address":"","Reviewer":"Sal Rentas","Reviewer_page":"https://www.google.com/maps/contrib/117086213383308663592/reviews?hl=en-US","Review_time":"3 years ago","Review":"always consistent.","Likes":""},{"Name":"","Category":"","Rating":" 5 stars ","Number_of_Reviews":"","Address":"","Reviewer":"Marlin Thai","Reviewer_page":"https://www.google.com/maps/contrib/103032950622436758482/reviews?hl=en-US","Review_time":"4 years ago","Review":"Coffeeeeee was good","Likes":""},{"Name":"","Category":"","Rating":" 4 stars ","Number_of_Reviews":"","Address":"","Reviewer":"gary smiley","Reviewer_page":"https://www.google.com/maps/contrib/114745471408454955559/reviews?hl=en-US","Review_time":"4 years ago","Review":"Good drinks","Likes":""},{"Name":"","Category":"","Rating":" 5 stars ","Number_of_Reviews":"","Address":"","Reviewer":"Steven Shaffren","Reviewer_page":"https://www.google.com/maps/contrib/115180967770083643396/reviews?hl=en-US","Review_time":"3 years ago","Review":"Coffee what else counts","Likes":"2"},{"Name":"","Category":"","Rating":" 5 stars ","Number_of_Reviews":"","Address":"","Reviewer":"Karl Green","Reviewer_page":"https://www.google.com/maps/contrib/101759474306973630510/reviews?hl=en-US","Review_time":"4 years ago","Review":"Best coffee","Likes":""},{"Name":"","Category":"","Rating":" 5 stars ","Number_of_Reviews":"","Address":"","Reviewer":"Gary P Kane","Reviewer_page":"https://www.google.com/maps/contrib/111473554732456662838/reviews?hl=en-US","Review_time":"3 years ago","Review":"Great Java!!","Likes":""},{"Name":"","Category":"","Rating":" 4 stars ","Number_of_Reviews":"","Address":"","Reviewer":"raquel __","Reviewer_page":"https://www.google.com/maps/contrib/116160134007554778996/reviews?hl=en-US","Review_time":"6 years ago","Review":"Nice cappuccino!","Likes":""},{"Name":"","Category":"","Rating":" 5 stars ","Number_of_Reviews":"","Address":"","Reviewer":"S M","Reviewer_page":"https://www.google.com/maps/contrib/116015160715954595323/reviews?hl=en-US","Review_time":"4 years ago","Review":"Great music","Likes":""},{"Name":"","Category":"","Rating":" 5 stars ","Number_of_Reviews":"","Address":"","Reviewer":"Somboon Homrod","Reviewer_page":"https://www.google.com/maps/contrib/112335782115141443849/reviews?hl=en-US","Review_time":"3 years ago","Review":"Good","Likes":""},{"Name":"","Category":"","Rating":" 5 stars ","Number_of_Reviews":"","Address":"","Reviewer":"SARA SCHWAYCER","Reviewer_page":"https://www.google.com/maps/contrib/107211610230975922937/reviews?hl=en-US","Review_time":"4 years ago","Review":"Excellent","Likes":""},{"Name":"","Category":"","Rating":" 5 stars ","Number_of_Reviews":"","Address":"","Reviewer":"Theo Strauss","Reviewer_page":"https://www.google.com/maps/contrib/113825583928502561698/reviews?hl=en-US","Review_time":"6 years ago","Review":"Good","Likes":""},{"Name":"","Category":"","Rating":" 3 stars ","Number_of_Reviews":"","Address":"","Reviewer":"kostas xiloparkiotis","Reviewer_page":"https://www.google.com/maps/contrib/101092479193066250396/reviews?hl=en-US","Review_time":"4 years ago","Review":"The usual stuff.","Likes":""},{"Name":"","Category":"","Rating":" 4 stars ","Number_of_Reviews":"","Address":"","Reviewer":"Baurzhan Dosym","Reviewer_page":"https://www.google.com/maps/contrib/118429273898087560357/reviews?hl=en-US","Review_time":"5 years ago","Review":"As regular SB","Likes":""},{"Name":"","Category":"","Rating":" 4 stars ","Number_of_Reviews":"","Address":"","Reviewer":"Paul Rigano","Reviewer_page":"https://www.google.com/maps/contrib/103491120347716259041/reviews?hl=en-US","Review_time":"5 years ago","Review":"It's Starbucks.","Likes":""},{"Name":"","Category":"","Rating":" 4 stars ","Number_of_Reviews":"","Address":"","Reviewer":"Jerome Kessler","Reviewer_page":"https://www.google.com/maps/contrib/104381813535037697457/reviews?hl=en-US","Review_time":"5 years ago","Review":"Average Starbucks","Likes":""},{"Name":"","Category":"","Rating":" 5 stars ","Number_of_Reviews":"","Address":"","Reviewer":"Sandra Martin","Reviewer_page":"https://www.google.com/maps/contrib/102149928782992501233/reviews?hl=en-US","Review_time":"2 weeks ago","Review":"I was invited to Coffee during my Shopping Spree ....Very very good Hazelnut ice coffee ☕","Likes":""},{"Name":"","Category":"","Rating":" 1 star ","Number_of_Reviews":"","Address":"","Reviewer":"N","Reviewer_page":"https://www.google.com/maps/contrib/113699240859403775195/reviews?hl=en-US","Review_time":"5 days ago","Review":"wow, so much attitude here, maybe because am white and a woman? I was amiable and have no idea why  a few of the women were so rude, first time this happens in a starbucks fir me!","Likes":""},{"Name":"","Category":"","Rating":" 1 star ","Number_of_Reviews":"","Address":"","Reviewer":"Gastón Guerrero","Reviewer_page":"https://www.google.com/maps/contrib/106205946253041123874/reviews?hl=en-US","Review_time":"a month ago","Review":"(Translated by Google) I bought a chai latte and a latte with two lemon cakes. I paid and then they told me that there was only one lemon cake, I asked for something else and it wasn't there either, I could only choose what they offered. I arrived at 6:30 p.m. at 6:56 p.m. They said they closed, I told them that the page indicated at 8:00 p.m., they said it was wrong, we had to leave. All bad, I do not recommend it\n\n(Original)\nCompré un chai late y un late con dos Queques limón. Pague y después me dijeron que solo había un queque limón, pedí otra cosa y tampoco estaba, solo pude optar por lo que ofrecieron. Llegué a las 18:30h a las 18:56 dijeron que cerraban, les dije que la página indicaba a las 20h, dijeron que estaba mal, nos tuvimos que ir. Todo mal, no lo recomiendo","Likes":""},{"Name":"","Category":"","Rating":" 4 stars ","Number_of_Reviews":"","Address":"","Reviewer":"Alexandra Demecs","Reviewer_page":"https://www.google.com/maps/contrib/113659374293525124893/reviews?hl=en-US","Review_time":"3 years ago","Review":"(Translated by Google) The café has good salads, pastries, coffees and other stuff. In the café you can quickly order things and customer service fast and smooth.\n\nPlease note:\n- A lot of people, a popular place.\n- I bought Cocoa $ 5 or a little expensive but, good discounts often.\n\n(Original)\nKahvilassa on hyviä salaatteja, leivoksia, kahveja ja muita juttuja. Kahvilassa saat nopeasti tilaamasi asiat ja asiakaspalvelu nopeaa ja sujuvaa.\n\nOta huomioon:\n-Ylensä paljon ihmisiä, eli suosittu paikka.\n- ostin kaakaun 5$ eli hieman kallis mutta, hyviä alennuksia usein.","Likes":""},{"Name":"","Category":"","Rating":" 5 stars ","Number_of_Reviews":"","Address":"","Reviewer":"김예리","Reviewer_page":"https://www.google.com/maps/contrib/102687896402674682181/reviews?hl=en-US","Review_time":"3 years ago","Review":"(Translated by Google) Starbucks is a must-visit place in New York City.\nPeach...I made you jealous, but I was moved because it was so delicious ㅠㅠ\n\n(Original)\n뉴욕하면 스타벅스는 꼭 들러야한다며 가게된곳\n피치...뭐시기 시켰는데 왕맛있어서 감동했다ㅠㅠ","Likes":"1"},{"Name":"","Category":"","Rating":" 4 stars ","Number_of_Reviews":"","Address":"","Reviewer":"Vanessa Vanpevenage","Reviewer_page":"https://www.google.com/maps/contrib/116729434527316727348/reviews?hl=en-US","Review_time":"7 months ago","Review":"(Translated by Google) Nice choice everything is good.\n\n(Original)\nChoix sympathique tout y est bon.","Likes":""},{"Name":"","Category":"","Rating":" 5 stars ","Number_of_Reviews":"","Address":"","Reviewer":"Eduardo Voysest","Reviewer_page":"https://www.google.com/maps/contrib/110585204531333123627/reviews?hl=en-US","Review_time":"10 months ago","Review":"(Translated by Google) Is Starbucks really good Attention\n\n(Original)\nIs Starbucks really good Atención","Likes":""},{"Name":"","Category":"","Rating":" 5 stars ","Number_of_Reviews":"","Address":"","Reviewer":"Kenzhi Qadcrat","Reviewer_page":"https://www.google.com/maps/contrib/117649742347623474005/reviews?hl=en-US","Review_time":"6 years ago","Review":"(Translated by Google) Kindness. Friendly.\nLively. I can sit in a seat with moderate congestion.\n\n(Original)\n親切。フレンドリー。\n活気ある。ほどよい混み具合で席には座れる。","Likes":""},{"Name":"","Category":"","Rating":" 4 stars ","Number_of_Reviews":"","Address":"","Reviewer":"Rulhaas Ri","Reviewer_page":"https://www.google.com/maps/contrib/103139126344275286990/reviews?hl=en-US","Review_time":"a year ago","Review":"(Translated by Google) Excellent very good attention\n\n(Original)\nExcelente muy buena atención","Likes":""},{"Name":"","Category":"","Rating":" 5 stars ","Number_of_Reviews":"","Address":"","Reviewer":"Arturo Tapia","Reviewer_page":"https://www.google.com/maps/contrib/101150203452101637395/reviews?hl=en-US","Review_time":"3 years ago","Review":"(Translated by Google) I am treated quickly and in a good mood by the staff\n\n(Original)\nMe atienden rápidamente y de muy buen humor el personal","Likes":""},{"Name":"","Category":"","Rating":" 5 stars ","Number_of_Reviews":"","Address":"","Reviewer":"Albert","Reviewer_page":"https://www.google.com/maps/contrib/103894966613858904917/reviews?hl=en-US","Review_time":"3 years ago","Review":"(Translated by Google) Fast service, good salads, grandson and quiet.\n\n(Original)\nServei rapid, bones amanides, nét i tranquil.","Likes":""},{"Name":"","Category":"","Rating":" 1 star ","Number_of_Reviews":"","Address":"","Reviewer":"Emeterio Velasquez","Reviewer_page":"https://www.google.com/maps/contrib/101821362477063103773/reviews?hl=en-US","Review_time":"a year ago","Review":"(Translated by Google) very poorly attended\n\n(Original)\nMuy mal atendido","Likes":""},{"Name":"","Category":"","Rating":" 5 stars ","Number_of_Reviews":"","Address":"","Reviewer":"Marta Reyes vega","Reviewer_page":"https://www.google.com/maps/contrib/112765983919913798905/reviews?hl=en-US","Review_time":"6 months ago","Review":"(Translated by Google) Great as always❤❤❤❤❤❤\n\n(Original)\nBuenisimo como siempre❤❤❤❤❤❤","Likes":""},{"Name":"","Category":"","Rating":" 5 stars ","Number_of_Reviews":"","Address":"","Reviewer":"Sandra Barredo","Reviewer_page":"https://www.google.com/maps/contrib/112148154506262560181/reviews?hl=en-US","Review_time":"5 years ago","Review":"(Translated by Google) Good service and very clean\n\n(Original)\nBuena atención y muy limpio","Likes":""},{"Name":"","Category":"","Rating":" 5 stars ","Number_of_Reviews":"","Address":"","Reviewer":"Silla Gelli","Reviewer_page":"https://www.google.com/maps/contrib/112864773278928474587/reviews?hl=en-US","Review_time":"5 years ago","Review":"(Translated by Google) Always good wherever you go ☺\n\n(Original)\nSempre buono ovunque tu vada ☺","Likes":""},{"Name":"","Category":"","Rating":" 3 stars ","Number_of_Reviews":"","Address":"","Reviewer":"Eric Erdmann","Reviewer_page":"https://www.google.com/maps/contrib/115660652217900612699/reviews?hl=en-US","Review_time":"4 years ago","Review":"(Translated by Google) Like all other Starbucks cafes.\n\n(Original)\nSom alle andre Starbucks kafeer.","Likes":""},{"Name":"","Category":"","Rating":" 5 stars ","Number_of_Reviews":"","Address":"","Reviewer":"Amaury Baez","Reviewer_page":"https://www.google.com/maps/contrib/105696574692512790309/reviews?hl=en-US","Review_time":"a year ago","Review":"(Translated by Google) excellent service\n\n(Original)\nexcelente servicio","Likes":""},{"Name":"","Category":"","Rating":" 5 stars ","Number_of_Reviews":"","Address":"","Reviewer":"Lau sabs","Reviewer_page":"https://www.google.com/maps/contrib/117031898833368803959/reviews?hl=en-US","Review_time":"3 years ago","Review":"(Translated by Google) There is always 1 nearby when you need it\n\n(Original)\nSiempre hay 1 cerca cuando lo necesitas","Likes":""},{"Name":"","Category":"","Rating":" 5 stars ","Number_of_Reviews":"","Address":"","Reviewer":"pavel adamec","Reviewer_page":"https://www.google.com/maps/contrib/106894574061889348222/reviews?hl=en-US","Review_time":"2 years ago","Review":"(Translated by Google) Good coffee\n\n(Original)\nDobra kava","Likes":""},{"Name":"","Category":"","Rating":" 5 stars ","Number_of_Reviews":"","Address":"","Reviewer":"Mariam Mirza","Reviewer_page":"https://www.google.com/maps/contrib/112810502951315064139/reviews?hl=en-US","Review_time":"a year ago","Review":"","Likes":""},{"Name":"","Category":"","Rating":" 5 stars ","Number_of_Reviews":"","Address":"","Reviewer":"Roy Grant","Reviewer_page":"https://www.google.com/maps/contrib/107707089744846703120/reviews?hl=en-US","Review_time":"4 years ago","Review":"","Likes":""},{"Name":"","Category":"","Rating":" 3 stars ","Number_of_Reviews":"","Address":"","Reviewer":"Imani Gee","Reviewer_page":"https://www.google.com/maps/contrib/108443198939655554074/reviews?hl=en-US","Review_time":"3 years ago","Review":"","Likes":""},{"Name":"","Category":"","Rating":" 5 stars ","Number_of_Reviews":"","Address":"","Reviewer":"Cooper Glick","Reviewer_page":"https://www.google.com/maps/contrib/108928850324656508170/reviews?hl=en-US","Review_time":"4 years ago","Review":"","Likes":""},{"Name":"","Category":"","Rating":" 5 stars ","Number_of_Reviews":"","Address":"","Reviewer":"Kenneth Mcdevitt","Reviewer_page":"https://www.google.com/maps/contrib/110709882749872768637/reviews?hl=en-US","Review_time":"6 months ago","Review":"","Likes":""},{"Name":"","Category":"","Rating":" 1 star ","Number_of_Reviews":"","Address":"","Reviewer":"Martin Collins","Reviewer_page":"https://www.google.com/maps/contrib/110722261437578864866/reviews?hl=en-US","Review_time":"4 years ago","Review":"","Likes":""},{"Name":"","Category":"","Rating":" 5 stars ","Number_of_Reviews":"","Address":"","Reviewer":"Adam Z","Reviewer_page":"https://www.google.com/maps/contrib/104605700630130081608/reviews?hl=en-US","Review_time":"4 years ago","Review":"","Likes":""},{"Name":"","Category":"","Rating":" 5 stars ","Number_of_Reviews":"","Address":"","Reviewer":"Julie Drexler Johnson","Reviewer_page":"https://www.google.com/maps/contrib/114409889909382846286/reviews?hl=en-US","Review_time":"5 years ago","Review":"","Likes":""},{"Name":"","Category":"","Rating":" 5 stars ","Number_of_Reviews":"","Address":"","Reviewer":"Pedro Riquelme","Reviewer_page":"https://www.google.com/maps/contrib/112297549105516151035/reviews?hl=en-US","Review_time":"5 years ago","Review":"","Likes":""},{"Name":"","Category":"","Rating":" 5 stars ","Number_of_Reviews":"","Address":"","Reviewer":"Vik B","Reviewer_page":"https://www.google.com/maps/contrib/117429979163299774769/reviews?hl=en-US","Review_time":"2 years ago","Review":"","Likes":""},{"Name":"","Category":"","Rating":" 4 stars ","Number_of_Reviews":"","Address":"","Reviewer":"Andrei M","Reviewer_page":"https://www.google.com/maps/contrib/102644504403540773729/reviews?hl=en-US","Review_time":"3 weeks ago","Review":"","Likes":""},{"Name":"","Category":"","Rating":" 5 stars ","Number_of_Reviews":"","Address":"","Reviewer":"George Sachs PsyD","Reviewer_page":"https://www.google.com/maps/contrib/104074567635367250599/reviews?hl=en-US","Review_time":"4 years ago","Review":"","Likes":""},{"Name":"","Category":"","Rating":" 5 stars ","Number_of_Reviews":"","Address":"","Reviewer":"Karina Taveras","Reviewer_page":"https://www.google.com/maps/contrib/106535024395280721061/reviews?hl=en-US","Review_time":"4 years ago","Review":"","Likes":""},{"Name":"","Category":"","Rating":" 2 stars ","Number_of_Reviews":"","Address":"","Reviewer":"Angelo Crespo","Reviewer_page":"https://www.google.com/maps/contrib/113753065219871362927/reviews?hl=en-US","Review_time":"6 years ago","Review":"","Likes":""},{"Name":"","Category":"","Rating":" 4 stars ","Number_of_Reviews":"","Address":"","Reviewer":"Benny Hait","Reviewer_page":"https://www.google.com/maps/contrib/112073073306149055397/reviews?hl=en-US","Review_time":"4 years ago","Review":"","Likes":""},{"Name":"","Category":"","Rating":" 4 stars ","Number_of_Reviews":"","Address":"","Reviewer":"Adam Moriwaki","Reviewer_page":"https://www.google.com/maps/contrib/103371747976944494961/reviews?hl=en-US","Review_time":"a year ago","Review":"","Likes":""},{"Name":"","Category":"","Rating":" 5 stars ","Number_of_Reviews":"","Address":"","Reviewer":"Kai Landy","Reviewer_page":"https://www.google.com/maps/contrib/100703231628448712290/reviews?hl=en-US","Review_time":"3 years ago","Review":"","Likes":""},{"Name":"","Category":"","Rating":" 4 stars ","Number_of_Reviews":"","Address":"","Reviewer":"David Mendez","Reviewer_page":"https://www.google.com/maps/contrib/111514724869979869578/reviews?hl=en-US","Review_time":"4 years ago","Review":"","Likes":""},{"Name":"","Category":"","Rating":" 3 stars ","Number_of_Reviews":"","Address":"","Reviewer":"inVi S. (inVitr0)","Reviewer_page":"https://www.google.com/maps/contrib/116415076538944889109/reviews?hl=en-US","Review_time":"3 years ago","Review":"","Likes":""},{"Name":"","Category":"","Rating":" 5 stars ","Number_of_Reviews":"","Address":"","Reviewer":"Jeffrey Piermont","Reviewer_page":"https://www.google.com/maps/contrib/106344094218276127311/reviews?hl=en-US","Review_time":"11 years ago","Review":"","Likes":""},{"Name":"","Category":"","Rating":" 5 stars ","Number_of_Reviews":"","Address":"","Reviewer":"Ozgur Bayraktaroglu","Reviewer_page":"https://www.google.com/maps/contrib/103161081787229570704/reviews?hl=en-US","Review_time":"7 months ago","Review":"","Likes":""},{"Name":"","Category":"","Rating":" 5 stars ","Number_of_Reviews":"","Address":"","Reviewer":"Kayla-Anne Rodenberg","Reviewer_page":"https://www.google.com/maps/contrib/110269257884664937343/reviews?hl=en-US","Review_time":"4 years ago","Review":"","Likes":""},{"Name":"","Category":"","Rating":" 3 stars ","Number_of_Reviews":"","Address":"","Reviewer":"Rejane Ribas","Reviewer_page":"https://www.google.com/maps/contrib/115499787068763680511/reviews?hl=en-US","Review_time":"8 months ago","Review":"","Likes":""},{"Name":"","Category":"","Rating":" 4 stars ","Number_of_Reviews":"","Address":"","Reviewer":"Jocelyn Rice","Reviewer_page":"https://www.google.com/maps/contrib/110855131433453900165/reviews?hl=en-US","Review_time":"2 years ago","Review":"","Likes":""},{"Name":"","Category":"","Rating":" 2 stars ","Number_of_Reviews":"","Address":"","Reviewer":"J Kaye","Reviewer_page":"https://www.google.com/maps/contrib/118308110058116269709/reviews?hl=en-US","Review_time":"10 months ago","Review":"","Likes":""},{"Name":"","Category":"","Rating":" 5 stars ","Number_of_Reviews":"","Address":"","Reviewer":"Custom Wedding Gowns By Debra Green Design","Reviewer_page":"https://www.google.com/maps/contrib/101809292072109757877/reviews?hl=en-US","Review_time":"2 years ago","Review":"","Likes":""},{"Name":"","Category":"","Rating":" 5 stars ","Number_of_Reviews":"","Address":"","Reviewer":"Atom C.R. Forster III","Reviewer_page":"https://www.google.com/maps/contrib/101237882780394055361/reviews?hl=en-US","Review_time":"3 years ago","Review":"","Likes":""},{"Name":"","Category":"","Rating":" 5 stars ","Number_of_Reviews":"","Address":"","Reviewer":"Mk","Reviewer_page":"https://www.google.com/maps/contrib/108331892672173037315/reviews?hl=en-US","Review_time":"2 years ago","Review":"","Likes":""},{"Name":"","Category":"","Rating":" 2 stars ","Number_of_Reviews":"","Address":"","Reviewer":"Marek Marantz","Reviewer_page":"https://www.google.com/maps/contrib/104196295434294306527/reviews?hl=en-US","Review_time":"5 years ago","Review":"","Likes":""},{"Name":"","Category":"","Rating":" 5 stars ","Number_of_Reviews":"","Address":"","Reviewer":"Antonio Morales","Reviewer_page":"https://www.google.com/maps/contrib/108623055524260538623/reviews?hl=en-US","Review_time":"a year ago","Review":"","Likes":""},{"Name":"","Category":"","Rating":" 3 stars ","Number_of_Reviews":"","Address":"","Reviewer":"emily singer","Reviewer_page":"https://www.google.com/maps/contrib/116261502454791251794/reviews?hl=en-US","Review_time":"4 years ago","Review":"","Likes":""},{"Name":"","Category":"","Rating":" 5 stars ","Number_of_Reviews":"","Address":"","Reviewer":"Francesco Castellani","Reviewer_page":"https://www.google.com/maps/contrib/108594173633333998590/reviews?hl=en-US","Review_time":"4 years ago","Review":"","Likes":""},{"Name":"","Category":"","Rating":" 4 stars ","Number_of_Reviews":"","Address":"","Reviewer":"RavenYT","Reviewer_page":"https://www.google.com/maps/contrib/108557241053916584972/reviews?hl=en-US","Review_time":"3 years ago","Review":"","Likes":""},{"Name":"","Category":"","Rating":" 4 stars ","Number_of_Reviews":"","Address":"","Reviewer":"Diego Velasco","Reviewer_page":"https://www.google.com/maps/contrib/112716561297345065734/reviews?hl=en-US","Review_time":"a year ago","Review":"","Likes":""},{"Name":"","Category":"","Rating":" 5 stars ","Number_of_Reviews":"","Address":"","Reviewer":"Carl","Reviewer_page":"https://www.google.com/maps/contrib/116902368203658144889/reviews?hl=en-US","Review_time":"3 years ago","Review":"","Likes":""},{"Name":"","Category":"","Rating":" 4 stars ","Number_of_Reviews":"","Address":"","Reviewer":"Bob Wyman","Reviewer_page":"https://www.google.com/maps/contrib/113651533166317708938/reviews?hl=en-US","Review_time":"4 years ago","Review":"","Likes":""},{"Name":"","Category":"","Rating":" 5 stars ","Number_of_Reviews":"","Address":"","Reviewer":"Nirobi Coleman","Reviewer_page":"https://www.google.com/maps/contrib/116071682665824396405/reviews?hl=en-US","Review_time":"9 months ago","Review":"","Likes":""},{"Name":"","Category":"","Rating":" 5 stars ","Number_of_Reviews":"","Address":"","Reviewer":"Anthony Rollo","Reviewer_page":"https://www.google.com/maps/contrib/115170646861921081140/reviews?hl=en-US","Review_time":"3 years ago","Review":"","Likes":""},{"Name":"","Category":"","Rating":" 4 stars ","Number_of_Reviews":"","Address":"","Reviewer":"Carol Pollard","Reviewer_page":"https://www.google.com/maps/contrib/116355827949661781444/reviews?hl=en-US","Review_time":"a year ago","Review":"","Likes":""},{"Name":"","Category":"","Rating":" 5 stars ","Number_of_Reviews":"","Address":"","Reviewer":"Jesus Flores","Reviewer_page":"https://www.google.com/maps/contrib/107351792672893194084/reviews?hl=en-US","Review_time":"4 years ago","Review":"","Likes":""},{"Name":"","Category":"","Rating":" 3 stars ","Number_of_Reviews":"","Address":"","Reviewer":"Tene Morris","Reviewer_page":"https://www.google.com/maps/contrib/117774008667122026926/reviews?hl=en-US","Review_time":"a year ago","Review":"","Likes":""},{"Name":"","Category":"","Rating":" 3 stars ","Number_of_Reviews":"","Address":"","Reviewer":"Felipe Salazar","Reviewer_page":"https://www.google.com/maps/contrib/102542259358089687845/reviews?hl=en-US","Review_time":"4 years ago","Review":"","Likes":""},{"Name":"","Category":"","Rating":" 5 stars ","Number_of_Reviews":"","Address":"","Reviewer":"Beth Cledge","Reviewer_page":"https://www.google.com/maps/contrib/101356181119060367822/reviews?hl=en-US","Review_time":"3 years ago","Review":"","Likes":""},{"Name":"","Category":"","Rating":" 2 stars ","Number_of_Reviews":"","Address":"","Reviewer":"José Luis Pérez Puig","Reviewer_page":"https://www.google.com/maps/contrib/100306993310696665681/reviews?hl=en-US","Review_time":"4 years ago","Review":"","Likes":""},{"Name":"","Category":"","Rating":" 5 stars ","Number_of_Reviews":"","Address":"","Reviewer":"Jennifer Valadez","Reviewer_page":"https://www.google.com/maps/contrib/110382275912155130553/reviews?hl=en-US","Review_time":"2 years ago","Review":"","Likes":""},{"Name":"","Category":"","Rating":" 5 stars ","Number_of_Reviews":"","Address":"","Reviewer":"Amine Meflah","Reviewer_page":"https://www.google.com/maps/contrib/107118854419302869346/reviews?hl=en-US","Review_time":"3 years ago","Review":"","Likes":""},{"Name":"","Category":"","Rating":" 2 stars ","Number_of_Reviews":"","Address":"","Reviewer":"Manny","Reviewer_page":"https://www.google.com/maps/contrib/114941479476267394314/reviews?hl=en-US","Review_time":"4 years ago","Review":"","Likes":""},{"Name":"","Category":"","Rating":" 5 stars ","Number_of_Reviews":"","Address":"","Reviewer":"Gabriel Martinez","Reviewer_page":"https://www.google.com/maps/contrib/117600395690349999664/reviews?hl=en-US","Review_time":"2 years ago","Review":"","Likes":""},{"Name":"","Category":"","Rating":" 4 stars ","Number_of_Reviews":"","Address":"","Reviewer":"Jeffrey Dorm","Reviewer_page":"https://www.google.com/maps/contrib/117329365134120959119/reviews?hl=en-US","Review_time":"4 years ago","Review":"","Likes":""},{"Name":"","Category":"","Rating":" 2 stars ","Number_of_Reviews":"","Address":"","Reviewer":"Matt McGowan","Reviewer_page":"https://www.google.com/maps/contrib/106792636243648236513/reviews?hl=en-US","Review_time":"12 years ago","Review":"","Likes":""},{"Name":"","Category":"","Rating":" 5 stars ","Number_of_Reviews":"","Address":"","Reviewer":"Armando Chiapparelli","Reviewer_page":"https://www.google.com/maps/contrib/109838887026129477050/reviews?hl=en-US","Review_time":"a year ago","Review":"","Likes":""},{"Name":"","Category":"","Rating":" 3 stars ","Number_of_Reviews":"","Address":"","Reviewer":"Erik Cohen","Reviewer_page":"https://www.google.com/maps/contrib/118428020186570705469/reviews?hl=en-US","Review_time":"5 years ago","Review":"","Likes":""},{"Name":"","Category":"","Rating":" 5 stars ","Number_of_Reviews":"","Address":"","Reviewer":"DIMITRI LASKAS","Reviewer_page":"https://www.google.com/maps/contrib/112976391513306080591/reviews?hl=en-US","Review_time":"4 years ago","Review":"","Likes":""},{"Name":"","Category":"","Rating":" 4 stars ","Number_of_Reviews":"","Address":"","Reviewer":"Art Murphy","Reviewer_page":"https://www.google.com/maps/contrib/109355763530753107380/reviews?hl=en-US","Review_time":"3 years ago","Review":"","Likes":""},{"Name":"","Category":"","Rating":" 3 stars ","Number_of_Reviews":"","Address":"","Reviewer":"silvana vincenti","Reviewer_page":"https://www.google.com/maps/contrib/104941781468325189409/reviews?hl=en-US","Review_time":"3 years ago","Review":"","Likes":""},{"Name":"","Category":"","Rating":" 3 stars ","Number_of_Reviews":"","Address":"","Reviewer":"Arthur Charles","Reviewer_page":"https://www.google.com/maps/contrib/110462050101459147042/reviews?hl=en-US","Review_time":"4 years ago","Review":"","Likes":""},{"Name":"","Category":"","Rating":" 4 stars ","Number_of_Reviews":"","Address":"","Reviewer":"Sean","Reviewer_page":"https://www.google.com/maps/contrib/113131260468664126412/reviews?hl=en-US","Review_time":"4 years ago","Review":"","Likes":""},{"Name":"","Category":"","Rating":" 3 stars ","Number_of_Reviews":"","Address":"","Reviewer":"María de la Paz Velazco","Reviewer_page":"https://www.google.com/maps/contrib/109643300849689194830/reviews?hl=en-US","Review_time":"3 years ago","Review":"","Likes":""},{"Name":"","Category":"","Rating":" 4 stars ","Number_of_Reviews":"","Address":"","Reviewer":"Bernard Cohen","Reviewer_page":"https://www.google.com/maps/contrib/112145285260509856767/reviews?hl=en-US","Review_time":"4 years ago","Review":"","Likes":""},{"Name":"","Category":"","Rating":" 5 stars ","Number_of_Reviews":"","Address":"","Reviewer":"Henry Tatum","Reviewer_page":"https://www.google.com/maps/contrib/113858623114324500891/reviews?hl=en-US","Review_time":"4 years ago","Review":"","Likes":""},{"Name":"","Category":"","Rating":" 3 stars ","Number_of_Reviews":"","Address":"","Reviewer":"Bruno Nardelli Chiarotti","Reviewer_page":"https://www.google.com/maps/contrib/109882721837351191259/reviews?hl=en-US","Review_time":"10 months ago","Review":"","Likes":""},{"Name":"","Category":"","Rating":" 3 stars ","Number_of_Reviews":"","Address":"","Reviewer":"Rob Streetman","Reviewer_page":"https://www.google.com/maps/contrib/109893755060234553768/reviews?hl=en-US","Review_time":"4 years ago","Review":"","Likes":""},{"Name":"","Category":"","Rating":" 4 stars ","Number_of_Reviews":"","Address":"","Reviewer":"Laura Cramutola","Reviewer_page":"https://www.google.com/maps/contrib/107994356815210547786/reviews?hl=en-US","Review_time":"4 years ago","Review":"","Likes":""},{"Name":"","Category":"","Rating":" 5 stars ","Number_of_Reviews":"","Address":"","Reviewer":"Samah Vargas","Reviewer_page":"https://www.google.com/maps/contrib/103752337177356593947/reviews?hl=en-US","Review_time":"a year ago","Review":"","Likes":""},{"Name":"","Category":"","Rating":" 4 stars ","Number_of_Reviews":"","Address":"","Reviewer":"Ariano Gomes","Reviewer_page":"https://www.google.com/maps/contrib/114152831381566847780/reviews?hl=en-US","Review_time":"4 years ago","Review":"","Likes":""},{"Name":"","Category":"","Rating":" 3 stars ","Number_of_Reviews":"","Address":"","Reviewer":"Susanna Mayra Sacerio","Reviewer_page":"https://www.google.com/maps/contrib/116429651184178604289/reviews?hl=en-US","Review_time":"4 years ago","Review":"","Likes":""},{"Name":"","Category":"","Rating":" 4 stars ","Number_of_Reviews":"","Address":"","Reviewer":"Rob Kass","Reviewer_page":"https://www.google.com/maps/contrib/117348186935492422025/reviews?hl=en-US","Review_time":"5 years ago","Review":"","Likes":""},{"Name":"","Category":"","Rating":" 4 stars ","Number_of_Reviews":"","Address":"","Reviewer":"sang h kim","Reviewer_page":"https://www.google.com/maps/contrib/105432221487306336917/reviews?hl=en-US","Review_time":"4 years ago","Review":"","Likes":""},{"Name":"","Category":"","Rating":" 1 star ","Number_of_Reviews":"","Address":"","Reviewer":"Muhammad Saqib","Reviewer_page":"https://www.google.com/maps/contrib/115120382878582332575/reviews?hl=en-US","Review_time":"5 years ago","Review":"","Likes":""},{"Name":"","Category":"","Rating":" 5 stars ","Number_of_Reviews":"","Address":"","Reviewer":"Eliran Gabay","Reviewer_page":"https://www.google.com/maps/contrib/117903979866231110831/reviews?hl=en-US","Review_time":"3 years ago","Review":"","Likes":""},{"Name":"","Category":"","Rating":" 5 stars ","Number_of_Reviews":"","Address":"","Reviewer":"Pauline Reinicke","Reviewer_page":"https://www.google.com/maps/contrib/102632988107100829748/reviews?hl=en-US","Review_time":"6 years ago","Review":"","Likes":""},{"Name":"","Category":"","Rating":" 4 stars ","Number_of_Reviews":"","Address":"","Reviewer":"Cumali Badur","Reviewer_page":"https://www.google.com/maps/contrib/116654437116807233142/reviews?hl=en-US","Review_time":"5 years ago","Review":"","Likes":""},{"Name":"","Category":"","Rating":" 5 stars ","Number_of_Reviews":"","Address":"","Reviewer":"Sandra Wagner","Reviewer_page":"https://www.google.com/maps/contrib/111263034359127432502/reviews?hl=en-US","Review_time":"3 years ago","Review":"","Likes":""},{"Name":"","Category":"","Rating":" 5 stars ","Number_of_Reviews":"","Address":"","Reviewer":"Elisangela Zem","Reviewer_page":"https://www.google.com/maps/contrib/104927651615124472207/reviews?hl=en-US","Review_time":"3 years ago","Review":"","Likes":""},{"Name":"","Category":"","Rating":" 5 stars ","Number_of_Reviews":"","Address":"","Reviewer":"Ami Grady","Reviewer_page":"https://www.google.com/maps/contrib/116418640457301657779/reviews?hl=en-US","Review_time":"4 years ago","Review":"","Likes":""},{"Name":"","Category":"","Rating":" 4 stars ","Number_of_Reviews":"","Address":"","Reviewer":"Noreddine Kebir","Reviewer_page":"https://www.google.com/maps/contrib/115068708899428168421/reviews?hl=en-US","Review_time":"5 years ago","Review":"","Likes":""},{"Name":"","Category":"","Rating":" 5 stars ","Number_of_Reviews":"","Address":"","Reviewer":"Landon He","Reviewer_page":"https://www.google.com/maps/contrib/107496106015973749177/reviews?hl=en-US","Review_time":"7 months ago","Review":"","Likes":""},{"Name":"","Category":"","Rating":" 5 stars ","Number_of_Reviews":"","Address":"","Reviewer":"Billy Miller","Reviewer_page":"https://www.google.com/maps/contrib/103929066408070576929/reviews?hl=en-US","Review_time":"2 years ago","Review":"","Likes":""},{"Name":"","Category":"","Rating":" 3 stars ","Number_of_Reviews":"","Address":"","Reviewer":"Fatmata Camara","Reviewer_page":"https://www.google.com/maps/contrib/104397351589022023203/reviews?hl=en-US","Review_time":"4 years ago","Review":"","Likes":""},{"Name":"","Category":"","Rating":" 4 stars ","Number_of_Reviews":"","Address":"","Reviewer":"Anu Dahanayaka","Reviewer_page":"https://www.google.com/maps/contrib/101161011655685032658/reviews?hl=en-US","Review_time":"8 months ago","Review":"","Likes":""},{"Name":"","Category":"","Rating":" 5 stars ","Number_of_Reviews":"","Address":"","Reviewer":"Brit Cowan","Reviewer_page":"https://www.google.com/maps/contrib/116801874573506684543/reviews?hl=en-US","Review_time":"4 years ago","Review":"","Likes":""},{"Name":"","Category":"","Rating":" 5 stars ","Number_of_Reviews":"","Address":"","Reviewer":"Terrance Wilson","Reviewer_page":"https://www.google.com/maps/contrib/106478114355062647128/reviews?hl=en-US","Review_time":"3 years ago","Review":"","Likes":""},{"Name":"","Category":"","Rating":" 4 stars ","Number_of_Reviews":"","Address":"","Reviewer":"Daniella","Reviewer_page":"https://www.google.com/maps/contrib/113999615728983709265/reviews?hl=en-US","Review_time":"3 years ago","Review":"","Likes":""},{"Name":"","Category":"","Rating":" 5 stars ","Number_of_Reviews":"","Address":"","Reviewer":"March Aguirre","Reviewer_page":"https://www.google.com/maps/contrib/115273387972847758465/reviews?hl=en-US","Review_time":"3 years ago","Review":"","Likes":""},{"Name":"","Category":"","Rating":" 5 stars ","Number_of_Reviews":"","Address":"","Reviewer":"Adrian Soto","Reviewer_page":"https://www.google.com/maps/contrib/116908219188347090463/reviews?hl=en-US","Review_time":"4 years ago","Review":"","Likes":""},{"Name":"","Category":"","Rating":" 4 stars ","Number_of_Reviews":"","Address":"","Reviewer":"Andrew Telesco","Reviewer_page":"https://www.google.com/maps/contrib/116668132277834585368/reviews?hl=en-US","Review_time":"5 years ago","Review":"","Likes":""},{"Name":"","Category":"","Rating":" 5 stars ","Number_of_Reviews":"","Address":"","Reviewer":"Elysa Katz","Reviewer_page":"https://www.google.com/maps/contrib/101416578722791713884/reviews?hl=en-US","Review_time":"2 years ago","Review":"","Likes":""},{"Name":"","Category":"","Rating":" 5 stars ","Number_of_Reviews":"","Address":"","Reviewer":"CoffeeGoatRadio","Reviewer_page":"https://www.google.com/maps/contrib/104933820599146732440/reviews?hl=en-US","Review_time":"3 years ago","Review":"","Likes":""},{"Name":"","Category":"","Rating":" 5 stars ","Number_of_Reviews":"","Address":"","Reviewer":"Armando Burgos","Reviewer_page":"https://www.google.com/maps/contrib/114524694833952972214/reviews?hl=en-US","Review_time":"5 years ago","Review":"","Likes":""},{"Name":"","Category":"","Rating":" 5 stars ","Number_of_Reviews":"","Address":"","Reviewer":"James LaFond","Reviewer_page":"https://www.google.com/maps/contrib/102218235065713361728/reviews?hl=en-US","Review_time":"5 years ago","Review":"","Likes":""},{"Name":"","Category":"","Rating":" 4 stars ","Number_of_Reviews":"","Address":"","Reviewer":"חנן גרינווד","Reviewer_page":"https://www.google.com/maps/contrib/100186099962361967450/reviews?hl=en-US","Review_time":"3 years ago","Review":"","Likes":""},{"Name":"","Category":"","Rating":" 5 stars ","Number_of_Reviews":"","Address":"","Reviewer":"Addison Carpenter","Reviewer_page":"https://www.google.com/maps/contrib/105831499263544553637/reviews?hl=en-US","Review_time":"3 years ago","Review":"","Likes":""},{"Name":"","Category":"","Rating":" 5 stars ","Number_of_Reviews":"","Address":"","Reviewer":"Joanne Agresta","Reviewer_page":"https://www.google.com/maps/contrib/112655377430840763929/reviews?hl=en-US","Review_time":"10 months ago","Review":"","Likes":""},{"Name":"","Category":"","Rating":" 4 stars ","Number_of_Reviews":"","Address":"","Reviewer":"marylyn austrie","Reviewer_page":"https://www.google.com/maps/contrib/100237572713103218055/reviews?hl=en-US","Review_time":"4 years ago","Review":"","Likes":""},{"Name":"","Category":"","Rating":" 5 stars ","Number_of_Reviews":"","Address":"","Reviewer":"Elizabeth Bitterman","Reviewer_page":"https://www.google.com/maps/contrib/111672898384259904725/reviews?hl=en-US","Review_time":"4 years ago","Review":"","Likes":""},{"Name":"","Category":"","Rating":" 5 stars ","Number_of_Reviews":"","Address":"","Reviewer":"Aditi Bajpayi","Reviewer_page":"https://www.google.com/maps/contrib/111585433407221598146/reviews?hl=en-US","Review_time":"2 years ago","Review":"","Likes":""},{"Name":"","Category":"","Rating":" 5 stars ","Number_of_Reviews":"","Address":"","Reviewer":"Clayton Rodriguez","Reviewer_page":"https://www.google.com/maps/contrib/106054632277746080169/reviews?hl=en-US","Review_time":"5 years ago","Review":"","Likes":""},{"Name":"","Category":"","Rating":" 5 stars ","Number_of_Reviews":"","Address":"","Reviewer":"Timothy Pavlacka","Reviewer_page":"https://www.google.com/maps/contrib/105702478478843101273/reviews?hl=en-US","Review_time":"a year ago","Review":"","Likes":""},{"Name":"","Category":"","Rating":" 5 stars ","Number_of_Reviews":"","Address":"","Reviewer":"Silvia Colombo","Reviewer_page":"https://www.google.com/maps/contrib/113145397724951754621/reviews?hl=en-US","Review_time":"2 years ago","Review":"","Likes":""},{"Name":"","Category":"","Rating":" 3 stars ","Number_of_Reviews":"","Address":"","Reviewer":"Andrew Ippoliti","Reviewer_page":"https://www.google.com/maps/contrib/104373455760175942463/reviews?hl=en-US","Review_time":"4 years ago","Review":"","Likes":""},{"Name":"","Category":"","Rating":" 5 stars ","Number_of_Reviews":"","Address":"","Reviewer":"Cosmin Maiorescu","Reviewer_page":"https://www.google.com/maps/contrib/102340844866479601750/reviews?hl=en-US","Review_time":"a year ago","Review":"","Likes":""},{"Name":"","Category":"","Rating":" 5 stars ","Number_of_Reviews":"","Address":"","Reviewer":"Sukhrob Nurullaev","Reviewer_page":"https://www.google.com/maps/contrib/106094192009945451315/reviews?hl=en-US","Review_time":"4 years ago","Review":"","Likes":""},{"Name":"","Category":"","Rating":" 5 stars ","Number_of_Reviews":"","Address":"","Reviewer":"david deans","Reviewer_page":"https://www.google.com/maps/contrib/104754531136633267145/reviews?hl=en-US","Review_time":"3 years ago","Review":"","Likes":""},{"Name":"","Category":"","Rating":" 5 stars ","Number_of_Reviews":"","Address":"","Reviewer":"Trang Nguyen","Reviewer_page":"https://www.google.com/maps/contrib/103542179142686801292/reviews?hl=en-US","Review_time":"a month ago","Review":"","Likes":""},{"Name":"","Category":"","Rating":" 5 stars ","Number_of_Reviews":"","Address":"","Reviewer":"Trung Tieu","Reviewer_page":"https://www.google.com/maps/contrib/117770282753768574987/reviews?hl=en-US","Review_time":"2 years ago","Review":"","Likes":""},{"Name":"","Category":"","Rating":" 3 stars ","Number_of_Reviews":"","Address":"","Reviewer":"Nicole Brinson","Reviewer_page":"https://www.google.com/maps/contrib/113632620152554782672/reviews?hl=en-US","Review_time":"7 years ago","Review":"","Likes":""},{"Name":"","Category":"","Rating":" 5 stars ","Number_of_Reviews":"","Address":"","Reviewer":"David Kerievsky","Reviewer_page":"https://www.google.com/maps/contrib/115746137519668806053/reviews?hl=en-US","Review_time":"2 years ago","Review":"","Likes":""},{"Name":"","Category":"","Rating":" 5 stars ","Number_of_Reviews":"","Address":"","Reviewer":"Donna Kelley","Reviewer_page":"https://www.google.com/maps/contrib/110905469970097662935/reviews?hl=en-US","Review_time":"2 years ago","Review":"","Likes":""},{"Name":"","Category":"","Rating":" 4 stars ","Number_of_Reviews":"","Address":"","Reviewer":"vladimir vizcaya (Vlad Chillin)","Reviewer_page":"https://www.google.com/maps/contrib/101571907687486514730/reviews?hl=en-US","Review_time":"5 months ago","Review":"","Likes":""},{"Name":"","Category":"","Rating":" 4 stars ","Number_of_Reviews":"","Address":"","Reviewer":"alessio sbrana","Reviewer_page":"https://www.google.com/maps/contrib/116450928172209235433/reviews?hl=en-US","Review_time":"4 years ago","Review":"","Likes":""},{"Name":"","Category":"","Rating":" 5 stars ","Number_of_Reviews":"","Address":"","Reviewer":"Emőke Titkó","Reviewer_page":"https://www.google.com/maps/contrib/101333104236179466892/reviews?hl=en-US","Review_time":"6 years ago","Review":"","Likes":""},{"Name":"","Category":"","Rating":" 5 stars ","Number_of_Reviews":"","Address":"","Reviewer":"Allison Dickstein","Reviewer_page":"https://www.google.com/maps/contrib/110159759046759445247/reviews?hl=en-US","Review_time":"4 years ago","Review":"","Likes":""},{"Name":"","Category":"","Rating":" 4 stars ","Number_of_Reviews":"","Address":"","Reviewer":"David Olausson","Reviewer_page":"https://www.google.com/maps/contrib/109392689059179842073/reviews?hl=en-US","Review_time":"5 years ago","Review":"","Likes":""},{"Name":"","Category":"","Rating":" 5 stars ","Number_of_Reviews":"","Address":"","Reviewer":"Clayton Rodriguez","Reviewer_page":"https://www.google.com/maps/contrib/100180236155900795582/reviews?hl=en-US","Review_time":"5 years ago","Review":"","Likes":""},{"Name":"","Category":"","Rating":" 3 stars ","Number_of_Reviews":"","Address":"","Reviewer":"Todd Goldman","Reviewer_page":"https://www.google.com/maps/contrib/113734439757886733872/reviews?hl=en-US","Review_time":"5 years ago","Review":"","Likes":""},{"Name":"","Category":"","Rating":" 5 stars ","Number_of_Reviews":"","Address":"","Reviewer":"Kevin Wall","Reviewer_page":"https://www.google.com/maps/contrib/104742810740885548021/reviews?hl=en-US","Review_time":"7 years ago","Review":"","Likes":""},{"Name":"","Category":"","Rating":" 5 stars ","Number_of_Reviews":"","Address":"","Reviewer":"Christian Reyes","Reviewer_page":"https://www.google.com/maps/contrib/114743330592145270982/reviews?hl=en-US","Review_time":"3 years ago","Review":"","Likes":""},{"Name":"","Category":"","Rating":" 3 stars ","Number_of_Reviews":"","Address":"","Reviewer":"Ed 1","Reviewer_page":"https://www.google.com/maps/contrib/116909695637076361279/reviews?hl=en-US","Review_time":"2 years ago","Review":"","Likes":""},{"Name":"","Category":"","Rating":" 5 stars ","Number_of_Reviews":"","Address":"","Reviewer":"Bill Young","Reviewer_page":"https://www.google.com/maps/contrib/111483788926970272541/reviews?hl=en-US","Review_time":"3 years ago","Review":"","Likes":""},{"Name":"","Category":"","Rating":" 5 stars ","Number_of_Reviews":"","Address":"","Reviewer":"Daniella Lopez","Reviewer_page":"https://www.google.com/maps/contrib/105468423506012883320/reviews?hl=en-US","Review_time":"a year ago","Review":"","Likes":""},{"Name":"","Category":"","Rating":" 1 star ","Number_of_Reviews":"","Address":"","Reviewer":"Ali Yildirim","Reviewer_page":"https://www.google.com/maps/contrib/100088627300135408615/reviews?hl=en-US","Review_time":"2 years ago","Review":"","Likes":""},{"Name":"","Category":"","Rating":" 4 stars ","Number_of_Reviews":"","Address":"","Reviewer":"David Meni","Reviewer_page":"https://www.google.com/maps/contrib/114563369017314335865/reviews?hl=en-US","Review_time":"7 months ago","Review":"","Likes":""},{"Name":"","Category":"","Rating":" 4 stars ","Number_of_Reviews":"","Address":"","Reviewer":"Genevieve Catherine","Reviewer_page":"https://www.google.com/maps/contrib/100806729961562440803/reviews?hl=en-US","Review_time":"4 years ago","Review":"","Likes":""},{"Name":"","Category":"","Rating":" 5 stars ","Number_of_Reviews":"","Address":"","Reviewer":"enrique quezada","Reviewer_page":"https://www.google.com/maps/contrib/106354719356456763246/reviews?hl=en-US","Review_time":"5 years ago","Review":"","Likes":""},{"Name":"","Category":"","Rating":" 5 stars ","Number_of_Reviews":"","Address":"","Reviewer":"peter alvarez","Reviewer_page":"https://www.google.com/maps/contrib/116659838670678694142/reviews?hl=en-US","Review_time":"3 years ago","Review":"","Likes":""},{"Name":"","Category":"","Rating":" 2 stars ","Number_of_Reviews":"","Address":"","Reviewer":"Joel Tejada","Reviewer_page":"https://www.google.com/maps/contrib/110656725339060475650/reviews?hl=en-US","Review_time":"6 months ago","Review":"","Likes":""},{"Name":"","Category":"","Rating":" 5 stars ","Number_of_Reviews":"","Address":"","Reviewer":"Cynthia Brown","Reviewer_page":"https://www.google.com/maps/contrib/111286417444327886365/reviews?hl=en-US","Review_time":"3 years ago","Review":"","Likes":""},{"Name":"","Category":"","Rating":" 5 stars ","Number_of_Reviews":"","Address":"","Reviewer":"philip doherty","Reviewer_page":"https://www.google.com/maps/contrib/105047460848243833262/reviews?hl=en-US","Review_time":"a year ago","Review":"","Likes":""},{"Name":"","Category":"","Rating":" 3 stars ","Number_of_Reviews":"","Address":"","Reviewer":"julie driancourt","Reviewer_page":"https://www.google.com/maps/contrib/114231768524705855015/reviews?hl=en-US","Review_time":"2 years ago","Review":"","Likes":""},{"Name":"","Category":"","Rating":" 5 stars ","Number_of_Reviews":"","Address":"","Reviewer":"John Bato (JBLuv)","Reviewer_page":"https://www.google.com/maps/contrib/108718656993155036973/reviews?hl=en-US","Review_time":"7 months ago","Review":"","Likes":""},{"Name":"","Category":"","Rating":" 5 stars ","Number_of_Reviews":"","Address":"","Reviewer":"Stu Dent","Reviewer_page":"https://www.google.com/maps/contrib/103566330766648693913/reviews?hl=en-US","Review_time":"2 years ago","Review":"","Likes":""},{"Name":"","Category":"","Rating":" 4 stars ","Number_of_Reviews":"","Address":"","Reviewer":"Oleg Shchegolev","Reviewer_page":"https://www.google.com/maps/contrib/113164180565941436280/reviews?hl=en-US","Review_time":"3 years ago","Review":"","Likes":""},{"Name":"","Category":"","Rating":" 3 stars ","Number_of_Reviews":"","Address":"","Reviewer":"Tomislav Stanimirovic","Reviewer_page":"https://www.google.com/maps/contrib/106511409285355064912/reviews?hl=en-US","Review_time":"6 years ago","Review":"","Likes":""},{"Name":"","Category":"","Rating":" 4 stars ","Number_of_Reviews":"","Address":"","Reviewer":"JJ Zamora","Reviewer_page":"https://www.google.com/maps/contrib/109376512412041501499/reviews?hl=en-US","Review_time":"a year ago","Review":"","Likes":""},{"Name":"","Category":"","Rating":" 5 stars ","Number_of_Reviews":"","Address":"","Reviewer":"Paul Birrell","Reviewer_page":"https://www.google.com/maps/contrib/109570889485242016344/reviews?hl=en-US","Review_time":"a year ago","Review":"","Likes":""},{"Name":"","Category":"","Rating":" 5 stars ","Number_of_Reviews":"","Address":"","Reviewer":"Garrett Eucker","Reviewer_page":"https://www.google.com/maps/contrib/111371327744299478020/reviews?hl=en-US","Review_time":"4 years ago","Review":"","Likes":""},{"Name":"","Category":"","Rating":" 5 stars ","Number_of_Reviews":"","Address":"","Reviewer":"Ron Currie","Reviewer_page":"https://www.google.com/maps/contrib/101618034143673835353/reviews?hl=en-US","Review_time":"4 years ago","Review":"","Likes":""},{"Name":"","Category":"","Rating":" 5 stars ","Number_of_Reviews":"","Address":"","Reviewer":"Alex G","Reviewer_page":"https://www.google.com/maps/contrib/107628973788116116831/reviews?hl=en-US","Review_time":"4 years ago","Review":"","Likes":""},{"Name":"","Category":"","Rating":" 5 stars ","Number_of_Reviews":"","Address":"","Reviewer":"מוריה קור","Reviewer_page":"https://www.google.com/maps/contrib/108390930154096843299/reviews?hl=en-US","Review_time":"4 years ago","Review":"","Likes":""},{"Name":"","Category":"","Rating":" 5 stars ","Number_of_Reviews":"","Address":"","Reviewer":"David Reiter","Reviewer_page":"https://www.google.com/maps/contrib/102382856676111118538/reviews?hl=en-US","Review_time":"4 years ago","Review":"","Likes":""},{"Name":"","Category":"","Rating":" 5 stars ","Number_of_Reviews":"","Address":"","Reviewer":"Angelo Sorzi","Reviewer_page":"https://www.google.com/maps/contrib/101891884191347905705/reviews?hl=en-US","Review_time":"3 years ago","Review":"","Likes":""},{"Name":"","Category":"","Rating":" 3 stars ","Number_of_Reviews":"","Address":"","Reviewer":"Christopher Shaw","Reviewer_page":"https://www.google.com/maps/contrib/102619798737808391377/reviews?hl=en-US","Review_time":"4 years ago","Review":"","Likes":""}