[{"Name":"","Category":"","Rating":" 1 star ","Number_of_Reviews":"","Address":"","Reviewer":"Samten Choephel","Reviewer_page":"https://www.google.com/maps/contrib/116187350473968470408/reviews?hl=en-US","Review_time":"a week ago","Review":"I ordered an English breakfast latte without foam, but when my order came, it’s with foam and I asked them that I don’t want foam. Barista took my tea back and make it without foam, but he didn’t brew my tea first. Tea suppose to brewed first and then add the milk. If you don’t brew the tea, then there is no tea taste.I asked another barista how do you make latte? He said have to brewed tea first, but mine didn’t brewed. And the barista wasn’t happy when I asked I want my tea without foam.","Likes":""},{"Name":"","Category":"","Rating":" 4 stars ","Number_of_Reviews":"","Address":"","Reviewer":"Mark Thornton","Reviewer_page":"https://www.google.com/maps/contrib/110872765753988855740/reviews?hl=en-US","Review_time":"4 years ago","Review":"Grabbed coffee here and it was an average experience —nothing too much to get excited about.  The service was quick and efficient, and staff friendly and polite.\n\nGreat location for where I was staying, though that said, you can’t walk 5 meters in New York without passing a coffee shop so I’m not sure the location counts.\n\nThe prices were pretty reasonable and not too much more than the in smaller cities.\n\nGood sized store with a great variety, though no seating inside or out.  Only complaint is that they don’t open until 5:30 —come on Starbucks, isn’t this place supposed to be a 24/7 city...","Likes":"1"},{"Name":"","Category":"","Rating":" 5 stars ","Number_of_Reviews":"","Address":"","Reviewer":"HK","Reviewer_page":"https://www.google.com/maps/contrib/106962774548230938605/reviews?hl=en-US","Review_time":"7 months ago","Review":"I just got some coffee from here today which was good as usual. However, I was really happy due to the cashier(I don't remember his name but he was great). My younger sister wanted a pink Cake pop but they had none. They went out of their way after seeing my younger sister upset to get her some from the back. It just made my day:) great staff!","Likes":""},{"Name":"","Category":"","Rating":" 5 stars ","Number_of_Reviews":"","Address":"","Reviewer":"miguel mancia","Reviewer_page":"https://www.google.com/maps/contrib/105306749630534972184/reviews?hl=en-US","Review_time":"7 months ago","Review":"This Starbucks is great. Fernando and his team do a great job of welcoming you. It is a smaller store so if you’re going in the morning, it will be extra packed. Give your order time. There isn’t a restroom but there’s one in Bryant Park so it’s not that bad.","Likes":""},{"Name":"","Category":"","Rating":" 5 stars ","Number_of_Reviews":"","Address":"","Reviewer":"Gurleen","Reviewer_page":"https://www.google.com/maps/contrib/109222121132207377373/reviews?hl=en-US","Review_time":"2 years ago","Review":"We have been in quarantine for the last 8 weeks in NYC and everything has been shutdown. This is the first Starbucks I saw open while walking my dog and I almost cried! I appreciate the small thing now, things we took for granted.\n\nThere were two couples on the line in front of me and everyone was wearing masks (including myself). I placed my order on my mobile app and my order was ready writhing 4 mins of me being there. You aren’t allowed to go inside so they have set up a table by the door where they place your order.\n\nSuch a great system!! Well done Starbucks!! Thank you for reopening again in New York and thank you to everyone who is working. We appreciate you all!!\n\nIG-@traveleen_gurl","Likes":"1"},{"Name":"","Category":"","Rating":" 5 stars ","Number_of_Reviews":"","Address":"","Reviewer":"Desmond Alque","Reviewer_page":"https://www.google.com/maps/contrib/111689531064395119483/reviews?hl=en-US","Review_time":"5 months ago","Review":"The staff was very nice and dud a great job. And don't forget to post your post it notes on thier post it notes wall!","Likes":""},{"Name":"","Category":"","Rating":" 2 stars ","Number_of_Reviews":"","Address":"","Reviewer":"Saurabh Wani","Reviewer_page":"https://www.google.com/maps/contrib/110215805294515546029/reviews?hl=en-US","Review_time":"4 months ago","Review":"It’s Starbucks, if you like it, like it else it’s bad coffee. But the real reason many people like me go to Starbucks is for the Wi-Fi and the nice environment to get some work done.\n\nThis outlet didn’t have a single chair for anyone to sit and that is disservice.","Likes":""},{"Name":"","Category":"","Rating":" 5 stars ","Number_of_Reviews":"","Address":"","Reviewer":"Victoria Fazio","Reviewer_page":"https://www.google.com/maps/contrib/108073455562351521743/reviews?hl=en-US","Review_time":"2 months ago","Review":"Came in this morning for breakfast and being tourists they were VERY patient, friendly and kind.  Great service and the music was the best I’ve heard in any Starbucks anywhere for the AM.  Coming back tomorrow!!!!","Likes":""},{"Name":"","Category":"","Rating":" 5 stars ","Number_of_Reviews":"","Address":"","Reviewer":"Eric Mong","Reviewer_page":"https://www.google.com/maps/contrib/104951895586373721991/reviews?hl=en-US","Review_time":"4 months ago","Review":"Management runs a tight ship in the mornings. All the staff are tremendously friendly and helpful...and handles the morning chaos well. Good job team!","Likes":""},{"Name":"","Category":"","Rating":" 3 stars ","Number_of_Reviews":"","Address":"","Reviewer":"Bruce Waldner","Reviewer_page":"https://www.google.com/maps/contrib/116674189310749888899/reviews?hl=en-US","Review_time":"a year ago","Review":"Really just for mobile and take away orders. No sitting area but that could be a COVID precaution. They forgot our food order and we had to wait a long time for it.","Likes":"1"},{"Name":"","Category":"","Rating":" 1 star ","Number_of_Reviews":"","Address":"","Reviewer":"小咪咪","Reviewer_page":"https://www.google.com/maps/contrib/103812855075936073871/reviews?hl=en-US","Review_time":"6 months ago","Review":"It tastes good, but I forgot to tell her to put some chocolate on it. When I asked her if she could put some chocolate on top? She was very angry, her face was very unhappy, and all the resentment was written on her beautiful face. Her resentment has been put in the coffee I ordered. I am surprised. Why does she look so angry? Work should be friendly and enthusiastic. If not, it should not look like resentment. I think she should go home and lie down so that she doesn't complain or get upset.","Likes":""},{"Name":"","Category":"","Rating":" 5 stars ","Number_of_Reviews":"","Address":"","Reviewer":"Everybody's YouTube","Reviewer_page":"https://www.google.com/maps/contrib/104323906092188655512/reviews?hl=en-US","Review_time":"7 months ago","Review":"I love the service here. The girl at the register was super sweet and although I ordered a caramel macchiato with whip cream and didn't get whip cream, when I asked the guy for some whip he was very nice about it. That's rare around here so its well appreciated!","Likes":""},{"Name":"","Category":"","Rating":" 1 star ","Number_of_Reviews":"","Address":"","Reviewer":"गणेश लाल","Reviewer_page":"https://www.google.com/maps/contrib/109836514138477933336/reviews?hl=en-US","Review_time":"4 years ago","Review":"A fly was seen in this glass case. Told the barrister who took my order and no response from him. Told the one who gave me my bagel and was told, \"it's ok, items in there are just for display.\"  That's where we look to decide what to order. If a fly is in there...  What message does it send to the consumer.","Likes":"1"},{"Name":"","Category":"","Rating":" 5 stars ","Number_of_Reviews":"","Address":"","Reviewer":"Paul","Reviewer_page":"https://www.google.com/maps/contrib/103739585002838717722/reviews?hl=en-US","Review_time":"2 months ago","Review":"Staff was great and best music from any Starbucks I have been in.","Likes":""},{"Name":"","Category":"","Rating":" 5 stars ","Number_of_Reviews":"","Address":"","Reviewer":"Leah Hall","Reviewer_page":"https://www.google.com/maps/contrib/111040758980502280492/reviews?hl=en-US","Review_time":"6 months ago","Review":"Fernando is so so nice! I (so stupidly) ordered to the wrong Starbucks and he was so nice and got me my drinks in record time and was so understanding about the whole thing. 10/10!!!","Likes":""},{"Name":"","Category":"","Rating":" 5 stars ","Number_of_Reviews":"","Address":"","Reviewer":"Jessica Wolff","Reviewer_page":"https://www.google.com/maps/contrib/115751534941713225504/reviews?hl=en-US","Review_time":"2 years ago","Review":"Went here for a bogo with team members.  We have \"frappuccinos for happiness\" when we need a pick me up on particularly stressful days at work.  Just fyi you need the app to get the promotion at this location and the barista and cashier were amazingly helpful.  My drink was super sweet & my name is not Chelsea!\n\nAlso the entry door looks like it should open the opposite direction! That was a added laugh.  Now we're happy so five stars!","Likes":"1"},{"Name":"","Category":"","Rating":" 5 stars ","Number_of_Reviews":"","Address":"","Reviewer":"Maggie Carlin","Reviewer_page":"https://www.google.com/maps/contrib/104001611923334794176/reviews?hl=en-US","Review_time":"7 months ago","Review":"Come here if you want a creative drink made but only when you see Micah (one of the partners on bar). He always goes above and beyond when I need my pick me up drink (I wish I could tell you my difficult drink order but its too long to type lol.)","Likes":""},{"Name":"","Category":"","Rating":" 2 stars ","Number_of_Reviews":"","Address":"","Reviewer":"Adele H Rahte","Reviewer_page":"https://www.google.com/maps/contrib/108293363885318832487/reviews?hl=en-US","Review_time":"a year ago","Review":"Why do these Starbucks blast music in their shops? Combine that with the plastic shield and face masks makes hearing the server as well as the server understanding the customers order a nearly unbearable experience. One needs to yell and repeat. Clearly the franchise owners never experience this issue for if they did this problem would be fixed.","Likes":""},{"Name":"","Category":"","Rating":" 4 stars ","Number_of_Reviews":"","Address":"","Reviewer":"Scott","Reviewer_page":"https://www.google.com/maps/contrib/110661951617374454080/reviews?hl=en-US","Review_time":"a year ago","Review":"No complaints. Nice Starbucks across from Bryant Park. There are several places on this corner to get coffee, snacks, and pastries. If you're needing something good and consistent, I recommend this little Starbucks. Service was fast and friendly. Coffee was made to perfection. And everyone was carefully adhering to COVID 19 safety. No indoor dining May 2021, but Bryant Park is 2 minutes away.","Likes":""},{"Name":"","Category":"","Rating":" 5 stars ","Number_of_Reviews":"","Address":"","Reviewer":"Nate Roundy","Reviewer_page":"https://www.google.com/maps/contrib/106878932224098222737/reviews?hl=en-US","Review_time":"2 months ago","Review":"Awesome Starbucks and very friendly and fasts staff.","Likes":""},{"Name":"","Category":"","Rating":" 2 stars ","Number_of_Reviews":"","Address":"","Reviewer":"Will Koehrsen","Reviewer_page":"https://www.google.com/maps/contrib/114972826025981114750/reviews?hl=en-US","Review_time":"3 years ago","Review":"A typical Starbucks location featuring the same exact coffee as every other Starbucks store. This location can be very busy and I would try to avoid during peak hours- early morning and evenings. Overall, if you like Starbucks, then you'll enjoy this location, but for those of us who don't want to pay $5 for an average cup of coffee, there are plenty of smaller, independent options in the area with better service and coffee and that are usually less busy.","Likes":""},{"Name":"","Category":"","Rating":" 1 star ","Number_of_Reviews":"","Address":"","Reviewer":"himakima","Reviewer_page":"https://www.google.com/maps/contrib/109488261542393260312/reviews?hl=en-US","Review_time":"6 years ago","Review":"Went here to get the coffee traveler. Took them the longest time to make it. They didn't even have the box for coffee traveler in their store. It took them 40 minutes! Moreover they gave my small cups and I wanted larger cups, but they wouldn't give it to me. The person serving me was extremely rude and asked for extra money if I wanted medium cups. He acted like he didn't want me to come back again.\nMy friend bought the coffee traveler at another Starbucks location near Bryant Park and had no trouble. She received her order at a reasonable time. The person even gave her large cups and gave her another 2 cups filled with milk for no extra charge. Really disliked the service at this store...","Likes":"1"},{"Name":"","Category":"","Rating":" 5 stars ","Number_of_Reviews":"","Address":"","Reviewer":"Paul Hayes","Reviewer_page":"https://www.google.com/maps/contrib/101770295804864970836/reviews?hl=en-US","Review_time":"2 years ago","Review":"It's a starbucks, what do you want? The service staff was nice and friendly. Drinks were good as always. The drgaonfruit lemonade tea has me. I don't drink coffee but this tea is amazing and I highly recommend it. Like any starbucks waiting time can very depending on the time of the day. Get the app and order in advance or on your way there and get rewards points... I've had over a dozen free drinks.","Likes":""},{"Name":"","Category":"","Rating":" 4 stars ","Number_of_Reviews":"","Address":"","Reviewer":"David Santos","Reviewer_page":"https://www.google.com/maps/contrib/114018882010877001722/reviews?hl=en-US","Review_time":"6 months ago","Review":"It's a good location, besides the hot chocolate was really good.","Likes":""},{"Name":"","Category":"","Rating":" 4 stars ","Number_of_Reviews":"","Address":"","Reviewer":"Evan Bindz","Reviewer_page":"https://www.google.com/maps/contrib/116609849057427919878/reviews?hl=en-US","Review_time":"6 years ago","Review":"Baristas are very nice, they memorized my order after less than a week. Service can be slow at times; I'd recommend ordering through the app if possible. They are also more than willing to resolve any issues quickly. Main complaint is there's no place to site, just a small standing table.","Likes":""},{"Name":"","Category":"","Rating":" 4 stars ","Number_of_Reviews":"","Address":"","Reviewer":"Justin Stander","Reviewer_page":"https://www.google.com/maps/contrib/107188157428317582958/reviews?hl=en-US","Review_time":"2 years ago","Review":"I went here because I needed to have a Starbucks coffee in my hands. I didn't want to be looked down upon by the turbo stylish and wealthy as drinking good but inexpensive coffee.\n\nIt's bad enough I don't have AirPods. I can't be seen with cheap coffee. The billionaires will pick on me.","Likes":""},{"Name":"","Category":"","Rating":" 4 stars ","Number_of_Reviews":"","Address":"","Reviewer":"Phillip Kwong","Reviewer_page":"https://www.google.com/maps/contrib/103136752684232218800/reviews?hl=en-US","Review_time":"2 years ago","Review":"The staff is nice and friendly, however the place is small.  This place is for those who want a quick Starbuck fix and will head out with a cup.  If however, you are expecting a place to sit down and talk, this is not the place.","Likes":""},{"Name":"","Category":"","Rating":" 2 stars ","Number_of_Reviews":"","Address":"","Reviewer":"Mike Cavanaugh","Reviewer_page":"https://www.google.com/maps/contrib/108751654916764454171/reviews?hl=en-US","Review_time":"4 years ago","Review":"Either the staff is not capable of handling a morning rush or Starbucks needs to tweak how their app estimates order preparation timing. For the past 2 or 3 months I've noticed that mobile app orders that should take 2-5 minutes routinely take 15-30 minutes. Walk a few more blocks and find another location.","Likes":"1"},{"Name":"","Category":"","Rating":" 1 star ","Number_of_Reviews":"","Address":"","Reviewer":"Asia Xx","Reviewer_page":"https://www.google.com/maps/contrib/111350618646617737811/reviews?hl=en-US","Review_time":"3 years ago","Review":"Avoid this location by all means necessary. Extremely rude and clearly they need some training in treating all of their customers with the same respect. It was painfully clear that the white tourists were getting first dibs on all orders, to the point that I ordered a tall caramel frap and I saw my name on the cup before they even poured it in, only for the sticker to be torn off so it could be given to someone who ordered after me, because they were falling behind and wanted to make sure the white people were taken better care of I guess. Pointed it out and was told I was just mistaken. But then when \"my\" frap came there was no name on it at all. I only wish I got a picture of the woman who did it, unfortunately since I'm never going back there I guess she'll remain unidentified.","Likes":""},{"Name":"","Category":"","Rating":" 5 stars ","Number_of_Reviews":"","Address":"","Reviewer":"Eva Clas","Reviewer_page":"https://www.google.com/maps/contrib/100433397298859899567/reviews?hl=en-US","Review_time":"10 months ago","Review":"Let me tell you all!!!!\nCam (one of the partner) just made my day, they made my favorite drink so good!!!","Likes":""},{"Name":"","Category":"","Rating":" 1 star ","Number_of_Reviews":"","Address":"","Reviewer":"Jackie Ionin","Reviewer_page":"https://www.google.com/maps/contrib/112431228583562914662/reviews?hl=en-US","Review_time":"6 years ago","Review":"Legitimately the worst Starbucks ever. Slow, lazy, rude, more interested in chatting with each other and hanging out then acknowledging that customers are waiting in front of their face, chatting instead of making orders that are waiting, never pay attention to orders or make them correctly. I order a sandwich with no cheese and unless I hover over them and catch them putting it in with the cheese, it ALWAYS has to be remade despite the label being correct bc they just don't pay attention or care. I come here almost every morning (unfortunately) because it is the door next to, and essentially within, my office building, so it SHOULD be convenient but I am considering walking an avenue or so further bc this place is irritatingly terrible. Would give it zero stars if possible.","Likes":""},{"Name":"","Category":"","Rating":" 1 star ","Number_of_Reviews":"","Address":"","Reviewer":"Ashley Emma Shahid","Reviewer_page":"https://www.google.com/maps/contrib/111252783398976501124/reviews?hl=en-US","Review_time":"4 years ago","Review":"This is by far the worst Starbucks in NYC if not the world. I place a mobile order BEFORE I get on the subway around 8:15 and get there around 8:50 and it’s STILL NOT EVEN BEING MADE. I’ve wasted over $100 dollars on these orders. I understand it’s a busy area with an influx of people but I don’t understand why employees are standing around doing nothing or why a 40 minute old order is not prepared. Do better.\n\nUpdate: this location is still treacherous. Thanks!","Likes":"2"},{"Name":"","Category":"","Rating":" 3 stars ","Number_of_Reviews":"","Address":"","Reviewer":"Dan Kane","Reviewer_page":"https://www.google.com/maps/contrib/102242357564975088030/reviews?hl=en-US","Review_time":"3 years ago","Review":"Typical Starbucks experience. Got my order wrong the first time. Refund, then a 2nd try. Misunderstood me that time too. Finally got it right the third time. At least the food and coffee were good.","Likes":""},{"Name":"","Category":"","Rating":" 5 stars ","Number_of_Reviews":"","Address":"","Reviewer":"Pauline IV","Reviewer_page":"https://www.google.com/maps/contrib/116476547449227400963/reviews?hl=en-US","Review_time":"a year ago","Review":"Staff is super friendly and attentive. Was there today on a 30° day for soy hot chocolate and a sugar plum cheese Danish which was delightful!!🥐☕","Likes":""},{"Name":"","Category":"","Rating":" 1 star ","Number_of_Reviews":"","Address":"","Reviewer":"J Y","Reviewer_page":"https://www.google.com/maps/contrib/105850770125311130558/reviews?hl=en-US","Review_time":"4 years ago","Review":"I wish I had seen the poor reviews before dropping by. Slow, unfriendly service, a mix-up in orders and forgetting additional requests. One upside -- consistency in poor treatment to all customers. Everyone looked pretty dismayed.","Likes":""},{"Name":"","Category":"","Rating":" 2 stars ","Number_of_Reviews":"","Address":"","Reviewer":"First L","Reviewer_page":"https://www.google.com/maps/contrib/113994357431206014698/reviews?hl=en-US","Review_time":"3 years ago","Review":"Spacious but a little understaffed.\n\nThe cashier and two baristas completely ignored the queue of 5+ mobile orders that were sitting unfulfilled while in-person orders took precedence.","Likes":""},{"Name":"","Category":"","Rating":" 1 star ","Number_of_Reviews":"","Address":"","Reviewer":"Baron Munchausen","Reviewer_page":"https://www.google.com/maps/contrib/103062954202556696247/reviews?hl=en-US","Review_time":"5 years ago","Review":"Just left there and the latte tastes like flavored water. Should have known it would be crap when the \"barista\" was basically joking around with the other \"barista\" as if they were on a playground. Oh, and the \"tip-minder\" just popped up on my phone; hilarious. Not coming back to this one...","Likes":""},{"Name":"","Category":"","Rating":" 5 stars ","Number_of_Reviews":"","Address":"","Reviewer":"Elvis Jimenez","Reviewer_page":"https://www.google.com/maps/contrib/114339123323154895565/reviews?hl=en-US","Review_time":"4 years ago","Review":"Very freindly staff quick service","Likes":""},{"Name":"","Category":"","Rating":" 5 stars ","Number_of_Reviews":"","Address":"","Reviewer":"nikisha sylvester","Reviewer_page":"https://www.google.com/maps/contrib/115843750946412343612/reviews?hl=en-US","Review_time":"3 years ago","Review":"By far one of the best Starbucks I've been to. The staff was extremely friendly very welcoming and helpful. When I say staff mean there were tons.😊","Likes":""},{"Name":"","Category":"","Rating":" 5 stars ","Number_of_Reviews":"","Address":"","Reviewer":"Mayer Lati","Reviewer_page":"https://www.google.com/maps/contrib/114967424181407858214/reviews?hl=en-US","Review_time":"5 years ago","Review":"This is by far my favorite Starbucks store. I work 2 blocks away and literally have a starbucks down the block but they dont offer the same greeting and comfort as the employees at this Starbucks does. I want to thank Jamela, Donya, and Randy they make my drink the way I like it. The moment I walk in to pick my drink they greet me by name and you don't get that in much places. They are very efficient with how they get things done. I really hope people can come to this store and feel the same way as I do!\n\nSincerely,\nMayer Lati (your favorite custimer)","Likes":""},{"Name":"","Category":"","Rating":" 1 star ","Number_of_Reviews":"","Address":"","Reviewer":"Megan DeAngelo","Reviewer_page":"https://www.google.com/maps/contrib/102747571143394187667/reviews?hl=en-US","Review_time":"6 years ago","Review":"Freaking terrible! Aside from them being extremely slow, I ordered a flat white with almond milk and saw her make it with vanilla soy milk and announced it as a flat white with almond... ignorance is one thing, but straight out lying is another. Will never go back. I should have listed to co works and friends who warned me that this location sucked...","Likes":""},{"Name":"","Category":"","Rating":" 1 star ","Number_of_Reviews":"","Address":"","Reviewer":"Eli Henderson (Death Stroke)","Reviewer_page":"https://www.google.com/maps/contrib/106654227549165523305/reviews?hl=en-US","Review_time":"4 years ago","Review":"Online orders should be ready by the time you get there, especially if you 0rdered 10 minutes ahead of time and it's a very small order, and the store isn't even busy. They should not be just getting started when you walk in. The employees should also at the very least, know what you ordered.","Likes":"1"},{"Name":"","Category":"","Rating":" 5 stars ","Number_of_Reviews":"","Address":"","Reviewer":"Leonardo Torres","Reviewer_page":"https://www.google.com/maps/contrib/110068034998075350365/reviews?hl=en-US","Review_time":"a year ago","Review":"While there are a considerable number of excellent cafes within a 2 block radius from this location, it's always good to a have a reliable franchise to go to when the other places are crowded.","Likes":""},{"Name":"","Category":"","Rating":" 5 stars ","Number_of_Reviews":"","Address":"","Reviewer":"Pete Dee","Reviewer_page":"https://www.google.com/maps/contrib/112799500767222670127/reviews?hl=en-US","Review_time":"a year ago","Review":"Come here after work around 5 pm almost everyday and the staff is great very polite and my mobile order always waiting for me","Likes":""},{"Name":"","Category":"","Rating":" 5 stars ","Number_of_Reviews":"","Address":"","Reviewer":"CHIKITO POW","Reviewer_page":"https://www.google.com/maps/contrib/112223480978518876992/reviews?hl=en-US","Review_time":"3 years ago","Review":"Great small place for coffee","Likes":""},{"Name":"","Category":"","Rating":" 1 star ","Number_of_Reviews":"","Address":"","Reviewer":"Adeline Gray","Reviewer_page":"https://www.google.com/maps/contrib/113515058954299080888/reviews?hl=en-US","Review_time":"3 years ago","Review":"Worst starbucks ever. No bathroom, out of pumpkin spice latte, and I did not enjoy the service. Almost no seating. No trash cans... this is not a real starbucks.","Likes":""},{"Name":"","Category":"","Rating":" 1 star ","Number_of_Reviews":"","Address":"","Reviewer":"Gergana Miteva","Reviewer_page":"https://www.google.com/maps/contrib/117251745510362657145/reviews?hl=en-US","Review_time":"4 years ago","Review":"Easily the worst service, cashier forgot my order 3 Times and seemed out of it; half condiments were missing including the milk containers. No other location is as bad as this one.","Likes":"1"},{"Name":"","Category":"","Rating":" 5 stars ","Number_of_Reviews":"","Address":"","Reviewer":"Andrew Scott","Reviewer_page":"https://www.google.com/maps/contrib/113588025024019826087/reviews?hl=en-US","Review_time":"2 years ago","Review":"One of my favorite ones to visit. Quick and friendly service. All the baristas make great drinks.","Likes":""},{"Name":"","Category":"","Rating":" 1 star ","Number_of_Reviews":"","Address":"","Reviewer":"Omar C","Reviewer_page":"https://www.google.com/maps/contrib/102964465186346347772/reviews?hl=en-US","Review_time":"5 years ago","Review":"Good drinks but terrible slowwwwww service. 1 barista and 20 people waiting on line for their drinks. Cheap ass management wont have more peole on the floorr especially busy rush hour!!!!😡😡😡","Likes":""},{"Name":"","Category":"","Rating":" 1 star ","Number_of_Reviews":"","Address":"","Reviewer":"Kathleen Andrews","Reviewer_page":"https://www.google.com/maps/contrib/113638153271372675302/reviews?hl=en-US","Review_time":"6 years ago","Review":"Slow service, rotting bananas, staff is unhappy. Got my order wrong and attitude. Asked for an americano misto and they gave me coffee and told me to pour in my own milk.  😳","Likes":""},{"Name":"","Category":"","Rating":" 3 stars ","Number_of_Reviews":"","Address":"","Reviewer":"Luan Vu","Reviewer_page":"https://www.google.com/maps/contrib/116701604870414449522/reviews?hl=en-US","Review_time":"5 years ago","Review":"The ladies making the drinks are good. The guy at the register put down one shot of syrup when I asked for 4, also didn't even get my name right.","Likes":""},{"Name":"","Category":"","Rating":" 5 stars ","Number_of_Reviews":"","Address":"","Reviewer":"prince hbk","Reviewer_page":"https://www.google.com/maps/contrib/112315955624569388830/reviews?hl=en-US","Review_time":"a year ago","Review":"I loved the place its a bit tiny but iys good to grab and go","Likes":""},{"Name":"","Category":"","Rating":" 1 star ","Number_of_Reviews":"","Address":"","Reviewer":"Bob Moldashel","Reviewer_page":"https://www.google.com/maps/contrib/114502172215886874824/reviews?hl=en-US","Review_time":"6 years ago","Review":"Wow....Barrista need to get with the program.  12 people ahead of me and she is making drinks like she doesnt have a care in the world.  Walk 2 blocks in another direction and go to that Starbucks...","Likes":""},{"Name":"","Category":"","Rating":" 3 stars ","Number_of_Reviews":"","Address":"","Reviewer":"Mandar Malve","Reviewer_page":"https://www.google.com/maps/contrib/116801523140325053344/reviews?hl=en-US","Review_time":"11 months ago","Review":"Need to have access to restroom who pay for the coffee","Likes":""},{"Name":"","Category":"","Rating":" 1 star ","Number_of_Reviews":"","Address":"","Reviewer":"Erik Olsen","Reviewer_page":"https://www.google.com/maps/contrib/116870985501766266661/reviews?hl=en-US","Review_time":"2 years ago","Review":"Very rude woman at the counter.  No bathrooms. Plenty of better places to grab a cup of coffee in the city.","Likes":"1"},{"Name":"","Category":"","Rating":" 5 stars ","Number_of_Reviews":"","Address":"","Reviewer":"Chris Childs","Reviewer_page":"https://www.google.com/maps/contrib/110195903595550336838/reviews?hl=en-US","Review_time":"6 years ago","Review":"My stop on the way to work!  The new order through the app makes this so easy!! Make the order and walk in...grab my drink and walk out!","Likes":""},{"Name":"","Category":"","Rating":" 3 stars ","Number_of_Reviews":"","Address":"","Reviewer":"a1exzandra","Reviewer_page":"https://www.google.com/maps/contrib/108824306272740891228/reviews?hl=en-US","Review_time":"3 years ago","Review":"Don't come here if you're in a rush. employees are chill but not as attentive to customer wait time.","Likes":""},{"Name":"","Category":"","Rating":" 5 stars ","Number_of_Reviews":"","Address":"","Reviewer":"mostafizur kabir","Reviewer_page":"https://www.google.com/maps/contrib/116305841264884828906/reviews?hl=en-US","Review_time":"5 days ago","Review":"Excellent","Likes":""},{"Name":"","Category":"","Rating":" 3 stars ","Number_of_Reviews":"","Address":"","Reviewer":"Abhijeet Gulhane","Reviewer_page":"https://www.google.com/maps/contrib/112047172503667457201/reviews?hl=en-US","Review_time":"3 years ago","Review":"Not all options were available. No cold tea options, no crunch on Frappuccino.","Likes":""},{"Name":"","Category":"","Rating":" 5 stars ","Number_of_Reviews":"","Address":"","Reviewer":"Joanne Moore","Reviewer_page":"https://www.google.com/maps/contrib/103212886464600866349/reviews?hl=en-US","Review_time":"8 months ago","Review":"As coffee goes it was nice","Likes":""},{"Name":"","Category":"","Rating":" 5 stars ","Number_of_Reviews":"","Address":"","Reviewer":"Amelia Mercado","Reviewer_page":"https://www.google.com/maps/contrib/109688635232361647142/reviews?hl=en-US","Review_time":"5 years ago","Review":"They are the best i go to many different ones and i get the best service and professional of all and no matter how many people on line there turn around time is the best","Likes":""},{"Name":"","Category":"","Rating":" 3 stars ","Number_of_Reviews":"","Address":"","Reviewer":"Blue J.","Reviewer_page":"https://www.google.com/maps/contrib/110782270412361190037/reviews?hl=en-US","Review_time":"5 years ago","Review":"No place to sit, which is unfriendly. But the space is big and the staff there are nice","Likes":""},{"Name":"","Category":"","Rating":" 1 star ","Number_of_Reviews":"","Address":"","Reviewer":"Islam Jovany","Reviewer_page":"https://www.google.com/maps/contrib/113482717202302139755/reviews?hl=en-US","Review_time":"3 years ago","Review":"The worst experience ever, racists barista so rude and he want to start a physical fight with me because I’m speaking different language.","Likes":""},{"Name":"","Category":"","Rating":" 5 stars ","Number_of_Reviews":"","Address":"","Reviewer":"David Tha Boss","Reviewer_page":"https://www.google.com/maps/contrib/110286227777783305415/reviews?hl=en-US","Review_time":"2 years ago","Review":"The staff is friendly and nice amazing fast service","Likes":""},{"Name":"","Category":"","Rating":" 1 star ","Number_of_Reviews":"","Address":"","Reviewer":"D T","Reviewer_page":"https://www.google.com/maps/contrib/111351736677115676157/reviews?hl=en-US","Review_time":"5 years ago","Review":"This is the worst Starbucks I've ever been to. Such unprofessional and rude workers. Seriously. Who hired these employees.","Likes":""},{"Name":"","Category":"","Rating":" 1 star ","Number_of_Reviews":"","Address":"","Reviewer":"Michael Uecker","Reviewer_page":"https://www.google.com/maps/contrib/116788407669595527597/reviews?hl=en-US","Review_time":"2 years ago","Review":"Very unfriendly service, felt like I was bothering the staff with my order","Likes":""},{"Name":"","Category":"","Rating":" 1 star ","Number_of_Reviews":"","Address":"","Reviewer":"Ginger Ginger","Reviewer_page":"https://www.google.com/maps/contrib/108224658031904417753/reviews?hl=en-US","Review_time":"4 years ago","Review":"Worst Starbucks... The flavor of what I ordered is completely different from other Starbucks locations","Likes":""},{"Name":"","Category":"","Rating":" 5 stars ","Number_of_Reviews":"","Address":"","Reviewer":"Khedeen Evans","Reviewer_page":"https://www.google.com/maps/contrib/104031665426528455523/reviews?hl=en-US","Review_time":"9 months ago","Review":"Awesome and friendly crew members.","Likes":""},{"Name":"","Category":"","Rating":" 4 stars ","Number_of_Reviews":"","Address":"","Reviewer":"Mark Abady","Reviewer_page":"https://www.google.com/maps/contrib/114252126528550960234/reviews?hl=en-US","Review_time":"5 years ago","Review":"Great location, but lacks a place to sit or tables... Just a stand up deck","Likes":""},{"Name":"","Category":"","Rating":" 5 stars ","Number_of_Reviews":"","Address":"","Reviewer":"Keith Yu","Reviewer_page":"https://www.google.com/maps/contrib/104869509432777544140/reviews?hl=en-US","Review_time":"3 years ago","Review":"Quick service.  No bathroom and very little seating.","Likes":""},{"Name":"","Category":"","Rating":" 4 stars ","Number_of_Reviews":"","Address":"","Reviewer":"Steve Roberts","Reviewer_page":"https://www.google.com/maps/contrib/112861260980025649859/reviews?hl=en-US","Review_time":"2 years ago","Review":"Nice place but not too much seats available","Likes":""},{"Name":"","Category":"","Rating":" 5 stars ","Number_of_Reviews":"","Address":"","Reviewer":"Joseph Burford","Reviewer_page":"https://www.google.com/maps/contrib/100533904182835354349/reviews?hl=en-US","Review_time":"a year ago","Review":"Fast courteous service and good food","Likes":""},{"Name":"","Category":"","Rating":" 1 star ","Number_of_Reviews":"","Address":"","Reviewer":"Sofija Kas","Reviewer_page":"https://www.google.com/maps/contrib/100332420677942968674/reviews?hl=en-US","Review_time":"4 years ago","Review":"How are you a multi billion dollar company and when I’m making my purchase of $20+ you don’t have change for $100.","Likes":""},{"Name":"","Category":"","Rating":" 4 stars ","Number_of_Reviews":"","Address":"","Reviewer":"Willy Gil","Reviewer_page":"https://www.google.com/maps/contrib/112566489492407362903/reviews?hl=en-US","Review_time":"3 years ago","Review":"Nothing that exceeds my expectations.","Likes":""},{"Name":"","Category":"","Rating":" 4 stars ","Number_of_Reviews":"","Address":"","Reviewer":"leo mayroofer","Reviewer_page":"https://www.google.com/maps/contrib/102875144945910945633/reviews?hl=en-US","Review_time":"3 years ago","Review":"Loving the cold brew. Tasty af. Just black","Likes":""},{"Name":"","Category":"","Rating":" 3 stars ","Number_of_Reviews":"","Address":"","Reviewer":"Paul Lee","Reviewer_page":"https://www.google.com/maps/contrib/113121775627120502122/reviews?hl=en-US","Review_time":"2 years ago","Review":"Says they close at 9 but they’re not even open (at 7:45pm)","Likes":""},{"Name":"","Category":"","Rating":" 5 stars ","Number_of_Reviews":"","Address":"","Reviewer":"Reed Tremblay","Reviewer_page":"https://www.google.com/maps/contrib/110189992213521419052/reviews?hl=en-US","Review_time":"3 years ago","Review":"Starbucks is always good what else would you expect","Likes":""},{"Name":"","Category":"","Rating":" 1 star ","Number_of_Reviews":"","Address":"","Reviewer":"Mohammad","Reviewer_page":"https://www.google.com/maps/contrib/118292632895020880694/reviews?hl=en-US","Review_time":"3 years ago","Review":"Crowded and understaffed. Needs more employees for such high traffic location.","Likes":""},{"Name":"","Category":"","Rating":" 2 stars ","Number_of_Reviews":"","Address":"","Reviewer":"Enes Kol","Reviewer_page":"https://www.google.com/maps/contrib/103465093001364738590/reviews?hl=en-US","Review_time":"3 years ago","Review":"Very slow service.. and they forgot my drink! There was nobody at all!","Likes":""},{"Name":"","Category":"","Rating":" 4 stars ","Number_of_Reviews":"","Address":"","Reviewer":"Byron Kuhn","Reviewer_page":"https://www.google.com/maps/contrib/115066086794657779875/reviews?hl=en-US","Review_time":"2 years ago","Review":"Friendly, busy, so seems they miss things periodically.","Likes":""},{"Name":"","Category":"","Rating":" 1 star ","Number_of_Reviews":"","Address":"","Reviewer":"Marsel Aminev","Reviewer_page":"https://www.google.com/maps/contrib/109714794255204957377/reviews?hl=en-US","Review_time":"4 years ago","Review":"So slow Worker’s ,been waiting ice coffee 35 min!!!","Likes":"1"},{"Name":"","Category":"","Rating":" 4 stars ","Number_of_Reviews":"","Address":"","Reviewer":"Oliver Taylor","Reviewer_page":"https://www.google.com/maps/contrib/115509720646908240541/reviews?hl=en-US","Review_time":"2 years ago","Review":"Nice location, kinda slow service...","Likes":""},{"Name":"","Category":"","Rating":" 3 stars ","Number_of_Reviews":"","Address":"","Reviewer":"Evert Moran","Reviewer_page":"https://www.google.com/maps/contrib/107085529798298014652/reviews?hl=en-US","Review_time":"3 years ago","Review":"Baristas are too slow! They are only 2","Likes":""},{"Name":"","Category":"","Rating":" 4 stars ","Number_of_Reviews":"","Address":"","Reviewer":"Rasulbek Rakhimov","Reviewer_page":"https://www.google.com/maps/contrib/112264585747325267141/reviews?hl=en-US","Review_time":"3 years ago","Review":"Good service, but no restroom","Likes":""},{"Name":"","Category":"","Rating":" 1 star ","Number_of_Reviews":"","Address":"","Reviewer":"Fabian R","Reviewer_page":"https://www.google.com/maps/contrib/101061178611760049377/reviews?hl=en-US","Review_time":"2 years ago","Review":"Says open till 9 625 I was told closing ...","Likes":""},{"Name":"","Category":"","Rating":" 5 stars ","Number_of_Reviews":"","Address":"","Reviewer":"Randalle G.","Reviewer_page":"https://www.google.com/maps/contrib/100442638848426494205/reviews?hl=en-US","Review_time":"2 years ago","Review":"Happy staff & great service.","Likes":""},{"Name":"","Category":"","Rating":" 5 stars ","Number_of_Reviews":"","Address":"","Reviewer":"Kyle #","Reviewer_page":"https://www.google.com/maps/contrib/112711197335526955973/reviews?hl=en-US","Review_time":"3 years ago","Review":"What's there not to love about Starbucks","Likes":""},{"Name":"","Category":"","Rating":" 1 star ","Number_of_Reviews":"","Address":"","Reviewer":"Joao Freitas","Reviewer_page":"https://www.google.com/maps/contrib/105522985063843881531/reviews?hl=en-US","Review_time":"2 years ago","Review":"Miss Sakara has an Attitude problem","Likes":""},{"Name":"","Category":"","Rating":" 1 star ","Number_of_Reviews":"","Address":"","Reviewer":"J Strandlie","Reviewer_page":"https://www.google.com/maps/contrib/113388208820760558082/reviews?hl=en-US","Review_time":"3 years ago","Review":"Don’t know how to make standard items","Likes":""},{"Name":"","Category":"","Rating":" 3 stars ","Number_of_Reviews":"","Address":"","Reviewer":"Pierre Bellerice","Reviewer_page":"https://www.google.com/maps/contrib/102580769804641550891/reviews?hl=en-US","Review_time":"5 years ago","Review":"Attitude issues. Coffee was okay.","Likes":""},{"Name":"","Category":"","Rating":" 5 stars ","Number_of_Reviews":"","Address":"","Reviewer":"hung jame","Reviewer_page":"https://www.google.com/maps/contrib/108650785034909666316/reviews?hl=en-US","Review_time":"4 years ago","Review":"No sit but great staff","Likes":""},{"Name":"","Category":"","Rating":" 1 star ","Number_of_Reviews":"","Address":"","Reviewer":"Maurício Morgado","Reviewer_page":"https://www.google.com/maps/contrib/101757494754312399283/reviews?hl=en-US","Review_time":"4 years ago","Review":"Look for a real place to get real coffee.","Likes":""},{"Name":"","Category":"","Rating":" 5 stars ","Number_of_Reviews":"","Address":"","Reviewer":"Anthony Canzoneri","Reviewer_page":"https://www.google.com/maps/contrib/102054094149474226976/reviews?hl=en-US","Review_time":"3 years ago","Review":"Always efficient and courteous.","Likes":""},{"Name":"","Category":"","Rating":" 5 stars ","Number_of_Reviews":"","Address":"","Reviewer":"Courtney Wyche","Reviewer_page":"https://www.google.com/maps/contrib/111718923822139725484/reviews?hl=en-US","Review_time":"10 months ago","Review":"Nice staff","Likes":""},{"Name":"","Category":"","Rating":" 3 stars ","Number_of_Reviews":"","Address":"","Reviewer":"Daniel J. Grinkevich","Reviewer_page":"https://www.google.com/maps/contrib/117977676525114108914/reviews?hl=en-US","Review_time":"6 years ago","Review":"Really small, no where to sit.","Likes":""},{"Name":"","Category":"","Rating":" 1 star ","Number_of_Reviews":"","Address":"","Reviewer":"Robert Ochiltree","Reviewer_page":"https://www.google.com/maps/contrib/112572828131603406389/reviews?hl=en-US","Review_time":"2 years ago","Review":"Really a Dunkin' Guy","Likes":""},{"Name":"","Category":"","Rating":" 3 stars ","Number_of_Reviews":"","Address":"","Reviewer":"Penny Jacobson","Reviewer_page":"https://www.google.com/maps/contrib/114564107617643321845/reviews?hl=en-US","Review_time":"3 years ago","Review":"Not much space.","Likes":""},{"Name":"","Category":"","Rating":" 5 stars ","Number_of_Reviews":"","Address":"","Reviewer":"Jonathan Conlin","Reviewer_page":"https://www.google.com/maps/contrib/105931909034453105914/reviews?hl=en-US","Review_time":"5 years ago","Review":"Fast and friendly service","Likes":""},{"Name":"","Category":"","Rating":" 1 star ","Number_of_Reviews":"","Address":"","Reviewer":"John Maltese","Reviewer_page":"https://www.google.com/maps/contrib/110856647092649461396/reviews?hl=en-US","Review_time":"2 years ago","Review":"Thankfully it was a gift card...","Likes":""},{"Name":"","Category":"","Rating":" 3 stars ","Number_of_Reviews":"","Address":"","Reviewer":"Fugazy 5","Reviewer_page":"https://www.google.com/maps/contrib/112392001491733748780/reviews?hl=en-US","Review_time":"5 years ago","Review":"Good coffee and frappacinos","Likes":""},{"Name":"","Category":"","Rating":" 3 stars ","Number_of_Reviews":"","Address":"","Reviewer":"Delilah S","Reviewer_page":"https://www.google.com/maps/contrib/101671302757031054945/reviews?hl=en-US","Review_time":"2 years ago","Review":"Not enough chairs","Likes":""},{"Name":"","Category":"","Rating":" 5 stars ","Number_of_Reviews":"","Address":"","Reviewer":"Danny Calderon","Reviewer_page":"https://www.google.com/maps/contrib/110553086447611871443/reviews?hl=en-US","Review_time":"a year ago","Review":"Great","Likes":""},{"Name":"","Category":"","Rating":" 5 stars ","Number_of_Reviews":"","Address":"","Reviewer":"Peter Jorgenson","Reviewer_page":"https://www.google.com/maps/contrib/117993509049260191680/reviews?hl=en-US","Review_time":"3 years ago","Review":"Amazing coffe","Likes":""},{"Name":"","Category":"","Rating":" 5 stars ","Number_of_Reviews":"","Address":"","Reviewer":"NiceAnology TwentyFour","Reviewer_page":"https://www.google.com/maps/contrib/115568769952848048268/reviews?hl=en-US","Review_time":"a year ago","Review":"Nice","Likes":""},{"Name":"","Category":"","Rating":" 5 stars ","Number_of_Reviews":"","Address":"","Reviewer":"george bailey","Reviewer_page":"https://www.google.com/maps/contrib/107216425587065307925/reviews?hl=en-US","Review_time":"5 years ago","Review":"Best Starbucks in Manhattan","Likes":""},{"Name":"","Category":"","Rating":" 5 stars ","Number_of_Reviews":"","Address":"","Reviewer":"jamie sun","Reviewer_page":"https://www.google.com/maps/contrib/118291402024781345300/reviews?hl=en-US","Review_time":"2 years ago","Review":"Great place to visit","Likes":""},{"Name":"","Category":"","Rating":" 5 stars ","Number_of_Reviews":"","Address":"","Reviewer":"Raheem McWhite","Reviewer_page":"https://www.google.com/maps/contrib/115936596209944707683/reviews?hl=en-US","Review_time":"a year ago","Review":"Good","Likes":""},{"Name":"","Category":"","Rating":" 4 stars ","Number_of_Reviews":"","Address":"","Reviewer":"ileenlynn Antonetti","Reviewer_page":"https://www.google.com/maps/contrib/110699076297852802655/reviews?hl=en-US","Review_time":"2 years ago","Review":"Love it","Likes":""},{"Name":"","Category":"","Rating":" 2 stars ","Number_of_Reviews":"","Address":"","Reviewer":"S Austin","Reviewer_page":"https://www.google.com/maps/contrib/113279965440660114902/reviews?hl=en-US","Review_time":"5 years ago","Review":"There is nowhere to sit!","Likes":""},{"Name":"","Category":"","Rating":" 1 star ","Number_of_Reviews":"","Address":"","Reviewer":"Paulo Víctor Medeiros da Fonseca","Reviewer_page":"https://www.google.com/maps/contrib/114814510660963882191/reviews?hl=en-US","Review_time":"2 years ago","Review":"Worse.","Likes":""},{"Name":"","Category":"","Rating":" 5 stars ","Number_of_Reviews":"","Address":"","Reviewer":"Dominique Garner","Reviewer_page":"https://www.google.com/maps/contrib/103232488637419138965/reviews?hl=en-US","Review_time":"a year ago","Review":"Great location","Likes":""},{"Name":"","Category":"","Rating":" 4 stars ","Number_of_Reviews":"","Address":"","Reviewer":"stephanie Handler","Reviewer_page":"https://www.google.com/maps/contrib/106834460292619607750/reviews?hl=en-US","Review_time":"3 years ago","Review":"It was dependably Starbucks.","Likes":""},{"Name":"","Category":"","Rating":" 5 stars ","Number_of_Reviews":"","Address":"","Reviewer":"Jose Davila Quintanilla","Reviewer_page":"https://www.google.com/maps/contrib/114147496481517732651/reviews?hl=en-US","Review_time":"2 years ago","Review":"Another starbucks in the city","Likes":""},{"Name":"","Category":"","Rating":" 5 stars ","Number_of_Reviews":"","Address":"","Reviewer":"Craig Lucke","Reviewer_page":"https://www.google.com/maps/contrib/117378229838824738328/reviews?hl=en-US","Review_time":"5 years ago","Review":"Friendly service.","Likes":""},{"Name":"","Category":"","Rating":" 3 stars ","Number_of_Reviews":"","Address":"","Reviewer":"Techa","Reviewer_page":"https://www.google.com/maps/contrib/116128641873828238232/reviews?hl=en-US","Review_time":"3 years ago","Review":"No restroom!","Likes":""},{"Name":"","Category":"","Rating":" 5 stars ","Number_of_Reviews":"","Address":"","Reviewer":"Gabriel (OuTTTaSPaCe)","Reviewer_page":"https://www.google.com/maps/contrib/110012292108337822810/reviews?hl=en-US","Review_time":"3 years ago","Review":"Meh","Likes":""},{"Name":"","Category":"","Rating":" 5 stars ","Number_of_Reviews":"","Address":"","Reviewer":"강철","Reviewer_page":"https://www.google.com/maps/contrib/105530945516524052707/reviews?hl=en-US","Review_time":"3 years ago","Review":"Nice place :)","Likes":""},{"Name":"","Category":"","Rating":" 2 stars ","Number_of_Reviews":"","Address":"","Reviewer":"Oldrabbit","Reviewer_page":"https://www.google.com/maps/contrib/113176520768296981840/reviews?hl=en-US","Review_time":"3 years ago","Review":"extremely slow.","Likes":""},{"Name":"","Category":"","Rating":" 5 stars ","Number_of_Reviews":"","Address":"","Reviewer":"William Grant","Reviewer_page":"https://www.google.com/maps/contrib/113864159832186637190/reviews?hl=en-US","Review_time":"3 years ago","Review":"Good","Likes":""},{"Name":"","Category":"","Rating":" 5 stars ","Number_of_Reviews":"","Address":"","Reviewer":"Adid Rahman","Reviewer_page":"https://www.google.com/maps/contrib/106231818196320652087/reviews?hl=en-US","Review_time":"5 years ago","Review":"Great","Likes":""},{"Name":"","Category":"","Rating":" 5 stars ","Number_of_Reviews":"","Address":"","Reviewer":"Gilbert Ricotta","Reviewer_page":"https://www.google.com/maps/contrib/111108843677287523717/reviews?hl=en-US","Review_time":"5 years ago","Review":"Excellent","Likes":""},{"Name":"","Category":"","Rating":" 5 stars ","Number_of_Reviews":"","Address":"","Reviewer":"Young","Reviewer_page":"https://www.google.com/maps/contrib/108152985066262401765/reviews?hl=en-US","Review_time":"6 years ago","Review":"Good","Likes":""},{"Name":"","Category":"","Rating":" 2 stars ","Number_of_Reviews":"","Address":"","Reviewer":"Derek Stoeckenius","Reviewer_page":"https://www.google.com/maps/contrib/107712045197130731660/reviews?hl=en-US","Review_time":"3 years ago","Review":"Slow","Likes":""},{"Name":"","Category":"","Rating":" 3 stars ","Number_of_Reviews":"","Address":"","Reviewer":"MF FORMACION Matías Fresno Ruiz","Reviewer_page":"https://www.google.com/maps/contrib/114989921778288485426/reviews?hl=en-US","Review_time":"3 years ago","Review":"Cafeteria","Likes":""},{"Name":"","Category":"","Rating":" 5 stars ","Number_of_Reviews":"","Address":"","Reviewer":"Saggy S","Reviewer_page":"https://www.google.com/maps/contrib/108474921309996776135/reviews?hl=en-US","Review_time":"5 years ago","Review":"Good Coffee","Likes":""},{"Name":"","Category":"","Rating":" 5 stars ","Number_of_Reviews":"","Address":"","Reviewer":"Channie","Reviewer_page":"https://www.google.com/maps/contrib/104075688750868639146/reviews?hl=en-US","Review_time":"5 years ago","Review":"Loved it 😍","Likes":""},{"Name":"","Category":"","Rating":" 1 star ","Number_of_Reviews":"","Address":"","Reviewer":"Bakha D","Reviewer_page":"https://www.google.com/maps/contrib/113265130693663062904/reviews?hl=en-US","Review_time":"6 years ago","Review":"lazy","Likes":""},{"Name":"","Category":"","Rating":" 4 stars ","Number_of_Reviews":"","Address":"","Reviewer":"Dina A","Reviewer_page":"https://www.google.com/maps/contrib/112722759504202740548/reviews?hl=en-US","Review_time":"5 years ago","Review":"Just a Starbucks","Likes":""},{"Name":"","Category":"","Rating":" 2 stars ","Number_of_Reviews":"","Address":"","Reviewer":"Pinar Ozcan","Reviewer_page":"https://www.google.com/maps/contrib/116436158452203244600/reviews?hl=en-US","Review_time":"a week ago","Review":"Slowest service ever","Likes":""},{"Name":"","Category":"","Rating":" 5 stars ","Number_of_Reviews":"","Address":"","Reviewer":"Oneylis Torres","Reviewer_page":"https://www.google.com/maps/contrib/118287815947001226612/reviews?hl=en-US","Review_time":"a day ago","Review":"A perfect place to take a coffee","Likes":""},{"Name":"","Category":"","Rating":" 4 stars ","Number_of_Reviews":"","Address":"","Reviewer":"Nik","Reviewer_page":"https://www.google.com/maps/contrib/107257372524625705838/reviews?hl=en-US","Review_time":"4 years ago","Review":"(Translated by Google) Starbucks on a single showcase without seats but with only a support area to remain standing. Staff very hearty and ready to serve you all standard products is from the period. There are also numerous proposals in the dessert and sandwich showcase. Located near Bryant Park where if the temperature permits you can consume what purchased\n\n(Original)\nStarbucks su unica vetrina senza posti a sedere ma con soltanto area d'appoggio per restare in piedi. Personale molto sentire e pronto a servirti tutti i prodotti standard è del periodo. Varie numerose anche le proposte della vetrina dolci e sandwich. Situato nelle prossimità di Bryant Park dove se la temperatura lo permette potrete consumare quanto acquistato","Likes":""},{"Name":"","Category":"","Rating":" 3 stars ","Number_of_Reviews":"","Address":"","Reviewer":"Marcio Silva","Reviewer_page":"https://www.google.com/maps/contrib/109771154651331497851/reviews?hl=en-US","Review_time":"3 years ago","Review":"(Translated by Google) It may take some time to prepare your drink. Few people on staff. But the place in general is not very crowded like some units.\n\n(Original)\nPode ser que demore um pouco pra preparem sua bebida. Pouca gente no staff. Mas o lugar em geral não fica muito cheio como algumas unidades.","Likes":""},{"Name":"","Category":"","Rating":" 5 stars ","Number_of_Reviews":"","Address":"","Reviewer":"Daniel c.","Reviewer_page":"https://www.google.com/maps/contrib/107893175215315689679/reviews?hl=en-US","Review_time":"3 years ago","Review":"(Translated by Google) The best !! Try this this is great with cinnamon pumking creem\n\n(Original)\nLo mejor !! Prueven este esta buenísimo es con canela pumking creem","Likes":""},{"Name":"","Category":"","Rating":" 5 stars ","Number_of_Reviews":"","Address":"","Reviewer":"Camila Côrtes","Reviewer_page":"https://www.google.com/maps/contrib/109237501911630113189/reviews?hl=en-US","Review_time":"4 years ago","Review":"(Translated by Google) Love it too much! I'm sad that I don't have my city, but whenever I have the availability to go where I have the franchise, I always go. I love the diversity of caffeine that exists and the most wonderful muffin in the world.\n\n(Original)\nAmo demais! Fico triste por não ter em.mimha cidade, mas sempre que tenho a disponibilidade de ir aonde tem a franquia, sempre vou. Adoro a diversidade de cafeinados que existe e o muffin mais maravilhoso do mundo.","Likes":""},{"Name":"","Category":"","Rating":" 4 stars ","Number_of_Reviews":"","Address":"","Reviewer":"jose gomez","Reviewer_page":"https://www.google.com/maps/contrib/112841405399761208714/reviews?hl=en-US","Review_time":"a year ago","Review":"(Translated by Google) Not that but put quality, only the uncomfortable, restricted to stay in the heat, by sanitary control.\n\n(Original)\nNi que pero ponerle a la calidad , solo lo incómodo , restringido para permanecer en el calorcito , por control sanitario .","Likes":""},{"Name":"","Category":"","Rating":" 5 stars ","Number_of_Reviews":"","Address":"","Reviewer":"Татьяна К.","Reviewer_page":"https://www.google.com/maps/contrib/118115182443301057067/reviews?hl=en-US","Review_time":"a year ago","Review":"(Translated by Google) Very colorful and really tasty. I recommend.\n\n(Original)\nОчень колоритно и прям вкусно.  Рекомендую.","Likes":""},{"Name":"","Category":"","Rating":" 5 stars ","Number_of_Reviews":"","Address":"","Reviewer":"Victoria Richards","Reviewer_page":"https://www.google.com/maps/contrib/105073363159588154549/reviews?hl=en-US","Review_time":"3 years ago","Review":"(Translated by Google) I love whoever goes. The strawberry frappuccinos are the best!!!\n\n(Original)\nMe encanta a cualquiera q vaya. Los frapuchinos de frutilla son lo mas!!!","Likes":""},{"Name":"","Category":"","Rating":" 3 stars ","Number_of_Reviews":"","Address":"","Reviewer":"Ricardo Delgado Padilla","Reviewer_page":"https://www.google.com/maps/contrib/110488704995879519023/reviews?hl=en-US","Review_time":"3 years ago","Review":"(Translated by Google) As in all of NY the people of attention to the public focus kindly and never smile\n\n(Original)\nComo en todo NY las personas de atención al público foco amables y nunca sonríen","Likes":""},{"Name":"","Category":"","Rating":" 4 stars ","Number_of_Reviews":"","Address":"","Reviewer":"Rafael Minatelli","Reviewer_page":"https://www.google.com/maps/contrib/107527035623568394563/reviews?hl=en-US","Review_time":"5 years ago","Review":"(Translated by Google) Good starbucks is the same everywhere\n\n(Original)\nBom Starbucks é o mesmo em todos os lugares","Likes":"1"},{"Name":"","Category":"","Rating":" 5 stars ","Number_of_Reviews":"","Address":"","Reviewer":"Victor Mendez","Reviewer_page":"https://www.google.com/maps/contrib/108481784974710824796/reviews?hl=en-US","Review_time":"4 years ago","Review":"(Translated by Google) Good fast service I like\n\n(Original)\nBuen servicio rápido me gusta","Likes":""},{"Name":"","Category":"","Rating":" 3 stars ","Number_of_Reviews":"","Address":"","Reviewer":"Isabella Baroni","Reviewer_page":"https://www.google.com/maps/contrib/104485922047643663233/reviews?hl=en-US","Review_time":"2 years ago","Review":"(Translated by Google) His coffees lost quality\n\n(Original)\nSus cafes perdieron calidad","Likes":""},{"Name":"","Category":"","Rating":" 5 stars ","Number_of_Reviews":"","Address":"","Reviewer":"rosalba dominguez","Reviewer_page":"https://www.google.com/maps/contrib/115238160832765678743/reviews?hl=en-US","Review_time":"2 years ago","Review":"(Translated by Google) my favorite coffee\n\n(Original)\nMi café preferido","Likes":"1"},{"Name":"","Category":"","Rating":" 5 stars ","Number_of_Reviews":"","Address":"","Reviewer":"Jacob Menashe (Jake)","Reviewer_page":"https://www.google.com/maps/contrib/114628221141322324589/reviews?hl=en-US","Review_time":"8 months ago","Review":"(Translated by Google) No on Starbucks\n\n(Original)\nאין על סטארבקס","Likes":""},{"Name":"","Category":"","Rating":" 5 stars ","Number_of_Reviews":"","Address":"","Reviewer":"Oliver Koch","Reviewer_page":"https://www.google.com/maps/contrib/113938138699364242565/reviews?hl=en-US","Review_time":"3 years ago","Review":"(Translated by Google) Really good\n\n(Original)\nEcht gut","Likes":""},{"Name":"","Category":"","Rating":" 5 stars ","Number_of_Reviews":"","Address":"","Reviewer":"Proglobal Group 1","Reviewer_page":"https://www.google.com/maps/contrib/118371230361634790156/reviews?hl=en-US","Review_time":"2 years ago","Review":"(Translated by Google) Excellent\n\n(Original)\nExcelente","Likes":""},{"Name":"","Category":"","Rating":" 5 stars ","Number_of_Reviews":"","Address":"","Reviewer":"maximiliano naranjo","Reviewer_page":"https://www.google.com/maps/contrib/104973019628608087926/reviews?hl=en-US","Review_time":"3 years ago","Review":"(Translated by Google) Super your products\n\n(Original)\nSúper sus productos","Likes":""},{"Name":"","Category":"","Rating":" 5 stars ","Number_of_Reviews":"","Address":"","Reviewer":"Sasha Chokova","Reviewer_page":"https://www.google.com/maps/contrib/116581970003753608650/reviews?hl=en-US","Review_time":"3 weeks ago","Review":"","Likes":""},{"Name":"","Category":"","Rating":" 5 stars ","Number_of_Reviews":"","Address":"","Reviewer":"Jacqueline Ortiz","Reviewer_page":"https://www.google.com/maps/contrib/104985842844045567419/reviews?hl=en-US","Review_time":"5 months ago","Review":"","Likes":""},{"Name":"","Category":"","Rating":" 4 stars ","Number_of_Reviews":"","Address":"","Reviewer":"Sercan Burcu","Reviewer_page":"https://www.google.com/maps/contrib/118079545436760874639/reviews?hl=en-US","Review_time":"5 months ago","Review":"","Likes":""},{"Name":"","Category":"","Rating":" 5 stars ","Number_of_Reviews":"","Address":"","Reviewer":"Martha Howell","Reviewer_page":"https://www.google.com/maps/contrib/116898573855659854462/reviews?hl=en-US","Review_time":"5 years ago","Review":"(Translated by Google) Thanks\n\n(Original)\nDAnk","Likes":""},{"Name":"","Category":"","Rating":" 4 stars ","Number_of_Reviews":"","Address":"","Reviewer":"Meshal J","Reviewer_page":"https://www.google.com/maps/contrib/111977844955994182763/reviews?hl=en-US","Review_time":"6 years ago","Review":"(Translated by Google) small and beautiful\n\n(Original)\nصغير وجميل","Likes":""},{"Name":"","Category":"","Rating":" 4 stars ","Number_of_Reviews":"","Address":"","Reviewer":"Zaira Ramos","Reviewer_page":"https://www.google.com/maps/contrib/105971429169596268291/reviews?hl=en-US","Review_time":"8 months ago","Review":"","Likes":""},{"Name":"","Category":"","Rating":" 5 stars ","Number_of_Reviews":"","Address":"","Reviewer":"Jason Lovelace","Reviewer_page":"https://www.google.com/maps/contrib/103463692211593553324/reviews?hl=en-US","Review_time":"8 months ago","Review":"","Likes":""},{"Name":"","Category":"","Rating":" 4 stars ","Number_of_Reviews":"","Address":"","Reviewer":"Darryl Miles","Reviewer_page":"https://www.google.com/maps/contrib/107293243248676816202/reviews?hl=en-US","Review_time":"10 months ago","Review":"","Likes":""},{"Name":"","Category":"","Rating":" 4 stars ","Number_of_Reviews":"","Address":"","Reviewer":"Fred Reyes","Reviewer_page":"https://www.google.com/maps/contrib/116919240480669253027/reviews?hl=en-US","Review_time":"11 months ago","Review":"","Likes":""},{"Name":"","Category":"","Rating":" 5 stars ","Number_of_Reviews":"","Address":"","Reviewer":"Alex G","Reviewer_page":"https://www.google.com/maps/contrib/110603559576787726719/reviews?hl=en-US","Review_time":"a year ago","Review":"","Likes":""},{"Name":"","Category":"","Rating":" 4 stars ","Number_of_Reviews":"","Address":"","Reviewer":"Nena LaBella (Nena)","Reviewer_page":"https://www.google.com/maps/contrib/116255541591618641901/reviews?hl=en-US","Review_time":"a year ago","Review":"","Likes":""},{"Name":"","Category":"","Rating":" 5 stars ","Number_of_Reviews":"","Address":"","Reviewer":"Carlos Julio Gomez Moreno","Reviewer_page":"https://www.google.com/maps/contrib/100954425947266034342/reviews?hl=en-US","Review_time":"a year ago","Review":"","Likes":""},{"Name":"","Category":"","Rating":" 4 stars ","Number_of_Reviews":"","Address":"","Reviewer":"Buck Wild","Reviewer_page":"https://www.google.com/maps/contrib/109877962877508741511/reviews?hl=en-US","Review_time":"a year ago","Review":"","Likes":""},{"Name":"","Category":"","Rating":" 5 stars ","Number_of_Reviews":"","Address":"","Reviewer":"Itay Madenfrost","Reviewer_page":"https://www.google.com/maps/contrib/101646544519446910352/reviews?hl=en-US","Review_time":"3 years ago","Review":"","Likes":""},{"Name":"","Category":"","Rating":" 4 stars ","Number_of_Reviews":"","Address":"","Reviewer":"Jennifer Gonzalez","Reviewer_page":"https://www.google.com/maps/contrib/100930161487044997060/reviews?hl=en-US","Review_time":"a year ago","Review":"","Likes":""},{"Name":"","Category":"","Rating":" 5 stars ","Number_of_Reviews":"","Address":"","Reviewer":"Melissa Hidalgo (Mysticmiss7)","Reviewer_page":"https://www.google.com/maps/contrib/107997111077299349178/reviews?hl=en-US","Review_time":"3 years ago","Review":"","Likes":""},{"Name":"","Category":"","Rating":" 5 stars ","Number_of_Reviews":"","Address":"","Reviewer":"Adam Andersen","Reviewer_page":"https://www.google.com/maps/contrib/111422497224392650132/reviews?hl=en-US","Review_time":"4 years ago","Review":"","Likes":""},{"Name":"","Category":"","Rating":" 5 stars ","Number_of_Reviews":"","Address":"","Reviewer":"Asaad Albusaidi","Reviewer_page":"https://www.google.com/maps/contrib/118303828056515074775/reviews?hl=en-US","Review_time":"2 months ago","Review":"","Likes":""},{"Name":"","Category":"","Rating":" 4 stars ","Number_of_Reviews":"","Address":"","Reviewer":"Edwin Pelaske","Reviewer_page":"https://www.google.com/maps/contrib/104205540383915930578/reviews?hl=en-US","Review_time":"4 years ago","Review":"","Likes":""},{"Name":"","Category":"","Rating":" 4 stars ","Number_of_Reviews":"","Address":"","Reviewer":"Ratheesh Kumar","Reviewer_page":"https://www.google.com/maps/contrib/107667129640882775016/reviews?hl=en-US","Review_time":"5 years ago","Review":"","Likes":""},{"Name":"","Category":"","Rating":" 5 stars ","Number_of_Reviews":"","Address":"","Reviewer":"Leonardo Fernández","Reviewer_page":"https://www.google.com/maps/contrib/108592418372736571539/reviews?hl=en-US","Review_time":"3 years ago","Review":"","Likes":""},{"Name":"","Category":"","Rating":" 5 stars ","Number_of_Reviews":"","Address":"","Reviewer":"Zino Haro","Reviewer_page":"https://www.google.com/maps/contrib/109302055861738574387/reviews?hl=en-US","Review_time":"2 years ago","Review":"","Likes":""},{"Name":"","Category":"","Rating":" 4 stars ","Number_of_Reviews":"","Address":"","Reviewer":"Josh Gebauer","Reviewer_page":"https://www.google.com/maps/contrib/105298242524958077035/reviews?hl=en-US","Review_time":"5 years ago","Review":"","Likes":""},{"Name":"","Category":"","Rating":" 5 stars ","Number_of_Reviews":"","Address":"","Reviewer":"Ricky J Lane","Reviewer_page":"https://www.google.com/maps/contrib/117696127570343309978/reviews?hl=en-US","Review_time":"4 years ago","Review":"","Likes":""},{"Name":"","Category":"","Rating":" 3 stars ","Number_of_Reviews":"","Address":"","Reviewer":"Michael Barrios","Reviewer_page":"https://www.google.com/maps/contrib/110856234034176311955/reviews?hl=en-US","Review_time":"2 years ago","Review":"","Likes":""},{"Name":"","Category":"","Rating":" 4 stars ","Number_of_Reviews":"","Address":"","Reviewer":"José Carlos Trimarchi","Reviewer_page":"https://www.google.com/maps/contrib/104007790803701253791/reviews?hl=en-US","Review_time":"4 years ago","Review":"","Likes":""},{"Name":"","Category":"","Rating":" 1 star ","Number_of_Reviews":"","Address":"","Reviewer":"Brandon Siu","Reviewer_page":"https://www.google.com/maps/contrib/112684388023817066722/reviews?hl=en-US","Review_time":"5 years ago","Review":"","Likes":""},{"Name":"","Category":"","Rating":" 5 stars ","Number_of_Reviews":"","Address":"","Reviewer":"Klajdi Llanaj","Reviewer_page":"https://www.google.com/maps/contrib/106228240093813707404/reviews?hl=en-US","Review_time":"2 years ago","Review":"","Likes":""},{"Name":"","Category":"","Rating":" 1 star ","Number_of_Reviews":"","Address":"","Reviewer":"Leonardo De'Ureña","Reviewer_page":"https://www.google.com/maps/contrib/107146832089432626650/reviews?hl=en-US","Review_time":"4 years ago","Review":"","Likes":""},{"Name":"","Category":"","Rating":" 4 stars ","Number_of_Reviews":"","Address":"","Reviewer":"Barbara Morresi","Reviewer_page":"https://www.google.com/maps/contrib/108846762610309062854/reviews?hl=en-US","Review_time":"3 years ago","Review":"","Likes":""},{"Name":"","Category":"","Rating":" 5 stars ","Number_of_Reviews":"","Address":"","Reviewer":"Michelle Booker","Reviewer_page":"https://www.google.com/maps/contrib/117850442835598007089/reviews?hl=en-US","Review_time":"a year ago","Review":"","Likes":""},{"Name":"","Category":"","Rating":" 2 stars ","Number_of_Reviews":"","Address":"","Reviewer":"Fournaise Olivia","Reviewer_page":"https://www.google.com/maps/contrib/106906902378417581982/reviews?hl=en-US","Review_time":"3 years ago","Review":"","Likes":""},{"Name":"","Category":"","Rating":" 4 stars ","Number_of_Reviews":"","Address":"","Reviewer":"hsu yuanchih","Reviewer_page":"https://www.google.com/maps/contrib/100846869661656211311/reviews?hl=en-US","Review_time":"3 years ago","Review":"","Likes":""},{"Name":"","Category":"","Rating":" 5 stars ","Number_of_Reviews":"","Address":"","Reviewer":"Spencer Marc Daudier","Reviewer_page":"https://www.google.com/maps/contrib/100592219233912378528/reviews?hl=en-US","Review_time":"6 years ago","Review":"","Likes":""},{"Name":"","Category":"","Rating":" 4 stars ","Number_of_Reviews":"","Address":"","Reviewer":"Simon Cousins","Reviewer_page":"https://www.google.com/maps/contrib/109706430522838061676/reviews?hl=en-US","Review_time":"4 years ago","Review":"","Likes":""},{"Name":"","Category":"","Rating":" 5 stars ","Number_of_Reviews":"","Address":"","Reviewer":"Andrii Bondar","Reviewer_page":"https://www.google.com/maps/contrib/109790687351803535910/reviews?hl=en-US","Review_time":"a year ago","Review":"","Likes":""},{"Name":"","Category":"","Rating":" 4 stars ","Number_of_Reviews":"","Address":"","Reviewer":"Osvaldo Andreaus (DBB)","Reviewer_page":"https://www.google.com/maps/contrib/103396568896641981440/reviews?hl=en-US","Review_time":"2 years ago","Review":"","Likes":""},{"Name":"","Category":"","Rating":" 5 stars ","Number_of_Reviews":"","Address":"","Reviewer":"Daniel Wojciech","Reviewer_page":"https://www.google.com/maps/contrib/101501399536645912703/reviews?hl=en-US","Review_time":"4 years ago","Review":"","Likes":""},{"Name":"","Category":"","Rating":" 5 stars ","Number_of_Reviews":"","Address":"","Reviewer":"THE TODD SQUAD","Reviewer_page":"https://www.google.com/maps/contrib/100056793373818131728/reviews?hl=en-US","Review_time":"3 years ago","Review":"","Likes":""},{"Name":"","Category":"","Rating":" 4 stars ","Number_of_Reviews":"","Address":"","Reviewer":"Kathy A (Kapples717)","Reviewer_page":"https://www.google.com/maps/contrib/111955216487633287398/reviews?hl=en-US","Review_time":"5 years ago","Review":"","Likes":""},{"Name":"","Category":"","Rating":" 5 stars ","Number_of_Reviews":"","Address":"","Reviewer":"Carlos Ballesteros","Reviewer_page":"https://www.google.com/maps/contrib/103523519564673222355/reviews?hl=en-US","Review_time":"3 years ago","Review":"","Likes":""},{"Name":"","Category":"","Rating":" 4 stars ","Number_of_Reviews":"","Address":"","Reviewer":"Fanny","Reviewer_page":"https://www.google.com/maps/contrib/103256518411807149363/reviews?hl=en-US","Review_time":"2 years ago","Review":"","Likes":""},{"Name":"","Category":"","Rating":" 4 stars ","Number_of_Reviews":"","Address":"","Reviewer":"Dave M","Reviewer_page":"https://www.google.com/maps/contrib/108975537975645170878/reviews?hl=en-US","Review_time":"5 years ago","Review":"","Likes":""},{"Name":"","Category":"","Rating":" 4 stars ","Number_of_Reviews":"","Address":"","Reviewer":"Johan Ledesma","Reviewer_page":"https://www.google.com/maps/contrib/107693960545035062536/reviews?hl=en-US","Review_time":"4 years ago","Review":"","Likes":""},{"Name":"","Category":"","Rating":" 1 star ","Number_of_Reviews":"","Address":"","Reviewer":"Edson Luque","Reviewer_page":"https://www.google.com/maps/contrib/117259687636184158064/reviews?hl=en-US","Review_time":"2 years ago","Review":"","Likes":""},{"Name":"","Category":"","Rating":" 5 stars ","Number_of_Reviews":"","Address":"","Reviewer":"Jeannie Chan","Reviewer_page":"https://www.google.com/maps/contrib/110467248051932595898/reviews?hl=en-US","Review_time":"2 years ago","Review":"","Likes":""},{"Name":"","Category":"","Rating":" 4 stars ","Number_of_Reviews":"","Address":"","Reviewer":"Ben G","Reviewer_page":"https://www.google.com/maps/contrib/105154409697534755161/reviews?hl=en-US","Review_time":"5 years ago","Review":"","Likes":""},{"Name":"","Category":"","Rating":" 5 stars ","Number_of_Reviews":"","Address":"","Reviewer":"Alena Harger","Reviewer_page":"https://www.google.com/maps/contrib/105211837070565711108/reviews?hl=en-US","Review_time":"2 years ago","Review":"","Likes":""},{"Name":"","Category":"","Rating":" 4 stars ","Number_of_Reviews":"","Address":"","Reviewer":"Iolanda dobre","Reviewer_page":"https://www.google.com/maps/contrib/116212686430167713509/reviews?hl=en-US","Review_time":"a year ago","Review":"","Likes":""},{"Name":"","Category":"","Rating":" 5 stars ","Number_of_Reviews":"","Address":"","Reviewer":"Emrys Vincent","Reviewer_page":"https://www.google.com/maps/contrib/113551783126463477075/reviews?hl=en-US","Review_time":"2 years ago","Review":"","Likes":""},{"Name":"","Category":"","Rating":" 5 stars ","Number_of_Reviews":"","Address":"","Reviewer":"Prayag Shah","Reviewer_page":"https://www.google.com/maps/contrib/112741038444284248588/reviews?hl=en-US","Review_time":"3 years ago","Review":"","Likes":""},{"Name":"","Category":"","Rating":" 5 stars ","Number_of_Reviews":"","Address":"","Reviewer":"JAIME FERNANDO PRADA CASTIBLANCO","Reviewer_page":"https://www.google.com/maps/contrib/102954496469141932089/reviews?hl=en-US","Review_time":"2 years ago","Review":"","Likes":""},{"Name":"","Category":"","Rating":" 4 stars ","Number_of_Reviews":"","Address":"","Reviewer":"Mboya Greene","Reviewer_page":"https://www.google.com/maps/contrib/103586381092454848500/reviews?hl=en-US","Review_time":"5 years ago","Review":"","Likes":""},{"Name":"","Category":"","Rating":" 5 stars ","Number_of_Reviews":"","Address":"","Reviewer":"Rush Life","Reviewer_page":"https://www.google.com/maps/contrib/103572113961145501021/reviews?hl=en-US","Review_time":"9 months ago","Review":"","Likes":""},{"Name":"","Category":"","Rating":" 5 stars ","Number_of_Reviews":"","Address":"","Reviewer":"Selcuk Sica","Reviewer_page":"https://www.google.com/maps/contrib/100567878189240224917/reviews?hl=en-US","Review_time":"5 years ago","Review":"","Likes":""},{"Name":"","Category":"","Rating":" 1 star ","Number_of_Reviews":"","Address":"","Reviewer":"Matt Genovesi","Reviewer_page":"https://www.google.com/maps/contrib/107491408510335584490/reviews?hl=en-US","Review_time":"5 years ago","Review":"","Likes":""},{"Name":"","Category":"","Rating":" 5 stars ","Number_of_Reviews":"","Address":"","Reviewer":"Hinoto Kazama","Reviewer_page":"https://www.google.com/maps/contrib/110883279407133755528/reviews?hl=en-US","Review_time":"5 years ago","Review":"","Likes":""},{"Name":"","Category":"","Rating":" 5 stars ","Number_of_Reviews":"","Address":"","Reviewer":"Wayne Reed","Reviewer_page":"https://www.google.com/maps/contrib/113753631196110791997/reviews?hl=en-US","Review_time":"2 years ago","Review":"","Likes":""},{"Name":"","Category":"","Rating":" 5 stars ","Number_of_Reviews":"","Address":"","Reviewer":"Simmons Family","Reviewer_page":"https://www.google.com/maps/contrib/102864885045168790578/reviews?hl=en-US","Review_time":"3 years ago","Review":"","Likes":""},{"Name":"","Category":"","Rating":" 5 stars ","Number_of_Reviews":"","Address":"","Reviewer":"Kelly Sanabria","Reviewer_page":"https://www.google.com/maps/contrib/105776658925697512513/reviews?hl=en-US","Review_time":"a year ago","Review":"","Likes":""},{"Name":"","Category":"","Rating":" 5 stars ","Number_of_Reviews":"","Address":"","Reviewer":"cheryze Brown","Reviewer_page":"https://www.google.com/maps/contrib/104902420754962844195/reviews?hl=en-US","Review_time":"2 months ago","Review":"","Likes":""},{"Name":"","Category":"","Rating":" 5 stars ","Number_of_Reviews":"","Address":"","Reviewer":"Karen Lott","Reviewer_page":"https://www.google.com/maps/contrib/111891539390065919902/reviews?hl=en-US","Review_time":"3 years ago","Review":"","Likes":""},{"Name":"","Category":"","Rating":" 5 stars ","Number_of_Reviews":"","Address":"","Reviewer":"AS Mag","Reviewer_page":"https://www.google.com/maps/contrib/103847647945364741706/reviews?hl=en-US","Review_time":"2 years ago","Review":"","Likes":""},{"Name":"","Category":"","Rating":" 4 stars ","Number_of_Reviews":"","Address":"","Reviewer":"Jude Anthony Garcia","Reviewer_page":"https://www.google.com/maps/contrib/115412309747889135950/reviews?hl=en-US","Review_time":"5 years ago","Review":"","Likes":""},{"Name":"","Category":"","Rating":" 4 stars ","Number_of_Reviews":"","Address":"","Reviewer":"Rahul Anand","Reviewer_page":"https://www.google.com/maps/contrib/112376976186202087789/reviews?hl=en-US","Review_time":"4 years ago","Review":"","Likes":""},{"Name":"","Category":"","Rating":" 3 stars ","Number_of_Reviews":"","Address":"","Reviewer":"Simon Cousins","Reviewer_page":"https://www.google.com/maps/contrib/115379313486913876187/reviews?hl=en-US","Review_time":"5 years ago","Review":"","Likes":""},{"Name":"","Category":"","Rating":" 5 stars ","Number_of_Reviews":"","Address":"","Reviewer":"Alexandra Wilson","Reviewer_page":"https://www.google.com/maps/contrib/110622872539568362014/reviews?hl=en-US","Review_time":"6 years ago","Review":"","Likes":""},{"Name":"","Category":"","Rating":" 1 star ","Number_of_Reviews":"","Address":"","Reviewer":"Sam Barber","Reviewer_page":"https://www.google.com/maps/contrib/101968881465434337823/reviews?hl=en-US","Review_time":"3 years ago","Review":"","Likes":""},{"Name":"","Category":"","Rating":" 5 stars ","Number_of_Reviews":"","Address":"","Reviewer":"Teeya Solomon (Pinky)","Reviewer_page":"https://www.google.com/maps/contrib/101067755318123415939/reviews?hl=en-US","Review_time":"2 years ago","Review":"","Likes":""},{"Name":"","Category":"","Rating":" 5 stars ","Number_of_Reviews":"","Address":"","Reviewer":"Thirawat Bureetes","Reviewer_page":"https://www.google.com/maps/contrib/109428390213712543279/reviews?hl=en-US","Review_time":"3 years ago","Review":"","Likes":""},{"Name":"","Category":"","Rating":" 4 stars ","Number_of_Reviews":"","Address":"","Reviewer":"Gerasimos Tzeis","Reviewer_page":"https://www.google.com/maps/contrib/112456095927200000978/reviews?hl=en-US","Review_time":"3 years ago","Review":"","Likes":""},{"Name":"","Category":"","Rating":" 4 stars ","Number_of_Reviews":"","Address":"","Reviewer":"Shai Etzion","Reviewer_page":"https://www.google.com/maps/contrib/107599648576086698290/reviews?hl=en-US","Review_time":"3 years ago","Review":"","Likes":""},{"Name":"","Category":"","Rating":" 5 stars ","Number_of_Reviews":"","Address":"","Reviewer":"Ashot Bars","Reviewer_page":"https://www.google.com/maps/contrib/108809104165651192036/reviews?hl=en-US","Review_time":"3 years ago","Review":"","Likes":""},{"Name":"","Category":"","Rating":" 5 stars ","Number_of_Reviews":"","Address":"","Reviewer":"Amanda Oliver","Reviewer_page":"https://www.google.com/maps/contrib/101176165904750902427/reviews?hl=en-US","Review_time":"4 years ago","Review":"","Likes":""},{"Name":"","Category":"","Rating":" 4 stars ","Number_of_Reviews":"","Address":"","Reviewer":"Stephen Smith","Reviewer_page":"https://www.google.com/maps/contrib/114405382916732948926/reviews?hl=en-US","Review_time":"3 years ago","Review":"","Likes":""},{"Name":"","Category":"","Rating":" 4 stars ","Number_of_Reviews":"","Address":"","Reviewer":"Davide Rosso","Reviewer_page":"https://www.google.com/maps/contrib/101986280950692188940/reviews?hl=en-US","Review_time":"4 years ago","Review":"","Likes":""},{"Name":"","Category":"","Rating":" 5 stars ","Number_of_Reviews":"","Address":"","Reviewer":"Chenelle william","Reviewer_page":"https://www.google.com/maps/contrib/112256213297749758922/reviews?hl=en-US","Review_time":"4 years ago","Review":"","Likes":""},{"Name":"","Category":"","Rating":" 5 stars ","Number_of_Reviews":"","Address":"","Reviewer":"Da Ti","Reviewer_page":"https://www.google.com/maps/contrib/114969056801257520599/reviews?hl=en-US","Review_time":"2 years ago","Review":"","Likes":""},{"Name":"","Category":"","Rating":" 1 star ","Number_of_Reviews":"","Address":"","Reviewer":"Marianne Raymond","Reviewer_page":"https://www.google.com/maps/contrib/103511880176465020266/reviews?hl=en-US","Review_time":"6 years ago","Review":"","Likes":""},{"Name":"","Category":"","Rating":" 5 stars ","Number_of_Reviews":"","Address":"","Reviewer":"Bon Kim","Reviewer_page":"https://www.google.com/maps/contrib/118423530405309402777/reviews?hl=en-US","Review_time":"2 years ago","Review":"","Likes":""},{"Name":"","Category":"","Rating":" 5 stars ","Number_of_Reviews":"","Address":"","Reviewer":"David Lopez","Reviewer_page":"https://www.google.com/maps/contrib/111184505954543836578/reviews?hl=en-US","Review_time":"3 years ago","Review":"","Likes":""},{"Name":"","Category":"","Rating":" 1 star ","Number_of_Reviews":"","Address":"","Reviewer":"Adi Young","Reviewer_page":"https://www.google.com/maps/contrib/107484504761368955075/reviews?hl=en-US","Review_time":"10 months ago","Review":"","Likes":""},{"Name":"","Category":"","Rating":" 3 stars ","Number_of_Reviews":"","Address":"","Reviewer":"D P","Reviewer_page":"https://www.google.com/maps/contrib/114521081652877119818/reviews?hl=en-US","Review_time":"2 years ago","Review":"","Likes":""},{"Name":"","Category":"","Rating":" 5 stars ","Number_of_Reviews":"","Address":"","Reviewer":"Tony Toubia","Reviewer_page":"https://www.google.com/maps/contrib/116909470383459616153/reviews?hl=en-US","Review_time":"3 years ago","Review":"","Likes":""},{"Name":"","Category":"","Rating":" 3 stars ","Number_of_Reviews":"","Address":"","Reviewer":"Tony Li","Reviewer_page":"https://www.google.com/maps/contrib/107382908793521565339/reviews?hl=en-US","Review_time":"5 years ago","Review":"","Likes":""},{"Name":"","Category":"","Rating":" 5 stars ","Number_of_Reviews":"","Address":"","Reviewer":"Francisco Perez","Reviewer_page":"https://www.google.com/maps/contrib/114797586255620712544/reviews?hl=en-US","Review_time":"a year ago","Review":"","Likes":""},{"Name":"","Category":"","Rating":" 1 star ","Number_of_Reviews":"","Address":"","Reviewer":"Kristina Fridman","Reviewer_page":"https://www.google.com/maps/contrib/117873781264559485098/reviews?hl=en-US","Review_time":"4 years ago","Review":"","Likes":""},{"Name":"","Category":"","Rating":" 3 stars ","Number_of_Reviews":"","Address":"","Reviewer":"David Modric","Reviewer_page":"https://www.google.com/maps/contrib/112131631105353373623/reviews?hl=en-US","Review_time":"2 years ago","Review":"","Likes":""},{"Name":"","Category":"","Rating":" 2 stars ","Number_of_Reviews":"","Address":"","Reviewer":"Mel Myles","Reviewer_page":"https://www.google.com/maps/contrib/106802361814985380803/reviews?hl=en-US","Review_time":"3 years ago","Review":"","Likes":""},{"Name":"","Category":"","Rating":" 3 stars ","Number_of_Reviews":"","Address":"","Reviewer":"Jose Hernandez","Reviewer_page":"https://www.google.com/maps/contrib/105729445813699625335/reviews?hl=en-US","Review_time":"2 years ago","Review":"","Likes":""},{"Name":"","Category":"","Rating":" 4 stars ","Number_of_Reviews":"","Address":"","Reviewer":"Eduardo Gutierrez","Reviewer_page":"https://www.google.com/maps/contrib/115152046839962609245/reviews?hl=en-US","Review_time":"a year ago","Review":"","Likes":""},{"Name":"","Category":"","Rating":" 2 stars ","Number_of_Reviews":"","Address":"","Reviewer":"Marine Chevereau","Reviewer_page":"https://www.google.com/maps/contrib/102296579269227975105/reviews?hl=en-US","Review_time":"3 years ago","Review":"","Likes":""},{"Name":"","Category":"","Rating":" 5 stars ","Number_of_Reviews":"","Address":"","Reviewer":"Luis Anibal","Reviewer_page":"https://www.google.com/maps/contrib/109489941240896356316/reviews?hl=en-US","Review_time":"9 months ago","Review":"","Likes":""},{"Name":"","Category":"","Rating":" 5 stars ","Number_of_Reviews":"","Address":"","Reviewer":"brian romero","Reviewer_page":"https://www.google.com/maps/contrib/110295506910869297331/reviews?hl=en-US","Review_time":"11 months ago","Review":"","Likes":""},{"Name":"","Category":"","Rating":" 4 stars ","Number_of_Reviews":"","Address":"","Reviewer":"Elie Boustany","Reviewer_page":"https://www.google.com/maps/contrib/116642584743789428936/reviews?hl=en-US","Review_time":"3 years ago","Review":"","Likes":""},{"Name":"","Category":"","Rating":" 5 stars ","Number_of_Reviews":"","Address":"","Reviewer":"Jason Stackhouse","Reviewer_page":"https://www.google.com/maps/contrib/106258722135268784832/reviews?hl=en-US","Review_time":"a year ago","Review":"","Likes":""},{"Name":"","Category":"","Rating":" 4 stars ","Number_of_Reviews":"","Address":"","Reviewer":"Clynton Trewyn","Reviewer_page":"https://www.google.com/maps/contrib/107383963317723228295/reviews?hl=en-US","Review_time":"4 years ago","Review":"","Likes":""},{"Name":"","Category":"","Rating":" 2 stars ","Number_of_Reviews":"","Address":"","Reviewer":"Melly Noris","Reviewer_page":"https://www.google.com/maps/contrib/102563186119532159350/reviews?hl=en-US","Review_time":"3 years ago","Review":"","Likes":""},{"Name":"","Category":"","Rating":" 5 stars ","Number_of_Reviews":"","Address":"","Reviewer":"Mohammed Savage","Reviewer_page":"https://www.google.com/maps/contrib/101456886446927538957/reviews?hl=en-US","Review_time":"4 years ago","Review":"","Likes":""},{"Name":"","Category":"","Rating":" 4 stars ","Number_of_Reviews":"","Address":"","Reviewer":"Oliver Ramos","Reviewer_page":"https://www.google.com/maps/contrib/108045227184872088211/reviews?hl=en-US","Review_time":"3 years ago","Review":"","Likes":""},{"Name":"","Category":"","Rating":" 3 stars ","Number_of_Reviews":"","Address":"","Reviewer":"William Merritt","Reviewer_page":"https://www.google.com/maps/contrib/104250542324706600907/reviews?hl=en-US","Review_time":"2 years ago","Review":"","Likes":""},{"Name":"","Category":"","Rating":" 5 stars ","Number_of_Reviews":"","Address":"","Reviewer":"Reynaldo Gomez's mendez","Reviewer_page":"https://www.google.com/maps/contrib/111389100429418467874/reviews?hl=en-US","Review_time":"7 months ago","Review":"","Likes":""},{"Name":"","Category":"","Rating":" 5 stars ","Number_of_Reviews":"","Address":"","Reviewer":"Eric Schmidt","Reviewer_page":"https://www.google.com/maps/contrib/104938935711206890204/reviews?hl=en-US","Review_time":"2 years ago","Review":"","Likes":""},{"Name":"","Category":"","Rating":" 5 stars ","Number_of_Reviews":"","Address":"","Reviewer":"Peter Vasas","Reviewer_page":"https://www.google.com/maps/contrib/108773554284649166159/reviews?hl=en-US","Review_time":"2 years ago","Review":"","Likes":""},{"Name":"","Category":"","Rating":" 5 stars ","Number_of_Reviews":"","Address":"","Reviewer":"David Lisy","Reviewer_page":"https://www.google.com/maps/contrib/113382618345602409744/reviews?hl=en-US","Review_time":"3 years ago","Review":"","Likes":""},{"Name":"","Category":"","Rating":" 5 stars ","Number_of_Reviews":"","Address":"","Reviewer":"AHSAN MAHMOOD","Reviewer_page":"https://www.google.com/maps/contrib/117481241994568526325/reviews?hl=en-US","Review_time":"6 years ago","Review":"","Likes":""},{"Name":"","Category":"","Rating":" 4 stars ","Number_of_Reviews":"","Address":"","Reviewer":"Mattia Valler","Reviewer_page":"https://www.google.com/maps/contrib/111601239276475410107/reviews?hl=en-US","Review_time":"2 years ago","Review":"","Likes":""},{"Name":"","Category":"","Rating":" 4 stars ","Number_of_Reviews":"","Address":"","Reviewer":"Russ DeLaCruz","Reviewer_page":"https://www.google.com/maps/contrib/102837018469830210531/reviews?hl=en-US","Review_time":"3 years ago","Review":"","Likes":""},{"Name":"","Category":"","Rating":" 4 stars ","Number_of_Reviews":"","Address":"","Reviewer":"Luke Preston","Reviewer_page":"https://www.google.com/maps/contrib/115306823678478649625/reviews?hl=en-US","Review_time":"2 years ago","Review":"","Likes":""},{"Name":"","Category":"","Rating":" 4 stars ","Number_of_Reviews":"","Address":"","Reviewer":"Kevin O'Sullivan","Reviewer_page":"https://www.google.com/maps/contrib/109952194255395688859/reviews?hl=en-US","Review_time":"3 years ago","Review":"","Likes":""},{"Name":"","Category":"","Rating":" 5 stars ","Number_of_Reviews":"","Address":"","Reviewer":"Bouzenacha Zineb","Reviewer_page":"https://www.google.com/maps/contrib/111303443344967939080/reviews?hl=en-US","Review_time":"3 years ago","Review":"","Likes":""},{"Name":"","Category":"","Rating":" 1 star ","Number_of_Reviews":"","Address":"","Reviewer":"Justin Vader","Reviewer_page":"https://www.google.com/maps/contrib/108243121015638052866/reviews?hl=en-US","Review_time":"6 years ago","Review":"","Likes":""},{"Name":"","Category":"","Rating":" 5 stars ","Number_of_Reviews":"","Address":"","Reviewer":"Amanda Kaiser","Reviewer_page":"https://www.google.com/maps/contrib/112060491905375949463/reviews?hl=en-US","Review_time":"4 years ago","Review":"","Likes":""},{"Name":"","Category":"","Rating":" 5 stars ","Number_of_Reviews":"","Address":"","Reviewer":"David Irizarry","Reviewer_page":"https://www.google.com/maps/contrib/114339315838472886622/reviews?hl=en-US","Review_time":"3 years ago","Review":"","Likes":""},{"Name":"","Category":"","Rating":" 4 stars ","Number_of_Reviews":"","Address":"","Reviewer":"jonathan castillo","Reviewer_page":"https://www.google.com/maps/contrib/110742699936330129074/reviews?hl=en-US","Review_time":"2 years ago","Review":"","Likes":""},{"Name":"","Category":"","Rating":" 5 stars ","Number_of_Reviews":"","Address":"","Reviewer":"MAIKEL COCO","Reviewer_page":"https://www.google.com/maps/contrib/117471127326397659662/reviews?hl=en-US","Review_time":"2 years ago","Review":"","Likes":""},{"Name":"","Category":"","Rating":" 4 stars ","Number_of_Reviews":"","Address":"","Reviewer":"Daniel OSullivan","Reviewer_page":"https://www.google.com/maps/contrib/109471467597788632963/reviews?hl=en-US","Review_time":"2 years ago","Review":"","Likes":""},{"Name":"","Category":"","Rating":" 5 stars ","Number_of_Reviews":"","Address":"","Reviewer":"jacquelyn ramos","Reviewer_page":"https://www.google.com/maps/contrib/115471794729272499553/reviews?hl=en-US","Review_time":"3 years ago","Review":"","Likes":""},{"Name":"","Category":"","Rating":" 5 stars ","Number_of_Reviews":"","Address":"","Reviewer":"Selena Welborn","Reviewer_page":"https://www.google.com/maps/contrib/105880144412323744194/reviews?hl=en-US","Review_time":"3 years ago","Review":"","Likes":""},{"Name":"","Category":"","Rating":" 4 stars ","Number_of_Reviews":"","Address":"","Reviewer":"Roel Gregorio","Reviewer_page":"https://www.google.com/maps/contrib/107303444093086471233/reviews?hl=en-US","Review_time":"7 months ago","Review":"","Likes":""},{"Name":"","Category":"","Rating":" 2 stars ","Number_of_Reviews":"","Address":"","Reviewer":"איתי אזולאי","Reviewer_page":"https://www.google.com/maps/contrib/100755691177069950159/reviews?hl=en-US","Review_time":"2 years ago","Review":"","Likes":""},{"Name":"","Category":"","Rating":" 4 stars ","Number_of_Reviews":"","Address":"","Reviewer":"Chris Lovastik","Reviewer_page":"https://www.google.com/maps/contrib/106404112940537706922/reviews?hl=en-US","Review_time":"3 years ago","Review":"","Likes":""},{"Name":"","Category":"","Rating":" 4 stars ","Number_of_Reviews":"","Address":"","Reviewer":"Yaritza Mundarain","Reviewer_page":"https://www.google.com/maps/contrib/116779795022226590917/reviews?hl=en-US","Review_time":"5 years ago","Review":"","Likes":""},{"Name":"","Category":"","Rating":" 3 stars ","Number_of_Reviews":"","Address":"","Reviewer":"Halmoni Ajunea","Reviewer_page":"https://www.google.com/maps/contrib/104201684303869966308/reviews?hl=en-US","Review_time":"4 years ago","Review":"","Likes":""},{"Name":"","Category":"","Rating":" 3 stars ","Number_of_Reviews":"","Address":"","Reviewer":"Qi Zeng","Reviewer_page":"https://www.google.com/maps/contrib/113677970541220323428/reviews?hl=en-US","Review_time":"6 years ago","Review":"","Likes":""},{"Name":"","Category":"","Rating":" 5 stars ","Number_of_Reviews":"","Address":"","Reviewer":"Nia B","Reviewer_page":"https://www.google.com/maps/contrib/116449717242212400630/reviews?hl=en-US","Review_time":"4 years ago","Review":"","Likes":""},{"Name":"","Category":"","Rating":" 5 stars ","Number_of_Reviews":"","Address":"","Reviewer":"Mike Brenneman","Reviewer_page":"https://www.google.com/maps/contrib/110145929369208455292/reviews?hl=en-US","Review_time":"10 months ago","Review":"","Likes":""},{"Name":"","Category":"","Rating":" 4 stars ","Number_of_Reviews":"","Address":"","Reviewer":"Brandon Cheng","Reviewer_page":"https://www.google.com/maps/contrib/106629314083356289844/reviews?hl=en-US","Review_time":"3 years ago","Review":"","Likes":""},{"Name":"","Category":"","Rating":" 5 stars ","Number_of_Reviews":"","Address":"","Reviewer":"Brenda Perez","Reviewer_page":"https://www.google.com/maps/contrib/111632091826261298968/reviews?hl=en-US","Review_time":"3 years ago","Review":"","Likes":""},{"Name":"","Category":"","Rating":" 5 stars ","Number_of_Reviews":"","Address":"","Reviewer":"Karisma","Reviewer_page":"https://www.google.com/maps/contrib/114323369987327569637/reviews?hl=en-US","Review_time":"4 years ago","Review":"","Likes":""},{"Name":"","Category":"","Rating":" 5 stars ","Number_of_Reviews":"","Address":"","Reviewer":"Sahar E","Reviewer_page":"https://www.google.com/maps/contrib/102473619411475091680/reviews?hl=en-US","Review_time":"5 years ago","Review":"","Likes":""},{"Name":"","Category":"","Rating":" 4 stars ","Number_of_Reviews":"","Address":"","Reviewer":"Miguel Villarreal","Reviewer_page":"https://www.google.com/maps/contrib/117081689908945979537/reviews?hl=en-US","Review_time":"3 years ago","Review":"","Likes":""},{"Name":"","Category":"","Rating":" 4 stars ","Number_of_Reviews":"","Address":"","Reviewer":"Jacob Marks","Reviewer_page":"https://www.google.com/maps/contrib/112689482779766015362/reviews?hl=en-US","Review_time":"2 years ago","Review":"","Likes":""},{"Name":"","Category":"","Rating":" 5 stars ","Number_of_Reviews":"","Address":"","Reviewer":"La Gubertessa","Reviewer_page":"https://www.google.com/maps/contrib/116127190582932948448/reviews?hl=en-US","Review_time":"4 years ago","Review":"","Likes":""},{"Name":"","Category":"","Rating":" 3 stars ","Number_of_Reviews":"","Address":"","Reviewer":"Sebastián Ignacio Caserio","Reviewer_page":"https://www.google.com/maps/contrib/108098265859490611422/reviews?hl=en-US","Review_time":"a year ago","Review":"","Likes":""},{"Name":"","Category":"","Rating":" 3 stars ","Number_of_Reviews":"","Address":"","Reviewer":"Julian Ostarek","Reviewer_page":"https://www.google.com/maps/contrib/101208971445026468872/reviews?hl=en-US","Review_time":"4 years ago","Review":"","Likes":""},{"Name":"","Category":"","Rating":" 3 stars ","Number_of_Reviews":"","Address":"","Reviewer":"Disha Aggarwal","Reviewer_page":"https://www.google.com/maps/contrib/103862234497305401853/reviews?hl=en-US","Review_time":"4 years ago","Review":"","Likes":""},{"Name":"","Category":"","Rating":" 4 stars ","Number_of_Reviews":"","Address":"","Reviewer":"María Luz Alvarez","Reviewer_page":"https://www.google.com/maps/contrib/101314820555218952586/reviews?hl=en-US","Review_time":"10 months ago","Review":"","Likes":""},{"Name":"","Category":"","Rating":" 3 stars ","Number_of_Reviews":"","Address":"","Reviewer":"Jacalyn Watkins","Reviewer_page":"https://www.google.com/maps/contrib/114043633618936074477/reviews?hl=en-US","Review_time":"2 years ago","Review":"","Likes":""},{"Name":"","Category":"","Rating":" 5 stars ","Number_of_Reviews":"","Address":"","Reviewer":"Sesil Lee","Reviewer_page":"https://www.google.com/maps/contrib/107354795027988221191/reviews?hl=en-US","Review_time":"2 years ago","Review":"","Likes":""},{"Name":"","Category":"","Rating":" 3 stars ","Number_of_Reviews":"","Address":"","Reviewer":"Thushanth Bengre","Reviewer_page":"https://www.google.com/maps/contrib/110314842907923758154/reviews?hl=en-US","Review_time":"4 years ago","Review":"","Likes":""},{"Name":"","Category":"","Rating":" 5 stars ","Number_of_Reviews":"","Address":"","Reviewer":"Deep Bharucha","Reviewer_page":"https://www.google.com/maps/contrib/116667437170504859901/reviews?hl=en-US","Review_time":"a year ago","Review":"","Likes":""},{"Name":"","Category":"","Rating":" 5 stars ","Number_of_Reviews":"","Address":"","Reviewer":"Natalie Fedorov","Reviewer_page":"https://www.google.com/maps/contrib/100832282498072711988/reviews?hl=en-US","Review_time":"a year ago","Review":"","Likes":""},{"Name":"","Category":"","Rating":" 5 stars ","Number_of_Reviews":"","Address":"","Reviewer":"Thomas Reefer","Reviewer_page":"https://www.google.com/maps/contrib/107072211909328422013/reviews?hl=en-US","Review_time":"4 years ago","Review":"","Likes":""},{"Name":"","Category":"","Rating":" 5 stars ","Number_of_Reviews":"","Address":"","Reviewer":"Franklyn Veras (Frank)","Reviewer_page":"https://www.google.com/maps/contrib/115150362684913958834/reviews?hl=en-US","Review_time":"5 months ago","Review":"","Likes":""},{"Name":"","Category":"","Rating":" 5 stars ","Number_of_Reviews":"","Address":"","Reviewer":"Lgor Lugovskiy","Reviewer_page":"https://www.google.com/maps/contrib/115868517110451756981/reviews?hl=en-US","Review_time":"a year ago","Review":"","Likes":""},{"Name":"","Category":"","Rating":" 5 stars ","Number_of_Reviews":"","Address":"","Reviewer":"E.","Reviewer_page":"https://www.google.com/maps/contrib/101462074793901270876/reviews?hl=en-US","Review_time":"5 years ago","Review":"","Likes":""},{"Name":"","Category":"","Rating":" 1 star ","Number_of_Reviews":"","Address":"","Reviewer":"へむへむめあり","Reviewer_page":"https://www.google.com/maps/contrib/113097720699564570277/reviews?hl=en-US","Review_time":"3 years ago","Review":"","Likes":""},{"Name":"","Category":"","Rating":" 4 stars ","Number_of_Reviews":"","Address":"","Reviewer":"Eder Carvalho Magalhães","Reviewer_page":"https://www.google.com/maps/contrib/112513009943631177129/reviews?hl=en-US","Review_time":"5 years ago","Review":"","Likes":""},{"Name":"","Category":"","Rating":" 5 stars ","Number_of_Reviews":"","Address":"","Reviewer":"Jeffrey Callan","Reviewer_page":"https://www.google.com/maps/contrib/105528726017418889819/reviews?hl=en-US","Review_time":"2 years ago","Review":"","Likes":""},{"Name":"","Category":"","Rating":" 5 stars ","Number_of_Reviews":"","Address":"","Reviewer":"Sebastian van de Zweerde","Reviewer_page":"https://www.google.com/maps/contrib/116358059541478758799/reviews?hl=en-US","Review_time":"4 years ago","Review":"","Likes":""},{"Name":"","Category":"","Rating":" 5 stars ","Number_of_Reviews":"","Address":"","Reviewer":"Icaro DeOliveira","Reviewer_page":"https://www.google.com/maps/contrib/100462866994261207890/reviews?hl=en-US","Review_time":"2 years ago","Review":"","Likes":""},{"Name":"","Category":"","Rating":" 5 stars ","Number_of_Reviews":"","Address":"","Reviewer":"Corneles Sumaila","Reviewer_page":"https://www.google.com/maps/contrib/100075301992765025447/reviews?hl=en-US","Review_time":"6 months ago","Review":"","Likes":""},{"Name":"","Category":"","Rating":" 5 stars ","Number_of_Reviews":"","Address":"","Reviewer":"Capital City Promotions & Candle","Reviewer_page":"https://www.google.com/maps/contrib/117141046580955818241/reviews?hl=en-US","Review_time":"a year ago","Review":"","Likes":""},{"Name":"","Category":"","Rating":" 4 stars ","Number_of_Reviews":"","Address":"","Reviewer":"Jay Akhtar","Reviewer_page":"https://www.google.com/maps/contrib/114649377965309926737/reviews?hl=en-US","Review_time":"5 years ago","Review":"","Likes":""}