[{"Name":"","Category":"","Rating":" 5 stars ","Number_of_Reviews":"","Address":"","Reviewer":"Andy White","Reviewer_page":"https://www.google.com/maps/contrib/113486064448775289884/reviews?hl=en-US","Review_time":"4 years ago","Review":"Coffee is hot and the service is good. Nice place to sit and enjoy a drink. Good wifi","Likes":""},{"Name":"","Category":"","Rating":" 5 stars ","Number_of_Reviews":"","Address":"","Reviewer":"A. Giglio","Reviewer_page":"https://www.google.com/maps/contrib/117096018485718796375/reviews?hl=en-US","Review_time":"a year ago","Review":"This has to be the nicest experience I’ve ever had at Starbucks. The staff is a joy, only took about 3 days to learn my name and order. Always have my order ready at arrival, the store is pristine clean. One of the baristas I think his name is Tawan, very attentive and nice. The coffee is amazing there as well.","Likes":"2"},{"Name":"","Category":"","Rating":" 4 stars ","Number_of_Reviews":"","Address":"","Reviewer":"Crystal","Reviewer_page":"https://www.google.com/maps/contrib/115794345623080982762/reviews?hl=en-US","Review_time":"3 years ago","Review":"Just learned what a Reserve Starbucks is, though I've certainly been to others before 😄 it's a very nice store compared to most other Starbucks.\n\nMy pour over decaf tasted great.\n\nStore is extremely cold, over air-conditioned. The water spout next to the drink fixing station (napkins, milk) is excellent, but there in only one electrical outlet in the whole store!","Likes":"1"},{"Name":"","Category":"","Rating":" 4 stars ","Number_of_Reviews":"","Address":"","Reviewer":"Connor Gillis","Reviewer_page":"https://www.google.com/maps/contrib/103289527392659018213/reviews?hl=en-US","Review_time":"3 years ago","Review":"The coffee tastes just like any other Starbucks location - over roasted and burnt just dressed in fancier names. However, this location still earns a high rating because the service here is top notch, the decor is gorgeous, and the food is worth purchasing.\n\nThe only thing I wish they would add is outlets for those of us who wish to work here all day. I planned to purchase drinks throughout my entire stay, but I have to relocate since I can't keep my computer charged.","Likes":""},{"Name":"","Category":"","Rating":" 4 stars ","Number_of_Reviews":"","Address":"","Reviewer":"The World Review","Reviewer_page":"https://www.google.com/maps/contrib/113333147780958712698/reviews?hl=en-US","Review_time":"5 years ago","Review":"This is one of my favorite Starbucks! Super cozy and very clean in a cozy location. Well styled decor, different than usual starbucks. Staff is either a very nice engaging person or  an inattentive one. Small and feels so exclusive and private for a Starbucks, its wonderful.\n\n-The World Review NY","Likes":""},{"Name":"","Category":"","Rating":" 3 stars ","Number_of_Reviews":"","Address":"","Reviewer":"Cassandra Stark","Reviewer_page":"https://www.google.com/maps/contrib/110652902285346720735/reviews?hl=en-US","Review_time":"2 years ago","Review":"An extra star for the impressive store and fun environment. But I’m a little sad that even with higher class extraction, the coffee is still classic burnt Starbucks flavor. Other Starbucks Reserve-like stores (Hong Kong, for ex) manage around that flavor to give good coffee notes.","Likes":""},{"Name":"","Category":"","Rating":" 1 star ","Number_of_Reviews":"","Address":"","Reviewer":"Agile Stalecrix (Agie)","Reviewer_page":"https://www.google.com/maps/contrib/100128944323957461725/reviews?hl=en-US","Review_time":"5 years ago","Review":"The place is well staffed but they spend more time standing around idly chitchatting than getting the orders out. There are three workers standing by the pastries and just one making coffee. Yup. That makes sense. At 9 a.m. on a weekday. This is why the lines are always long. Always. And even when the lines are short, service is still slow. So slow. And there's never an apology for the 20 minute wait for a latte. Just general insouciance. And tie that in with the various barristers with dirty nails that like to put their fingers inside of your cup and all over the top of your lid. This place is an absolute NO for me. So it's a good thing there are 4 more Starbucks in a 5 block radius. I say try your luck elsewhere.","Likes":"2"},{"Name":"","Category":"","Rating":" 4 stars ","Number_of_Reviews":"","Address":"","Reviewer":"Neil Taylor","Reviewer_page":"https://www.google.com/maps/contrib/113108779483256176819/reviews?hl=en-US","Review_time":"4 years ago","Review":"A great sampler Starbuck with a different vibe to it. Casual and welcoming. This place actually has a soul to it and not like the corporate feel of others in the franchise that I have used. …","Likes":""},{"Name":"","Category":"","Rating":" 5 stars ","Number_of_Reviews":"","Address":"","Reviewer":"Rosalyn Lee","Reviewer_page":"https://www.google.com/maps/contrib/112755650580897440774/reviews?hl=en-US","Review_time":"2 years ago","Review":"Love the experience and the staff is top rate! My coffee was too sweet and the breakfast sandwich still cold in the middle. They fixed it right away, without a fuss, and even brought it to my table! The way customer service ought to be.","Likes":""},{"Name":"","Category":"","Rating":" 1 star ","Number_of_Reviews":"","Address":"","Reviewer":"Tobias Müller","Reviewer_page":"https://www.google.com/maps/contrib/112845715950921760333/reviews?hl=en-US","Review_time":"3 years ago","Review":"When talking to a guy behind the counter when waiting for our turn to order learned that this is the best place to get coffee, espresso and ristretto.\n\nWhen it was our turn to order I learned that this shop only uses arabica beans. I was given no explanation why that's the case (and all I know about coffee tells me this is rather weird). Our two double ristrettos have been served in regular Starbucks style by shouting the name given. We took our tray and searched for a spot. Found one, only to be turned away by a waitress telling us only special customers are allowed to sit there.\n\nAs no other space was left to sit. We sat down at the stairway in the middle of the store. There we cleared our mouths with the provided water (to our big and unpleasant surprise it was sparkling water) and finished the double ristrettos.\n\nThe coffee weren't especially good\nbut definitely not bad either. Nevertheless I'll never be back, as this store is neither meeting the demands of a regular Starbucks customer (no frappuchino and slow service)  nor the ones of a coffee lover (e.g. no space to sit down, Insufficient information, not very friendly staff, rather loud).","Likes":""},{"Name":"","Category":"","Rating":" 5 stars ","Number_of_Reviews":"","Address":"","Reviewer":"Chaya Dewan","Reviewer_page":"https://www.google.com/maps/contrib/101410787205550745365/reviews?hl=en-US","Review_time":"4 years ago","Review":"Really cool starbucks that feels like coffee bar. Love the lay out and decor. I tried Nitro coffee and it was great. I haven't seen it being served at many locations and this location has it. The staff is very friendly too which makes the experience even better","Likes":""},{"Name":"","Category":"","Rating":" 1 star ","Number_of_Reviews":"","Address":"","Reviewer":"Jens Stündel","Reviewer_page":"https://www.google.com/maps/contrib/106156175952656763010/reviews?hl=en-US","Review_time":"3 years ago","Review":"Unfortunately, this is not really a Starbucks Reserve. They only offer a couple of additional coffees, but not the range of a Reserve. And none of the delicious cakes known from a Reserve. If you want the real coffee house flair of a Starbucks Reserve better go to the one on 9th Ave.","Likes":"1"},{"Name":"","Category":"","Rating":" 5 stars ","Number_of_Reviews":"","Address":"","Reviewer":"Bella Yuhan Lu","Reviewer_page":"https://www.google.com/maps/contrib/113204155917057274491/reviews?hl=en-US","Review_time":"4 years ago","Review":"This is definitely the best Starbucks in the city!","Likes":"1"},{"Name":"","Category":"","Rating":" 2 stars ","Number_of_Reviews":"","Address":"","Reviewer":"Dasha Mosley","Reviewer_page":"https://www.google.com/maps/contrib/117817311182501836353/reviews?hl=en-US","Review_time":"5 years ago","Review":"This coffee place working slower than a post office. It took 3 minutes to get a cookie in an empty place. There were 2 cashiers and 2 other people available and no other customers. 3 minutes!!!\n\n15 minutes to make me tea the other day. After waiting for 10 minutes I approached them to ask about my tea, and they said they didn't have what I ordered (based on their own recommendation). So it took them another 5 minutes to pour boiling water over the tea. I would only order coffee at that place only if I had 30 minutes to spare waiting for it but I never have it.","Likes":""},{"Name":"","Category":"","Rating":" 3 stars ","Number_of_Reviews":"","Address":"","Reviewer":"Jeffrey Chew","Reviewer_page":"https://www.google.com/maps/contrib/102517008657768651609/reviews?hl=en-US","Review_time":"4 years ago","Review":"This is probably one of my least favorite Starbucks, and considering it is a Reserve location, I expected a bit more. The space is small, narrow, and not as comfortable or welcoming as other reserve locations. Seating is mostly a long, narrow table with stools. When you are waiting for your drinks, you are pretty much right by the backs of the people sitting at the end of this table. Waiting is another thing...I had to wait a bit for my order. I only got one of my drinks (a clover brew), but had to nudge another guy for my other drink. Seemed like the order got lost, so he went ahead and made it right then and there. The other nearby Starbucks Reserve on 9th and Broadway is overall a nicer space and better run.","Likes":""},{"Name":"","Category":"","Rating":" 5 stars ","Number_of_Reviews":"","Address":"","Reviewer":"Courtney Boyd","Reviewer_page":"https://www.google.com/maps/contrib/115549453491066679356/reviews?hl=en-US","Review_time":"2 years ago","Review":"As a coffee addict & former barista, going here was like going to the coffee Mecca. Wow, just wow. It’s honestly hard to put into words but here’s some simple terms that come to mind: aesthetic, service, warm, invigorating, aroma, excellence, NECESSARY.\nMake this one a priority because there’s only a few in the whole wide world & this one it’s amazing!!!","Likes":""},{"Name":"","Category":"","Rating":" 5 stars ","Number_of_Reviews":"","Address":"","Reviewer":"Saurabh Mody","Reviewer_page":"https://www.google.com/maps/contrib/114823565271643337486/reviews?hl=en-US","Review_time":"5 years ago","Review":"The ambience at this location is fantastic. Although small, they more than make up for it by the great service. One of the few Starbucks in New York that carries the Starbucks Reserve brand of coffee.","Likes":"1"},{"Name":"","Category":"","Rating":" 1 star ","Number_of_Reviews":"","Address":"","Reviewer":"Michelle H.","Reviewer_page":"https://www.google.com/maps/contrib/106683982647767172114/reviews?hl=en-US","Review_time":"3 years ago","Review":"This Starbucks outlet is the worst. The barista is rude and they do not take your name at the counter. When they mess up your order they do not apologize but instead blame the customer. The rude barista is called Z on her name tag.","Likes":"1"},{"Name":"","Category":"","Rating":" 5 stars ","Number_of_Reviews":"","Address":"","Reviewer":"Heather Hinson","Reviewer_page":"https://www.google.com/maps/contrib/107129350100703550123/reviews?hl=en-US","Review_time":"3 years ago","Review":"William, Sammy and Kiara really took their service to the next level at the experience bar! Thank you for making this fellow barista's visit an absolutely amazing adventure. Highly recommend visiting this lovely roastery and bar!!","Likes":""},{"Name":"","Category":"","Rating":" 1 star ","Number_of_Reviews":"","Address":"","Reviewer":"Kim Jiyeon","Reviewer_page":"https://www.google.com/maps/contrib/118131191555524482473/reviews?hl=en-US","Review_time":"4 years ago","Review":"Since when did “light” frappuccino had whipped cream? Also, although I ordered by app, (and it took only 1 min to get there) I had to wait for 10 mins just because they didn’t call my name and I didn’t know my drinks were ready!","Likes":""},{"Name":"","Category":"","Rating":" 5 stars ","Number_of_Reviews":"","Address":"","Reviewer":"Samrat Panthi","Reviewer_page":"https://www.google.com/maps/contrib/117356932572562969190/reviews?hl=en-US","Review_time":"2 years ago","Review":"I haven't been there too much but for the 3-4 times I was there our drinks were made close to perfection. Thank you Baristas 🙏. Your efforts are appreciated.","Likes":"1"},{"Name":"","Category":"","Rating":" 5 stars ","Number_of_Reviews":"","Address":"","Reviewer":"Tommy Vercetti","Reviewer_page":"https://www.google.com/maps/contrib/109512577424282378088/reviews?hl=en-US","Review_time":"2 years ago","Review":"Wonderful service wonderfully made coffee respectful to my dog and girlfriend and I'm done everything they can in their best ways to make me continue ordering coffee from their location thank you so much for the best customer service I have ever seen in any Starbucks in my life","Likes":"1"},{"Name":"","Category":"","Rating":" 4 stars ","Number_of_Reviews":"","Address":"","Reviewer":"Roberta Chiocchetti","Reviewer_page":"https://www.google.com/maps/contrib/101505186368338226346/reviews?hl=en-US","Review_time":"3 years ago","Review":"Nice, but I like regular Starbucks better. As Italian, I can say it's not like the Italian coffee... it's a cool place to visit tho!","Likes":""},{"Name":"","Category":"","Rating":" 5 stars ","Number_of_Reviews":"","Address":"","Reviewer":"Scott Kleinberg","Reviewer_page":"https://www.google.com/maps/contrib/107048308239777445040/reviews?hl=en-US","Review_time":"3 years ago","Review":"The Starbucks Reserve locations are like flying business or first class. Some of the regular ones are like the middle seat near the bathroom.","Likes":""},{"Name":"","Category":"","Rating":" 4 stars ","Number_of_Reviews":"","Address":"","Reviewer":"Valerie Seckler","Reviewer_page":"https://www.google.com/maps/contrib/108717993336505596430/reviews?hl=en-US","Review_time":"a year ago","Review":"Starbucks served a solid and on time cup of brewed coffee. As of early Summer, this location closed permanently.","Likes":"1"},{"Name":"","Category":"","Rating":" 1 star ","Number_of_Reviews":"","Address":"","Reviewer":"Chelsea Reyes","Reviewer_page":"https://www.google.com/maps/contrib/109503154403253746391/reviews?hl=en-US","Review_time":"4 years ago","Review":"I wish I could give them zero stars. I just waited 20 mins for a cold brew. A cold brew should not take this long. Completely ignored me when I reminded them as well. Not coming back.","Likes":""},{"Name":"","Category":"","Rating":" 5 stars ","Number_of_Reviews":"","Address":"","Reviewer":"Chris","Reviewer_page":"https://www.google.com/maps/contrib/113705876987508610744/reviews?hl=en-US","Review_time":"2 years ago","Review":"Great place, I really enjoyed my coffee, it’s really beautiful and bakery selection is great fresh and very delicious.","Likes":""},{"Name":"","Category":"","Rating":" 1 star ","Number_of_Reviews":"","Address":"","Reviewer":"Molly Cross","Reviewer_page":"https://www.google.com/maps/contrib/103117600901569580112/reviews?hl=en-US","Review_time":"4 years ago","Review":"Worst lattes I have ever had. I got a London Fog and it tasted like left over milk with no vanilla. Thanks for an undrinkable five dollar drink.","Likes":"1"},{"Name":"","Category":"","Rating":" 5 stars ","Number_of_Reviews":"","Address":"","Reviewer":"Nicholas Matranga","Reviewer_page":"https://www.google.com/maps/contrib/107676275920297931873/reviews?hl=en-US","Review_time":"3 years ago","Review":"Very nice location. The one barista who helped me, I think his name was Tyler, he was so helpful. Give this guy a raise!","Likes":"1"},{"Name":"","Category":"","Rating":" 5 stars ","Number_of_Reviews":"","Address":"","Reviewer":"Steve Blake","Reviewer_page":"https://www.google.com/maps/contrib/113492888131260229984/reviews?hl=en-US","Review_time":"3 years ago","Review":"One of the nicest decorated Starbucks I’ve seen","Likes":""},{"Name":"","Category":"","Rating":" 5 stars ","Number_of_Reviews":"","Address":"","Reviewer":"Ray B.","Reviewer_page":"https://www.google.com/maps/contrib/107684437598999372752/reviews?hl=en-US","Review_time":"2 years ago","Review":"As a Starbucks Gold Member since 2016, I wish there are more Starbucks Reserve like here. I love Starbucks Reserve.","Likes":"6"},{"Name":"","Category":"","Rating":" 5 stars ","Number_of_Reviews":"","Address":"","Reviewer":"Ashely Henry","Reviewer_page":"https://www.google.com/maps/contrib/100001373000303700039/reviews?hl=en-US","Review_time":"3 years ago","Review":"Great customer service 👍 awesome vibes and cleanliness is 🙏🏽","Likes":"1"},{"Name":"","Category":"","Rating":" 2 stars ","Number_of_Reviews":"","Address":"","Reviewer":"Eric Montgomery","Reviewer_page":"https://www.google.com/maps/contrib/104395174120861912121/reviews?hl=en-US","Review_time":"4 years ago","Review":"Ordered a tea through the app, 15 mins later I’m still waiting on it and the store only has 5 people in it. It really shouldn’t be difficult.","Likes":""},{"Name":"","Category":"","Rating":" 5 stars ","Number_of_Reviews":"","Address":"","Reviewer":"Eder Bello Tejeda","Reviewer_page":"https://www.google.com/maps/contrib/108343103157000590179/reviews?hl=en-US","Review_time":"3 years ago","Review":"Reserve is a cool spot to visit. Excellent service from Stephanie at the bar. Would recommend to anyone. It’s worth the visit!","Likes":""},{"Name":"","Category":"","Rating":" 4 stars ","Number_of_Reviews":"","Address":"","Reviewer":"Lauren Soudermett","Reviewer_page":"https://www.google.com/maps/contrib/107592535374492443954/reviews?hl=en-US","Review_time":"3 years ago","Review":"Fun location, socially pleasant staff! Was a good pop in to get out of the cold . Bathroom code 62790","Likes":"1"},{"Name":"","Category":"","Rating":" 5 stars ","Number_of_Reviews":"","Address":"","Reviewer":"Sam Youtube","Reviewer_page":"https://www.google.com/maps/contrib/112868656047321966745/reviews?hl=en-US","Review_time":"3 years ago","Review":"I like customer service guys the best & very friendly, Thats one of best Starbucks in the NYC. Thank you","Likes":""},{"Name":"","Category":"","Rating":" 5 stars ","Number_of_Reviews":"","Address":"","Reviewer":"Tina Yu","Reviewer_page":"https://www.google.com/maps/contrib/117174404286750545983/reviews?hl=en-US","Review_time":"3 years ago","Review":"Got the affogato, was delish!","Likes":""},{"Name":"","Category":"","Rating":" 1 star ","Number_of_Reviews":"","Address":"","Reviewer":"Rafael Micha","Reviewer_page":"https://www.google.com/maps/contrib/114298404187762809614/reviews?hl=en-US","Review_time":"2 years ago","Review":"Pretentious & unprofesional servers (Billy) in a \"fishbowl\" \"lifestyle\" scenario w/lazy & uncommitted staff not willing even to break a $100 bill to pay for a six dollar much overpriced coffee","Likes":""},{"Name":"","Category":"","Rating":" 5 stars ","Number_of_Reviews":"","Address":"","Reviewer":"Lori Nation","Reviewer_page":"https://www.google.com/maps/contrib/118078988661574419506/reviews?hl=en-US","Review_time":"2 years ago","Review":"Nice atmosphere, friendly staff, and my nitro cold brew was delicious!","Likes":""},{"Name":"","Category":"","Rating":" 1 star ","Number_of_Reviews":"","Address":"","Reviewer":"Shahrzad Fadaei","Reviewer_page":"https://www.google.com/maps/contrib/101087400009376114546/reviews?hl=en-US","Review_time":"3 years ago","Review":"Very unorganized, you can waste a lot of time here just wondering around until you find your way. Unfriendly staff. They also don't redeem birthday rewards.","Likes":""},{"Name":"","Category":"","Rating":" 5 stars ","Number_of_Reviews":"","Address":"","Reviewer":"Tina Wang","Reviewer_page":"https://www.google.com/maps/contrib/106797144068056591296/reviews?hl=en-US","Review_time":"3 years ago","Review":"Amazing quality...so much better than the other Starbucks in the area","Likes":""},{"Name":"","Category":"","Rating":" 5 stars ","Number_of_Reviews":"","Address":"","Reviewer":"Amy Lin","Reviewer_page":"https://www.google.com/maps/contrib/116298520465951643813/reviews?hl=en-US","Review_time":"3 years ago","Review":"Spacious space with great selections of coffee, drinks and food. Well designed.","Likes":""},{"Name":"","Category":"","Rating":" 5 stars ","Number_of_Reviews":"","Address":"","Reviewer":"Debby K","Reviewer_page":"https://www.google.com/maps/contrib/106400043979893271647/reviews?hl=en-US","Review_time":"4 years ago","Review":"This has got to be the sexiest Starbucks I have ever been too.","Likes":""},{"Name":"","Category":"","Rating":" 5 stars ","Number_of_Reviews":"","Address":"","Reviewer":"Gerhard Van der Merwe","Reviewer_page":"https://www.google.com/maps/contrib/107104670767403632743/reviews?hl=en-US","Review_time":"2 years ago","Review":"A must visit when you are in New York. If I had a choice of my last coffee. It will be here.","Likes":""},{"Name":"","Category":"","Rating":" 2 stars ","Number_of_Reviews":"","Address":"","Reviewer":"Pauline Quidone","Reviewer_page":"https://www.google.com/maps/contrib/100423198544790725815/reviews?hl=en-US","Review_time":"4 years ago","Review":"They didn't fill up my cup all the way and put too much ice as well.","Likes":""},{"Name":"","Category":"","Rating":" 5 stars ","Number_of_Reviews":"","Address":"","Reviewer":"dwc cwd","Reviewer_page":"https://www.google.com/maps/contrib/100574400826111215353/reviews?hl=en-US","Review_time":"2 years ago","Review":"Great place to get warm We need more AC outlets and throw out any jerk who didn't buy anything","Likes":""},{"Name":"","Category":"","Rating":" 3 stars ","Number_of_Reviews":"","Address":"","Reviewer":"M K","Reviewer_page":"https://www.google.com/maps/contrib/112796835342842353722/reviews?hl=en-US","Review_time":"3 years ago","Review":"Great place to chill but just don't use their bathroom","Likes":""},{"Name":"","Category":"","Rating":" 4 stars ","Number_of_Reviews":"","Address":"","Reviewer":"Salman Faridi","Reviewer_page":"https://www.google.com/maps/contrib/102682526615037047909/reviews?hl=en-US","Review_time":"4 years ago","Review":"Another starbucks at a great spot. Seating is limited.","Likes":"1"},{"Name":"","Category":"","Rating":" 1 star ","Number_of_Reviews":"","Address":"","Reviewer":"mr deedalito","Reviewer_page":"https://www.google.com/maps/contrib/106322781703830588942/reviews?hl=en-US","Review_time":"4 years ago","Review":"There's no outlets yet so much seating for laptop work. Logic!","Likes":""},{"Name":"","Category":"","Rating":" 5 stars ","Number_of_Reviews":"","Address":"","Reviewer":"Cher Oats","Reviewer_page":"https://www.google.com/maps/contrib/107076111971178298254/reviews?hl=en-US","Review_time":"5 years ago","Review":"Friendly quick staff amazing slow coffee bar.","Likes":""},{"Name":"","Category":"","Rating":" 4 stars ","Number_of_Reviews":"","Address":"","Reviewer":"Shakeel Lakhani","Reviewer_page":"https://www.google.com/maps/contrib/101295867575741130732/reviews?hl=en-US","Review_time":"5 years ago","Review":"It's aleays but the service is fast.   Lots of long tables for reading etc.","Likes":""},{"Name":"","Category":"","Rating":" 1 star ","Number_of_Reviews":"","Address":"","Reviewer":"Ada Odreman","Reviewer_page":"https://www.google.com/maps/contrib/102599019296584165000/reviews?hl=en-US","Review_time":"4 years ago","Review":"Worst Starbucks in the area. restrooms not available. Terrible costumer services.","Likes":"1"},{"Name":"","Category":"","Rating":" 5 stars ","Number_of_Reviews":"","Address":"","Reviewer":"Viet NY","Reviewer_page":"https://www.google.com/maps/contrib/108300496363531120578/reviews?hl=en-US","Review_time":"3 years ago","Review":"Wow. It looks like a scene from a movie. One should at least come once to look at the roasting machines.","Likes":""},{"Name":"","Category":"","Rating":" 5 stars ","Number_of_Reviews":"","Address":"","Reviewer":"Santiago Hermo","Reviewer_page":"https://www.google.com/maps/contrib/104176044488479861723/reviews?hl=en-US","Review_time":"3 years ago","Review":"Great idea to enhance the experience of having a coffee","Likes":""},{"Name":"","Category":"","Rating":" 4 stars ","Number_of_Reviews":"","Address":"","Reviewer":"Bruce M. Foster","Reviewer_page":"https://www.google.com/maps/contrib/112111398132776484116/reviews?hl=en-US","Review_time":"2 years ago","Review":"It's convenient to one of my vendors.","Likes":""},{"Name":"","Category":"","Rating":" 5 stars ","Number_of_Reviews":"","Address":"","Reviewer":"Elias Fereja","Reviewer_page":"https://www.google.com/maps/contrib/107909492393264002345/reviews?hl=en-US","Review_time":"3 years ago","Review":"A place to visit. A whole lot more than a coffee shop","Likes":""},{"Name":"","Category":"","Rating":" 1 star ","Number_of_Reviews":"","Address":"","Reviewer":"Ruizhen Mai","Reviewer_page":"https://www.google.com/maps/contrib/103613505685069820368/reviews?hl=en-US","Review_time":"3 years ago","Review":"Rude af, placed a mobile order 20mins ago and still not ready","Likes":""},{"Name":"","Category":"","Rating":" 5 stars ","Number_of_Reviews":"","Address":"","Reviewer":"Ken Chester Jr","Reviewer_page":"https://www.google.com/maps/contrib/100261532920038207691/reviews?hl=en-US","Review_time":"2 years ago","Review":"Good spot to get a coffee & work a bit.","Likes":""},{"Name":"","Category":"","Rating":" 5 stars ","Number_of_Reviews":"","Address":"","Reviewer":"Martin Holland","Reviewer_page":"https://www.google.com/maps/contrib/118409020698328438392/reviews?hl=en-US","Review_time":"3 years ago","Review":"Great coffee never disappointed","Likes":"1"},{"Name":"","Category":"","Rating":" 4 stars ","Number_of_Reviews":"","Address":"","Reviewer":"Anthony Pelaez","Reviewer_page":"https://www.google.com/maps/contrib/116135220521248931034/reviews?hl=en-US","Review_time":"3 years ago","Review":"Variety cofe, I liky store","Likes":""},{"Name":"","Category":"","Rating":" 5 stars ","Number_of_Reviews":"","Address":"","Reviewer":"Braser","Reviewer_page":"https://www.google.com/maps/contrib/116576616422058792517/reviews?hl=en-US","Review_time":"2 years ago","Review":"Small and cramped but great staff!","Likes":""},{"Name":"","Category":"","Rating":" 3 stars ","Number_of_Reviews":"","Address":"","Reviewer":"Steven Salpeter","Reviewer_page":"https://www.google.com/maps/contrib/101715630759540179081/reviews?hl=en-US","Review_time":"4 years ago","Review":"Great concept, but this location is understaffed.","Likes":""},{"Name":"","Category":"","Rating":" 4 stars ","Number_of_Reviews":"","Address":"","Reviewer":"Robert Johnson","Reviewer_page":"https://www.google.com/maps/contrib/107447868840777550203/reviews?hl=en-US","Review_time":"3 years ago","Review":"Good seating, friendly service","Likes":""},{"Name":"","Category":"","Rating":" 5 stars ","Number_of_Reviews":"","Address":"","Reviewer":"kurtaxl santiago","Reviewer_page":"https://www.google.com/maps/contrib/104980329101663124192/reviews?hl=en-US","Review_time":"4 years ago","Review":"My favorite reserve store!","Likes":""},{"Name":"","Category":"","Rating":" 2 stars ","Number_of_Reviews":"","Address":"","Reviewer":"David Y","Reviewer_page":"https://www.google.com/maps/contrib/104369202893266787851/reviews?hl=en-US","Review_time":"5 years ago","Review":"its a totally normal starbucks","Likes":"1"},{"Name":"","Category":"","Rating":" 5 stars ","Number_of_Reviews":"","Address":"","Reviewer":"Ernesto Carr","Reviewer_page":"https://www.google.com/maps/contrib/113681263839472508359/reviews?hl=en-US","Review_time":"3 years ago","Review":"Nice environment,  great service","Likes":""},{"Name":"","Category":"","Rating":" 5 stars ","Number_of_Reviews":"","Address":"","Reviewer":"justaliloff2289","Reviewer_page":"https://www.google.com/maps/contrib/106165402096719385717/reviews?hl=en-US","Review_time":"a year ago","Review":"Loved it","Likes":""},{"Name":"","Category":"","Rating":" 4 stars ","Number_of_Reviews":"","Address":"","Reviewer":"Wanda Valdez","Reviewer_page":"https://www.google.com/maps/contrib/110335298573590468864/reviews?hl=en-US","Review_time":"a year ago","Review":"Good","Likes":""},{"Name":"","Category":"","Rating":" 5 stars ","Number_of_Reviews":"","Address":"","Reviewer":"Quentin Wong","Reviewer_page":"https://www.google.com/maps/contrib/117450224469445422379/reviews?hl=en-US","Review_time":"4 years ago","Review":"Great!","Likes":""},{"Name":"","Category":"","Rating":" 5 stars ","Number_of_Reviews":"","Address":"","Reviewer":"Christopher McBride","Reviewer_page":"https://www.google.com/maps/contrib/117699501629245313569/reviews?hl=en-US","Review_time":"5 years ago","Review":"Love it wonderful ambiance","Likes":""},{"Name":"","Category":"","Rating":" 5 stars ","Number_of_Reviews":"","Address":"","Reviewer":"Anthony Privetera","Reviewer_page":"https://www.google.com/maps/contrib/100161932572293296941/reviews?hl=en-US","Review_time":"3 years ago","Review":"Cool design!","Likes":""},{"Name":"","Category":"","Rating":" 5 stars ","Number_of_Reviews":"","Address":"","Reviewer":"shreyas suresh","Reviewer_page":"https://www.google.com/maps/contrib/104765388884919726434/reviews?hl=en-US","Review_time":"3 years ago","Review":"For coffee lovers","Likes":""},{"Name":"","Category":"","Rating":" 5 stars ","Number_of_Reviews":"","Address":"","Reviewer":"Kyungo Choi","Reviewer_page":"https://www.google.com/maps/contrib/100346455545615595641/reviews?hl=en-US","Review_time":"2 years ago","Review":"(Translated by Google) Very pretty place. Coffee is a bit expensive and I ordered a special one, but I'm a normal person too.\nYou can buy very unusual and pretty cups.\nYou can also see the roasting scene.\n\n(Original)\n아주 예쁜 장소입니다. 커피는 약간 비싸고 특별한 커피를 주문했는데 저는 역시나 평범한 사람인가 봅니다.\n매우 특이하고 이쁜 컵을 구매할 수 있습니다.\n로스팅 장면도 볼 수 있습니다.","Likes":"2"},{"Name":"","Category":"","Rating":" 4 stars ","Number_of_Reviews":"","Address":"","Reviewer":"Check&Avalia AVMG","Reviewer_page":"https://www.google.com/maps/contrib/116321128936262001765/reviews?hl=en-US","Review_time":"2 years ago","Review":"(Translated by Google) Spectacular place. The smell of the enclosure is incredible and will leave anyone in the mood to enjoy a coffee or all those available in the store. The price is not the best, but the experience of seeing the coffee roasting and smelling that aroma is worth the visit, even if it is not to spend. For coffee lovers it is possible to buy from small souvenirs to several types of coffee makers, coffee strainers, mugs, etc. Worth the visit.\n\n(Original)\nLugar espetacular. O cheiro do recinto é incrível e de deixar qualquer um com vontade de saborear um café ou todos os disponíveis na loja. O preço não é dos melhores, mas a experiência de ver a torrefação do café e sentir aquele aroma já vale a visita, mesmo que não seja para gastar. Para os amantes de café é possível comprar desde pequenos souvenirs até mesmo diversos tipos de cafeteiras, coadores de café, canecas, etc. Vale muito a visita.","Likes":""},{"Name":"","Category":"","Rating":" 5 stars ","Number_of_Reviews":"","Address":"","Reviewer":"Nabil Alturek","Reviewer_page":"https://www.google.com/maps/contrib/109683014898871663730/reviews?hl=en-US","Review_time":"3 years ago","Review":"(Translated by Google) Beautiful cafe where to have a coffee. The smell of coffee in the store is spectacular\n\n(Original)\nPreciosa cafetería donde tomarse un café. El olor a café de la tienda es espectacular","Likes":""},{"Name":"","Category":"","Rating":" 5 stars ","Number_of_Reviews":"","Address":"","Reviewer":"Stefan Ga","Reviewer_page":"https://www.google.com/maps/contrib/113730348896718775875/reviews?hl=en-US","Review_time":"3 years ago","Review":"(Translated by Google) Small unassuming store, but it has in itself. Great selection of quality roasts offered by really qualified and friendly staff.\n\n(Original)\nKleiner unscheinbarer Store, der es jedoch in sich hat. Klasse Auswahl an hochwertigen Röstungen, angeboten von wirklich qualifiziertem und freundlichen Personal.","Likes":""},{"Name":"","Category":"","Rating":" 5 stars ","Number_of_Reviews":"","Address":"","Reviewer":"Bob Guan (關冬人)","Reviewer_page":"https://www.google.com/maps/contrib/111921009400688883747/reviews?hl=en-US","Review_time":"3 years ago","Review":"(Translated by Google) The business atmosphere is very strong, the sound is not small, and does not affect each other!\n\n(Original)\n商业气氛很浓，声音不小、互不影响！","Likes":""},{"Name":"","Category":"","Rating":" 4 stars ","Number_of_Reviews":"","Address":"","Reviewer":"Madawy R","Reviewer_page":"https://www.google.com/maps/contrib/114290167609966685316/reviews?hl=en-US","Review_time":"3 years ago","Review":"(Translated by Google) The branch is big and they have lots of sessions and lots of options\n\n(Original)\nالفرع كبير وعندهم خيارات جلسات واماكن كثيره👌🏻","Likes":""},{"Name":"","Category":"","Rating":" 5 stars ","Number_of_Reviews":"","Address":"","Reviewer":"Ashley Simpson","Reviewer_page":"https://www.google.com/maps/contrib/105854581451055995063/reviews?hl=en-US","Review_time":"3 years ago","Review":"","Likes":""},{"Name":"","Category":"","Rating":" 4 stars ","Number_of_Reviews":"","Address":"","Reviewer":"Paul Ampunun","Reviewer_page":"https://www.google.com/maps/contrib/110377770150558895658/reviews?hl=en-US","Review_time":"3 years ago","Review":"","Likes":""},{"Name":"","Category":"","Rating":" 4 stars ","Number_of_Reviews":"","Address":"","Reviewer":"constanza alvarez","Reviewer_page":"https://www.google.com/maps/contrib/115256818875503062025/reviews?hl=en-US","Review_time":"3 years ago","Review":"(Translated by Google) Okay\n\n(Original)\nBueno","Likes":""},{"Name":"","Category":"","Rating":" 5 stars ","Number_of_Reviews":"","Address":"","Reviewer":"Alex Meshkevich","Reviewer_page":"https://www.google.com/maps/contrib/109868547585120234443/reviews?hl=en-US","Review_time":"3 years ago","Review":"😅","Likes":""},{"Name":"","Category":"","Rating":" 1 star ","Number_of_Reviews":"","Address":"","Reviewer":"onlinestage tv","Reviewer_page":"https://www.google.com/maps/contrib/101984478350255274979/reviews?hl=en-US","Review_time":"2 years ago","Review":"(Translated by Google) star tower\n\n(Original)\n별루","Likes":""},{"Name":"","Category":"","Rating":" 5 stars ","Number_of_Reviews":"","Address":"","Reviewer":"Lyrie Wang","Reviewer_page":"https://www.google.com/maps/contrib/118404844243348693302/reviews?hl=en-US","Review_time":"3 years ago","Review":"","Likes":""},{"Name":"","Category":"","Rating":" 4 stars ","Number_of_Reviews":"","Address":"","Reviewer":"Walter Piper","Reviewer_page":"https://www.google.com/maps/contrib/102693992073808340761/reviews?hl=en-US","Review_time":"5 years ago","Review":"","Likes":""},{"Name":"","Category":"","Rating":" 5 stars ","Number_of_Reviews":"","Address":"","Reviewer":"Joanne Alcantara","Reviewer_page":"https://www.google.com/maps/contrib/102107189418071277920/reviews?hl=en-US","Review_time":"2 years ago","Review":"","Likes":""},{"Name":"","Category":"","Rating":" 5 stars ","Number_of_Reviews":"","Address":"","Reviewer":"Tiziana Avenoso","Reviewer_page":"https://www.google.com/maps/contrib/110494245515160748876/reviews?hl=en-US","Review_time":"4 years ago","Review":"","Likes":""},{"Name":"","Category":"","Rating":" 5 stars ","Number_of_Reviews":"","Address":"","Reviewer":"Mingchen Xia","Reviewer_page":"https://www.google.com/maps/contrib/107159133307643899721/reviews?hl=en-US","Review_time":"2 years ago","Review":"","Likes":""},{"Name":"","Category":"","Rating":" 2 stars ","Number_of_Reviews":"","Address":"","Reviewer":"Sara Gebra","Reviewer_page":"https://www.google.com/maps/contrib/112725730682644485019/reviews?hl=en-US","Review_time":"4 years ago","Review":"","Likes":""},{"Name":"","Category":"","Rating":" 5 stars ","Number_of_Reviews":"","Address":"","Reviewer":"Tauhera Jinnah","Reviewer_page":"https://www.google.com/maps/contrib/106865069868074145946/reviews?hl=en-US","Review_time":"2 years ago","Review":"","Likes":""},{"Name":"","Category":"","Rating":" 4 stars ","Number_of_Reviews":"","Address":"","Reviewer":"Abhishek R","Reviewer_page":"https://www.google.com/maps/contrib/106118862565684206949/reviews?hl=en-US","Review_time":"4 years ago","Review":"","Likes":""},{"Name":"","Category":"","Rating":" 3 stars ","Number_of_Reviews":"","Address":"","Reviewer":"Christopher Spiker","Reviewer_page":"https://www.google.com/maps/contrib/117344811445471108402/reviews?hl=en-US","Review_time":"3 years ago","Review":"","Likes":""},{"Name":"","Category":"","Rating":" 4 stars ","Number_of_Reviews":"","Address":"","Reviewer":"Sarah Nicole Ludwick","Reviewer_page":"https://www.google.com/maps/contrib/103344988291484189510/reviews?hl=en-US","Review_time":"3 years ago","Review":"","Likes":""},{"Name":"","Category":"","Rating":" 5 stars ","Number_of_Reviews":"","Address":"","Reviewer":"Chase Lau","Reviewer_page":"https://www.google.com/maps/contrib/110970468001484248698/reviews?hl=en-US","Review_time":"6 years ago","Review":"","Likes":""},{"Name":"","Category":"","Rating":" 4 stars ","Number_of_Reviews":"","Address":"","Reviewer":"Dongin C","Reviewer_page":"https://www.google.com/maps/contrib/115959209364487091573/reviews?hl=en-US","Review_time":"5 years ago","Review":"","Likes":""},{"Name":"","Category":"","Rating":" 5 stars ","Number_of_Reviews":"","Address":"","Reviewer":"Xavier Serramalera","Reviewer_page":"https://www.google.com/maps/contrib/112684915712533381685/reviews?hl=en-US","Review_time":"3 years ago","Review":"","Likes":""},{"Name":"","Category":"","Rating":" 5 stars ","Number_of_Reviews":"","Address":"","Reviewer":"Alejandro Carrizo","Reviewer_page":"https://www.google.com/maps/contrib/115314877706595640310/reviews?hl=en-US","Review_time":"a year ago","Review":"","Likes":""},{"Name":"","Category":"","Rating":" 5 stars ","Number_of_Reviews":"","Address":"","Reviewer":"Tapas Yagnik","Reviewer_page":"https://www.google.com/maps/contrib/101558895687838495766/reviews?hl=en-US","Review_time":"3 years ago","Review":"","Likes":""},{"Name":"","Category":"","Rating":" 4 stars ","Number_of_Reviews":"","Address":"","Reviewer":"Federica Salvi","Reviewer_page":"https://www.google.com/maps/contrib/114777233414252510577/reviews?hl=en-US","Review_time":"3 years ago","Review":"","Likes":""},{"Name":"","Category":"","Rating":" 5 stars ","Number_of_Reviews":"","Address":"","Reviewer":"Travis Green","Reviewer_page":"https://www.google.com/maps/contrib/112884257907637501458/reviews?hl=en-US","Review_time":"2 years ago","Review":"","Likes":""},{"Name":"","Category":"","Rating":" 4 stars ","Number_of_Reviews":"","Address":"","Reviewer":"Babak Aghdam","Reviewer_page":"https://www.google.com/maps/contrib/112866817722585517120/reviews?hl=en-US","Review_time":"4 years ago","Review":"","Likes":""},{"Name":"","Category":"","Rating":" 3 stars ","Number_of_Reviews":"","Address":"","Reviewer":"Larry Castellano","Reviewer_page":"https://www.google.com/maps/contrib/107392312195061139109/reviews?hl=en-US","Review_time":"3 years ago","Review":"","Likes":""},{"Name":"","Category":"","Rating":" 5 stars ","Number_of_Reviews":"","Address":"","Reviewer":"Guido Zimmermann","Reviewer_page":"https://www.google.com/maps/contrib/107279485123586933726/reviews?hl=en-US","Review_time":"3 years ago","Review":"","Likes":""},{"Name":"","Category":"","Rating":" 2 stars ","Number_of_Reviews":"","Address":"","Reviewer":"Matt Ciscel","Reviewer_page":"https://www.google.com/maps/contrib/108653634344047269270/reviews?hl=en-US","Review_time":"3 years ago","Review":"","Likes":""},{"Name":"","Category":"","Rating":" 4 stars ","Number_of_Reviews":"","Address":"","Reviewer":"Arun Choudhari","Reviewer_page":"https://www.google.com/maps/contrib/104378843349007087872/reviews?hl=en-US","Review_time":"2 years ago","Review":"","Likes":""},{"Name":"","Category":"","Rating":" 5 stars ","Number_of_Reviews":"","Address":"","Reviewer":"Drew Gibbons","Reviewer_page":"https://www.google.com/maps/contrib/115675204236876490370/reviews?hl=en-US","Review_time":"5 years ago","Review":"","Likes":""},{"Name":"","Category":"","Rating":" 5 stars ","Number_of_Reviews":"","Address":"","Reviewer":"Adriano Monaretto","Reviewer_page":"https://www.google.com/maps/contrib/102468962795256054019/reviews?hl=en-US","Review_time":"2 years ago","Review":"","Likes":""},{"Name":"","Category":"","Rating":" 4 stars ","Number_of_Reviews":"","Address":"","Reviewer":"Lucas Keller","Reviewer_page":"https://www.google.com/maps/contrib/117248800221330941806/reviews?hl=en-US","Review_time":"3 years ago","Review":"","Likes":""},{"Name":"","Category":"","Rating":" 5 stars ","Number_of_Reviews":"","Address":"","Reviewer":"Siffat Kohli","Reviewer_page":"https://www.google.com/maps/contrib/105582855514303120539/reviews?hl=en-US","Review_time":"3 years ago","Review":"","Likes":""},{"Name":"","Category":"","Rating":" 5 stars ","Number_of_Reviews":"","Address":"","Reviewer":"May Lopez","Reviewer_page":"https://www.google.com/maps/contrib/102687271769352316174/reviews?hl=en-US","Review_time":"3 years ago","Review":"","Likes":""},{"Name":"","Category":"","Rating":" 4 stars ","Number_of_Reviews":"","Address":"","Reviewer":"jason fox","Reviewer_page":"https://www.google.com/maps/contrib/113022975727498124251/reviews?hl=en-US","Review_time":"2 years ago","Review":"","Likes":""},{"Name":"","Category":"","Rating":" 4 stars ","Number_of_Reviews":"","Address":"","Reviewer":"Rahul Singh","Reviewer_page":"https://www.google.com/maps/contrib/110303307442047314292/reviews?hl=en-US","Review_time":"2 years ago","Review":"","Likes":""},{"Name":"","Category":"","Rating":" 5 stars ","Number_of_Reviews":"","Address":"","Reviewer":"Charlie Hobbs","Reviewer_page":"https://www.google.com/maps/contrib/105518936922864153113/reviews?hl=en-US","Review_time":"3 years ago","Review":"","Likes":""},{"Name":"","Category":"","Rating":" 5 stars ","Number_of_Reviews":"","Address":"","Reviewer":"Jane Berryman","Reviewer_page":"https://www.google.com/maps/contrib/108924115833035379789/reviews?hl=en-US","Review_time":"3 years ago","Review":"","Likes":""},{"Name":"","Category":"","Rating":" 5 stars ","Number_of_Reviews":"","Address":"","Reviewer":"Cyn City","Reviewer_page":"https://www.google.com/maps/contrib/103416789214468746546/reviews?hl=en-US","Review_time":"4 years ago","Review":"","Likes":""},{"Name":"","Category":"","Rating":" 4 stars ","Number_of_Reviews":"","Address":"","Reviewer":"Pj Mcgovern","Reviewer_page":"https://www.google.com/maps/contrib/104889966111557326124/reviews?hl=en-US","Review_time":"3 years ago","Review":"","Likes":""},{"Name":"","Category":"","Rating":" 5 stars ","Number_of_Reviews":"","Address":"","Reviewer":"Mohamed Elfituri","Reviewer_page":"https://www.google.com/maps/contrib/105767166968504288457/reviews?hl=en-US","Review_time":"6 years ago","Review":"","Likes":""},{"Name":"","Category":"","Rating":" 1 star ","Number_of_Reviews":"","Address":"","Reviewer":"Chi C","Reviewer_page":"https://www.google.com/maps/contrib/111133131188494853488/reviews?hl=en-US","Review_time":"4 years ago","Review":"","Likes":""},{"Name":"","Category":"","Rating":" 4 stars ","Number_of_Reviews":"","Address":"","Reviewer":"Sharad Kandoi","Reviewer_page":"https://www.google.com/maps/contrib/104867682215177029750/reviews?hl=en-US","Review_time":"2 years ago","Review":"","Likes":""},{"Name":"","Category":"","Rating":" 5 stars ","Number_of_Reviews":"","Address":"","Reviewer":"Alex Besanu","Reviewer_page":"https://www.google.com/maps/contrib/105007276082513486824/reviews?hl=en-US","Review_time":"3 years ago","Review":"","Likes":""},{"Name":"","Category":"","Rating":" 2 stars ","Number_of_Reviews":"","Address":"","Reviewer":"Fang Li","Reviewer_page":"https://www.google.com/maps/contrib/110447150873444824231/reviews?hl=en-US","Review_time":"3 years ago","Review":"","Likes":""},{"Name":"","Category":"","Rating":" 5 stars ","Number_of_Reviews":"","Address":"","Reviewer":"Alicia Swarey","Reviewer_page":"https://www.google.com/maps/contrib/113315587017293719801/reviews?hl=en-US","Review_time":"3 years ago","Review":"","Likes":""},{"Name":"","Category":"","Rating":" 1 star ","Number_of_Reviews":"","Address":"","Reviewer":"Linda Zhang","Reviewer_page":"https://www.google.com/maps/contrib/114375308753248723624/reviews?hl=en-US","Review_time":"4 years ago","Review":"","Likes":""},{"Name":"","Category":"","Rating":" 3 stars ","Number_of_Reviews":"","Address":"","Reviewer":"Richard S","Reviewer_page":"https://www.google.com/maps/contrib/103834406104884594280/reviews?hl=en-US","Review_time":"4 years ago","Review":"","Likes":""},{"Name":"","Category":"","Rating":" 3 stars ","Number_of_Reviews":"","Address":"","Reviewer":"Choson","Reviewer_page":"https://www.google.com/maps/contrib/114313045899046905493/reviews?hl=en-US","Review_time":"3 years ago","Review":"","Likes":""},{"Name":"","Category":"","Rating":" 5 stars ","Number_of_Reviews":"","Address":"","Reviewer":"Valentina Cubillos","Reviewer_page":"https://www.google.com/maps/contrib/107806585933236792942/reviews?hl=en-US","Review_time":"2 years ago","Review":"","Likes":""},{"Name":"","Category":"","Rating":" 5 stars ","Number_of_Reviews":"","Address":"","Reviewer":"Ting Chia Chen","Reviewer_page":"https://www.google.com/maps/contrib/105355662701307227093/reviews?hl=en-US","Review_time":"2 years ago","Review":"","Likes":""},{"Name":"","Category":"","Rating":" 5 stars ","Number_of_Reviews":"","Address":"","Reviewer":"Joice Pauli Pasqualini","Reviewer_page":"https://www.google.com/maps/contrib/103444762786846965836/reviews?hl=en-US","Review_time":"2 years ago","Review":"","Likes":""},{"Name":"","Category":"","Rating":" 5 stars ","Number_of_Reviews":"","Address":"","Reviewer":"Maggie Sandoval","Reviewer_page":"https://www.google.com/maps/contrib/111847252325977603556/reviews?hl=en-US","Review_time":"3 years ago","Review":"","Likes":""},{"Name":"","Category":"","Rating":" 5 stars ","Number_of_Reviews":"","Address":"","Reviewer":"Nicole Le Hardy","Reviewer_page":"https://www.google.com/maps/contrib/115151141588711511922/reviews?hl=en-US","Review_time":"5 years ago","Review":"","Likes":""},{"Name":"","Category":"","Rating":" 4 stars ","Number_of_Reviews":"","Address":"","Reviewer":"m4jp Pangilinan","Reviewer_page":"https://www.google.com/maps/contrib/102979362489709202387/reviews?hl=en-US","Review_time":"4 years ago","Review":"","Likes":""},{"Name":"","Category":"","Rating":" 4 stars ","Number_of_Reviews":"","Address":"","Reviewer":"pritesh chakraborty","Reviewer_page":"https://www.google.com/maps/contrib/112615790679711433286/reviews?hl=en-US","Review_time":"3 years ago","Review":"","Likes":""},{"Name":"","Category":"","Rating":" 5 stars ","Number_of_Reviews":"","Address":"","Reviewer":"Ron Segal","Reviewer_page":"https://www.google.com/maps/contrib/117408195882432301894/reviews?hl=en-US","Review_time":"2 years ago","Review":"","Likes":""},{"Name":"","Category":"","Rating":" 5 stars ","Number_of_Reviews":"","Address":"","Reviewer":"Grigoris Paouris","Reviewer_page":"https://www.google.com/maps/contrib/109309793823122505042/reviews?hl=en-US","Review_time":"3 years ago","Review":"","Likes":""},{"Name":"","Category":"","Rating":" 1 star ","Number_of_Reviews":"","Address":"","Reviewer":"Kacey Stamats","Reviewer_page":"https://www.google.com/maps/contrib/111586450939710792953/reviews?hl=en-US","Review_time":"3 years ago","Review":"","Likes":""},{"Name":"","Category":"","Rating":" 5 stars ","Number_of_Reviews":"","Address":"","Reviewer":"Sofia Amaro","Reviewer_page":"https://www.google.com/maps/contrib/102289191301677812592/reviews?hl=en-US","Review_time":"2 years ago","Review":"","Likes":""},{"Name":"","Category":"","Rating":" 5 stars ","Number_of_Reviews":"","Address":"","Reviewer":"Ricardo Hernandez","Reviewer_page":"https://www.google.com/maps/contrib/117188384448353367285/reviews?hl=en-US","Review_time":"2 years ago","Review":"","Likes":""},{"Name":"","Category":"","Rating":" 5 stars ","Number_of_Reviews":"","Address":"","Reviewer":"Prachya Pitapho","Reviewer_page":"https://www.google.com/maps/contrib/101928679022004388348/reviews?hl=en-US","Review_time":"3 months ago","Review":"","Likes":""},{"Name":"","Category":"","Rating":" 5 stars ","Number_of_Reviews":"","Address":"","Reviewer":"Christoph Krinner","Reviewer_page":"https://www.google.com/maps/contrib/113592148245474904772/reviews?hl=en-US","Review_time":"6 years ago","Review":"","Likes":""},{"Name":"","Category":"","Rating":" 5 stars ","Number_of_Reviews":"","Address":"","Reviewer":"Vergil Ying","Reviewer_page":"https://www.google.com/maps/contrib/101202844484471437459/reviews?hl=en-US","Review_time":"3 years ago","Review":"","Likes":""},{"Name":"","Category":"","Rating":" 5 stars ","Number_of_Reviews":"","Address":"","Reviewer":"Jack “Jackkk”","Reviewer_page":"https://www.google.com/maps/contrib/116353487734709398693/reviews?hl=en-US","Review_time":"a year ago","Review":"","Likes":""},{"Name":"","Category":"","Rating":" 1 star ","Number_of_Reviews":"","Address":"","Reviewer":"Andres Rosero","Reviewer_page":"https://www.google.com/maps/contrib/106691984463449603217/reviews?hl=en-US","Review_time":"4 years ago","Review":"","Likes":""},{"Name":"","Category":"","Rating":" 5 stars ","Number_of_Reviews":"","Address":"","Reviewer":"David Wedmore","Reviewer_page":"https://www.google.com/maps/contrib/110710051009014146883/reviews?hl=en-US","Review_time":"2 years ago","Review":"","Likes":""},{"Name":"","Category":"","Rating":" 1 star ","Number_of_Reviews":"","Address":"","Reviewer":"Said Makki","Reviewer_page":"https://www.google.com/maps/contrib/103022066981851305406/reviews?hl=en-US","Review_time":"2 years ago","Review":"","Likes":""},{"Name":"","Category":"","Rating":" 5 stars ","Number_of_Reviews":"","Address":"","Reviewer":"Rita Rodriguez","Reviewer_page":"https://www.google.com/maps/contrib/114085343816895814430/reviews?hl=en-US","Review_time":"4 years ago","Review":"","Likes":""},{"Name":"","Category":"","Rating":" 1 star ","Number_of_Reviews":"","Address":"","Reviewer":"Mr. Bowie","Reviewer_page":"https://www.google.com/maps/contrib/103143930672236314787/reviews?hl=en-US","Review_time":"3 years ago","Review":"","Likes":""},{"Name":"","Category":"","Rating":" 5 stars ","Number_of_Reviews":"","Address":"","Reviewer":"Vanessa","Reviewer_page":"https://www.google.com/maps/contrib/114143019710799926334/reviews?hl=en-US","Review_time":"2 years ago","Review":"","Likes":""},{"Name":"","Category":"","Rating":" 2 stars ","Number_of_Reviews":"","Address":"","Reviewer":"Ta Rachi","Reviewer_page":"https://www.google.com/maps/contrib/105620263773530370865/reviews?hl=en-US","Review_time":"5 years ago","Review":"","Likes":""},{"Name":"","Category":"","Rating":" 4 stars ","Number_of_Reviews":"","Address":"","Reviewer":"Jackie Chew","Reviewer_page":"https://www.google.com/maps/contrib/108442919529168502864/reviews?hl=en-US","Review_time":"3 years ago","Review":"","Likes":""},{"Name":"","Category":"","Rating":" 4 stars ","Number_of_Reviews":"","Address":"","Reviewer":"Kyle Herrman","Reviewer_page":"https://www.google.com/maps/contrib/106432121792262965688/reviews?hl=en-US","Review_time":"3 years ago","Review":"","Likes":""},{"Name":"","Category":"","Rating":" 4 stars ","Number_of_Reviews":"","Address":"","Reviewer":"Chip Julien","Reviewer_page":"https://www.google.com/maps/contrib/113660139962015027167/reviews?hl=en-US","Review_time":"3 years ago","Review":"","Likes":""},{"Name":"","Category":"","Rating":" 4 stars ","Number_of_Reviews":"","Address":"","Reviewer":"Yu-Cheng Lin (柚子和柳橙)","Reviewer_page":"https://www.google.com/maps/contrib/100242989020326233367/reviews?hl=en-US","Review_time":"4 years ago","Review":"","Likes":""},{"Name":"","Category":"","Rating":" 5 stars ","Number_of_Reviews":"","Address":"","Reviewer":"Paula Ramirez","Reviewer_page":"https://www.google.com/maps/contrib/102666556141818656464/reviews?hl=en-US","Review_time":"3 years ago","Review":"","Likes":""},{"Name":"","Category":"","Rating":" 4 stars ","Number_of_Reviews":"","Address":"","Reviewer":"Tamar Bernard","Reviewer_page":"https://www.google.com/maps/contrib/109074262653225614567/reviews?hl=en-US","Review_time":"5 years ago","Review":"","Likes":""},{"Name":"","Category":"","Rating":" 4 stars ","Number_of_Reviews":"","Address":"","Reviewer":"Phillip M.","Reviewer_page":"https://www.google.com/maps/contrib/108276454656144661935/reviews?hl=en-US","Review_time":"2 years ago","Review":"","Likes":""},{"Name":"","Category":"","Rating":" 4 stars ","Number_of_Reviews":"","Address":"","Reviewer":"Andrew Bryant","Reviewer_page":"https://www.google.com/maps/contrib/102841847328316140624/reviews?hl=en-US","Review_time":"4 years ago","Review":"","Likes":""},{"Name":"","Category":"","Rating":" 5 stars ","Number_of_Reviews":"","Address":"","Reviewer":"Nikhil S.","Reviewer_page":"https://www.google.com/maps/contrib/111651778484934841031/reviews?hl=en-US","Review_time":"3 years ago","Review":"","Likes":""},{"Name":"","Category":"","Rating":" 5 stars ","Number_of_Reviews":"","Address":"","Reviewer":"Gahyun Hong","Reviewer_page":"https://www.google.com/maps/contrib/113521337254934445081/reviews?hl=en-US","Review_time":"6 years ago","Review":"","Likes":""},{"Name":"","Category":"","Rating":" 5 stars ","Number_of_Reviews":"","Address":"","Reviewer":"Ethan Young","Reviewer_page":"https://www.google.com/maps/contrib/109571675279105903881/reviews?hl=en-US","Review_time":"a year ago","Review":"","Likes":""},{"Name":"","Category":"","Rating":" 5 stars ","Number_of_Reviews":"","Address":"","Reviewer":"79242GT","Reviewer_page":"https://www.google.com/maps/contrib/116950293675637431073/reviews?hl=en-US","Review_time":"4 years ago","Review":"","Likes":""},{"Name":"","Category":"","Rating":" 5 stars ","Number_of_Reviews":"","Address":"","Reviewer":"do_nothinger","Reviewer_page":"https://www.google.com/maps/contrib/108694185088434882137/reviews?hl=en-US","Review_time":"3 years ago","Review":"","Likes":""},{"Name":"","Category":"","Rating":" 3 stars ","Number_of_Reviews":"","Address":"","Reviewer":"Jonathan Ortiz","Reviewer_page":"https://www.google.com/maps/contrib/100811910224276570721/reviews?hl=en-US","Review_time":"2 years ago","Review":"","Likes":""},{"Name":"","Category":"","Rating":" 5 stars ","Number_of_Reviews":"","Address":"","Reviewer":"Abdelkader Boudina","Reviewer_page":"https://www.google.com/maps/contrib/105096571909275290014/reviews?hl=en-US","Review_time":"2 years ago","Review":"","Likes":""},{"Name":"","Category":"","Rating":" 5 stars ","Number_of_Reviews":"","Address":"","Reviewer":"riccardo rossi","Reviewer_page":"https://www.google.com/maps/contrib/112647836476625052824/reviews?hl=en-US","Review_time":"3 years ago","Review":"","Likes":""},{"Name":"","Category":"","Rating":" 4 stars ","Number_of_Reviews":"","Address":"","Reviewer":"Chan-Gyu Han","Reviewer_page":"https://www.google.com/maps/contrib/101855774576737310497/reviews?hl=en-US","Review_time":"2 years ago","Review":"","Likes":""},{"Name":"","Category":"","Rating":" 5 stars ","Number_of_Reviews":"","Address":"","Reviewer":"S P","Reviewer_page":"https://www.google.com/maps/contrib/113191897460396710197/reviews?hl=en-US","Review_time":"2 years ago","Review":"","Likes":""},{"Name":"","Category":"","Rating":" 5 stars ","Number_of_Reviews":"","Address":"","Reviewer":"Tamas Szabo","Reviewer_page":"https://www.google.com/maps/contrib/101814887889899897366/reviews?hl=en-US","Review_time":"4 years ago","Review":"","Likes":""},{"Name":"","Category":"","Rating":" 4 stars ","Number_of_Reviews":"","Address":"","Reviewer":"Yndhira De Los Santos","Reviewer_page":"https://www.google.com/maps/contrib/113428598804252147438/reviews?hl=en-US","Review_time":"4 years ago","Review":"","Likes":""},{"Name":"","Category":"","Rating":" 5 stars ","Number_of_Reviews":"","Address":"","Reviewer":"Niels Van der Perre","Reviewer_page":"https://www.google.com/maps/contrib/102032900231431028558/reviews?hl=en-US","Review_time":"2 years ago","Review":"","Likes":""},{"Name":"","Category":"","Rating":" 4 stars ","Number_of_Reviews":"","Address":"","Reviewer":"Bartek Shaarani","Reviewer_page":"https://www.google.com/maps/contrib/106538870452782317545/reviews?hl=en-US","Review_time":"2 years ago","Review":"","Likes":""},{"Name":"","Category":"","Rating":" 5 stars ","Number_of_Reviews":"","Address":"","Reviewer":"New York Boyer Foundation","Reviewer_page":"https://www.google.com/maps/contrib/113093891258439704122/reviews?hl=en-US","Review_time":"3 years ago","Review":"","Likes":""},{"Name":"","Category":"","Rating":" 4 stars ","Number_of_Reviews":"","Address":"","Reviewer":"Emilia Sokół","Reviewer_page":"https://www.google.com/maps/contrib/102795728144669088386/reviews?hl=en-US","Review_time":"3 years ago","Review":"","Likes":""},{"Name":"","Category":"","Rating":" 3 stars ","Number_of_Reviews":"","Address":"","Reviewer":"Sunmin Park","Reviewer_page":"https://www.google.com/maps/contrib/113420605581631246949/reviews?hl=en-US","Review_time":"3 years ago","Review":"","Likes":""},{"Name":"","Category":"","Rating":" 3 stars ","Number_of_Reviews":"","Address":"","Reviewer":"Athulya Ram","Reviewer_page":"https://www.google.com/maps/contrib/109776738927936170487/reviews?hl=en-US","Review_time":"4 years ago","Review":"","Likes":""},{"Name":"","Category":"","Rating":" 5 stars ","Number_of_Reviews":"","Address":"","Reviewer":"Jordan Bell","Reviewer_page":"https://www.google.com/maps/contrib/102574781244489883296/reviews?hl=en-US","Review_time":"2 years ago","Review":"","Likes":""},{"Name":"","Category":"","Rating":" 4 stars ","Number_of_Reviews":"","Address":"","Reviewer":"Scarlett Taylor","Reviewer_page":"https://www.google.com/maps/contrib/103380087405625260229/reviews?hl=en-US","Review_time":"3 years ago","Review":"","Likes":""},{"Name":"","Category":"","Rating":" 5 stars ","Number_of_Reviews":"","Address":"","Reviewer":"Anthony Jannetta","Reviewer_page":"https://www.google.com/maps/contrib/102986613138470741712/reviews?hl=en-US","Review_time":"2 years ago","Review":"","Likes":""},{"Name":"","Category":"","Rating":" 5 stars ","Number_of_Reviews":"","Address":"","Reviewer":"shaun zelikson","Reviewer_page":"https://www.google.com/maps/contrib/104272735832164078395/reviews?hl=en-US","Review_time":"2 years ago","Review":"","Likes":""},{"Name":"","Category":"","Rating":" 4 stars ","Number_of_Reviews":"","Address":"","Reviewer":"Nidhi Ramaraj","Reviewer_page":"https://www.google.com/maps/contrib/105479065083301855110/reviews?hl=en-US","Review_time":"3 years ago","Review":"","Likes":""},{"Name":"","Category":"","Rating":" 1 star ","Number_of_Reviews":"","Address":"","Reviewer":"Manuel Carminetti","Reviewer_page":"https://www.google.com/maps/contrib/117936006745785181387/reviews?hl=en-US","Review_time":"2 years ago","Review":"","Likes":""},{"Name":"","Category":"","Rating":" 4 stars ","Number_of_Reviews":"","Address":"","Reviewer":"Fábio Cardoso","Reviewer_page":"https://www.google.com/maps/contrib/109595932462470531171/reviews?hl=en-US","Review_time":"4 years ago","Review":"","Likes":""},{"Name":"","Category":"","Rating":" 5 stars ","Number_of_Reviews":"","Address":"","Reviewer":"Julio Made","Reviewer_page":"https://www.google.com/maps/contrib/116532886858916253531/reviews?hl=en-US","Review_time":"3 years ago","Review":"","Likes":""},{"Name":"","Category":"","Rating":" 5 stars ","Number_of_Reviews":"","Address":"","Reviewer":"Tiziana Brescia","Reviewer_page":"https://www.google.com/maps/contrib/100741862279713797122/reviews?hl=en-US","Review_time":"2 years ago","Review":"","Likes":""},{"Name":"","Category":"","Rating":" 5 stars ","Number_of_Reviews":"","Address":"","Reviewer":"Mike Matuszyk","Reviewer_page":"https://www.google.com/maps/contrib/101473950332991623059/reviews?hl=en-US","Review_time":"3 years ago","Review":"","Likes":""},{"Name":"","Category":"","Rating":" 5 stars ","Number_of_Reviews":"","Address":"","Reviewer":"Sumit Joshi","Reviewer_page":"https://www.google.com/maps/contrib/109666010986426449330/reviews?hl=en-US","Review_time":"3 years ago","Review":"","Likes":""},{"Name":"","Category":"","Rating":" 5 stars ","Number_of_Reviews":"","Address":"","Reviewer":"Mônica Cosati","Reviewer_page":"https://www.google.com/maps/contrib/111912056054373747915/reviews?hl=en-US","Review_time":"2 years ago","Review":"","Likes":""},{"Name":"","Category":"","Rating":" 5 stars ","Number_of_Reviews":"","Address":"","Reviewer":"Ruth Irvine","Reviewer_page":"https://www.google.com/maps/contrib/105112489383678238912/reviews?hl=en-US","Review_time":"3 years ago","Review":"","Likes":""},{"Name":"","Category":"","Rating":" 5 stars ","Number_of_Reviews":"","Address":"","Reviewer":"kal Watson","Reviewer_page":"https://www.google.com/maps/contrib/112827719917159711710/reviews?hl=en-US","Review_time":"3 years ago","Review":"","Likes":""},{"Name":"","Category":"","Rating":" 4 stars ","Number_of_Reviews":"","Address":"","Reviewer":"Matias Viceconte","Reviewer_page":"https://www.google.com/maps/contrib/102197632297226883498/reviews?hl=en-US","Review_time":"2 years ago","Review":"","Likes":""},{"Name":"","Category":"","Rating":" 5 stars ","Number_of_Reviews":"","Address":"","Reviewer":"Yasser Omer","Reviewer_page":"https://www.google.com/maps/contrib/108899642271048630149/reviews?hl=en-US","Review_time":"3 years ago","Review":"","Likes":""},{"Name":"","Category":"","Rating":" 5 stars ","Number_of_Reviews":"","Address":"","Reviewer":"Michael Rogers","Reviewer_page":"https://www.google.com/maps/contrib/111170482073014425634/reviews?hl=en-US","Review_time":"4 years ago","Review":"","Likes":""},{"Name":"","Category":"","Rating":" 5 stars ","Number_of_Reviews":"","Address":"","Reviewer":"John Al Mumin","Reviewer_page":"https://www.google.com/maps/contrib/115358102031570978828/reviews?hl=en-US","Review_time":"a year ago","Review":"","Likes":""},{"Name":"","Category":"","Rating":" 5 stars ","Number_of_Reviews":"","Address":"","Reviewer":"Cristal Espinosa","Reviewer_page":"https://www.google.com/maps/contrib/112419725519663894143/reviews?hl=en-US","Review_time":"2 years ago","Review":"","Likes":""},{"Name":"","Category":"","Rating":" 5 stars ","Number_of_Reviews":"","Address":"","Reviewer":"Alice Piraccini","Reviewer_page":"https://www.google.com/maps/contrib/115676938529866492377/reviews?hl=en-US","Review_time":"2 years ago","Review":"","Likes":""}