[{"Name":"","Category":"","Rating":" 5 stars ","Number_of_Reviews":"","Address":"","Reviewer":"tal","Reviewer_page":"https://www.google.com/maps/contrib/110852633707626713823/reviews?hl=en-US","Review_time":"11 months ago","Review":"Great Starbucks location! The staff is sweet and friendly, service is quick, and there’s comfortable and spacious seating. Show proof of vaccination to sit indoors ;)","Likes":"2"},{"Name":"","Category":"","Rating":" 5 stars ","Number_of_Reviews":"","Address":"","Reviewer":"Mike P","Reviewer_page":"https://www.google.com/maps/contrib/103827187717969826724/reviews?hl=en-US","Review_time":"a year ago","Review":"Is it me or is the staff here uncommonly friendly? Idk what theyre doing here but theyve got a good bunch.\n\nOther than that its a bigger starbucks with lots of seating, and outlets! Tables in a few places so you can bring your laptop and be comfortable. And its a smart corner location with desserts nearby so it makes sense to grab a small bite and come and sit down here","Likes":"2"},{"Name":"","Category":"","Rating":" 5 stars ","Number_of_Reviews":"","Address":"","Reviewer":"Wolfink","Reviewer_page":"https://www.google.com/maps/contrib/112885270535611351585/reviews?hl=en-US","Review_time":"7 months ago","Review":"Nice staff. Nice service. Quick with drinks. Always has non dairy milk and other alternatives. I go here every day on break.","Likes":""},{"Name":"","Category":"","Rating":" 4 stars ","Number_of_Reviews":"","Address":"","Reviewer":"Nick Tirado","Reviewer_page":"https://www.google.com/maps/contrib/101574832962246910285/reviews?hl=en-US","Review_time":"2 months ago","Review":"I would give it a 5 but the day I that I visited on a Friday afternoon it was not too busy and they only had one batista making drinks two people in front one stocking products one at cashier it was not too busy only one customer a head of me I ordered one Frappuccino and chai latte I basically waited almost 30 minutes there was confusion on one drink and two employees wasted time with customer instead of just fixing right drink and moving forward I basically go to Starbucks where I work order three drinks when they are busy in the morning and the longest I ever waited was 15 minutes","Likes":""},{"Name":"","Category":"","Rating":" 5 stars ","Number_of_Reviews":"","Address":"","Reviewer":"Etika Abazi","Reviewer_page":"https://www.google.com/maps/contrib/114340820426153116313/reviews?hl=en-US","Review_time":"5 months ago","Review":"I am a teen and the other day was having trouble with my money, the guy at the counter was patient even if it looked like he had work to do! The drinks are amazing too!","Likes":""},{"Name":"","Category":"","Rating":" 1 star ","Number_of_Reviews":"","Address":"","Reviewer":"Michael Donohue","Reviewer_page":"https://www.google.com/maps/contrib/101385752839155811476/reviews?hl=en-US","Review_time":"8 months ago","Review":"Staff extremely unfriendly, they could not be bothered to even provide a sugar package. STAY AWAY!!","Likes":"1"},{"Name":"","Category":"","Rating":" 4 stars ","Number_of_Reviews":"","Address":"","Reviewer":"Elena","Reviewer_page":"https://www.google.com/maps/contrib/110320599519923246290/reviews?hl=en-US","Review_time":"2 months ago","Review":"So many people camping out with laptops make it impossible to find a seat for the actual customers","Likes":""},{"Name":"","Category":"","Rating":" 5 stars ","Number_of_Reviews":"","Address":"","Reviewer":"Dave Cook","Reviewer_page":"https://www.google.com/maps/contrib/108023416848144571102/reviews?hl=en-US","Review_time":"a year ago","Review":"The staff here is incredibly friendly.  They are always cheery and greet me when I come in...and the baristas treat my daughters and friends with kindness.  All Starbucks all over the country are low on inventory - so cut these folks some …","Likes":"1"},{"Name":"","Category":"","Rating":" 5 stars ","Number_of_Reviews":"","Address":"","Reviewer":"Julie Barreto","Reviewer_page":"https://www.google.com/maps/contrib/116465788589210312999/reviews?hl=en-US","Review_time":"9 months ago","Review":"The guy was really nice, very polite and friendly to asked me what I want to order. The place looks clean, and have space enough if you want to work or study.","Likes":""},{"Name":"","Category":"","Rating":" 4 stars ","Number_of_Reviews":"","Address":"","Reviewer":"Colin Cravenho","Reviewer_page":"https://www.google.com/maps/contrib/112732208171565055233/reviews?hl=en-US","Review_time":"11 months ago","Review":"Madness reigns come 3:15.\nI've never realized how many school kids mob into Starbucks at the end of their day until recently . Pumped full of sugar caffeine and angst they collaborate here to enjoy their gen z privilege and vape in the bathroom like the coke fueled nights of yesteryear reminiscent of the limelight but way lamer. Wack. I witnessed a apprehensive but undaunted employee shoo them away (with much opposition) and a 13 year old girl dump her whole backpack with the frustration of a geeked out upstatey festival girl or perhaps some b&t Becky a mere 6 inches Infront of me as I humbley attempt to caffinate myself while filling out timesheets . Be forwarned the vibes are off between 3-4 pm . Staff was very friendly before the chaos I will say.","Likes":"1"},{"Name":"","Category":"","Rating":" 3 stars ","Number_of_Reviews":"","Address":"","Reviewer":"Maurice Glover","Reviewer_page":"https://www.google.com/maps/contrib/109187759677636729494/reviews?hl=en-US","Review_time":"6 months ago","Review":"Avoid during rush hour Slower than most\nAlso have forgotten to make my order multiple times","Likes":""},{"Name":"","Category":"","Rating":" 3 stars ","Number_of_Reviews":"","Address":"","Reviewer":"Graeme Harcourt","Reviewer_page":"https://www.google.com/maps/contrib/108235221174964185748/reviews?hl=en-US","Review_time":"a year ago","Review":"Normally good, but is the pictured worth $2.50, fiddling with the app, and the hassle of showing up??","Likes":""},{"Name":"","Category":"","Rating":" 5 stars ","Number_of_Reviews":"","Address":"","Reviewer":"Lakisha Torrez","Reviewer_page":"https://www.google.com/maps/contrib/111380875819441613559/reviews?hl=en-US","Review_time":"2 years ago","Review":"Next time you visit ask them what there theme song is. It’s so cute.\nEmployees were polite friendly and fast. See you soon to SIT and ENJOY my beverage hopefully In next two weeks","Likes":""},{"Name":"","Category":"","Rating":" 5 stars ","Number_of_Reviews":"","Address":"","Reviewer":"luis velasquez","Reviewer_page":"https://www.google.com/maps/contrib/101937885078594592016/reviews?hl=en-US","Review_time":"a year ago","Review":"Although i waited a while several times for my iced coffee,it was worth the wait.staff is friendly and they always have some good music.","Likes":""},{"Name":"","Category":"","Rating":" 4 stars ","Number_of_Reviews":"","Address":"","Reviewer":"Rosa Diaz","Reviewer_page":"https://www.google.com/maps/contrib/118237015144565165642/reviews?hl=en-US","Review_time":"3 years ago","Review":"Who doesn't love Starbucks,  I do love it. However, I always find the price its TOO EXPENSIVE. Even though coffee, lattes, macchiato,  etc are amazing.  Place was clean, music is always on point, place its too small though for the heavy number in customers. Staff seems serious which I don't like but. I like to be greeted with a smile even if they tired, oh well, I'm tired too, make my day better.","Likes":""},{"Name":"","Category":"","Rating":" 5 stars ","Number_of_Reviews":"","Address":"","Reviewer":"Lucy Riley","Reviewer_page":"https://www.google.com/maps/contrib/100200023928310613517/reviews?hl=en-US","Review_time":"a year ago","Review":"Starbucks is Starbucks; but this particular one has a great layout. It’s wide open yet it still has a lot of seating, so you don’t feel your right on top of others as in most Starbucks.","Likes":"1"},{"Name":"","Category":"","Rating":" 1 star ","Number_of_Reviews":"","Address":"","Reviewer":"Xinwei Zheng","Reviewer_page":"https://www.google.com/maps/contrib/106886299290199637646/reviews?hl=en-US","Review_time":"3 years ago","Review":"This is a good shop. I can't believe I'm racially abused here.I come here every day before work sometimes twice a day.Today is my second time here and I bought food.What's amazing is that I was playing a game on my cell phone when a clerk came knocking on my desk and told me I needed to get out of here maybe I was lying on my stomach to make her think I was sleeping again? Perhaps because I am a yellow race.Of course, when I wanted to know her name, she was reluctant to tell me and went to ask her manager to put me off. It was really bad. All the staff were friendly except her, but I won't patronize here anymore. I think you should put a yellow man on the door next time","Likes":"1"},{"Name":"","Category":"","Rating":" 1 star ","Number_of_Reviews":"","Address":"","Reviewer":"Andrew Redd","Reviewer_page":"https://www.google.com/maps/contrib/108727676097219349584/reviews?hl=en-US","Review_time":"a year ago","Review":"Workers are rude here, they ignore people who come up to pick up their mobile orders and theyre so slow for having so many people working here. Theres like 5 people behind the counter daily and 3 of them are usually standing around doing nothing.","Likes":""},{"Name":"","Category":"","Rating":" 2 stars ","Number_of_Reviews":"","Address":"","Reviewer":"John Modzelewski","Reviewer_page":"https://www.google.com/maps/contrib/115858276089558521202/reviews?hl=en-US","Review_time":"4 years ago","Review":"Caution to mobile order folks: I have lots of trouble at this location with mobile orders being ignored. I travel a lot and use mobile order often, so I’m being realistic with my time expectations. This location often disappoints. Otherwise the place is nice and the interior is clean and provides ample space.","Likes":"1"},{"Name":"","Category":"","Rating":" 4 stars ","Number_of_Reviews":"","Address":"","Reviewer":"Hank 03","Reviewer_page":"https://www.google.com/maps/contrib/115894055166888103990/reviews?hl=en-US","Review_time":"6 years ago","Review":"Beautiful wood and rustic mirrors interior then. I like how the center of the café has a big wooden table for guests, nice space for drinks and laptops and paperwork et cetera.\nThe coffee and lattes I have had here are tastey, hot and made pretty fast compared to other Starbucks.\n\nNegative:\n- The restroom was out of service\n- The staff did not clean or manage the left behind items on the tables or floors within the hour that I was at this location. I had too clean the table to sit and to take photos to make the place look nice. It was not just me. I noticed a handful of people whipe off crumbs and grow away left behind drinks so they could sit.\n\nPostitive:\n-The staff is fast, friendly, makes great hot sweet drinks and have no attitude.\n- Good amount of seating areas\n- Big windows with a nice view of 2nd Ave, great for people watching.\nSo, I plan to return because I like the vibe and the seating areas and the food and drinks available.","Likes":"1"},{"Name":"","Category":"","Rating":" 3 stars ","Number_of_Reviews":"","Address":"","Reviewer":"Seth Durbin","Reviewer_page":"https://www.google.com/maps/contrib/115791938916169310890/reviews?hl=en-US","Review_time":"5 years ago","Review":"Hit or miss. Always hard to find a seat especially when the Fresh Direct Truck is parked in front, their employees will take up multiple tables and not make room to allow you to pass. The staff is often kind of friendly but mostly indifferent. I really miss Boni, the previous manager. Things were better under him.","Likes":""},{"Name":"","Category":"","Rating":" 1 star ","Number_of_Reviews":"","Address":"","Reviewer":"Yolanda D","Reviewer_page":"https://www.google.com/maps/contrib/117876253814311733162/reviews?hl=en-US","Review_time":"5 years ago","Review":"Worst Starbucks I have ever been to, Stuff here were rude and ignorant. Their bathroom require entrance code which should be on the receipt, but the cashier could not find my receipt when asked. Later when i asked for entrance code for the bathroom they told me I have to order first. But I already ordered! It's just that they did not find my receipt!! And they also messed up my order. I waited for at least 15 minutes and end up finding that he took my order wrong.","Likes":""},{"Name":"","Category":"","Rating":" 4 stars ","Number_of_Reviews":"","Address":"","Reviewer":"Michael Higgins","Reviewer_page":"https://www.google.com/maps/contrib/117304304265784190943/reviews?hl=en-US","Review_time":"4 years ago","Review":"A fine, clean, well served, establishment. That allows all personnel use the restroom. Keep up the good work. There are table hogs at 2d Avenue@80street,NYC, came in went to sit down and A Woman said, \"I'm waiting 4 someone\", and sure enough, I had my coffee & donut, finished, walked by the unsat chair, and said to the lady, \"When is the person coming, 2morrow \". Those 2 black men in Philadelphia could have been killed by the Police if they would have stand up 4 their rights, if they would have peeped a word.","Likes":""},{"Name":"","Category":"","Rating":" 5 stars ","Number_of_Reviews":"","Address":"","Reviewer":"Imran Wadud","Reviewer_page":"https://www.google.com/maps/contrib/111031292478666521838/reviews?hl=en-US","Review_time":"3 years ago","Review":"Rufaro (sry if I misspelled) is super helpful, funny, and really good with people. She definitely went out of her way to help me and it seems everyone else here is on point like Giselle who helped with my additional request. The staff here are on 💯, really happy to have met them.","Likes":""},{"Name":"","Category":"","Rating":" 5 stars ","Number_of_Reviews":"","Address":"","Reviewer":"Elena","Reviewer_page":"https://www.google.com/maps/contrib/101395509100075748014/reviews?hl=en-US","Review_time":"a year ago","Review":"Love this place!\nStaff cannot be friendlier and you get the Best Moka in town, hands down!\nI fully recommend it.","Likes":""},{"Name":"","Category":"","Rating":" 5 stars ","Number_of_Reviews":"","Address":"","Reviewer":"Serhiy Tsyganok","Reviewer_page":"https://www.google.com/maps/contrib/102509037369987663997/reviews?hl=en-US","Review_time":"a year ago","Review":"Amazing place!!!  Friendly and kind service there and nice team work 🙌🏻 👌🏻 👍🏻 💪🏻 ✌🏻 Thanks so much and have a nice day 👋🏻 🤗 🗽 🇺🇸 😎","Likes":""},{"Name":"","Category":"","Rating":" 1 star ","Number_of_Reviews":"","Address":"","Reviewer":"Kevin Tan","Reviewer_page":"https://www.google.com/maps/contrib/111273146991683320995/reviews?hl=en-US","Review_time":"4 years ago","Review":"Not opened at 5 AM when supposed to and all chairs are still up after waiting 10 mins in front with other customers. One employee outside on the phone but no response. I mobile ordered but no way to cancel as store is not open on time this AM. No info from employee or signage on storefront.","Likes":"2"},{"Name":"","Category":"","Rating":" 1 star ","Number_of_Reviews":"","Address":"","Reviewer":"Ruslan A.","Reviewer_page":"https://www.google.com/maps/contrib/110888485778437271369/reviews?hl=en-US","Review_time":"3 years ago","Review":"Very rude inadequate Starbucks worker wearing blue hat and glasses. She closed bathroom, then she said that I had to go somewhere else to use a bathroom. Then she was loudly expressing infront of whole store that I was wrong to ask her to open bathroom! Nasty. Very unpleasant. 😠","Likes":""},{"Name":"","Category":"","Rating":" 4 stars ","Number_of_Reviews":"","Address":"","Reviewer":"Jared Thresher","Reviewer_page":"https://www.google.com/maps/contrib/116998854128763915071/reviews?hl=en-US","Review_time":"5 years ago","Review":"Pretty good Starbucks. A bit on the pricey side as Starbucks usually is, but coupled with NYC slightly more. Good service though and my drink was delicious, sweet, but delicious. I got the coconut milk machhiato with mocha. That's not the name but it was great.","Likes":""},{"Name":"","Category":"","Rating":" 2 stars ","Number_of_Reviews":"","Address":"","Reviewer":"Peter iPad","Reviewer_page":"https://www.google.com/maps/contrib/114321751847859661240/reviews?hl=en-US","Review_time":"11 months ago","Review":"No decaf. How is that acceptable from what purports to be a coffee shop? Lots of dogs though. Lots.","Likes":""},{"Name":"","Category":"","Rating":" 5 stars ","Number_of_Reviews":"","Address":"","Reviewer":"Fannie Ho","Reviewer_page":"https://www.google.com/maps/contrib/101163498909001927590/reviews?hl=en-US","Review_time":"2 years ago","Review":"The best part about going to Starbucks is that you can order in advance through your smartphone. Where your order is already ready for you for pickup once you walk through the door","Likes":""},{"Name":"","Category":"","Rating":" 5 stars ","Number_of_Reviews":"","Address":"","Reviewer":"Joanne Lewy","Reviewer_page":"https://www.google.com/maps/contrib/115884873495534428155/reviews?hl=en-US","Review_time":"6 years ago","Review":"Larry is my morning sunshine!! He always has a smile on his face and brightens up my day! Larry and the crew always make every experience a pleasurable one! I live near the 85th location but I go to 80th just to see Larry and the rest of the employees!!!!","Likes":""},{"Name":"","Category":"","Rating":" 4 stars ","Number_of_Reviews":"","Address":"","Reviewer":"Dvir Koenigstein","Reviewer_page":"https://www.google.com/maps/contrib/107898994210546651591/reviews?hl=en-US","Review_time":"a year ago","Review":"A standard Starbucks store. Service was fast, efficient and kind. Currently no indoor or outdoor seating is available.","Likes":""},{"Name":"","Category":"","Rating":" 5 stars ","Number_of_Reviews":"","Address":"","Reviewer":"Sunny Angen","Reviewer_page":"https://www.google.com/maps/contrib/106727085590919334934/reviews?hl=en-US","Review_time":"2 years ago","Review":"Love this Starbucks.. very good customer service.. always very clean.. great place to just sit and relax for a little while","Likes":""},{"Name":"","Category":"","Rating":" 3 stars ","Number_of_Reviews":"","Address":"","Reviewer":"Michael Goff","Reviewer_page":"https://www.google.com/maps/contrib/101211200982890667042/reviews?hl=en-US","Review_time":"a year ago","Review":"It's meh and they have difficulty with managing their inventory. That said,  you'll get exactly what you expect","Likes":""},{"Name":"","Category":"","Rating":" 5 stars ","Number_of_Reviews":"","Address":"","Reviewer":"Blake Feigelman","Reviewer_page":"https://www.google.com/maps/contrib/111889254929806689349/reviews?hl=en-US","Review_time":"6 years ago","Review":"This Starbucks morning crew is unbelievable. Larry goes above and beyond to make his customers smile. He's the best!","Likes":""},{"Name":"","Category":"","Rating":" 2 stars ","Number_of_Reviews":"","Address":"","Reviewer":"M S","Reviewer_page":"https://www.google.com/maps/contrib/108146073271686251675/reviews?hl=en-US","Review_time":"10 months ago","Review":"Ordered a cappuccino, was barely half full, and it didn't taste right.","Likes":""},{"Name":"","Category":"","Rating":" 5 stars ","Number_of_Reviews":"","Address":"","Reviewer":"Katherine Wong","Reviewer_page":"https://www.google.com/maps/contrib/116188832793351298746/reviews?hl=en-US","Review_time":"3 years ago","Review":"Gaby is super helpful! As a nerd who wants to keep all her receipts, I got help from Gaby to retain my purchase records.","Likes":""},{"Name":"","Category":"","Rating":" 5 stars ","Number_of_Reviews":"","Address":"","Reviewer":"peter rosa","Reviewer_page":"https://www.google.com/maps/contrib/105505297414457589839/reviews?hl=en-US","Review_time":"4 years ago","Review":"I dont go to Starbucks on 80th and 2nd just for coffee anymore. The people that work there are simply AWESOME, and I always leave in a better mood than I came in with","Likes":""},{"Name":"","Category":"","Rating":" 1 star ","Number_of_Reviews":"","Address":"","Reviewer":"Milan Zecar","Reviewer_page":"https://www.google.com/maps/contrib/115156186556436847914/reviews?hl=en-US","Review_time":"2 years ago","Review":"5 ppl after got their order and at the end no brown sugar!!! Last time i complained about the same with the manager and they only shrugged it off and walked away. They should care more.","Likes":""},{"Name":"","Category":"","Rating":" 5 stars ","Number_of_Reviews":"","Address":"","Reviewer":"Amy Dwire","Reviewer_page":"https://www.google.com/maps/contrib/115693258206222204511/reviews?hl=en-US","Review_time":"6 years ago","Review":"Warm and friendly environment!  Larry goes above and beyond making sure everyone leaves with a smile on their face!  The only location I go to.","Likes":""},{"Name":"","Category":"","Rating":" 4 stars ","Number_of_Reviews":"","Address":"","Reviewer":"Michael B","Reviewer_page":"https://www.google.com/maps/contrib/115276325606750148736/reviews?hl=en-US","Review_time":"6 years ago","Review":"Not your normal Starbucks! ☕  Relaxing place to drink coffee or tea.  Large wooden tables with a industrial feel.","Likes":""},{"Name":"","Category":"","Rating":" 5 stars ","Number_of_Reviews":"","Address":"","Reviewer":"Zoe Elizabeth","Reviewer_page":"https://www.google.com/maps/contrib/104935077889588294866/reviews?hl=en-US","Review_time":"3 years ago","Review":"It is very tasty but they put so much ice in if you do not say light ice.","Likes":""},{"Name":"","Category":"","Rating":" 5 stars ","Number_of_Reviews":"","Address":"","Reviewer":"Vianey Elgebaly","Reviewer_page":"https://www.google.com/maps/contrib/102378602830750092017/reviews?hl=en-US","Review_time":"4 years ago","Review":"Bathroom is nasty but staff is friendly.","Likes":""},{"Name":"","Category":"","Rating":" 3 stars ","Number_of_Reviews":"","Address":"","Reviewer":"Rob Streetman","Reviewer_page":"https://www.google.com/maps/contrib/109893755060234553768/reviews?hl=en-US","Review_time":"4 years ago","Review":"Very friendly staff at 5 am. Starts to get busy around 7. Night crew is often in a hurry to get out early compared to the listed hours","Likes":""},{"Name":"","Category":"","Rating":" 4 stars ","Number_of_Reviews":"","Address":"","Reviewer":"Jason Nadler","Reviewer_page":"https://www.google.com/maps/contrib/107811333902557233737/reviews?hl=en-US","Review_time":"5 years ago","Review":"It's Starbucks. They easily give out the code to the bathroom, got my drink order correct, and did so quickly. What's not to like.","Likes":""},{"Name":"","Category":"","Rating":" 3 stars ","Number_of_Reviews":"","Address":"","Reviewer":"jeffrey rusoff","Reviewer_page":"https://www.google.com/maps/contrib/101906175018540392594/reviews?hl=en-US","Review_time":"2 years ago","Review":"Service was very good and very clean, my only complaint would be the annoying and loud music I had to listen to","Likes":""},{"Name":"","Category":"","Rating":" 5 stars ","Number_of_Reviews":"","Address":"","Reviewer":"Aaron Jacobson","Reviewer_page":"https://www.google.com/maps/contrib/107571105948048046946/reviews?hl=en-US","Review_time":"5 years ago","Review":"Nice store with lots of glass. The barista made a mistake with my order, but he realized it and corrected it before I had even walked away from the counter.","Likes":""},{"Name":"","Category":"","Rating":" 4 stars ","Number_of_Reviews":"","Address":"","Reviewer":"Wanda Bennett-Gould","Reviewer_page":"https://www.google.com/maps/contrib/118202543715328332965/reviews?hl=en-US","Review_time":"a year ago","Review":"Attentiveness. Pretty quick completing my order. Cordial","Likes":""},{"Name":"","Category":"","Rating":" 5 stars ","Number_of_Reviews":"","Address":"","Reviewer":"Roy Grant","Reviewer_page":"https://www.google.com/maps/contrib/107707089744846703120/reviews?hl=en-US","Review_time":"4 years ago","Review":"This is a comfortable Starbucks with ample seating (indoor only). For outdoor seating go to 85th Street and First Avenue.","Likes":"1"},{"Name":"","Category":"","Rating":" 4 stars ","Number_of_Reviews":"","Address":"","Reviewer":"Errol Eats Everything","Reviewer_page":"https://www.google.com/maps/contrib/109960168770677967517/reviews?hl=en-US","Review_time":"3 years ago","Review":"As you expect from Starbucks. Standard top shelf treatment and service that has come to be expected of the brand.","Likes":""},{"Name":"","Category":"","Rating":" 3 stars ","Number_of_Reviews":"","Address":"","Reviewer":"Alex Man","Reviewer_page":"https://www.google.com/maps/contrib/104327963936021001630/reviews?hl=en-US","Review_time":"5 years ago","Review":"gross coffee. Good, clean bathroom, nice setting/environment. Free WiFi, nice employee's","Likes":""},{"Name":"","Category":"","Rating":" 4 stars ","Number_of_Reviews":"","Address":"","Reviewer":"Alec Hugh","Reviewer_page":"https://www.google.com/maps/contrib/114618827989739603275/reviews?hl=en-US","Review_time":"a year ago","Review":"It's Starbucks. So.. 👌🤷? They didn't have oatmilk today, so 4 stars..","Likes":""},{"Name":"","Category":"","Rating":" 4 stars ","Number_of_Reviews":"","Address":"","Reviewer":"Lukas Camphausen","Reviewer_page":"https://www.google.com/maps/contrib/106531354127370421252/reviews?hl=en-US","Review_time":"5 years ago","Review":"Great Starbucks with consistent quality. Staff was friendly. Fast wi-fi!","Likes":""},{"Name":"","Category":"","Rating":" 5 stars ","Number_of_Reviews":"","Address":"","Reviewer":"Kestutis Genevicius","Reviewer_page":"https://www.google.com/maps/contrib/116330472233005767173/reviews?hl=en-US","Review_time":"3 years ago","Review":"I like busy place’s where are many people, WiFi and good tasty coffee","Likes":""},{"Name":"","Category":"","Rating":" 5 stars ","Number_of_Reviews":"","Address":"","Reviewer":"Spare Account","Reviewer_page":"https://www.google.com/maps/contrib/100337160797990907062/reviews?hl=en-US","Review_time":"8 years ago","Review":"Not many know that they have much more room upstairs. Now you do. You're welcome!","Likes":""},{"Name":"","Category":"","Rating":" 5 stars ","Number_of_Reviews":"","Address":"","Reviewer":"Derrick W. Jordan","Reviewer_page":"https://www.google.com/maps/contrib/109269734170937177405/reviews?hl=en-US","Review_time":"5 years ago","Review":"Friendly fastaff will get your drinks out ASAP will always try to go here when I'm in the mood for a smoothie!!","Likes":""},{"Name":"","Category":"","Rating":" 4 stars ","Number_of_Reviews":"","Address":"","Reviewer":"Syrlane Albuquerque","Reviewer_page":"https://www.google.com/maps/contrib/113983174792813712809/reviews?hl=en-US","Review_time":"3 years ago","Review":"I love this store, it has space, the decor is great and the staff is friendly.","Likes":""},{"Name":"","Category":"","Rating":" 5 stars ","Number_of_Reviews":"","Address":"","Reviewer":"Karcs B","Reviewer_page":"https://www.google.com/maps/contrib/106274294831395375726/reviews?hl=en-US","Review_time":"4 years ago","Review":"It's a Starbucks.  Nothing negative to report.  My order was correct and came quickly.","Likes":""},{"Name":"","Category":"","Rating":" 5 stars ","Number_of_Reviews":"","Address":"","Reviewer":"Eva-Lynn Podietz","Reviewer_page":"https://www.google.com/maps/contrib/105012521446218124063/reviews?hl=en-US","Review_time":"4 years ago","Review":"Excellent.  We luckily got Sears quickly in this small store","Likes":""},{"Name":"","Category":"","Rating":" 1 star ","Number_of_Reviews":"","Address":"","Reviewer":"Robert Levy","Reviewer_page":"https://www.google.com/maps/contrib/105923815507051339668/reviews?hl=en-US","Review_time":"3 years ago","Review":"This location is a filthy mess. Napkins, straw wrappers, newspapers and drierd spills all over the floor.","Likes":""},{"Name":"","Category":"","Rating":" 5 stars ","Number_of_Reviews":"","Address":"","Reviewer":"Joseph Travis","Reviewer_page":"https://www.google.com/maps/contrib/114146138711658029185/reviews?hl=en-US","Review_time":"2 months ago","Review":"The partners are friendly","Likes":""},{"Name":"","Category":"","Rating":" 5 stars ","Number_of_Reviews":"","Address":"","Reviewer":"Nikki McDougal","Reviewer_page":"https://www.google.com/maps/contrib/116299963705074113491/reviews?hl=en-US","Review_time":"a year ago","Review":"In most cases the service is excellent","Likes":""},{"Name":"","Category":"","Rating":" 3 stars ","Number_of_Reviews":"","Address":"","Reviewer":"Andrew Naples","Reviewer_page":"https://www.google.com/maps/contrib/110828205390624358768/reviews?hl=en-US","Review_time":"3 years ago","Review":"Walk in Service this morning was a lot quicker and more organized than yesterday.","Likes":""},{"Name":"","Category":"","Rating":" 1 star ","Number_of_Reviews":"","Address":"","Reviewer":"Sam Calle","Reviewer_page":"https://www.google.com/maps/contrib/104606442073707610112/reviews?hl=en-US","Review_time":"a year ago","Review":"Consistently messed up online orders","Likes":""},{"Name":"","Category":"","Rating":" 1 star ","Number_of_Reviews":"","Address":"","Reviewer":"calvberto@gmail.com Alberto Calvete","Reviewer_page":"https://www.google.com/maps/contrib/110913972676241371685/reviews?hl=en-US","Review_time":"3 years ago","Review":"Very bad, they don't let you use the bathroom even being customers..","Likes":"1"},{"Name":"","Category":"","Rating":" 1 star ","Number_of_Reviews":"","Address":"","Reviewer":"Stan K","Reviewer_page":"https://www.google.com/maps/contrib/115044000956559875007/reviews?hl=en-US","Review_time":"3 years ago","Review":"Seriously 6 people working and it takes 4 minutes for someone to poor an ice coffee. Ridiculous!","Likes":"1"},{"Name":"","Category":"","Rating":" 4 stars ","Number_of_Reviews":"","Address":"","Reviewer":"Zuxian Shi","Reviewer_page":"https://www.google.com/maps/contrib/104579359978222307612/reviews?hl=en-US","Review_time":"5 years ago","Review":"They move location, so the store surrounding is no as good as before. Not crowed","Likes":""},{"Name":"","Category":"","Rating":" 3 stars ","Number_of_Reviews":"","Address":"","Reviewer":"Jeff Yablon","Reviewer_page":"https://www.google.com/maps/contrib/107656876763618847422/reviews?hl=en-US","Review_time":"6 months ago","Review":"SB. What else is there to say?","Likes":""},{"Name":"","Category":"","Rating":" 2 stars ","Number_of_Reviews":"","Address":"","Reviewer":"Alicia 225","Reviewer_page":"https://www.google.com/maps/contrib/110629303667581549435/reviews?hl=en-US","Review_time":"4 years ago","Review":"WiFi slow & disconnects often unlike other Starbuck locations","Likes":""},{"Name":"","Category":"","Rating":" 4 stars ","Number_of_Reviews":"","Address":"","Reviewer":"A 2","Reviewer_page":"https://www.google.com/maps/contrib/107116999966676404762/reviews?hl=en-US","Review_time":"3 years ago","Review":"Mobile order said my choice was sold out yet someone walked in and purchased it","Likes":""},{"Name":"","Category":"","Rating":" 3 stars ","Number_of_Reviews":"","Address":"","Reviewer":"stephen davis","Reviewer_page":"https://www.google.com/maps/contrib/103697575195835517876/reviews?hl=en-US","Review_time":"5 years ago","Review":"Soft seating by the windows and long tables for laptops.","Likes":""},{"Name":"","Category":"","Rating":" 3 stars ","Number_of_Reviews":"","Address":"","Reviewer":"Gary O'Brien","Reviewer_page":"https://www.google.com/maps/contrib/101241034587570498594/reviews?hl=en-US","Review_time":"2 years ago","Review":"Great coffee, horrible service, dirty store.","Likes":""},{"Name":"","Category":"","Rating":" 5 stars ","Number_of_Reviews":"","Address":"","Reviewer":"Beth","Reviewer_page":"https://www.google.com/maps/contrib/106337919358836490407/reviews?hl=en-US","Review_time":"a year ago","Review":"Starbucks, = Fast service, great coffee!!","Likes":""},{"Name":"","Category":"","Rating":" 3 stars ","Number_of_Reviews":"","Address":"","Reviewer":"Eric !","Reviewer_page":"https://www.google.com/maps/contrib/104299334747714564746/reviews?hl=en-US","Review_time":"5 years ago","Review":"Very very loud. I still don't know how some people study here","Likes":""},{"Name":"","Category":"","Rating":" 5 stars ","Number_of_Reviews":"","Address":"","Reviewer":"George Montagner","Reviewer_page":"https://www.google.com/maps/contrib/111096130720568221198/reviews?hl=en-US","Review_time":"a year ago","Review":"When on the go, my caffeine pit stop.","Likes":""},{"Name":"","Category":"","Rating":" 5 stars ","Number_of_Reviews":"","Address":"","Reviewer":"Jasmine Payne","Reviewer_page":"https://www.google.com/maps/contrib/103058723980429719744/reviews?hl=en-US","Review_time":"2 years ago","Review":"Amazing staff and delicious fraps!","Likes":""},{"Name":"","Category":"","Rating":" 5 stars ","Number_of_Reviews":"","Address":"","Reviewer":"michael higgins","Reviewer_page":"https://www.google.com/maps/contrib/112244374810613563722/reviews?hl=en-US","Review_time":"5 years ago","Review":"Nice, helpful personnel and good quick service.","Likes":""},{"Name":"","Category":"","Rating":" 5 stars ","Number_of_Reviews":"","Address":"","Reviewer":"FooD ExPlorer","Reviewer_page":"https://www.google.com/maps/contrib/113595035171050346289/reviews?hl=en-US","Review_time":"5 years ago","Review":"Nice, clean atmosphere. Friendly staff","Likes":""},{"Name":"","Category":"","Rating":" 4 stars ","Number_of_Reviews":"","Address":"","Reviewer":"Anthony Zwolensky","Reviewer_page":"https://www.google.com/maps/contrib/110741830692935095347/reviews?hl=en-US","Review_time":"5 years ago","Review":"Quick service.  Decent sized store.","Likes":""},{"Name":"","Category":"","Rating":" 3 stars ","Number_of_Reviews":"","Address":"","Reviewer":"Raj","Reviewer_page":"https://www.google.com/maps/contrib/115900776958145040996/reviews?hl=en-US","Review_time":"3 years ago","Review":"No sugar no one acknowledged while i waited","Likes":""},{"Name":"","Category":"","Rating":" 5 stars ","Number_of_Reviews":"","Address":"","Reviewer":"Alyssa Renee Fernandez","Reviewer_page":"https://www.google.com/maps/contrib/109154246194839935782/reviews?hl=en-US","Review_time":"3 years ago","Review":"Open late and service with a smile - who can complain?!","Likes":""},{"Name":"","Category":"","Rating":" 3 stars ","Number_of_Reviews":"","Address":"","Reviewer":"Jen Lachance","Reviewer_page":"https://www.google.com/maps/contrib/105641660111205565066/reviews?hl=en-US","Review_time":"3 years ago","Review":"Very hot inside, bathroom dirty","Likes":""},{"Name":"","Category":"","Rating":" 4 stars ","Number_of_Reviews":"","Address":"","Reviewer":"Danielle Stein","Reviewer_page":"https://www.google.com/maps/contrib/104132408451851349236/reviews?hl=en-US","Review_time":"6 months ago","Review":"Good","Likes":""},{"Name":"","Category":"","Rating":" 4 stars ","Number_of_Reviews":"","Address":"","Reviewer":"Corey Brunish","Reviewer_page":"https://www.google.com/maps/contrib/109416236231329617606/reviews?hl=en-US","Review_time":"3 years ago","Review":"Reliable hot beverages for a cold day","Likes":""},{"Name":"","Category":"","Rating":" 4 stars ","Number_of_Reviews":"","Address":"","Reviewer":"Chad Norris","Reviewer_page":"https://www.google.com/maps/contrib/115979828557811904477/reviews?hl=en-US","Review_time":"7 years ago","Review":"Friendly staff and nice inside.","Likes":""},{"Name":"","Category":"","Rating":" 4 stars ","Number_of_Reviews":"","Address":"","Reviewer":"Pam Cheung","Reviewer_page":"https://www.google.com/maps/contrib/101569280846238003486/reviews?hl=en-US","Review_time":"5 years ago","Review":"Spacious location with great staff","Likes":""},{"Name":"","Category":"","Rating":" 5 stars ","Number_of_Reviews":"","Address":"","Reviewer":"Jordy Víñas","Reviewer_page":"https://www.google.com/maps/contrib/100572000506617190423/reviews?hl=en-US","Review_time":"3 years ago","Review":"Thanks for the best chocolate chip ever.","Likes":""},{"Name":"","Category":"","Rating":" 4 stars ","Number_of_Reviews":"","Address":"","Reviewer":"Ruslan Valiev","Reviewer_page":"https://www.google.com/maps/contrib/111372022769414614459/reviews?hl=en-US","Review_time":"7 months ago","Review":"Good coffee","Likes":""},{"Name":"","Category":"","Rating":" 1 star ","Number_of_Reviews":"","Address":"","Reviewer":"G","Reviewer_page":"https://www.google.com/maps/contrib/105108430217504315815/reviews?hl=en-US","Review_time":"6 months ago","Review":"Bathroom closed","Likes":""},{"Name":"","Category":"","Rating":" 5 stars ","Number_of_Reviews":"","Address":"","Reviewer":"william jakab","Reviewer_page":"https://www.google.com/maps/contrib/117230930341614576279/reviews?hl=en-US","Review_time":"3 years ago","Review":"People nice,polite and clean!","Likes":""},{"Name":"","Category":"","Rating":" 5 stars ","Number_of_Reviews":"","Address":"","Reviewer":"Geri Castellano","Reviewer_page":"https://www.google.com/maps/contrib/112362428077740369328/reviews?hl=en-US","Review_time":"6 years ago","Review":"Carmel frappe extra whip key to the heart","Likes":""},{"Name":"","Category":"","Rating":" 4 stars ","Number_of_Reviews":"","Address":"","Reviewer":"Rochelle Rachelson","Reviewer_page":"https://www.google.com/maps/contrib/109880979136352627202/reviews?hl=en-US","Review_time":"5 years ago","Review":"Great neighborhood spot to relax.","Likes":""},{"Name":"","Category":"","Rating":" 4 stars ","Number_of_Reviews":"","Address":"","Reviewer":"Keith Odums","Reviewer_page":"https://www.google.com/maps/contrib/103952823877005636690/reviews?hl=en-US","Review_time":"4 years ago","Review":"Not rush hour. Service was on point!","Likes":""},{"Name":"","Category":"","Rating":" 5 stars ","Number_of_Reviews":"","Address":"","Reviewer":"chrissy fritta","Reviewer_page":"https://www.google.com/maps/contrib/108742720100184697141/reviews?hl=en-US","Review_time":"3 years ago","Review":"All i really can say is YUMMMM!!😜","Likes":""},{"Name":"","Category":"","Rating":" 5 stars ","Number_of_Reviews":"","Address":"","Reviewer":"Sunny","Reviewer_page":"https://www.google.com/maps/contrib/110786518373913700049/reviews?hl=en-US","Review_time":"2 years ago","Review":"Just love Starbucks..","Likes":""},{"Name":"","Category":"","Rating":" 5 stars ","Number_of_Reviews":"","Address":"","Reviewer":"mary johnson","Reviewer_page":"https://www.google.com/maps/contrib/104526408280389982063/reviews?hl=en-US","Review_time":"a year ago","Review":"Good service.","Likes":""},{"Name":"","Category":"","Rating":" 5 stars ","Number_of_Reviews":"","Address":"","Reviewer":"Charles Irwin","Reviewer_page":"https://www.google.com/maps/contrib/104974457031539171327/reviews?hl=en-US","Review_time":"2 years ago","Review":"Great service 👏 👍","Likes":""},{"Name":"","Category":"","Rating":" 5 stars ","Number_of_Reviews":"","Address":"","Reviewer":"Caroline Bowen","Reviewer_page":"https://www.google.com/maps/contrib/100709489889374667994/reviews?hl=en-US","Review_time":"3 years ago","Review":"Almond croissant is the best","Likes":""},{"Name":"","Category":"","Rating":" 4 stars ","Number_of_Reviews":"","Address":"","Reviewer":"Melissa Falardeau","Reviewer_page":"https://www.google.com/maps/contrib/109450748680014082023/reviews?hl=en-US","Review_time":"4 years ago","Review":"Free wi fi","Likes":"1"},{"Name":"","Category":"","Rating":" 4 stars ","Number_of_Reviews":"","Address":"","Reviewer":"Anish Bardhan","Reviewer_page":"https://www.google.com/maps/contrib/109547683848354270353/reviews?hl=en-US","Review_time":"4 years ago","Review":"Good place to meet.","Likes":""},{"Name":"","Category":"","Rating":" 5 stars ","Number_of_Reviews":"","Address":"","Reviewer":"Shadman Asif","Reviewer_page":"https://www.google.com/maps/contrib/100031468369929744472/reviews?hl=en-US","Review_time":"4 years ago","Review":"Drive through available","Likes":""},{"Name":"","Category":"","Rating":" 5 stars ","Number_of_Reviews":"","Address":"","Reviewer":"Yann Howe Kwan","Reviewer_page":"https://www.google.com/maps/contrib/107660846311149938493/reviews?hl=en-US","Review_time":"6 years ago","Review":"Space, wifi, power outlets","Likes":""},{"Name":"","Category":"","Rating":" 5 stars ","Number_of_Reviews":"","Address":"","Reviewer":"Richard Meyerowich","Reviewer_page":"https://www.google.com/maps/contrib/101711966145321027104/reviews?hl=en-US","Review_time":"a year ago","Review":"NITRO!!","Likes":""},{"Name":"","Category":"","Rating":" 5 stars ","Number_of_Reviews":"","Address":"","Reviewer":"Muamer Dedovic","Reviewer_page":"https://www.google.com/maps/contrib/101796819546422266733/reviews?hl=en-US","Review_time":"2 years ago","Review":"Cant wait to go back","Likes":""},{"Name":"","Category":"","Rating":" 5 stars ","Number_of_Reviews":"","Address":"","Reviewer":"Eladia Benson","Reviewer_page":"https://www.google.com/maps/contrib/109545877670985846071/reviews?hl=en-US","Review_time":"2 years ago","Review":"Always awesome!","Likes":""},{"Name":"","Category":"","Rating":" 5 stars ","Number_of_Reviews":"","Address":"","Reviewer":"Mickey","Reviewer_page":"https://www.google.com/maps/contrib/116444438884263189624/reviews?hl=en-US","Review_time":"a year ago","Review":"Great staff","Likes":""},{"Name":"","Category":"","Rating":" 5 stars ","Number_of_Reviews":"","Address":"","Reviewer":"J Katon (hobit42)","Reviewer_page":"https://www.google.com/maps/contrib/104088713956243660472/reviews?hl=en-US","Review_time":"6 years ago","Review":"Free wifi","Likes":""},{"Name":"","Category":"","Rating":" 5 stars ","Number_of_Reviews":"","Address":"","Reviewer":"Anton Yakushin","Reviewer_page":"https://www.google.com/maps/contrib/112445907294687179206/reviews?hl=en-US","Review_time":"6 years ago","Review":"Line moves quickly","Likes":""},{"Name":"","Category":"","Rating":" 5 stars ","Number_of_Reviews":"","Address":"","Reviewer":"Alex P","Reviewer_page":"https://www.google.com/maps/contrib/115561463134524281551/reviews?hl=en-US","Review_time":"4 years ago","Review":"Bring your laptop!","Likes":""},{"Name":"","Category":"","Rating":" 1 star ","Number_of_Reviews":"","Address":"","Reviewer":"Ivan","Reviewer_page":"https://www.google.com/maps/contrib/108113494871053382896/reviews?hl=en-US","Review_time":"5 years ago","Review":"Wow this store sucks","Likes":""},{"Name":"","Category":"","Rating":" 5 stars ","Number_of_Reviews":"","Address":"","Reviewer":"Keila Mendez","Reviewer_page":"https://www.google.com/maps/contrib/118074809373223543437/reviews?hl=en-US","Review_time":"4 years ago","Review":"Is kk","Likes":""},{"Name":"","Category":"","Rating":" 5 stars ","Number_of_Reviews":"","Address":"","Reviewer":"Karim Awad","Reviewer_page":"https://www.google.com/maps/contrib/118197146675953790544/reviews?hl=en-US","Review_time":"3 years ago","Review":"Friendly local people","Likes":""},{"Name":"","Category":"","Rating":" 5 stars ","Number_of_Reviews":"","Address":"","Reviewer":"Panainte Calin","Reviewer_page":"https://www.google.com/maps/contrib/105452686402843400214/reviews?hl=en-US","Review_time":"4 years ago","Review":"Love Starbucks.","Likes":""},{"Name":"","Category":"","Rating":" 5 stars ","Number_of_Reviews":"","Address":"","Reviewer":"Jackie Gittleson","Reviewer_page":"https://www.google.com/maps/contrib/113174185675196243192/reviews?hl=en-US","Review_time":"6 years ago","Review":"Larry is the best!","Likes":""},{"Name":"","Category":"","Rating":" 5 stars ","Number_of_Reviews":"","Address":"","Reviewer":"Giorge Leedy","Reviewer_page":"https://www.google.com/maps/contrib/101284603628049877852/reviews?hl=en-US","Review_time":"4 years ago","Review":"Latte!","Likes":""},{"Name":"","Category":"","Rating":" 5 stars ","Number_of_Reviews":"","Address":"","Reviewer":"Mamta TB","Reviewer_page":"https://www.google.com/maps/contrib/112929538967150609248/reviews?hl=en-US","Review_time":"4 years ago","Review":"Fast service.","Likes":""},{"Name":"","Category":"","Rating":" 1 star ","Number_of_Reviews":"","Address":"","Reviewer":"Joe Scsepko","Reviewer_page":"https://www.google.com/maps/contrib/109711504838252128996/reviews?hl=en-US","Review_time":"2 years ago","Review":"Terrible dump","Likes":""},{"Name":"","Category":"","Rating":" 3 stars ","Number_of_Reviews":"","Address":"","Reviewer":"Alexander Cayanni","Reviewer_page":"https://www.google.com/maps/contrib/110798049286239937116/reviews?hl=en-US","Review_time":"6 years ago","Review":"you know the deal","Likes":""},{"Name":"","Category":"","Rating":" 5 stars ","Number_of_Reviews":"","Address":"","Reviewer":"Ralph Elias","Reviewer_page":"https://www.google.com/maps/contrib/104480393671146367212/reviews?hl=en-US","Review_time":"4 years ago","Review":"Nice people","Likes":""},{"Name":"","Category":"","Rating":" 4 stars ","Number_of_Reviews":"","Address":"","Reviewer":"Jodeci888 (Jodeci888)","Reviewer_page":"https://www.google.com/maps/contrib/102915393879127041107/reviews?hl=en-US","Review_time":"3 years ago","Review":"Yummy","Likes":""},{"Name":"","Category":"","Rating":" 5 stars ","Number_of_Reviews":"","Address":"","Reviewer":"Eduardo Andino","Reviewer_page":"https://www.google.com/maps/contrib/102205017158615560491/reviews?hl=en-US","Review_time":"4 years ago","Review":"Very helpful","Likes":""},{"Name":"","Category":"","Rating":" 4 stars ","Number_of_Reviews":"","Address":"","Reviewer":"J","Reviewer_page":"https://www.google.com/maps/contrib/116121723653476804768/reviews?hl=en-US","Review_time":"3 years ago","Review":"Friendly","Likes":""},{"Name":"","Category":"","Rating":" 5 stars ","Number_of_Reviews":"","Address":"","Reviewer":"Susiane Carvalho","Reviewer_page":"https://www.google.com/maps/contrib/106913301970074012629/reviews?hl=en-US","Review_time":"5 years ago","Review":"Good place","Likes":""},{"Name":"","Category":"","Rating":" 5 stars ","Number_of_Reviews":"","Address":"","Reviewer":"Adam Febre","Reviewer_page":"https://www.google.com/maps/contrib/103132952591436177115/reviews?hl=en-US","Review_time":"4 years ago","Review":"Amazing!!!!!!","Likes":""},{"Name":"","Category":"","Rating":" 3 stars ","Number_of_Reviews":"","Address":"","Reviewer":"Lance Guerreiro","Reviewer_page":"https://www.google.com/maps/contrib/116849001801551037220/reviews?hl=en-US","Review_time":"4 years ago","Review":"Coffee!!!!","Likes":""},{"Name":"","Category":"","Rating":" 5 stars ","Number_of_Reviews":"","Address":"","Reviewer":"cola","Reviewer_page":"https://www.google.com/maps/contrib/112826296569677279671/reviews?hl=en-US","Review_time":"8 months ago","Review":"(Translated by Google) I don't like the cinnamon taste of Indian milk tea, and the staff are super friendly! like\n\n(Original)\n印度奶茶有肉桂味不喜歡，店員超超超友善！喜歡","Likes":""},{"Name":"","Category":"","Rating":" 1 star ","Number_of_Reviews":"","Address":"","Reviewer":"Marco Acerbi","Reviewer_page":"https://www.google.com/maps/contrib/101644179195180330776/reviews?hl=en-US","Review_time":"3 months ago","Review":"(Translated by Google) Dirty venue, rude staff.\n\n(Original)\nLocale sporco, personale sgarbato.","Likes":""},{"Name":"","Category":"","Rating":" 4 stars ","Number_of_Reviews":"","Address":"","Reviewer":"edward","Reviewer_page":"https://www.google.com/maps/contrib/107606236135219178898/reviews?hl=en-US","Review_time":"5 years ago","Review":"(Translated by Google) Here the coffee with the atmosphere is very good, suitable for quite enjoy reading, as well as the use of notebook to do their own thing. The coffee and atmosphere here is very good, suitable for reading your own books or newspapers here, and using The notebook is doing its own thing.\n\n(Original)\nHere the coffee with the atmosphere is very good, suitable for quite enjoy reading, as well as the use of notebook to do their own thing.這裡的咖啡與氣氛非常好，適合在這裡看自己的書或是報紙，以及使用筆電做自己的事情。","Likes":""},{"Name":"","Category":"","Rating":" 5 stars ","Number_of_Reviews":"","Address":"","Reviewer":"Alex Dinu","Reviewer_page":"https://www.google.com/maps/contrib/101632443751647105330/reviews?hl=en-US","Review_time":"a year ago","Review":"(Translated by Google) You say horses from the jukebox to a lion\n\n(Original)\nzici cai cafea de la tonomat daia la un leu","Likes":""},{"Name":"","Category":"","Rating":" 4 stars ","Number_of_Reviews":"","Address":"","Reviewer":"FREDERIC CHEDOZEAU","Reviewer_page":"https://www.google.com/maps/contrib/111288851336778363993/reviews?hl=en-US","Review_time":"4 years ago","Review":"(Translated by Google) Starbucks is Starbucks. We like it or not. No surprise with this one, it is convenient for the wifi.\n\n(Original)\nStarbucks, c'est Starbucks. Onbn'aime ou pas. Pas de surprise avec celui là, c'est pratique pour le wifi.","Likes":""},{"Name":"","Category":"","Rating":" 5 stars ","Number_of_Reviews":"","Address":"","Reviewer":"ramon santana","Reviewer_page":"https://www.google.com/maps/contrib/113405547591831073156/reviews?hl=en-US","Review_time":"2 years ago","Review":"(Translated by Google) I love coffee\n\n(Original)\nMe encanta el café","Likes":""},{"Name":"","Category":"","Rating":" 4 stars ","Number_of_Reviews":"","Address":"","Reviewer":"Felipe Vallejo","Reviewer_page":"https://www.google.com/maps/contrib/116742274229213268295/reviews?hl=en-US","Review_time":"4 years ago","Review":"(Translated by Google) Overrated, I recommend Pergamino\n\n(Original)\nSobrevalorado, recomiendo Pergamino","Likes":"1"},{"Name":"","Category":"","Rating":" 5 stars ","Number_of_Reviews":"","Address":"","Reviewer":"Nicko Galindo","Reviewer_page":"https://www.google.com/maps/contrib/100787090349601330824/reviews?hl=en-US","Review_time":"a year ago","Review":"(Translated by Google) Okay\n\n(Original)\nBueno","Likes":""},{"Name":"","Category":"","Rating":" 5 stars ","Number_of_Reviews":"","Address":"","Reviewer":"Helberi Ferreira","Reviewer_page":"https://www.google.com/maps/contrib/108468778443326736094/reviews?hl=en-US","Review_time":"5 years ago","Review":"(Translated by Google) All the best\n\n(Original)\nTudo de bom","Likes":""},{"Name":"","Category":"","Rating":" 4 stars ","Number_of_Reviews":"","Address":"","Reviewer":"carlos alba","Reviewer_page":"https://www.google.com/maps/contrib/108593832068862469273/reviews?hl=en-US","Review_time":"2 months ago","Review":"","Likes":""},{"Name":"","Category":"","Rating":" 5 stars ","Number_of_Reviews":"","Address":"","Reviewer":"вадим коваленко","Reviewer_page":"https://www.google.com/maps/contrib/110466062493984348985/reviews?hl=en-US","Review_time":"3 years ago","Review":"(Translated by Google) Nice and cozy\n\n(Original)\nМило и уютно","Likes":""},{"Name":"","Category":"","Rating":" 5 stars ","Number_of_Reviews":"","Address":"","Reviewer":"Ronen Suarc","Reviewer_page":"https://www.google.com/maps/contrib/111419573581088918987/reviews?hl=en-US","Review_time":"7 months ago","Review":"","Likes":""},{"Name":"","Category":"","Rating":" 1 star ","Number_of_Reviews":"","Address":"","Reviewer":"Larissa Knoche","Reviewer_page":"https://www.google.com/maps/contrib/104017934847475906842/reviews?hl=en-US","Review_time":"7 months ago","Review":"","Likes":""},{"Name":"","Category":"","Rating":" 5 stars ","Number_of_Reviews":"","Address":"","Reviewer":"Arten Smajlaj","Reviewer_page":"https://www.google.com/maps/contrib/102664203995006830765/reviews?hl=en-US","Review_time":"a year ago","Review":"","Likes":""},{"Name":"","Category":"","Rating":" 5 stars ","Number_of_Reviews":"","Address":"","Reviewer":"First Last (8r00kMan)","Reviewer_page":"https://www.google.com/maps/contrib/111967048587423716453/reviews?hl=en-US","Review_time":"a year ago","Review":"","Likes":""},{"Name":"","Category":"","Rating":" 5 stars ","Number_of_Reviews":"","Address":"","Reviewer":"Andreas B.","Reviewer_page":"https://www.google.com/maps/contrib/108568611617791957094/reviews?hl=en-US","Review_time":"2 years ago","Review":"(Translated by Google) Great Starbucks\n\n(Original)\nSuper Starbucks","Likes":"1"},{"Name":"","Category":"","Rating":" 5 stars ","Number_of_Reviews":"","Address":"","Reviewer":"Dolores Albano","Reviewer_page":"https://www.google.com/maps/contrib/106798811279360114187/reviews?hl=en-US","Review_time":"4 years ago","Review":"","Likes":""},{"Name":"","Category":"","Rating":" 3 stars ","Number_of_Reviews":"","Address":"","Reviewer":"Jan Silverstein","Reviewer_page":"https://www.google.com/maps/contrib/116550630464415459399/reviews?hl=en-US","Review_time":"3 years ago","Review":"","Likes":""},{"Name":"","Category":"","Rating":" 4 stars ","Number_of_Reviews":"","Address":"","Reviewer":"Arup Bhowmik","Reviewer_page":"https://www.google.com/maps/contrib/114311729114669767527/reviews?hl=en-US","Review_time":"6 years ago","Review":"","Likes":""},{"Name":"","Category":"","Rating":" 5 stars ","Number_of_Reviews":"","Address":"","Reviewer":"I Garcia","Reviewer_page":"https://www.google.com/maps/contrib/100658716012361232915/reviews?hl=en-US","Review_time":"4 years ago","Review":"","Likes":""},{"Name":"","Category":"","Rating":" 3 stars ","Number_of_Reviews":"","Address":"","Reviewer":"Yonatan Landau","Reviewer_page":"https://www.google.com/maps/contrib/108658333089702177856/reviews?hl=en-US","Review_time":"3 years ago","Review":"","Likes":""},{"Name":"","Category":"","Rating":" 5 stars ","Number_of_Reviews":"","Address":"","Reviewer":"Osiel Diaz","Reviewer_page":"https://www.google.com/maps/contrib/100926127054074265445/reviews?hl=en-US","Review_time":"3 years ago","Review":"","Likes":""},{"Name":"","Category":"","Rating":" 4 stars ","Number_of_Reviews":"","Address":"","Reviewer":"Allan Andersen","Reviewer_page":"https://www.google.com/maps/contrib/118039079311528840823/reviews?hl=en-US","Review_time":"4 years ago","Review":"","Likes":""},{"Name":"","Category":"","Rating":" 5 stars ","Number_of_Reviews":"","Address":"","Reviewer":"D I","Reviewer_page":"https://www.google.com/maps/contrib/108459334005823179328/reviews?hl=en-US","Review_time":"a month ago","Review":"","Likes":""},{"Name":"","Category":"","Rating":" 4 stars ","Number_of_Reviews":"","Address":"","Reviewer":"Jeff Bade","Reviewer_page":"https://www.google.com/maps/contrib/110462463706288060026/reviews?hl=en-US","Review_time":"4 years ago","Review":"","Likes":""},{"Name":"","Category":"","Rating":" 2 stars ","Number_of_Reviews":"","Address":"","Reviewer":"Gentian Itneg","Reviewer_page":"https://www.google.com/maps/contrib/112860780453506699727/reviews?hl=en-US","Review_time":"10 months ago","Review":"","Likes":""},{"Name":"","Category":"","Rating":" 5 stars ","Number_of_Reviews":"","Address":"","Reviewer":"Stephen and Rosen","Reviewer_page":"https://www.google.com/maps/contrib/104073052424711039932/reviews?hl=en-US","Review_time":"a year ago","Review":"","Likes":""},{"Name":"","Category":"","Rating":" 4 stars ","Number_of_Reviews":"","Address":"","Reviewer":"A. C.","Reviewer_page":"https://www.google.com/maps/contrib/101867991368977108265/reviews?hl=en-US","Review_time":"5 years ago","Review":"","Likes":""},{"Name":"","Category":"","Rating":" 3 stars ","Number_of_Reviews":"","Address":"","Reviewer":"Nathan Church","Reviewer_page":"https://www.google.com/maps/contrib/110074259291834256427/reviews?hl=en-US","Review_time":"10 years ago","Review":"","Likes":""},{"Name":"","Category":"","Rating":" 1 star ","Number_of_Reviews":"","Address":"","Reviewer":"Eileen Foy","Reviewer_page":"https://www.google.com/maps/contrib/106320011881786355279/reviews?hl=en-US","Review_time":"a year ago","Review":"","Likes":""},{"Name":"","Category":"","Rating":" 5 stars ","Number_of_Reviews":"","Address":"","Reviewer":"Sergio Ricon","Reviewer_page":"https://www.google.com/maps/contrib/108449361270275165928/reviews?hl=en-US","Review_time":"3 years ago","Review":"","Likes":""},{"Name":"","Category":"","Rating":" 5 stars ","Number_of_Reviews":"","Address":"","Reviewer":"Pascal D Wolf","Reviewer_page":"https://www.google.com/maps/contrib/109054239419132598231/reviews?hl=en-US","Review_time":"3 years ago","Review":"","Likes":""},{"Name":"","Category":"","Rating":" 5 stars ","Number_of_Reviews":"","Address":"","Reviewer":"Azi","Reviewer_page":"https://www.google.com/maps/contrib/116701075910179556607/reviews?hl=en-US","Review_time":"2 years ago","Review":"","Likes":""},{"Name":"","Category":"","Rating":" 3 stars ","Number_of_Reviews":"","Address":"","Reviewer":"Daisha Conyers","Reviewer_page":"https://www.google.com/maps/contrib/104960449716667572645/reviews?hl=en-US","Review_time":"5 years ago","Review":"","Likes":""},{"Name":"","Category":"","Rating":" 2 stars ","Number_of_Reviews":"","Address":"","Reviewer":"Ashlee Franshell","Reviewer_page":"https://www.google.com/maps/contrib/114962844696667589026/reviews?hl=en-US","Review_time":"8 months ago","Review":"","Likes":""},{"Name":"","Category":"","Rating":" 5 stars ","Number_of_Reviews":"","Address":"","Reviewer":"Jose Villaverde","Reviewer_page":"https://www.google.com/maps/contrib/101738904583732804779/reviews?hl=en-US","Review_time":"a year ago","Review":"","Likes":""},{"Name":"","Category":"","Rating":" 5 stars ","Number_of_Reviews":"","Address":"","Reviewer":"Tyron Balwant","Reviewer_page":"https://www.google.com/maps/contrib/109162575425715449966/reviews?hl=en-US","Review_time":"4 years ago","Review":"","Likes":""},{"Name":"","Category":"","Rating":" 5 stars ","Number_of_Reviews":"","Address":"","Reviewer":"Carmen Agu","Reviewer_page":"https://www.google.com/maps/contrib/109343638078422979124/reviews?hl=en-US","Review_time":"4 years ago","Review":"","Likes":""},{"Name":"","Category":"","Rating":" 3 stars ","Number_of_Reviews":"","Address":"","Reviewer":"Anthony Iorio","Reviewer_page":"https://www.google.com/maps/contrib/100567741283226585705/reviews?hl=en-US","Review_time":"3 years ago","Review":"","Likes":""},{"Name":"","Category":"","Rating":" 5 stars ","Number_of_Reviews":"","Address":"","Reviewer":"Kreshnik Musa","Reviewer_page":"https://www.google.com/maps/contrib/103490687135204636514/reviews?hl=en-US","Review_time":"a year ago","Review":"","Likes":""},{"Name":"","Category":"","Rating":" 2 stars ","Number_of_Reviews":"","Address":"","Reviewer":"Joseph Dejesus","Reviewer_page":"https://www.google.com/maps/contrib/113349826626259393273/reviews?hl=en-US","Review_time":"4 years ago","Review":"","Likes":""},{"Name":"","Category":"","Rating":" 4 stars ","Number_of_Reviews":"","Address":"","Reviewer":"Kelsey Romano","Reviewer_page":"https://www.google.com/maps/contrib/104873865459460996679/reviews?hl=en-US","Review_time":"2 years ago","Review":"","Likes":""},{"Name":"","Category":"","Rating":" 4 stars ","Number_of_Reviews":"","Address":"","Reviewer":"Rahul Anand","Reviewer_page":"https://www.google.com/maps/contrib/112376976186202087789/reviews?hl=en-US","Review_time":"5 years ago","Review":"","Likes":""},{"Name":"","Category":"","Rating":" 4 stars ","Number_of_Reviews":"","Address":"","Reviewer":"Ronke Aremu","Reviewer_page":"https://www.google.com/maps/contrib/102626510741692604950/reviews?hl=en-US","Review_time":"2 years ago","Review":"","Likes":""},{"Name":"","Category":"","Rating":" 3 stars ","Number_of_Reviews":"","Address":"","Reviewer":"DJ DR Keith","Reviewer_page":"https://www.google.com/maps/contrib/102660015142721408882/reviews?hl=en-US","Review_time":"3 years ago","Review":"","Likes":""},{"Name":"","Category":"","Rating":" 5 stars ","Number_of_Reviews":"","Address":"","Reviewer":"EveryThing Canine","Reviewer_page":"https://www.google.com/maps/contrib/116082134243801182609/reviews?hl=en-US","Review_time":"4 years ago","Review":"","Likes":""},{"Name":"","Category":"","Rating":" 5 stars ","Number_of_Reviews":"","Address":"","Reviewer":"Chiharu Yamazaki","Reviewer_page":"https://www.google.com/maps/contrib/114166720038401533680/reviews?hl=en-US","Review_time":"2 years ago","Review":"","Likes":""},{"Name":"","Category":"","Rating":" 5 stars ","Number_of_Reviews":"","Address":"","Reviewer":"Paramendra Kumar Bhagat","Reviewer_page":"https://www.google.com/maps/contrib/100079336985802441006/reviews?hl=en-US","Review_time":"2 years ago","Review":"","Likes":""},{"Name":"","Category":"","Rating":" 5 stars ","Number_of_Reviews":"","Address":"","Reviewer":"J “Riyad” H","Reviewer_page":"https://www.google.com/maps/contrib/106000701093704563957/reviews?hl=en-US","Review_time":"3 years ago","Review":"","Likes":""},{"Name":"","Category":"","Rating":" 5 stars ","Number_of_Reviews":"","Address":"","Reviewer":"Trinette Arroyo","Reviewer_page":"https://www.google.com/maps/contrib/105301899667703169927/reviews?hl=en-US","Review_time":"3 years ago","Review":"","Likes":""},{"Name":"","Category":"","Rating":" 3 stars ","Number_of_Reviews":"","Address":"","Reviewer":"Daniel Medina","Reviewer_page":"https://www.google.com/maps/contrib/111928423875273243620/reviews?hl=en-US","Review_time":"2 years ago","Review":"","Likes":""},{"Name":"","Category":"","Rating":" 4 stars ","Number_of_Reviews":"","Address":"","Reviewer":"Peter Ant","Reviewer_page":"https://www.google.com/maps/contrib/100201361324316270027/reviews?hl=en-US","Review_time":"2 years ago","Review":"","Likes":""},{"Name":"","Category":"","Rating":" 4 stars ","Number_of_Reviews":"","Address":"","Reviewer":"Scott Sumner","Reviewer_page":"https://www.google.com/maps/contrib/103057588299882820025/reviews?hl=en-US","Review_time":"2 years ago","Review":"","Likes":""},{"Name":"","Category":"","Rating":" 5 stars ","Number_of_Reviews":"","Address":"","Reviewer":"Otoniel Méndez","Reviewer_page":"https://www.google.com/maps/contrib/104367141488784243795/reviews?hl=en-US","Review_time":"11 months ago","Review":"","Likes":""},{"Name":"","Category":"","Rating":" 4 stars ","Number_of_Reviews":"","Address":"","Reviewer":"Anna Hunter","Reviewer_page":"https://www.google.com/maps/contrib/112458196685526323097/reviews?hl=en-US","Review_time":"3 years ago","Review":"","Likes":""},{"Name":"","Category":"","Rating":" 4 stars ","Number_of_Reviews":"","Address":"","Reviewer":"Walter F. Rodriguez","Reviewer_page":"https://www.google.com/maps/contrib/111216664513978061756/reviews?hl=en-US","Review_time":"3 years ago","Review":"","Likes":""},{"Name":"","Category":"","Rating":" 5 stars ","Number_of_Reviews":"","Address":"","Reviewer":"Edis De","Reviewer_page":"https://www.google.com/maps/contrib/109311013321419689140/reviews?hl=en-US","Review_time":"a year ago","Review":"","Likes":""},{"Name":"","Category":"","Rating":" 3 stars ","Number_of_Reviews":"","Address":"","Reviewer":"محمد النقبي","Reviewer_page":"https://www.google.com/maps/contrib/106537640304199650234/reviews?hl=en-US","Review_time":"5 years ago","Review":"","Likes":""},{"Name":"","Category":"","Rating":" 4 stars ","Number_of_Reviews":"","Address":"","Reviewer":"O'Conner White","Reviewer_page":"https://www.google.com/maps/contrib/106891036167633109475/reviews?hl=en-US","Review_time":"4 years ago","Review":"","Likes":""},{"Name":"","Category":"","Rating":" 5 stars ","Number_of_Reviews":"","Address":"","Reviewer":"Alex Lutovinov","Reviewer_page":"https://www.google.com/maps/contrib/106201793311978011329/reviews?hl=en-US","Review_time":"4 years ago","Review":"","Likes":""},{"Name":"","Category":"","Rating":" 5 stars ","Number_of_Reviews":"","Address":"","Reviewer":"Kelly Discon","Reviewer_page":"https://www.google.com/maps/contrib/102718577792054286934/reviews?hl=en-US","Review_time":"4 years ago","Review":"","Likes":""},{"Name":"","Category":"","Rating":" 5 stars ","Number_of_Reviews":"","Address":"","Reviewer":"Armando Garcia","Reviewer_page":"https://www.google.com/maps/contrib/105491639329069126491/reviews?hl=en-US","Review_time":"3 years ago","Review":"","Likes":""},{"Name":"","Category":"","Rating":" 3 stars ","Number_of_Reviews":"","Address":"","Reviewer":"Michael Cooper","Reviewer_page":"https://www.google.com/maps/contrib/115369023465076579731/reviews?hl=en-US","Review_time":"3 years ago","Review":"","Likes":""},{"Name":"","Category":"","Rating":" 3 stars ","Number_of_Reviews":"","Address":"","Reviewer":"Ramon Peralta","Reviewer_page":"https://www.google.com/maps/contrib/101455543434933753807/reviews?hl=en-US","Review_time":"4 years ago","Review":"","Likes":""},{"Name":"","Category":"","Rating":" 5 stars ","Number_of_Reviews":"","Address":"","Reviewer":"Terri Gonzalez","Reviewer_page":"https://www.google.com/maps/contrib/114814282852839111294/reviews?hl=en-US","Review_time":"3 years ago","Review":"","Likes":""},{"Name":"","Category":"","Rating":" 5 stars ","Number_of_Reviews":"","Address":"","Reviewer":"Angie Aspillaga","Reviewer_page":"https://www.google.com/maps/contrib/111294317721558301810/reviews?hl=en-US","Review_time":"4 years ago","Review":"","Likes":""},{"Name":"","Category":"","Rating":" 5 stars ","Number_of_Reviews":"","Address":"","Reviewer":"Janos “Jano” Ersek","Reviewer_page":"https://www.google.com/maps/contrib/113575726241332599975/reviews?hl=en-US","Review_time":"2 years ago","Review":"","Likes":""},{"Name":"","Category":"","Rating":" 5 stars ","Number_of_Reviews":"","Address":"","Reviewer":"Carlos Xitamul","Reviewer_page":"https://www.google.com/maps/contrib/105296591391002533077/reviews?hl=en-US","Review_time":"3 years ago","Review":"","Likes":""},{"Name":"","Category":"","Rating":" 5 stars ","Number_of_Reviews":"","Address":"","Reviewer":"Mustafa Lone","Reviewer_page":"https://www.google.com/maps/contrib/108735861640064331614/reviews?hl=en-US","Review_time":"4 years ago","Review":"","Likes":""},{"Name":"","Category":"","Rating":" 5 stars ","Number_of_Reviews":"","Address":"","Reviewer":"Sherlock Lai","Reviewer_page":"https://www.google.com/maps/contrib/114835184507687439669/reviews?hl=en-US","Review_time":"4 years ago","Review":"","Likes":""},{"Name":"","Category":"","Rating":" 5 stars ","Number_of_Reviews":"","Address":"","Reviewer":"yulia stashenko","Reviewer_page":"https://www.google.com/maps/contrib/113961181213440625835/reviews?hl=en-US","Review_time":"3 years ago","Review":"","Likes":""},{"Name":"","Category":"","Rating":" 5 stars ","Number_of_Reviews":"","Address":"","Reviewer":"Mel","Reviewer_page":"https://www.google.com/maps/contrib/101586798276397088055/reviews?hl=en-US","Review_time":"2 years ago","Review":"","Likes":""},{"Name":"","Category":"","Rating":" 5 stars ","Number_of_Reviews":"","Address":"","Reviewer":"kwangming chang","Reviewer_page":"https://www.google.com/maps/contrib/105202825107656472564/reviews?hl=en-US","Review_time":"3 years ago","Review":"","Likes":""},{"Name":"","Category":"","Rating":" 5 stars ","Number_of_Reviews":"","Address":"","Reviewer":"Dior Garcia","Reviewer_page":"https://www.google.com/maps/contrib/109066155107155215946/reviews?hl=en-US","Review_time":"3 years ago","Review":"","Likes":""},{"Name":"","Category":"","Rating":" 5 stars ","Number_of_Reviews":"","Address":"","Reviewer":"Darko Dabetic","Reviewer_page":"https://www.google.com/maps/contrib/112658120919845833553/reviews?hl=en-US","Review_time":"4 years ago","Review":"","Likes":""},{"Name":"","Category":"","Rating":" 5 stars ","Number_of_Reviews":"","Address":"","Reviewer":"Alyshia C.","Reviewer_page":"https://www.google.com/maps/contrib/109414536311722324401/reviews?hl=en-US","Review_time":"6 years ago","Review":"","Likes":""},{"Name":"","Category":"","Rating":" 1 star ","Number_of_Reviews":"","Address":"","Reviewer":"James Ciosek","Reviewer_page":"https://www.google.com/maps/contrib/110729439473690322037/reviews?hl=en-US","Review_time":"4 years ago","Review":"","Likes":""},{"Name":"","Category":"","Rating":" 3 stars ","Number_of_Reviews":"","Address":"","Reviewer":"Daniel W","Reviewer_page":"https://www.google.com/maps/contrib/104151818515453651211/reviews?hl=en-US","Review_time":"5 years ago","Review":"","Likes":""},{"Name":"","Category":"","Rating":" 5 stars ","Number_of_Reviews":"","Address":"","Reviewer":"Chris Andrews","Reviewer_page":"https://www.google.com/maps/contrib/111180579891540091992/reviews?hl=en-US","Review_time":"4 years ago","Review":"","Likes":""},{"Name":"","Category":"","Rating":" 5 stars ","Number_of_Reviews":"","Address":"","Reviewer":"Christina Bailey","Reviewer_page":"https://www.google.com/maps/contrib/105862571941652241138/reviews?hl=en-US","Review_time":"2 years ago","Review":"","Likes":""},{"Name":"","Category":"","Rating":" 4 stars ","Number_of_Reviews":"","Address":"","Reviewer":"John Bato (JBLuv)","Reviewer_page":"https://www.google.com/maps/contrib/108718656993155036973/reviews?hl=en-US","Review_time":"3 months ago","Review":"","Likes":""},{"Name":"","Category":"","Rating":" 4 stars ","Number_of_Reviews":"","Address":"","Reviewer":"Stephanie Klatsky","Reviewer_page":"https://www.google.com/maps/contrib/113189198903230030617/reviews?hl=en-US","Review_time":"4 years ago","Review":"","Likes":""},{"Name":"","Category":"","Rating":" 5 stars ","Number_of_Reviews":"","Address":"","Reviewer":"Yagaira Delacruz","Reviewer_page":"https://www.google.com/maps/contrib/108445708849112605872/reviews?hl=en-US","Review_time":"2 years ago","Review":"","Likes":""},{"Name":"","Category":"","Rating":" 2 stars ","Number_of_Reviews":"","Address":"","Reviewer":"Shannon Boyle","Reviewer_page":"https://www.google.com/maps/contrib/115040697310635121023/reviews?hl=en-US","Review_time":"3 years ago","Review":"","Likes":""},{"Name":"","Category":"","Rating":" 5 stars ","Number_of_Reviews":"","Address":"","Reviewer":"Ramon Salvador","Reviewer_page":"https://www.google.com/maps/contrib/115418982302708396279/reviews?hl=en-US","Review_time":"4 years ago","Review":"","Likes":""},{"Name":"","Category":"","Rating":" 5 stars ","Number_of_Reviews":"","Address":"","Reviewer":"Peter Johnson","Reviewer_page":"https://www.google.com/maps/contrib/118171987768525955199/reviews?hl=en-US","Review_time":"4 years ago","Review":"","Likes":""},{"Name":"","Category":"","Rating":" 3 stars ","Number_of_Reviews":"","Address":"","Reviewer":"A S","Reviewer_page":"https://www.google.com/maps/contrib/104445347787151108825/reviews?hl=en-US","Review_time":"4 years ago","Review":"","Likes":""},{"Name":"","Category":"","Rating":" 3 stars ","Number_of_Reviews":"","Address":"","Reviewer":"ANA GARCIA","Reviewer_page":"https://www.google.com/maps/contrib/111718022431577322534/reviews?hl=en-US","Review_time":"4 years ago","Review":"","Likes":""},{"Name":"","Category":"","Rating":" 5 stars ","Number_of_Reviews":"","Address":"","Reviewer":"Sebastian Herscher","Reviewer_page":"https://www.google.com/maps/contrib/102801187515477217969/reviews?hl=en-US","Review_time":"5 years ago","Review":"","Likes":""},{"Name":"","Category":"","Rating":" 5 stars ","Number_of_Reviews":"","Address":"","Reviewer":"Tenzin Ts","Reviewer_page":"https://www.google.com/maps/contrib/101459084986311354533/reviews?hl=en-US","Review_time":"4 years ago","Review":"","Likes":""},{"Name":"","Category":"","Rating":" 1 star ","Number_of_Reviews":"","Address":"","Reviewer":"Allen Reyhanian","Reviewer_page":"https://www.google.com/maps/contrib/108660637011041447907/reviews?hl=en-US","Review_time":"4 years ago","Review":"","Likes":""},{"Name":"","Category":"","Rating":" 3 stars ","Number_of_Reviews":"","Address":"","Reviewer":"Irteza Cheema","Reviewer_page":"https://www.google.com/maps/contrib/101861329314250392543/reviews?hl=en-US","Review_time":"4 years ago","Review":"","Likes":""},{"Name":"","Category":"","Rating":" 3 stars ","Number_of_Reviews":"","Address":"","Reviewer":"dee dee","Reviewer_page":"https://www.google.com/maps/contrib/112035846498421262820/reviews?hl=en-US","Review_time":"4 years ago","Review":"","Likes":""},{"Name":"","Category":"","Rating":" 4 stars ","Number_of_Reviews":"","Address":"","Reviewer":"Willy Randol Alvarez","Reviewer_page":"https://www.google.com/maps/contrib/105099196723566109668/reviews?hl=en-US","Review_time":"3 years ago","Review":"","Likes":""},{"Name":"","Category":"","Rating":" 4 stars ","Number_of_Reviews":"","Address":"","Reviewer":"Rea","Reviewer_page":"https://www.google.com/maps/contrib/116957069441569884675/reviews?hl=en-US","Review_time":"3 years ago","Review":"","Likes":""},{"Name":"","Category":"","Rating":" 3 stars ","Number_of_Reviews":"","Address":"","Reviewer":"ervin lila","Reviewer_page":"https://www.google.com/maps/contrib/101130705029840066249/reviews?hl=en-US","Review_time":"5 years ago","Review":"","Likes":""},{"Name":"","Category":"","Rating":" 3 stars ","Number_of_Reviews":"","Address":"","Reviewer":"Dayvon Shivers","Reviewer_page":"https://www.google.com/maps/contrib/113994212574124856157/reviews?hl=en-US","Review_time":"3 years ago","Review":"","Likes":""},{"Name":"","Category":"","Rating":" 5 stars ","Number_of_Reviews":"","Address":"","Reviewer":"rnrmanagement","Reviewer_page":"https://www.google.com/maps/contrib/116761215532066635547/reviews?hl=en-US","Review_time":"4 years ago","Review":"","Likes":""},{"Name":"","Category":"","Rating":" 4 stars ","Number_of_Reviews":"","Address":"","Reviewer":"Hazel Williams","Reviewer_page":"https://www.google.com/maps/contrib/114878489112642342509/reviews?hl=en-US","Review_time":"4 years ago","Review":"","Likes":""},{"Name":"","Category":"","Rating":" 5 stars ","Number_of_Reviews":"","Address":"","Reviewer":"knife pervert","Reviewer_page":"https://www.google.com/maps/contrib/115441564579835391968/reviews?hl=en-US","Review_time":"2 years ago","Review":"","Likes":""},{"Name":"","Category":"","Rating":" 5 stars ","Number_of_Reviews":"","Address":"","Reviewer":"Shawn Drippy","Reviewer_page":"https://www.google.com/maps/contrib/115068210046059552755/reviews?hl=en-US","Review_time":"6 years ago","Review":"","Likes":""},{"Name":"","Category":"","Rating":" 4 stars ","Number_of_Reviews":"","Address":"","Reviewer":"Charles Hicks","Reviewer_page":"https://www.google.com/maps/contrib/101960366853779633794/reviews?hl=en-US","Review_time":"3 years ago","Review":"","Likes":""},{"Name":"","Category":"","Rating":" 5 stars ","Number_of_Reviews":"","Address":"","Reviewer":"Chad Ross","Reviewer_page":"https://www.google.com/maps/contrib/112761460014056506933/reviews?hl=en-US","Review_time":"6 days ago","Review":"","Likes":""},{"Name":"","Category":"","Rating":" 5 stars ","Number_of_Reviews":"","Address":"","Reviewer":"Alexis","Reviewer_page":"https://www.google.com/maps/contrib/107434444822558491392/reviews?hl=en-US","Review_time":"6 years ago","Review":"","Likes":""},{"Name":"","Category":"","Rating":" 4 stars ","Number_of_Reviews":"","Address":"","Reviewer":"Bosmit Crook","Reviewer_page":"https://www.google.com/maps/contrib/104270695774104705256/reviews?hl=en-US","Review_time":"3 years ago","Review":"","Likes":""},{"Name":"","Category":"","Rating":" 5 stars ","Number_of_Reviews":"","Address":"","Reviewer":"Madelaine Solorzano","Reviewer_page":"https://www.google.com/maps/contrib/107551904633975826236/reviews?hl=en-US","Review_time":"4 years ago","Review":"","Likes":""},{"Name":"","Category":"","Rating":" 5 stars ","Number_of_Reviews":"","Address":"","Reviewer":"Manuel Angel Gómez Rodriguez","Reviewer_page":"https://www.google.com/maps/contrib/116036149455311696814/reviews?hl=en-US","Review_time":"5 years ago","Review":"","Likes":""},{"Name":"","Category":"","Rating":" 3 stars ","Number_of_Reviews":"","Address":"","Reviewer":"Lars Larsen","Reviewer_page":"https://www.google.com/maps/contrib/109912340363727298049/reviews?hl=en-US","Review_time":"3 years ago","Review":"","Likes":""},{"Name":"","Category":"","Rating":" 4 stars ","Number_of_Reviews":"","Address":"","Reviewer":"Howie Levit","Reviewer_page":"https://www.google.com/maps/contrib/116807698501989497060/reviews?hl=en-US","Review_time":"3 years ago","Review":"","Likes":""},{"Name":"","Category":"","Rating":" 5 stars ","Number_of_Reviews":"","Address":"","Reviewer":"Arten Smajlaj","Reviewer_page":"https://www.google.com/maps/contrib/105276909164412495244/reviews?hl=en-US","Review_time":"2 days ago","Review":"","Likes":""},{"Name":"","Category":"","Rating":" 5 stars ","Number_of_Reviews":"","Address":"","Reviewer":"Anthony Ruggiero","Reviewer_page":"https://www.google.com/maps/contrib/106407157863903097004/reviews?hl=en-US","Review_time":"9 months ago","Review":"","Likes":""},{"Name":"","Category":"","Rating":" 4 stars ","Number_of_Reviews":"","Address":"","Reviewer":"Rebecca A","Reviewer_page":"https://www.google.com/maps/contrib/107681102922442531349/reviews?hl=en-US","Review_time":"4 years ago","Review":"","Likes":""},{"Name":"","Category":"","Rating":" 4 stars ","Number_of_Reviews":"","Address":"","Reviewer":"Jason Cavalo","Reviewer_page":"https://www.google.com/maps/contrib/111880000444312145475/reviews?hl=en-US","Review_time":"3 years ago","Review":"","Likes":""},{"Name":"","Category":"","Rating":" 5 stars ","Number_of_Reviews":"","Address":"","Reviewer":"Nimal Vallipuram","Reviewer_page":"https://www.google.com/maps/contrib/114928082230933319651/reviews?hl=en-US","Review_time":"4 years ago","Review":"","Likes":""},{"Name":"","Category":"","Rating":" 3 stars ","Number_of_Reviews":"","Address":"","Reviewer":"Ankit Gupta","Reviewer_page":"https://www.google.com/maps/contrib/112441574550666302405/reviews?hl=en-US","Review_time":"4 years ago","Review":"","Likes":""},{"Name":"","Category":"","Rating":" 4 stars ","Number_of_Reviews":"","Address":"","Reviewer":"Amy Lam, NP","Reviewer_page":"https://www.google.com/maps/contrib/107622230646137192181/reviews?hl=en-US","Review_time":"5 years ago","Review":"","Likes":""},{"Name":"","Category":"","Rating":" 5 stars ","Number_of_Reviews":"","Address":"","Reviewer":"Robert Kim","Reviewer_page":"https://www.google.com/maps/contrib/107508994198430310860/reviews?hl=en-US","Review_time":"3 years ago","Review":"","Likes":""},{"Name":"","Category":"","Rating":" 5 stars ","Number_of_Reviews":"","Address":"","Reviewer":"Noel Scalone","Reviewer_page":"https://www.google.com/maps/contrib/100815019930879506885/reviews?hl=en-US","Review_time":"7 years ago","Review":"","Likes":""},{"Name":"","Category":"","Rating":" 5 stars ","Number_of_Reviews":"","Address":"","Reviewer":"Jessica Santiago","Reviewer_page":"https://www.google.com/maps/contrib/114401635981175090260/reviews?hl=en-US","Review_time":"3 years ago","Review":"","Likes":""},{"Name":"","Category":"","Rating":" 4 stars ","Number_of_Reviews":"","Address":"","Reviewer":"Adnan Siddiqi","Reviewer_page":"https://www.google.com/maps/contrib/115191500215302096663/reviews?hl=en-US","Review_time":"2 years ago","Review":"","Likes":""},{"Name":"","Category":"","Rating":" 4 stars ","Number_of_Reviews":"","Address":"","Reviewer":"Sonja Dee","Reviewer_page":"https://www.google.com/maps/contrib/117308676877950219513/reviews?hl=en-US","Review_time":"a year ago","Review":"","Likes":""},{"Name":"","Category":"","Rating":" 4 stars ","Number_of_Reviews":"","Address":"","Reviewer":"Robert Gross","Reviewer_page":"https://www.google.com/maps/contrib/108510067566699716549/reviews?hl=en-US","Review_time":"5 years ago","Review":"","Likes":""},{"Name":"","Category":"","Rating":" 3 stars ","Number_of_Reviews":"","Address":"","Reviewer":"Debbie Warner","Reviewer_page":"https://www.google.com/maps/contrib/112048553020569891702/reviews?hl=en-US","Review_time":"4 years ago","Review":"","Likes":""},{"Name":"","Category":"","Rating":" 4 stars ","Number_of_Reviews":"","Address":"","Reviewer":"Richard Sanford, Jr.","Reviewer_page":"https://www.google.com/maps/contrib/100274210481429198022/reviews?hl=en-US","Review_time":"4 years ago","Review":"","Likes":""},{"Name":"","Category":"","Rating":" 1 star ","Number_of_Reviews":"","Address":"","Reviewer":"Asher Dekel","Reviewer_page":"https://www.google.com/maps/contrib/117676675825068290707/reviews?hl=en-US","Review_time":"4 years ago","Review":"","Likes":""},{"Name":"","Category":"","Rating":" 5 stars ","Number_of_Reviews":"","Address":"","Reviewer":"Julia H","Reviewer_page":"https://www.google.com/maps/contrib/110196466978999828316/reviews?hl=en-US","Review_time":"5 years ago","Review":"","Likes":""},{"Name":"","Category":"","Rating":" 5 stars ","Number_of_Reviews":"","Address":"","Reviewer":"alessandra alves","Reviewer_page":"https://www.google.com/maps/contrib/108886751346686967305/reviews?hl=en-US","Review_time":"7 years ago","Review":"","Likes":""},{"Name":"","Category":"","Rating":" 5 stars ","Number_of_Reviews":"","Address":"","Reviewer":"Bea C.","Reviewer_page":"https://www.google.com/maps/contrib/114286097253029350887/reviews?hl=en-US","Review_time":"a year ago","Review":"","Likes":""},{"Name":"","Category":"","Rating":" 5 stars ","Number_of_Reviews":"","Address":"","Reviewer":"Peter Russo","Reviewer_page":"https://www.google.com/maps/contrib/110041316673371073432/reviews?hl=en-US","Review_time":"4 years ago","Review":"","Likes":""},{"Name":"","Category":"","Rating":" 5 stars ","Number_of_Reviews":"","Address":"","Reviewer":"Jose Bonilla","Reviewer_page":"https://www.google.com/maps/contrib/100055413533742508007/reviews?hl=en-US","Review_time":"3 years ago","Review":"","Likes":""},{"Name":"","Category":"","Rating":" 5 stars ","Number_of_Reviews":"","Address":"","Reviewer":"Stephen Grayson","Reviewer_page":"https://www.google.com/maps/contrib/103512451559856690775/reviews?hl=en-US","Review_time":"2 years ago","Review":"","Likes":""},{"Name":"","Category":"","Rating":" 5 stars ","Number_of_Reviews":"","Address":"","Reviewer":"Masatake Suzuki","Reviewer_page":"https://www.google.com/maps/contrib/118012291702334680087/reviews?hl=en-US","Review_time":"2 years ago","Review":"","Likes":""},{"Name":"","Category":"","Rating":" 5 stars ","Number_of_Reviews":"","Address":"","Reviewer":"Vrutti Dave","Reviewer_page":"https://www.google.com/maps/contrib/114799535167391986165/reviews?hl=en-US","Review_time":"5 years ago","Review":"","Likes":""},{"Name":"","Category":"","Rating":" 4 stars ","Number_of_Reviews":"","Address":"","Reviewer":"Mark Lion","Reviewer_page":"https://www.google.com/maps/contrib/115014412708998267929/reviews?hl=en-US","Review_time":"5 years ago","Review":"","Likes":""},{"Name":"","Category":"","Rating":" 4 stars ","Number_of_Reviews":"","Address":"","Reviewer":"Travis Rock","Reviewer_page":"https://www.google.com/maps/contrib/111972480440513366769/reviews?hl=en-US","Review_time":"4 years ago","Review":"","Likes":""},{"Name":"","Category":"","Rating":" 3 stars ","Number_of_Reviews":"","Address":"","Reviewer":"Luz Espinosa","Reviewer_page":"https://www.google.com/maps/contrib/116894604616303799871/reviews?hl=en-US","Review_time":"3 years ago","Review":"","Likes":""},{"Name":"","Category":"","Rating":" 5 stars ","Number_of_Reviews":"","Address":"","Reviewer":"Penny Schwartz","Reviewer_page":"https://www.google.com/maps/contrib/110598430888271893071/reviews?hl=en-US","Review_time":"4 years ago","Review":"","Likes":""},{"Name":"","Category":"","Rating":" 5 stars ","Number_of_Reviews":"","Address":"","Reviewer":"Nancy Neimeth","Reviewer_page":"https://www.google.com/maps/contrib/102577204022922103443/reviews?hl=en-US","Review_time":"3 years ago","Review":"","Likes":""},{"Name":"","Category":"","Rating":" 5 stars ","Number_of_Reviews":"","Address":"","Reviewer":"Kadisha Phillips","Reviewer_page":"https://www.google.com/maps/contrib/104679461470475330717/reviews?hl=en-US","Review_time":"3 weeks ago","Review":"","Likes":""},{"Name":"","Category":"","Rating":" 5 stars ","Number_of_Reviews":"","Address":"","Reviewer":"Elana Banin","Reviewer_page":"https://www.google.com/maps/contrib/101363321335636694900/reviews?hl=en-US","Review_time":"5 years ago","Review":"","Likes":""},{"Name":"","Category":"","Rating":" 1 star ","Number_of_Reviews":"","Address":"","Reviewer":"Mario Adrián","Reviewer_page":"https://www.google.com/maps/contrib/114040223871302125273/reviews?hl=en-US","Review_time":"a year ago","Review":"","Likes":""},{"Name":"","Category":"","Rating":" 4 stars ","Number_of_Reviews":"","Address":"","Reviewer":"Sofìa Mannocci","Reviewer_page":"https://www.google.com/maps/contrib/106455943963432144015/reviews?hl=en-US","Review_time":"3 years ago","Review":"","Likes":""},{"Name":"","Category":"","Rating":" 5 stars ","Number_of_Reviews":"","Address":"","Reviewer":"Yevgeniy Sklyar","Reviewer_page":"https://www.google.com/maps/contrib/116540303431282072402/reviews?hl=en-US","Review_time":"4 years ago","Review":"","Likes":""},{"Name":"","Category":"","Rating":" 5 stars ","Number_of_Reviews":"","Address":"","Reviewer":"Norman Oro","Reviewer_page":"https://www.google.com/maps/contrib/109741685472605474215/reviews?hl=en-US","Review_time":"6 years ago","Review":"","Likes":""},{"Name":"","Category":"","Rating":" 5 stars ","Number_of_Reviews":"","Address":"","Reviewer":"Paul Emery","Reviewer_page":"https://www.google.com/maps/contrib/112141352642113266456/reviews?hl=en-US","Review_time":"5 years ago","Review":"","Likes":""},{"Name":"","Category":"","Rating":" 3 stars ","Number_of_Reviews":"","Address":"","Reviewer":"DeaLana Woods","Reviewer_page":"https://www.google.com/maps/contrib/107962551777718175047/reviews?hl=en-US","Review_time":"4 years ago","Review":"","Likes":""},{"Name":"","Category":"","Rating":" 5 stars ","Number_of_Reviews":"","Address":"","Reviewer":"Elisa Norwood","Reviewer_page":"https://www.google.com/maps/contrib/113528375882297697924/reviews?hl=en-US","Review_time":"2 years ago","Review":"","Likes":""},{"Name":"","Category":"","Rating":" 4 stars ","Number_of_Reviews":"","Address":"","Reviewer":"Ghirghir Ghir","Reviewer_page":"https://www.google.com/maps/contrib/117280979188020604418/reviews?hl=en-US","Review_time":"4 years ago","Review":"","Likes":""},{"Name":"","Category":"","Rating":" 4 stars ","Number_of_Reviews":"","Address":"","Reviewer":"Christel Ruhbaum","Reviewer_page":"https://www.google.com/maps/contrib/116145368157592512618/reviews?hl=en-US","Review_time":"3 years ago","Review":"","Likes":""},{"Name":"","Category":"","Rating":" 5 stars ","Number_of_Reviews":"","Address":"","Reviewer":"Yeraldina Estrella","Reviewer_page":"https://www.google.com/maps/contrib/112388069667460304322/reviews?hl=en-US","Review_time":"3 years ago","Review":"","Likes":""},{"Name":"","Category":"","Rating":" 5 stars ","Number_of_Reviews":"","Address":"","Reviewer":"Alex Nader","Reviewer_page":"https://www.google.com/maps/contrib/103378340230264487101/reviews?hl=en-US","Review_time":"3 years ago","Review":"","Likes":""},{"Name":"","Category":"","Rating":" 4 stars ","Number_of_Reviews":"","Address":"","Reviewer":"Donald Pietrowski","Reviewer_page":"https://www.google.com/maps/contrib/109370791998093922051/reviews?hl=en-US","Review_time":"2 years ago","Review":"","Likes":""},{"Name":"","Category":"","Rating":" 5 stars ","Number_of_Reviews":"","Address":"","Reviewer":"Shannon Samler","Reviewer_page":"https://www.google.com/maps/contrib/106424304448117845356/reviews?hl=en-US","Review_time":"4 years ago","Review":"","Likes":""},{"Name":"","Category":"","Rating":" 4 stars ","Number_of_Reviews":"","Address":"","Reviewer":"Joseph Zygnerski","Reviewer_page":"https://www.google.com/maps/contrib/109959134946435819108/reviews?hl=en-US","Review_time":"5 years ago","Review":"","Likes":""},{"Name":"","Category":"","Rating":" 3 stars ","Number_of_Reviews":"","Address":"","Reviewer":"Jarreau Morris","Reviewer_page":"https://www.google.com/maps/contrib/113440291647343848312/reviews?hl=en-US","Review_time":"4 years ago","Review":"","Likes":""},{"Name":"","Category":"","Rating":" 4 stars ","Number_of_Reviews":"","Address":"","Reviewer":"Rodolfo Nunez","Reviewer_page":"https://www.google.com/maps/contrib/110433202498943909258/reviews?hl=en-US","Review_time":"5 years ago","Review":"","Likes":""},{"Name":"","Category":"","Rating":" 5 stars ","Number_of_Reviews":"","Address":"","Reviewer":"Raz Zilberman","Reviewer_page":"https://www.google.com/maps/contrib/107877978840439061825/reviews?hl=en-US","Review_time":"5 years ago","Review":"","Likes":""},{"Name":"","Category":"","Rating":" 5 stars ","Number_of_Reviews":"","Address":"","Reviewer":"Fred Jabali","Reviewer_page":"https://www.google.com/maps/contrib/112329080527680313845/reviews?hl=en-US","Review_time":"5 years ago","Review":"","Likes":""},{"Name":"","Category":"","Rating":" 5 stars ","Number_of_Reviews":"","Address":"","Reviewer":"mesudi holli","Reviewer_page":"https://www.google.com/maps/contrib/103642335220289067232/reviews?hl=en-US","Review_time":"4 years ago","Review":"","Likes":""},{"Name":"","Category":"","Rating":" 2 stars ","Number_of_Reviews":"","Address":"","Reviewer":"Prediction Ascension","Reviewer_page":"https://www.google.com/maps/contrib/105653945171933498901/reviews?hl=en-US","Review_time":"a year ago","Review":"","Likes":""},{"Name":"","Category":"","Rating":" 4 stars ","Number_of_Reviews":"","Address":"","Reviewer":"Emmett Towey","Reviewer_page":"https://www.google.com/maps/contrib/108943768265752850186/reviews?hl=en-US","Review_time":"5 days ago","Review":"","Likes":""},{"Name":"","Category":"","Rating":" 3 stars ","Number_of_Reviews":"","Address":"","Reviewer":"ra rado","Reviewer_page":"https://www.google.com/maps/contrib/112635632831427734004/reviews?hl=en-US","Review_time":"9 months ago","Review":"","Likes":""},{"Name":"","Category":"","Rating":" 5 stars ","Number_of_Reviews":"","Address":"","Reviewer":"Niko Dhima","Reviewer_page":"https://www.google.com/maps/contrib/104356107590513577815/reviews?hl=en-US","Review_time":"3 years ago","Review":"","Likes":""},{"Name":"","Category":"","Rating":" 5 stars ","Number_of_Reviews":"","Address":"","Reviewer":"Nisha","Reviewer_page":"https://www.google.com/maps/contrib/108524218093896165479/reviews?hl=en-US","Review_time":"6 months ago","Review":"","Likes":""},{"Name":"","Category":"","Rating":" 5 stars ","Number_of_Reviews":"","Address":"","Reviewer":"Vanessa","Reviewer_page":"https://www.google.com/maps/contrib/114143019710799926334/reviews?hl=en-US","Review_time":"4 years ago","Review":"","Likes":""},{"Name":"","Category":"","Rating":" 1 star ","Number_of_Reviews":"","Address":"","Reviewer":"Melody Melendez","Reviewer_page":"https://www.google.com/maps/contrib/108944318764954071169/reviews?hl=en-US","Review_time":"2 years ago","Review":"","Likes":""},{"Name":"","Category":"","Rating":" 4 stars ","Number_of_Reviews":"","Address":"","Reviewer":"Ali Serkan Bulut","Reviewer_page":"https://www.google.com/maps/contrib/110937045533781096316/reviews?hl=en-US","Review_time":"5 years ago","Review":"","Likes":""},{"Name":"","Category":"","Rating":" 5 stars ","Number_of_Reviews":"","Address":"","Reviewer":"Kenneth Mcdevitt","Reviewer_page":"https://www.google.com/maps/contrib/110709882749872768637/reviews?hl=en-US","Review_time":"6 months ago","Review":"","Likes":""},{"Name":"","Category":"","Rating":" 5 stars ","Number_of_Reviews":"","Address":"","Reviewer":"Zeno Lee","Reviewer_page":"https://www.google.com/maps/contrib/108898440817362113375/reviews?hl=en-US","Review_time":"4 years ago","Review":"","Likes":""},{"Name":"","Category":"","Rating":" 5 stars ","Number_of_Reviews":"","Address":"","Reviewer":"Milan Tomich","Reviewer_page":"https://www.google.com/maps/contrib/112510628945738883647/reviews?hl=en-US","Review_time":"2 years ago","Review":"","Likes":""},{"Name":"","Category":"","Rating":" 1 star ","Number_of_Reviews":"","Address":"","Reviewer":"Richard Repka","Reviewer_page":"https://www.google.com/maps/contrib/111831098379530191681/reviews?hl=en-US","Review_time":"4 years ago","Review":"","Likes":""},{"Name":"","Category":"","Rating":" 3 stars ","Number_of_Reviews":"","Address":"","Reviewer":"Michaelle Farrell","Reviewer_page":"https://www.google.com/maps/contrib/114860367735752402522/reviews?hl=en-US","Review_time":"5 years ago","Review":"","Likes":""},{"Name":"","Category":"","Rating":" 1 star ","Number_of_Reviews":"","Address":"","Reviewer":"Tea Flynn","Reviewer_page":"https://www.google.com/maps/contrib/113305896797406617392/reviews?hl=en-US","Review_time":"a month ago","Review":"","Likes":""},{"Name":"","Category":"","Rating":" 5 stars ","Number_of_Reviews":"","Address":"","Reviewer":"Bartosz Winogrodzki","Reviewer_page":"https://www.google.com/maps/contrib/116007106869911347685/reviews?hl=en-US","Review_time":"4 years ago","Review":"","Likes":""},{"Name":"","Category":"","Rating":" 1 star ","Number_of_Reviews":"","Address":"","Reviewer":"Michael Morton","Reviewer_page":"https://www.google.com/maps/contrib/101227978582945912877/reviews?hl=en-US","Review_time":"a year ago","Review":"","Likes":""}