[{"Name":"","Category":"","Rating":" 5 stars ","Number_of_Reviews":"","Address":"","Reviewer":"JP STONE","Reviewer_page":"https://www.google.com/maps/contrib/109809896359246355332/reviews?hl=en-US","Review_time":"a month ago","Review":"Location in a very busy part of downtown Manhattan near different shops and stores. Coffee shop is clean and friendly environment overall a safe place to sip on a coffee and there's room to chill out with friends company or even a date. Prices are very high but coffee and for location it is reasonable.","Likes":"1"},{"Name":"","Category":"","Rating":" 5 stars ","Number_of_Reviews":"","Address":"","Reviewer":"Anthony Aurelia","Reviewer_page":"https://www.google.com/maps/contrib/103738735862293756730/reviews?hl=en-US","Review_time":"a month ago","Review":"AVOID Lafayette, Come here. This location is exactly what you expect from Starbucks. Great staff and well made drinks. Always busy and still gets your drinks out quickly.","Likes":""},{"Name":"","Category":"","Rating":" 3 stars ","Number_of_Reviews":"","Address":"","Reviewer":"Tereza H.","Reviewer_page":"https://www.google.com/maps/contrib/108098217095256411694/reviews?hl=en-US","Review_time":"a week ago","Review":"Regular starbucks, not better nor worse than others. They start smoking people out by reducing the temperature (it got colder inside than outside in October) an hour before the closing time. Half an hour before closing time bathroom was already closed which was pretty unpleasant to find out when leaving after having half liter of coffee.","Likes":""},{"Name":"","Category":"","Rating":" 5 stars ","Number_of_Reviews":"","Address":"","Reviewer":"Lexi Paulino","Reviewer_page":"https://www.google.com/maps/contrib/101466144153649574694/reviews?hl=en-US","Review_time":"a month ago","Review":"joi (her apron said joi, but incase that’s not her- she has red hair) is so pleasant and patient. she helped me figure out exactly what i wanted because i wasn’t sure the difference with cold brew and americano. she’s very knowledgeable and i saw her ask another customer similar questions to be sure they got what they wanted. (caramel syrup or caramel sauce? matcha latte or matcha frapp?  etc) i thought this was very thoughtful of her. this place is generally really nice and i always come here before and during my work breaks so thank you all!","Likes":""},{"Name":"","Category":"","Rating":" 1 star ","Number_of_Reviews":"","Address":"","Reviewer":"Catalina Lambert","Reviewer_page":"https://www.google.com/maps/contrib/107563486897421009083/reviews?hl=en-US","Review_time":"2 months ago","Review":"Worst experience I’ve ever had at a Starbucks. Google Maps says they’re supposed to close at 8:30 pm on Sundays, and they were starting to kick everyone out 15 minutes before closing. I had just gotten a hot chocolate, and couldn’t even use the bathroom because the employee said they were closed already. To top the bad experience, the employee told me “there’s a TJ Maxx with a restroom” and that place was closed before the Starbucks. Definitely not coming back!!","Likes":""},{"Name":"","Category":"","Rating":" 1 star ","Number_of_Reviews":"","Address":"","Reviewer":"ashton lololol","Reviewer_page":"https://www.google.com/maps/contrib/101603363361239477693/reviews?hl=en-US","Review_time":"3 months ago","Review":"Hi, I went there a couple weeks ago and I was treated extremely poorly by an employee here. She gave me attitude and I do not not appreciate it. I believe her name was Marissa or Melissa? Furthermore, I do not think I will be returning to this establishment. Do better.","Likes":""},{"Name":"","Category":"","Rating":" 5 stars ","Number_of_Reviews":"","Address":"","Reviewer":"Joyce","Reviewer_page":"https://www.google.com/maps/contrib/104280550531598755747/reviews?hl=en-US","Review_time":"5 months ago","Review":"Great place with vibe. It is opened last year if I am not wrong. Chill place to get a coffee. Always have the espresso and java chip frappucino.","Likes":""},{"Name":"","Category":"","Rating":" 5 stars ","Number_of_Reviews":"","Address":"","Reviewer":"Dennis W.","Reviewer_page":"https://www.google.com/maps/contrib/102599720402520504627/reviews?hl=en-US","Review_time":"2 years ago","Review":"Newly opened Starbucks near the intersection of Broadway and Canal Streets.  Although no indoor seating is allowed, the staff was very friendly and welcoming.  The decor is warm and inviting, but the bathrooms are closed due to covid.  Drinks and food items are up to the usual quality, and there were no lines or crowds during our visit on a warm fall Friday afternoon.","Likes":"1"},{"Name":"","Category":"","Rating":" 5 stars ","Number_of_Reviews":"","Address":"","Reviewer":"Ahmed Hisham","Reviewer_page":"https://www.google.com/maps/contrib/113750059020090887230/reviews?hl=en-US","Review_time":"3 months ago","Review":"Joshua, kristen  and all the baristas were amazing thank you so much for the wonderful service","Likes":""},{"Name":"","Category":"","Rating":" 5 stars ","Number_of_Reviews":"","Address":"","Reviewer":"Allen Chachkes","Reviewer_page":"https://www.google.com/maps/contrib/102664525077719119419/reviews?hl=en-US","Review_time":"a year ago","Review":"I don’t really post reviews that much but this is the best Starbucks I’ve ever been to. We recently moved to the area and the staff made me feel so at home. They knew my name after a few days of going there and are always super friendly and upbeat - even when I’m just getting going at 730am!  Truly doesn’t feel like a chain, but a real local coffee shop.","Likes":"1"},{"Name":"","Category":"","Rating":" 5 stars ","Number_of_Reviews":"","Address":"","Reviewer":"Duy Nguyen","Reviewer_page":"https://www.google.com/maps/contrib/108324929106426309841/reviews?hl=en-US","Review_time":"a year ago","Review":"Not a hyperbole: this is the best Starbucks branch I’ve been to in the past year! Polite, attentive team that cares and goes above and beyond to make sure your drinks are exactly how you’d like them! This is my first review ever for a Starbucks!","Likes":"1"},{"Name":"","Category":"","Rating":" 5 stars ","Number_of_Reviews":"","Address":"","Reviewer":"MKQueazy","Reviewer_page":"https://www.google.com/maps/contrib/108592425710821664755/reviews?hl=en-US","Review_time":"a year ago","Review":"This is one of the Best Starbucks I have ever been to. I just started working nearby and decided to go into this Starbucks and I was greeted with such  amazing energy. Plus it only took like 2-5 minutes to get my order (Amazing). Go to this location you won't regret it","Likes":"2"},{"Name":"","Category":"","Rating":" 5 stars ","Number_of_Reviews":"","Address":"","Reviewer":"jess petino","Reviewer_page":"https://www.google.com/maps/contrib/112826642458839142068/reviews?hl=en-US","Review_time":"2 years ago","Review":"The staff at this Starbucks low-key makes me feel like a celebrity. They're all iconic, the manager (Alex) is a true queen, and I don't know how I'd survive working during a pandemic without them. They're all so friendly and welcoming, even when I'm tired and grumpy. If I could rate higher than 5 stars, I would. LOVE THIS PLACE!!!!!!","Likes":"1"},{"Name":"","Category":"","Rating":" 5 stars ","Number_of_Reviews":"","Address":"","Reviewer":"Deborah Cardoso","Reviewer_page":"https://www.google.com/maps/contrib/111646998906107129686/reviews?hl=en-US","Review_time":"a year ago","Review":"this was the best starbucks ever so I had to come leave a review. I stopped by today and left in a better mood than when I walked in. good vibes and my coffee was made so deliciously and so quickly. shout out the saturday afternoon shift. ❤️","Likes":""},{"Name":"","Category":"","Rating":" 5 stars ","Number_of_Reviews":"","Address":"","Reviewer":"Drew Rubin","Reviewer_page":"https://www.google.com/maps/contrib/115194132362396876448/reviews?hl=en-US","Review_time":"a year ago","Review":"TRULY a wonderful experience. The customer service I’ve received here is unparalleled. All the baristas are welcoming and warm, and really seem happy to be at work. This location has made me a loyal customer! I don’t think I can go back to another location ever, even though there’s one on the corner of my street haha. If you want Starbucks and exceptional customer service, be SURE to visit this location. You won’t be disappointed!","Likes":"1"},{"Name":"","Category":"","Rating":" 5 stars ","Number_of_Reviews":"","Address":"","Reviewer":"April April","Reviewer_page":"https://www.google.com/maps/contrib/112475644356483742162/reviews?hl=en-US","Review_time":"a year ago","Review":"The team is the best. Very friendly and welcoming, i am glad this morning I walked into this place, they just made my day brighter and happier. Seriously,each one of them made me feel the love of this world, We need this kind of vibe at this difficult time, the world need more loving ppl like them. ❤️ ❤️ Far and beyond! ! !\nAll the best team!","Likes":"1"},{"Name":"","Category":"","Rating":" 5 stars ","Number_of_Reviews":"","Address":"","Reviewer":"Mark Albrecht","Reviewer_page":"https://www.google.com/maps/contrib/101612788074048962465/reviews?hl=en-US","Review_time":"a year ago","Review":"I am absolutely in love with this Starbucks. During the pandemic, I made a switch from a competitor named \"DD\". \"DD\" was not following any safety precautions and I decided to make the switch. Honestly, finding this Starbucks was one of the best things to happen to me this year. Alex (the manager) is AMAZING and extremely genuine, Steven is very friendly and has a cool and chill demeanor, Jerry is hilarious, and I have yet to get to know the rest of the crew but look forward to it. I cannot rave enough about this location and I am so happy I stumbled into the store. Thanks so much Alex, Steven, Jerry, and others at 444 Broadway!","Likes":"1"},{"Name":"","Category":"","Rating":" 5 stars ","Number_of_Reviews":"","Address":"","Reviewer":"Keren M","Reviewer_page":"https://www.google.com/maps/contrib/109946672097321828399/reviews?hl=en-US","Review_time":"a year ago","Review":"Love their coffee! Great place and kind staff. Try their toffee nut latte with oat milk, you will not regret! It's literally the best.","Likes":"1"},{"Name":"","Category":"","Rating":" 4 stars ","Number_of_Reviews":"","Address":"","Reviewer":"The Gaming Lion","Reviewer_page":"https://www.google.com/maps/contrib/117792235918523934528/reviews?hl=en-US","Review_time":"9 months ago","Review":"Nice vibe, it's right off of canal walking towards shopping strip. Staff friendly, competent and efficient. Has a bathroom  as well as seating area","Likes":""},{"Name":"","Category":"","Rating":" 5 stars ","Number_of_Reviews":"","Address":"","Reviewer":"Rachel Primmer","Reviewer_page":"https://www.google.com/maps/contrib/116717303317048040320/reviews?hl=en-US","Review_time":"a year ago","Review":"These guys are so nice!! I was so impressed with service I wanted to leave a review, and I see they’re 5 stars. So obviously consistent. It’s the friendly mannerism of the staff that stood out! Served by Steve.","Likes":"1"},{"Name":"","Category":"","Rating":" 5 stars ","Number_of_Reviews":"","Address":"","Reviewer":"Katlin Lebron","Reviewer_page":"https://www.google.com/maps/contrib/111867432348342098298/reviews?hl=en-US","Review_time":"a year ago","Review":"Literally my first time walking in there since it’s closer to my job instead of the one further down on Broadway by Canal and their customer service is off the hook! They’re all so kind and talk to you while you’re waiting for your order. It seems like you weren’t even waiting! Not to mention their beautiful interior. They won me over, I’ll be a dedicated customer to this specific location.","Likes":"1"},{"Name":"","Category":"","Rating":" 4 stars ","Number_of_Reviews":"","Address":"","Reviewer":"Jen T。","Reviewer_page":"https://www.google.com/maps/contrib/115392221543194959276/reviews?hl=en-US","Review_time":"3 weeks ago","Review":"Nice vibes, love the leather beaches","Likes":""},{"Name":"","Category":"","Rating":" 5 stars ","Number_of_Reviews":"","Address":"","Reviewer":"Mehron Abdollmohammadi","Reviewer_page":"https://www.google.com/maps/contrib/111716864950329686093/reviews?hl=en-US","Review_time":"a year ago","Review":"Whoever was working Wednesday 10/20 in the evening was so kind and so courteous. I got A vanilla bean Frappuccino with a pump of strawberry purée and it was delightful.","Likes":""},{"Name":"","Category":"","Rating":" 5 stars ","Number_of_Reviews":"","Address":"","Reviewer":"Shawn Lennox","Reviewer_page":"https://www.google.com/maps/contrib/108688116703184348290/reviews?hl=en-US","Review_time":"a year ago","Review":"One of the bigger Starbucks in the area, although a little quiet these days. Some of the friendliest staff I've come across in a Starbucks, seems like they try a little harder to please here. Well recommended...","Likes":""},{"Name":"","Category":"","Rating":" 5 stars ","Number_of_Reviews":"","Address":"","Reviewer":"Uncas Unga","Reviewer_page":"https://www.google.com/maps/contrib/108806322492245546843/reviews?hl=en-US","Review_time":"2 months ago","Review":"The staff is so extremely nice here! 🙂","Likes":""},{"Name":"","Category":"","Rating":" 5 stars ","Number_of_Reviews":"","Address":"","Reviewer":"Ariel mahgerefteh","Reviewer_page":"https://www.google.com/maps/contrib/107967885870659661095/reviews?hl=en-US","Review_time":"a week ago","Review":"Great service and always clean","Likes":""},{"Name":"","Category":"","Rating":" 5 stars ","Number_of_Reviews":"","Address":"","Reviewer":"Rafael Mahgerefteh","Reviewer_page":"https://www.google.com/maps/contrib/114933713734828735244/reviews?hl=en-US","Review_time":"a year ago","Review":"By far the best Starbucks I have ever been to. They are so welcoming and nice. I love the vibes.","Likes":"1"},{"Name":"","Category":"","Rating":" 5 stars ","Number_of_Reviews":"","Address":"","Reviewer":"Estella Gold","Reviewer_page":"https://www.google.com/maps/contrib/103630693484511856759/reviews?hl=en-US","Review_time":"a year ago","Review":"This is literally the nicest staff at any Starbucks in the world. I’m not exaggerating—it’s just facts. Come here so you can understand the wonders of this Starbucks yourself.","Likes":"1"},{"Name":"","Category":"","Rating":" 5 stars ","Number_of_Reviews":"","Address":"","Reviewer":"Jennifer","Reviewer_page":"https://www.google.com/maps/contrib/116842685609276086586/reviews?hl=en-US","Review_time":"10 months ago","Review":"My favorite Starbucks location. The staff is always very nice and efficient","Likes":""},{"Name":"","Category":"","Rating":" 5 stars ","Number_of_Reviews":"","Address":"","Reviewer":"Beth Johnson","Reviewer_page":"https://www.google.com/maps/contrib/110663971733379314064/reviews?hl=en-US","Review_time":"4 months ago","Review":"Always love my coffee..","Likes":""},{"Name":"","Category":"","Rating":" 5 stars ","Number_of_Reviews":"","Address":"","Reviewer":"Sam Desner","Reviewer_page":"https://www.google.com/maps/contrib/116497681238111202329/reviews?hl=en-US","Review_time":"a year ago","Review":"Best Starbucks!! Stuff are so nice and friendly and they. working  very fast, the Place very clean!!","Likes":"1"},{"Name":"","Category":"","Rating":" 5 stars ","Number_of_Reviews":"","Address":"","Reviewer":"Javin James (James Dennie)","Reviewer_page":"https://www.google.com/maps/contrib/106725724285913088780/reviews?hl=en-US","Review_time":"4 weeks ago","Review":"🙂","Likes":""},{"Name":"","Category":"","Rating":" 5 stars ","Number_of_Reviews":"","Address":"","Reviewer":"Casey Weickgenannt","Reviewer_page":"https://www.google.com/maps/contrib/113353934304064223439/reviews?hl=en-US","Review_time":"a year ago","Review":"Every time I come to this location the baristas give exceptional customer service- Not only are they friendly but they also give great recommendations too.","Likes":""},{"Name":"","Category":"","Rating":" 5 stars ","Number_of_Reviews":"","Address":"","Reviewer":"Wanner Aarts","Reviewer_page":"https://www.google.com/maps/contrib/112249920906492102739/reviews?hl=en-US","Review_time":"a year ago","Review":"Staff is so friendly good sitting area, definitly can get some work done here! Loved it!","Likes":""},{"Name":"","Category":"","Rating":" 5 stars ","Number_of_Reviews":"","Address":"","Reviewer":"Mel Sobieski","Reviewer_page":"https://www.google.com/maps/contrib/100693854708418809911/reviews?hl=en-US","Review_time":"a year ago","Review":"Samantha rocks.  She is the best.  Thank you for taken my order and getting it right on.","Likes":"2"},{"Name":"","Category":"","Rating":" 5 stars ","Number_of_Reviews":"","Address":"","Reviewer":"Michael James Miller","Reviewer_page":"https://www.google.com/maps/contrib/110939145082548127327/reviews?hl=en-US","Review_time":"a year ago","Review":"Spacious and clean. Nice area and of course good coffee.","Likes":""},{"Name":"","Category":"","Rating":" 4 stars ","Number_of_Reviews":"","Address":"","Reviewer":"Fredrik Jansson","Reviewer_page":"https://www.google.com/maps/contrib/116958727893582490971/reviews?hl=en-US","Review_time":"10 months ago","Review":"Great place for coffee and waiting for the others shopping.","Likes":""},{"Name":"","Category":"","Rating":" 5 stars ","Number_of_Reviews":"","Address":"","Reviewer":"Barbara de Campos","Reviewer_page":"https://www.google.com/maps/contrib/113492930750678137828/reviews?hl=en-US","Review_time":"a year ago","Review":"I love this location! Super friendly and perfect flat whites EVERY time.","Likes":""},{"Name":"","Category":"","Rating":" 5 stars ","Number_of_Reviews":"","Address":"","Reviewer":"DAILY ARSLAN","Reviewer_page":"https://www.google.com/maps/contrib/100833057048924672882/reviews?hl=en-US","Review_time":"a year ago","Review":"Warm welcome, staff friendly , no password for restroom","Likes":""},{"Name":"","Category":"","Rating":" 4 stars ","Number_of_Reviews":"","Address":"","Reviewer":"Sharon","Reviewer_page":"https://www.google.com/maps/contrib/114381073434988104209/reviews?hl=en-US","Review_time":"a year ago","Review":"Good customer service. Nice, friendly, clean.","Likes":""},{"Name":"","Category":"","Rating":" 5 stars ","Number_of_Reviews":"","Address":"","Reviewer":"Neil Tecson","Reviewer_page":"https://www.google.com/maps/contrib/105672427451366005361/reviews?hl=en-US","Review_time":"10 months ago","Review":"Very polite staff. Pleasant experience!!","Likes":""},{"Name":"","Category":"","Rating":" 5 stars ","Number_of_Reviews":"","Address":"","Reviewer":"Marie Bullock","Reviewer_page":"https://www.google.com/maps/contrib/105017879170452419556/reviews?hl=en-US","Review_time":"a year ago","Review":"Beautiful Starbucks with really nice modern bathroom","Likes":"1"},{"Name":"","Category":"","Rating":" 5 stars ","Number_of_Reviews":"","Address":"","Reviewer":"Questen Benjamin","Reviewer_page":"https://www.google.com/maps/contrib/102641358973108939825/reviews?hl=en-US","Review_time":"11 months ago","Review":"Friendly staff. Quick service.","Likes":""},{"Name":"","Category":"","Rating":" 5 stars ","Number_of_Reviews":"","Address":"","Reviewer":"Pepijn","Reviewer_page":"https://www.google.com/maps/contrib/105083772175862605635/reviews?hl=en-US","Review_time":"6 months ago","Review":"Great Starbucks!","Likes":""},{"Name":"","Category":"","Rating":" 5 stars ","Number_of_Reviews":"","Address":"","Reviewer":"PoPpaMaCk","Reviewer_page":"https://www.google.com/maps/contrib/111757184164460933393/reviews?hl=en-US","Review_time":"a year ago","Review":"Very fast service and very friendly..","Likes":""},{"Name":"","Category":"","Rating":" 5 stars ","Number_of_Reviews":"","Address":"","Reviewer":"Marie A","Reviewer_page":"https://www.google.com/maps/contrib/101577163319064638814/reviews?hl=en-US","Review_time":"11 months ago","Review":"Spacious, clean, friendly.","Likes":""},{"Name":"","Category":"","Rating":" 5 stars ","Number_of_Reviews":"","Address":"","Reviewer":"anii Brown","Reviewer_page":"https://www.google.com/maps/contrib/108179633925936116570/reviews?hl=en-US","Review_time":"9 months ago","Review":"I love the coffee","Likes":""},{"Name":"","Category":"","Rating":" 1 star ","Number_of_Reviews":"","Address":"","Reviewer":"Justin T","Reviewer_page":"https://www.google.com/maps/contrib/112165113630616452503/reviews?hl=en-US","Review_time":"6 months ago","Review":"No restrooms","Likes":"1"},{"Name":"","Category":"","Rating":" 4 stars ","Number_of_Reviews":"","Address":"","Reviewer":"tFK FireFly","Reviewer_page":"https://www.google.com/maps/contrib/109944176027346863701/reviews?hl=en-US","Review_time":"10 months ago","Review":"Very quick.","Likes":""},{"Name":"","Category":"","Rating":" 5 stars ","Number_of_Reviews":"","Address":"","Reviewer":"Sally Reynolds","Reviewer_page":"https://www.google.com/maps/contrib/108642941797592967494/reviews?hl=en-US","Review_time":"a year ago","Review":"Super nice staff","Likes":""},{"Name":"","Category":"","Rating":" 5 stars ","Number_of_Reviews":"","Address":"","Reviewer":"Oks Plv","Reviewer_page":"https://www.google.com/maps/contrib/113054364324869195287/reviews?hl=en-US","Review_time":"a year ago","Review":"Unusually clean Starbucks.","Likes":"1"},{"Name":"","Category":"","Rating":" 5 stars ","Number_of_Reviews":"","Address":"","Reviewer":"Ryan Mohan","Reviewer_page":"https://www.google.com/maps/contrib/112721585885722310761/reviews?hl=en-US","Review_time":"a year ago","Review":"Nicest staff ever","Likes":""},{"Name":"","Category":"","Rating":" 4 stars ","Number_of_Reviews":"","Address":"","Reviewer":"Olivier Attia","Reviewer_page":"https://www.google.com/maps/contrib/117194775301302360712/reviews?hl=en-US","Review_time":"10 months ago","Review":"Sure value.","Likes":""},{"Name":"","Category":"","Rating":" 4 stars ","Number_of_Reviews":"","Address":"","Reviewer":"RiceandBeanChica Irizarry","Reviewer_page":"https://www.google.com/maps/contrib/108405616881876146558/reviews?hl=en-US","Review_time":"a year ago","Review":"Nice place...","Likes":""},{"Name":"","Category":"","Rating":" 4 stars ","Number_of_Reviews":"","Address":"","Reviewer":"Kilian W.","Reviewer_page":"https://www.google.com/maps/contrib/112493907107238389142/reviews?hl=en-US","Review_time":"3 months ago","Review":"(Translated by Google) Been here several times in the past few weeks. Typical Starbucks, staff are friendly. Sometimes there is a lot of chaos when the drinks are served.\nThe interior is usually fully occupied, so it's more of a to-go.\n\n(Original)\nWar in den letzten Wochen häufiger hier. Typischer Starbucks, Mitarbeiter sind freundlich. Teilweise herrscht aber ziemliches Chaos bei der Ausgabe der Getränke.\nDer Innenbereich ist meistens komplett belegt, daher eher To-Go.","Likes":"1"},{"Name":"","Category":"","Rating":" 2 stars ","Number_of_Reviews":"","Address":"","Reviewer":"Michael D.","Reviewer_page":"https://www.google.com/maps/contrib/102586752183239781596/reviews?hl=en-US","Review_time":"2 months ago","Review":"(Translated by Google) Service great! Coffee flop!\nI really expect more from a shop that specializes in coffee! No aroma, no seasoning.\n\n(Original)\nService Top! Kaffee flopp!\nVon einem Laden der sich auf Kaffee spezialisiert hat, erwarte ich wirklich mehr! Kein Aroma, keine Würze.","Likes":""},{"Name":"","Category":"","Rating":" 5 stars ","Number_of_Reviews":"","Address":"","Reviewer":"Qil Zheng","Reviewer_page":"https://www.google.com/maps/contrib/114866000797823191420/reviews?hl=en-US","Review_time":"3 months ago","Review":"(Translated by Google) The only Starbucks with samples in the United States for 20 years\n\n(Original)\n在美国20年唯一的有sample的Starbucks","Likes":""},{"Name":"","Category":"","Rating":" 5 stars ","Number_of_Reviews":"","Address":"","Reviewer":"francesca f","Reviewer_page":"https://www.google.com/maps/contrib/100318417284905908009/reviews?hl=en-US","Review_time":"3 months ago","Review":"(Translated by Google) Very good coffee\n\n(Original)\nCaffè molto buono","Likes":""},{"Name":"","Category":"","Rating":" 5 stars ","Number_of_Reviews":"","Address":"","Reviewer":"Abisay Puentes","Reviewer_page":"https://www.google.com/maps/contrib/102807283808216229812/reviews?hl=en-US","Review_time":"a month ago","Review":"(Translated by Google) Excellent service\n\n(Original)\nExcelente servicio","Likes":""},{"Name":"","Category":"","Rating":" 4 stars ","Number_of_Reviews":"","Address":"","Reviewer":"nicolas","Reviewer_page":"https://www.google.com/maps/contrib/115430925300130124674/reviews?hl=en-US","Review_time":"9 months ago","Review":"(Translated by Google) Nice Starbucks cafe in Soho\n\n(Original)\nBeau café Starbucks dans Soho","Likes":""},{"Name":"","Category":"","Rating":" 5 stars ","Number_of_Reviews":"","Address":"","Reviewer":"Michelle Milan","Reviewer_page":"https://www.google.com/maps/contrib/105580456635816727166/reviews?hl=en-US","Review_time":"10 months ago","Review":"(Translated by Google) El capuccino super rico !!\n\n(Original)\nEl capuccino super rico!!","Likes":""},{"Name":"","Category":"","Rating":" 5 stars ","Number_of_Reviews":"","Address":"","Reviewer":"Rafael Perez","Reviewer_page":"https://www.google.com/maps/contrib/114781750249406860555/reviews?hl=en-US","Review_time":"8 months ago","Review":"(Translated by Google) Excellent\n\n(Original)\nExcelente","Likes":""},{"Name":"","Category":"","Rating":" 5 stars ","Number_of_Reviews":"","Address":"","Reviewer":"水谷桂一朗","Reviewer_page":"https://www.google.com/maps/contrib/114521780355692323075/reviews?hl=en-US","Review_time":"5 months ago","Review":"","Likes":""},{"Name":"","Category":"","Rating":" 5 stars ","Number_of_Reviews":"","Address":"","Reviewer":"Sashie uwu","Reviewer_page":"https://www.google.com/maps/contrib/115246228415410526328/reviews?hl=en-US","Review_time":"2 weeks ago","Review":"","Likes":""},{"Name":"","Category":"","Rating":" 5 stars ","Number_of_Reviews":"","Address":"","Reviewer":"tazz01-","Reviewer_page":"https://www.google.com/maps/contrib/105395098262376080170/reviews?hl=en-US","Review_time":"a month ago","Review":"","Likes":""},{"Name":"","Category":"","Rating":" 4 stars ","Number_of_Reviews":"","Address":"","Reviewer":"Elena Cuenca González","Reviewer_page":"https://www.google.com/maps/contrib/116104465666948755035/reviews?hl=en-US","Review_time":"3 months ago","Review":"","Likes":""},{"Name":"","Category":"","Rating":" 4 stars ","Number_of_Reviews":"","Address":"","Reviewer":"Olivia A.","Reviewer_page":"https://www.google.com/maps/contrib/110861399763348277919/reviews?hl=en-US","Review_time":"6 months ago","Review":"","Likes":""},{"Name":"","Category":"","Rating":" 5 stars ","Number_of_Reviews":"","Address":"","Reviewer":"Zino Haro","Reviewer_page":"https://www.google.com/maps/contrib/109302055861738574387/reviews?hl=en-US","Review_time":"7 months ago","Review":"","Likes":""},{"Name":"","Category":"","Rating":" 5 stars ","Number_of_Reviews":"","Address":"","Reviewer":"Angie C","Reviewer_page":"https://www.google.com/maps/contrib/113260190673984644470/reviews?hl=en-US","Review_time":"9 months ago","Review":"","Likes":""},{"Name":"","Category":"","Rating":" 4 stars ","Number_of_Reviews":"","Address":"","Reviewer":"DeUnequeTV Entertainment","Reviewer_page":"https://www.google.com/maps/contrib/108835313269413294508/reviews?hl=en-US","Review_time":"a year ago","Review":"","Likes":""},{"Name":"","Category":"","Rating":" 5 stars ","Number_of_Reviews":"","Address":"","Reviewer":"Peter Lim","Reviewer_page":"https://www.google.com/maps/contrib/101859781333727233124/reviews?hl=en-US","Review_time":"3 months ago","Review":"","Likes":""},{"Name":"","Category":"","Rating":" 5 stars ","Number_of_Reviews":"","Address":"","Reviewer":"Alberto Queijas","Reviewer_page":"https://www.google.com/maps/contrib/114059531764804825575/reviews?hl=en-US","Review_time":"6 months ago","Review":"","Likes":""},{"Name":"","Category":"","Rating":" 4 stars ","Number_of_Reviews":"","Address":"","Reviewer":"Frank L","Reviewer_page":"https://www.google.com/maps/contrib/106733650933808367815/reviews?hl=en-US","Review_time":"8 months ago","Review":"","Likes":""},{"Name":"","Category":"","Rating":" 4 stars ","Number_of_Reviews":"","Address":"","Reviewer":"Nelson Fortuna","Reviewer_page":"https://www.google.com/maps/contrib/100127035825904456540/reviews?hl=en-US","Review_time":"6 months ago","Review":"","Likes":""},{"Name":"","Category":"","Rating":" 5 stars ","Number_of_Reviews":"","Address":"","Reviewer":"Joe Yen","Reviewer_page":"https://www.google.com/maps/contrib/112161876838102118324/reviews?hl=en-US","Review_time":"2 months ago","Review":"","Likes":""},{"Name":"","Category":"","Rating":" 5 stars ","Number_of_Reviews":"","Address":"","Reviewer":"Adrian R. Figueroa","Reviewer_page":"https://www.google.com/maps/contrib/103360113321929130057/reviews?hl=en-US","Review_time":"a month ago","Review":"","Likes":""},{"Name":"","Category":"","Rating":" 5 stars ","Number_of_Reviews":"","Address":"","Reviewer":"Kevin Hsiau","Reviewer_page":"https://www.google.com/maps/contrib/109639294579777089672/reviews?hl=en-US","Review_time":"a year ago","Review":"","Likes":""},{"Name":"","Category":"","Rating":" 5 stars ","Number_of_Reviews":"","Address":"","Reviewer":"moris rogel","Reviewer_page":"https://www.google.com/maps/contrib/101460886940046813286/reviews?hl=en-US","Review_time":"a month ago","Review":"","Likes":""},{"Name":"","Category":"","Rating":" 3 stars ","Number_of_Reviews":"","Address":"","Reviewer":"GreenPic'k Lisbon","Reviewer_page":"https://www.google.com/maps/contrib/104343995528128615911/reviews?hl=en-US","Review_time":"9 months ago","Review":"","Likes":""},{"Name":"","Category":"","Rating":" 3 stars ","Number_of_Reviews":"","Address":"","Reviewer":"jakuvded","Reviewer_page":"https://www.google.com/maps/contrib/113747744811747445251/reviews?hl=en-US","Review_time":"a year ago","Review":"","Likes":""},{"Name":"","Category":"","Rating":" 5 stars ","Number_of_Reviews":"","Address":"","Reviewer":"Kristin Hochmuth","Reviewer_page":"https://www.google.com/maps/contrib/111386313256962306306/reviews?hl=en-US","Review_time":"7 months ago","Review":"","Likes":""},{"Name":"","Category":"","Rating":" 5 stars ","Number_of_Reviews":"","Address":"","Reviewer":"Mindy Xie","Reviewer_page":"https://www.google.com/maps/contrib/101684337933363767235/reviews?hl=en-US","Review_time":"7 months ago","Review":"","Likes":""},{"Name":"","Category":"","Rating":" 5 stars ","Number_of_Reviews":"","Address":"","Reviewer":"Daniel Stern","Reviewer_page":"https://www.google.com/maps/contrib/111435678413372933638/reviews?hl=en-US","Review_time":"a year ago","Review":"","Likes":""},{"Name":"","Category":"","Rating":" 5 stars ","Number_of_Reviews":"","Address":"","Reviewer":"Aaron Zhang","Reviewer_page":"https://www.google.com/maps/contrib/109870433350928932056/reviews?hl=en-US","Review_time":"a year ago","Review":"","Likes":""},{"Name":"","Category":"","Rating":" 5 stars ","Number_of_Reviews":"","Address":"","Reviewer":"Stelios Mantzios","Reviewer_page":"https://www.google.com/maps/contrib/102715552380460842386/reviews?hl=en-US","Review_time":"7 months ago","Review":"","Likes":""},{"Name":"","Category":"","Rating":" 5 stars ","Number_of_Reviews":"","Address":"","Reviewer":"meir gilady","Reviewer_page":"https://www.google.com/maps/contrib/111146482076929054209/reviews?hl=en-US","Review_time":"a year ago","Review":"","Likes":""},{"Name":"","Category":"","Rating":" 5 stars ","Number_of_Reviews":"","Address":"","Reviewer":"Ron TD","Reviewer_page":"https://www.google.com/maps/contrib/114137558486858804308/reviews?hl=en-US","Review_time":"7 months ago","Review":"","Likes":""},{"Name":"","Category":"","Rating":" 5 stars ","Number_of_Reviews":"","Address":"","Reviewer":"Jaclyn Kogut","Reviewer_page":"https://www.google.com/maps/contrib/112097123201175175965/reviews?hl=en-US","Review_time":"a year ago","Review":"","Likes":""},{"Name":"","Category":"","Rating":" 4 stars ","Number_of_Reviews":"","Address":"","Reviewer":"Teddy Yifru","Reviewer_page":"https://www.google.com/maps/contrib/111696527878187564501/reviews?hl=en-US","Review_time":"7 months ago","Review":"","Likes":""},{"Name":"","Category":"","Rating":" 5 stars ","Number_of_Reviews":"","Address":"","Reviewer":"Natasha Hervatta","Reviewer_page":"https://www.google.com/maps/contrib/116773597452222592650/reviews?hl=en-US","Review_time":"a year ago","Review":"","Likes":""},{"Name":"","Category":"","Rating":" 5 stars ","Number_of_Reviews":"","Address":"","Reviewer":"Eduardo Torres","Reviewer_page":"https://www.google.com/maps/contrib/104045946585218388350/reviews?hl=en-US","Review_time":"5 months ago","Review":"","Likes":""},{"Name":"","Category":"","Rating":" 5 stars ","Number_of_Reviews":"","Address":"","Reviewer":"Ifreet Rahima","Reviewer_page":"https://www.google.com/maps/contrib/105448729798208995245/reviews?hl=en-US","Review_time":"a year ago","Review":"","Likes":""},{"Name":"","Category":"","Rating":" 4 stars ","Number_of_Reviews":"","Address":"","Reviewer":"orla tiffney","Reviewer_page":"https://www.google.com/maps/contrib/106193174935349599195/reviews?hl=en-US","Review_time":"5 months ago","Review":"","Likes":""},{"Name":"","Category":"","Rating":" 5 stars ","Number_of_Reviews":"","Address":"","Reviewer":"Nashali Melendez","Reviewer_page":"https://www.google.com/maps/contrib/101173468876425209159/reviews?hl=en-US","Review_time":"8 months ago","Review":"","Likes":""},{"Name":"","Category":"","Rating":" 5 stars ","Number_of_Reviews":"","Address":"","Reviewer":"John Wong","Reviewer_page":"https://www.google.com/maps/contrib/104588630328198853546/reviews?hl=en-US","Review_time":"5 months ago","Review":"","Likes":""},{"Name":"","Category":"","Rating":" 5 stars ","Number_of_Reviews":"","Address":"","Reviewer":"Farida Dawkins","Reviewer_page":"https://www.google.com/maps/contrib/104295788766987960837/reviews?hl=en-US","Review_time":"7 months ago","Review":"","Likes":""},{"Name":"","Category":"","Rating":" 5 stars ","Number_of_Reviews":"","Address":"","Reviewer":"Y. Niu","Reviewer_page":"https://www.google.com/maps/contrib/103464622732286104321/reviews?hl=en-US","Review_time":"a year ago","Review":"","Likes":""},{"Name":"","Category":"","Rating":" 5 stars ","Number_of_Reviews":"","Address":"","Reviewer":"Shlomo Fingerer","Reviewer_page":"https://www.google.com/maps/contrib/109695200955382751223/reviews?hl=en-US","Review_time":"a year ago","Review":"","Likes":""},{"Name":"","Category":"","Rating":" 4 stars ","Number_of_Reviews":"","Address":"","Reviewer":"R. E.","Reviewer_page":"https://www.google.com/maps/contrib/100091580550300496657/reviews?hl=en-US","Review_time":"8 months ago","Review":"","Likes":""},{"Name":"","Category":"","Rating":" 5 stars ","Number_of_Reviews":"","Address":"","Reviewer":"Kahlil Goodwyn","Reviewer_page":"https://www.google.com/maps/contrib/115743224770769988753/reviews?hl=en-US","Review_time":"a year ago","Review":"","Likes":""},{"Name":"","Category":"","Rating":" 5 stars ","Number_of_Reviews":"","Address":"","Reviewer":"Brian Morales","Reviewer_page":"https://www.google.com/maps/contrib/105829345245506464142/reviews?hl=en-US","Review_time":"6 months ago","Review":"","Likes":""},{"Name":"","Category":"","Rating":" 4 stars ","Number_of_Reviews":"","Address":"","Reviewer":"Tamika Blagrove","Reviewer_page":"https://www.google.com/maps/contrib/116419254504087660985/reviews?hl=en-US","Review_time":"a year ago","Review":"","Likes":""},{"Name":"","Category":"","Rating":" 5 stars ","Number_of_Reviews":"","Address":"","Reviewer":"Tomas Alberto Venegas Moreno","Reviewer_page":"https://www.google.com/maps/contrib/106148111713592587596/reviews?hl=en-US","Review_time":"a year ago","Review":"","Likes":""},{"Name":"","Category":"","Rating":" 5 stars ","Number_of_Reviews":"","Address":"","Reviewer":"Marissa Mayers","Reviewer_page":"https://www.google.com/maps/contrib/110732347409146006114/reviews?hl=en-US","Review_time":"a month ago","Review":"","Likes":""},{"Name":"","Category":"","Rating":" 5 stars ","Number_of_Reviews":"","Address":"","Reviewer":"Gabriela Bressan","Reviewer_page":"https://www.google.com/maps/contrib/108884508603695261880/reviews?hl=en-US","Review_time":"a month ago","Review":"","Likes":""},{"Name":"","Category":"","Rating":" 5 stars ","Number_of_Reviews":"","Address":"","Reviewer":"Reynaldo Gomez's mendez","Reviewer_page":"https://www.google.com/maps/contrib/111389100429418467874/reviews?hl=en-US","Review_time":"6 months ago","Review":"","Likes":""},{"Name":"","Category":"","Rating":" 4 stars ","Number_of_Reviews":"","Address":"","Reviewer":"Doron Gatenio","Reviewer_page":"https://www.google.com/maps/contrib/118082792096617945466/reviews?hl=en-US","Review_time":"a month ago","Review":"","Likes":""},{"Name":"","Category":"","Rating":" 5 stars ","Number_of_Reviews":"","Address":"","Reviewer":"Ilaria Colantuono","Reviewer_page":"https://www.google.com/maps/contrib/102893425580344449412/reviews?hl=en-US","Review_time":"a month ago","Review":"","Likes":""},{"Name":"","Category":"","Rating":" 5 stars ","Number_of_Reviews":"","Address":"","Reviewer":"Carmen Finocchiaro","Reviewer_page":"https://www.google.com/maps/contrib/105213547311469780555/reviews?hl=en-US","Review_time":"2 days ago","Review":"","Likes":""},{"Name":"","Category":"","Rating":" 5 stars ","Number_of_Reviews":"","Address":"","Reviewer":"paulina quilodran","Reviewer_page":"https://www.google.com/maps/contrib/116244290801849742664/reviews?hl=en-US","Review_time":"a year ago","Review":"","Likes":""},{"Name":"","Category":"","Rating":" 5 stars ","Number_of_Reviews":"","Address":"","Reviewer":"Chris L.","Reviewer_page":"https://www.google.com/maps/contrib/109675806476495580542/reviews?hl=en-US","Review_time":"a week ago","Review":"","Likes":""}