[{"Name":"","Category":"","Rating":" 5 stars ","Number_of_Reviews":"","Address":"","Reviewer":"Dave Aldrich","Reviewer_page":"https://www.google.com/maps/contrib/107768622771633382802/reviews?hl=en-US","Review_time":"3 months ago","Review":"Reviews about this location are positive and true. It’s no surprise to anyone about how challenging it is finding enthusiastic, well mannered, fun and service oriented employees these days. This location has it all. Every Starbucks location should require their staff to visit and experience the formula that this location has found. They will see how a positive and engaged working environment not only creates a great place for customers, but how their day at work will be so much more enjoyable.","Likes":""},{"Name":"","Category":"","Rating":" 5 stars ","Number_of_Reviews":"","Address":"","Reviewer":"T H","Reviewer_page":"https://www.google.com/maps/contrib/113818044482188954422/reviews?hl=en-US","Review_time":"a month ago","Review":"Came in to grab a coffee before waiting to get into theater next door. Starbucks worker was very pleasant and was taking care of people with her pleasantness. I like they even have a family wall of coworkers.  Nice touch. Drink was great .","Likes":"1"},{"Name":"","Category":"","Rating":" 3 stars ","Number_of_Reviews":"","Address":"","Reviewer":"Vazira Akramova","Reviewer_page":"https://www.google.com/maps/contrib/116039227526537364039/reviews?hl=en-US","Review_time":"4 weeks ago","Review":"Workers  a polite good very Quick service but place is so much dirty 🤧no where to seat!","Likes":"1"},{"Name":"","Category":"","Rating":" 5 stars ","Number_of_Reviews":"","Address":"","Reviewer":"Jessica Hunter","Reviewer_page":"https://www.google.com/maps/contrib/117351199279387427059/reviews?hl=en-US","Review_time":"a year ago","Review":"This is the best Starbucks in Manhattan, and yes I have been to them all. They are always so friendly and fast and really go the extra mile to make their customers feel cared for.","Likes":"4"},{"Name":"","Category":"","Rating":" 5 stars ","Number_of_Reviews":"","Address":"","Reviewer":"Megan Ashley","Reviewer_page":"https://www.google.com/maps/contrib/110748551315337333581/reviews?hl=en-US","Review_time":"5 months ago","Review":"The employees at this Starbucks are on the frontlines every day to meet the caffeine demands of UWS-ers in a .05 mile radius and they consistently deliver! I’ve been here at least once a week since July of 2021, and my order has always been completed correctly & on time.","Likes":""},{"Name":"","Category":"","Rating":" 5 stars ","Number_of_Reviews":"","Address":"","Reviewer":"Jim Levedakis","Reviewer_page":"https://www.google.com/maps/contrib/113137249220778388669/reviews?hl=en-US","Review_time":"3 years ago","Review":"Typical great Starbucks quality coffee and fast service, no surprises here.  Space is rather limited and seating is not the most comfortable, all chairs and stools are metallic without any cushioning.","Likes":"2"},{"Name":"","Category":"","Rating":" 2 stars ","Number_of_Reviews":"","Address":"","Reviewer":"K E N N E C T E D","Reviewer_page":"https://www.google.com/maps/contrib/117637212439227510986/reviews?hl=en-US","Review_time":"4 years ago","Review":"Small shop, but a window that looks out on to Broadway for people watching.  Staff is adequate, yet not sure they are know how to run a store.\n\nThere is one large communal table that doesn't offer any privacy.  This isn't a store I wouldn't hang out in strictly due to design.  While during my visit, a \"man\" decided to yell at another patron and employee.","Likes":"1"},{"Name":"","Category":"","Rating":" 5 stars ","Number_of_Reviews":"","Address":"","Reviewer":"Eliana MillerCohen","Reviewer_page":"https://www.google.com/maps/contrib/113425272057446560415/reviews?hl=en-US","Review_time":"10 months ago","Review":"They always make my order correctly and it’s always good energy in there at 7:30 in the morning !! Good way to start my day. Love the people who work there","Likes":"1"},{"Name":"","Category":"","Rating":" 5 stars ","Number_of_Reviews":"","Address":"","Reviewer":"Michael-Alexander Raphael Gomez (Michael-Alexander)","Reviewer_page":"https://www.google.com/maps/contrib/113833214301448610693/reviews?hl=en-US","Review_time":"3 years ago","Review":"So very efficient! Although, I was disappointed that the cashier was processing orders on 2 registers to handle the influx of clientele and their orders.  She shouldn't have to do a job meant for 2 people. The staff handled it very well and I was taken care off quickly and amicably.  Very impressed! I'll be back.","Likes":""},{"Name":"","Category":"","Rating":" 1 star ","Number_of_Reviews":"","Address":"","Reviewer":"EP Plan","Reviewer_page":"https://www.google.com/maps/contrib/112735204164028104626/reviews?hl=en-US","Review_time":"3 years ago","Review":"This location has the worst customer service! The cashie at the counter didn't even bother to look up from her phone as she was taking my order and she didn't bother to ask my name or say thank you. After I sat down I overheard her complaining to the other employees about her job. She was very loud and unprofessional. NYC is full of people who are skilled at providing great customer service, she is certainly not one of them. She doesn't deserve to work there.","Likes":"1"},{"Name":"","Category":"","Rating":" 5 stars ","Number_of_Reviews":"","Address":"","Reviewer":"Angelique Boone","Reviewer_page":"https://www.google.com/maps/contrib/105830031462306835312/reviews?hl=en-US","Review_time":"6 months ago","Review":"Fast service.\nClean and friendly young individuals with great energy.","Likes":""},{"Name":"","Category":"","Rating":" 5 stars ","Number_of_Reviews":"","Address":"","Reviewer":"Kat Saunier","Reviewer_page":"https://www.google.com/maps/contrib/111112914575351665427/reviews?hl=en-US","Review_time":"5 years ago","Review":"Today I had a more delightful experience in this store, than I have ever had at any other Starbucks in this city. Everyone was so friendly and even with a long line in front of me I got my drinks quickly and with smiles. So refreshing, I was very impressed!","Likes":""},{"Name":"","Category":"","Rating":" 5 stars ","Number_of_Reviews":"","Address":"","Reviewer":"workerbeeea scott","Reviewer_page":"https://www.google.com/maps/contrib/115460332375346873230/reviews?hl=en-US","Review_time":"3 years ago","Review":"Very friendly service. Very clean, gender general restroom. High stools like a bar setting facing out to street and long table in the middle for general SEATING. Not very big space. Give it a try.","Likes":"1"},{"Name":"","Category":"","Rating":" 4 stars ","Number_of_Reviews":"","Address":"","Reviewer":"Manaure peñalver","Reviewer_page":"https://www.google.com/maps/contrib/101599010129143821960/reviews?hl=en-US","Review_time":"3 years ago","Review":"This location on the upper West is really nice, the staff is very chill. The products are fresh and prices are a bit hard on the wallet as expected. I would recommend this location specially because they have outlets close to the milk bar.","Likes":""},{"Name":"","Category":"","Rating":" 5 stars ","Number_of_Reviews":"","Address":"","Reviewer":"Amaris Cordero","Reviewer_page":"https://www.google.com/maps/contrib/100254765728972750180/reviews?hl=en-US","Review_time":"8 years ago","Review":"There's one barista in particular who really know how to make a good cup of coffee - so much so - that I go to this one specifically  (though there are a few others within blocks) because I know I'll get my coffee exactly how I like it. He's really great at Customer Service and conversational skills ♡ I hope he stays on his current shift, otherwise I'm going elsewhere.","Likes":""},{"Name":"","Category":"","Rating":" 5 stars ","Number_of_Reviews":"","Address":"","Reviewer":"Melis Dohs","Reviewer_page":"https://www.google.com/maps/contrib/110904464092436640821/reviews?hl=en-US","Review_time":"2 years ago","Review":"The staff is so friendly and my orders are always correct. Today I ordered delivery and they even wrote happy holidays on my Starbucks bag! So sweet of them.","Likes":""},{"Name":"","Category":"","Rating":" 4 stars ","Number_of_Reviews":"","Address":"","Reviewer":"Sandrine Joëlle Petit","Reviewer_page":"https://www.google.com/maps/contrib/109789647103990174435/reviews?hl=en-US","Review_time":"3 years ago","Review":"It's Starbucks.\nConsistently good coffee wherever you are in the world, generally pleasant staff, clean place, free wifi. And considering some of the prices around here for smaller cups, it may actually be a bargain for the quality vs price ratio.","Likes":""},{"Name":"","Category":"","Rating":" 2 stars ","Number_of_Reviews":"","Address":"","Reviewer":"Patricia Tan","Reviewer_page":"https://www.google.com/maps/contrib/100861544945377048779/reviews?hl=en-US","Review_time":"6 years ago","Review":"I come here almost everyday but all the staffs here are extremely rude. it's as if they hold grudges against their job/the customers except Patrick. He at least has the decency to address or acknowledge his customers. Only reason I come here because it's the nearest Starbucks to my place.","Likes":""},{"Name":"","Category":"","Rating":" 5 stars ","Number_of_Reviews":"","Address":"","Reviewer":"Isaiah Carcasses","Reviewer_page":"https://www.google.com/maps/contrib/101346181996820311726/reviews?hl=en-US","Review_time":"3 years ago","Review":"The staff are friendly and engage in great conversation. Great Starbucks to come Stay a chill at and also when an order is wrong the barista doesn’t give attitude and replace it right away.","Likes":""},{"Name":"","Category":"","Rating":" 1 star ","Number_of_Reviews":"","Address":"","Reviewer":"Drew Lastnayme","Reviewer_page":"https://www.google.com/maps/contrib/116531274938873848504/reviews?hl=en-US","Review_time":"7 months ago","Review":"They do not pay attention to mobile orders","Likes":""},{"Name":"","Category":"","Rating":" 5 stars ","Number_of_Reviews":"","Address":"","Reviewer":"john gerity","Reviewer_page":"https://www.google.com/maps/contrib/113147062666411019232/reviews?hl=en-US","Review_time":"4 years ago","Review":"Samsung Galaxy owners, YES the PowerMat chargers still work! It's a well laid out space, great staff, music isn't loud like most Starbucks. Wish it was open till 11 like the one on 93rd, but I'd rather have comfortable chairs than an extra hour on an uncomfortable backless plywood slab.","Likes":"1"},{"Name":"","Category":"","Rating":" 2 stars ","Number_of_Reviews":"","Address":"","Reviewer":"Olga Musayev","Reviewer_page":"https://www.google.com/maps/contrib/107801268042229488740/reviews?hl=en-US","Review_time":"11 months ago","Review":"Terrible mobile orders. They don't package anything and no stoppers. I spilled half my drink on myself while walking.","Likes":""},{"Name":"","Category":"","Rating":" 5 stars ","Number_of_Reviews":"","Address":"","Reviewer":"Sunny","Reviewer_page":"https://www.google.com/maps/contrib/114561734128416279522/reviews?hl=en-US","Review_time":"a year ago","Review":"Friendly staff, very efficient to pick up coffees ordered from the app","Likes":""},{"Name":"","Category":"","Rating":" 1 star ","Number_of_Reviews":"","Address":"","Reviewer":"Missy Ann Grohne","Reviewer_page":"https://www.google.com/maps/contrib/101686258752143153098/reviews?hl=en-US","Review_time":"3 years ago","Review":"Starbucks at 92nd and Broadway, NYC is horrible in the morning. Rarely opens on time and they never have Blonde roast ready. Last time they wanted to make it from a tea bag rather than brew. They never offered to make it for me as a brew so I went to a different one. They are not too nice eitjer.","Likes":""},{"Name":"","Category":"","Rating":" 1 star ","Number_of_Reviews":"","Address":"","Reviewer":"Joe Wehry","Reviewer_page":"https://www.google.com/maps/contrib/107995604429540799105/reviews?hl=en-US","Review_time":"5 years ago","Review":"Small, cramped space with one community table and some bar stools. No electric outlets for charging phone or computers to work while enjoying coffee.","Likes":""},{"Name":"","Category":"","Rating":" 5 stars ","Number_of_Reviews":"","Address":"","Reviewer":"Anthony Johns","Reviewer_page":"https://www.google.com/maps/contrib/100527003249858573284/reviews?hl=en-US","Review_time":"3 years ago","Review":"The young lady at the register was super nice and hard working beautiful spirit .the girl with the braids she is doing 7 jobs this morning","Likes":"1"},{"Name":"","Category":"","Rating":" 1 star ","Number_of_Reviews":"","Address":"","Reviewer":"Em Madian Torres","Reviewer_page":"https://www.google.com/maps/contrib/115792242113434294293/reviews?hl=en-US","Review_time":"3 years ago","Review":"I tried opening the door at 5:44am on Saturday. The door is locked. The store isn’t ready in time to open at 5:30am as scheduled.  There were two baristas. They ignored me.","Likes":""},{"Name":"","Category":"","Rating":" 5 stars ","Number_of_Reviews":"","Address":"","Reviewer":"Markus Salgado","Reviewer_page":"https://www.google.com/maps/contrib/105218864113172555667/reviews?hl=en-US","Review_time":"2 years ago","Review":"Amazing services as always!!! Amazing staff and drinks keep up the good work","Likes":""},{"Name":"","Category":"","Rating":" 4 stars ","Number_of_Reviews":"","Address":"","Reviewer":"Steve Baer","Reviewer_page":"https://www.google.com/maps/contrib/100379859854001411635/reviews?hl=en-US","Review_time":"3 years ago","Review":"It was good service. Plenty of outlets no wireless charging. And a unisex bathroom","Likes":""},{"Name":"","Category":"","Rating":" 4 stars ","Number_of_Reviews":"","Address":"","Reviewer":"Christine","Reviewer_page":"https://www.google.com/maps/contrib/116346224024386949464/reviews?hl=en-US","Review_time":"3 years ago","Review":"The staff here was so nice. You know what you're going to get food and drink wise.","Likes":""},{"Name":"","Category":"","Rating":" 4 stars ","Number_of_Reviews":"","Address":"","Reviewer":"Lucy Santos","Reviewer_page":"https://www.google.com/maps/contrib/100959202372976332662/reviews?hl=en-US","Review_time":"11 months ago","Review":"Great staff! Fast service.","Likes":""},{"Name":"","Category":"","Rating":" 1 star ","Number_of_Reviews":"","Address":"","Reviewer":"Zain Bhatti","Reviewer_page":"https://www.google.com/maps/contrib/116750268809638355125/reviews?hl=en-US","Review_time":"5 months ago","Review":"No public Bathrooms","Likes":""},{"Name":"","Category":"","Rating":" 5 stars ","Number_of_Reviews":"","Address":"","Reviewer":"francina brown","Reviewer_page":"https://www.google.com/maps/contrib/107721897773771556632/reviews?hl=en-US","Review_time":"a year ago","Review":"Always love this place even though prices are high i make the sacrifice","Likes":""},{"Name":"","Category":"","Rating":" 5 stars ","Number_of_Reviews":"","Address":"","Reviewer":"Samantha Raymond","Reviewer_page":"https://www.google.com/maps/contrib/113178376013528387528/reviews?hl=en-US","Review_time":"6 years ago","Review":"Gotta love starbucks! This one is always clean and great team of people there to get you what you need! :)","Likes":""},{"Name":"","Category":"","Rating":" 5 stars ","Number_of_Reviews":"","Address":"","Reviewer":"isaac baum","Reviewer_page":"https://www.google.com/maps/contrib/112546152627960687453/reviews?hl=en-US","Review_time":"4 years ago","Review":"Awesome store and there is one supervisor named Isaac who is super good looking and friendly and good at his job 😁😁","Likes":"2"},{"Name":"","Category":"","Rating":" 5 stars ","Number_of_Reviews":"","Address":"","Reviewer":"Sebastián Ospina","Reviewer_page":"https://www.google.com/maps/contrib/108901747130820674779/reviews?hl=en-US","Review_time":"a year ago","Review":"Love this place the staff is super nice!","Likes":""},{"Name":"","Category":"","Rating":" 5 stars ","Number_of_Reviews":"","Address":"","Reviewer":"Merli Estime","Reviewer_page":"https://www.google.com/maps/contrib/102406289989549078051/reviews?hl=en-US","Review_time":"a year ago","Review":"Super friendly, organized and quick service","Likes":""},{"Name":"","Category":"","Rating":" 5 stars ","Number_of_Reviews":"","Address":"","Reviewer":"SuperWoman 75","Reviewer_page":"https://www.google.com/maps/contrib/102513804360471511075/reviews?hl=en-US","Review_time":"3 years ago","Review":"Always thee place for coffee and for my Very Berry Hibiscus 💋❤","Likes":"2"},{"Name":"","Category":"","Rating":" 5 stars ","Number_of_Reviews":"","Address":"","Reviewer":"J R","Reviewer_page":"https://www.google.com/maps/contrib/101439420860267742138/reviews?hl=en-US","Review_time":"11 months ago","Review":"Lovely service and lovely staff ❤","Likes":""},{"Name":"","Category":"","Rating":" 5 stars ","Number_of_Reviews":"","Address":"","Reviewer":"Oscar Rene Garcia Calle","Reviewer_page":"https://www.google.com/maps/contrib/113421882816346753602/reviews?hl=en-US","Review_time":"a month ago","Review":"Perfect","Likes":""},{"Name":"","Category":"","Rating":" 4 stars ","Number_of_Reviews":"","Address":"","Reviewer":"Gary Roth (Dr. Lafter)","Reviewer_page":"https://www.google.com/maps/contrib/112445352177623675121/reviews?hl=en-US","Review_time":"2 years ago","Review":"Always good, even at new locations that I tried for the first time","Likes":""},{"Name":"","Category":"","Rating":" 5 stars ","Number_of_Reviews":"","Address":"","Reviewer":"Agapito Garcia","Reviewer_page":"https://www.google.com/maps/contrib/116702675088364876350/reviews?hl=en-US","Review_time":"2 years ago","Review":"Consistently great coffee from black to the fancy stuff.","Likes":"1"},{"Name":"","Category":"","Rating":" 2 stars ","Number_of_Reviews":"","Address":"","Reviewer":"Virginia Borelli","Reviewer_page":"https://www.google.com/maps/contrib/111314648662459312191/reviews?hl=en-US","Review_time":"4 years ago","Review":"Not a great place if you're there to work. Small and loud.","Likes":"2"},{"Name":"","Category":"","Rating":" 5 stars ","Number_of_Reviews":"","Address":"","Reviewer":"Oliver L. Rodas","Reviewer_page":"https://www.google.com/maps/contrib/107914010752915086757/reviews?hl=en-US","Review_time":"3 years ago","Review":"Great service coffee is always good","Likes":""},{"Name":"","Category":"","Rating":" 1 star ","Number_of_Reviews":"","Address":"","Reviewer":"Sterling Ch","Reviewer_page":"https://www.google.com/maps/contrib/107970629443380587731/reviews?hl=en-US","Review_time":"3 years ago","Review":"Rude cashier, flip, condescending.  Walked out without purchasing and wont be going back.","Likes":"1"},{"Name":"","Category":"","Rating":" 5 stars ","Number_of_Reviews":"","Address":"","Reviewer":"Serhiy Tsyganok","Reviewer_page":"https://www.google.com/maps/contrib/102509037369987663997/reviews?hl=en-US","Review_time":"a year ago","Review":"Nice place and great service there!!!","Likes":""},{"Name":"","Category":"","Rating":" 5 stars ","Number_of_Reviews":"","Address":"","Reviewer":"karcik85","Reviewer_page":"https://www.google.com/maps/contrib/105943539828302446761/reviews?hl=en-US","Review_time":"4 years ago","Review":"Good place for the coffee and some small snacks","Likes":""},{"Name":"","Category":"","Rating":" 1 star ","Number_of_Reviews":"","Address":"","Reviewer":"tutu40074","Reviewer_page":"https://www.google.com/maps/contrib/105674702609908520129/reviews?hl=en-US","Review_time":"4 years ago","Review":"Worst Starbucks yet! Slow service, long lines, and bad service.","Likes":"1"},{"Name":"","Category":"","Rating":" 5 stars ","Number_of_Reviews":"","Address":"","Reviewer":"Erwin","Reviewer_page":"https://www.google.com/maps/contrib/111612674335187393011/reviews?hl=en-US","Review_time":"6 years ago","Review":"Staff is the best, even it there are many annoying clients they have a big smile","Likes":""},{"Name":"","Category":"","Rating":" 4 stars ","Number_of_Reviews":"","Address":"","Reviewer":"Phoebe Chang","Reviewer_page":"https://www.google.com/maps/contrib/117094080868509861198/reviews?hl=en-US","Review_time":"7 years ago","Review":"Normal Starbucks, nice big window to look outside. Not much seats.","Likes":""},{"Name":"","Category":"","Rating":" 5 stars ","Number_of_Reviews":"","Address":"","Reviewer":"Anthony Bove","Reviewer_page":"https://www.google.com/maps/contrib/111147869359681567996/reviews?hl=en-US","Review_time":"3 years ago","Review":"Very good staff and responsible service.","Likes":""},{"Name":"","Category":"","Rating":" 5 stars ","Number_of_Reviews":"","Address":"","Reviewer":"michael wiles","Reviewer_page":"https://www.google.com/maps/contrib/106919480325736752236/reviews?hl=en-US","Review_time":"3 years ago","Review":"Ham & Swiss with a very berry hisbiscus hits the intended spot! ALWAYS!","Likes":""},{"Name":"","Category":"","Rating":" 5 stars ","Number_of_Reviews":"","Address":"","Reviewer":"Ginadelsa Mercedes","Reviewer_page":"https://www.google.com/maps/contrib/116301210637441550473/reviews?hl=en-US","Review_time":"6 years ago","Review":"The staff it's super friendly and nice","Likes":""},{"Name":"","Category":"","Rating":" 5 stars ","Number_of_Reviews":"","Address":"","Reviewer":"Jay Nice","Reviewer_page":"https://www.google.com/maps/contrib/116494542667899951061/reviews?hl=en-US","Review_time":"2 years ago","Review":"Great coffee excellent service","Likes":""},{"Name":"","Category":"","Rating":" 1 star ","Number_of_Reviews":"","Address":"","Reviewer":"Easy Drive","Reviewer_page":"https://www.google.com/maps/contrib/107020624939161871951/reviews?hl=en-US","Review_time":"3 years ago","Review":"They sold me hot water isn't hot coffee...","Likes":""},{"Name":"","Category":"","Rating":" 5 stars ","Number_of_Reviews":"","Address":"","Reviewer":"Jennifer Savarino","Reviewer_page":"https://www.google.com/maps/contrib/102834436975430005849/reviews?hl=en-US","Review_time":"a year ago","Review":"Excellent customer service!!!","Likes":""},{"Name":"","Category":"","Rating":" 2 stars ","Number_of_Reviews":"","Address":"","Reviewer":"George Brumfield","Reviewer_page":"https://www.google.com/maps/contrib/109268034729761302392/reviews?hl=en-US","Review_time":"4 years ago","Review":"The frappuccino maker has the hustle of my 90 year old grandmother.","Likes":""},{"Name":"","Category":"","Rating":" 5 stars ","Number_of_Reviews":"","Address":"","Reviewer":"Çerj","Reviewer_page":"https://www.google.com/maps/contrib/108378188865450563316/reviews?hl=en-US","Review_time":"a year ago","Review":"I love the staff at this Starbucks.","Likes":""},{"Name":"","Category":"","Rating":" 5 stars ","Number_of_Reviews":"","Address":"","Reviewer":"David Bacote","Reviewer_page":"https://www.google.com/maps/contrib/101760250036857027733/reviews?hl=en-US","Review_time":"a year ago","Review":"In and out, especially if you order by the app","Likes":""},{"Name":"","Category":"","Rating":" 5 stars ","Number_of_Reviews":"","Address":"","Reviewer":"linda- Marie","Reviewer_page":"https://www.google.com/maps/contrib/106064600758007930947/reviews?hl=en-US","Review_time":"3 years ago","Review":"Very friendly at My Starbucks!! I ❤ them!!","Likes":""},{"Name":"","Category":"","Rating":" 5 stars ","Number_of_Reviews":"","Address":"","Reviewer":"Katia Mama","Reviewer_page":"https://www.google.com/maps/contrib/117675865347716515017/reviews?hl=en-US","Review_time":"5 years ago","Review":"Friendly staff. Strong coffee.","Likes":""},{"Name":"","Category":"","Rating":" 5 stars ","Number_of_Reviews":"","Address":"","Reviewer":"Zakia Slade","Reviewer_page":"https://www.google.com/maps/contrib/114186729378045556428/reviews?hl=en-US","Review_time":"2 years ago","Review":"Always a pleasure going there.","Likes":""},{"Name":"","Category":"","Rating":" 4 stars ","Number_of_Reviews":"","Address":"","Reviewer":"Qasim N.","Reviewer_page":"https://www.google.com/maps/contrib/112976252361270555583/reviews?hl=en-US","Review_time":"a year ago","Review":"Quick and speedy as always.","Likes":""},{"Name":"","Category":"","Rating":" 5 stars ","Number_of_Reviews":"","Address":"","Reviewer":"Joseph Skolnik","Reviewer_page":"https://www.google.com/maps/contrib/114499266129595258013/reviews?hl=en-US","Review_time":"3 years ago","Review":"Very friendly and nice.","Likes":""},{"Name":"","Category":"","Rating":" 5 stars ","Number_of_Reviews":"","Address":"","Reviewer":"Ytube Viewer","Reviewer_page":"https://www.google.com/maps/contrib/101837940723052778968/reviews?hl=en-US","Review_time":"3 years ago","Review":"Typical SB’s, friendly barristas","Likes":""},{"Name":"","Category":"","Rating":" 1 star ","Number_of_Reviews":"","Address":"","Reviewer":"Diana Prince","Reviewer_page":"https://www.google.com/maps/contrib/114001875726657589972/reviews?hl=en-US","Review_time":"3 years ago","Review":"Terrible staff ! DO NOT GO HERE","Likes":""},{"Name":"","Category":"","Rating":" 4 stars ","Number_of_Reviews":"","Address":"","Reviewer":"iisabelle Ross","Reviewer_page":"https://www.google.com/maps/contrib/113045842376544518577/reviews?hl=en-US","Review_time":"3 years ago","Review":"Very nice employees!","Likes":""},{"Name":"","Category":"","Rating":" 3 stars ","Number_of_Reviews":"","Address":"","Reviewer":"Erika Hammargren","Reviewer_page":"https://www.google.com/maps/contrib/111896907587693142660/reviews?hl=en-US","Review_time":"5 years ago","Review":"Ok cafe, but the music is too loud.","Likes":""},{"Name":"","Category":"","Rating":" 5 stars ","Number_of_Reviews":"","Address":"","Reviewer":"jam","Reviewer_page":"https://www.google.com/maps/contrib/115533347530539865155/reviews?hl=en-US","Review_time":"5 years ago","Review":"A fairly good Starbucks, pretty average.","Likes":""},{"Name":"","Category":"","Rating":" 5 stars ","Number_of_Reviews":"","Address":"","Reviewer":"Esthela Hernandez","Reviewer_page":"https://www.google.com/maps/contrib/112607284463373965710/reviews?hl=en-US","Review_time":"8 months ago","Review":"Fast service","Likes":""},{"Name":"","Category":"","Rating":" 3 stars ","Number_of_Reviews":"","Address":"","Reviewer":"Omar Ramos","Reviewer_page":"https://www.google.com/maps/contrib/107585330725154229030/reviews?hl=en-US","Review_time":"2 years ago","Review":"Sorry but slow service","Likes":""},{"Name":"","Category":"","Rating":" 5 stars ","Number_of_Reviews":"","Address":"","Reviewer":"Millie Colon","Reviewer_page":"https://www.google.com/maps/contrib/106203833436447408876/reviews?hl=en-US","Review_time":"2 years ago","Review":"Good friendly service","Likes":""},{"Name":"","Category":"","Rating":" 1 star ","Number_of_Reviews":"","Address":"","Reviewer":"Marion H","Reviewer_page":"https://www.google.com/maps/contrib/110774560351343497772/reviews?hl=en-US","Review_time":"3 years ago","Review":"Never liked it, bitter coffee","Likes":""},{"Name":"","Category":"","Rating":" 3 stars ","Number_of_Reviews":"","Address":"","Reviewer":"Chris Jake","Reviewer_page":"https://www.google.com/maps/contrib/115339415768382847625/reviews?hl=en-US","Review_time":"6 years ago","Review":"Standard Starbucks with big lines at times","Likes":""},{"Name":"","Category":"","Rating":" 5 stars ","Number_of_Reviews":"","Address":"","Reviewer":"Nabil Tabish","Reviewer_page":"https://www.google.com/maps/contrib/104815149168511532828/reviews?hl=en-US","Review_time":"5 years ago","Review":"One of the best on the LES, Manhattan.","Likes":""},{"Name":"","Category":"","Rating":" 5 stars ","Number_of_Reviews":"","Address":"","Reviewer":"jose aviles","Reviewer_page":"https://www.google.com/maps/contrib/116083719613433875544/reviews?hl=en-US","Review_time":"3 years ago","Review":"Their cofree is fresh","Likes":""},{"Name":"","Category":"","Rating":" 3 stars ","Number_of_Reviews":"","Address":"","Reviewer":"Tracey Crowder","Reviewer_page":"https://www.google.com/maps/contrib/101288240888919088184/reviews?hl=en-US","Review_time":"3 years ago","Review":"Coffee very strong","Likes":""},{"Name":"","Category":"","Rating":" 4 stars ","Number_of_Reviews":"","Address":"","Reviewer":"Roberto David Rodriguez Jerez","Reviewer_page":"https://www.google.com/maps/contrib/103175487598939848970/reviews?hl=en-US","Review_time":"6 years ago","Review":"Not too crowded.","Likes":""},{"Name":"","Category":"","Rating":" 1 star ","Number_of_Reviews":"","Address":"","Reviewer":"Boris Skatov","Reviewer_page":"https://www.google.com/maps/contrib/106385753451319801616/reviews?hl=en-US","Review_time":"4 years ago","Review":"Coffee just test terrible","Likes":""},{"Name":"","Category":"","Rating":" 4 stars ","Number_of_Reviews":"","Address":"","Reviewer":"David Mizrahi","Reviewer_page":"https://www.google.com/maps/contrib/109456148758177411890/reviews?hl=en-US","Review_time":"a year ago","Review":"Good","Likes":""},{"Name":"","Category":"","Rating":" 2 stars ","Number_of_Reviews":"","Address":"","Reviewer":"yoni hen","Reviewer_page":"https://www.google.com/maps/contrib/117523229021256235687/reviews?hl=en-US","Review_time":"5 years ago","Review":"Most unpleasant staff","Likes":""},{"Name":"","Category":"","Rating":" 1 star ","Number_of_Reviews":"","Address":"","Reviewer":"Kobliha Kulatá","Reviewer_page":"https://www.google.com/maps/contrib/102419452837336355349/reviews?hl=en-US","Review_time":"5 years ago","Review":"Really bad service","Likes":""},{"Name":"","Category":"","Rating":" 1 star ","Number_of_Reviews":"","Address":"","Reviewer":"Anthony Best","Reviewer_page":"https://www.google.com/maps/contrib/100763076193529851378/reviews?hl=en-US","Review_time":"3 years ago","Review":"Not impressed.","Likes":""},{"Name":"","Category":"","Rating":" 1 star ","Number_of_Reviews":"","Address":"","Reviewer":"Giga Paichadze","Reviewer_page":"https://www.google.com/maps/contrib/107066036221937963202/reviews?hl=en-US","Review_time":"2 years ago","Review":"Stupid staff","Likes":""},{"Name":"","Category":"","Rating":" 5 stars ","Number_of_Reviews":"","Address":"","Reviewer":"Kenneth Mcdevitt","Reviewer_page":"https://www.google.com/maps/contrib/110709882749872768637/reviews?hl=en-US","Review_time":"7 months ago","Review":"Hvac perfect","Likes":""},{"Name":"","Category":"","Rating":" 5 stars ","Number_of_Reviews":"","Address":"","Reviewer":"Manny","Reviewer_page":"https://www.google.com/maps/contrib/114941479476267394314/reviews?hl=en-US","Review_time":"4 years ago","Review":"Great space","Likes":""},{"Name":"","Category":"","Rating":" 4 stars ","Number_of_Reviews":"","Address":"","Reviewer":"e l","Reviewer_page":"https://www.google.com/maps/contrib/111841512699118066369/reviews?hl=en-US","Review_time":"3 years ago","Review":"good","Likes":""},{"Name":"","Category":"","Rating":" 5 stars ","Number_of_Reviews":"","Address":"","Reviewer":"soyun yi","Reviewer_page":"https://www.google.com/maps/contrib/108457269327676498213/reviews?hl=en-US","Review_time":"4 years ago","Review":"Good","Likes":""},{"Name":"","Category":"","Rating":" 5 stars ","Number_of_Reviews":"","Address":"","Reviewer":"Nancy cotui","Reviewer_page":"https://www.google.com/maps/contrib/113859686382873111264/reviews?hl=en-US","Review_time":"3 years ago","Review":"Nice place","Likes":""},{"Name":"","Category":"","Rating":" 5 stars ","Number_of_Reviews":"","Address":"","Reviewer":"Cyan Sadique","Reviewer_page":"https://www.google.com/maps/contrib/117213176696151634824/reviews?hl=en-US","Review_time":"6 years ago","Review":"Fresh coffee.","Likes":"1"},{"Name":"","Category":"","Rating":" 5 stars ","Number_of_Reviews":"","Address":"","Reviewer":"Haroon Jameel","Reviewer_page":"https://www.google.com/maps/contrib/117862569153162322304/reviews?hl=en-US","Review_time":"6 years ago","Review":"Love this place","Likes":""},{"Name":"","Category":"","Rating":" 4 stars ","Number_of_Reviews":"","Address":"","Reviewer":"אנחל חי ארביב","Reviewer_page":"https://www.google.com/maps/contrib/112167295452034749974/reviews?hl=en-US","Review_time":"a year ago","Review":"(Translated by Google) Great coffee, there are also all kinds of little things to eat\nWarmly reigning.\n\n(Original)\nאחלה קפה, יש גם כל מיני דברים קטנים לאכילה\nממליך בחום.","Likes":"1"},{"Name":"","Category":"","Rating":" 5 stars ","Number_of_Reviews":"","Address":"","Reviewer":"Ramon Reyes","Reviewer_page":"https://www.google.com/maps/contrib/100564078339456029082/reviews?hl=en-US","Review_time":"a year ago","Review":"(Translated by Google) All STARBUCKS cafes are very charming because of their decorations, their coffee of different flavors, I like them all.\n\n(Original)\nTodas las cafeterias STARBUCKS son muy encantadora por sus decorados sus Cafe de distintos sabores,todas me gustan.","Likes":""},{"Name":"","Category":"","Rating":" 5 stars ","Number_of_Reviews":"","Address":"","Reviewer":"Ugur Cura","Reviewer_page":"https://www.google.com/maps/contrib/107521740781353846334/reviews?hl=en-US","Review_time":"10 months ago","Review":"(Translated by Google) Nice staff, good coffee and wifi option\n\n(Original)\nNette personal, gute Kaffee und wifi Möglichkeit","Likes":""},{"Name":"","Category":"","Rating":" 3 stars ","Number_of_Reviews":"","Address":"","Reviewer":"asier montoya","Reviewer_page":"https://www.google.com/maps/contrib/115903986298494333367/reviews?hl=en-US","Review_time":"6 years ago","Review":"(Translated by Google) Small place. Good place for a rest stop.\n\n(Original)\nLocal pequeño. Buen sitio para una parada de descanso.","Likes":""},{"Name":"","Category":"","Rating":" 3 stars ","Number_of_Reviews":"","Address":"","Reviewer":"Luis Rivera","Reviewer_page":"https://www.google.com/maps/contrib/103204022226563565585/reviews?hl=en-US","Review_time":"a year ago","Review":"(Translated by Google) They take a little while in the orders, they accumulate more than 7 people at the same time on the site..\n\n(Original)\nDemoran un poco en las órdenes se acumulan mas de 7 personas ala ves en el sitio..","Likes":""},{"Name":"","Category":"","Rating":" 4 stars ","Number_of_Reviews":"","Address":"","Reviewer":"Orton Ford","Reviewer_page":"https://www.google.com/maps/contrib/105067831193130230178/reviews?hl=en-US","Review_time":"3 years ago","Review":"(Translated by Google) Cafe and atmosphere is good, but the food is grossly overpriced.\n\n(Original)\nCafe und Atmosphäre ist gut, das Essen ist allerdings maßlos überteuert.","Likes":""},{"Name":"","Category":"","Rating":" 3 stars ","Number_of_Reviews":"","Address":"","Reviewer":"Charles","Reviewer_page":"https://www.google.com/maps/contrib/114857037818291226030/reviews?hl=en-US","Review_time":"5 years ago","Review":"(Translated by Google) Classic Starbucks, good hot drink .... except coffee, and good pastries.\n\n(Original)\nStarbucks classique, bonne boisson chaude.... sauf le café, et bonne viennoiseries.","Likes":""},{"Name":"","Category":"","Rating":" 4 stars ","Number_of_Reviews":"","Address":"","Reviewer":"Armando Porzio","Reviewer_page":"https://www.google.com/maps/contrib/102850544988134639709/reviews?hl=en-US","Review_time":"2 years ago","Review":"(Translated by Google) I like it is a quiet and cozy place\n\n(Original)\nMe gusto es un lugar tranquilo y acogedor","Likes":""},{"Name":"","Category":"","Rating":" 3 stars ","Number_of_Reviews":"","Address":"","Reviewer":"Antoine Varloteaux","Reviewer_page":"https://www.google.com/maps/contrib/112080726830309335393/reviews?hl=en-US","Review_time":"3 years ago","Review":"(Translated by Google) Yes but, well ?\n\n(Original)\nOui mais bon ?","Likes":""},{"Name":"","Category":"","Rating":" 5 stars ","Number_of_Reviews":"","Address":"","Reviewer":"naser Elgohary","Reviewer_page":"https://www.google.com/maps/contrib/114871584402308355775/reviews?hl=en-US","Review_time":"3 years ago","Review":"(Translated by Google) Very nice\n\n(Original)\nجميل جدا","Likes":""},{"Name":"","Category":"","Rating":" 5 stars ","Number_of_Reviews":"","Address":"","Reviewer":"Roland Poppinger","Reviewer_page":"https://www.google.com/maps/contrib/106366909608849787387/reviews?hl=en-US","Review_time":"3 years ago","Review":"(Translated by Google) The only drinkable coffee in USA!\n\n(Original)\nDer einzig trinkbare Kaffee in USA!","Likes":""},{"Name":"","Category":"","Rating":" 5 stars ","Number_of_Reviews":"","Address":"","Reviewer":"Cristina Metgher","Reviewer_page":"https://www.google.com/maps/contrib/103930500135973595620/reviews?hl=en-US","Review_time":"3 years ago","Review":"","Likes":""},{"Name":"","Category":"","Rating":" 5 stars ","Number_of_Reviews":"","Address":"","Reviewer":"Cheryl Miller","Reviewer_page":"https://www.google.com/maps/contrib/102074551060570042613/reviews?hl=en-US","Review_time":"4 months ago","Review":"","Likes":""},{"Name":"","Category":"","Rating":" 5 stars ","Number_of_Reviews":"","Address":"","Reviewer":"Николь Емец","Reviewer_page":"https://www.google.com/maps/contrib/101431778849598415107/reviews?hl=en-US","Review_time":"7 months ago","Review":"","Likes":""},{"Name":"","Category":"","Rating":" 5 stars ","Number_of_Reviews":"","Address":"","Reviewer":"Cindra Cameron-Graham","Reviewer_page":"https://www.google.com/maps/contrib/107946765649043974471/reviews?hl=en-US","Review_time":"11 months ago","Review":"","Likes":""},{"Name":"","Category":"","Rating":" 3 stars ","Number_of_Reviews":"","Address":"","Reviewer":"Lindsay Begg","Reviewer_page":"https://www.google.com/maps/contrib/107628271437954547551/reviews?hl=en-US","Review_time":"a year ago","Review":"","Likes":""},{"Name":"","Category":"","Rating":" 3 stars ","Number_of_Reviews":"","Address":"","Reviewer":"Yogi Bearwolf","Reviewer_page":"https://www.google.com/maps/contrib/114619199057317377528/reviews?hl=en-US","Review_time":"a year ago","Review":"","Likes":""},{"Name":"","Category":"","Rating":" 5 stars ","Number_of_Reviews":"","Address":"","Reviewer":"Dashawn Fleet","Reviewer_page":"https://www.google.com/maps/contrib/112019967404840107976/reviews?hl=en-US","Review_time":"a year ago","Review":"","Likes":""},{"Name":"","Category":"","Rating":" 5 stars ","Number_of_Reviews":"","Address":"","Reviewer":"Sean Grano","Reviewer_page":"https://www.google.com/maps/contrib/109858862072212972319/reviews?hl=en-US","Review_time":"a year ago","Review":"","Likes":""},{"Name":"","Category":"","Rating":" 2 stars ","Number_of_Reviews":"","Address":"","Reviewer":"Elvin Irizarry (Izzy)","Reviewer_page":"https://www.google.com/maps/contrib/107692316045105957475/reviews?hl=en-US","Review_time":"a year ago","Review":"","Likes":""},{"Name":"","Category":"","Rating":" 5 stars ","Number_of_Reviews":"","Address":"","Reviewer":"Brenden Valliere (SurvivorsQuest)","Reviewer_page":"https://www.google.com/maps/contrib/105212404952047774731/reviews?hl=en-US","Review_time":"2 years ago","Review":"","Likes":""},{"Name":"","Category":"","Rating":" 5 stars ","Number_of_Reviews":"","Address":"","Reviewer":"ChadWize_BroSki w.","Reviewer_page":"https://www.google.com/maps/contrib/118426048299264414364/reviews?hl=en-US","Review_time":"a year ago","Review":"","Likes":""},{"Name":"","Category":"","Rating":" 5 stars ","Number_of_Reviews":"","Address":"","Reviewer":"johnny suarez","Reviewer_page":"https://www.google.com/maps/contrib/111929400052112515533/reviews?hl=en-US","Review_time":"5 months ago","Review":"","Likes":""},{"Name":"","Category":"","Rating":" 3 stars ","Number_of_Reviews":"","Address":"","Reviewer":"Alison","Reviewer_page":"https://www.google.com/maps/contrib/108398759349434836897/reviews?hl=en-US","Review_time":"4 years ago","Review":"","Likes":""},{"Name":"","Category":"","Rating":" 5 stars ","Number_of_Reviews":"","Address":"","Reviewer":"Maria Teresa Frias","Reviewer_page":"https://www.google.com/maps/contrib/114142093266684207224/reviews?hl=en-US","Review_time":"2 years ago","Review":"","Likes":""},{"Name":"","Category":"","Rating":" 5 stars ","Number_of_Reviews":"","Address":"","Reviewer":"Judy Pearl","Reviewer_page":"https://www.google.com/maps/contrib/108775298835770046578/reviews?hl=en-US","Review_time":"3 years ago","Review":"","Likes":""},{"Name":"","Category":"","Rating":" 5 stars ","Number_of_Reviews":"","Address":"","Reviewer":"Miguel Iglesias","Reviewer_page":"https://www.google.com/maps/contrib/112685494725265280991/reviews?hl=en-US","Review_time":"4 years ago","Review":"","Likes":""},{"Name":"","Category":"","Rating":" 5 stars ","Number_of_Reviews":"","Address":"","Reviewer":"Denise A.","Reviewer_page":"https://www.google.com/maps/contrib/110551891410788132299/reviews?hl=en-US","Review_time":"3 years ago","Review":"","Likes":""},{"Name":"","Category":"","Rating":" 5 stars ","Number_of_Reviews":"","Address":"","Reviewer":"Gbola Gade","Reviewer_page":"https://www.google.com/maps/contrib/108630991569670192496/reviews?hl=en-US","Review_time":"3 years ago","Review":"","Likes":""},{"Name":"","Category":"","Rating":" 4 stars ","Number_of_Reviews":"","Address":"","Reviewer":"Osama Abou Shady","Reviewer_page":"https://www.google.com/maps/contrib/113724743784744130566/reviews?hl=en-US","Review_time":"4 years ago","Review":"","Likes":""},{"Name":"","Category":"","Rating":" 3 stars ","Number_of_Reviews":"","Address":"","Reviewer":"lapo764","Reviewer_page":"https://www.google.com/maps/contrib/100181646022926135353/reviews?hl=en-US","Review_time":"3 years ago","Review":"","Likes":""},{"Name":"","Category":"","Rating":" 5 stars ","Number_of_Reviews":"","Address":"","Reviewer":"Thomas Wells","Reviewer_page":"https://www.google.com/maps/contrib/106456581886731153677/reviews?hl=en-US","Review_time":"3 years ago","Review":"","Likes":""},{"Name":"","Category":"","Rating":" 5 stars ","Number_of_Reviews":"","Address":"","Reviewer":"Atar Azana","Reviewer_page":"https://www.google.com/maps/contrib/103222674747160068791/reviews?hl=en-US","Review_time":"3 years ago","Review":"","Likes":""},{"Name":"","Category":"","Rating":" 3 stars ","Number_of_Reviews":"","Address":"","Reviewer":"Christie Sheffield","Reviewer_page":"https://www.google.com/maps/contrib/116557317978857539551/reviews?hl=en-US","Review_time":"3 years ago","Review":"","Likes":""},{"Name":"","Category":"","Rating":" 5 stars ","Number_of_Reviews":"","Address":"","Reviewer":"Marcella Geathers","Reviewer_page":"https://www.google.com/maps/contrib/105024560556122237411/reviews?hl=en-US","Review_time":"3 years ago","Review":"","Likes":""},{"Name":"","Category":"","Rating":" 3 stars ","Number_of_Reviews":"","Address":"","Reviewer":"Stefano La Fontana","Reviewer_page":"https://www.google.com/maps/contrib/109566682099859631529/reviews?hl=en-US","Review_time":"3 years ago","Review":"","Likes":""},{"Name":"","Category":"","Rating":" 5 stars ","Number_of_Reviews":"","Address":"","Reviewer":"Salvatore Schiano","Reviewer_page":"https://www.google.com/maps/contrib/114175325794750399162/reviews?hl=en-US","Review_time":"3 years ago","Review":"","Likes":""},{"Name":"","Category":"","Rating":" 4 stars ","Number_of_Reviews":"","Address":"","Reviewer":"Roy O","Reviewer_page":"https://www.google.com/maps/contrib/106408468716001183650/reviews?hl=en-US","Review_time":"2 years ago","Review":"","Likes":""},{"Name":"","Category":"","Rating":" 5 stars ","Number_of_Reviews":"","Address":"","Reviewer":"Felicia Butts","Reviewer_page":"https://www.google.com/maps/contrib/111521975552495880230/reviews?hl=en-US","Review_time":"8 months ago","Review":"","Likes":""},{"Name":"","Category":"","Rating":" 3 stars ","Number_of_Reviews":"","Address":"","Reviewer":"Miguel Peña","Reviewer_page":"https://www.google.com/maps/contrib/102674566192637358604/reviews?hl=en-US","Review_time":"2 years ago","Review":"","Likes":""},{"Name":"","Category":"","Rating":" 5 stars ","Number_of_Reviews":"","Address":"","Reviewer":"Hanna Alburquerque","Reviewer_page":"https://www.google.com/maps/contrib/114586294515731743250/reviews?hl=en-US","Review_time":"4 years ago","Review":"","Likes":""},{"Name":"","Category":"","Rating":" 1 star ","Number_of_Reviews":"","Address":"","Reviewer":"maty youngewirth, O.D","Reviewer_page":"https://www.google.com/maps/contrib/103877196543938522135/reviews?hl=en-US","Review_time":"5 years ago","Review":"","Likes":""},{"Name":"","Category":"","Rating":" 3 stars ","Number_of_Reviews":"","Address":"","Reviewer":"tay love","Reviewer_page":"https://www.google.com/maps/contrib/117070262371342994701/reviews?hl=en-US","Review_time":"4 years ago","Review":"","Likes":""},{"Name":"","Category":"","Rating":" 5 stars ","Number_of_Reviews":"","Address":"","Reviewer":"West 82nd Street Apartment","Reviewer_page":"https://www.google.com/maps/contrib/107441027269744538002/reviews?hl=en-US","Review_time":"4 years ago","Review":"","Likes":""},{"Name":"","Category":"","Rating":" 4 stars ","Number_of_Reviews":"","Address":"","Reviewer":"Jose Ayala","Reviewer_page":"https://www.google.com/maps/contrib/112596086275710028430/reviews?hl=en-US","Review_time":"a year ago","Review":"","Likes":""},{"Name":"","Category":"","Rating":" 1 star ","Number_of_Reviews":"","Address":"","Reviewer":"Murat goksu","Reviewer_page":"https://www.google.com/maps/contrib/107197484570685431544/reviews?hl=en-US","Review_time":"4 years ago","Review":"","Likes":""},{"Name":"","Category":"","Rating":" 5 stars ","Number_of_Reviews":"","Address":"","Reviewer":"I In NYC","Reviewer_page":"https://www.google.com/maps/contrib/109986893670761078784/reviews?hl=en-US","Review_time":"2 years ago","Review":"","Likes":""},{"Name":"","Category":"","Rating":" 4 stars ","Number_of_Reviews":"","Address":"","Reviewer":"Bharat Gopalan","Reviewer_page":"https://www.google.com/maps/contrib/117760482278360368503/reviews?hl=en-US","Review_time":"5 years ago","Review":"","Likes":""},{"Name":"","Category":"","Rating":" 3 stars ","Number_of_Reviews":"","Address":"","Reviewer":"Steve On The Beach","Reviewer_page":"https://www.google.com/maps/contrib/115997038120717491887/reviews?hl=en-US","Review_time":"4 years ago","Review":"","Likes":""},{"Name":"","Category":"","Rating":" 4 stars ","Number_of_Reviews":"","Address":"","Reviewer":"roy Harris-Aikens","Reviewer_page":"https://www.google.com/maps/contrib/114947672313142530874/reviews?hl=en-US","Review_time":"3 years ago","Review":"","Likes":""},{"Name":"","Category":"","Rating":" 5 stars ","Number_of_Reviews":"","Address":"","Reviewer":"Suna Kaya","Reviewer_page":"https://www.google.com/maps/contrib/107511914756685689905/reviews?hl=en-US","Review_time":"3 years ago","Review":"","Likes":""},{"Name":"","Category":"","Rating":" 5 stars ","Number_of_Reviews":"","Address":"","Reviewer":"JACOB ROY","Reviewer_page":"https://www.google.com/maps/contrib/105798919831062947326/reviews?hl=en-US","Review_time":"3 years ago","Review":"","Likes":""},{"Name":"","Category":"","Rating":" 5 stars ","Number_of_Reviews":"","Address":"","Reviewer":"Omar Betanco","Reviewer_page":"https://www.google.com/maps/contrib/116101905948676842839/reviews?hl=en-US","Review_time":"8 months ago","Review":"","Likes":""},{"Name":"","Category":"","Rating":" 4 stars ","Number_of_Reviews":"","Address":"","Reviewer":"Dantai Vilairoj","Reviewer_page":"https://www.google.com/maps/contrib/108097486457243271349/reviews?hl=en-US","Review_time":"4 years ago","Review":"","Likes":""},{"Name":"","Category":"","Rating":" 4 stars ","Number_of_Reviews":"","Address":"","Reviewer":"Jennifer Kaiser","Reviewer_page":"https://www.google.com/maps/contrib/111269873528010113647/reviews?hl=en-US","Review_time":"2 years ago","Review":"","Likes":""},{"Name":"","Category":"","Rating":" 1 star ","Number_of_Reviews":"","Address":"","Reviewer":"Kimberly George","Reviewer_page":"https://www.google.com/maps/contrib/107054764218590871488/reviews?hl=en-US","Review_time":"a year ago","Review":"","Likes":""},{"Name":"","Category":"","Rating":" 3 stars ","Number_of_Reviews":"","Address":"","Reviewer":"Michael-Alexander Trastamara","Reviewer_page":"https://www.google.com/maps/contrib/103839995551153646367/reviews?hl=en-US","Review_time":"4 years ago","Review":"","Likes":""},{"Name":"","Category":"","Rating":" 3 stars ","Number_of_Reviews":"","Address":"","Reviewer":"Benedetta Palmirani","Reviewer_page":"https://www.google.com/maps/contrib/109259172265045305496/reviews?hl=en-US","Review_time":"3 years ago","Review":"","Likes":""},{"Name":"","Category":"","Rating":" 5 stars ","Number_of_Reviews":"","Address":"","Reviewer":"Arielle Tandowski","Reviewer_page":"https://www.google.com/maps/contrib/117831118665894323524/reviews?hl=en-US","Review_time":"5 years ago","Review":"","Likes":""},{"Name":"","Category":"","Rating":" 4 stars ","Number_of_Reviews":"","Address":"","Reviewer":"Kofi Mills","Reviewer_page":"https://www.google.com/maps/contrib/107126908018578610987/reviews?hl=en-US","Review_time":"7 years ago","Review":"","Likes":""},{"Name":"","Category":"","Rating":" 5 stars ","Number_of_Reviews":"","Address":"","Reviewer":"Larry The Native Guy","Reviewer_page":"https://www.google.com/maps/contrib/104483035889544136793/reviews?hl=en-US","Review_time":"5 years ago","Review":"","Likes":""},{"Name":"","Category":"","Rating":" 5 stars ","Number_of_Reviews":"","Address":"","Reviewer":"Sandy Saunders Dukes","Reviewer_page":"https://www.google.com/maps/contrib/105047515359281324508/reviews?hl=en-US","Review_time":"a year ago","Review":"","Likes":""},{"Name":"","Category":"","Rating":" 5 stars ","Number_of_Reviews":"","Address":"","Reviewer":"Peter Martinez","Reviewer_page":"https://www.google.com/maps/contrib/113083626001097707044/reviews?hl=en-US","Review_time":"a year ago","Review":"","Likes":""},{"Name":"","Category":"","Rating":" 5 stars ","Number_of_Reviews":"","Address":"","Reviewer":"Arthur Toby “Toby” Hicks","Reviewer_page":"https://www.google.com/maps/contrib/103664378347397577992/reviews?hl=en-US","Review_time":"4 years ago","Review":"","Likes":""},{"Name":"","Category":"","Rating":" 5 stars ","Number_of_Reviews":"","Address":"","Reviewer":"Michael Berg","Reviewer_page":"https://www.google.com/maps/contrib/100018837893454724081/reviews?hl=en-US","Review_time":"4 years ago","Review":"","Likes":""},{"Name":"","Category":"","Rating":" 4 stars ","Number_of_Reviews":"","Address":"","Reviewer":"ede","Reviewer_page":"https://www.google.com/maps/contrib/110125536081292701005/reviews?hl=en-US","Review_time":"3 years ago","Review":"","Likes":""},{"Name":"","Category":"","Rating":" 1 star ","Number_of_Reviews":"","Address":"","Reviewer":"Crown Prince Saul (Keith M. Rock)","Reviewer_page":"https://www.google.com/maps/contrib/101766588871499521718/reviews?hl=en-US","Review_time":"2 years ago","Review":"","Likes":""},{"Name":"","Category":"","Rating":" 5 stars ","Number_of_Reviews":"","Address":"","Reviewer":"Shay Shaul","Reviewer_page":"https://www.google.com/maps/contrib/108535245432019341695/reviews?hl=en-US","Review_time":"4 years ago","Review":"","Likes":""},{"Name":"","Category":"","Rating":" 4 stars ","Number_of_Reviews":"","Address":"","Reviewer":"John Bato (JBLuv)","Reviewer_page":"https://www.google.com/maps/contrib/108718656993155036973/reviews?hl=en-US","Review_time":"4 years ago","Review":"","Likes":""},{"Name":"","Category":"","Rating":" 5 stars ","Number_of_Reviews":"","Address":"","Reviewer":"Alexander Feiner","Reviewer_page":"https://www.google.com/maps/contrib/105662876357113682299/reviews?hl=en-US","Review_time":"3 years ago","Review":"","Likes":""},{"Name":"","Category":"","Rating":" 3 stars ","Number_of_Reviews":"","Address":"","Reviewer":"BLVCK ROSE NYC","Reviewer_page":"https://www.google.com/maps/contrib/101872544936604275269/reviews?hl=en-US","Review_time":"a year ago","Review":"","Likes":""},{"Name":"","Category":"","Rating":" 5 stars ","Number_of_Reviews":"","Address":"","Reviewer":"Rosie","Reviewer_page":"https://www.google.com/maps/contrib/101208486279141069565/reviews?hl=en-US","Review_time":"4 years ago","Review":"","Likes":""},{"Name":"","Category":"","Rating":" 5 stars ","Number_of_Reviews":"","Address":"","Reviewer":"Hugo Sanchez","Reviewer_page":"https://www.google.com/maps/contrib/103335240862063135058/reviews?hl=en-US","Review_time":"4 years ago","Review":"","Likes":""},{"Name":"","Category":"","Rating":" 5 stars ","Number_of_Reviews":"","Address":"","Reviewer":"Michael Lagnado","Reviewer_page":"https://www.google.com/maps/contrib/106750711694537006174/reviews?hl=en-US","Review_time":"3 years ago","Review":"","Likes":""},{"Name":"","Category":"","Rating":" 5 stars ","Number_of_Reviews":"","Address":"","Reviewer":"Thomas Donnelly","Reviewer_page":"https://www.google.com/maps/contrib/112854722120310870016/reviews?hl=en-US","Review_time":"3 years ago","Review":"","Likes":""},{"Name":"","Category":"","Rating":" 4 stars ","Number_of_Reviews":"","Address":"","Reviewer":"nereo sanchez","Reviewer_page":"https://www.google.com/maps/contrib/116379092095030215758/reviews?hl=en-US","Review_time":"2 years ago","Review":"","Likes":""},{"Name":"","Category":"","Rating":" 5 stars ","Number_of_Reviews":"","Address":"","Reviewer":"Regina Dawson","Reviewer_page":"https://www.google.com/maps/contrib/116693545748328231958/reviews?hl=en-US","Review_time":"4 years ago","Review":"","Likes":""},{"Name":"","Category":"","Rating":" 4 stars ","Number_of_Reviews":"","Address":"","Reviewer":"Lucy Huang","Reviewer_page":"https://www.google.com/maps/contrib/103349611219541348315/reviews?hl=en-US","Review_time":"2 years ago","Review":"","Likes":""},{"Name":"","Category":"","Rating":" 5 stars ","Number_of_Reviews":"","Address":"","Reviewer":"Eliana Weitz","Reviewer_page":"https://www.google.com/maps/contrib/114246417113787858948/reviews?hl=en-US","Review_time":"5 years ago","Review":"","Likes":""},{"Name":"","Category":"","Rating":" 5 stars ","Number_of_Reviews":"","Address":"","Reviewer":"Johnna Reilly","Reviewer_page":"https://www.google.com/maps/contrib/102118560416843793100/reviews?hl=en-US","Review_time":"3 years ago","Review":"","Likes":""},{"Name":"","Category":"","Rating":" 1 star ","Number_of_Reviews":"","Address":"","Reviewer":"Erkut Ozdemir","Reviewer_page":"https://www.google.com/maps/contrib/113037736218722730892/reviews?hl=en-US","Review_time":"7 years ago","Review":"","Likes":""},{"Name":"","Category":"","Rating":" 5 stars ","Number_of_Reviews":"","Address":"","Reviewer":"New York Boyer Foundation","Reviewer_page":"https://www.google.com/maps/contrib/113093891258439704122/reviews?hl=en-US","Review_time":"4 years ago","Review":"","Likes":""},{"Name":"","Category":"","Rating":" 4 stars ","Number_of_Reviews":"","Address":"","Reviewer":"Ajaye Brewington","Reviewer_page":"https://www.google.com/maps/contrib/112222494104030344300/reviews?hl=en-US","Review_time":"2 years ago","Review":"","Likes":""},{"Name":"","Category":"","Rating":" 5 stars ","Number_of_Reviews":"","Address":"","Reviewer":"Wain C","Reviewer_page":"https://www.google.com/maps/contrib/104836861122722883210/reviews?hl=en-US","Review_time":"3 years ago","Review":"","Likes":""},{"Name":"","Category":"","Rating":" 4 stars ","Number_of_Reviews":"","Address":"","Reviewer":"Ameena G","Reviewer_page":"https://www.google.com/maps/contrib/117371855544459920109/reviews?hl=en-US","Review_time":"3 years ago","Review":"","Likes":""},{"Name":"","Category":"","Rating":" 5 stars ","Number_of_Reviews":"","Address":"","Reviewer":"satid ayaco","Reviewer_page":"https://www.google.com/maps/contrib/103545156709527238234/reviews?hl=en-US","Review_time":"4 years ago","Review":"","Likes":""},{"Name":"","Category":"","Rating":" 5 stars ","Number_of_Reviews":"","Address":"","Reviewer":"Jessica Colon","Reviewer_page":"https://www.google.com/maps/contrib/114010618268702018207/reviews?hl=en-US","Review_time":"4 years ago","Review":"","Likes":""},{"Name":"","Category":"","Rating":" 5 stars ","Number_of_Reviews":"","Address":"","Reviewer":"Rosa Suñé Barniol","Reviewer_page":"https://www.google.com/maps/contrib/110250672349331556420/reviews?hl=en-US","Review_time":"4 years ago","Review":"","Likes":""},{"Name":"","Category":"","Rating":" 5 stars ","Number_of_Reviews":"","Address":"","Reviewer":"Winston Bailey","Reviewer_page":"https://www.google.com/maps/contrib/100531573849331667681/reviews?hl=en-US","Review_time":"3 years ago","Review":"","Likes":""},{"Name":"","Category":"","Rating":" 5 stars ","Number_of_Reviews":"","Address":"","Reviewer":"James Kim","Reviewer_page":"https://www.google.com/maps/contrib/111228294734304389418/reviews?hl=en-US","Review_time":"4 years ago","Review":"","Likes":""},{"Name":"","Category":"","Rating":" 3 stars ","Number_of_Reviews":"","Address":"","Reviewer":"Gautham Harinarayan","Reviewer_page":"https://www.google.com/maps/contrib/109164300974304426667/reviews?hl=en-US","Review_time":"4 years ago","Review":"","Likes":""},{"Name":"","Category":"","Rating":" 4 stars ","Number_of_Reviews":"","Address":"","Reviewer":"John Vlahos","Reviewer_page":"https://www.google.com/maps/contrib/101373602617622836052/reviews?hl=en-US","Review_time":"2 years ago","Review":"","Likes":""},{"Name":"","Category":"","Rating":" 5 stars ","Number_of_Reviews":"","Address":"","Reviewer":"Payton Gray","Reviewer_page":"https://www.google.com/maps/contrib/113235343777124051298/reviews?hl=en-US","Review_time":"3 years ago","Review":"","Likes":""},{"Name":"","Category":"","Rating":" 4 stars ","Number_of_Reviews":"","Address":"","Reviewer":"Sujan","Reviewer_page":"https://www.google.com/maps/contrib/114711531501913155420/reviews?hl=en-US","Review_time":"3 years ago","Review":"","Likes":""},{"Name":"","Category":"","Rating":" 4 stars ","Number_of_Reviews":"","Address":"","Reviewer":"med Amine Sek","Reviewer_page":"https://www.google.com/maps/contrib/105405313575698422503/reviews?hl=en-US","Review_time":"2 years ago","Review":"","Likes":""},{"Name":"","Category":"","Rating":" 5 stars ","Number_of_Reviews":"","Address":"","Reviewer":"Rafael Cetina","Reviewer_page":"https://www.google.com/maps/contrib/102597331598616582155/reviews?hl=en-US","Review_time":"3 years ago","Review":"","Likes":""},{"Name":"","Category":"","Rating":" 4 stars ","Number_of_Reviews":"","Address":"","Reviewer":"Fadia Boukli","Reviewer_page":"https://www.google.com/maps/contrib/115038410599037752983/reviews?hl=en-US","Review_time":"3 years ago","Review":"","Likes":""},{"Name":"","Category":"","Rating":" 5 stars ","Number_of_Reviews":"","Address":"","Reviewer":"Mark C.","Reviewer_page":"https://www.google.com/maps/contrib/103790101838937104633/reviews?hl=en-US","Review_time":"2 years ago","Review":"","Likes":""},{"Name":"","Category":"","Rating":" 5 stars ","Number_of_Reviews":"","Address":"","Reviewer":"New York City 24 Hour Handyman","Reviewer_page":"https://www.google.com/maps/contrib/112125001781916702721/reviews?hl=en-US","Review_time":"3 years ago","Review":"","Likes":""},{"Name":"","Category":"","Rating":" 5 stars ","Number_of_Reviews":"","Address":"","Reviewer":"janelle donovan","Reviewer_page":"https://www.google.com/maps/contrib/101265897306228052156/reviews?hl=en-US","Review_time":"4 years ago","Review":"","Likes":""},{"Name":"","Category":"","Rating":" 4 stars ","Number_of_Reviews":"","Address":"","Reviewer":"Jarek Macnar","Reviewer_page":"https://www.google.com/maps/contrib/105778960887859314356/reviews?hl=en-US","Review_time":"5 years ago","Review":"","Likes":""},{"Name":"","Category":"","Rating":" 5 stars ","Number_of_Reviews":"","Address":"","Reviewer":"Thomas Barat","Reviewer_page":"https://www.google.com/maps/contrib/104090242779693666249/reviews?hl=en-US","Review_time":"5 years ago","Review":"","Likes":""},{"Name":"","Category":"","Rating":" 5 stars ","Number_of_Reviews":"","Address":"","Reviewer":"Ernes Camargo","Reviewer_page":"https://www.google.com/maps/contrib/116208309711434983957/reviews?hl=en-US","Review_time":"10 months ago","Review":"","Likes":""},{"Name":"","Category":"","Rating":" 5 stars ","Number_of_Reviews":"","Address":"","Reviewer":"Norbert Peti-Barwick","Reviewer_page":"https://www.google.com/maps/contrib/104952951343543098278/reviews?hl=en-US","Review_time":"2 years ago","Review":"","Likes":""},{"Name":"","Category":"","Rating":" 5 stars ","Number_of_Reviews":"","Address":"","Reviewer":"Michelle G","Reviewer_page":"https://www.google.com/maps/contrib/106779938531982276125/reviews?hl=en-US","Review_time":"3 years ago","Review":"","Likes":""},{"Name":"","Category":"","Rating":" 3 stars ","Number_of_Reviews":"","Address":"","Reviewer":"april lindie","Reviewer_page":"https://www.google.com/maps/contrib/118042538451162045376/reviews?hl=en-US","Review_time":"a year ago","Review":"","Likes":""},{"Name":"","Category":"","Rating":" 5 stars ","Number_of_Reviews":"","Address":"","Reviewer":"Georgios Kalogeropoulos","Reviewer_page":"https://www.google.com/maps/contrib/114803152631025416808/reviews?hl=en-US","Review_time":"3 years ago","Review":"","Likes":""},{"Name":"","Category":"","Rating":" 3 stars ","Number_of_Reviews":"","Address":"","Reviewer":"luis kelvin","Reviewer_page":"https://www.google.com/maps/contrib/100050887893962298372/reviews?hl=en-US","Review_time":"4 years ago","Review":"","Likes":""},{"Name":"","Category":"","Rating":" 5 stars ","Number_of_Reviews":"","Address":"","Reviewer":"Congregacion Hermanos","Reviewer_page":"https://www.google.com/maps/contrib/114793602432695329151/reviews?hl=en-US","Review_time":"3 years ago","Review":"","Likes":""},{"Name":"","Category":"","Rating":" 4 stars ","Number_of_Reviews":"","Address":"","Reviewer":"Prab Naththarampatha","Reviewer_page":"https://www.google.com/maps/contrib/109828066770112134322/reviews?hl=en-US","Review_time":"5 years ago","Review":"","Likes":""},{"Name":"","Category":"","Rating":" 3 stars ","Number_of_Reviews":"","Address":"","Reviewer":"Alex D.","Reviewer_page":"https://www.google.com/maps/contrib/112155528115888826278/reviews?hl=en-US","Review_time":"4 years ago","Review":"","Likes":""},{"Name":"","Category":"","Rating":" 4 stars ","Number_of_Reviews":"","Address":"","Reviewer":"Liz Baez","Reviewer_page":"https://www.google.com/maps/contrib/107579322668513791472/reviews?hl=en-US","Review_time":"2 years ago","Review":"","Likes":""},{"Name":"","Category":"","Rating":" 5 stars ","Number_of_Reviews":"","Address":"","Reviewer":"Mark Okum","Reviewer_page":"https://www.google.com/maps/contrib/103057239037198699800/reviews?hl=en-US","Review_time":"3 years ago","Review":"","Likes":""},{"Name":"","Category":"","Rating":" 5 stars ","Number_of_Reviews":"","Address":"","Reviewer":"bradley starr","Reviewer_page":"https://www.google.com/maps/contrib/113277018345535124221/reviews?hl=en-US","Review_time":"5 years ago","Review":"","Likes":""},{"Name":"","Category":"","Rating":" 5 stars ","Number_of_Reviews":"","Address":"","Reviewer":"Ayush Garg","Reviewer_page":"https://www.google.com/maps/contrib/101011231897259903427/reviews?hl=en-US","Review_time":"2 years ago","Review":"","Likes":""},{"Name":"","Category":"","Rating":" 4 stars ","Number_of_Reviews":"","Address":"","Reviewer":"Pamela Prater","Reviewer_page":"https://www.google.com/maps/contrib/106986351035945009105/reviews?hl=en-US","Review_time":"3 years ago","Review":"","Likes":""},{"Name":"","Category":"","Rating":" 5 stars ","Number_of_Reviews":"","Address":"","Reviewer":"Iyanna James","Reviewer_page":"https://www.google.com/maps/contrib/109937964693521970785/reviews?hl=en-US","Review_time":"3 years ago","Review":"","Likes":""},{"Name":"","Category":"","Rating":" 5 stars ","Number_of_Reviews":"","Address":"","Reviewer":"Yanira Lopez","Reviewer_page":"https://www.google.com/maps/contrib/104234241903007689261/reviews?hl=en-US","Review_time":"4 years ago","Review":"","Likes":""},{"Name":"","Category":"","Rating":" 5 stars ","Number_of_Reviews":"","Address":"","Reviewer":"Carlos Maldonado","Reviewer_page":"https://www.google.com/maps/contrib/113805410000294719540/reviews?hl=en-US","Review_time":"8 months ago","Review":"","Likes":""},{"Name":"","Category":"","Rating":" 5 stars ","Number_of_Reviews":"","Address":"","Reviewer":"Yasna Vega","Reviewer_page":"https://www.google.com/maps/contrib/103857156888902454077/reviews?hl=en-US","Review_time":"2 years ago","Review":"","Likes":""},{"Name":"","Category":"","Rating":" 5 stars ","Number_of_Reviews":"","Address":"","Reviewer":"Liz X","Reviewer_page":"https://www.google.com/maps/contrib/112469504182773386115/reviews?hl=en-US","Review_time":"2 years ago","Review":"","Likes":""},{"Name":"","Category":"","Rating":" 5 stars ","Number_of_Reviews":"","Address":"","Reviewer":"King James","Reviewer_page":"https://www.google.com/maps/contrib/101388723514859798474/reviews?hl=en-US","Review_time":"7 months ago","Review":"","Likes":""},{"Name":"","Category":"","Rating":" 3 stars ","Number_of_Reviews":"","Address":"","Reviewer":"Juan Manuel Puyana","Reviewer_page":"https://www.google.com/maps/contrib/115923273049854827273/reviews?hl=en-US","Review_time":"4 years ago","Review":"","Likes":""},{"Name":"","Category":"","Rating":" 5 stars ","Number_of_Reviews":"","Address":"","Reviewer":"Lucas Andrade","Reviewer_page":"https://www.google.com/maps/contrib/115666952557706688998/reviews?hl=en-US","Review_time":"4 years ago","Review":"","Likes":""},{"Name":"","Category":"","Rating":" 4 stars ","Number_of_Reviews":"","Address":"","Reviewer":"Israel Mena Muñoz","Reviewer_page":"https://www.google.com/maps/contrib/106202768522021184583/reviews?hl=en-US","Review_time":"5 years ago","Review":"","Likes":""},{"Name":"","Category":"","Rating":" 3 stars ","Number_of_Reviews":"","Address":"","Reviewer":"Sarah Damsky","Reviewer_page":"https://www.google.com/maps/contrib/100863951675348627865/reviews?hl=en-US","Review_time":"3 years ago","Review":"","Likes":""},{"Name":"","Category":"","Rating":" 3 stars ","Number_of_Reviews":"","Address":"","Reviewer":"Ofer Lapid","Reviewer_page":"https://www.google.com/maps/contrib/106318464925022739321/reviews?hl=en-US","Review_time":"5 years ago","Review":"","Likes":""},{"Name":"","Category":"","Rating":" 5 stars ","Number_of_Reviews":"","Address":"","Reviewer":"Maxim","Reviewer_page":"https://www.google.com/maps/contrib/105647172925926604532/reviews?hl=en-US","Review_time":"6 years ago","Review":"","Likes":""},{"Name":"","Category":"","Rating":" 5 stars ","Number_of_Reviews":"","Address":"","Reviewer":"Raymond Santiago","Reviewer_page":"https://www.google.com/maps/contrib/104849368778622438190/reviews?hl=en-US","Review_time":"3 years ago","Review":"","Likes":""},{"Name":"","Category":"","Rating":" 2 stars ","Number_of_Reviews":"","Address":"","Reviewer":"Tea Didikai","Reviewer_page":"https://www.google.com/maps/contrib/105678424652023151807/reviews?hl=en-US","Review_time":"3 years ago","Review":"","Likes":""},{"Name":"","Category":"","Rating":" 5 stars ","Number_of_Reviews":"","Address":"","Reviewer":"Agatha Yin","Reviewer_page":"https://www.google.com/maps/contrib/100088247803766839768/reviews?hl=en-US","Review_time":"4 years ago","Review":"","Likes":""}