[{"Name":"","Category":"","Rating":" 3 stars ","Number_of_Reviews":"","Address":"","Reviewer":"Noel Davenport","Reviewer_page":"https://www.google.com/maps/contrib/109554865671313886471/reviews?hl=en-US","Review_time":"a year ago","Review":"Man….this is first not sterile Starbucks experience in a long time. They just look right through me and others with mobile order. And then when they call the names for pickup it’s so damn fast that people can’t hear and are confused…then he goes right back to making drinks, making the line even longer.\n…and they gave my drink to the wrong person. And the people ordering live are getting drinks faster than the online orders.\n\nThis cost me nearly a half an hour, and will delay the rest of my day.\n\nPlease go back to focusing on one customer at a time. It will be a more efficient and better experience for all.","Likes":"2"},{"Name":"","Category":"","Rating":" 3 stars ","Number_of_Reviews":"","Address":"","Reviewer":"Rafael Cordero","Reviewer_page":"https://www.google.com/maps/contrib/106754847942912184108/reviews?hl=en-US","Review_time":"5 months ago","Review":"Clean, friendly and fast. They were out of some ingredients during my visit.","Likes":""},{"Name":"","Category":"","Rating":" 1 star ","Number_of_Reviews":"","Address":"","Reviewer":"S A","Reviewer_page":"https://www.google.com/maps/contrib/104863883761342880112/reviews?hl=en-US","Review_time":"3 weeks ago","Review":"The staff here is quite literally the most rude c*nts of all NYC lol. Come in somewhat happy or trying to order a new drink, and they’ll roll your eyes at most of what you say. They are the least customer service oriented starbucks I have ever been to, and for someone with children, it was disheartening that they couldn’t split the SMALL hot chocolate for us so each child would get whipped cream. Offered to pay extra and all, but told « that isn’t possible ». Also was shamed for ordering a drink that I didn’t realize was not typical, and then they made it with the wrong milk. Literally worst experience. Save yourself from the horror and go to Blank coffee right across the street. Literal c*nts.","Likes":""},{"Name":"","Category":"","Rating":" 5 stars ","Number_of_Reviews":"","Address":"","Reviewer":"Marie Leung","Reviewer_page":"https://www.google.com/maps/contrib/111299130937117733931/reviews?hl=en-US","Review_time":"a month ago","Review":"The staff here are very nice. They try to get to know there customers better","Likes":""},{"Name":"","Category":"","Rating":" 4 stars ","Number_of_Reviews":"","Address":"","Reviewer":"Senoj H","Reviewer_page":"https://www.google.com/maps/contrib/102978917569348990591/reviews?hl=en-US","Review_time":"2 months ago","Review":"As always the Baristas here are very friendly and they remember your order faster than you","Likes":""},{"Name":"","Category":"","Rating":" 4 stars ","Number_of_Reviews":"","Address":"","Reviewer":"Carlos R","Reviewer_page":"https://www.google.com/maps/contrib/101715822958442739625/reviews?hl=en-US","Review_time":"4 days ago","Review":"Splurged on a regular black coffee.\nA bit expensive but needed the caffeine!","Likes":""},{"Name":"","Category":"","Rating":" 5 stars ","Number_of_Reviews":"","Address":"","Reviewer":"Lila Ewen","Reviewer_page":"https://www.google.com/maps/contrib/106980607946661664867/reviews?hl=en-US","Review_time":"6 months ago","Review":"I don't know if the staff changed or if I just got lucky but they were very friendly, nice and smiley to me and every customer they got during the two hours I spent there reading and sipping my drink.","Likes":""},{"Name":"","Category":"","Rating":" 1 star ","Number_of_Reviews":"","Address":"","Reviewer":"Lindsay M.","Reviewer_page":"https://www.google.com/maps/contrib/107319928803313060521/reviews?hl=en-US","Review_time":"a month ago","Review":"I called and they hung up on me 3 times before I could speak then left the phone off the hook.","Likes":""},{"Name":"","Category":"","Rating":" 1 star ","Number_of_Reviews":"","Address":"","Reviewer":"Tricia Naraine","Reviewer_page":"https://www.google.com/maps/contrib/117825910503596610019/reviews?hl=en-US","Review_time":"11 months ago","Review":"I came here during off hours. I waited for 10 mins and was not helping. When my mom asked if someone’s going to help, the employee JASON stated, “were busy, you need to wait”. We waited another 5 mins and was then helped. We waited on our …","Likes":""},{"Name":"","Category":"","Rating":" 1 star ","Number_of_Reviews":"","Address":"","Reviewer":"Davina Han","Reviewer_page":"https://www.google.com/maps/contrib/111998075017288417768/reviews?hl=en-US","Review_time":"10 months ago","Review":"I ordered strawberry acai refresher adding 1 more scoop of strawberry through app. They gave me NO STRAWBERRY refresher because out of order of strawberry. And they even not refunded it and never said sorry.","Likes":"1"},{"Name":"","Category":"","Rating":" 5 stars ","Number_of_Reviews":"","Address":"","Reviewer":"Arianna Galluzzo","Reviewer_page":"https://www.google.com/maps/contrib/108274081007251381051/reviews?hl=en-US","Review_time":"a year ago","Review":"I'm surprised that the ratings here aren't higher. My mobile orders are always ready and everything tastes great.  I can't tell you how many times I have had to wait for mobile orders when I go to the Starbucks up the street on 286 1st Ave.  I get that they are probably slammed from the hospital but this location is just better.  The vibe is right.","Likes":"1"},{"Name":"","Category":"","Rating":" 2 stars ","Number_of_Reviews":"","Address":"","Reviewer":"Mary E","Reviewer_page":"https://www.google.com/maps/contrib/106114170615681190331/reviews?hl=en-US","Review_time":"8 months ago","Review":"These Reviews are so true, the employees here are not very kind and continue to mess up orders then they make a mistake and you get no apology back. They need better training","Likes":""},{"Name":"","Category":"","Rating":" 5 stars ","Number_of_Reviews":"","Address":"","Reviewer":"Robert Alvarez","Reviewer_page":"https://www.google.com/maps/contrib/115136170710545583358/reviews?hl=en-US","Review_time":"2 years ago","Review":"I love Starbucks.  A lot.  Excellent coffee beverages, very good customer service, and EVERY Starbucks store I have visited has happy, lovely employees who always do a great job of getting my order right!  Of course, I AM very happy with their food offerings, and any food item that is a sweet treat works for me!","Likes":"2"},{"Name":"","Category":"","Rating":" 5 stars ","Number_of_Reviews":"","Address":"","Reviewer":"Frank Linkoff","Reviewer_page":"https://www.google.com/maps/contrib/116714292362881967790/reviews?hl=en-US","Review_time":"2 years ago","Review":"I love coffee! I mean I LOVE coffee, but I truly like good people even more! The staff is much more than just friendly, they are genuinely kind, thoughtful and funny as well as ethnically and culturally diverse, which always makes me think of how the East Village used to be and not the rich white bread suburb it has become. Though it is a corporate company this store never feels like it. No matter what time of day I stop in and no matter who is behind the counter it’s always like when I was growing up in New York and we knew every deli counter guy, news stand operator, waitress and door man. We knew all their names and they knew ours like a large extended family called a neighborhood. Oh and the coffee is always just right.","Likes":"1"},{"Name":"","Category":"","Rating":" 1 star ","Number_of_Reviews":"","Address":"","Reviewer":"Bhaskar Garg","Reviewer_page":"https://www.google.com/maps/contrib/117673677636359446612/reviews?hl=en-US","Review_time":"a week ago","Review":"Extremely rude service at this location.","Likes":""},{"Name":"","Category":"","Rating":" 5 stars ","Number_of_Reviews":"","Address":"","Reviewer":"Dzevad Muric","Reviewer_page":"https://www.google.com/maps/contrib/106121895596632084662/reviews?hl=en-US","Review_time":"2 years ago","Review":"Creazy fast stuff","Likes":""},{"Name":"","Category":"","Rating":" 5 stars ","Number_of_Reviews":"","Address":"","Reviewer":"Gina Ortiz","Reviewer_page":"https://www.google.com/maps/contrib/105705394059826568479/reviews?hl=en-US","Review_time":"4 years ago","Review":"I come here every morning before work and the service is great. There were a few times that my coffee was bitter or milky and the staff made sure to give me a fresh remade cup. Sara and Sean are the best! Love you guys","Likes":"1"},{"Name":"","Category":"","Rating":" 3 stars ","Number_of_Reviews":"","Address":"","Reviewer":"Karen S.","Reviewer_page":"https://www.google.com/maps/contrib/118210928459085664089/reviews?hl=en-US","Review_time":"3 years ago","Review":"An Employees Only restroom.... *sigh*\n2 & 2 plugs at the high tops in front, two AC plugs and two wireless charging pads in the counter by the window in the back. About 9 stools and a small banquet for two, but still manages to not be a place to really linger. Sadly it's the only Starbucks close to Alphabet City where I can use my gift card. I passed up much more comfortable places for this.","Likes":"1"},{"Name":"","Category":"","Rating":" 1 star ","Number_of_Reviews":"","Address":"","Reviewer":"Ted K","Reviewer_page":"https://www.google.com/maps/contrib/103000325468777091493/reviews?hl=en-US","Review_time":"4 years ago","Review":"The Restroom that was always open to customers is now \"employee only\"? This is what I was rudely told.....Capture the market share then start screwing everyone.......There are more Green Starbucks straws in the ocean than anything else....Corporate Greed packaged as caring-please....we are not ALL stupid! This place was empty also, by the way.","Likes":"3"},{"Name":"","Category":"","Rating":" 5 stars ","Number_of_Reviews":"","Address":"","Reviewer":"Hammy Peralta","Reviewer_page":"https://www.google.com/maps/contrib/104635471622645439022/reviews?hl=en-US","Review_time":"a year ago","Review":"I love the music playlist here. They always get my order right and they’re fast and efficient. Friendly staff too.","Likes":""},{"Name":"","Category":"","Rating":" 4 stars ","Number_of_Reviews":"","Address":"","Reviewer":"Joshua Boyd","Reviewer_page":"https://www.google.com/maps/contrib/100076245855057402733/reviews?hl=en-US","Review_time":"6 years ago","Review":"Nice! Like your average Starbucks. This one has a restroom [Some don't] If play to stay long be mindful of where you sit because some seat are right in the sun's rays and it can get pretty hot🔥. Choose your seat wisely.","Likes":""},{"Name":"","Category":"","Rating":" 3 stars ","Number_of_Reviews":"","Address":"","Reviewer":"Jose Hernandez","Reviewer_page":"https://www.google.com/maps/contrib/104200764381871605544/reviews?hl=en-US","Review_time":"5 years ago","Review":"4 out 5 stars because there's practically no seats but the good thing is the fact that they have a public bathroom which rare for smaller starbucks.   Staff are good depending on what time you come in.\n\nUpdate:  the bathroom has been removed.","Likes":""},{"Name":"","Category":"","Rating":" 3 stars ","Number_of_Reviews":"","Address":"","Reviewer":"Doreen Ng","Reviewer_page":"https://www.google.com/maps/contrib/115232828402274613209/reviews?hl=en-US","Review_time":"7 years ago","Review":"Terrible service for mediocre overpriced coffee.\n\nWe ordered a double expresso at 9:30pm. It was correctly made but the night staff were rude.\n\nPerhaps they were eager to leave: they kept looking at us, giving each customer attitude, rolling her eyes at my friend, shouting out times, even though they were closing at 10pm.\n\nThe bathroom was closed at 9pm but they served coffee until 9:40, with a lot of attitude.\n\nI wish we went to the Dunkin donuts instead.\n\nBUT the day staff found my umbrella that I left there! Very thankful for day staff!","Likes":""},{"Name":"","Category":"","Rating":" 5 stars ","Number_of_Reviews":"","Address":"","Reviewer":"Alvenia Hutton","Reviewer_page":"https://www.google.com/maps/contrib/106335364633911889772/reviews?hl=en-US","Review_time":"8 years ago","Review":"This Starbucks Rocks!! They are always polite, welcoming, and caring. Customer service & hospitality is exceptional, and their generosity is simply admirable!\nThanks to the Manager & Team for such wonderful experiences, daily!","Likes":""},{"Name":"","Category":"","Rating":" 1 star ","Number_of_Reviews":"","Address":"","Reviewer":"divinity bishop","Reviewer_page":"https://www.google.com/maps/contrib/105599962157598196752/reviews?hl=en-US","Review_time":"3 years ago","Review":"Get rid of sharyn she is rude and disrespectful.  Or send her to customer service training. She has to know that when people pay 5 or 6 dollars for coffee or tea...we don't need her banging things around having a fit if we ask for our drinks a specific way.  You can't even talk to her she gives you her back ...I would give 0 stars if I could....smh ...","Likes":"1"},{"Name":"","Category":"","Rating":" 1 star ","Number_of_Reviews":"","Address":"","Reviewer":"Jamie Sansverie","Reviewer_page":"https://www.google.com/maps/contrib/114177355216268747804/reviews?hl=en-US","Review_time":"a year ago","Review":"Although hours say they open at 5:45am, I’ve come multiple times at close to 7am with the doors still locked and no signs of opening soon. Please update hours.","Likes":"2"},{"Name":"","Category":"","Rating":" 5 stars ","Number_of_Reviews":"","Address":"","Reviewer":"Nayeem Bhuiyan","Reviewer_page":"https://www.google.com/maps/contrib/107368533325517843657/reviews?hl=en-US","Review_time":"3 years ago","Review":"Loved their service. Order came in very fast.","Likes":"1"},{"Name":"","Category":"","Rating":" 5 stars ","Number_of_Reviews":"","Address":"","Reviewer":"Wendy zayas","Reviewer_page":"https://www.google.com/maps/contrib/118379257043137325522/reviews?hl=en-US","Review_time":"5 years ago","Review":"I come every morning and the staff are all amazing baristas....they all are like my kids. The only drink I order is white mocha with a drizzle of caramel.... I never miss a morning here unless I am under the weather.  Sarah, Alex , arielle, shaun , kimberly, clair . I hope i would never here of any of them being transferred to other Store because I think I would stop coming to this store on 1st Ave and 13th st.Store # 17795. Thank you to all the wonderful people that work at this establishment....sincerely, Wendy Independent Designer","Likes":""},{"Name":"","Category":"","Rating":" 4 stars ","Number_of_Reviews":"","Address":"","Reviewer":"Joe","Reviewer_page":"https://www.google.com/maps/contrib/101017703065728986486/reviews?hl=en-US","Review_time":"5 years ago","Review":"No issues with staff as they are courteous and friendly. Place does not have a bathroom and it is also a very tiny location. The bad part about my visit was the smell which I blame more on the visitors.","Likes":"1"},{"Name":"","Category":"","Rating":" 2 stars ","Number_of_Reviews":"","Address":"","Reviewer":"Max Brawer","Reviewer_page":"https://www.google.com/maps/contrib/109845380947861722779/reviews?hl=en-US","Review_time":"6 years ago","Review":"There is something off about this starbucks that management should look into. Whatever can go wrong will typically go wrong here. I had a nice chat with an employee of a nearby starbucks who corroborated this and said people just tend to skip over and come to his shop!","Likes":""},{"Name":"","Category":"","Rating":" 5 stars ","Number_of_Reviews":"","Address":"","Reviewer":"Penthida K.","Reviewer_page":"https://www.google.com/maps/contrib/103697070213061356407/reviews?hl=en-US","Review_time":"5 years ago","Review":"I always have a good experience. They are working as a teamwork with smiling, welcoming. I feel they love their job so i always get a good coffee. Thank you guys.","Likes":""},{"Name":"","Category":"","Rating":" 5 stars ","Number_of_Reviews":"","Address":"","Reviewer":"Rosie Pèrez","Reviewer_page":"https://www.google.com/maps/contrib/110530694853253127039/reviews?hl=en-US","Review_time":"3 years ago","Review":"The barista was cool and awesome with handling my order. Very pleasant and quick turn around with getting my drink so I could be on my way to work👍","Likes":""},{"Name":"","Category":"","Rating":" 1 star ","Number_of_Reviews":"","Address":"","Reviewer":"Waziri Idriss (Wazz)","Reviewer_page":"https://www.google.com/maps/contrib/111669263230114543232/reviews?hl=en-US","Review_time":"6 years ago","Review":"The slowest Starbucks I've never seen in NYC. At least i go to Starbucks 3 times a day for the past 8 years, tonight was the worst experience I've ever had. The stuff was rude except for one girl at the  cashier. I will never go back there. I will to the one on 2nd av and E 9th st or the the one on Cooper square or those on Union Square.","Likes":"2"},{"Name":"","Category":"","Rating":" 1 star ","Number_of_Reviews":"","Address":"","Reviewer":"Uhhh Hey Beter","Reviewer_page":"https://www.google.com/maps/contrib/103834072660162420008/reviews?hl=en-US","Review_time":"4 years ago","Review":"A yellow sponge was making my coffee. A pink starfish was wrecking the place while a crab was stealing everyone's money. Would not recommend.","Likes":"4"},{"Name":"","Category":"","Rating":" 1 star ","Number_of_Reviews":"","Address":"","Reviewer":"Andre","Reviewer_page":"https://www.google.com/maps/contrib/114517348703051636425/reviews?hl=en-US","Review_time":"9 months ago","Review":"Terrible service, they also don’t provide masks if you forgot yours.","Likes":""},{"Name":"","Category":"","Rating":" 1 star ","Number_of_Reviews":"","Address":"","Reviewer":"MoCo Mum","Reviewer_page":"https://www.google.com/maps/contrib/109584383995621662624/reviews?hl=en-US","Review_time":"4 years ago","Review":"Watched the employee mop the floor then picked up our cups to start making our beverages.  Never washed her hands after moping.","Likes":""},{"Name":"","Category":"","Rating":" 1 star ","Number_of_Reviews":"","Address":"","Reviewer":"Jon","Reviewer_page":"https://www.google.com/maps/contrib/101353984451020449654/reviews?hl=en-US","Review_time":"4 years ago","Review":"It's got the starbucks decor, it's got the starbucks coffee, and it's got the starbucks parafonalia. That's how you know you're at starbucks. The lack of service and hospitality screams otherwise. No manners, chewing on food while taking orders, and demanding.","Likes":"1"},{"Name":"","Category":"","Rating":" 1 star ","Number_of_Reviews":"","Address":"","Reviewer":"Masum Ahmed","Reviewer_page":"https://www.google.com/maps/contrib/111689466396990393263/reviews?hl=en-US","Review_time":"6 years ago","Review":"At least twice a week they don't have regular sugar and if you asked them about it they get really fussy. They keep the customers waiting while they finish their conversation. Terrible place","Likes":""},{"Name":"","Category":"","Rating":" 5 stars ","Number_of_Reviews":"","Address":"","Reviewer":"Azima Leyla","Reviewer_page":"https://www.google.com/maps/contrib/105640683994167465410/reviews?hl=en-US","Review_time":"3 years ago","Review":"Always quick to deliver my Latte.  They also offers snacks, sandwiches, juices fruit platters, chips and cookies","Likes":""},{"Name":"","Category":"","Rating":" 1 star ","Number_of_Reviews":"","Address":"","Reviewer":"Paul Von Uffel","Reviewer_page":"https://www.google.com/maps/contrib/103639397534739697071/reviews?hl=en-US","Review_time":"7 years ago","Review":"This starbucks is trash, the place is always packed because there's not enough employees and the employees that are there don't care enough to really be of much service what so ever. If you ever come across this starbucks I highly recomended you just find something else","Likes":""},{"Name":"","Category":"","Rating":" 1 star ","Number_of_Reviews":"","Address":"","Reviewer":"Holly Malone","Reviewer_page":"https://www.google.com/maps/contrib/106956303969701572668/reviews?hl=en-US","Review_time":"4 years ago","Review":"I had a cappuccino here. I ordered it at about 2pm on a Monday in February, 2018.  It was absolutely the worst cappuccino ever.  OVER-EXPRESSED & BITTER!!","Likes":""},{"Name":"","Category":"","Rating":" 5 stars ","Number_of_Reviews":"","Address":"","Reviewer":"Devin Santiago","Reviewer_page":"https://www.google.com/maps/contrib/112817303104184623549/reviews?hl=en-US","Review_time":"3 years ago","Review":"Speedy service, great staff, coffees always hot. prompt and correct service every time!!!!","Likes":""},{"Name":"","Category":"","Rating":" 1 star ","Number_of_Reviews":"","Address":"","Reviewer":"Tiffany O'Donnell","Reviewer_page":"https://www.google.com/maps/contrib/104674868785027296045/reviews?hl=en-US","Review_time":"6 years ago","Review":"This place always smells like body order!! Not like the coffee smell you would expect to smell. Service is okay but I can't come here specifically because of the smell.","Likes":"1"},{"Name":"","Category":"","Rating":" 3 stars ","Number_of_Reviews":"","Address":"","Reviewer":"Terence Sheridan","Reviewer_page":"https://www.google.com/maps/contrib/113322548308979733628/reviews?hl=en-US","Review_time":"6 years ago","Review":"Pretty slow service. Well stocked with Starbucks food items. Not much in the way of seating.","Likes":""},{"Name":"","Category":"","Rating":" 1 star ","Number_of_Reviews":"","Address":"","Reviewer":"Ancil Bethelmy","Reviewer_page":"https://www.google.com/maps/contrib/103835265110513211155/reviews?hl=en-US","Review_time":"5 years ago","Review":"They took my order and made me wait even though there was no-one to wait on. The just made espresso was lukewarm and diluted. I'm shocked!","Likes":""},{"Name":"","Category":"","Rating":" 5 stars ","Number_of_Reviews":"","Address":"","Reviewer":"Julian Wyllie","Reviewer_page":"https://www.google.com/maps/contrib/108639676150985774126/reviews?hl=en-US","Review_time":"10 months ago","Review":"Wonderful, courteous and very friendly staff.","Likes":""},{"Name":"","Category":"","Rating":" 1 star ","Number_of_Reviews":"","Address":"","Reviewer":"Malcolm Outlaw","Reviewer_page":"https://www.google.com/maps/contrib/117084470230736507889/reviews?hl=en-US","Review_time":"4 years ago","Review":"Terrible service and Rude. Associate at the store told everyone to get out they’re closing. It was 6:59pm . On a Saturday and Starbucks is open til 8pm.","Likes":""},{"Name":"","Category":"","Rating":" 4 stars ","Number_of_Reviews":"","Address":"","Reviewer":"Johnny A Quaglia Jr","Reviewer_page":"https://www.google.com/maps/contrib/101609172580709384913/reviews?hl=en-US","Review_time":"5 years ago","Review":"I go this Starbucks about every other month to meet friends. Always a friendly staff, very pleasant atmosphere.","Likes":""},{"Name":"","Category":"","Rating":" 5 stars ","Number_of_Reviews":"","Address":"","Reviewer":"Nite Walker","Reviewer_page":"https://www.google.com/maps/contrib/103964193113550445079/reviews?hl=en-US","Review_time":"4 years ago","Review":"My drink looks pretty. The service was quick. And the lady was cool.","Likes":""},{"Name":"","Category":"","Rating":" 4 stars ","Number_of_Reviews":"","Address":"","Reviewer":"Megha Doshi","Reviewer_page":"https://www.google.com/maps/contrib/106526052649334469420/reviews?hl=en-US","Review_time":"5 years ago","Review":"Must try white chocolate mocha!","Likes":""},{"Name":"","Category":"","Rating":" 5 stars ","Number_of_Reviews":"","Address":"","Reviewer":"Kristine Gallardo","Reviewer_page":"https://www.google.com/maps/contrib/104983808808317714451/reviews?hl=en-US","Review_time":"a year ago","Review":"Always a friendly staff, clean and overall good experience.","Likes":""},{"Name":"","Category":"","Rating":" 4 stars ","Number_of_Reviews":"","Address":"","Reviewer":"Judith Pena","Reviewer_page":"https://www.google.com/maps/contrib/103843627406536034077/reviews?hl=en-US","Review_time":"3 years ago","Review":"Typical Starbucks.  A bit small but clean and friendly staff. It was a bit crowded but we were in and out fairly quickly.","Likes":"1"},{"Name":"","Category":"","Rating":" 5 stars ","Number_of_Reviews":"","Address":"","Reviewer":"Mark B Borg Jr","Reviewer_page":"https://www.google.com/maps/contrib/103340680476237516350/reviews?hl=en-US","Review_time":"3 years ago","Review":"Starbucks on 13th Street & 1st Avenue, East Village, NYC is among the friendliest, most all-time hospitable places in the City!!!","Likes":"2"},{"Name":"","Category":"","Rating":" 5 stars ","Number_of_Reviews":"","Address":"","Reviewer":"Justin Tyreese","Reviewer_page":"https://www.google.com/maps/contrib/114038887253760586200/reviews?hl=en-US","Review_time":"4 years ago","Review":"My sister work there soooo it was dopeeee shouts out to you nelly great employees there too","Likes":"1"},{"Name":"","Category":"","Rating":" 4 stars ","Number_of_Reviews":"","Address":"","Reviewer":"J A Johnson","Reviewer_page":"https://www.google.com/maps/contrib/112642578238950126642/reviews?hl=en-US","Review_time":"3 years ago","Review":"Larry, Hunter, Shawn, Shaylynn, and a couple of others, make coming to this location a good start to ur day.","Likes":""},{"Name":"","Category":"","Rating":" 5 stars ","Number_of_Reviews":"","Address":"","Reviewer":"శ్రీ బసాబత్తిన","Reviewer_page":"https://www.google.com/maps/contrib/111102380329175090705/reviews?hl=en-US","Review_time":"6 years ago","Review":"After acting in New City theater having a cup of coffee from this place is really a great feeling.","Likes":""},{"Name":"","Category":"","Rating":" 5 stars ","Number_of_Reviews":"","Address":"","Reviewer":"Erik Lundstrom","Reviewer_page":"https://www.google.com/maps/contrib/116631179776313904219/reviews?hl=en-US","Review_time":"6 years ago","Review":"I really like the friendly staff and fast service at this Starbucks","Likes":""},{"Name":"","Category":"","Rating":" 1 star ","Number_of_Reviews":"","Address":"","Reviewer":"Nicole Totaro","Reviewer_page":"https://www.google.com/maps/contrib/115504453003175309907/reviews?hl=en-US","Review_time":"5 years ago","Review":"I ordered two drinks and asked to use the ladies room-they said that had no public restrooms.Is this even legal?","Likes":""},{"Name":"","Category":"","Rating":" 3 stars ","Number_of_Reviews":"","Address":"","Reviewer":"Aina Jordan","Reviewer_page":"https://www.google.com/maps/contrib/109598676697383740137/reviews?hl=en-US","Review_time":"3 years ago","Review":"Baristas are nice but   coffee mostly not fresh","Likes":""},{"Name":"","Category":"","Rating":" 1 star ","Number_of_Reviews":"","Address":"","Reviewer":"Juan Pablo Mo","Reviewer_page":"https://www.google.com/maps/contrib/103409527796607059001/reviews?hl=en-US","Review_time":"6 years ago","Review":"Happens that they don't do it everything they sell... Wonder why promote it when you never have it","Likes":""},{"Name":"","Category":"","Rating":" 5 stars ","Number_of_Reviews":"","Address":"","Reviewer":"Lanni inx","Reviewer_page":"https://www.google.com/maps/contrib/116174121647095929403/reviews?hl=en-US","Review_time":"3 years ago","Review":"Great opening crew and jad a great conco with both the staff and a regular.","Likes":""},{"Name":"","Category":"","Rating":" 2 stars ","Number_of_Reviews":"","Address":"","Reviewer":"Eve Davison","Reviewer_page":"https://www.google.com/maps/contrib/112138770618881591097/reviews?hl=en-US","Review_time":"3 years ago","Review":"the woman working behind the counter wearing a cap, check shirt and chinos is SO rude im actually deceased .","Likes":""},{"Name":"","Category":"","Rating":" 4 stars ","Number_of_Reviews":"","Address":"","Reviewer":"Mukesh Shah","Reviewer_page":"https://www.google.com/maps/contrib/111119076791765675613/reviews?hl=en-US","Review_time":"6 years ago","Review":"Same as another Starbucks!! I love different flavors teas!!","Likes":""},{"Name":"","Category":"","Rating":" 4 stars ","Number_of_Reviews":"","Address":"","Reviewer":"Eric Lozada","Reviewer_page":"https://www.google.com/maps/contrib/111459866301372008669/reviews?hl=en-US","Review_time":"5 years ago","Review":"Love it nice and friendly staff small and comfy place","Likes":""},{"Name":"","Category":"","Rating":" 5 stars ","Number_of_Reviews":"","Address":"","Reviewer":"Malik Mazhar Sheikh","Reviewer_page":"https://www.google.com/maps/contrib/113130248536805104053/reviews?hl=en-US","Review_time":"6 years ago","Review":"Typical Starbucks, like the location as it gets good sunlight in the afternoon.","Likes":""},{"Name":"","Category":"","Rating":" 1 star ","Number_of_Reviews":"","Address":"","Reviewer":"Alijon Rahmatov","Reviewer_page":"https://www.google.com/maps/contrib/115723112448662529111/reviews?hl=en-US","Review_time":"6 years ago","Review":"Why would you close bathroom at 6:00pm if you are open till 10:00 pm?","Likes":""},{"Name":"","Category":"","Rating":" 5 stars ","Number_of_Reviews":"","Address":"","Reviewer":"celeste Layne","Reviewer_page":"https://www.google.com/maps/contrib/101764731829643068049/reviews?hl=en-US","Review_time":"3 years ago","Review":"green tea and  Peach  drink taste good.","Likes":""},{"Name":"","Category":"","Rating":" 5 stars ","Number_of_Reviews":"","Address":"","Reviewer":"Toliver Thomas","Reviewer_page":"https://www.google.com/maps/contrib/107855976449989938995/reviews?hl=en-US","Review_time":"3 years ago","Review":"Prompt service. My coffee was perfect.","Likes":""},{"Name":"","Category":"","Rating":" 5 stars ","Number_of_Reviews":"","Address":"","Reviewer":"T Rich","Reviewer_page":"https://www.google.com/maps/contrib/110805429384258836368/reviews?hl=en-US","Review_time":"4 years ago","Review":"My fav location, staff is friendly and never a long wait.","Likes":""},{"Name":"","Category":"","Rating":" 5 stars ","Number_of_Reviews":"","Address":"","Reviewer":"오지연","Reviewer_page":"https://www.google.com/maps/contrib/110185609861346864569/reviews?hl=en-US","Review_time":"a year ago","Review":"Staff is very nice  and kind1","Likes":""},{"Name":"","Category":"","Rating":" 1 star ","Number_of_Reviews":"","Address":"","Reviewer":"Andrew Davis","Reviewer_page":"https://www.google.com/maps/contrib/112314781780267986505/reviews?hl=en-US","Review_time":"7 years ago","Review":"Made drink wrong, didn't fix. Under staffed and over worked.","Likes":""},{"Name":"","Category":"","Rating":" 1 star ","Number_of_Reviews":"","Address":"","Reviewer":"Amanda Piedimonte","Reviewer_page":"https://www.google.com/maps/contrib/115385386381156577886/reviews?hl=en-US","Review_time":"4 years ago","Review":"Starbucks without a bathroom. Tourists: don't bother.","Likes":""},{"Name":"","Category":"","Rating":" 1 star ","Number_of_Reviews":"","Address":"","Reviewer":"G","Reviewer_page":"https://www.google.com/maps/contrib/105108430217504315815/reviews?hl=en-US","Review_time":"8 months ago","Review":"bathroom closed in  this location","Likes":""},{"Name":"","Category":"","Rating":" 5 stars ","Number_of_Reviews":"","Address":"","Reviewer":"Pollie Barden","Reviewer_page":"https://www.google.com/maps/contrib/111241835485356260927/reviews?hl=en-US","Review_time":"2 years ago","Review":"Good for a pick up me up on the road","Likes":""},{"Name":"","Category":"","Rating":" 4 stars ","Number_of_Reviews":"","Address":"","Reviewer":"Raja Usman","Reviewer_page":"https://www.google.com/maps/contrib/108772249128736238008/reviews?hl=en-US","Review_time":"3 years ago","Review":"Caffe latte and iced caramel machiato all day","Likes":""},{"Name":"","Category":"","Rating":" 3 stars ","Number_of_Reviews":"","Address":"","Reviewer":"Ahmad “Mark” A","Reviewer_page":"https://www.google.com/maps/contrib/117642775652507165116/reviews?hl=en-US","Review_time":"7 years ago","Review":"Very small Starbucks, I wouldn't recommend staying here too long.","Likes":""},{"Name":"","Category":"","Rating":" 5 stars ","Number_of_Reviews":"","Address":"","Reviewer":"Jef Canter","Reviewer_page":"https://www.google.com/maps/contrib/112512795842559491553/reviews?hl=en-US","Review_time":"4 years ago","Review":"Small shop but great service!","Likes":""},{"Name":"","Category":"","Rating":" 5 stars ","Number_of_Reviews":"","Address":"","Reviewer":"Shasta G","Reviewer_page":"https://www.google.com/maps/contrib/113779409159272184059/reviews?hl=en-US","Review_time":"4 years ago","Review":"Great coffee and staff!","Likes":""},{"Name":"","Category":"","Rating":" 1 star ","Number_of_Reviews":"","Address":"","Reviewer":"Lally Eiomen","Reviewer_page":"https://www.google.com/maps/contrib/112661651873114624711/reviews?hl=en-US","Review_time":"3 years ago","Review":"Have not been there in a long time","Likes":""},{"Name":"","Category":"","Rating":" 5 stars ","Number_of_Reviews":"","Address":"","Reviewer":"Isaac Sissel","Reviewer_page":"https://www.google.com/maps/contrib/104317468304254292336/reviews?hl=en-US","Review_time":"4 years ago","Review":"Free coffee as always thanks to the Starbucks app","Likes":"2"},{"Name":"","Category":"","Rating":" 3 stars ","Number_of_Reviews":"","Address":"","Reviewer":"Vicious Vaudeville","Reviewer_page":"https://www.google.com/maps/contrib/113457164828255143120/reviews?hl=en-US","Review_time":"5 years ago","Review":"No bathroom... when did that become a thing?","Likes":""},{"Name":"","Category":"","Rating":" 2 stars ","Number_of_Reviews":"","Address":"","Reviewer":"Vanessa","Reviewer_page":"https://www.google.com/maps/contrib/104437590571065251840/reviews?hl=en-US","Review_time":"4 years ago","Review":"Horrible but fast service","Likes":""},{"Name":"","Category":"","Rating":" 2 stars ","Number_of_Reviews":"","Address":"","Reviewer":"Dina Sullivan","Reviewer_page":"https://www.google.com/maps/contrib/108958829502995955054/reviews?hl=en-US","Review_time":"9 years ago","Review":"a picture of the street with that bus cover almost half of the view??? Who took that picture???","Likes":""},{"Name":"","Category":"","Rating":" 5 stars ","Number_of_Reviews":"","Address":"","Reviewer":"Christine A Gipson","Reviewer_page":"https://www.google.com/maps/contrib/111428710788351032295/reviews?hl=en-US","Review_time":"3 years ago","Review":".Right by the train. Great service.","Likes":""},{"Name":"","Category":"","Rating":" 3 stars ","Number_of_Reviews":"","Address":"","Reviewer":"Raphael Rivas","Reviewer_page":"https://www.google.com/maps/contrib/104038744742703255857/reviews?hl=en-US","Review_time":"4 years ago","Review":"Good place to get coffee.","Likes":""},{"Name":"","Category":"","Rating":" 5 stars ","Number_of_Reviews":"","Address":"","Reviewer":"Stephanie Helvy","Reviewer_page":"https://www.google.com/maps/contrib/104520832327948153960/reviews?hl=en-US","Review_time":"3 years ago","Review":"Very friendly and fast.","Likes":""},{"Name":"","Category":"","Rating":" 1 star ","Number_of_Reviews":"","Address":"","Reviewer":"Reyna Collado","Reviewer_page":"https://www.google.com/maps/contrib/100303764845552173722/reviews?hl=en-US","Review_time":"3 years ago","Review":"Really bad customer service!","Likes":""},{"Name":"","Category":"","Rating":" 5 stars ","Number_of_Reviews":"","Address":"","Reviewer":"sandy aldrich","Reviewer_page":"https://www.google.com/maps/contrib/113293809329674172040/reviews?hl=en-US","Review_time":"4 years ago","Review":"Always a good cup of Joe","Likes":""},{"Name":"","Category":"","Rating":" 4 stars ","Number_of_Reviews":"","Address":"","Reviewer":"Andrea Alba","Reviewer_page":"https://www.google.com/maps/contrib/102733907964179206089/reviews?hl=en-US","Review_time":"6 years ago","Review":"Good place for do breakfast","Likes":""},{"Name":"","Category":"","Rating":" 5 stars ","Number_of_Reviews":"","Address":"","Reviewer":"christopher brenke","Reviewer_page":"https://www.google.com/maps/contrib/112557043006941592740/reviews?hl=en-US","Review_time":"2 years ago","Review":"Very nice people","Likes":""},{"Name":"","Category":"","Rating":" 1 star ","Number_of_Reviews":"","Address":"","Reviewer":"mahjoubi Mo","Reviewer_page":"https://www.google.com/maps/contrib/115814206564340175039/reviews?hl=en-US","Review_time":"5 years ago","Review":"The worst late ever I got was here","Likes":""},{"Name":"","Category":"","Rating":" 3 stars ","Number_of_Reviews":"","Address":"","Reviewer":"R. Mosley","Reviewer_page":"https://www.google.com/maps/contrib/102640786423868913375/reviews?hl=en-US","Review_time":"3 years ago","Review":"Always way to hot.","Likes":""},{"Name":"","Category":"","Rating":" 4 stars ","Number_of_Reviews":"","Address":"","Reviewer":"Alba Yis Lopez","Reviewer_page":"https://www.google.com/maps/contrib/103298308016198090253/reviews?hl=en-US","Review_time":"3 years ago","Review":"love dragonfly lemonade","Likes":""},{"Name":"","Category":"","Rating":" 5 stars ","Number_of_Reviews":"","Address":"","Reviewer":"I. Murad","Reviewer_page":"https://www.google.com/maps/contrib/103319321547182783149/reviews?hl=en-US","Review_time":"2 years ago","Review":"Thanks for a big smile","Likes":""},{"Name":"","Category":"","Rating":" 4 stars ","Number_of_Reviews":"","Address":"","Reviewer":"Erik Barcelo","Reviewer_page":"https://www.google.com/maps/contrib/101830021522521684710/reviews?hl=en-US","Review_time":"5 years ago","Review":"Small stop dirty bathrooms","Likes":""},{"Name":"","Category":"","Rating":" 1 star ","Number_of_Reviews":"","Address":"","Reviewer":"lucia zavala","Reviewer_page":"https://www.google.com/maps/contrib/103600577270988650737/reviews?hl=en-US","Review_time":"5 years ago","Review":"No restrooms . No chairs","Likes":""},{"Name":"","Category":"","Rating":" 4 stars ","Number_of_Reviews":"","Address":"","Reviewer":"Jamien Ayala","Reviewer_page":"https://www.google.com/maps/contrib/105712654887334400840/reviews?hl=en-US","Review_time":"3 years ago","Review":"Good, quick service","Likes":""},{"Name":"","Category":"","Rating":" 4 stars ","Number_of_Reviews":"","Address":"","Reviewer":"Ricardo Pinheiro","Reviewer_page":"https://www.google.com/maps/contrib/101409232189309868566/reviews?hl=en-US","Review_time":"3 years ago","Review":"Great coffee!!","Likes":""},{"Name":"","Category":"","Rating":" 1 star ","Number_of_Reviews":"","Address":"","Reviewer":"NOOR TJ","Reviewer_page":"https://www.google.com/maps/contrib/101284983109556745243/reviews?hl=en-US","Review_time":"5 years ago","Review":"Not fresh","Likes":""},{"Name":"","Category":"","Rating":" 2 stars ","Number_of_Reviews":"","Address":"","Reviewer":"Rob Meyer","Reviewer_page":"https://www.google.com/maps/contrib/118100942598171799135/reviews?hl=en-US","Review_time":"5 years ago","Review":"Very average coffee","Likes":""},{"Name":"","Category":"","Rating":" 3 stars ","Number_of_Reviews":"","Address":"","Reviewer":"Fernando Pintado","Reviewer_page":"https://www.google.com/maps/contrib/106514576498975271465/reviews?hl=en-US","Review_time":"5 years ago","Review":"Could be a lot better...","Likes":""},{"Name":"","Category":"","Rating":" 4 stars ","Number_of_Reviews":"","Address":"","Reviewer":"richard rodriguez","Reviewer_page":"https://www.google.com/maps/contrib/108230493404499113945/reviews?hl=en-US","Review_time":"3 years ago","Review":"Star bucks is starbucks","Likes":""},{"Name":"","Category":"","Rating":" 1 star ","Number_of_Reviews":"","Address":"","Reviewer":"Kate Lowenthal","Reviewer_page":"https://www.google.com/maps/contrib/101303178998709628553/reviews?hl=en-US","Review_time":"4 years ago","Review":"No bathroom for customers!!!!","Likes":""},{"Name":"","Category":"","Rating":" 5 stars ","Number_of_Reviews":"","Address":"","Reviewer":"Robin Lacey","Reviewer_page":"https://www.google.com/maps/contrib/103276286075041387632/reviews?hl=en-US","Review_time":"3 years ago","Review":"Awsome","Likes":"2"},{"Name":"","Category":"","Rating":" 5 stars ","Number_of_Reviews":"","Address":"","Reviewer":"Irena Czerwinska","Reviewer_page":"https://www.google.com/maps/contrib/111065256498080067757/reviews?hl=en-US","Review_time":"4 years ago","Review":"People are the Best there,","Likes":""},{"Name":"","Category":"","Rating":" 5 stars ","Number_of_Reviews":"","Address":"","Reviewer":"mazen baksh","Reviewer_page":"https://www.google.com/maps/contrib/117055592361316015746/reviews?hl=en-US","Review_time":"3 years ago","Review":"service is great","Likes":""},{"Name":"","Category":"","Rating":" 1 star ","Number_of_Reviews":"","Address":"","Reviewer":"Moshe Stein","Reviewer_page":"https://www.google.com/maps/contrib/100395106836401671547/reviews?hl=en-US","Review_time":"4 years ago","Review":"Manager was rude","Likes":""},{"Name":"","Category":"","Rating":" 4 stars ","Number_of_Reviews":"","Address":"","Reviewer":"Louise Kim","Reviewer_page":"https://www.google.com/maps/contrib/112515250036901514002/reviews?hl=en-US","Review_time":"3 years ago","Review":"Nice","Likes":""},{"Name":"","Category":"","Rating":" 2 stars ","Number_of_Reviews":"","Address":"","Reviewer":"Jackie Acevedo","Reviewer_page":"https://www.google.com/maps/contrib/101597496666449287429/reviews?hl=en-US","Review_time":"a year ago","Review":"Not","Likes":""},{"Name":"","Category":"","Rating":" 1 star ","Number_of_Reviews":"","Address":"","Reviewer":"Cecilio Medina","Reviewer_page":"https://www.google.com/maps/contrib/100855322725337438932/reviews?hl=en-US","Review_time":"2 years ago","Review":"Bad service","Likes":""},{"Name":"","Category":"","Rating":" 5 stars ","Number_of_Reviews":"","Address":"","Reviewer":"Radrex73 Oso","Reviewer_page":"https://www.google.com/maps/contrib/111188018976530812888/reviews?hl=en-US","Review_time":"3 years ago","Review":"Speedy service.","Likes":""},{"Name":"","Category":"","Rating":" 5 stars ","Number_of_Reviews":"","Address":"","Reviewer":"Roy Smith","Reviewer_page":"https://www.google.com/maps/contrib/110383716415220288532/reviews?hl=en-US","Review_time":"4 years ago","Review":"Great","Likes":""},{"Name":"","Category":"","Rating":" 5 stars ","Number_of_Reviews":"","Address":"","Reviewer":"Marisol Perez","Reviewer_page":"https://www.google.com/maps/contrib/111854954195775389502/reviews?hl=en-US","Review_time":"3 years ago","Review":"Neat & helpful","Likes":""},{"Name":"","Category":"","Rating":" 5 stars ","Number_of_Reviews":"","Address":"","Reviewer":"Day Dreams","Reviewer_page":"https://www.google.com/maps/contrib/117091098845630222648/reviews?hl=en-US","Review_time":"4 years ago","Review":"Nice staff","Likes":""},{"Name":"","Category":"","Rating":" 5 stars ","Number_of_Reviews":"","Address":"","Reviewer":"Mary Cerrone","Reviewer_page":"https://www.google.com/maps/contrib/107437434660478762838/reviews?hl=en-US","Review_time":"3 years ago","Review":"Fast service","Likes":""},{"Name":"","Category":"","Rating":" 4 stars ","Number_of_Reviews":"","Address":"","Reviewer":"Ardia Crawford","Reviewer_page":"https://www.google.com/maps/contrib/110429156455044562433/reviews?hl=en-US","Review_time":"4 years ago","Review":"I love this place","Likes":""},{"Name":"","Category":"","Rating":" 3 stars ","Number_of_Reviews":"","Address":"","Reviewer":"Kauai Phlower","Reviewer_page":"https://www.google.com/maps/contrib/109464092865500329156/reviews?hl=en-US","Review_time":"3 years ago","Review":"Okay","Likes":""},{"Name":"","Category":"","Rating":" 5 stars ","Number_of_Reviews":"","Address":"","Reviewer":"Lewerin","Reviewer_page":"https://www.google.com/maps/contrib/110430422844933748955/reviews?hl=en-US","Review_time":"5 years ago","Review":"Nelly are you there???!!!!","Likes":""},{"Name":"","Category":"","Rating":" 5 stars ","Number_of_Reviews":"","Address":"","Reviewer":"Olga Glushkova","Reviewer_page":"https://www.google.com/maps/contrib/101663905602992761661/reviews?hl=en-US","Review_time":"3 years ago","Review":"Love this place","Likes":""},{"Name":"","Category":"","Rating":" 5 stars ","Number_of_Reviews":"","Address":"","Reviewer":"Abdelkader Boudina","Reviewer_page":"https://www.google.com/maps/contrib/105096571909275290014/reviews?hl=en-US","Review_time":"3 years ago","Review":"Friendly  people","Likes":""},{"Name":"","Category":"","Rating":" 2 stars ","Number_of_Reviews":"","Address":"","Reviewer":"Slick_154","Reviewer_page":"https://www.google.com/maps/contrib/106436853881209525362/reviews?hl=en-US","Review_time":"5 years ago","Review":"it's a starbucks","Likes":"1"},{"Name":"","Category":"","Rating":" 4 stars ","Number_of_Reviews":"","Address":"","Reviewer":"Tanya Evs","Reviewer_page":"https://www.google.com/maps/contrib/107966307320878754446/reviews?hl=en-US","Review_time":"2 years ago","Review":"Trader Joes!!!","Likes":""},{"Name":"","Category":"","Rating":" 4 stars ","Number_of_Reviews":"","Address":"","Reviewer":"Yoshita Childress","Reviewer_page":"https://www.google.com/maps/contrib/108077050220765157219/reviews?hl=en-US","Review_time":"3 years ago","Review":"Smoking coffee","Likes":""},{"Name":"","Category":"","Rating":" 5 stars ","Number_of_Reviews":"","Address":"","Reviewer":"Marlin Thai","Reviewer_page":"https://www.google.com/maps/contrib/103032950622436758482/reviews?hl=en-US","Review_time":"4 years ago","Review":"Cool Starbucks","Likes":""},{"Name":"","Category":"","Rating":" 5 stars ","Number_of_Reviews":"","Address":"","Reviewer":"Vadim Oganesyan","Reviewer_page":"https://www.google.com/maps/contrib/115632306976355894349/reviews?hl=en-US","Review_time":"4 years ago","Review":"Starbucks!!!","Likes":""},{"Name":"","Category":"","Rating":" 4 stars ","Number_of_Reviews":"","Address":"","Reviewer":"Javier Zubillaga","Reviewer_page":"https://www.google.com/maps/contrib/115322048700067212821/reviews?hl=en-US","Review_time":"2 years ago","Review":"(Translated by Google) In New York you will always have one on hand, the Starkucks reserve is impressive\n\n(Original)\nEn Nueva York siempre vas a tener uno a mano,  el Starkucks reserva es impresionante","Likes":""},{"Name":"","Category":"","Rating":" 5 stars ","Number_of_Reviews":"","Address":"","Reviewer":"Carla Ariana Calzada Ponce","Reviewer_page":"https://www.google.com/maps/contrib/111708547994869730201/reviews?hl=en-US","Review_time":"4 years ago","Review":"(Translated by Google) I love coffees and Malta das are fabulous and great I give them a 100👍👐\n\n(Original)\nMe encantan los cafés y Malta das son fabulosos y geniales les doy un100👍👐","Likes":"1"},{"Name":"","Category":"","Rating":" 3 stars ","Number_of_Reviews":"","Address":"","Reviewer":"Mercedes Kalaizic","Reviewer_page":"https://www.google.com/maps/contrib/104720730548448016677/reviews?hl=en-US","Review_time":"5 years ago","Review":"(Translated by Google) There is not much place to sit and there are no toilets.\n\n(Original)\nNo hay mucho lugar para sentarse y no hay baños.","Likes":""},{"Name":"","Category":"","Rating":" 1 star ","Number_of_Reviews":"","Address":"","Reviewer":"Isabel Ghemi","Reviewer_page":"https://www.google.com/maps/contrib/108870887781233148559/reviews?hl=en-US","Review_time":"4 years ago","Review":"(Translated by Google) Very dirty and unfriendly employees\n\n(Original)\nMuy sucio y empleados poco amables","Likes":""},{"Name":"","Category":"","Rating":" 1 star ","Number_of_Reviews":"","Address":"","Reviewer":"Eric Li","Reviewer_page":"https://www.google.com/maps/contrib/105472967155661460748/reviews?hl=en-US","Review_time":"3 years ago","Review":"","Likes":""},{"Name":"","Category":"","Rating":" 4 stars ","Number_of_Reviews":"","Address":"","Reviewer":"GeeChan Lee","Reviewer_page":"https://www.google.com/maps/contrib/118000505802241742078/reviews?hl=en-US","Review_time":"3 years ago","Review":"(Translated by Google) Narrow but not bad\n\n(Original)\n좁지만 나쁘지 않았다","Likes":""},{"Name":"","Category":"","Rating":" 5 stars ","Number_of_Reviews":"","Address":"","Reviewer":"Adrian D","Reviewer_page":"https://www.google.com/maps/contrib/112609448997818830330/reviews?hl=en-US","Review_time":"3 years ago","Review":"(Translated by Google) WiFi hostel and battery\n\n(Original)\nParador de WiFi y batería","Likes":""},{"Name":"","Category":"","Rating":" 3 stars ","Number_of_Reviews":"","Address":"","Reviewer":"Betoshoompos Garcia","Reviewer_page":"https://www.google.com/maps/contrib/109910790722074464756/reviews?hl=en-US","Review_time":"3 years ago","Review":"(Translated by Google) I'm lovin 'it.\n\n(Original)\nMe encanta.","Likes":""},{"Name":"","Category":"","Rating":" 5 stars ","Number_of_Reviews":"","Address":"","Reviewer":"Carlos Marchan","Reviewer_page":"https://www.google.com/maps/contrib/109241789227744580486/reviews?hl=en-US","Review_time":"3 years ago","Review":"(Translated by Google) Good attention\n\n(Original)\nBuena atención","Likes":""},{"Name":"","Category":"","Rating":" 5 stars ","Number_of_Reviews":"","Address":"","Reviewer":"Ezra Erikson","Reviewer_page":"https://www.google.com/maps/contrib/117006591283061496975/reviews?hl=en-US","Review_time":"4 years ago","Review":"","Likes":""},{"Name":"","Category":"","Rating":" 1 star ","Number_of_Reviews":"","Address":"","Reviewer":"Christian Stanco","Reviewer_page":"https://www.google.com/maps/contrib/102806210497785724839/reviews?hl=en-US","Review_time":"5 years ago","Review":"","Likes":""},{"Name":"","Category":"","Rating":" 5 stars ","Number_of_Reviews":"","Address":"","Reviewer":"Jenny Lazaro","Reviewer_page":"https://www.google.com/maps/contrib/111408606510270920396/reviews?hl=en-US","Review_time":"2 years ago","Review":"","Likes":""},{"Name":"","Category":"","Rating":" 4 stars ","Number_of_Reviews":"","Address":"","Reviewer":"sami tung","Reviewer_page":"https://www.google.com/maps/contrib/110951035344294768523/reviews?hl=en-US","Review_time":"4 years ago","Review":"","Likes":""},{"Name":"","Category":"","Rating":" 2 stars ","Number_of_Reviews":"","Address":"","Reviewer":"Marcelo Rapetti","Reviewer_page":"https://www.google.com/maps/contrib/115327044829310822041/reviews?hl=en-US","Review_time":"6 years ago","Review":"","Likes":""},{"Name":"","Category":"","Rating":" 5 stars ","Number_of_Reviews":"","Address":"","Reviewer":"Abhishek Raj","Reviewer_page":"https://www.google.com/maps/contrib/105628859310326047176/reviews?hl=en-US","Review_time":"2 years ago","Review":"","Likes":""},{"Name":"","Category":"","Rating":" 5 stars ","Number_of_Reviews":"","Address":"","Reviewer":"Maged Issa","Reviewer_page":"https://www.google.com/maps/contrib/116271266917289061559/reviews?hl=en-US","Review_time":"4 years ago","Review":"","Likes":""},{"Name":"","Category":"","Rating":" 5 stars ","Number_of_Reviews":"","Address":"","Reviewer":"Lillian Santiago","Reviewer_page":"https://www.google.com/maps/contrib/101704024940120516626/reviews?hl=en-US","Review_time":"a year ago","Review":"","Likes":""},{"Name":"","Category":"","Rating":" 5 stars ","Number_of_Reviews":"","Address":"","Reviewer":"Jennica Gonzalez","Reviewer_page":"https://www.google.com/maps/contrib/106225688334495530339/reviews?hl=en-US","Review_time":"4 years ago","Review":"","Likes":""},{"Name":"","Category":"","Rating":" 5 stars ","Number_of_Reviews":"","Address":"","Reviewer":"jeanette quiles","Reviewer_page":"https://www.google.com/maps/contrib/101422619868509230944/reviews?hl=en-US","Review_time":"3 years ago","Review":"","Likes":""},{"Name":"","Category":"","Rating":" 5 stars ","Number_of_Reviews":"","Address":"","Reviewer":"Jhohan Ocampo","Reviewer_page":"https://www.google.com/maps/contrib/104434208418675039343/reviews?hl=en-US","Review_time":"3 years ago","Review":"","Likes":""},{"Name":"","Category":"","Rating":" 1 star ","Number_of_Reviews":"","Address":"","Reviewer":"Аман Атланта","Reviewer_page":"https://www.google.com/maps/contrib/107834554197917223492/reviews?hl=en-US","Review_time":"5 years ago","Review":"","Likes":""},{"Name":"","Category":"","Rating":" 1 star ","Number_of_Reviews":"","Address":"","Reviewer":"OeZ86","Reviewer_page":"https://www.google.com/maps/contrib/114660512773358735553/reviews?hl=en-US","Review_time":"7 years ago","Review":"","Likes":""},{"Name":"","Category":"","Rating":" 4 stars ","Number_of_Reviews":"","Address":"","Reviewer":"Kareemah Batts","Reviewer_page":"https://www.google.com/maps/contrib/114707115577741815437/reviews?hl=en-US","Review_time":"4 years ago","Review":"","Likes":""},{"Name":"","Category":"","Rating":" 3 stars ","Number_of_Reviews":"","Address":"","Reviewer":"Steven Weckstein","Reviewer_page":"https://www.google.com/maps/contrib/102681471399103256042/reviews?hl=en-US","Review_time":"4 years ago","Review":"","Likes":""},{"Name":"","Category":"","Rating":" 4 stars ","Number_of_Reviews":"","Address":"","Reviewer":"Joseph D Tattoo","Reviewer_page":"https://www.google.com/maps/contrib/115254844728592076585/reviews?hl=en-US","Review_time":"3 years ago","Review":"","Likes":""},{"Name":"","Category":"","Rating":" 3 stars ","Number_of_Reviews":"","Address":"","Reviewer":"Orlando Smickle","Reviewer_page":"https://www.google.com/maps/contrib/103630026905740230132/reviews?hl=en-US","Review_time":"3 years ago","Review":"","Likes":""},{"Name":"","Category":"","Rating":" 4 stars ","Number_of_Reviews":"","Address":"","Reviewer":"Leonard Lotz","Reviewer_page":"https://www.google.com/maps/contrib/111114038378240307451/reviews?hl=en-US","Review_time":"3 years ago","Review":"","Likes":""},{"Name":"","Category":"","Rating":" 4 stars ","Number_of_Reviews":"","Address":"","Reviewer":"Saar Haber","Reviewer_page":"https://www.google.com/maps/contrib/106880929105583715885/reviews?hl=en-US","Review_time":"3 years ago","Review":"","Likes":""},{"Name":"","Category":"","Rating":" 4 stars ","Number_of_Reviews":"","Address":"","Reviewer":"Targie chin","Reviewer_page":"https://www.google.com/maps/contrib/114771883680020148142/reviews?hl=en-US","Review_time":"4 years ago","Review":"","Likes":""},{"Name":"","Category":"","Rating":" 5 stars ","Number_of_Reviews":"","Address":"","Reviewer":"Erica Chavis","Reviewer_page":"https://www.google.com/maps/contrib/113714411332019468702/reviews?hl=en-US","Review_time":"3 years ago","Review":"","Likes":""},{"Name":"","Category":"","Rating":" 3 stars ","Number_of_Reviews":"","Address":"","Reviewer":"Sebastien Aubin-Boivin","Reviewer_page":"https://www.google.com/maps/contrib/110085175558543455321/reviews?hl=en-US","Review_time":"4 years ago","Review":"","Likes":""},{"Name":"","Category":"","Rating":" 4 stars ","Number_of_Reviews":"","Address":"","Reviewer":"Bruno Mesquita","Reviewer_page":"https://www.google.com/maps/contrib/111656383342053716275/reviews?hl=en-US","Review_time":"3 years ago","Review":"","Likes":""},{"Name":"","Category":"","Rating":" 5 stars ","Number_of_Reviews":"","Address":"","Reviewer":"David Ratovich","Reviewer_page":"https://www.google.com/maps/contrib/108854502458288817325/reviews?hl=en-US","Review_time":"3 years ago","Review":"","Likes":""},{"Name":"","Category":"","Rating":" 4 stars ","Number_of_Reviews":"","Address":"","Reviewer":"Xiangming Lin","Reviewer_page":"https://www.google.com/maps/contrib/112183577716185748825/reviews?hl=en-US","Review_time":"4 years ago","Review":"","Likes":""},{"Name":"","Category":"","Rating":" 5 stars ","Number_of_Reviews":"","Address":"","Reviewer":"kishan","Reviewer_page":"https://www.google.com/maps/contrib/118060520966240232178/reviews?hl=en-US","Review_time":"5 years ago","Review":"","Likes":""},{"Name":"","Category":"","Rating":" 5 stars ","Number_of_Reviews":"","Address":"","Reviewer":"Angelica Rodriguez","Reviewer_page":"https://www.google.com/maps/contrib/118057943880544960548/reviews?hl=en-US","Review_time":"3 years ago","Review":"","Likes":""},{"Name":"","Category":"","Rating":" 4 stars ","Number_of_Reviews":"","Address":"","Reviewer":"Bree","Reviewer_page":"https://www.google.com/maps/contrib/113134021098097905377/reviews?hl=en-US","Review_time":"4 years ago","Review":"","Likes":""},{"Name":"","Category":"","Rating":" 5 stars ","Number_of_Reviews":"","Address":"","Reviewer":"Ankit Naidu","Reviewer_page":"https://www.google.com/maps/contrib/117378448242356817055/reviews?hl=en-US","Review_time":"4 years ago","Review":"","Likes":""},{"Name":"","Category":"","Rating":" 3 stars ","Number_of_Reviews":"","Address":"","Reviewer":"Ahad Shaikh","Reviewer_page":"https://www.google.com/maps/contrib/117188268790266007474/reviews?hl=en-US","Review_time":"4 years ago","Review":"","Likes":""},{"Name":"","Category":"","Rating":" 4 stars ","Number_of_Reviews":"","Address":"","Reviewer":"M Brodesky","Reviewer_page":"https://www.google.com/maps/contrib/108657664419329288918/reviews?hl=en-US","Review_time":"5 years ago","Review":"","Likes":""},{"Name":"","Category":"","Rating":" 5 stars ","Number_of_Reviews":"","Address":"","Reviewer":"Andrii Bondar","Reviewer_page":"https://www.google.com/maps/contrib/109790687351803535910/reviews?hl=en-US","Review_time":"3 years ago","Review":"","Likes":""},{"Name":"","Category":"","Rating":" 5 stars ","Number_of_Reviews":"","Address":"","Reviewer":"Keni Yip","Reviewer_page":"https://www.google.com/maps/contrib/118041351384902027717/reviews?hl=en-US","Review_time":"7 years ago","Review":"","Likes":""},{"Name":"","Category":"","Rating":" 1 star ","Number_of_Reviews":"","Address":"","Reviewer":"melissa k","Reviewer_page":"https://www.google.com/maps/contrib/103614546464923167662/reviews?hl=en-US","Review_time":"3 years ago","Review":"","Likes":""},{"Name":"","Category":"","Rating":" 4 stars ","Number_of_Reviews":"","Address":"","Reviewer":"Yitz Jordan","Reviewer_page":"https://www.google.com/maps/contrib/104677516326066536527/reviews?hl=en-US","Review_time":"2 years ago","Review":"","Likes":""},{"Name":"","Category":"","Rating":" 5 stars ","Number_of_Reviews":"","Address":"","Reviewer":"Steve Bronder","Reviewer_page":"https://www.google.com/maps/contrib/101934019914306810550/reviews?hl=en-US","Review_time":"a year ago","Review":"","Likes":""},{"Name":"","Category":"","Rating":" 5 stars ","Number_of_Reviews":"","Address":"","Reviewer":"Emilee","Reviewer_page":"https://www.google.com/maps/contrib/106059994672937399758/reviews?hl=en-US","Review_time":"4 years ago","Review":"","Likes":""},{"Name":"","Category":"","Rating":" 5 stars ","Number_of_Reviews":"","Address":"","Reviewer":"Cristhian Leon","Reviewer_page":"https://www.google.com/maps/contrib/107252933205836572823/reviews?hl=en-US","Review_time":"3 years ago","Review":"","Likes":""},{"Name":"","Category":"","Rating":" 5 stars ","Number_of_Reviews":"","Address":"","Reviewer":"Umar Rehman","Reviewer_page":"https://www.google.com/maps/contrib/118292607089600225908/reviews?hl=en-US","Review_time":"4 years ago","Review":"","Likes":""},{"Name":"","Category":"","Rating":" 5 stars ","Number_of_Reviews":"","Address":"","Reviewer":"Damon Phillips","Reviewer_page":"https://www.google.com/maps/contrib/112390207426852748706/reviews?hl=en-US","Review_time":"3 years ago","Review":"","Likes":""},{"Name":"","Category":"","Rating":" 4 stars ","Number_of_Reviews":"","Address":"","Reviewer":"D A","Reviewer_page":"https://www.google.com/maps/contrib/108748569067767044940/reviews?hl=en-US","Review_time":"4 years ago","Review":"","Likes":""},{"Name":"","Category":"","Rating":" 5 stars ","Number_of_Reviews":"","Address":"","Reviewer":"Ismael Rodriguez","Reviewer_page":"https://www.google.com/maps/contrib/113788432362079618236/reviews?hl=en-US","Review_time":"3 years ago","Review":"","Likes":""},{"Name":"","Category":"","Rating":" 5 stars ","Number_of_Reviews":"","Address":"","Reviewer":"Law Abiding Citizen","Reviewer_page":"https://www.google.com/maps/contrib/106802730834507203726/reviews?hl=en-US","Review_time":"3 years ago","Review":"","Likes":""},{"Name":"","Category":"","Rating":" 5 stars ","Number_of_Reviews":"","Address":"","Reviewer":"ryan","Reviewer_page":"https://www.google.com/maps/contrib/104726558259766188487/reviews?hl=en-US","Review_time":"4 years ago","Review":"","Likes":""},{"Name":"","Category":"","Rating":" 2 stars ","Number_of_Reviews":"","Address":"","Reviewer":"Susan Nason","Reviewer_page":"https://www.google.com/maps/contrib/103905286378040003290/reviews?hl=en-US","Review_time":"6 years ago","Review":"","Likes":""},{"Name":"","Category":"","Rating":" 4 stars ","Number_of_Reviews":"","Address":"","Reviewer":"Lorena Moreno","Reviewer_page":"https://www.google.com/maps/contrib/101821501182238853303/reviews?hl=en-US","Review_time":"4 years ago","Review":"","Likes":""},{"Name":"","Category":"","Rating":" 3 stars ","Number_of_Reviews":"","Address":"","Reviewer":"Joe Hanna","Reviewer_page":"https://www.google.com/maps/contrib/106212224013836795213/reviews?hl=en-US","Review_time":"4 years ago","Review":"","Likes":""},{"Name":"","Category":"","Rating":" 5 stars ","Number_of_Reviews":"","Address":"","Reviewer":"Rodante Reynon","Reviewer_page":"https://www.google.com/maps/contrib/101454041242008953850/reviews?hl=en-US","Review_time":"2 years ago","Review":"","Likes":""},{"Name":"","Category":"","Rating":" 5 stars ","Number_of_Reviews":"","Address":"","Reviewer":"Kiril Petrosian","Reviewer_page":"https://www.google.com/maps/contrib/104583843797445754339/reviews?hl=en-US","Review_time":"3 years ago","Review":"","Likes":""},{"Name":"","Category":"","Rating":" 5 stars ","Number_of_Reviews":"","Address":"","Reviewer":"Stephen Duncan","Reviewer_page":"https://www.google.com/maps/contrib/109155902588012660402/reviews?hl=en-US","Review_time":"2 years ago","Review":"","Likes":""},{"Name":"","Category":"","Rating":" 4 stars ","Number_of_Reviews":"","Address":"","Reviewer":"Pete Sins","Reviewer_page":"https://www.google.com/maps/contrib/103963740508425006031/reviews?hl=en-US","Review_time":"5 years ago","Review":"","Likes":""},{"Name":"","Category":"","Rating":" 5 stars ","Number_of_Reviews":"","Address":"","Reviewer":"Ravshan Nazarov","Reviewer_page":"https://www.google.com/maps/contrib/106992742374878225823/reviews?hl=en-US","Review_time":"3 years ago","Review":"","Likes":""},{"Name":"","Category":"","Rating":" 5 stars ","Number_of_Reviews":"","Address":"","Reviewer":"Frances Rodriguez","Reviewer_page":"https://www.google.com/maps/contrib/106163216392297767873/reviews?hl=en-US","Review_time":"3 years ago","Review":"","Likes":""},{"Name":"","Category":"","Rating":" 1 star ","Number_of_Reviews":"","Address":"","Reviewer":"Николай Фандорин","Reviewer_page":"https://www.google.com/maps/contrib/103813201833846948407/reviews?hl=en-US","Review_time":"5 years ago","Review":"","Likes":""},{"Name":"","Category":"","Rating":" 5 stars ","Number_of_Reviews":"","Address":"","Reviewer":"Diamond Murchison","Reviewer_page":"https://www.google.com/maps/contrib/100832694779308509417/reviews?hl=en-US","Review_time":"3 years ago","Review":"","Likes":""},{"Name":"","Category":"","Rating":" 2 stars ","Number_of_Reviews":"","Address":"","Reviewer":"Dominique D. Brabham","Reviewer_page":"https://www.google.com/maps/contrib/105191945192663444841/reviews?hl=en-US","Review_time":"2 years ago","Review":"","Likes":""},{"Name":"","Category":"","Rating":" 4 stars ","Number_of_Reviews":"","Address":"","Reviewer":"Jason Tan","Reviewer_page":"https://www.google.com/maps/contrib/115382551497939604689/reviews?hl=en-US","Review_time":"3 years ago","Review":"","Likes":""},{"Name":"","Category":"","Rating":" 5 stars ","Number_of_Reviews":"","Address":"","Reviewer":"Ruli","Reviewer_page":"https://www.google.com/maps/contrib/104707557006453234421/reviews?hl=en-US","Review_time":"2 years ago","Review":"","Likes":""},{"Name":"","Category":"","Rating":" 5 stars ","Number_of_Reviews":"","Address":"","Reviewer":"Noor alam khan","Reviewer_page":"https://www.google.com/maps/contrib/102621349033683499620/reviews?hl=en-US","Review_time":"a year ago","Review":"","Likes":""},{"Name":"","Category":"","Rating":" 5 stars ","Number_of_Reviews":"","Address":"","Reviewer":"Kenneth Mcdevitt","Reviewer_page":"https://www.google.com/maps/contrib/110709882749872768637/reviews?hl=en-US","Review_time":"5 years ago","Review":"","Likes":""},{"Name":"","Category":"","Rating":" 4 stars ","Number_of_Reviews":"","Address":"","Reviewer":"Justin Dickinson","Reviewer_page":"https://www.google.com/maps/contrib/101843351251171748646/reviews?hl=en-US","Review_time":"a year ago","Review":"","Likes":""},{"Name":"","Category":"","Rating":" 3 stars ","Number_of_Reviews":"","Address":"","Reviewer":"Matthieu B","Reviewer_page":"https://www.google.com/maps/contrib/109892392611667650624/reviews?hl=en-US","Review_time":"4 years ago","Review":"","Likes":""},{"Name":"","Category":"","Rating":" 5 stars ","Number_of_Reviews":"","Address":"","Reviewer":"Jumar Devouil","Reviewer_page":"https://www.google.com/maps/contrib/110867542641599771407/reviews?hl=en-US","Review_time":"5 years ago","Review":"","Likes":""},{"Name":"","Category":"","Rating":" 4 stars ","Number_of_Reviews":"","Address":"","Reviewer":"HC","Reviewer_page":"https://www.google.com/maps/contrib/116132043586175117486/reviews?hl=en-US","Review_time":"3 years ago","Review":"","Likes":""},{"Name":"","Category":"","Rating":" 4 stars ","Number_of_Reviews":"","Address":"","Reviewer":"Ivan Maximov","Reviewer_page":"https://www.google.com/maps/contrib/113576354671162751974/reviews?hl=en-US","Review_time":"2 years ago","Review":"","Likes":""},{"Name":"","Category":"","Rating":" 5 stars ","Number_of_Reviews":"","Address":"","Reviewer":"Chazz Huston","Reviewer_page":"https://www.google.com/maps/contrib/102211653628188929337/reviews?hl=en-US","Review_time":"4 years ago","Review":"","Likes":""},{"Name":"","Category":"","Rating":" 5 stars ","Number_of_Reviews":"","Address":"","Reviewer":"Genco paul","Reviewer_page":"https://www.google.com/maps/contrib/109494870961041437070/reviews?hl=en-US","Review_time":"11 months ago","Review":"","Likes":""},{"Name":"","Category":"","Rating":" 1 star ","Number_of_Reviews":"","Address":"","Reviewer":"Benjamin Yang","Reviewer_page":"https://www.google.com/maps/contrib/100672371637451822672/reviews?hl=en-US","Review_time":"10 months ago","Review":"","Likes":""},{"Name":"","Category":"","Rating":" 5 stars ","Number_of_Reviews":"","Address":"","Reviewer":"Vashtie Jawahir","Reviewer_page":"https://www.google.com/maps/contrib/101550837359985273732/reviews?hl=en-US","Review_time":"5 years ago","Review":"","Likes":""},{"Name":"","Category":"","Rating":" 5 stars ","Number_of_Reviews":"","Address":"","Reviewer":"Sukaina Rigaud","Reviewer_page":"https://www.google.com/maps/contrib/115196420804638807254/reviews?hl=en-US","Review_time":"3 years ago","Review":"","Likes":""},{"Name":"","Category":"","Rating":" 4 stars ","Number_of_Reviews":"","Address":"","Reviewer":"danielle lesh","Reviewer_page":"https://www.google.com/maps/contrib/108261767336845827610/reviews?hl=en-US","Review_time":"3 years ago","Review":"","Likes":""},{"Name":"","Category":"","Rating":" 5 stars ","Number_of_Reviews":"","Address":"","Reviewer":"Alex Besanu","Reviewer_page":"https://www.google.com/maps/contrib/105007276082513486824/reviews?hl=en-US","Review_time":"3 years ago","Review":"","Likes":""},{"Name":"","Category":"","Rating":" 5 stars ","Number_of_Reviews":"","Address":"","Reviewer":"Anne Daniels","Reviewer_page":"https://www.google.com/maps/contrib/113320397528571940818/reviews?hl=en-US","Review_time":"3 years ago","Review":"","Likes":""},{"Name":"","Category":"","Rating":" 4 stars ","Number_of_Reviews":"","Address":"","Reviewer":"Sreela Das","Reviewer_page":"https://www.google.com/maps/contrib/110827622173185572812/reviews?hl=en-US","Review_time":"5 years ago","Review":"","Likes":""},{"Name":"","Category":"","Rating":" 3 stars ","Number_of_Reviews":"","Address":"","Reviewer":"Elvis Peralta","Reviewer_page":"https://www.google.com/maps/contrib/116062430269672402073/reviews?hl=en-US","Review_time":"2 years ago","Review":"","Likes":""},{"Name":"","Category":"","Rating":" 4 stars ","Number_of_Reviews":"","Address":"","Reviewer":"Jackie Imai","Reviewer_page":"https://www.google.com/maps/contrib/103231731869324843633/reviews?hl=en-US","Review_time":"4 years ago","Review":"","Likes":""},{"Name":"","Category":"","Rating":" 4 stars ","Number_of_Reviews":"","Address":"","Reviewer":"Joy Chen","Reviewer_page":"https://www.google.com/maps/contrib/106595688976891641504/reviews?hl=en-US","Review_time":"2 years ago","Review":"","Likes":""},{"Name":"","Category":"","Rating":" 4 stars ","Number_of_Reviews":"","Address":"","Reviewer":"Melanie Montiel","Reviewer_page":"https://www.google.com/maps/contrib/113151049153133388427/reviews?hl=en-US","Review_time":"3 years ago","Review":"","Likes":""},{"Name":"","Category":"","Rating":" 5 stars ","Number_of_Reviews":"","Address":"","Reviewer":"ayana deurieux","Reviewer_page":"https://www.google.com/maps/contrib/113459000879080131930/reviews?hl=en-US","Review_time":"5 years ago","Review":"","Likes":""},{"Name":"","Category":"","Rating":" 3 stars ","Number_of_Reviews":"","Address":"","Reviewer":"Ahmed Turky","Reviewer_page":"https://www.google.com/maps/contrib/101988857898024876128/reviews?hl=en-US","Review_time":"4 years ago","Review":"","Likes":""},{"Name":"","Category":"","Rating":" 5 stars ","Number_of_Reviews":"","Address":"","Reviewer":"meer khan","Reviewer_page":"https://www.google.com/maps/contrib/112780192209112017505/reviews?hl=en-US","Review_time":"3 years ago","Review":"","Likes":""},{"Name":"","Category":"","Rating":" 3 stars ","Number_of_Reviews":"","Address":"","Reviewer":"Maximus (JayHood)","Reviewer_page":"https://www.google.com/maps/contrib/109642214330207871969/reviews?hl=en-US","Review_time":"3 years ago","Review":"","Likes":""},{"Name":"","Category":"","Rating":" 5 stars ","Number_of_Reviews":"","Address":"","Reviewer":"Luis V.","Reviewer_page":"https://www.google.com/maps/contrib/101535407984133163352/reviews?hl=en-US","Review_time":"5 years ago","Review":"","Likes":""},{"Name":"","Category":"","Rating":" 1 star ","Number_of_Reviews":"","Address":"","Reviewer":"Eni Brown","Reviewer_page":"https://www.google.com/maps/contrib/104935601644898803867/reviews?hl=en-US","Review_time":"3 years ago","Review":"","Likes":""},{"Name":"","Category":"","Rating":" 4 stars ","Number_of_Reviews":"","Address":"","Reviewer":"Kofi Mills","Reviewer_page":"https://www.google.com/maps/contrib/107126908018578610987/reviews?hl=en-US","Review_time":"7 years ago","Review":"","Likes":""},{"Name":"","Category":"","Rating":" 5 stars ","Number_of_Reviews":"","Address":"","Reviewer":"Erika Lewis","Reviewer_page":"https://www.google.com/maps/contrib/111822748858295849096/reviews?hl=en-US","Review_time":"3 years ago","Review":"","Likes":""},{"Name":"","Category":"","Rating":" 5 stars ","Number_of_Reviews":"","Address":"","Reviewer":"Vincent R Taylor","Reviewer_page":"https://www.google.com/maps/contrib/110791881067629162528/reviews?hl=en-US","Review_time":"4 years ago","Review":"","Likes":""},{"Name":"","Category":"","Rating":" 5 stars ","Number_of_Reviews":"","Address":"","Reviewer":"Mark Bennett","Reviewer_page":"https://www.google.com/maps/contrib/110917189631667803765/reviews?hl=en-US","Review_time":"3 years ago","Review":"","Likes":""},{"Name":"","Category":"","Rating":" 5 stars ","Number_of_Reviews":"","Address":"","Reviewer":"satid ayaco","Reviewer_page":"https://www.google.com/maps/contrib/103545156709527238234/reviews?hl=en-US","Review_time":"4 years ago","Review":"","Likes":""},{"Name":"","Category":"","Rating":" 5 stars ","Number_of_Reviews":"","Address":"","Reviewer":"Gus Taylor","Reviewer_page":"https://www.google.com/maps/contrib/107584890147283928025/reviews?hl=en-US","Review_time":"3 years ago","Review":"","Likes":""},{"Name":"","Category":"","Rating":" 5 stars ","Number_of_Reviews":"","Address":"","Reviewer":"Irya Cisse","Reviewer_page":"https://www.google.com/maps/contrib/108132682491170257650/reviews?hl=en-US","Review_time":"4 years ago","Review":"","Likes":""},{"Name":"","Category":"","Rating":" 4 stars ","Number_of_Reviews":"","Address":"","Reviewer":"Ania Gmurek","Reviewer_page":"https://www.google.com/maps/contrib/105027703326134330282/reviews?hl=en-US","Review_time":"3 years ago","Review":"","Likes":""},{"Name":"","Category":"","Rating":" 5 stars ","Number_of_Reviews":"","Address":"","Reviewer":"Saad Ali","Reviewer_page":"https://www.google.com/maps/contrib/103634065314686393309/reviews?hl=en-US","Review_time":"4 years ago","Review":"","Likes":""},{"Name":"","Category":"","Rating":" 4 stars ","Number_of_Reviews":"","Address":"","Reviewer":"Henry Tseng","Reviewer_page":"https://www.google.com/maps/contrib/113957826602104555003/reviews?hl=en-US","Review_time":"3 years ago","Review":"","Likes":""},{"Name":"","Category":"","Rating":" 5 stars ","Number_of_Reviews":"","Address":"","Reviewer":"Kathy Crespo","Reviewer_page":"https://www.google.com/maps/contrib/115147883501762944032/reviews?hl=en-US","Review_time":"3 years ago","Review":"","Likes":""},{"Name":"","Category":"","Rating":" 4 stars ","Number_of_Reviews":"","Address":"","Reviewer":"Cesar Medina","Reviewer_page":"https://www.google.com/maps/contrib/100634711934231904111/reviews?hl=en-US","Review_time":"3 years ago","Review":"","Likes":""},{"Name":"","Category":"","Rating":" 2 stars ","Number_of_Reviews":"","Address":"","Reviewer":"Erika Del Re","Reviewer_page":"https://www.google.com/maps/contrib/107626268268503426152/reviews?hl=en-US","Review_time":"4 years ago","Review":"","Likes":""},{"Name":"","Category":"","Rating":" 5 stars ","Number_of_Reviews":"","Address":"","Reviewer":"Claire Elise Stephens","Reviewer_page":"https://www.google.com/maps/contrib/106172408424022927736/reviews?hl=en-US","Review_time":"4 years ago","Review":"","Likes":""},{"Name":"","Category":"","Rating":" 5 stars ","Number_of_Reviews":"","Address":"","Reviewer":"Bryan DiBlasi","Reviewer_page":"https://www.google.com/maps/contrib/101217652527146641082/reviews?hl=en-US","Review_time":"3 years ago","Review":"","Likes":""},{"Name":"","Category":"","Rating":" 5 stars ","Number_of_Reviews":"","Address":"","Reviewer":"Sarthak Arora","Reviewer_page":"https://www.google.com/maps/contrib/115202851890924463995/reviews?hl=en-US","Review_time":"3 years ago","Review":"","Likes":""},{"Name":"","Category":"","Rating":" 4 stars ","Number_of_Reviews":"","Address":"","Reviewer":"Gilseli","Reviewer_page":"https://www.google.com/maps/contrib/100202328194306491148/reviews?hl=en-US","Review_time":"3 years ago","Review":"","Likes":""},{"Name":"","Category":"","Rating":" 5 stars ","Number_of_Reviews":"","Address":"","Reviewer":"Sandy Hernandez","Reviewer_page":"https://www.google.com/maps/contrib/106524290506575621988/reviews?hl=en-US","Review_time":"4 years ago","Review":"","Likes":""},{"Name":"","Category":"","Rating":" 3 stars ","Number_of_Reviews":"","Address":"","Reviewer":"David Rowsey","Reviewer_page":"https://www.google.com/maps/contrib/101887577655032515448/reviews?hl=en-US","Review_time":"5 years ago","Review":"","Likes":""},{"Name":"","Category":"","Rating":" 3 stars ","Number_of_Reviews":"","Address":"","Reviewer":"louie galitan","Reviewer_page":"https://www.google.com/maps/contrib/104783440888198527616/reviews?hl=en-US","Review_time":"2 years ago","Review":"","Likes":""},{"Name":"","Category":"","Rating":" 1 star ","Number_of_Reviews":"","Address":"","Reviewer":"Paul Wallace","Reviewer_page":"https://www.google.com/maps/contrib/107053817806159257549/reviews?hl=en-US","Review_time":"7 years ago","Review":"","Likes":""},{"Name":"","Category":"","Rating":" 5 stars ","Number_of_Reviews":"","Address":"","Reviewer":"Black Lion (Villiage Lions)","Reviewer_page":"https://www.google.com/maps/contrib/117031407071945158896/reviews?hl=en-US","Review_time":"5 years ago","Review":"","Likes":""},{"Name":"","Category":"","Rating":" 3 stars ","Number_of_Reviews":"","Address":"","Reviewer":"saradine nazaire","Reviewer_page":"https://www.google.com/maps/contrib/103573423015632805968/reviews?hl=en-US","Review_time":"3 years ago","Review":"","Likes":""},{"Name":"","Category":"","Rating":" 5 stars ","Number_of_Reviews":"","Address":"","Reviewer":"Milena Musraca","Reviewer_page":"https://www.google.com/maps/contrib/109077462197829457454/reviews?hl=en-US","Review_time":"2 years ago","Review":"","Likes":""},{"Name":"","Category":"","Rating":" 3 stars ","Number_of_Reviews":"","Address":"","Reviewer":"Amy Cheng 鄭 敏","Reviewer_page":"https://www.google.com/maps/contrib/114604663509837690338/reviews?hl=en-US","Review_time":"3 years ago","Review":"","Likes":""},{"Name":"","Category":"","Rating":" 4 stars ","Number_of_Reviews":"","Address":"","Reviewer":"Jeremy Keaton","Reviewer_page":"https://www.google.com/maps/contrib/112158736109821688062/reviews?hl=en-US","Review_time":"3 years ago","Review":"","Likes":""},{"Name":"","Category":"","Rating":" 5 stars ","Number_of_Reviews":"","Address":"","Reviewer":"PIYUSH K","Reviewer_page":"https://www.google.com/maps/contrib/107775461716832695211/reviews?hl=en-US","Review_time":"5 years ago","Review":"","Likes":""},{"Name":"","Category":"","Rating":" 3 stars ","Number_of_Reviews":"","Address":"","Reviewer":"Ming Zhang","Reviewer_page":"https://www.google.com/maps/contrib/101073777292514167112/reviews?hl=en-US","Review_time":"3 years ago","Review":"","Likes":""},{"Name":"","Category":"","Rating":" 4 stars ","Number_of_Reviews":"","Address":"","Reviewer":"Tom Cooper","Reviewer_page":"https://www.google.com/maps/contrib/117719228005901930969/reviews?hl=en-US","Review_time":"4 years ago","Review":"","Likes":""},{"Name":"","Category":"","Rating":" 4 stars ","Number_of_Reviews":"","Address":"","Reviewer":"Skyler Rodriguez","Reviewer_page":"https://www.google.com/maps/contrib/107766026608487803439/reviews?hl=en-US","Review_time":"5 years ago","Review":"","Likes":""},{"Name":"","Category":"","Rating":" 5 stars ","Number_of_Reviews":"","Address":"","Reviewer":"Neisha Mcgregor","Reviewer_page":"https://www.google.com/maps/contrib/109632375248316926879/reviews?hl=en-US","Review_time":"3 years ago","Review":"","Likes":""},{"Name":"","Category":"","Rating":" 5 stars ","Number_of_Reviews":"","Address":"","Reviewer":"CoffeeGoatRadio","Reviewer_page":"https://www.google.com/maps/contrib/104933820599146732440/reviews?hl=en-US","Review_time":"3 years ago","Review":"","Likes":""},{"Name":"","Category":"","Rating":" 5 stars ","Number_of_Reviews":"","Address":"","Reviewer":"Cal C.","Reviewer_page":"https://www.google.com/maps/contrib/109555483760812182112/reviews?hl=en-US","Review_time":"3 years ago","Review":"","Likes":""}