[{"Name":"","Category":"","Rating":" 1 star ","Number_of_Reviews":"","Address":"","Reviewer":"Dakota's D&D","Reviewer_page":"https://www.google.com/maps/contrib/117936641945862726838/reviews?hl=en-US","Review_time":"3 years ago","Review":"I wish I  could give them zero stars.\nA bunch of ratchet individuals.\nThey throw so much shade on their supervisor.  It is so disheartening to listen to.\nThe cashier crystal needs an hearing aid.\nEverytime I'm in there she F*&^k up your name.\nIf she doesn't understand what you told her she Put \" For here on your items \" or uses an asterisk if she is not feeling your energy!\n\nWhere do they find  these people .","Likes":"1"},{"Name":"","Category":"","Rating":" 5 stars ","Number_of_Reviews":"","Address":"","Reviewer":"Joyce Liu","Reviewer_page":"https://www.google.com/maps/contrib/108226554947640271034/reviews?hl=en-US","Review_time":"4 months ago","Review":"Small store, but friendly employees, received my order quickly, and my order was made correctly","Likes":""},{"Name":"","Category":"","Rating":" 3 stars ","Number_of_Reviews":"","Address":"","Reviewer":"Zan Stefanic","Reviewer_page":"https://www.google.com/maps/contrib/112750816087623341298/reviews?hl=en-US","Review_time":"3 weeks ago","Review":"Overrated, you can find better coffee elsewhere and cheaper too.","Likes":""},{"Name":"","Category":"","Rating":" 3 stars ","Number_of_Reviews":"","Address":"","Reviewer":"Andres Garcia 4K","Reviewer_page":"https://www.google.com/maps/contrib/105981965536742988708/reviews?hl=en-US","Review_time":"4 weeks ago","Review":"Lady grace was in a bad mood today so sad about that.","Likes":""},{"Name":"","Category":"","Rating":" 1 star ","Number_of_Reviews":"","Address":"","Reviewer":"Yonas Belay","Reviewer_page":"https://www.google.com/maps/contrib/105809860923912825662/reviews?hl=en-US","Review_time":"8 months ago","Review":"The order was made through uber eats,it's really poor packing, by the time the order arrives it's orady damage, some Starbucks put stickers on the cup, 100 William street Starbucks need to learn from other stores","Likes":""},{"Name":"","Category":"","Rating":" 1 star ","Number_of_Reviews":"","Address":"","Reviewer":"Ammie Lin","Reviewer_page":"https://www.google.com/maps/contrib/105883694604743462149/reviews?hl=en-US","Review_time":"a year ago","Review":"Every single time I come here, the line is out the door or they’re too busy prioritizing online orders. I’m in a rush to get to work. Starbucks coffee shouldnt take more than 5 minutes. Thank god theres a Dunkin’ Donuts around the corner.  And they consistently make my drink and food order within 5 minutes everytime. Oh and they only have one or two employees working every time too.","Likes":"1"},{"Name":"","Category":"","Rating":" 3 stars ","Number_of_Reviews":"","Address":"","Reviewer":"Tiffany","Reviewer_page":"https://www.google.com/maps/contrib/105513250932949737117/reviews?hl=en-US","Review_time":"2 years ago","Review":"This is the worst Starbucks in difi. I work around here and every single time I go to this Starbucks there mess up my order. They need to be more detailed orientated and self aware of what’s people order. They seem to handle all mobiles first and have their clients waiting over 10 minutes and starts getting packed.","Likes":"1"},{"Name":"","Category":"","Rating":" 5 stars ","Number_of_Reviews":"","Address":"","Reviewer":"Allen Pacino","Reviewer_page":"https://www.google.com/maps/contrib/112704439028042180045/reviews?hl=en-US","Review_time":"a year ago","Review":"I ordered Caramel Macchiato and a brownie. They made them very quickly and also asked me if I like the brownie to be warmed. The warmed Brownie was really delicious.","Likes":""},{"Name":"","Category":"","Rating":" 1 star ","Number_of_Reviews":"","Address":"","Reviewer":"mikiyas yisma","Reviewer_page":"https://www.google.com/maps/contrib/104837200483858963942/reviews?hl=en-US","Review_time":"8 months ago","Review":"Some of the staff unprofessional and rude especially Older female who works there she need to be more professional, especially the way she treat delivery person unprofessional and rude, she need understand that customer pay his money to get the order like everybody else","Likes":""},{"Name":"","Category":"","Rating":" 1 star ","Number_of_Reviews":"","Address":"","Reviewer":"Daniel Mogul","Reviewer_page":"https://www.google.com/maps/contrib/112144559327918570779/reviews?hl=en-US","Review_time":"2 years ago","Review":"The worst Starbucks ever. Terrible service. Superviser should pay attention what is going on there. This guy who is placing orders has hearing issues and very rude, he over charged me for coffee. I asked for medium coffee with skim milk he charged me 5$. For my question Why it was 3$ yesterday and 5$ today he said that they charge more for skim milk TOday!! And if I don’t like it don’t come back. This is what he said.\nThis is unacceptable. This people support Black Life Matter and refuse do be polite to white  people. I will be complaining directly to Starbucks.","Likes":""},{"Name":"","Category":"","Rating":" 1 star ","Number_of_Reviews":"","Address":"","Reviewer":"Tyler Nolan","Reviewer_page":"https://www.google.com/maps/contrib/110688343591439094506/reviews?hl=en-US","Review_time":"4 years ago","Review":"Always super slow. Order from the mobile app all the time. The order should be done by 5-7 minutes but I walk in and it takes another 5 minutes to get my order done. Sometimes I order my order when I’m 10 minutes away and it still isn’t ready. The most annoying part is, I order these orders usually around 6 pm when no one is in the store. The store employees are either not paying attention or not around when I walk in. This is really annoying and it makes me late for work. It would be quicker to just walk in and order instead of using the app and ordering 10 minutes before! This is a constant trend at this location.","Likes":""},{"Name":"","Category":"","Rating":" 1 star ","Number_of_Reviews":"","Address":"","Reviewer":"Suzi B","Reviewer_page":"https://www.google.com/maps/contrib/114109769212840524757/reviews?hl=en-US","Review_time":"2 years ago","Review":"Will not return to this location. Unorganized & slow. Ordered a drink and food. Drink came out quick, but worker in charge of food food his sweet ol time. Finished my drink before I even got my croissant!","Likes":"1"},{"Name":"","Category":"","Rating":" 4 stars ","Number_of_Reviews":"","Address":"","Reviewer":"Suzy M.","Reviewer_page":"https://www.google.com/maps/contrib/116385386048738423178/reviews?hl=en-US","Review_time":"a year ago","Review":"Staff is always friendly, store is kept neat & clean, but they tend to run out of stuff by early mid-day.","Likes":""},{"Name":"","Category":"","Rating":" 3 stars ","Number_of_Reviews":"","Address":"","Reviewer":"Anupama Baliga","Reviewer_page":"https://www.google.com/maps/contrib/114920179492715680389/reviews?hl=en-US","Review_time":"6 years ago","Review":"This store is very close to where I work. I'm a regular customer at this stores. I mostly use mobile app to order so that I can pick up my order quickly. The service has deteriorated lately and they messed up my order on 2 consecutive days already. The first time, I let it go but the 2nd time they messed up, the attitude of the person who was preparing the drink was 'what's the big deal? why are you bothering me?'. I did not even get an apology from the people who served my order. Next time, I'll be going to another coffee place!","Likes":""},{"Name":"","Category":"","Rating":" 5 stars ","Number_of_Reviews":"","Address":"","Reviewer":"Deepak Jaisingh","Reviewer_page":"https://www.google.com/maps/contrib/111772724745834466078/reviews?hl=en-US","Review_time":"4 years ago","Review":"The first Starbucks cappuccino I had was here when I came to New York. It was awesome, I liked the taste of the coffee. Thereafter I used to always have Starbucks cappuccino where ever available. This outlet is not very large but nicely done up, food was displayed prominently. I like the service here.","Likes":"1"},{"Name":"","Category":"","Rating":" 1 star ","Number_of_Reviews":"","Address":"","Reviewer":"Linnea Larsson","Reviewer_page":"https://www.google.com/maps/contrib/110929415414909675200/reviews?hl=en-US","Review_time":"5 years ago","Review":"This location used to be amazing, but no more. Staff is disorganized, not paying attention to the customer in front of them. The wait is terrible and 2 times out of my 4 visits in June, they forgot to make my drink order. There is no true leadership at this location anymore and the lack of customer care is apparent","Likes":""},{"Name":"","Category":"","Rating":" 1 star ","Number_of_Reviews":"","Address":"","Reviewer":"Nico R","Reviewer_page":"https://www.google.com/maps/contrib/100439806855969484749/reviews?hl=en-US","Review_time":"a year ago","Review":"Employees do not greet you or show any enthusiasm. Blender has been \"broken\" for over week. So no frappaccinos or frozen beverages","Likes":"1"},{"Name":"","Category":"","Rating":" 1 star ","Number_of_Reviews":"","Address":"","Reviewer":"Trevor","Reviewer_page":"https://www.google.com/maps/contrib/106555989541057287249/reviews?hl=en-US","Review_time":"8 years ago","Review":"This is probably the worst Starbucks in Manhattan. The people who work there are slow and rude. It takes minutes to get a regular coffee even while there are employees just standing there not busy. They never offer to give your receipt (treat receipt month) and give an attitude for doing their job. The building its self is also tiny.","Likes":""},{"Name":"","Category":"","Rating":" 3 stars ","Number_of_Reviews":"","Address":"","Reviewer":"Kelsye S","Reviewer_page":"https://www.google.com/maps/contrib/110002765361548222450/reviews?hl=en-US","Review_time":"5 years ago","Review":"Super busy location (which isn't their fault). Staff always seem to not care about anything, And are always out of what I want or it has suddenly been \"discontinued\". 3/4 times I've been there they got my order wrong... 😕","Likes":""},{"Name":"","Category":"","Rating":" 3 stars ","Number_of_Reviews":"","Address":"","Reviewer":"Rich Pantoliano Jr","Reviewer_page":"https://www.google.com/maps/contrib/107715603515152744962/reviews?hl=en-US","Review_time":"5 years ago","Review":"No seating and difficult to actually get in.  The person at the register forgot to put my cup on the counter for the barista, but the barista was incredibly nice about filling my order quickly when I asked about it.","Likes":""},{"Name":"","Category":"","Rating":" 1 star ","Number_of_Reviews":"","Address":"","Reviewer":"Cristina Ann Cruz","Reviewer_page":"https://www.google.com/maps/contrib/117778519760828369805/reviews?hl=en-US","Review_time":"4 years ago","Review":"After my purchase of a venti caramel, I was informed that the  “Bathroom “ was for employees only.. not cool.. went across to au bon pain, friendly and was able to use the restroom.","Likes":""},{"Name":"","Category":"","Rating":" 1 star ","Number_of_Reviews":"","Address":"","Reviewer":"Emma","Reviewer_page":"https://www.google.com/maps/contrib/118155707405464937269/reviews?hl=en-US","Review_time":"a year ago","Review":"Very slow and slow disorganized space. They gave my drink to someone else and when they remade mine it was wrong","Likes":"2"},{"Name":"","Category":"","Rating":" 1 star ","Number_of_Reviews":"","Address":"","Reviewer":"Jessica Vargas","Reviewer_page":"https://www.google.com/maps/contrib/107502475346408005621/reviews?hl=en-US","Review_time":"4 years ago","Review":"This location is terrible! the wait is insane, they are super disorganized and the staff is always in a flustered state. I take breaks from this location and every time I decide to go back and give them a chance its the same mess.","Likes":""},{"Name":"","Category":"","Rating":" 5 stars ","Number_of_Reviews":"","Address":"","Reviewer":"Bryce Council","Reviewer_page":"https://www.google.com/maps/contrib/115833471939048246125/reviews?hl=en-US","Review_time":"6 years ago","Review":"They remember your name and are typically very quick with your order. The place is a little cramped especially first thing in the morning but otherwise awesome!","Likes":""},{"Name":"","Category":"","Rating":" 1 star ","Number_of_Reviews":"","Address":"","Reviewer":"Carlos Guerra","Reviewer_page":"https://www.google.com/maps/contrib/113144309247343283400/reviews?hl=en-US","Review_time":"3 years ago","Review":"Terrible. I ordered online and I still had to wait another 10 minutes when my order was \"ready\". Also, I ordered a Bacon, Gouda and Egg Sandwich that did not have bacon a very little cheese.","Likes":""},{"Name":"","Category":"","Rating":" 3 stars ","Number_of_Reviews":"","Address":"","Reviewer":"Jaime Bills","Reviewer_page":"https://www.google.com/maps/contrib/116612652050846017458/reviews?hl=en-US","Review_time":"a year ago","Review":"The line at this location was too long! I waited such a long time to get my coffee.","Likes":""},{"Name":"","Category":"","Rating":" 5 stars ","Number_of_Reviews":"","Address":"","Reviewer":"Lauren Prescott","Reviewer_page":"https://www.google.com/maps/contrib/116961927377439956782/reviews?hl=en-US","Review_time":"a year ago","Review":"The people here were really friendly and helpful despite being crazy busy","Likes":""},{"Name":"","Category":"","Rating":" 4 stars ","Number_of_Reviews":"","Address":"","Reviewer":"Julie Wurzel","Reviewer_page":"https://www.google.com/maps/contrib/100145488363514640518/reviews?hl=en-US","Review_time":"2 years ago","Review":"Love that the baristas know just how I like my\nCoffee without asking. Just wish this particular Starbucks location was a little bit bigger.","Likes":""},{"Name":"","Category":"","Rating":" 1 star ","Number_of_Reviews":"","Address":"","Reviewer":"Jorge C","Reviewer_page":"https://www.google.com/maps/contrib/100180334016558706878/reviews?hl=en-US","Review_time":"6 years ago","Review":"The two servers in the afternoon were so slow it was actually faster to walk over to Nassau to get my drink. Ever since J left this store has turned to crap.","Likes":""},{"Name":"","Category":"","Rating":" 5 stars ","Number_of_Reviews":"","Address":"","Reviewer":"R S","Reviewer_page":"https://www.google.com/maps/contrib/102548690143496354321/reviews?hl=en-US","Review_time":"5 years ago","Review":"Excellent customer service. I threw my coffee in the garbage can by accident lol. I When to get a new one they didn't charge me.","Likes":""},{"Name":"","Category":"","Rating":" 4 stars ","Number_of_Reviews":"","Address":"","Reviewer":"Marcela Kelly","Reviewer_page":"https://www.google.com/maps/contrib/107175724981467530961/reviews?hl=en-US","Review_time":"a year ago","Review":"Expect a long line. They seem to be short staffed.","Likes":""},{"Name":"","Category":"","Rating":" 5 stars ","Number_of_Reviews":"","Address":"","Reviewer":"Abdalla “Abby” Westbrook","Reviewer_page":"https://www.google.com/maps/contrib/107669177148404026511/reviews?hl=en-US","Review_time":"6 years ago","Review":"Best time to go is after the morning rush, to many people during the afternoon I get exactly what I want and very fast.","Likes":""},{"Name":"","Category":"","Rating":" 5 stars ","Number_of_Reviews":"","Address":"","Reviewer":"Mark Wyssbrod","Reviewer_page":"https://www.google.com/maps/contrib/109893245339766211506/reviews?hl=en-US","Review_time":"5 months ago","Review":"fast and friendly!","Likes":""},{"Name":"","Category":"","Rating":" 3 stars ","Number_of_Reviews":"","Address":"","Reviewer":"Retrace","Reviewer_page":"https://www.google.com/maps/contrib/116346977659724434025/reviews?hl=en-US","Review_time":"10 months ago","Review":"Has gotten better post pandemic.","Likes":""},{"Name":"","Category":"","Rating":" 5 stars ","Number_of_Reviews":"","Address":"","Reviewer":"Katherine Navarro","Reviewer_page":"https://www.google.com/maps/contrib/113960533689806748344/reviews?hl=en-US","Review_time":"3 years ago","Review":"The girls are all so eager to help. They make my mornings better.","Likes":""},{"Name":"","Category":"","Rating":" 4 stars ","Number_of_Reviews":"","Address":"","Reviewer":"Mahdi Khan","Reviewer_page":"https://www.google.com/maps/contrib/115353577630729468394/reviews?hl=en-US","Review_time":"4 years ago","Review":"A typical Starbucks experience with great staff and relaxed layout","Likes":""},{"Name":"","Category":"","Rating":" 3 stars ","Number_of_Reviews":"","Address":"","Reviewer":"Leopold W.","Reviewer_page":"https://www.google.com/maps/contrib/102696333036675859365/reviews?hl=en-US","Review_time":"6 years ago","Review":"This is a very crowded place. No seats. They should rent the coffee place next door, which just closed down.","Likes":""},{"Name":"","Category":"","Rating":" 1 star ","Number_of_Reviews":"","Address":"","Reviewer":"Fugazy 5","Reviewer_page":"https://www.google.com/maps/contrib/112392001491733748780/reviews?hl=en-US","Review_time":"5 years ago","Review":"Coffee was OK but do not order food.  They served cold and stale breakfast wraps.","Likes":""},{"Name":"","Category":"","Rating":" 1 star ","Number_of_Reviews":"","Address":"","Reviewer":"Francis Allen","Reviewer_page":"https://www.google.com/maps/contrib/109458431624037051789/reviews?hl=en-US","Review_time":"2 years ago","Review":"Apparently they lock the doors before the posted closing time. FYI.","Likes":""},{"Name":"","Category":"","Rating":" 1 star ","Number_of_Reviews":"","Address":"","Reviewer":"Zoran Lazic","Reviewer_page":"https://www.google.com/maps/contrib/117864694332292129654/reviews?hl=en-US","Review_time":"2 years ago","Review":"Staff unprofessional and never listened to the orders you please.","Likes":"1"},{"Name":"","Category":"","Rating":" 3 stars ","Number_of_Reviews":"","Address":"","Reviewer":"Christopher Dawkins","Reviewer_page":"https://www.google.com/maps/contrib/107343116910434402824/reviews?hl=en-US","Review_time":"3 years ago","Review":"Hard kind workers, but need another oven. The food wait is terrible.","Likes":""},{"Name":"","Category":"","Rating":" 4 stars ","Number_of_Reviews":"","Address":"","Reviewer":"Raymond Yip","Reviewer_page":"https://www.google.com/maps/contrib/100266432930228149021/reviews?hl=en-US","Review_time":"5 years ago","Review":"Quick place to grab a coffee, one of their smaller locations","Likes":""},{"Name":"","Category":"","Rating":" 3 stars ","Number_of_Reviews":"","Address":"","Reviewer":"Florin Neamtu","Reviewer_page":"https://www.google.com/maps/contrib/107333515326468990445/reviews?hl=en-US","Review_time":"5 years ago","Review":"An other Starbucks store. Same overpriced coffee and whatever else. Sells the experience not the product.","Likes":""},{"Name":"","Category":"","Rating":" 1 star ","Number_of_Reviews":"","Address":"","Reviewer":"Leana S","Reviewer_page":"https://www.google.com/maps/contrib/108236802189630534076/reviews?hl=en-US","Review_time":"2 years ago","Review":"Just FYI - The mobile orders NEVER work","Likes":""},{"Name":"","Category":"","Rating":" 5 stars ","Number_of_Reviews":"","Address":"","Reviewer":"Mark Watson","Reviewer_page":"https://www.google.com/maps/contrib/111353288711775193336/reviews?hl=en-US","Review_time":"2 months ago","Review":"The usual Starbucks  ;)","Likes":""},{"Name":"","Category":"","Rating":" 5 stars ","Number_of_Reviews":"","Address":"","Reviewer":"carlos nunez","Reviewer_page":"https://www.google.com/maps/contrib/103052578492422247512/reviews?hl=en-US","Review_time":"5 years ago","Review":"nice place but small and it gets really crowded.","Likes":""},{"Name":"","Category":"","Rating":" 4 stars ","Number_of_Reviews":"","Address":"","Reviewer":"Sasha gram","Reviewer_page":"https://www.google.com/maps/contrib/103551587345491895032/reviews?hl=en-US","Review_time":"5 years ago","Review":"Store service is horrible now when Caprice and Tima aren't working.","Likes":"1"},{"Name":"","Category":"","Rating":" 3 stars ","Number_of_Reviews":"","Address":"","Reviewer":"Hyunsoo Park","Reviewer_page":"https://www.google.com/maps/contrib/114689503861336671447/reviews?hl=en-US","Review_time":"6 years ago","Review":"it's ok but there was always long line whenever I visited","Likes":""},{"Name":"","Category":"","Rating":" 5 stars ","Number_of_Reviews":"","Address":"","Reviewer":"kareh hartig","Reviewer_page":"https://www.google.com/maps/contrib/116383678103861930838/reviews?hl=en-US","Review_time":"2 years ago","Review":"C'mon it's Star Bees ! You know its awesome!!!!!","Likes":"1"},{"Name":"","Category":"","Rating":" 5 stars ","Number_of_Reviews":"","Address":"","Reviewer":"Elisa Garcia","Reviewer_page":"https://www.google.com/maps/contrib/106070002491357975169/reviews?hl=en-US","Review_time":"6 months ago","Review":"Friendly baristas","Likes":""},{"Name":"","Category":"","Rating":" 4 stars ","Number_of_Reviews":"","Address":"","Reviewer":"Lydia Ortiz-Lugo","Reviewer_page":"https://www.google.com/maps/contrib/111648309739102247293/reviews?hl=en-US","Review_time":"5 years ago","Review":"Fast and friendly wait staff","Likes":""},{"Name":"","Category":"","Rating":" 4 stars ","Number_of_Reviews":"","Address":"","Reviewer":"Jimmy Mui","Reviewer_page":"https://www.google.com/maps/contrib/107781830261434537733/reviews?hl=en-US","Review_time":"5 years ago","Review":"Quick snack during work time.","Likes":""},{"Name":"","Category":"","Rating":" 3 stars ","Number_of_Reviews":"","Address":"","Reviewer":"Tendai Rukobo","Reviewer_page":"https://www.google.com/maps/contrib/116230410261734520773/reviews?hl=en-US","Review_time":"5 years ago","Review":"One of the smallest Starbucks I have ever seen.","Likes":""},{"Name":"","Category":"","Rating":" 5 stars ","Number_of_Reviews":"","Address":"","Reviewer":"Hany Youssef","Reviewer_page":"https://www.google.com/maps/contrib/113121081860323022706/reviews?hl=en-US","Review_time":"a year ago","Review":"Small cozy branch","Likes":""},{"Name":"","Category":"","Rating":" 1 star ","Number_of_Reviews":"","Address":"","Reviewer":"Bernadette Clinton","Reviewer_page":"https://www.google.com/maps/contrib/104557669423425787186/reviews?hl=en-US","Review_time":"a year ago","Review":"C/s is horrible","Likes":""},{"Name":"","Category":"","Rating":" 5 stars ","Number_of_Reviews":"","Address":"","Reviewer":"Andre Lewis (#bksocialentrepreneur)","Reviewer_page":"https://www.google.com/maps/contrib/106020314758157035852/reviews?hl=en-US","Review_time":"2 years ago","Review":"Great location and fast","Likes":""},{"Name":"","Category":"","Rating":" 3 stars ","Number_of_Reviews":"","Address":"","Reviewer":"Brandon Smith","Reviewer_page":"https://www.google.com/maps/contrib/114023304854359148652/reviews?hl=en-US","Review_time":"4 years ago","Review":"Staff wasn't great","Likes":""},{"Name":"","Category":"","Rating":" 4 stars ","Number_of_Reviews":"","Address":"","Reviewer":"April Malone-Cole","Reviewer_page":"https://www.google.com/maps/contrib/117454029738384654622/reviews?hl=en-US","Review_time":"3 years ago","Review":"It's a Starbucks...Nuff said.","Likes":""},{"Name":"","Category":"","Rating":" 2 stars ","Number_of_Reviews":"","Address":"","Reviewer":"adr123","Reviewer_page":"https://www.google.com/maps/contrib/106055004046289748316/reviews?hl=en-US","Review_time":"3 years ago","Review":"No chairs or tables","Likes":""},{"Name":"","Category":"","Rating":" 5 stars ","Number_of_Reviews":"","Address":"","Reviewer":"maria arambulo","Reviewer_page":"https://www.google.com/maps/contrib/116298402018549237726/reviews?hl=en-US","Review_time":"a year ago","Review":"Excellent service","Likes":""},{"Name":"","Category":"","Rating":" 3 stars ","Number_of_Reviews":"","Address":"","Reviewer":"Phillip Trenk","Reviewer_page":"https://www.google.com/maps/contrib/117056072798228500950/reviews?hl=en-US","Review_time":"6 years ago","Review":"Really long line in the morning","Likes":""},{"Name":"","Category":"","Rating":" 5 stars ","Number_of_Reviews":"","Address":"","Reviewer":"Pauline Wong","Reviewer_page":"https://www.google.com/maps/contrib/109682183324873187365/reviews?hl=en-US","Review_time":"2 years ago","Review":"Great service.","Likes":""},{"Name":"","Category":"","Rating":" 4 stars ","Number_of_Reviews":"","Address":"","Reviewer":"lee jack","Reviewer_page":"https://www.google.com/maps/contrib/105954706404537052001/reviews?hl=en-US","Review_time":"6 years ago","Review":"Best drinks.","Likes":""},{"Name":"","Category":"","Rating":" 5 stars ","Number_of_Reviews":"","Address":"","Reviewer":"Sean Cannon","Reviewer_page":"https://www.google.com/maps/contrib/102339834712339793720/reviews?hl=en-US","Review_time":"2 years ago","Review":"Awesome service","Likes":""},{"Name":"","Category":"","Rating":" 3 stars ","Number_of_Reviews":"","Address":"","Reviewer":"Ashik Kabir","Reviewer_page":"https://www.google.com/maps/contrib/111730341214824238825/reviews?hl=en-US","Review_time":"4 years ago","Review":"Nice bathroom","Likes":""},{"Name":"","Category":"","Rating":" 5 stars ","Number_of_Reviews":"","Address":"","Reviewer":"Taha Raja","Reviewer_page":"https://www.google.com/maps/contrib/116319805503128328806/reviews?hl=en-US","Review_time":"a year ago","Review":"As expected.","Likes":""},{"Name":"","Category":"","Rating":" 4 stars ","Number_of_Reviews":"","Address":"","Reviewer":"carlton gordon","Reviewer_page":"https://www.google.com/maps/contrib/112793813620853825829/reviews?hl=en-US","Review_time":"3 years ago","Review":"Nice","Likes":""},{"Name":"","Category":"","Rating":" 5 stars ","Number_of_Reviews":"","Address":"","Reviewer":"Alton Pierce","Reviewer_page":"https://www.google.com/maps/contrib/106206729360866449901/reviews?hl=en-US","Review_time":"4 years ago","Review":"It's Starbucks baby","Likes":""},{"Name":"","Category":"","Rating":" 3 stars ","Number_of_Reviews":"","Address":"","Reviewer":"Rafael López, Jr.","Reviewer_page":"https://www.google.com/maps/contrib/103936756056391014023/reviews?hl=en-US","Review_time":"3 years ago","Review":"Tiny space.","Likes":""},{"Name":"","Category":"","Rating":" 5 stars ","Number_of_Reviews":"","Address":"","Reviewer":"Sandra Ferrari","Reviewer_page":"https://www.google.com/maps/contrib/115545159138020081209/reviews?hl=en-US","Review_time":"3 years ago","Review":"Too expensive","Likes":"1"},{"Name":"","Category":"","Rating":" 5 stars ","Number_of_Reviews":"","Address":"","Reviewer":"Sun Shine","Reviewer_page":"https://www.google.com/maps/contrib/107870584726044035477/reviews?hl=en-US","Review_time":"3 years ago","Review":"Yum","Likes":""},{"Name":"","Category":"","Rating":" 3 stars ","Number_of_Reviews":"","Address":"","Reviewer":"Margaret Marshall","Reviewer_page":"https://www.google.com/maps/contrib/107829284305099266255/reviews?hl=en-US","Review_time":"5 years ago","Review":"Nowhere to sit","Likes":""},{"Name":"","Category":"","Rating":" 4 stars ","Number_of_Reviews":"","Address":"","Reviewer":"J ALEJANDRO FARFAN","Reviewer_page":"https://www.google.com/maps/contrib/115083656236904972051/reviews?hl=en-US","Review_time":"3 years ago","Review":"(Translated by Google) Good place to protect the cold .. as well as tip is one of the few places in NY to get wi Fi free\n\n(Original)\nBuen lugar para resguardar el frío ..además como tip es de los pocos lugares en NY para obtener wi Fi libre","Likes":""},{"Name":"","Category":"","Rating":" 5 stars ","Number_of_Reviews":"","Address":"","Reviewer":"Tony Rodriguez","Reviewer_page":"https://www.google.com/maps/contrib/108599684310632526237/reviews?hl=en-US","Review_time":"5 years ago","Review":"(Translated by Google) Nice place, very good attention, I recommend it.\n\n(Original)\nBonito lugar, muy buena atención , lo recomiendo.","Likes":""},{"Name":"","Category":"","Rating":" 4 stars ","Number_of_Reviews":"","Address":"","Reviewer":"Christopher Ramroop","Reviewer_page":"https://www.google.com/maps/contrib/113116487083610994328/reviews?hl=en-US","Review_time":"2 weeks ago","Review":"","Likes":""},{"Name":"","Category":"","Rating":" 5 stars ","Number_of_Reviews":"","Address":"","Reviewer":"Michael Hale","Reviewer_page":"https://www.google.com/maps/contrib/109268848891388574609/reviews?hl=en-US","Review_time":"2 months ago","Review":"","Likes":""},{"Name":"","Category":"","Rating":" 2 stars ","Number_of_Reviews":"","Address":"","Reviewer":"Stéphanie Savoyant","Reviewer_page":"https://www.google.com/maps/contrib/109818733449928951425/reviews?hl=en-US","Review_time":"3 years ago","Review":"(Translated by Google) Unpleasant reception\n\n(Original)\nAccueil désagréable","Likes":""},{"Name":"","Category":"","Rating":" 4 stars ","Number_of_Reviews":"","Address":"","Reviewer":"Thomas Hagen","Reviewer_page":"https://www.google.com/maps/contrib/105865222026347094095/reviews?hl=en-US","Review_time":"11 months ago","Review":"","Likes":""},{"Name":"","Category":"","Rating":" 4 stars ","Number_of_Reviews":"","Address":"","Reviewer":"Percy thomas","Reviewer_page":"https://www.google.com/maps/contrib/113353949177437211469/reviews?hl=en-US","Review_time":"a year ago","Review":"","Likes":""},{"Name":"","Category":"","Rating":" 5 stars ","Number_of_Reviews":"","Address":"","Reviewer":"Jo Hirsch","Reviewer_page":"https://www.google.com/maps/contrib/111246606916837175677/reviews?hl=en-US","Review_time":"3 weeks ago","Review":"","Likes":""},{"Name":"","Category":"","Rating":" 5 stars ","Number_of_Reviews":"","Address":"","Reviewer":"Elpidio Arias","Reviewer_page":"https://www.google.com/maps/contrib/116865130494508702051/reviews?hl=en-US","Review_time":"6 years ago","Review":"","Likes":""},{"Name":"","Category":"","Rating":" 4 stars ","Number_of_Reviews":"","Address":"","Reviewer":"Shay O","Reviewer_page":"https://www.google.com/maps/contrib/111629569662450589616/reviews?hl=en-US","Review_time":"3 years ago","Review":"","Likes":""},{"Name":"","Category":"","Rating":" 1 star ","Number_of_Reviews":"","Address":"","Reviewer":"Angel (Angeln9ner)","Reviewer_page":"https://www.google.com/maps/contrib/105678545020274036333/reviews?hl=en-US","Review_time":"3 years ago","Review":"","Likes":""},{"Name":"","Category":"","Rating":" 4 stars ","Number_of_Reviews":"","Address":"","Reviewer":"s.e. spann","Reviewer_page":"https://www.google.com/maps/contrib/111407684022047458514/reviews?hl=en-US","Review_time":"4 years ago","Review":"","Likes":""},{"Name":"","Category":"","Rating":" 4 stars ","Number_of_Reviews":"","Address":"","Reviewer":"BriceLynn","Reviewer_page":"https://www.google.com/maps/contrib/109744584359921888054/reviews?hl=en-US","Review_time":"3 years ago","Review":"","Likes":""},{"Name":"","Category":"","Rating":" 3 stars ","Number_of_Reviews":"","Address":"","Reviewer":"Janzel Devonish","Reviewer_page":"https://www.google.com/maps/contrib/111773330687820181959/reviews?hl=en-US","Review_time":"3 years ago","Review":"","Likes":""},{"Name":"","Category":"","Rating":" 4 stars ","Number_of_Reviews":"","Address":"","Reviewer":"Salvatore Rosselli","Reviewer_page":"https://www.google.com/maps/contrib/111635332346876619371/reviews?hl=en-US","Review_time":"3 years ago","Review":"","Likes":""},{"Name":"","Category":"","Rating":" 5 stars ","Number_of_Reviews":"","Address":"","Reviewer":"Venus Escobar","Reviewer_page":"https://www.google.com/maps/contrib/111891736197302965655/reviews?hl=en-US","Review_time":"2 years ago","Review":"","Likes":""},{"Name":"","Category":"","Rating":" 1 star ","Number_of_Reviews":"","Address":"","Reviewer":"Aleksiy","Reviewer_page":"https://www.google.com/maps/contrib/100124660333150814077/reviews?hl=en-US","Review_time":"3 years ago","Review":"","Likes":""},{"Name":"","Category":"","Rating":" 4 stars ","Number_of_Reviews":"","Address":"","Reviewer":"Sulkhan Takidze","Reviewer_page":"https://www.google.com/maps/contrib/101994287483034645216/reviews?hl=en-US","Review_time":"3 years ago","Review":"","Likes":""},{"Name":"","Category":"","Rating":" 4 stars ","Number_of_Reviews":"","Address":"","Reviewer":"Werner Habel","Reviewer_page":"https://www.google.com/maps/contrib/106831365983887778084/reviews?hl=en-US","Review_time":"7 years ago","Review":"","Likes":""},{"Name":"","Category":"","Rating":" 4 stars ","Number_of_Reviews":"","Address":"","Reviewer":"Shellylou Fogarty","Reviewer_page":"https://www.google.com/maps/contrib/116643661901335557904/reviews?hl=en-US","Review_time":"2 months ago","Review":"","Likes":""},{"Name":"","Category":"","Rating":" 1 star ","Number_of_Reviews":"","Address":"","Reviewer":"Belisario Rojas","Reviewer_page":"https://www.google.com/maps/contrib/107917924926568196956/reviews?hl=en-US","Review_time":"a year ago","Review":"","Likes":""},{"Name":"","Category":"","Rating":" 3 stars ","Number_of_Reviews":"","Address":"","Reviewer":"Rifayat Quadir","Reviewer_page":"https://www.google.com/maps/contrib/106603646059866391258/reviews?hl=en-US","Review_time":"5 years ago","Review":"","Likes":""},{"Name":"","Category":"","Rating":" 4 stars ","Number_of_Reviews":"","Address":"","Reviewer":"Crystal G","Reviewer_page":"https://www.google.com/maps/contrib/110222416559040798401/reviews?hl=en-US","Review_time":"3 years ago","Review":"","Likes":""},{"Name":"","Category":"","Rating":" 3 stars ","Number_of_Reviews":"","Address":"","Reviewer":"sinan erel","Reviewer_page":"https://www.google.com/maps/contrib/107821815236197059478/reviews?hl=en-US","Review_time":"5 years ago","Review":"","Likes":""},{"Name":"","Category":"","Rating":" 3 stars ","Number_of_Reviews":"","Address":"","Reviewer":"Varvara Mokrushina","Reviewer_page":"https://www.google.com/maps/contrib/115312662617075032355/reviews?hl=en-US","Review_time":"3 years ago","Review":"","Likes":""},{"Name":"","Category":"","Rating":" 4 stars ","Number_of_Reviews":"","Address":"","Reviewer":"Moti Gargir","Reviewer_page":"https://www.google.com/maps/contrib/117140441730656748461/reviews?hl=en-US","Review_time":"3 years ago","Review":"","Likes":""},{"Name":"","Category":"","Rating":" 5 stars ","Number_of_Reviews":"","Address":"","Reviewer":"DJand wolfbrandt","Reviewer_page":"https://www.google.com/maps/contrib/110660637783502129140/reviews?hl=en-US","Review_time":"2 years ago","Review":"","Likes":""},{"Name":"","Category":"","Rating":" 5 stars ","Number_of_Reviews":"","Address":"","Reviewer":"montse sentís","Reviewer_page":"https://www.google.com/maps/contrib/116136707284159418625/reviews?hl=en-US","Review_time":"2 years ago","Review":"","Likes":""},{"Name":"","Category":"","Rating":" 2 stars ","Number_of_Reviews":"","Address":"","Reviewer":"Marion Jones","Reviewer_page":"https://www.google.com/maps/contrib/108556358939704353629/reviews?hl=en-US","Review_time":"2 years ago","Review":"","Likes":""},{"Name":"","Category":"","Rating":" 5 stars ","Number_of_Reviews":"","Address":"","Reviewer":"Audra Namm","Reviewer_page":"https://www.google.com/maps/contrib/110748304347771319380/reviews?hl=en-US","Review_time":"3 years ago","Review":"","Likes":""},{"Name":"","Category":"","Rating":" 1 star ","Number_of_Reviews":"","Address":"","Reviewer":"Shaun Choo","Reviewer_page":"https://www.google.com/maps/contrib/103774383513816756123/reviews?hl=en-US","Review_time":"a year ago","Review":"","Likes":""},{"Name":"","Category":"","Rating":" 3 stars ","Number_of_Reviews":"","Address":"","Reviewer":"Mingzhu Hou","Reviewer_page":"https://www.google.com/maps/contrib/114730464606272704453/reviews?hl=en-US","Review_time":"8 years ago","Review":"","Likes":""},{"Name":"","Category":"","Rating":" 5 stars ","Number_of_Reviews":"","Address":"","Reviewer":"Kristie Y","Reviewer_page":"https://www.google.com/maps/contrib/115704325371553843257/reviews?hl=en-US","Review_time":"3 years ago","Review":"","Likes":""},{"Name":"","Category":"","Rating":" 4 stars ","Number_of_Reviews":"","Address":"","Reviewer":"Janzel Devonish-Richmond","Reviewer_page":"https://www.google.com/maps/contrib/113219356176302578896/reviews?hl=en-US","Review_time":"3 years ago","Review":"","Likes":""},{"Name":"","Category":"","Rating":" 5 stars ","Number_of_Reviews":"","Address":"","Reviewer":"Sayed Tamim Akbari","Reviewer_page":"https://www.google.com/maps/contrib/101265244310536186283/reviews?hl=en-US","Review_time":"2 years ago","Review":"","Likes":""},{"Name":"","Category":"","Rating":" 5 stars ","Number_of_Reviews":"","Address":"","Reviewer":"JR 1322","Reviewer_page":"https://www.google.com/maps/contrib/104425546813071664610/reviews?hl=en-US","Review_time":"3 years ago","Review":"","Likes":""},{"Name":"","Category":"","Rating":" 5 stars ","Number_of_Reviews":"","Address":"","Reviewer":"miguel domingos helena","Reviewer_page":"https://www.google.com/maps/contrib/116805783991315968126/reviews?hl=en-US","Review_time":"a month ago","Review":"","Likes":""},{"Name":"","Category":"","Rating":" 5 stars ","Number_of_Reviews":"","Address":"","Reviewer":"Alfin Resa Dwi Satrio","Reviewer_page":"https://www.google.com/maps/contrib/117636793859157843620/reviews?hl=en-US","Review_time":"3 years ago","Review":"","Likes":""},{"Name":"","Category":"","Rating":" 5 stars ","Number_of_Reviews":"","Address":"","Reviewer":"Gabry","Reviewer_page":"https://www.google.com/maps/contrib/115884621951821741508/reviews?hl=en-US","Review_time":"3 years ago","Review":"","Likes":""},{"Name":"","Category":"","Rating":" 5 stars ","Number_of_Reviews":"","Address":"","Reviewer":"Tiffany Lim","Reviewer_page":"https://www.google.com/maps/contrib/113020122543237436132/reviews?hl=en-US","Review_time":"a year ago","Review":"","Likes":""},{"Name":"","Category":"","Rating":" 5 stars ","Number_of_Reviews":"","Address":"","Reviewer":"Sindy Castro","Reviewer_page":"https://www.google.com/maps/contrib/106016138844196340463/reviews?hl=en-US","Review_time":"5 days ago","Review":"","Likes":""},{"Name":"","Category":"","Rating":" 5 stars ","Number_of_Reviews":"","Address":"","Reviewer":"roman koyes","Reviewer_page":"https://www.google.com/maps/contrib/117770875086183324235/reviews?hl=en-US","Review_time":"7 years ago","Review":"","Likes":""},{"Name":"","Category":"","Rating":" 5 stars ","Number_of_Reviews":"","Address":"","Reviewer":"Ashish Dhir","Reviewer_page":"https://www.google.com/maps/contrib/108673573140772303540/reviews?hl=en-US","Review_time":"3 years ago","Review":"","Likes":""},{"Name":"","Category":"","Rating":" 4 stars ","Number_of_Reviews":"","Address":"","Reviewer":"inging fnu","Reviewer_page":"https://www.google.com/maps/contrib/103869107647699743948/reviews?hl=en-US","Review_time":"3 years ago","Review":"","Likes":""},{"Name":"","Category":"","Rating":" 4 stars ","Number_of_Reviews":"","Address":"","Reviewer":"Julio C. Gutierrez","Reviewer_page":"https://www.google.com/maps/contrib/101516923208643941292/reviews?hl=en-US","Review_time":"3 years ago","Review":"","Likes":""},{"Name":"","Category":"","Rating":" 5 stars ","Number_of_Reviews":"","Address":"","Reviewer":"SY C","Reviewer_page":"https://www.google.com/maps/contrib/104615129417891021600/reviews?hl=en-US","Review_time":"3 years ago","Review":"","Likes":""},{"Name":"","Category":"","Rating":" 4 stars ","Number_of_Reviews":"","Address":"","Reviewer":"Adele H Rahte","Reviewer_page":"https://www.google.com/maps/contrib/108293363885318832487/reviews?hl=en-US","Review_time":"a year ago","Review":"","Likes":""},{"Name":"","Category":"","Rating":" 5 stars ","Number_of_Reviews":"","Address":"","Reviewer":"Hilce Elena GM","Reviewer_page":"https://www.google.com/maps/contrib/113063848567894039262/reviews?hl=en-US","Review_time":"3 years ago","Review":"","Likes":""},{"Name":"","Category":"","Rating":" 5 stars ","Number_of_Reviews":"","Address":"","Reviewer":"Juan josé Duarte","Reviewer_page":"https://www.google.com/maps/contrib/115706048725561831337/reviews?hl=en-US","Review_time":"2 years ago","Review":"","Likes":""},{"Name":"","Category":"","Rating":" 3 stars ","Number_of_Reviews":"","Address":"","Reviewer":"Val Mayers (VAL)","Reviewer_page":"https://www.google.com/maps/contrib/109543955114234564040/reviews?hl=en-US","Review_time":"2 years ago","Review":"","Likes":""},{"Name":"","Category":"","Rating":" 3 stars ","Number_of_Reviews":"","Address":"","Reviewer":"angela zamberlan","Reviewer_page":"https://www.google.com/maps/contrib/107198539244937327876/reviews?hl=en-US","Review_time":"3 years ago","Review":"","Likes":""},{"Name":"","Category":"","Rating":" 5 stars ","Number_of_Reviews":"","Address":"","Reviewer":"AN C","Reviewer_page":"https://www.google.com/maps/contrib/101768543939806309165/reviews?hl=en-US","Review_time":"3 years ago","Review":"","Likes":""},{"Name":"","Category":"","Rating":" 3 stars ","Number_of_Reviews":"","Address":"","Reviewer":"Josh Gelfman","Reviewer_page":"https://www.google.com/maps/contrib/114930523205827951939/reviews?hl=en-US","Review_time":"11 years ago","Review":"","Likes":""},{"Name":"","Category":"","Rating":" 2 stars ","Number_of_Reviews":"","Address":"","Reviewer":"Keith Perfetti","Reviewer_page":"https://www.google.com/maps/contrib/103722834215497876444/reviews?hl=en-US","Review_time":"3 years ago","Review":"","Likes":""},{"Name":"","Category":"","Rating":" 5 stars ","Number_of_Reviews":"","Address":"","Reviewer":"Tornike Kuprashvili","Reviewer_page":"https://www.google.com/maps/contrib/104368305188270025077/reviews?hl=en-US","Review_time":"2 years ago","Review":"","Likes":""},{"Name":"","Category":"","Rating":" 3 stars ","Number_of_Reviews":"","Address":"","Reviewer":"Andrea Faa","Reviewer_page":"https://www.google.com/maps/contrib/104872878544470265972/reviews?hl=en-US","Review_time":"4 years ago","Review":"","Likes":""},{"Name":"","Category":"","Rating":" 3 stars ","Number_of_Reviews":"","Address":"","Reviewer":"Geronimo Emili","Reviewer_page":"https://www.google.com/maps/contrib/115839849682595380740/reviews?hl=en-US","Review_time":"11 months ago","Review":"","Likes":""},{"Name":"","Category":"","Rating":" 5 stars ","Number_of_Reviews":"","Address":"","Reviewer":"Debra C.","Reviewer_page":"https://www.google.com/maps/contrib/118188174541830378634/reviews?hl=en-US","Review_time":"7 months ago","Review":"","Likes":""},{"Name":"","Category":"","Rating":" 1 star ","Number_of_Reviews":"","Address":"","Reviewer":"Emma Doughty","Reviewer_page":"https://www.google.com/maps/contrib/114882849125003325186/reviews?hl=en-US","Review_time":"4 years ago","Review":"","Likes":""},{"Name":"","Category":"","Rating":" 5 stars ","Number_of_Reviews":"","Address":"","Reviewer":"Sergio Montengro","Reviewer_page":"https://www.google.com/maps/contrib/107816216323136881526/reviews?hl=en-US","Review_time":"3 years ago","Review":"","Likes":""},{"Name":"","Category":"","Rating":" 5 stars ","Number_of_Reviews":"","Address":"","Reviewer":"Steve Avar","Reviewer_page":"https://www.google.com/maps/contrib/110401450644295484396/reviews?hl=en-US","Review_time":"3 years ago","Review":"","Likes":""},{"Name":"","Category":"","Rating":" 5 stars ","Number_of_Reviews":"","Address":"","Reviewer":"Jorge E Bencomo","Reviewer_page":"https://www.google.com/maps/contrib/102303535928471022115/reviews?hl=en-US","Review_time":"2 years ago","Review":"","Likes":""},{"Name":"","Category":"","Rating":" 3 stars ","Number_of_Reviews":"","Address":"","Reviewer":"Amanda Esau","Reviewer_page":"https://www.google.com/maps/contrib/110992343691945934567/reviews?hl=en-US","Review_time":"5 years ago","Review":"","Likes":""},{"Name":"","Category":"","Rating":" 5 stars ","Number_of_Reviews":"","Address":"","Reviewer":"Michael Mckennan","Reviewer_page":"https://www.google.com/maps/contrib/113957332506816574470/reviews?hl=en-US","Review_time":"3 years ago","Review":"","Likes":""},{"Name":"","Category":"","Rating":" 4 stars ","Number_of_Reviews":"","Address":"","Reviewer":"Kathleen Boco","Reviewer_page":"https://www.google.com/maps/contrib/100739524046506111298/reviews?hl=en-US","Review_time":"5 years ago","Review":"","Likes":""},{"Name":"","Category":"","Rating":" 4 stars ","Number_of_Reviews":"","Address":"","Reviewer":"박상연","Reviewer_page":"https://www.google.com/maps/contrib/102322439912979518535/reviews?hl=en-US","Review_time":"3 years ago","Review":"","Likes":""}