[{"Name":"","Category":"","Rating":" 1 star ","Number_of_Reviews":"","Address":"","Reviewer":"Jainal Shahid","Reviewer_page":"https://www.google.com/maps/contrib/105204516049826436937/reviews?hl=en-US","Review_time":"2 months ago","Review":"Color of your skin really affects how they treat you! I’m brown d a South-Asian brown person and I ordered my drinks well ahead of a few people that came after me. They took my order after they took orders from a few white women behind me and when they took my order they never asked my name for them to write down unlike how they asked every other customer! Then came to giving people their orders! They called every customer by their names and gave them the order with a nice smile and when I went to ask what happened to my order- they gave me my drink and said “here you go buddy” as if I was a child begging them for a drink!!","Likes":""},{"Name":"","Category":"","Rating":" 5 stars ","Number_of_Reviews":"","Address":"","Reviewer":"Kristen (Gypsy Monkey)","Reviewer_page":"https://www.google.com/maps/contrib/109956931799358683236/reviews?hl=en-US","Review_time":"2 months ago","Review":"Todd our server was delightful from the minute we walked in the place . Gave great recommendations and the rest of the staff was just as friendly . This is a smaller location but it’s perfect for our area . Clean , quick and has lots of places to sit outside .","Likes":""},{"Name":"","Category":"","Rating":" 1 star ","Number_of_Reviews":"","Address":"","Reviewer":"Alexandra Ramirez","Reviewer_page":"https://www.google.com/maps/contrib/103423084701448399429/reviews?hl=en-US","Review_time":"a month ago","Review":"The workers are super rude here, they hired new workers just for them to be rude still. The way they make drinks is concerning and horrific. No one wants to actually work properly, so every time I order a drink it’s made incorrectly and with hatred. I definitely rather walk down to 63rd street, their staff is way kinder and actually makes drinks right !","Likes":""},{"Name":"","Category":"","Rating":" 5 stars ","Number_of_Reviews":"","Address":"","Reviewer":"zach zachariadis","Reviewer_page":"https://www.google.com/maps/contrib/109287242272549933760/reviews?hl=en-US","Review_time":"7 months ago","Review":"I go out of my way to spend $5 a day as opposed to using our office coffee maker for the main reason being that this staff is incredible. Autumn, Rodney, Amanda (and a handful of others whose names escape me) are a great team and keep bringing me back. They work efficiently and more importantly, they have phenomenal customer service. I don't plan on saving my money any time soon because of this great team","Likes":""},{"Name":"","Category":"","Rating":" 1 star ","Number_of_Reviews":"","Address":"","Reviewer":"Kristina Luppo","Reviewer_page":"https://www.google.com/maps/contrib/117547818441509029763/reviews?hl=en-US","Review_time":"5 months ago","Review":"lol they get so mad when they tell you to grab your own order if you see it but then yell at you for taking it. I got better things to do moving forward than to be policed by a bunch of children who can’t even shake an iced tea lemonade. poor babies.","Likes":"1"},{"Name":"","Category":"","Rating":" 5 stars ","Number_of_Reviews":"","Address":"","Reviewer":"Ignat Zholobov","Reviewer_page":"https://www.google.com/maps/contrib/106755887752977629408/reviews?hl=en-US","Review_time":"2 years ago","Review":"one of the best starbucks in town.  I go here 3 months at the same time in the same clothes after sports.  Very nice staff and helpful.  always clean and tidy.  there are queues, but they manage.  my cappuccino with skim milk and a warmed muffin are waiting for me.  and they learned to spell my name correctly and pronounce it.  I am pleased to.  strangle you.","Likes":""},{"Name":"","Category":"","Rating":" 3 stars ","Number_of_Reviews":"","Address":"","Reviewer":"Mariia Hryhorieva","Reviewer_page":"https://www.google.com/maps/contrib/104070543005881863626/reviews?hl=en-US","Review_time":"a month ago","Review":"The music was way to loud. I asked to turned it down a bit, they did and then in about 15 minutes the music started blusting again.","Likes":""},{"Name":"","Category":"","Rating":" 1 star ","Number_of_Reviews":"","Address":"","Reviewer":"Alex S","Reviewer_page":"https://www.google.com/maps/contrib/111171341717200324196/reviews?hl=en-US","Review_time":"9 months ago","Review":"I never expected to be the subject of racial profiling at one of my favorite coffee shops. I love Starbucks but I was disappointed after this incident. I was completely humiliated in front of staff and customers by the barista after he …","Likes":"3"},{"Name":"","Category":"","Rating":" 1 star ","Number_of_Reviews":"","Address":"","Reviewer":"C W Queener","Reviewer_page":"https://www.google.com/maps/contrib/110105992251711176945/reviews?hl=en-US","Review_time":"a year ago","Review":"I tried to call the store three times to order 4 travelers for a large group meeting on a Saturday morning. The phone was busy every time. I am guessing that it was off the hook.  So I ordered it online. When you order online you can’t set the time for pick up.  I arrived at the pickup time and they said that they had no travelers boxes therefore no coffee.  How would I get coffee for 50 last minute!  Several mistakes! They should not have accepted the order online. They could have texted to called me to let me know to not come to pick it up. They could have called another nearby store to see if that store could fill the order. An apology was appropriate but making more of an effort to fix the issue should have happened. I was not impressed and I was left to find coffee for 50 people last minute.","Likes":"1"},{"Name":"","Category":"","Rating":" 5 stars ","Number_of_Reviews":"","Address":"","Reviewer":"Rachel So Choi","Reviewer_page":"https://www.google.com/maps/contrib/107760497575625188866/reviews?hl=en-US","Review_time":"5 months ago","Review":"I love this location. Quick service. Brady was super nice & accommodating today.","Likes":""},{"Name":"","Category":"","Rating":" 5 stars ","Number_of_Reviews":"","Address":"","Reviewer":"Matt Tarr","Reviewer_page":"https://www.google.com/maps/contrib/104969900099805867197/reviews?hl=en-US","Review_time":"a year ago","Review":"I waffled over a four star versus five star, but landed on five star because if I might have a coffee at home what I want most is consistency. And for the most part Starbucks is consistent, this one in particular has never let me down. As far as coffee goes let me suggest you try the light roast, not just at Starbucks but everywhere. Burning coffee does not make it taste better, it does however force you to add milk and sugar and other things to hide the fact that you burnt the coffee, or that the coffee is burnt, I'm not blaming you for burning the coffee. Just for buying it.","Likes":"1"},{"Name":"","Category":"","Rating":" 5 stars ","Number_of_Reviews":"","Address":"","Reviewer":"Hash Brown","Reviewer_page":"https://www.google.com/maps/contrib/117991871524384144693/reviews?hl=en-US","Review_time":"3 weeks ago","Review":"Very clean and great selections of drinks","Likes":""},{"Name":"","Category":"","Rating":" 5 stars ","Number_of_Reviews":"","Address":"","Reviewer":"Neal Evan Plagata","Reviewer_page":"https://www.google.com/maps/contrib/118204259948837556670/reviews?hl=en-US","Review_time":"6 months ago","Review":"love their coffee...friendly staff...fast service...banana cake is delish👍","Likes":""},{"Name":"","Category":"","Rating":" 1 star ","Number_of_Reviews":"","Address":"","Reviewer":"Sher","Reviewer_page":"https://www.google.com/maps/contrib/104579730982269055182/reviews?hl=en-US","Review_time":"a year ago","Review":"The worst Starbucks I’ve ever been to. I ordered thru the app at 9 am and after almost 30 min my drink never came out and when I asked about it I was barked at by the barista. When I asked for a refund I was treated rudely as if it was an inconvenience to give me one. I had ordered a drink when I walked in will I waited for my mobile order and that came out about 25 min later. It was absolutely disgusting. Skip this Starbucks bc you’ll probably be waiting an hour if not more before you get a disgusting beverage.","Likes":"1"},{"Name":"","Category":"","Rating":" 1 star ","Number_of_Reviews":"","Address":"","Reviewer":"Debbie Perry","Reviewer_page":"https://www.google.com/maps/contrib/107364630835549441076/reviews?hl=en-US","Review_time":"a year ago","Review":"This location always has issues. Multiple times having to throw coffee away because of bad taste or made improperly. Also more than once ordered ahead through app but store isn’t open on time. The 69th and York location is worth the walk and always willing to fix the drinks from this store.","Likes":"1"},{"Name":"","Category":"","Rating":" 4 stars ","Number_of_Reviews":"","Address":"","Reviewer":"June Lay (Junefit)","Reviewer_page":"https://www.google.com/maps/contrib/101622815477240771152/reviews?hl=en-US","Review_time":"a year ago","Review":"I absolutely love their iced matcha, no need to add sugar and with just a teeny bit of the milk of your choice, I get a teeny bit of soy we're talking major antioxidants!","Likes":""},{"Name":"","Category":"","Rating":" 5 stars ","Number_of_Reviews":"","Address":"","Reviewer":"Dhvani Patel","Reviewer_page":"https://www.google.com/maps/contrib/105309817604252445395/reviews?hl=en-US","Review_time":"7 months ago","Review":"Baristas here are amazing especially Brady! Nice place for a coffee and welcoming environment!","Likes":""},{"Name":"","Category":"","Rating":" 5 stars ","Number_of_Reviews":"","Address":"","Reviewer":"Bridget Coolick","Reviewer_page":"https://www.google.com/maps/contrib/100117961922166228345/reviews?hl=en-US","Review_time":"2 years ago","Review":"Great location- such a friendly staff and clean store!","Likes":""},{"Name":"","Category":"","Rating":" 1 star ","Number_of_Reviews":"","Address":"","Reviewer":"J Cruz","Reviewer_page":"https://www.google.com/maps/contrib/112712952953389501277/reviews?hl=en-US","Review_time":"3 years ago","Review":"The worst Starbucks I've ever visited. Insanely rude and low class staff. Only a few are kind individuals. Half of the time they don't have mobile orders ready and if you order at the counter, that doesn't mean you'll get your drink in a timely manner. I've witnessed on more than 4 separate occasions where they're so screwed up they start shouting out to people like a bar, \"What did you order? You? How about you?\" It ends up being a shouting match and whoever shouts the loudest gets their drink first. I've even witnessed a barista shout across a crowded store to a woman entering with her dog, \"Is that a service dog?!\" She said it was, which it looked like a service dog... He then started mocking her behind the counter about how disgusting she is to bring in the animal. I approached her outside to make sure she was okay because I could tell she was very embarrassed. Best way to describe this location: low class.","Likes":"3"},{"Name":"","Category":"","Rating":" 5 stars ","Number_of_Reviews":"","Address":"","Reviewer":"Heather","Reviewer_page":"https://www.google.com/maps/contrib/112868831062757229582/reviews?hl=en-US","Review_time":"3 years ago","Review":"I love the service,  great snacks  and lattes. I've been a longtime customer of Starbucks...","Likes":""},{"Name":"","Category":"","Rating":" 3 stars ","Number_of_Reviews":"","Address":"","Reviewer":"Aaron Fink","Reviewer_page":"https://www.google.com/maps/contrib/102181399974036533145/reviews?hl=en-US","Review_time":"a year ago","Review":"Service was good, but I asked for less pumps of sugar, and they put way too much sugar. Honestly do yourself a favor and just drink water! Way healthier.","Likes":""},{"Name":"","Category":"","Rating":" 5 stars ","Number_of_Reviews":"","Address":"","Reviewer":"Christina Louise","Reviewer_page":"https://www.google.com/maps/contrib/113246211715532131055/reviews?hl=en-US","Review_time":"8 months ago","Review":"Whoever is in charge of the playlists at this Starbucks deserves free Starbucks for life. Spice Girls are something we need more of!","Likes":""},{"Name":"","Category":"","Rating":" 1 star ","Number_of_Reviews":"","Address":"","Reviewer":"kiskata1210","Reviewer_page":"https://www.google.com/maps/contrib/100688953478324944257/reviews?hl=en-US","Review_time":"2 years ago","Review":"Very disappointed! They never get an order right! The staff is rude! I ordered a hot white chocolate and instead they gave me a white chocolate mocha. I am pregnant and I cant have mocha because it  has two shots of espresso and anyways I asked for a white hot chocolate not coffe. As soon as I tasted my drink I could tell it has coffee in it so I asked the guy kindly to change my order and he was so ignorant saying he only put white chocolate syrup in it and I  said but I can taste the coffe and he just ignored me saying he only put the white chocolate syrup.  Being rude and lying to my face I just wasted 5 dollars for nothing. If we order online they never get anything right ever but looks like it is the same problem if you order in person.","Likes":"1"},{"Name":"","Category":"","Rating":" 2 stars ","Number_of_Reviews":"","Address":"","Reviewer":"C R","Reviewer_page":"https://www.google.com/maps/contrib/101513336444052316450/reviews?hl=en-US","Review_time":"7 months ago","Review":"Literally took 15 minutes for egg bites and it wasn’t even busy. Had to remind staff","Likes":""},{"Name":"","Category":"","Rating":" 1 star ","Number_of_Reviews":"","Address":"","Reviewer":"Shawn Tomassi","Reviewer_page":"https://www.google.com/maps/contrib/112623304851760688906/reviews?hl=en-US","Review_time":"8 years ago","Review":"Astounded at the lack of customer service... Especially for a Starbucks. Was standing there for at least 5 minutes with no acknowledgement. Barista finally looked up and said \"what do you want\"? (Rude)...I ordered my drink to then have the cashier walk around from putting stock out and say, \"WHO am I ringing up\" (with a lot of attitude.... clearly all the customers were inconveniencing her).\nHow about hi, thanks for waiting... Or even who's next? These are all simple things one could say even if not in a good mood.\nAfter an experience like that I'm shocked this Starbucks is still open. Doesn't deserve 1 star","Likes":"2"},{"Name":"","Category":"","Rating":" 4 stars ","Number_of_Reviews":"","Address":"","Reviewer":"James G","Reviewer_page":"https://www.google.com/maps/contrib/114265794852572675207/reviews?hl=en-US","Review_time":"5 years ago","Review":"The staff are pros and the coffees are exceptional.  There's actually a little urban park area outside if you want to enjoy the passing people or traffic.  But maybe skip the glazed donut unless you really need the saturated fats.","Likes":""},{"Name":"","Category":"","Rating":" 1 star ","Number_of_Reviews":"","Address":"","Reviewer":"Herman Chen","Reviewer_page":"https://www.google.com/maps/contrib/102570471532901483686/reviews?hl=en-US","Review_time":"2 years ago","Review":"Never asked for my name. Assumed it was \"Jing\". Clearly not.","Likes":"2"},{"Name":"","Category":"","Rating":" 2 stars ","Number_of_Reviews":"","Address":"","Reviewer":"Blair Shand","Reviewer_page":"https://www.google.com/maps/contrib/114779308828299614183/reviews?hl=en-US","Review_time":"4 years ago","Review":"After I ordered my food I went to the restroom I heard my order called and not by my name so when I got out the restroom I asked for my breakfast sandwich and had to wait longer for my sandwich to be heated. The Barista ignored me, refusing to explain why I had to wait. Really annoying when your pressed for time and really not have 2 minutes to spare","Likes":"2"},{"Name":"","Category":"","Rating":" 3 stars ","Number_of_Reviews":"","Address":"","Reviewer":"Dana Bahir","Reviewer_page":"https://www.google.com/maps/contrib/101671401549317220214/reviews?hl=en-US","Review_time":"9 years ago","Review":"I usually love Starbucks but today I ordered the same thing I always order - made with soy milk because I'm lactose intolerant. It tasted funny, and when I asked my friend to taste it she said she thought it was made with regular milk. I told the guy at the register, who said they would remake it. I told him that's all fine and well, but I'm allergic to milk. He handed me a little card with Starbucks' customer service phone number on it - yes, because I'm allergic to something you just served me, and that's what will help me.","Likes":"1"},{"Name":"","Category":"","Rating":" 5 stars ","Number_of_Reviews":"","Address":"","Reviewer":"Yagaira Delacruz","Reviewer_page":"https://www.google.com/maps/contrib/108445708849112605872/reviews?hl=en-US","Review_time":"2 years ago","Review":"Super cute store. There is public seating outdoors decorated with flowers. Really good area to sit and enjoy your coffee.","Likes":""},{"Name":"","Category":"","Rating":" 4 stars ","Number_of_Reviews":"","Address":"","Reviewer":"Jesus Figueroa","Reviewer_page":"https://www.google.com/maps/contrib/113293735535463441029/reviews?hl=en-US","Review_time":"3 years ago","Review":"Just one word can most of the time (not all the time especially if you are not white).... Awesome.... Good quality products, a great stress free place to lounge and relax from city life.... But it isn't always fair to everyone.","Likes":""},{"Name":"","Category":"","Rating":" 4 stars ","Number_of_Reviews":"","Address":"","Reviewer":"Rebecca Velic","Reviewer_page":"https://www.google.com/maps/contrib/105674259770869280109/reviews?hl=en-US","Review_time":"a year ago","Review":"Coffee is pretty consistent here. I usually always order mobile and have to wait a while to get food items.","Likes":""},{"Name":"","Category":"","Rating":" 2 stars ","Number_of_Reviews":"","Address":"","Reviewer":"Camille Troxler","Reviewer_page":"https://www.google.com/maps/contrib/108698777157161490916/reviews?hl=en-US","Review_time":"4 years ago","Review":"Store was dirty with paper straw wrappers napkins and other debris. Tried to order a matcha green tea frap but was told there wasn't any more. I will not be returning.","Likes":"1"},{"Name":"","Category":"","Rating":" 4 stars ","Number_of_Reviews":"","Address":"","Reviewer":"Jennifer Fevold","Reviewer_page":"https://www.google.com/maps/contrib/108858518797193287849/reviews?hl=en-US","Review_time":"5 years ago","Review":"This is a pretty tiny Starbucks which means it's crowded nearly all the time...but most of them are! There's often a pretty long line too. But the staff is very friendly and the drinks are as they should be!","Likes":""},{"Name":"","Category":"","Rating":" 4 stars ","Number_of_Reviews":"","Address":"","Reviewer":"jess g","Reviewer_page":"https://www.google.com/maps/contrib/103756723826395966716/reviews?hl=en-US","Review_time":"10 months ago","Review":"Good service and clean! They run out of tea though","Likes":""},{"Name":"","Category":"","Rating":" 1 star ","Number_of_Reviews":"","Address":"","Reviewer":"Tiffany Halliday","Reviewer_page":"https://www.google.com/maps/contrib/109985708727623056472/reviews?hl=en-US","Review_time":"2 years ago","Review":"This particular location is scheduled to open at 6:30am daily. I waited outside for over ten minutes on multiple occasions to only be treated with poor customer service. This locations staff members need retraining immediately and a course on tardiness.","Likes":"1"},{"Name":"","Category":"","Rating":" 1 star ","Number_of_Reviews":"","Address":"","Reviewer":"Justin","Reviewer_page":"https://www.google.com/maps/contrib/108028711262496318929/reviews?hl=en-US","Review_time":"7 months ago","Review":"Starbucks needs to stop hiring hoodrats. Horrible service","Likes":"2"},{"Name":"","Category":"","Rating":" 1 star ","Number_of_Reviews":"","Address":"","Reviewer":"Lucia 123","Reviewer_page":"https://www.google.com/maps/contrib/106540134358384183675/reviews?hl=en-US","Review_time":"3 years ago","Review":"Beware! Early mornings this location takes care of the online orders before the ones in store. You could be waiting for half an hour for a coffee prepared by a sleepy and rude barista.","Likes":""},{"Name":"","Category":"","Rating":" 4 stars ","Number_of_Reviews":"","Address":"","Reviewer":"Mz Cruz","Reviewer_page":"https://www.google.com/maps/contrib/117828198539627610009/reviews?hl=en-US","Review_time":"3 years ago","Review":"Theres one girl there who makes perfect caramel macchiatos. I think she was on vacation for like a week or 2. But shes back and im happy. Great service","Likes":""},{"Name":"","Category":"","Rating":" 5 stars ","Number_of_Reviews":"","Address":"","Reviewer":"emma lee","Reviewer_page":"https://www.google.com/maps/contrib/118032042034366646264/reviews?hl=en-US","Review_time":"4 years ago","Review":"Love coming to get coffee here. They are so fast and their store is always very clean. Thanks Starbucks team","Likes":""},{"Name":"","Category":"","Rating":" 5 stars ","Number_of_Reviews":"","Address":"","Reviewer":"Abhimanyu Kaundal","Reviewer_page":"https://www.google.com/maps/contrib/108520418252162050473/reviews?hl=en-US","Review_time":"a year ago","Review":"Good service with delicious cold coffee and some cakes","Likes":""},{"Name":"","Category":"","Rating":" 1 star ","Number_of_Reviews":"","Address":"","Reviewer":"Keonte Eason","Reviewer_page":"https://www.google.com/maps/contrib/102006425072363565268/reviews?hl=en-US","Review_time":"a year ago","Review":"Your shift leader doesn't no the meaning of customer service shameful honestly","Likes":"1"},{"Name":"","Category":"","Rating":" 4 stars ","Number_of_Reviews":"","Address":"","Reviewer":"Tamara Shomrat Dreiman","Reviewer_page":"https://www.google.com/maps/contrib/114372632387336382914/reviews?hl=en-US","Review_time":"9 years ago","Review":"the coffee of Starbucks is great! the service was pretty good. we had a blueberry scone which was delightful. recommended.","Likes":""},{"Name":"","Category":"","Rating":" 1 star ","Number_of_Reviews":"","Address":"","Reviewer":"Tom Alfred","Reviewer_page":"https://www.google.com/maps/contrib/103011634832560382300/reviews?hl=en-US","Review_time":"2 years ago","Review":"They cannot make drinks for nothing I bought a drink tasted like straight water and coffee creamer didn’t even put Carmel around the Cup what’s the point of calling it a Carmel frapp","Likes":"1"},{"Name":"","Category":"","Rating":" 5 stars ","Number_of_Reviews":"","Address":"","Reviewer":"Nick","Reviewer_page":"https://www.google.com/maps/contrib/110972577935659042172/reviews?hl=en-US","Review_time":"2 years ago","Review":"They were very nice to me even after I accidentally spilled a drink in the pickup section 🤭. Sorry guys!","Likes":""},{"Name":"","Category":"","Rating":" 1 star ","Number_of_Reviews":"","Address":"","Reviewer":"MonikaPresents","Reviewer_page":"https://www.google.com/maps/contrib/105599778916317834382/reviews?hl=en-US","Review_time":"7 years ago","Review":"The worst Starbucks experience. Please teach your staff 1. How to make drinks 2. Costumer Service.\nTerrible.","Likes":""},{"Name":"","Category":"","Rating":" 4 stars ","Number_of_Reviews":"","Address":"","Reviewer":"Michael Jose","Reviewer_page":"https://www.google.com/maps/contrib/114593481047044512588/reviews?hl=en-US","Review_time":"6 years ago","Review":"Nice place to get get my morning cup of coffee. The staff are nice, especially at 530am. Thank you.","Likes":""},{"Name":"","Category":"","Rating":" 4 stars ","Number_of_Reviews":"","Address":"","Reviewer":"NY stargazer arevalo","Reviewer_page":"https://www.google.com/maps/contrib/112740877989849037856/reviews?hl=en-US","Review_time":"2 years ago","Review":"Well you already know your Starbucks franchise has it, and the baristas on this location are the most friendly and easy going people you can find","Likes":""},{"Name":"","Category":"","Rating":" 2 stars ","Number_of_Reviews":"","Address":"","Reviewer":"Dan Horton","Reviewer_page":"https://www.google.com/maps/contrib/107879732357319385879/reviews?hl=en-US","Review_time":"4 years ago","Review":"Not an attractive spot and not much room to sit.  OK to pick up a quick coffee but usually a wait.","Likes":"1"},{"Name":"","Category":"","Rating":" 2 stars ","Number_of_Reviews":"","Address":"","Reviewer":"Carlotta Forcier","Reviewer_page":"https://www.google.com/maps/contrib/118349992576200012437/reviews?hl=en-US","Review_time":"3 years ago","Review":"Took over 30 minutes to get my one morning bun. Went up to ask where it was after 20 minutes, and they forgot my order.","Likes":""},{"Name":"","Category":"","Rating":" 4 stars ","Number_of_Reviews":"","Address":"","Reviewer":"Maria Lourdes Annecchino","Reviewer_page":"https://www.google.com/maps/contrib/117086127410233371854/reviews?hl=en-US","Review_time":"a year ago","Review":"Music too hard for me. I would expect more gentle","Likes":""},{"Name":"","Category":"","Rating":" 5 stars ","Number_of_Reviews":"","Address":"","Reviewer":"Roy Grant","Reviewer_page":"https://www.google.com/maps/contrib/107707089744846703120/reviews?hl=en-US","Review_time":"3 years ago","Review":"This Starbucks on First Avenue and 60th Street has lots of outdoor seating right by the 59th Street bridge.","Likes":""},{"Name":"","Category":"","Rating":" 5 stars ","Number_of_Reviews":"","Address":"","Reviewer":"Andres Alonso","Reviewer_page":"https://www.google.com/maps/contrib/107079161087046665570/reviews?hl=en-US","Review_time":"6 years ago","Review":"What this store lacks in square footage, It makes up for it with skilled welcoming baristas that are simply just on point here.","Likes":"1"},{"Name":"","Category":"","Rating":" 5 stars ","Number_of_Reviews":"","Address":"","Reviewer":"Frank Salmaggi","Reviewer_page":"https://www.google.com/maps/contrib/101836190278080221164/reviews?hl=en-US","Review_time":"a year ago","Review":"send in order, pick up when I arrive , works every timei","Likes":""},{"Name":"","Category":"","Rating":" 5 stars ","Number_of_Reviews":"","Address":"","Reviewer":"Mark Zeller","Reviewer_page":"https://www.google.com/maps/contrib/100779348837251775029/reviews?hl=en-US","Review_time":"a year ago","Review":"Friendly staff but still charges tax for take out bagels.","Likes":""},{"Name":"","Category":"","Rating":" 5 stars ","Number_of_Reviews":"","Address":"","Reviewer":"Andy Ferrero","Reviewer_page":"https://www.google.com/maps/contrib/110165194956450553990/reviews?hl=en-US","Review_time":"a year ago","Review":"Always greet me with a smile. Thanks for working during a pandemic","Likes":""},{"Name":"","Category":"","Rating":" 5 stars ","Number_of_Reviews":"","Address":"","Reviewer":"C. Tonge","Reviewer_page":"https://www.google.com/maps/contrib/109209540317145358443/reviews?hl=en-US","Review_time":"4 years ago","Review":"Love this place. Can get very busy in the am but otherwise great","Likes":""},{"Name":"","Category":"","Rating":" 5 stars ","Number_of_Reviews":"","Address":"","Reviewer":"Hannah Akoka","Reviewer_page":"https://www.google.com/maps/contrib/118339320322293334046/reviews?hl=en-US","Review_time":"a year ago","Review":"Fast service! Great coffee","Likes":""},{"Name":"","Category":"","Rating":" 5 stars ","Number_of_Reviews":"","Address":"","Reviewer":"Daniel Artfors","Reviewer_page":"https://www.google.com/maps/contrib/116352437669650439998/reviews?hl=en-US","Review_time":"3 years ago","Review":"As a Swed get the dark roast coffee, taste almost like home.","Likes":"1"},{"Name":"","Category":"","Rating":" 1 star ","Number_of_Reviews":"","Address":"","Reviewer":"Riley Winograd","Reviewer_page":"https://www.google.com/maps/contrib/110136218174544163736/reviews?hl=en-US","Review_time":"3 years ago","Review":"They were supposed to be open at 6:00am and they “didn’t have the key” so they didn’t open. They didn’t put a sign up or anything...","Likes":""},{"Name":"","Category":"","Rating":" 5 stars ","Number_of_Reviews":"","Address":"","Reviewer":"Damon Evans","Reviewer_page":"https://www.google.com/maps/contrib/118344195969424868757/reviews?hl=en-US","Review_time":"a year ago","Review":"Quick and easy pick up..great service!","Likes":""},{"Name":"","Category":"","Rating":" 1 star ","Number_of_Reviews":"","Address":"","Reviewer":"Tomasz R","Reviewer_page":"https://www.google.com/maps/contrib/117324925142519271565/reviews?hl=en-US","Review_time":"5 years ago","Review":"When it's busy they always mess up orders and waiting time for coffee is just too long","Likes":"1"},{"Name":"","Category":"","Rating":" 4 stars ","Number_of_Reviews":"","Address":"","Reviewer":"Ayodele. Boglo","Reviewer_page":"https://www.google.com/maps/contrib/104313527993218547803/reviews?hl=en-US","Review_time":"7 months ago","Review":"Very welcoming experience","Likes":""},{"Name":"","Category":"","Rating":" 2 stars ","Number_of_Reviews":"","Address":"","Reviewer":"Shaun Mahan","Reviewer_page":"https://www.google.com/maps/contrib/101849365345677803975/reviews?hl=en-US","Review_time":"4 years ago","Review":"Got the order 2/3 right. Drinks were good.","Likes":""},{"Name":"","Category":"","Rating":" 3 stars ","Number_of_Reviews":"","Address":"","Reviewer":"Lucy T","Reviewer_page":"https://www.google.com/maps/contrib/116542582101854823487/reviews?hl=en-US","Review_time":"4 years ago","Review":"Very slow only two people working. But the coffee was on point!","Likes":""},{"Name":"","Category":"","Rating":" 4 stars ","Number_of_Reviews":"","Address":"","Reviewer":"Victor Mastrolonardo","Reviewer_page":"https://www.google.com/maps/contrib/100441786701179480991/reviews?hl=en-US","Review_time":"2 years ago","Review":"It is a good place to relax and have a good coffee.","Likes":""},{"Name":"","Category":"","Rating":" 5 stars ","Number_of_Reviews":"","Address":"","Reviewer":"Xiao Li","Reviewer_page":"https://www.google.com/maps/contrib/116449808970166110405/reviews?hl=en-US","Review_time":"5 years ago","Review":"Good coffee and good service. Nothing to complain about","Likes":""},{"Name":"","Category":"","Rating":" 5 stars ","Number_of_Reviews":"","Address":"","Reviewer":"Josh Salvi","Reviewer_page":"https://www.google.com/maps/contrib/114229406666258940938/reviews?hl=en-US","Review_time":"4 years ago","Review":"This is one of my go to locations, and the staff is very quick and efficient.","Likes":""},{"Name":"","Category":"","Rating":" 5 stars ","Number_of_Reviews":"","Address":"","Reviewer":"Box Man","Reviewer_page":"https://www.google.com/maps/contrib/103556705083940973613/reviews?hl=en-US","Review_time":"a year ago","Review":"They let me use the restroom.","Likes":""},{"Name":"","Category":"","Rating":" 5 stars ","Number_of_Reviews":"","Address":"","Reviewer":"Darrin","Reviewer_page":"https://www.google.com/maps/contrib/111088730105099716683/reviews?hl=en-US","Review_time":"a year ago","Review":"Got what I asked for. Great service and quick","Likes":""},{"Name":"","Category":"","Rating":" 1 star ","Number_of_Reviews":"","Address":"","Reviewer":"Steven Aleshire","Reviewer_page":"https://www.google.com/maps/contrib/111838573238676196678/reviews?hl=en-US","Review_time":"4 years ago","Review":"Hard to find one that opens on time on the east side.\nThe one on Broadway near Madison  park seems the best.","Likes":""},{"Name":"","Category":"","Rating":" 5 stars ","Number_of_Reviews":"","Address":"","Reviewer":"Umar M","Reviewer_page":"https://www.google.com/maps/contrib/109387299967011083057/reviews?hl=en-US","Review_time":"3 years ago","Review":"Perfect place to go... nice and welcoming staffs","Likes":"1"},{"Name":"","Category":"","Rating":" 5 stars ","Number_of_Reviews":"","Address":"","Reviewer":"CarlaSofia Teixeira-Fleming","Reviewer_page":"https://www.google.com/maps/contrib/118079624294735447409/reviews?hl=en-US","Review_time":"5 months ago","Review":"Always perfect!","Likes":""},{"Name":"","Category":"","Rating":" 1 star ","Number_of_Reviews":"","Address":"","Reviewer":"Christine Vella","Reviewer_page":"https://www.google.com/maps/contrib/117547727858556984329/reviews?hl=en-US","Review_time":"3 years ago","Review":"Waiting outside since 6:15am and it’s still closed even thought it says it should be open!","Likes":""},{"Name":"","Category":"","Rating":" 4 stars ","Number_of_Reviews":"","Address":"","Reviewer":"Ami Benny","Reviewer_page":"https://www.google.com/maps/contrib/105593727267862411825/reviews?hl=en-US","Review_time":"3 years ago","Review":"As Starbucks goes this one is on the nicer side and efficient.","Likes":""},{"Name":"","Category":"","Rating":" 4 stars ","Number_of_Reviews":"","Address":"","Reviewer":"Aileen C.","Reviewer_page":"https://www.google.com/maps/contrib/100965339929026111849/reviews?hl=en-US","Review_time":"5 months ago","Review":"It's a Starbucks.","Likes":""},{"Name":"","Category":"","Rating":" 5 stars ","Number_of_Reviews":"","Address":"","Reviewer":"Benita Ponda","Reviewer_page":"https://www.google.com/maps/contrib/115481307163685894387/reviews?hl=en-US","Review_time":"4 years ago","Review":"Love coming here,  great service,  very clean","Likes":""},{"Name":"","Category":"","Rating":" 1 star ","Number_of_Reviews":"","Address":"","Reviewer":"M","Reviewer_page":"https://www.google.com/maps/contrib/106869501898429114252/reviews?hl=en-US","Review_time":"3 years ago","Review":"Regularly get my order wrong.","Likes":""},{"Name":"","Category":"","Rating":" 5 stars ","Number_of_Reviews":"","Address":"","Reviewer":"Michal Krska","Reviewer_page":"https://www.google.com/maps/contrib/103634900209810909517/reviews?hl=en-US","Review_time":"3 years ago","Review":"Great place good coffee","Likes":""},{"Name":"","Category":"","Rating":" 5 stars ","Number_of_Reviews":"","Address":"","Reviewer":"Sean Grano","Reviewer_page":"https://www.google.com/maps/contrib/108629908921832149963/reviews?hl=en-US","Review_time":"4 years ago","Review":"Good strong coffee,  great team","Likes":""},{"Name":"","Category":"","Rating":" 3 stars ","Number_of_Reviews":"","Address":"","Reviewer":"Thomas Hoffmann","Reviewer_page":"https://www.google.com/maps/contrib/108343636754033894513/reviews?hl=en-US","Review_time":"11 years ago","Review":"Not enough space. And if you don't have enough space at least be fast.","Likes":""},{"Name":"","Category":"","Rating":" 5 stars ","Number_of_Reviews":"","Address":"","Reviewer":"Juan Carlos","Reviewer_page":"https://www.google.com/maps/contrib/101199867352950969218/reviews?hl=en-US","Review_time":"2 years ago","Review":"Very bad, dirty and bad attention ... not recommended","Likes":""},{"Name":"","Category":"","Rating":" 4 stars ","Number_of_Reviews":"","Address":"","Reviewer":"Shameed Job","Reviewer_page":"https://www.google.com/maps/contrib/117706552788377581016/reviews?hl=en-US","Review_time":"3 years ago","Review":"Good service and the breakfast was good","Likes":""},{"Name":"","Category":"","Rating":" 4 stars ","Number_of_Reviews":"","Address":"","Reviewer":"desire mccoy","Reviewer_page":"https://www.google.com/maps/contrib/110049089925268209934/reviews?hl=en-US","Review_time":"3 years ago","Review":"They were very accommodating!!","Likes":"1"},{"Name":"","Category":"","Rating":" 5 stars ","Number_of_Reviews":"","Address":"","Reviewer":"Mike Collier","Reviewer_page":"https://www.google.com/maps/contrib/113792298968814790475/reviews?hl=en-US","Review_time":"a year ago","Review":"Not a long wait at all","Likes":""},{"Name":"","Category":"","Rating":" 5 stars ","Number_of_Reviews":"","Address":"","Reviewer":"Gabriella Sliwak","Reviewer_page":"https://www.google.com/maps/contrib/106357184780762746599/reviews?hl=en-US","Review_time":"2 years ago","Review":"Great customer service.","Likes":""},{"Name":"","Category":"","Rating":" 3 stars ","Number_of_Reviews":"","Address":"","Reviewer":"robert mcallister","Reviewer_page":"https://www.google.com/maps/contrib/108532104571792572351/reviews?hl=en-US","Review_time":"4 years ago","Review":"Ok so far","Likes":""},{"Name":"","Category":"","Rating":" 3 stars ","Number_of_Reviews":"","Address":"","Reviewer":"Tony Reilly","Reviewer_page":"https://www.google.com/maps/contrib/113822834671925667743/reviews?hl=en-US","Review_time":"6 years ago","Review":"It's a starbucks. You get what you pay for.","Likes":""},{"Name":"","Category":"","Rating":" 5 stars ","Number_of_Reviews":"","Address":"","Reviewer":"FAW Mafobi","Reviewer_page":"https://www.google.com/maps/contrib/113154001251866029989/reviews?hl=en-US","Review_time":"3 years ago","Review":"Comfortable, friendly, good service","Likes":""},{"Name":"","Category":"","Rating":" 4 stars ","Number_of_Reviews":"","Address":"","Reviewer":"Michael B","Reviewer_page":"https://www.google.com/maps/contrib/115276325606750148736/reviews?hl=en-US","Review_time":"6 years ago","Review":"Great service.  Fast.","Likes":""},{"Name":"","Category":"","Rating":" 5 stars ","Number_of_Reviews":"","Address":"","Reviewer":"Awesome Sauce","Reviewer_page":"https://www.google.com/maps/contrib/106374216145997071492/reviews?hl=en-US","Review_time":"a year ago","Review":"Nice!","Likes":""},{"Name":"","Category":"","Rating":" 3 stars ","Number_of_Reviews":"","Address":"","Reviewer":"Roine Bengtsson","Reviewer_page":"https://www.google.com/maps/contrib/104472435355856514991/reviews?hl=en-US","Review_time":"6 years ago","Review":"Same Same, Starbucks! Free WiFi:-)","Likes":"1"},{"Name":"","Category":"","Rating":" 3 stars ","Number_of_Reviews":"","Address":"","Reviewer":"Frank","Reviewer_page":"https://www.google.com/maps/contrib/104388313535743061143/reviews?hl=en-US","Review_time":"3 years ago","Review":"It's ok","Likes":""},{"Name":"","Category":"","Rating":" 5 stars ","Number_of_Reviews":"","Address":"","Reviewer":"Eddie Kandic","Reviewer_page":"https://www.google.com/maps/contrib/116226587224875547577/reviews?hl=en-US","Review_time":"4 years ago","Review":"I love starbucks 😆","Likes":""},{"Name":"","Category":"","Rating":" 3 stars ","Number_of_Reviews":"","Address":"","Reviewer":"Mr. Alex","Reviewer_page":"https://www.google.com/maps/contrib/117049254625219607690/reviews?hl=en-US","Review_time":"4 years ago","Review":"It's ok","Likes":""},{"Name":"","Category":"","Rating":" 1 star ","Number_of_Reviews":"","Address":"","Reviewer":"Steven Gaynor","Reviewer_page":"https://www.google.com/maps/contrib/106741431299974340342/reviews?hl=en-US","Review_time":"4 years ago","Review":"Another place with no bathrooms","Likes":""},{"Name":"","Category":"","Rating":" 5 stars ","Number_of_Reviews":"","Address":"","Reviewer":"Michael Pared","Reviewer_page":"https://www.google.com/maps/contrib/115575621301138359576/reviews?hl=en-US","Review_time":"a year ago","Review":"Fast service","Likes":""},{"Name":"","Category":"","Rating":" 4 stars ","Number_of_Reviews":"","Address":"","Reviewer":"Crypto Nando","Reviewer_page":"https://www.google.com/maps/contrib/105272172005005012859/reviews?hl=en-US","Review_time":"3 years ago","Review":"Cozy, charming and delightful","Likes":""},{"Name":"","Category":"","Rating":" 4 stars ","Number_of_Reviews":"","Address":"","Reviewer":"Chocolate Top","Reviewer_page":"https://www.google.com/maps/contrib/104214204888205076304/reviews?hl=en-US","Review_time":"5 years ago","Review":"It's Starbucks. End of story.","Likes":""},{"Name":"","Category":"","Rating":" 5 stars ","Number_of_Reviews":"","Address":"","Reviewer":"Sabena B","Reviewer_page":"https://www.google.com/maps/contrib/102076941897604240132/reviews?hl=en-US","Review_time":"2 years ago","Review":"Needs a little attention","Likes":""},{"Name":"","Category":"","Rating":" 5 stars ","Number_of_Reviews":"","Address":"","Reviewer":"Kenneth Mcdevitt","Reviewer_page":"https://www.google.com/maps/contrib/110709882749872768637/reviews?hl=en-US","Review_time":"5 years ago","Review":"Well ventilated and cozy","Likes":""},{"Name":"","Category":"","Rating":" 5 stars ","Number_of_Reviews":"","Address":"","Reviewer":"13 Sevak","Reviewer_page":"https://www.google.com/maps/contrib/106747681392024781298/reviews?hl=en-US","Review_time":"6 years ago","Review":"Great service","Likes":""},{"Name":"","Category":"","Rating":" 5 stars ","Number_of_Reviews":"","Address":"","Reviewer":"Ali Hamlani","Reviewer_page":"https://www.google.com/maps/contrib/107240259783501580852/reviews?hl=en-US","Review_time":"2 years ago","Review":"My place for lattes","Likes":"1"},{"Name":"","Category":"","Rating":" 5 stars ","Number_of_Reviews":"","Address":"","Reviewer":"Stanley Lowe","Reviewer_page":"https://www.google.com/maps/contrib/117190730975879574600/reviews?hl=en-US","Review_time":"2 years ago","Review":"...i...ENJOY....IT!!!😁🤖👶👀👁🤓🤓🤓🌛","Likes":""},{"Name":"","Category":"","Rating":" 3 stars ","Number_of_Reviews":"","Address":"","Reviewer":"Cyclo Smith","Reviewer_page":"https://www.google.com/maps/contrib/112824819285900256961/reviews?hl=en-US","Review_time":"a year ago","Review":"Average SB","Likes":""},{"Name":"","Category":"","Rating":" 5 stars ","Number_of_Reviews":"","Address":"","Reviewer":"C.H238 H","Reviewer_page":"https://www.google.com/maps/contrib/113081900484769963331/reviews?hl=en-US","Review_time":"5 years ago","Review":"Nice staff","Likes":""},{"Name":"","Category":"","Rating":" 1 star ","Number_of_Reviews":"","Address":"","Reviewer":"Michael Sanchez","Reviewer_page":"https://www.google.com/maps/contrib/118073547707227661678/reviews?hl=en-US","Review_time":"3 years ago","Review":"Food sucks","Likes":""},{"Name":"","Category":"","Rating":" 5 stars ","Number_of_Reviews":"","Address":"","Reviewer":"Mohammed Alanazi","Reviewer_page":"https://www.google.com/maps/contrib/108071646062120915412/reviews?hl=en-US","Review_time":"3 years ago","Review":"Good Caffe","Likes":""},{"Name":"","Category":"","Rating":" 4 stars ","Number_of_Reviews":"","Address":"","Reviewer":"Markus Little","Reviewer_page":"https://www.google.com/maps/contrib/114209338228735612719/reviews?hl=en-US","Review_time":"6 years ago","Review":"Quick service","Likes":""},{"Name":"","Category":"","Rating":" 2 stars ","Number_of_Reviews":"","Address":"","Reviewer":"Jawadou B","Reviewer_page":"https://www.google.com/maps/contrib/103354733946089498461/reviews?hl=en-US","Review_time":"5 years ago","Review":"Good","Likes":""},{"Name":"","Category":"","Rating":" 3 stars ","Number_of_Reviews":"","Address":"","Reviewer":"Dan Koifman","Reviewer_page":"https://www.google.com/maps/contrib/101373528703389349303/reviews?hl=en-US","Review_time":"6 years ago","Review":"Nice location.","Likes":""},{"Name":"","Category":"","Rating":" 5 stars ","Number_of_Reviews":"","Address":"","Reviewer":"Camila Machado","Reviewer_page":"https://www.google.com/maps/contrib/100128478804552272958/reviews?hl=en-US","Review_time":"5 years ago","Review":"Great place","Likes":""},{"Name":"","Category":"","Rating":" 4 stars ","Number_of_Reviews":"","Address":"","Reviewer":"Juan Munoz","Reviewer_page":"https://www.google.com/maps/contrib/114569074338862828229/reviews?hl=en-US","Review_time":"5 years ago","Review":"Convenient location","Likes":""},{"Name":"","Category":"","Rating":" 3 stars ","Number_of_Reviews":"","Address":"","Reviewer":"TY","Reviewer_page":"https://www.google.com/maps/contrib/113804388278363444505/reviews?hl=en-US","Review_time":"4 years ago","Review":"(Translated by Google) The staff are nice and the bathroom is clean. One of the Starbucks in Manhattan that I could order without waiting. The interior is small, but there is also a seating area. Located near the Roosevelt Tramway.\n\n(Original)\n직원들 상녕하고 화장실도 깨끗하다. 맨하튼에서 갔던 스타벅스중 기다리지 않고 주문할 수 있었던 곳. 내부는 작지만 앉을 수 있는 자리도 있다. 루즈벨트 트램웨이 근처에 위치.","Likes":""},{"Name":"","Category":"","Rating":" 3 stars ","Number_of_Reviews":"","Address":"","Reviewer":"diego junca","Reviewer_page":"https://www.google.com/maps/contrib/109637020496755086021/reviews?hl=en-US","Review_time":"6 years ago","Review":"(Translated by Google) It has bathroom service. You need to ask for the password. The service or customer service is regular. The products like any other Starbucks are good. It has very few light outlets or power outlets and has WiFi. As usual, it's a quiet but small place\n\n(Original)\nCuenta con servicio de baño. Hace falta pedir la contraseña.  El servicio o atención al cliente es regular . Los productos como cualquier otro Starbucks son buenos.  Tiene muy pocas salidas de luz o toma corriente  y cuenta con WiFi. Como de costumbre, es un sitio tranquilo pero pequeño","Likes":"1"},{"Name":"","Category":"","Rating":" 2 stars ","Number_of_Reviews":"","Address":"","Reviewer":"GEORGE MITZELOS","Reviewer_page":"https://www.google.com/maps/contrib/101915597287490528621/reviews?hl=en-US","Review_time":"11 months ago","Review":"(Translated by Google) Probably the worst coffee I have ever bought in my life ....\nSometimes the name is not equal to the product and vice versa ...\nI just will not repeat such a mistake ....\n\n(Original)\nΊσως ο χειρότερος καφές που έχω  αγοράσει στην ζωή μου....\nΜερικές φορές το όνομα δεν είναι εφάμιλλο του προϊόντος και το αντίθετο...\nΑπλά δεν θα το επαναλάβω τέτοιο λάθος....","Likes":""},{"Name":"","Category":"","Rating":" 4 stars ","Number_of_Reviews":"","Address":"","Reviewer":"Peter Emmenegger","Reviewer_page":"https://www.google.com/maps/contrib/114117790149268341815/reviews?hl=en-US","Review_time":"6 years ago","Review":"(Translated by Google) Mostly friendly staff. Good seating outside.\n\n(Original)\nMeist freundliches Personal. Gute Sitzgelegenheit draussen.","Likes":""},{"Name":"","Category":"","Rating":" 4 stars ","Number_of_Reviews":"","Address":"","Reviewer":"Jean-louis Bobet","Reviewer_page":"https://www.google.com/maps/contrib/101170613256609800444/reviews?hl=en-US","Review_time":"a year ago","Review":"(Translated by Google) Clean is great\n\n(Original)\nClean ang great","Likes":""},{"Name":"","Category":"","Rating":" 5 stars ","Number_of_Reviews":"","Address":"","Reviewer":"Joao Profesionales","Reviewer_page":"https://www.google.com/maps/contrib/109029197936724753557/reviews?hl=en-US","Review_time":"4 years ago","Review":"(Translated by Google) Cafeteria... Good coffee, good service\n\n(Original)\nCafetería... Buen café, buen servicio","Likes":""},{"Name":"","Category":"","Rating":" 5 stars ","Number_of_Reviews":"","Address":"","Reviewer":"Diana Lopez","Reviewer_page":"https://www.google.com/maps/contrib/117215238577100484196/reviews?hl=en-US","Review_time":"9 months ago","Review":"(Translated by Google) Excellent attention.\n\n(Original)\nExcelente atención.","Likes":""},{"Name":"","Category":"","Rating":" 5 stars ","Number_of_Reviews":"","Address":"","Reviewer":"Myles Kehoe","Reviewer_page":"https://www.google.com/maps/contrib/102655396299209949242/reviews?hl=en-US","Review_time":"3 weeks ago","Review":"","Likes":""},{"Name":"","Category":"","Rating":" 4 stars ","Number_of_Reviews":"","Address":"","Reviewer":"steve Hwang","Reviewer_page":"https://www.google.com/maps/contrib/106922621209482512459/reviews?hl=en-US","Review_time":"6 months ago","Review":"","Likes":""},{"Name":"","Category":"","Rating":" 4 stars ","Number_of_Reviews":"","Address":"","Reviewer":"Eduardo Gil","Reviewer_page":"https://www.google.com/maps/contrib/117528054429969724205/reviews?hl=en-US","Review_time":"5 years ago","Review":"(Translated by Google) Okay\n\n(Original)\nBueno","Likes":""},{"Name":"","Category":"","Rating":" 1 star ","Number_of_Reviews":"","Address":"","Reviewer":"Anna C","Reviewer_page":"https://www.google.com/maps/contrib/114376005852224305428/reviews?hl=en-US","Review_time":"6 months ago","Review":"","Likes":""},{"Name":"","Category":"","Rating":" 5 stars ","Number_of_Reviews":"","Address":"","Reviewer":"Trevor Chen","Reviewer_page":"https://www.google.com/maps/contrib/107465476187290102816/reviews?hl=en-US","Review_time":"6 months ago","Review":"","Likes":""},{"Name":"","Category":"","Rating":" 1 star ","Number_of_Reviews":"","Address":"","Reviewer":"Chris Klose","Reviewer_page":"https://www.google.com/maps/contrib/107786199283980112922/reviews?hl=en-US","Review_time":"5 years ago","Review":"(Translated by Google) Without toilet\n\n(Original)\nOhne Toilette","Likes":""},{"Name":"","Category":"","Rating":" 2 stars ","Number_of_Reviews":"","Address":"","Reviewer":"Cesar Solano","Reviewer_page":"https://www.google.com/maps/contrib/101861383984642087700/reviews?hl=en-US","Review_time":"5 years ago","Review":"Oi","Likes":""},{"Name":"","Category":"","Rating":" 5 stars ","Number_of_Reviews":"","Address":"","Reviewer":"daniel dayan","Reviewer_page":"https://www.google.com/maps/contrib/104384050072662602532/reviews?hl=en-US","Review_time":"2 years ago","Review":"(Translated by Google) Good ubication\n\n(Original)\nBuena Ubicación","Likes":""},{"Name":"","Category":"","Rating":" 4 stars ","Number_of_Reviews":"","Address":"","Reviewer":"Richard Sledge","Reviewer_page":"https://www.google.com/maps/contrib/109318787722209453379/reviews?hl=en-US","Review_time":"3 years ago","Review":"Dragon fruit","Likes":""},{"Name":"","Category":"","Rating":" 5 stars ","Number_of_Reviews":"","Address":"","Reviewer":"Kity Sanchez","Reviewer_page":"https://www.google.com/maps/contrib/114669092088674546408/reviews?hl=en-US","Review_time":"7 months ago","Review":"","Likes":""},{"Name":"","Category":"","Rating":" 5 stars ","Number_of_Reviews":"","Address":"","Reviewer":"New Frontier Luxury","Reviewer_page":"https://www.google.com/maps/contrib/116456332556420234300/reviews?hl=en-US","Review_time":"7 months ago","Review":"","Likes":""},{"Name":"","Category":"","Rating":" 4 stars ","Number_of_Reviews":"","Address":"","Reviewer":"Carlos García","Reviewer_page":"https://www.google.com/maps/contrib/104470808188850379415/reviews?hl=en-US","Review_time":"10 months ago","Review":"","Likes":""},{"Name":"","Category":"","Rating":" 5 stars ","Number_of_Reviews":"","Address":"","Reviewer":"Mazed Chowdhuruy","Reviewer_page":"https://www.google.com/maps/contrib/107616823526367598431/reviews?hl=en-US","Review_time":"11 months ago","Review":"","Likes":""},{"Name":"","Category":"","Rating":" 2 stars ","Number_of_Reviews":"","Address":"","Reviewer":"Syr Fear","Reviewer_page":"https://www.google.com/maps/contrib/116170638376709157183/reviews?hl=en-US","Review_time":"11 months ago","Review":"","Likes":""},{"Name":"","Category":"","Rating":" 4 stars ","Number_of_Reviews":"","Address":"","Reviewer":"TDK K","Reviewer_page":"https://www.google.com/maps/contrib/114337277302471136145/reviews?hl=en-US","Review_time":"11 months ago","Review":"","Likes":""},{"Name":"","Category":"","Rating":" 5 stars ","Number_of_Reviews":"","Address":"","Reviewer":"Forrest Muhammad","Reviewer_page":"https://www.google.com/maps/contrib/116623371059776268657/reviews?hl=en-US","Review_time":"a year ago","Review":"","Likes":""},{"Name":"","Category":"","Rating":" 5 stars ","Number_of_Reviews":"","Address":"","Reviewer":"Matilde Frias","Reviewer_page":"https://www.google.com/maps/contrib/105198924341867139307/reviews?hl=en-US","Review_time":"a year ago","Review":"","Likes":""},{"Name":"","Category":"","Rating":" 5 stars ","Number_of_Reviews":"","Address":"","Reviewer":"Pamela Torres Potter","Reviewer_page":"https://www.google.com/maps/contrib/100673258417622462281/reviews?hl=en-US","Review_time":"a year ago","Review":"","Likes":""},{"Name":"","Category":"","Rating":" 5 stars ","Number_of_Reviews":"","Address":"","Reviewer":"Anthony Herriott","Reviewer_page":"https://www.google.com/maps/contrib/116505669122862130035/reviews?hl=en-US","Review_time":"a year ago","Review":"","Likes":""},{"Name":"","Category":"","Rating":" 5 stars ","Number_of_Reviews":"","Address":"","Reviewer":"Mike Payawal","Reviewer_page":"https://www.google.com/maps/contrib/109463422538988256968/reviews?hl=en-US","Review_time":"2 years ago","Review":"","Likes":""},{"Name":"","Category":"","Rating":" 5 stars ","Number_of_Reviews":"","Address":"","Reviewer":"Sean Grano","Reviewer_page":"https://www.google.com/maps/contrib/109858862072212972319/reviews?hl=en-US","Review_time":"5 years ago","Review":"","Likes":""},{"Name":"","Category":"","Rating":" 5 stars ","Number_of_Reviews":"","Address":"","Reviewer":"Branislav Calenic","Reviewer_page":"https://www.google.com/maps/contrib/108848261642774299836/reviews?hl=en-US","Review_time":"4 years ago","Review":"","Likes":""},{"Name":"","Category":"","Rating":" 5 stars ","Number_of_Reviews":"","Address":"","Reviewer":"Marc Bern","Reviewer_page":"https://www.google.com/maps/contrib/117625362911243662604/reviews?hl=en-US","Review_time":"4 years ago","Review":"","Likes":""},{"Name":"","Category":"","Rating":" 5 stars ","Number_of_Reviews":"","Address":"","Reviewer":"Grace Fastovsky","Reviewer_page":"https://www.google.com/maps/contrib/101662365291824981019/reviews?hl=en-US","Review_time":"4 years ago","Review":"","Likes":""},{"Name":"","Category":"","Rating":" 4 stars ","Number_of_Reviews":"","Address":"","Reviewer":"José G. Cabral","Reviewer_page":"https://www.google.com/maps/contrib/106748118670572596405/reviews?hl=en-US","Review_time":"6 years ago","Review":"","Likes":""},{"Name":"","Category":"","Rating":" 4 stars ","Number_of_Reviews":"","Address":"","Reviewer":"Rocio LaMotta","Reviewer_page":"https://www.google.com/maps/contrib/115269299615213377256/reviews?hl=en-US","Review_time":"5 years ago","Review":"","Likes":""},{"Name":"","Category":"","Rating":" 3 stars ","Number_of_Reviews":"","Address":"","Reviewer":"Enmanuel Peralta (PMC)","Reviewer_page":"https://www.google.com/maps/contrib/116780246452621188323/reviews?hl=en-US","Review_time":"5 years ago","Review":"","Likes":""},{"Name":"","Category":"","Rating":" 3 stars ","Number_of_Reviews":"","Address":"","Reviewer":"Pilar V. Arsenec","Reviewer_page":"https://www.google.com/maps/contrib/107274118043503381880/reviews?hl=en-US","Review_time":"5 years ago","Review":"","Likes":""},{"Name":"","Category":"","Rating":" 4 stars ","Number_of_Reviews":"","Address":"","Reviewer":"PANTHO KHAN","Reviewer_page":"https://www.google.com/maps/contrib/109582067307285712798/reviews?hl=en-US","Review_time":"3 years ago","Review":"","Likes":""},{"Name":"","Category":"","Rating":" 5 stars ","Number_of_Reviews":"","Address":"","Reviewer":"John Mullin (John Mullin WTKO)","Reviewer_page":"https://www.google.com/maps/contrib/111112165253882472976/reviews?hl=en-US","Review_time":"3 years ago","Review":"","Likes":""},{"Name":"","Category":"","Rating":" 4 stars ","Number_of_Reviews":"","Address":"","Reviewer":"Vivek Rath","Reviewer_page":"https://www.google.com/maps/contrib/114980449469445954198/reviews?hl=en-US","Review_time":"4 years ago","Review":"","Likes":""},{"Name":"","Category":"","Rating":" 3 stars ","Number_of_Reviews":"","Address":"","Reviewer":"Simon Baier","Reviewer_page":"https://www.google.com/maps/contrib/103184479884100244029/reviews?hl=en-US","Review_time":"3 years ago","Review":"","Likes":""},{"Name":"","Category":"","Rating":" 5 stars ","Number_of_Reviews":"","Address":"","Reviewer":"Mrugank Dake","Reviewer_page":"https://www.google.com/maps/contrib/113390760989073823219/reviews?hl=en-US","Review_time":"10 months ago","Review":"","Likes":""},{"Name":"","Category":"","Rating":" 4 stars ","Number_of_Reviews":"","Address":"","Reviewer":"Edward Soule","Reviewer_page":"https://www.google.com/maps/contrib/112201068933593971636/reviews?hl=en-US","Review_time":"5 years ago","Review":"","Likes":""},{"Name":"","Category":"","Rating":" 5 stars ","Number_of_Reviews":"","Address":"","Reviewer":"Tara Moseder","Reviewer_page":"https://www.google.com/maps/contrib/112934564775290918479/reviews?hl=en-US","Review_time":"3 years ago","Review":"","Likes":""},{"Name":"","Category":"","Rating":" 4 stars ","Number_of_Reviews":"","Address":"","Reviewer":"latoya white","Reviewer_page":"https://www.google.com/maps/contrib/103158216411478980908/reviews?hl=en-US","Review_time":"3 years ago","Review":"","Likes":""},{"Name":"","Category":"","Rating":" 5 stars ","Number_of_Reviews":"","Address":"","Reviewer":"Nikhil Jacob","Reviewer_page":"https://www.google.com/maps/contrib/102385183409522322761/reviews?hl=en-US","Review_time":"2 years ago","Review":"","Likes":""},{"Name":"","Category":"","Rating":" 5 stars ","Number_of_Reviews":"","Address":"","Reviewer":"Syed Sulaiman Hasany","Reviewer_page":"https://www.google.com/maps/contrib/103547826292205551357/reviews?hl=en-US","Review_time":"a year ago","Review":"","Likes":""},{"Name":"","Category":"","Rating":" 5 stars ","Number_of_Reviews":"","Address":"","Reviewer":"Juan Flores","Reviewer_page":"https://www.google.com/maps/contrib/106234557792709471860/reviews?hl=en-US","Review_time":"a year ago","Review":"","Likes":""},{"Name":"","Category":"","Rating":" 3 stars ","Number_of_Reviews":"","Address":"","Reviewer":"Sonja G","Reviewer_page":"https://www.google.com/maps/contrib/118162986836154786391/reviews?hl=en-US","Review_time":"4 years ago","Review":"","Likes":""},{"Name":"","Category":"","Rating":" 4 stars ","Number_of_Reviews":"","Address":"","Reviewer":"X Scrib.57","Reviewer_page":"https://www.google.com/maps/contrib/114013165051494375933/reviews?hl=en-US","Review_time":"3 years ago","Review":"","Likes":""},{"Name":"","Category":"","Rating":" 4 stars ","Number_of_Reviews":"","Address":"","Reviewer":"Venkata Shiva Mandala","Reviewer_page":"https://www.google.com/maps/contrib/116436042610001548160/reviews?hl=en-US","Review_time":"a year ago","Review":"","Likes":""},{"Name":"","Category":"","Rating":" 5 stars ","Number_of_Reviews":"","Address":"","Reviewer":"Karol Gburski","Reviewer_page":"https://www.google.com/maps/contrib/117421458688846501667/reviews?hl=en-US","Review_time":"a year ago","Review":"","Likes":""},{"Name":"","Category":"","Rating":" 5 stars ","Number_of_Reviews":"","Address":"","Reviewer":"Kevin Thomason","Reviewer_page":"https://www.google.com/maps/contrib/106646916436420272873/reviews?hl=en-US","Review_time":"3 years ago","Review":"","Likes":""},{"Name":"","Category":"","Rating":" 3 stars ","Number_of_Reviews":"","Address":"","Reviewer":"Roxana Georgescu","Reviewer_page":"https://www.google.com/maps/contrib/111782396056000827147/reviews?hl=en-US","Review_time":"5 years ago","Review":"","Likes":""},{"Name":"","Category":"","Rating":" 5 stars ","Number_of_Reviews":"","Address":"","Reviewer":"Maria Jose Gallon Orozco","Reviewer_page":"https://www.google.com/maps/contrib/109577415494795255913/reviews?hl=en-US","Review_time":"2 years ago","Review":"","Likes":""},{"Name":"","Category":"","Rating":" 4 stars ","Number_of_Reviews":"","Address":"","Reviewer":"Gladys Pacheco","Reviewer_page":"https://www.google.com/maps/contrib/114537703910017222590/reviews?hl=en-US","Review_time":"3 years ago","Review":"","Likes":""},{"Name":"","Category":"","Rating":" 4 stars ","Number_of_Reviews":"","Address":"","Reviewer":"michael lauto","Reviewer_page":"https://www.google.com/maps/contrib/115917445895981061764/reviews?hl=en-US","Review_time":"4 years ago","Review":"","Likes":""},{"Name":"","Category":"","Rating":" 1 star ","Number_of_Reviews":"","Address":"","Reviewer":"Happy Club Gaming Nepal","Reviewer_page":"https://www.google.com/maps/contrib/109491574793386068520/reviews?hl=en-US","Review_time":"a year ago","Review":"","Likes":""},{"Name":"","Category":"","Rating":" 5 stars ","Number_of_Reviews":"","Address":"","Reviewer":"Nelly Padillo","Reviewer_page":"https://www.google.com/maps/contrib/106227534246139758491/reviews?hl=en-US","Review_time":"4 years ago","Review":"","Likes":""},{"Name":"","Category":"","Rating":" 5 stars ","Number_of_Reviews":"","Address":"","Reviewer":"escarle mata","Reviewer_page":"https://www.google.com/maps/contrib/105385980548097942828/reviews?hl=en-US","Review_time":"a year ago","Review":"","Likes":""},{"Name":"","Category":"","Rating":" 2 stars ","Number_of_Reviews":"","Address":"","Reviewer":"Annalisa Ferrante","Reviewer_page":"https://www.google.com/maps/contrib/102969444984431140873/reviews?hl=en-US","Review_time":"3 years ago","Review":"","Likes":""},{"Name":"","Category":"","Rating":" 5 stars ","Number_of_Reviews":"","Address":"","Reviewer":"Patrice Ruel","Reviewer_page":"https://www.google.com/maps/contrib/106754560011919105056/reviews?hl=en-US","Review_time":"3 years ago","Review":"","Likes":""},{"Name":"","Category":"","Rating":" 5 stars ","Number_of_Reviews":"","Address":"","Reviewer":"Miguel Ángel Vargas F","Reviewer_page":"https://www.google.com/maps/contrib/113424273670282980991/reviews?hl=en-US","Review_time":"3 years ago","Review":"","Likes":""},{"Name":"","Category":"","Rating":" 5 stars ","Number_of_Reviews":"","Address":"","Reviewer":"Isabel Ortiz","Reviewer_page":"https://www.google.com/maps/contrib/106676836405773215810/reviews?hl=en-US","Review_time":"4 years ago","Review":"","Likes":""},{"Name":"","Category":"","Rating":" 4 stars ","Number_of_Reviews":"","Address":"","Reviewer":"Jonathan James","Reviewer_page":"https://www.google.com/maps/contrib/108884952132716417813/reviews?hl=en-US","Review_time":"3 years ago","Review":"","Likes":""},{"Name":"","Category":"","Rating":" 5 stars ","Number_of_Reviews":"","Address":"","Reviewer":"Rafiel Aharoni","Reviewer_page":"https://www.google.com/maps/contrib/110253990480304530789/reviews?hl=en-US","Review_time":"5 years ago","Review":"","Likes":""},{"Name":"","Category":"","Rating":" 5 stars ","Number_of_Reviews":"","Address":"","Reviewer":"Mark M","Reviewer_page":"https://www.google.com/maps/contrib/101348472125269549803/reviews?hl=en-US","Review_time":"4 years ago","Review":"","Likes":""},{"Name":"","Category":"","Rating":" 5 stars ","Number_of_Reviews":"","Address":"","Reviewer":"Dionysio Katehis","Reviewer_page":"https://www.google.com/maps/contrib/106789060371519687154/reviews?hl=en-US","Review_time":"3 years ago","Review":"","Likes":""},{"Name":"","Category":"","Rating":" 5 stars ","Number_of_Reviews":"","Address":"","Reviewer":"Frederick Tailoring","Reviewer_page":"https://www.google.com/maps/contrib/102556909027924899049/reviews?hl=en-US","Review_time":"3 years ago","Review":"","Likes":""},{"Name":"","Category":"","Rating":" 5 stars ","Number_of_Reviews":"","Address":"","Reviewer":"DOUGLAS JONES","Reviewer_page":"https://www.google.com/maps/contrib/107744096321696880025/reviews?hl=en-US","Review_time":"a year ago","Review":"","Likes":""},{"Name":"","Category":"","Rating":" 5 stars ","Number_of_Reviews":"","Address":"","Reviewer":"Akwasi Poku Afranie","Reviewer_page":"https://www.google.com/maps/contrib/117072080849990691041/reviews?hl=en-US","Review_time":"2 years ago","Review":"","Likes":""},{"Name":"","Category":"","Rating":" 5 stars ","Number_of_Reviews":"","Address":"","Reviewer":"Jessica mejia","Reviewer_page":"https://www.google.com/maps/contrib/108914459116466355121/reviews?hl=en-US","Review_time":"5 years ago","Review":"","Likes":""},{"Name":"","Category":"","Rating":" 5 stars ","Number_of_Reviews":"","Address":"","Reviewer":"Gus Taylor","Reviewer_page":"https://www.google.com/maps/contrib/107584890147283928025/reviews?hl=en-US","Review_time":"3 years ago","Review":"","Likes":""},{"Name":"","Category":"","Rating":" 4 stars ","Number_of_Reviews":"","Address":"","Reviewer":"black belt","Reviewer_page":"https://www.google.com/maps/contrib/115883633822544545890/reviews?hl=en-US","Review_time":"3 years ago","Review":"","Likes":""},{"Name":"","Category":"","Rating":" 5 stars ","Number_of_Reviews":"","Address":"","Reviewer":"Jesus Vigil","Reviewer_page":"https://www.google.com/maps/contrib/103152796870868811672/reviews?hl=en-US","Review_time":"9 months ago","Review":"","Likes":""},{"Name":"","Category":"","Rating":" 4 stars ","Number_of_Reviews":"","Address":"","Reviewer":"Rahkiim Carlton","Reviewer_page":"https://www.google.com/maps/contrib/115715463672724808259/reviews?hl=en-US","Review_time":"3 years ago","Review":"","Likes":""},{"Name":"","Category":"","Rating":" 5 stars ","Number_of_Reviews":"","Address":"","Reviewer":"Bunny Ebanks","Reviewer_page":"https://www.google.com/maps/contrib/107696651476482795651/reviews?hl=en-US","Review_time":"3 years ago","Review":"","Likes":""},{"Name":"","Category":"","Rating":" 3 stars ","Number_of_Reviews":"","Address":"","Reviewer":"Carol Carrasquillo","Reviewer_page":"https://www.google.com/maps/contrib/100403050654393010540/reviews?hl=en-US","Review_time":"9 months ago","Review":"","Likes":""},{"Name":"","Category":"","Rating":" 5 stars ","Number_of_Reviews":"","Address":"","Reviewer":"Roseanne Tablada","Reviewer_page":"https://www.google.com/maps/contrib/112059524769478403233/reviews?hl=en-US","Review_time":"a year ago","Review":"","Likes":""},{"Name":"","Category":"","Rating":" 5 stars ","Number_of_Reviews":"","Address":"","Reviewer":"Vernon Cheung","Reviewer_page":"https://www.google.com/maps/contrib/112121662087091850832/reviews?hl=en-US","Review_time":"5 years ago","Review":"","Likes":""},{"Name":"","Category":"","Rating":" 5 stars ","Number_of_Reviews":"","Address":"","Reviewer":"Peter Johnson","Reviewer_page":"https://www.google.com/maps/contrib/118171987768525955199/reviews?hl=en-US","Review_time":"3 years ago","Review":"","Likes":""},{"Name":"","Category":"","Rating":" 3 stars ","Number_of_Reviews":"","Address":"","Reviewer":"Lyndsay Gomez","Reviewer_page":"https://www.google.com/maps/contrib/116041026040030657593/reviews?hl=en-US","Review_time":"5 years ago","Review":"","Likes":""},{"Name":"","Category":"","Rating":" 2 stars ","Number_of_Reviews":"","Address":"","Reviewer":"Lorraine Davis","Reviewer_page":"https://www.google.com/maps/contrib/100119351411941534214/reviews?hl=en-US","Review_time":"2 years ago","Review":"","Likes":""},{"Name":"","Category":"","Rating":" 5 stars ","Number_of_Reviews":"","Address":"","Reviewer":"Tiffany Jackson","Reviewer_page":"https://www.google.com/maps/contrib/115573479149461836613/reviews?hl=en-US","Review_time":"a year ago","Review":"","Likes":""},{"Name":"","Category":"","Rating":" 5 stars ","Number_of_Reviews":"","Address":"","Reviewer":"Roseanne Cruz","Reviewer_page":"https://www.google.com/maps/contrib/100151178301514317086/reviews?hl=en-US","Review_time":"4 years ago","Review":"","Likes":""},{"Name":"","Category":"","Rating":" 5 stars ","Number_of_Reviews":"","Address":"","Reviewer":"Justin Ngeow","Reviewer_page":"https://www.google.com/maps/contrib/113459708968819398394/reviews?hl=en-US","Review_time":"3 years ago","Review":"","Likes":""},{"Name":"","Category":"","Rating":" 5 stars ","Number_of_Reviews":"","Address":"","Reviewer":"Lynn Hartmann","Reviewer_page":"https://www.google.com/maps/contrib/116022473114207920364/reviews?hl=en-US","Review_time":"10 months ago","Review":"","Likes":""},{"Name":"","Category":"","Rating":" 3 stars ","Number_of_Reviews":"","Address":"","Reviewer":"Jonathan Rose","Reviewer_page":"https://www.google.com/maps/contrib/104424434779040442838/reviews?hl=en-US","Review_time":"4 years ago","Review":"","Likes":""},{"Name":"","Category":"","Rating":" 4 stars ","Number_of_Reviews":"","Address":"","Reviewer":"MGySgt John Escalante","Reviewer_page":"https://www.google.com/maps/contrib/117317771206055360796/reviews?hl=en-US","Review_time":"3 years ago","Review":"","Likes":""},{"Name":"","Category":"","Rating":" 5 stars ","Number_of_Reviews":"","Address":"","Reviewer":"Gerry Medina","Reviewer_page":"https://www.google.com/maps/contrib/113581612664204179617/reviews?hl=en-US","Review_time":"a year ago","Review":"","Likes":""},{"Name":"","Category":"","Rating":" 5 stars ","Number_of_Reviews":"","Address":"","Reviewer":"Dscott Dinero","Reviewer_page":"https://www.google.com/maps/contrib/116707645016350099855/reviews?hl=en-US","Review_time":"a year ago","Review":"","Likes":""},{"Name":"","Category":"","Rating":" 4 stars ","Number_of_Reviews":"","Address":"","Reviewer":"Lori L","Reviewer_page":"https://www.google.com/maps/contrib/102894074583847050504/reviews?hl=en-US","Review_time":"5 years ago","Review":"","Likes":""},{"Name":"","Category":"","Rating":" 3 stars ","Number_of_Reviews":"","Address":"","Reviewer":"Armamdo A","Reviewer_page":"https://www.google.com/maps/contrib/107680303843533301324/reviews?hl=en-US","Review_time":"5 years ago","Review":"","Likes":""},{"Name":"","Category":"","Rating":" 5 stars ","Number_of_Reviews":"","Address":"","Reviewer":"Kissie Sheppard","Reviewer_page":"https://www.google.com/maps/contrib/102289924022840804035/reviews?hl=en-US","Review_time":"4 years ago","Review":"","Likes":""},{"Name":"","Category":"","Rating":" 4 stars ","Number_of_Reviews":"","Address":"","Reviewer":"Natalia Moreno","Reviewer_page":"https://www.google.com/maps/contrib/103782213642297586945/reviews?hl=en-US","Review_time":"3 years ago","Review":"","Likes":""},{"Name":"","Category":"","Rating":" 4 stars ","Number_of_Reviews":"","Address":"","Reviewer":"rob castronovough","Reviewer_page":"https://www.google.com/maps/contrib/105145381046210205461/reviews?hl=en-US","Review_time":"3 years ago","Review":"","Likes":""},{"Name":"","Category":"","Rating":" 3 stars ","Number_of_Reviews":"","Address":"","Reviewer":"Doyeun Kim","Reviewer_page":"https://www.google.com/maps/contrib/116951160124228466579/reviews?hl=en-US","Review_time":"3 years ago","Review":"","Likes":""},{"Name":"","Category":"","Rating":" 3 stars ","Number_of_Reviews":"","Address":"","Reviewer":"Juana Garcia","Reviewer_page":"https://www.google.com/maps/contrib/112395268054056940137/reviews?hl=en-US","Review_time":"5 years ago","Review":"","Likes":""},{"Name":"","Category":"","Rating":" 4 stars ","Number_of_Reviews":"","Address":"","Reviewer":"Chris P (shelbygt5252)","Reviewer_page":"https://www.google.com/maps/contrib/116542783662247952116/reviews?hl=en-US","Review_time":"3 years ago","Review":"","Likes":""},{"Name":"","Category":"","Rating":" 4 stars ","Number_of_Reviews":"","Address":"","Reviewer":"Manmohan Dabas","Reviewer_page":"https://www.google.com/maps/contrib/106680169940060507793/reviews?hl=en-US","Review_time":"3 years ago","Review":"","Likes":""},{"Name":"","Category":"","Rating":" 5 stars ","Number_of_Reviews":"","Address":"","Reviewer":"Richard Cohen","Reviewer_page":"https://www.google.com/maps/contrib/104028648704524410253/reviews?hl=en-US","Review_time":"3 years ago","Review":"","Likes":""},{"Name":"","Category":"","Rating":" 5 stars ","Number_of_Reviews":"","Address":"","Reviewer":"Sever Picu","Reviewer_page":"https://www.google.com/maps/contrib/104285266941856492090/reviews?hl=en-US","Review_time":"3 years ago","Review":"","Likes":""},{"Name":"","Category":"","Rating":" 5 stars ","Number_of_Reviews":"","Address":"","Reviewer":"Izmir Bushaj","Reviewer_page":"https://www.google.com/maps/contrib/111007726233813121472/reviews?hl=en-US","Review_time":"2 years ago","Review":"","Likes":""},{"Name":"","Category":"","Rating":" 4 stars ","Number_of_Reviews":"","Address":"","Reviewer":"Micky Perrella","Reviewer_page":"https://www.google.com/maps/contrib/115644636218629414319/reviews?hl=en-US","Review_time":"3 years ago","Review":"","Likes":""},{"Name":"","Category":"","Rating":" 3 stars ","Number_of_Reviews":"","Address":"","Reviewer":"Sharon Carpenter","Reviewer_page":"https://www.google.com/maps/contrib/116014679076533756691/reviews?hl=en-US","Review_time":"4 years ago","Review":"","Likes":""},{"Name":"","Category":"","Rating":" 4 stars ","Number_of_Reviews":"","Address":"","Reviewer":"Pisakh Mishiyev","Reviewer_page":"https://www.google.com/maps/contrib/116428312058199916027/reviews?hl=en-US","Review_time":"2 years ago","Review":"","Likes":""},{"Name":"","Category":"","Rating":" 5 stars ","Number_of_Reviews":"","Address":"","Reviewer":"shanna layne","Reviewer_page":"https://www.google.com/maps/contrib/103271301521509602458/reviews?hl=en-US","Review_time":"2 years ago","Review":"","Likes":""},{"Name":"","Category":"","Rating":" 5 stars ","Number_of_Reviews":"","Address":"","Reviewer":"Eric and Elaine Ohlson","Reviewer_page":"https://www.google.com/maps/contrib/107105143638214164937/reviews?hl=en-US","Review_time":"5 years ago","Review":"","Likes":""},{"Name":"","Category":"","Rating":" 4 stars ","Number_of_Reviews":"","Address":"","Reviewer":"J Rodriguez","Reviewer_page":"https://www.google.com/maps/contrib/113158210547815246037/reviews?hl=en-US","Review_time":"8 months ago","Review":"","Likes":""},{"Name":"","Category":"","Rating":" 3 stars ","Number_of_Reviews":"","Address":"","Reviewer":"GuoChao Xia","Reviewer_page":"https://www.google.com/maps/contrib/111582179557648303336/reviews?hl=en-US","Review_time":"2 years ago","Review":"","Likes":""},{"Name":"","Category":"","Rating":" 5 stars ","Number_of_Reviews":"","Address":"","Reviewer":"Celeste Charles","Reviewer_page":"https://www.google.com/maps/contrib/111535566770443558515/reviews?hl=en-US","Review_time":"4 years ago","Review":"","Likes":""},{"Name":"","Category":"","Rating":" 5 stars ","Number_of_Reviews":"","Address":"","Reviewer":"DOMINIQUE ANTON","Reviewer_page":"https://www.google.com/maps/contrib/104071804151401727396/reviews?hl=en-US","Review_time":"2 years ago","Review":"","Likes":""},{"Name":"","Category":"","Rating":" 3 stars ","Number_of_Reviews":"","Address":"","Reviewer":"Mehmet E Basbug","Reviewer_page":"https://www.google.com/maps/contrib/103013245138749650578/reviews?hl=en-US","Review_time":"4 years ago","Review":"","Likes":""},{"Name":"","Category":"","Rating":" 4 stars ","Number_of_Reviews":"","Address":"","Reviewer":"Byron De León","Reviewer_page":"https://www.google.com/maps/contrib/117581739737763768384/reviews?hl=en-US","Review_time":"3 years ago","Review":"","Likes":""},{"Name":"","Category":"","Rating":" 2 stars ","Number_of_Reviews":"","Address":"","Reviewer":"Charles Ward","Reviewer_page":"https://www.google.com/maps/contrib/118399162272801060507/reviews?hl=en-US","Review_time":"3 years ago","Review":"","Likes":""},{"Name":"","Category":"","Rating":" 5 stars ","Number_of_Reviews":"","Address":"","Reviewer":"Anna Stepanova","Reviewer_page":"https://www.google.com/maps/contrib/101191688298841732807/reviews?hl=en-US","Review_time":"4 years ago","Review":"","Likes":""},{"Name":"","Category":"","Rating":" 4 stars ","Number_of_Reviews":"","Address":"","Reviewer":"Edgar Ramales","Reviewer_page":"https://www.google.com/maps/contrib/104401603597335006397/reviews?hl=en-US","Review_time":"9 years ago","Review":"","Likes":""},{"Name":"","Category":"","Rating":" 5 stars ","Number_of_Reviews":"","Address":"","Reviewer":"Ayelet Shahar","Reviewer_page":"https://www.google.com/maps/contrib/112825852986427179759/reviews?hl=en-US","Review_time":"6 years ago","Review":"","Likes":""},{"Name":"","Category":"","Rating":" 3 stars ","Number_of_Reviews":"","Address":"","Reviewer":"Titus Poulus","Reviewer_page":"https://www.google.com/maps/contrib/113522948466160371407/reviews?hl=en-US","Review_time":"5 years ago","Review":"","Likes":""},{"Name":"","Category":"","Rating":" 5 stars ","Number_of_Reviews":"","Address":"","Reviewer":"Leonard Lotz","Reviewer_page":"https://www.google.com/maps/contrib/111114038378240307451/reviews?hl=en-US","Review_time":"3 years ago","Review":"","Likes":""},{"Name":"","Category":"","Rating":" 3 stars ","Number_of_Reviews":"","Address":"","Reviewer":"leon khanin","Reviewer_page":"https://www.google.com/maps/contrib/100727429162879817303/reviews?hl=en-US","Review_time":"3 years ago","Review":"","Likes":""},{"Name":"","Category":"","Rating":" 5 stars ","Number_of_Reviews":"","Address":"","Reviewer":"Dave","Reviewer_page":"https://www.google.com/maps/contrib/105858324553042414203/reviews?hl=en-US","Review_time":"3 years ago","Review":"","Likes":""},{"Name":"","Category":"","Rating":" 3 stars ","Number_of_Reviews":"","Address":"","Reviewer":"Eliezer Alcantara","Reviewer_page":"https://www.google.com/maps/contrib/115933170283729923042/reviews?hl=en-US","Review_time":"5 years ago","Review":"","Likes":""},{"Name":"","Category":"","Rating":" 1 star ","Number_of_Reviews":"","Address":"","Reviewer":"Oliver Perdomo","Reviewer_page":"https://www.google.com/maps/contrib/109666347729473591003/reviews?hl=en-US","Review_time":"2 years ago","Review":"","Likes":""},{"Name":"","Category":"","Rating":" 3 stars ","Number_of_Reviews":"","Address":"","Reviewer":"Boubacar Yara","Reviewer_page":"https://www.google.com/maps/contrib/116679052607811649153/reviews?hl=en-US","Review_time":"5 years ago","Review":"","Likes":""},{"Name":"","Category":"","Rating":" 3 stars ","Number_of_Reviews":"","Address":"","Reviewer":"honda shunsuke","Reviewer_page":"https://www.google.com/maps/contrib/108369569878434077409/reviews?hl=en-US","Review_time":"5 years ago","Review":"","Likes":""},{"Name":"","Category":"","Rating":" 4 stars ","Number_of_Reviews":"","Address":"","Reviewer":"Mark Manjoney","Reviewer_page":"https://www.google.com/maps/contrib/102867351649386689550/reviews?hl=en-US","Review_time":"4 years ago","Review":"","Likes":""},{"Name":"","Category":"","Rating":" 5 stars ","Number_of_Reviews":"","Address":"","Reviewer":"Vincent Man","Reviewer_page":"https://www.google.com/maps/contrib/116029932319168753022/reviews?hl=en-US","Review_time":"3 years ago","Review":"","Likes":""},{"Name":"","Category":"","Rating":" 5 stars ","Number_of_Reviews":"","Address":"","Reviewer":"Tyler Adamczak","Reviewer_page":"https://www.google.com/maps/contrib/112833607491198733583/reviews?hl=en-US","Review_time":"a year ago","Review":"","Likes":""},{"Name":"","Category":"","Rating":" 4 stars ","Number_of_Reviews":"","Address":"","Reviewer":"Christine","Reviewer_page":"https://www.google.com/maps/contrib/116346224024386949464/reviews?hl=en-US","Review_time":"3 years ago","Review":"","Likes":""},{"Name":"","Category":"","Rating":" 5 stars ","Number_of_Reviews":"","Address":"","Reviewer":"Belinda Day","Reviewer_page":"https://www.google.com/maps/contrib/101785918157868808075/reviews?hl=en-US","Review_time":"3 years ago","Review":"","Likes":""},{"Name":"","Category":"","Rating":" 5 stars ","Number_of_Reviews":"","Address":"","Reviewer":"Doris Portillo","Reviewer_page":"https://www.google.com/maps/contrib/114613081434951571082/reviews?hl=en-US","Review_time":"4 years ago","Review":"","Likes":""},{"Name":"","Category":"","Rating":" 3 stars ","Number_of_Reviews":"","Address":"","Reviewer":"Carlos Coquet","Reviewer_page":"https://www.google.com/maps/contrib/112016317729760688078/reviews?hl=en-US","Review_time":"3 years ago","Review":"","Likes":""},{"Name":"","Category":"","Rating":" 1 star ","Number_of_Reviews":"","Address":"","Reviewer":"Evelina Joseph","Reviewer_page":"https://www.google.com/maps/contrib/106343902295212894071/reviews?hl=en-US","Review_time":"a year ago","Review":"","Likes":""},{"Name":"","Category":"","Rating":" 4 stars ","Number_of_Reviews":"","Address":"","Reviewer":"Adyco Gg","Reviewer_page":"https://www.google.com/maps/contrib/110039332356397089915/reviews?hl=en-US","Review_time":"2 years ago","Review":"","Likes":""},{"Name":"","Category":"","Rating":" 5 stars ","Number_of_Reviews":"","Address":"","Reviewer":"tony tone","Reviewer_page":"https://www.google.com/maps/contrib/115725768656342958221/reviews?hl=en-US","Review_time":"3 years ago","Review":"","Likes":""},{"Name":"","Category":"","Rating":" 5 stars ","Number_of_Reviews":"","Address":"","Reviewer":"satish tickoo","Reviewer_page":"https://www.google.com/maps/contrib/103474948335394191157/reviews?hl=en-US","Review_time":"9 months ago","Review":"","Likes":""},{"Name":"","Category":"","Rating":" 5 stars ","Number_of_Reviews":"","Address":"","Reviewer":"Teddy Yifru","Reviewer_page":"https://www.google.com/maps/contrib/111696527878187564501/reviews?hl=en-US","Review_time":"3 years ago","Review":"","Likes":""},{"Name":"","Category":"","Rating":" 5 stars ","Number_of_Reviews":"","Address":"","Reviewer":"Mauricio Sanchez beltran","Reviewer_page":"https://www.google.com/maps/contrib/100343873676578974838/reviews?hl=en-US","Review_time":"2 years ago","Review":"","Likes":""},{"Name":"","Category":"","Rating":" 5 stars ","Number_of_Reviews":"","Address":"","Reviewer":"Michael Coutts","Reviewer_page":"https://www.google.com/maps/contrib/112814448427791260735/reviews?hl=en-US","Review_time":"4 years ago","Review":"","Likes":""},{"Name":"","Category":"","Rating":" 3 stars ","Number_of_Reviews":"","Address":"","Reviewer":"Kipchirchir Bitok","Reviewer_page":"https://www.google.com/maps/contrib/117642485143336915667/reviews?hl=en-US","Review_time":"6 years ago","Review":"","Likes":""},{"Name":"","Category":"","Rating":" 5 stars ","Number_of_Reviews":"","Address":"","Reviewer":"Armando Garcia","Reviewer_page":"https://www.google.com/maps/contrib/105491639329069126491/reviews?hl=en-US","Review_time":"2 years ago","Review":"","Likes":""},{"Name":"","Category":"","Rating":" 5 stars ","Number_of_Reviews":"","Address":"","Reviewer":"David Cohen","Reviewer_page":"https://www.google.com/maps/contrib/104363160669629144288/reviews?hl=en-US","Review_time":"3 years ago","Review":"","Likes":""},{"Name":"","Category":"","Rating":" 4 stars ","Number_of_Reviews":"","Address":"","Reviewer":"Rachel Yamin","Reviewer_page":"https://www.google.com/maps/contrib/110043979991791760552/reviews?hl=en-US","Review_time":"5 years ago","Review":"","Likes":""},{"Name":"","Category":"","Rating":" 3 stars ","Number_of_Reviews":"","Address":"","Reviewer":"E Smirnov (Red Dragon)","Reviewer_page":"https://www.google.com/maps/contrib/101150734804916106916/reviews?hl=en-US","Review_time":"a year ago","Review":"","Likes":""},{"Name":"","Category":"","Rating":" 3 stars ","Number_of_Reviews":"","Address":"","Reviewer":"Justin Gonzalez","Reviewer_page":"https://www.google.com/maps/contrib/109120398102775426979/reviews?hl=en-US","Review_time":"3 years ago","Review":"","Likes":""},{"Name":"","Category":"","Rating":" 5 stars ","Number_of_Reviews":"","Address":"","Reviewer":"Jason Martin","Reviewer_page":"https://www.google.com/maps/contrib/106590354609053143476/reviews?hl=en-US","Review_time":"4 years ago","Review":"","Likes":""},{"Name":"","Category":"","Rating":" 4 stars ","Number_of_Reviews":"","Address":"","Reviewer":"Sandra Hutabarat","Reviewer_page":"https://www.google.com/maps/contrib/107158303645188339196/reviews?hl=en-US","Review_time":"3 months ago","Review":"","Likes":""},{"Name":"","Category":"","Rating":" 3 stars ","Number_of_Reviews":"","Address":"","Reviewer":"Nora E","Reviewer_page":"https://www.google.com/maps/contrib/118051258596508755136/reviews?hl=en-US","Review_time":"3 years ago","Review":"","Likes":""},{"Name":"","Category":"","Rating":" 5 stars ","Number_of_Reviews":"","Address":"","Reviewer":"Eliza Cunningham","Reviewer_page":"https://www.google.com/maps/contrib/100343227049148978847/reviews?hl=en-US","Review_time":"4 years ago","Review":"","Likes":""},{"Name":"","Category":"","Rating":" 4 stars ","Number_of_Reviews":"","Address":"","Reviewer":"Nayla Elizabeth Ontiveros Acosta","Reviewer_page":"https://www.google.com/maps/contrib/100626846374789490850/reviews?hl=en-US","Review_time":"3 years ago","Review":"","Likes":""},{"Name":"","Category":"","Rating":" 3 stars ","Number_of_Reviews":"","Address":"","Reviewer":"KarenLee M Sigler","Reviewer_page":"https://www.google.com/maps/contrib/113181345969017484626/reviews?hl=en-US","Review_time":"5 years ago","Review":"","Likes":""},{"Name":"","Category":"","Rating":" 5 stars ","Number_of_Reviews":"","Address":"","Reviewer":"Shanequa Williams","Reviewer_page":"https://www.google.com/maps/contrib/113084378775593244577/reviews?hl=en-US","Review_time":"a year ago","Review":"","Likes":""},{"Name":"","Category":"","Rating":" 1 star ","Number_of_Reviews":"","Address":"","Reviewer":"Alexa D","Reviewer_page":"https://www.google.com/maps/contrib/113642649389335317242/reviews?hl=en-US","Review_time":"a year ago","Review":"","Likes":""},{"Name":"","Category":"","Rating":" 4 stars ","Number_of_Reviews":"","Address":"","Reviewer":"Ahmeth fall","Reviewer_page":"https://www.google.com/maps/contrib/110675433310714722930/reviews?hl=en-US","Review_time":"3 weeks ago","Review":"","Likes":""},{"Name":"","Category":"","Rating":" 5 stars ","Number_of_Reviews":"","Address":"","Reviewer":"Willian Jerez","Reviewer_page":"https://www.google.com/maps/contrib/110517431459913550488/reviews?hl=en-US","Review_time":"5 years ago","Review":"","Likes":""}