[{"Name":"","Category":"","Rating":" 2 stars ","Number_of_Reviews":"","Address":"","Reviewer":"Anson Ye","Reviewer_page":"https://www.google.com/maps/contrib/111878547689787368939/reviews?hl=en-US","Review_time":"3 weeks ago","Review":"Not organized & sometimes served not-freshly-brewed hot coffee. No dedicated staff to prepare food when printed orders piled up. Two just keep taking orders when just a few many people on the line. I was told “not that fast” when I asked about my mobile order. Literally, I stand there for 20 minutes & watch how they operate - rarely attended to food. When I ask for refund, I was told to wait, & they just continue to take orders one after one.","Likes":"1"},{"Name":"","Category":"","Rating":" 5 stars ","Number_of_Reviews":"","Address":"","Reviewer":"george bailey","Reviewer_page":"https://www.google.com/maps/contrib/107216425587065307925/reviews?hl=en-US","Review_time":"2 weeks ago","Review":"Great Starbucks, all new staff since reopening and they are very polite and efficient. Also nice and quiet, as I think not many people know they've reopened yet, great if you're WFH but don't want to actually be home","Likes":"1"},{"Name":"","Category":"","Rating":" 5 stars ","Number_of_Reviews":"","Address":"","Reviewer":"Marlene Anderson","Reviewer_page":"https://www.google.com/maps/contrib/116128700668126251823/reviews?hl=en-US","Review_time":"3 years ago","Review":"I can't lie I loved it. This Starbucks is how it use to be back in the 2000's but with an up to date vibe. It is spacious and comfortable. Here you don't need to rush out. Too many Starbucks now is stand, drink and go. Or they have those really hard uncomfortable stools. Only thing missing here for me is the  biscotts in the glass jars and ceramic cups to stay of course.","Likes":""},{"Name":"","Category":"","Rating":" 1 star ","Number_of_Reviews":"","Address":"","Reviewer":"Dominique Bullock","Reviewer_page":"https://www.google.com/maps/contrib/101840899380108147382/reviews?hl=en-US","Review_time":"2 weeks ago","Review":"I ordered a coffee and was not informed it was going to be a pour over. I came between 7am-7:30am. Why is pike not brewed?","Likes":"1"},{"Name":"","Category":"","Rating":" 2 stars ","Number_of_Reviews":"","Address":"","Reviewer":"Laurel B George","Reviewer_page":"https://www.google.com/maps/contrib/101291094356849388756/reviews?hl=en-US","Review_time":"a year ago","Review":"A busy and generally clean Starbucks but with some personnel and safety problems. Servers and customers are often not wearing masks properly or at all while behind the counter or on line.  One barista in particular was surly and rude to us (masked customers following the rules) when we asked to use the bathroom while waiting for our order.  It's gotta be rough to be in customer service during the pandemic but these baristas (and their unmasked police force customers) need to do better.","Likes":""},{"Name":"","Category":"","Rating":" 3 stars ","Number_of_Reviews":"","Address":"","Reviewer":"Morais Bloomfield","Reviewer_page":"https://www.google.com/maps/contrib/102719272682176198854/reviews?hl=en-US","Review_time":"4 years ago","Review":"It's hard to say anything bad about Starbucks, even though this happens to be a new store recently opened. The design and layout is well thought out. The atmosphere is welcoming as are all Starbucks. There are no product complaint, however service was neglected.\n\nThere was only one barista on duty at the time of my visit. I waited about 10 minutes for service. And since no one goes to Starbucks for a regular cup of coffee, the special brew and the mixing processes requested can be quite vexing to the waiting customer next in line.\n\nThis is not a bad review. I'm sure service will improve by the time this review is posted. I work near this store and will definitely give this Starbucks another try.","Likes":""},{"Name":"","Category":"","Rating":" 2 stars ","Number_of_Reviews":"","Address":"","Reviewer":"Rich Brome","Reviewer_page":"https://www.google.com/maps/contrib/105272637545241396960/reviews?hl=en-US","Review_time":"3 years ago","Review":"I don't understand how this location can have the slowest internet of any Starbucks in the city (and I've worked from many) given it is literally inside Verizon's lower Manhattan data hub. The staff also has a habit of forgetting/losing orders. Prepare to wait ages and/or have to ask for your order twice. It is however spacious with a good variety of seating. It can be very quiet at times.","Likes":"1"},{"Name":"","Category":"","Rating":" 5 stars ","Number_of_Reviews":"","Address":"","Reviewer":"Kiayanna Ebanks","Reviewer_page":"https://www.google.com/maps/contrib/104187227356688277759/reviews?hl=en-US","Review_time":"a year ago","Review":"Jay is such a great barista!!!!!! Please if you go here visit him ♥️!!! He makes my experience in Starbucks one to always remember!! I will be back soon just to be blessed in his presence 😍! …","Likes":"2"},{"Name":"","Category":"","Rating":" 2 stars ","Number_of_Reviews":"","Address":"","Reviewer":"Queen Smith","Reviewer_page":"https://www.google.com/maps/contrib/116923503733856038078/reviews?hl=en-US","Review_time":"2 years ago","Review":"I love the location and the decor.\nUnfortunately the gentleman served me a room temperature cup of dark roast.i brought it to his attention.he said oh I'm making a fresh pot now.\nHe knew it was the bottom of the pot n cold and gave it to me anyway .\nStarbucks you guys have no keto friendly breakfast\nOptions.i requested the egg  n bacon  drop n they had\nNone of those at this location.\nI pay more to get better service n food.\nTherefore I do expect better when I come to starbucks.","Likes":""},{"Name":"","Category":"","Rating":" 1 star ","Number_of_Reviews":"","Address":"","Reviewer":"tanya b","Reviewer_page":"https://www.google.com/maps/contrib/106944396295195406231/reviews?hl=en-US","Review_time":"2 years ago","Review":"Poor customer service. Lack of professionalism. Possible lack of training of the male staff member. My drinks were poorly made as I witnessed him cleaning his shoe prior to completing my order. He decided to wash his hands after making eye contact with me.","Likes":""},{"Name":"","Category":"","Rating":" 2 stars ","Number_of_Reviews":"","Address":"","Reviewer":"Transcender","Reviewer_page":"https://www.google.com/maps/contrib/105861655652108357366/reviews?hl=en-US","Review_time":"4 years ago","Review":"The space and the atmosphere is great here, but it's run by people who don't seem to care much about customer service.  They aren't courteous and have attitude, they don't bother to take the chairs down from the tables especially on weekends, and the milk/cream are not readily available (as in that the canisters aren't even there).  Please please please  do something about this.","Likes":"2"},{"Name":"","Category":"","Rating":" 4 stars ","Number_of_Reviews":"","Address":"","Reviewer":"Blackfire 4eva","Reviewer_page":"https://www.google.com/maps/contrib/114035901129055919864/reviews?hl=en-US","Review_time":"2 years ago","Review":"Friendly service, decent food..expensive...however the bathroom to the left is dirty..urine on the toilet seat and floor\nWater is cold, hardly no soap in the dispenser and the hand dryer blows out cold air for about 10 seconds then goes off. There are toilet seat covers available..i had to use two..one for the seat after i cleaned off the piss with soap and water and the second one was for drying my hands.","Likes":""},{"Name":"","Category":"","Rating":" 1 star ","Number_of_Reviews":"","Address":"","Reviewer":"Marlaine Cynthia","Reviewer_page":"https://www.google.com/maps/contrib/113271395894376719191/reviews?hl=en-US","Review_time":"2 years ago","Review":"I’d like to first say the young lady working there today at 12:52pm was very polite but the same cannot be said for the gentleman working. While I waited in line to order our coffee, my boyfriend used the bathroom, no issues. After I paid, I went to use the bathroom and the gentlemen there ran after me after I already had the bathroom door open and a foot in the door to wag his finger at me and rudely yell “no public restrooms”, I even offered to pay to use it since I had to go but again, he yelled and wagged his finger “NO PUBLIC RESTROOM” Visiting family from out of state during a pandemic is hard enough but to be spoken to this way is absurd! After I told my boyfriend what happened, he politely went up to the gentleman and asked why he could use the bathroom but I couldn’t then the young man went off! Telling ME how rude I am and saying that NY and all of Starbucks have a no public restroom policy. LOL we’ve used multiple restrooms at NY restaurants AND the Starbucks in Florida (where we live) do not have this policy. Needless to say, he needs to be humbled. There was a million other ways he could have spoken to me, they could have locked the bathroom door and placed a sign OR how about you not be sexist and allow a man to use your restroom but not the female who paid for the coffee.\nALSO our coffee taste like sewer water and we’re positive he did that on purpose.","Likes":"1"},{"Name":"","Category":"","Rating":" 3 stars ","Number_of_Reviews":"","Address":"","Reviewer":"rtekaaho","Reviewer_page":"https://www.google.com/maps/contrib/112246107059613382246/reviews?hl=en-US","Review_time":"4 years ago","Review":"Nice decor and atmosphere until 3pm hits. High school students are very raucous and disrespectful. Staff does little to correct the problem. Furthermore, the music selection is questionable at times. Is it necessary to have rap with curse words playing?Maybe play some jazz or something less abrasive. Staff courtesy could use some more improvement too.","Likes":"2"},{"Name":"","Category":"","Rating":" 1 star ","Number_of_Reviews":"","Address":"","Reviewer":"Bruce Hampton","Reviewer_page":"https://www.google.com/maps/contrib/112246376705317134310/reviews?hl=en-US","Review_time":"4 years ago","Review":"I gave them 3 stars when they first opened. Unfortunately they have fallen really far and I've changed it to 1. The staff here is absolutely terrible. It's clear that they do not want to work here, are full of attitude and early don't know what they are doing. I have been here twice in 2 weeks and both times I had to wait forever on an extremely short line  to not only wait, but to pick up my order after purchase. And both times they got it wrong. How hard is it to make a cold brew with a splash of 2%? The milky sugary concoctions I drank can hardly be called coffee.","Likes":"2"},{"Name":"","Category":"","Rating":" 1 star ","Number_of_Reviews":"","Address":"","Reviewer":"Mohammed Hussain","Reviewer_page":"https://www.google.com/maps/contrib/117262648976475852960/reviews?hl=en-US","Review_time":"4 years ago","Review":"I have been going to this place since it opened. It is one of the worst Starbucks in the city.  This morning I went and ordered a Banana Nut Bread. The girl who was at the register had an attitude and appeared to be frustrated. She wanted to give me the bread from the display that they do not sell to customers. When I asked her if she can give me one from the packet, she said they take them out one at a time and refused. I asked her for a pumpkin bread instead, she refused.  She literally told me that they only have 2 peaces of bread that are on display to sell for the whole day and it is only 8 am in the morning. The other day I asked for them to give half n half because none was available, the counter girl did not even acknowledge the request. Customer service and management really is horrible at this location.","Likes":"1"},{"Name":"","Category":"","Rating":" 3 stars ","Number_of_Reviews":"","Address":"","Reviewer":"Patrick Duong","Reviewer_page":"https://www.google.com/maps/contrib/101133945148486027358/reviews?hl=en-US","Review_time":"3 years ago","Review":"Need a little more trained and professionalism. Beautifully decorated with high ceilings, but the services just didn't match up. Since this is a new Starbucks, hopefully they'll improve over time.","Likes":""},{"Name":"","Category":"","Rating":" 1 star ","Number_of_Reviews":"","Address":"","Reviewer":"Ben C","Reviewer_page":"https://www.google.com/maps/contrib/105617577625428035886/reviews?hl=en-US","Review_time":"4 years ago","Review":"Horrible staff! Made me wait to order and the staff couldn't find the drink I wanted even though it's on the menu. After waiting what felt like 10 minutes to place the order it took the barista another 15 minute to clear the work area before making the incorrect drink. I know for a fact that when I was claiming my reward that ordered a trenta drink. The Batista gave me the smallest size drink with 75% ice. Redeeming a reward here is like the lottery, never know what you'll get. The worst part was that I was the only customer. Refused to fix my order, staff needs training in customer service. Complaint to headquarters filed.","Likes":"2"},{"Name":"","Category":"","Rating":" 1 star ","Number_of_Reviews":"","Address":"","Reviewer":"James Jackson","Reviewer_page":"https://www.google.com/maps/contrib/104023437022789085348/reviews?hl=en-US","Review_time":"3 years ago","Review":"This Starbucks is slow slow slow . No line and still took 5 minutes to get my coffee.. also for some reason they never have nitro cold brew in tap.. I have no idea why they wouldn't have any especially early in the.moring......","Likes":""},{"Name":"","Category":"","Rating":" 5 stars ","Number_of_Reviews":"","Address":"","Reviewer":"Donte Pennie","Reviewer_page":"https://www.google.com/maps/contrib/102654198652806643725/reviews?hl=en-US","Review_time":"3 years ago","Review":"Rachel and Vince were really nice and got my order in and delivered quickly. This made my day so much better. I would rate customer satisfaction 6 stars if could","Likes":""},{"Name":"","Category":"","Rating":" 1 star ","Number_of_Reviews":"","Address":"","Reviewer":"Amazingly Cloudy雲之端","Reviewer_page":"https://www.google.com/maps/contrib/109344676755396127658/reviews?hl=en-US","Review_time":"4 years ago","Review":"I came across this Starbucks to buy a cup of coffee and study. A \"Batista\" named Darryl came to serve me without even addressing me at the line, but just simply stand behind the register and looked at me. I saw a sign said their featuring brew is Honduras, so I ordered a grande one. I found it weird because he pressed so many things with his register and turned out charging me $5.93 which it supposed to be less than $4. When my drink was up, it turns out he made me a grande Cordusio. I told him that I ordered a Grande Honduras which is your featured roast what the sign said on your coffee maker. He did not admit he made a wrong order but accuse me for \"you did not say that, you said Cordusio\". I don't want to comment on the taste of the coffee because it is tasteless with such experience. One thing it is really not acceptable is this Batista blame on the customer for what they ordered and forced them to take whatever he wanna make randomly. I asked to speak to the manager and what happened is, he did not come to me after I typed up all this to describe my experience. It is another unacceptable factor I experienced from this Starbucks.","Likes":"1"},{"Name":"","Category":"","Rating":" 5 stars ","Number_of_Reviews":"","Address":"","Reviewer":"Aneudi Diaz","Reviewer_page":"https://www.google.com/maps/contrib/111266125716444287840/reviews?hl=en-US","Review_time":"a year ago","Review":"This is my local Starbucks located on 375 Pearl Street that used to be the Verizon building. It's close by and always air conditioned with friendly staff with plenty of inside seating.","Likes":""},{"Name":"","Category":"","Rating":" 3 stars ","Number_of_Reviews":"","Address":"","Reviewer":"Rick Jenkins","Reviewer_page":"https://www.google.com/maps/contrib/116771362302432901525/reviews?hl=en-US","Review_time":"2 years ago","Review":"Staff that knows you personally takes good care of you. The ones that don't are very nonchalant about their duties. I make sure I tip when the people I know of working because they will make sure I have everything I need.","Likes":"1"},{"Name":"","Category":"","Rating":" 1 star ","Number_of_Reviews":"","Address":"","Reviewer":"Beth M","Reviewer_page":"https://www.google.com/maps/contrib/101801085067266241726/reviews?hl=en-US","Review_time":"3 years ago","Review":"I am extremely disappointed and displeased with the service I received from the Barista there. The cashier wasn’t friendly either, but the Barista looked annoyed and upset when I asked her a question. She did not smile once, I’m not coming back to this location. No thank you.","Likes":"1"},{"Name":"","Category":"","Rating":" 3 stars ","Number_of_Reviews":"","Address":"","Reviewer":"Official Hezi Hacks Jr","Reviewer_page":"https://www.google.com/maps/contrib/107021536686201570935/reviews?hl=en-US","Review_time":"4 years ago","Review":"A great place to go to right after school or work just to hangout and chill. Well, I should warn that between 2-5pm there will be a lot of high schoolers here. Also the wait time when there's like only 3 people is here is like 20 mins and they are always selling out on everything which is pretty annoying. But it's a great place to study in the morning.","Likes":"1"},{"Name":"","Category":"","Rating":" 5 stars ","Number_of_Reviews":"","Address":"","Reviewer":"E. Page","Reviewer_page":"https://www.google.com/maps/contrib/103663955491091608823/reviews?hl=en-US","Review_time":"4 years ago","Review":"I've been a Starbucks customer for years and I have to say that the location on 375 Pearl has great tasting coffee, the staff is very pleasant, actually they're awesome and they maintain a very clean store. I love going there as it's a great start to my day :- )","Likes":""},{"Name":"","Category":"","Rating":" 1 star ","Number_of_Reviews":"","Address":"","Reviewer":"Herbert Medina","Reviewer_page":"https://www.google.com/maps/contrib/116802804043938257850/reviews?hl=en-US","Review_time":"4 years ago","Review":"They didn't have what I wanted and didn't have my second choice, @ a cost of $5.02.  He wanted the .02 so I gave him a dime and he gives me back a nickel I ask about the other three cents he smile and ignores me.  I get my $5 back but he takes the nickel and I'm out a dime. If I could give it a lower rating I would have and they closed early.","Likes":"1"},{"Name":"","Category":"","Rating":" 1 star ","Number_of_Reviews":"","Address":"","Reviewer":"Tom H","Reviewer_page":"https://www.google.com/maps/contrib/104732456033470205689/reviews?hl=en-US","Review_time":"4 years ago","Review":"One of the worst Starbucks I've ever been to. Staff is constantly rude and unprofessional. Long wait times. This is the closest Starbucks to me but will not be returning. I'll take a longer walk for better service.","Likes":"1"},{"Name":"","Category":"","Rating":" 2 stars ","Number_of_Reviews":"","Address":"","Reviewer":"Geoffrey Mulock","Reviewer_page":"https://www.google.com/maps/contrib/108335277918289968032/reviews?hl=en-US","Review_time":"3 years ago","Review":"The barista, Josh, offered to do a pour over decaf since only pike place was brewing and when I accepted his offer, he scowled, rolled his eyes and had a bad attitude for the rest of the order. Very unprofessional.","Likes":""},{"Name":"","Category":"","Rating":" 1 star ","Number_of_Reviews":"","Address":"","Reviewer":"yu min zhu","Reviewer_page":"https://www.google.com/maps/contrib/101091438190243676268/reviews?hl=en-US","Review_time":"4 years ago","Review":"Customer service very bad. Tall thin black guy with glasses was very rude to me because he wanted to get off work early and when I tried to order he was so impatient because I was taking my time to decide what to order. After I ordered he started cursing for no reason. Train your workers.","Likes":"2"},{"Name":"","Category":"","Rating":" 1 star ","Number_of_Reviews":"","Address":"","Reviewer":"Emanuele","Reviewer_page":"https://www.google.com/maps/contrib/113932413427784611715/reviews?hl=en-US","Review_time":"3 years ago","Review":"Worst experience ever. The black guy making coffee and tea was rude and unprofessional when I asked where was my tea after waiting for 15min. Go somewhere else if you are looking for the pleasant Starbucks experience","Likes":""},{"Name":"","Category":"","Rating":" 4 stars ","Number_of_Reviews":"","Address":"","Reviewer":"Marn-Yee Lee","Reviewer_page":"https://www.google.com/maps/contrib/110223448783380710704/reviews?hl=en-US","Review_time":"3 years ago","Review":"Nice interior space. We just needed a space to sit down and a simple breakfast, on our morning walk, while visiting downtown. It was spacious, calm, and uncrowded.","Likes":""},{"Name":"","Category":"","Rating":" 5 stars ","Number_of_Reviews":"","Address":"","Reviewer":"William souchet","Reviewer_page":"https://www.google.com/maps/contrib/114628897850054470136/reviews?hl=en-US","Review_time":"a year ago","Review":"This place has the best coffee ☕🤭 and other goodies that you will love if you come to Starbucks peace ✌️","Likes":""},{"Name":"","Category":"","Rating":" 1 star ","Number_of_Reviews":"","Address":"","Reviewer":"Coach M","Reviewer_page":"https://www.google.com/maps/contrib/110810823365368742836/reviews?hl=en-US","Review_time":"a year ago","Review":"Cashier think I don’t want to pay for my coffees 👎👎👎👎 But I was try to use my phone for earning points.Looking at me weird.","Likes":""},{"Name":"","Category":"","Rating":" 1 star ","Number_of_Reviews":"","Address":"","Reviewer":"Laura M.","Reviewer_page":"https://www.google.com/maps/contrib/103148553820602680021/reviews?hl=en-US","Review_time":"4 years ago","Review":"Worst service ever. We just stopped by for a morning coffee and were served by one of the rudest lady I have ever met in the hospitality industry. She was litterlay yelling at every customer.","Likes":"1"},{"Name":"","Category":"","Rating":" 1 star ","Number_of_Reviews":"","Address":"","Reviewer":"C K","Reviewer_page":"https://www.google.com/maps/contrib/110597131747302553887/reviews?hl=en-US","Review_time":"4 years ago","Review":"They don’t listen to you when you order so they give you the wrong coffee. They sit around socializing with each other instead of making coffee so it takes forever.","Likes":"1"},{"Name":"","Category":"","Rating":" 4 stars ","Number_of_Reviews":"","Address":"","Reviewer":"Darin Mikesell","Reviewer_page":"https://www.google.com/maps/contrib/117094081826194673569/reviews?hl=en-US","Review_time":"3 years ago","Review":"One of the better gourmet coffee houses. A good frozen drink is the caramel frapachino. For a yummy hot drink try white chocolate mocha.","Likes":""},{"Name":"","Category":"","Rating":" 1 star ","Number_of_Reviews":"","Address":"","Reviewer":"Chris Jung","Reviewer_page":"https://www.google.com/maps/contrib/109101463679078884599/reviews?hl=en-US","Review_time":"4 years ago","Review":"Atmosphere is ok but customer service and way they treat customer is unbelievable. Very very rude. The worst starbucks store I ever visited.","Likes":"1"},{"Name":"","Category":"","Rating":" 2 stars ","Number_of_Reviews":"","Address":"","Reviewer":"Alvina Ganci","Reviewer_page":"https://www.google.com/maps/contrib/108602106651171086134/reviews?hl=en-US","Review_time":"3 years ago","Review":"The music, if you can call it that, is way too loud and annoying.  It's supposed to be a cafe, not a night club!  The blinding sun beams down through the windows, as there are no shades.  This place isn't very comfortable.","Likes":"1"},{"Name":"","Category":"","Rating":" 5 stars ","Number_of_Reviews":"","Address":"","Reviewer":"Gabby Rivera","Reviewer_page":"https://www.google.com/maps/contrib/107799474113850059683/reviews?hl=en-US","Review_time":"3 years ago","Review":"I love this location! It's not slow service,  and long lines like many other locations,  the staff is nice,  and the items purchased are great!","Likes":""},{"Name":"","Category":"","Rating":" 2 stars ","Number_of_Reviews":"","Address":"","Reviewer":"George rosado","Reviewer_page":"https://www.google.com/maps/contrib/110731643918476521803/reviews?hl=en-US","Review_time":"2 years ago","Review":"I truly wish the seats & tables were abit more sanitized !! see homeless people from the streets come and BIRD BATH inside the bathrooms","Likes":""},{"Name":"","Category":"","Rating":" 5 stars ","Number_of_Reviews":"","Address":"","Reviewer":"Lakia Moore","Reviewer_page":"https://www.google.com/maps/contrib/109071373711165808622/reviews?hl=en-US","Review_time":"4 years ago","Review":"I absolutely love this Starbucks, I adore the space and the set up. A lot of open space and the staff is friendly although sometimes the customers aren’t.","Likes":"1"},{"Name":"","Category":"","Rating":" 3 stars ","Number_of_Reviews":"","Address":"","Reviewer":"Marc Soffer","Reviewer_page":"https://www.google.com/maps/contrib/106848528700206995911/reviews?hl=en-US","Review_time":"4 years ago","Review":"Slow service. Customers ahead of me were waiting a long time but the manager upgraded my drink for the qait.","Likes":""},{"Name":"","Category":"","Rating":" 4 stars ","Number_of_Reviews":"","Address":"","Reviewer":"Tony “Great Big Sword” Ruiz","Reviewer_page":"https://www.google.com/maps/contrib/104892793991932523332/reviews?hl=en-US","Review_time":"3 years ago","Review":"It's kind of out of the way, but nice and roomy. Good lighting and seating. Standard starbuck fair","Likes":""},{"Name":"","Category":"","Rating":" 1 star ","Number_of_Reviews":"","Address":"","Reviewer":"Garda325","Reviewer_page":"https://www.google.com/maps/contrib/103390229226288349884/reviews?hl=en-US","Review_time":"4 years ago","Review":"This is one of the worst Starbuckses I went to. It is run by people who don't care at all about customer service.  They have attitude and they are being disrespectful to costumers.","Likes":"2"},{"Name":"","Category":"","Rating":" 5 stars ","Number_of_Reviews":"","Address":"","Reviewer":"Tonya Wilson","Reviewer_page":"https://www.google.com/maps/contrib/117562058545154428845/reviews?hl=en-US","Review_time":"2 years ago","Review":"The servers are friendly and the place is always clean. Love it here!","Likes":""},{"Name":"","Category":"","Rating":" 5 stars ","Number_of_Reviews":"","Address":"","Reviewer":"Mar Stef","Reviewer_page":"https://www.google.com/maps/contrib/116286064159374225389/reviews?hl=en-US","Review_time":"4 years ago","Review":"They have good Gluten Free snacks like brownies and crispy rice bars!","Likes":""},{"Name":"","Category":"","Rating":" 1 star ","Number_of_Reviews":"","Address":"","Reviewer":"Thomas Bobek","Reviewer_page":"https://www.google.com/maps/contrib/108943814908691912544/reviews?hl=en-US","Review_time":"4 years ago","Review":"Terrible customer service. Do not care about customers. Forgot to make my drink I received attitude when asked for my drink. Worst Starbucks I've ever been to.","Likes":"1"},{"Name":"","Category":"","Rating":" 1 star ","Number_of_Reviews":"","Address":"","Reviewer":"Dynasty New York","Reviewer_page":"https://www.google.com/maps/contrib/108151591014236085978/reviews?hl=en-US","Review_time":"4 years ago","Review":"Our company went there to have short meeting and when we try to order the cashier was super rude and after a while he made our order wrong and we had to wait another 20 min more to get our order right.","Likes":"1"},{"Name":"","Category":"","Rating":" 2 stars ","Number_of_Reviews":"","Address":"","Reviewer":"Kevin Blackman-Sonny","Reviewer_page":"https://www.google.com/maps/contrib/111967125872951920563/reviews?hl=en-US","Review_time":"3 years ago","Review":"Always out of stock and the employees need to learn professionalism and also how to train new hires!","Likes":"1"},{"Name":"","Category":"","Rating":" 1 star ","Number_of_Reviews":"","Address":"","Reviewer":"Ricardo Abraham","Reviewer_page":"https://www.google.com/maps/contrib/112072749413183626839/reviews?hl=en-US","Review_time":"4 years ago","Review":"Worst customer service of any Starbucks. 20 minutes for a box of coffee with no explanation as why.","Likes":"1"},{"Name":"","Category":"","Rating":" 5 stars ","Number_of_Reviews":"","Address":"","Reviewer":"Eric Arnum","Reviewer_page":"https://www.google.com/maps/contrib/108663146361040090701/reviews?hl=en-US","Review_time":"2 years ago","Review":"the best place in the city for an after-prison caffe mocha (if you get out before 7)","Likes":""},{"Name":"","Category":"","Rating":" 3 stars ","Number_of_Reviews":"","Address":"","Reviewer":"Rachel Yapp","Reviewer_page":"https://www.google.com/maps/contrib/108653385907286305394/reviews?hl=en-US","Review_time":"4 years ago","Review":"Very clean but service was nonchalant, drip coffee had expired but was still being served and bathrooms were not stocked.","Likes":""},{"Name":"","Category":"","Rating":" 1 star ","Number_of_Reviews":"","Address":"","Reviewer":"Weekee Chew","Reviewer_page":"https://www.google.com/maps/contrib/113408935390086691132/reviews?hl=en-US","Review_time":"2 years ago","Review":"Worse coffee... Comparable to dunkin donuts or worse. McDonald's and Gregory's... Go there.","Likes":""},{"Name":"","Category":"","Rating":" 5 stars ","Number_of_Reviews":"","Address":"","Reviewer":"Kenny Wu","Reviewer_page":"https://www.google.com/maps/contrib/102704062257911581184/reviews?hl=en-US","Review_time":"3 years ago","Review":"Great place, never packed. Music they play a little too loud","Likes":""},{"Name":"","Category":"","Rating":" 3 stars ","Number_of_Reviews":"","Address":"","Reviewer":"Jonathan Weiss","Reviewer_page":"https://www.google.com/maps/contrib/106396977147615734087/reviews?hl=en-US","Review_time":"3 years ago","Review":"Cold brew wasn't working, and hot coffee tasted off one day.","Likes":""},{"Name":"","Category":"","Rating":" 1 star ","Number_of_Reviews":"","Address":"","Reviewer":"Maxwell Lee","Reviewer_page":"https://www.google.com/maps/contrib/101255356834900308234/reviews?hl=en-US","Review_time":"2 years ago","Review":"The barista who served me was very unprofessional and rude.","Likes":"1"},{"Name":"","Category":"","Rating":" 4 stars ","Number_of_Reviews":"","Address":"","Reviewer":"L. Mumford","Reviewer_page":"https://www.google.com/maps/contrib/115279955243437122679/reviews?hl=en-US","Review_time":"a year ago","Review":"They were fast and very nice.","Likes":""},{"Name":"","Category":"","Rating":" 2 stars ","Number_of_Reviews":"","Address":"","Reviewer":"Esteban Calderon","Reviewer_page":"https://www.google.com/maps/contrib/117974912187417614257/reviews?hl=en-US","Review_time":"4 years ago","Review":"the wait is long for a cup of coffee and the workers there seem not to care","Likes":"1"},{"Name":"","Category":"","Rating":" 5 stars ","Number_of_Reviews":"","Address":"","Reviewer":"Jonathan Lee","Reviewer_page":"https://www.google.com/maps/contrib/109596981460673875956/reviews?hl=en-US","Review_time":"3 years ago","Review":"Great service. Ordering ahead is easy.","Likes":""},{"Name":"","Category":"","Rating":" 5 stars ","Number_of_Reviews":"","Address":"","Reviewer":"Sharon Chavis","Reviewer_page":"https://www.google.com/maps/contrib/109514831783050207236/reviews?hl=en-US","Review_time":"3 years ago","Review":"Try the Mango Dragonfruit Lemonade, yummy and delicious","Likes":""},{"Name":"","Category":"","Rating":" 2 stars ","Number_of_Reviews":"","Address":"","Reviewer":"Alexey Menshikov","Reviewer_page":"https://www.google.com/maps/contrib/112656451791995867450/reviews?hl=en-US","Review_time":"2 years ago","Review":"No receipt paper for two days. Nobody cares.","Likes":""},{"Name":"","Category":"","Rating":" 5 stars ","Number_of_Reviews":"","Address":"","Reviewer":"D T","Reviewer_page":"https://www.google.com/maps/contrib/107860013823512487902/reviews?hl=en-US","Review_time":"4 years ago","Review":"Nice open floor plan and nice light and decor","Likes":""},{"Name":"","Category":"","Rating":" 1 star ","Number_of_Reviews":"","Address":"","Reviewer":"paul p","Reviewer_page":"https://www.google.com/maps/contrib/102116986454770300885/reviews?hl=en-US","Review_time":"4 years ago","Review":"Omg!!! Can they be any slower???? Worst service ever!","Likes":"1"},{"Name":"","Category":"","Rating":" 2 stars ","Number_of_Reviews":"","Address":"","Reviewer":"John Hillenbrand","Reviewer_page":"https://www.google.com/maps/contrib/112203892900548715469/reviews?hl=en-US","Review_time":"4 years ago","Review":"2 day within in a week opened 45 minutes late","Likes":"1"},{"Name":"","Category":"","Rating":" 5 stars ","Number_of_Reviews":"","Address":"","Reviewer":"shurine Byron","Reviewer_page":"https://www.google.com/maps/contrib/109129142952646245833/reviews?hl=en-US","Review_time":"3 years ago","Review":"It's the best starbucks","Likes":""},{"Name":"","Category":"","Rating":" 3 stars ","Number_of_Reviews":"","Address":"","Reviewer":"Thomas Moriarty","Reviewer_page":"https://www.google.com/maps/contrib/109324301096558313858/reviews?hl=en-US","Review_time":"4 years ago","Review":"Your typical Starbucks,  over priced coffee .","Likes":""},{"Name":"","Category":"","Rating":" 5 stars ","Number_of_Reviews":"","Address":"","Reviewer":"Danielle Atwell","Reviewer_page":"https://www.google.com/maps/contrib/111531814053653927710/reviews?hl=en-US","Review_time":"3 years ago","Review":"Great coffee, speedy service","Likes":""},{"Name":"","Category":"","Rating":" 5 stars ","Number_of_Reviews":"","Address":"","Reviewer":"William Colon","Reviewer_page":"https://www.google.com/maps/contrib/116212478432245906092/reviews?hl=en-US","Review_time":"3 years ago","Review":"Great quiet great customer service","Likes":""},{"Name":"","Category":"","Rating":" 5 stars ","Number_of_Reviews":"","Address":"","Reviewer":"Ellie Ferency","Reviewer_page":"https://www.google.com/maps/contrib/105596495813090971379/reviews?hl=en-US","Review_time":"3 years ago","Review":"People were so so nice!","Likes":""},{"Name":"","Category":"","Rating":" 3 stars ","Number_of_Reviews":"","Address":"","Reviewer":"Kristopher Lee","Reviewer_page":"https://www.google.com/maps/contrib/112273564072133840289/reviews?hl=en-US","Review_time":"3 years ago","Review":"Your standard Starbucks. Lots of coffee.","Likes":""},{"Name":"","Category":"","Rating":" 1 star ","Number_of_Reviews":"","Address":"","Reviewer":"D Ha","Reviewer_page":"https://www.google.com/maps/contrib/114169269365670559230/reviews?hl=en-US","Review_time":"4 years ago","Review":"Staffs are very rude and lazy.","Likes":"1"},{"Name":"","Category":"","Rating":" 5 stars ","Number_of_Reviews":"","Address":"","Reviewer":"Millie Colon","Reviewer_page":"https://www.google.com/maps/contrib/106203833436447408876/reviews?hl=en-US","Review_time":"2 years ago","Review":"Friendly staff. Clean","Likes":""},{"Name":"","Category":"","Rating":" 5 stars ","Number_of_Reviews":"","Address":"","Reviewer":"Chris L","Reviewer_page":"https://www.google.com/maps/contrib/113929854663088876947/reviews?hl=en-US","Review_time":"4 years ago","Review":"Cold brew is amazing","Likes":""},{"Name":"","Category":"","Rating":" 2 stars ","Number_of_Reviews":"","Address":"","Reviewer":"Tina Wang","Reviewer_page":"https://www.google.com/maps/contrib/106797144068056591296/reviews?hl=en-US","Review_time":"3 years ago","Review":"Cannot properly make drinks...","Likes":""},{"Name":"","Category":"","Rating":" 5 stars ","Number_of_Reviews":"","Address":"","Reviewer":"Evaristo Orea","Reviewer_page":"https://www.google.com/maps/contrib/118088596651215874978/reviews?hl=en-US","Review_time":"4 years ago","Review":"Very good","Likes":""},{"Name":"","Category":"","Rating":" 5 stars ","Number_of_Reviews":"","Address":"","Reviewer":"Amr Saleem","Reviewer_page":"https://www.google.com/maps/contrib/107034270185257694182/reviews?hl=en-US","Review_time":"3 years ago","Review":"The Best Cofe here","Likes":""},{"Name":"","Category":"","Rating":" 5 stars ","Number_of_Reviews":"","Address":"","Reviewer":"Caroline Mitchell Carrico","Reviewer_page":"https://www.google.com/maps/contrib/109043823588902920648/reviews?hl=en-US","Review_time":"3 years ago","Review":"Clean, friendly baristas","Likes":""},{"Name":"","Category":"","Rating":" 5 stars ","Number_of_Reviews":"","Address":"","Reviewer":"Mark Mayo","Reviewer_page":"https://www.google.com/maps/contrib/103992732519049111744/reviews?hl=en-US","Review_time":"2 years ago","Review":"Cozy spacious room","Likes":""},{"Name":"","Category":"","Rating":" 4 stars ","Number_of_Reviews":"","Address":"","Reviewer":"Melissa Waxman","Reviewer_page":"https://www.google.com/maps/contrib/112629404973339319422/reviews?hl=en-US","Review_time":"3 years ago","Review":"Get iced coffee and iced tea here","Likes":""},{"Name":"","Category":"","Rating":" 5 stars ","Number_of_Reviews":"","Address":"","Reviewer":"Richard Cheng","Reviewer_page":"https://www.google.com/maps/contrib/106262108954425465738/reviews?hl=en-US","Review_time":"4 years ago","Review":"Relax and feel cozy.","Likes":""},{"Name":"","Category":"","Rating":" 1 star ","Number_of_Reviews":"","Address":"","Reviewer":"Euralise Johnson","Reviewer_page":"https://www.google.com/maps/contrib/114604603377510742680/reviews?hl=en-US","Review_time":"4 years ago","Review":"Very rude","Likes":""},{"Name":"","Category":"","Rating":" 2 stars ","Number_of_Reviews":"","Address":"","Reviewer":"yserbius Gandalf","Reviewer_page":"https://www.google.com/maps/contrib/103261297703343417558/reviews?hl=en-US","Review_time":"4 years ago","Review":"Short hours poor access","Likes":""},{"Name":"","Category":"","Rating":" 5 stars ","Number_of_Reviews":"","Address":"","Reviewer":"Sergio Montengro","Reviewer_page":"https://www.google.com/maps/contrib/107816216323136881526/reviews?hl=en-US","Review_time":"2 years ago","Review":"Very friendly staff.","Likes":""},{"Name":"","Category":"","Rating":" 5 stars ","Number_of_Reviews":"","Address":"","Reviewer":"QueenDoreen Agosto","Reviewer_page":"https://www.google.com/maps/contrib/104462807901374216777/reviews?hl=en-US","Review_time":"3 years ago","Review":"Love it!","Likes":""},{"Name":"","Category":"","Rating":" 1 star ","Number_of_Reviews":"","Address":"","Reviewer":"Mr. A","Reviewer_page":"https://www.google.com/maps/contrib/113035620192628215770/reviews?hl=en-US","Review_time":"2 years ago","Review":"Rude customer service","Likes":"1"},{"Name":"","Category":"","Rating":" 5 stars ","Number_of_Reviews":"","Address":"","Reviewer":"Dolly Dimple","Reviewer_page":"https://www.google.com/maps/contrib/112621123823962929506/reviews?hl=en-US","Review_time":"3 years ago","Review":"Loved it","Likes":""},{"Name":"","Category":"","Rating":" 1 star ","Number_of_Reviews":"","Address":"","Reviewer":"Pamir Akhmedsharipov","Reviewer_page":"https://www.google.com/maps/contrib/104337475978709951410/reviews?hl=en-US","Review_time":"4 years ago","Review":"Very poor service","Likes":"1"},{"Name":"","Category":"","Rating":" 5 stars ","Number_of_Reviews":"","Address":"","Reviewer":"Michael Figueroa","Reviewer_page":"https://www.google.com/maps/contrib/106116547249106205886/reviews?hl=en-US","Review_time":"2 years ago","Review":"Coffe","Likes":""},{"Name":"","Category":"","Rating":" 3 stars ","Number_of_Reviews":"","Address":"","Reviewer":"Ariel Aptekmann","Reviewer_page":"https://www.google.com/maps/contrib/114600047825129541044/reviews?hl=en-US","Review_time":"3 years ago","Review":"Just an average Starbucks","Likes":""},{"Name":"","Category":"","Rating":" 4 stars ","Number_of_Reviews":"","Address":"","Reviewer":"Dshaun Cee","Reviewer_page":"https://www.google.com/maps/contrib/110983518315515975908/reviews?hl=en-US","Review_time":"2 years ago","Review":"Good","Likes":""},{"Name":"","Category":"","Rating":" 5 stars ","Number_of_Reviews":"","Address":"","Reviewer":"Diego Atilio","Reviewer_page":"https://www.google.com/maps/contrib/108747227010021731111/reviews?hl=en-US","Review_time":"2 years ago","Review":"Nice","Likes":""},{"Name":"","Category":"","Rating":" 2 stars ","Number_of_Reviews":"","Address":"","Reviewer":"JOHNNY NAP","Reviewer_page":"https://www.google.com/maps/contrib/114608171669556182394/reviews?hl=en-US","Review_time":"3 years ago","Review":"Hidden. Hard to find.","Likes":""},{"Name":"","Category":"","Rating":" 4 stars ","Number_of_Reviews":"","Address":"","Reviewer":"Shane Steward","Reviewer_page":"https://www.google.com/maps/contrib/104001467193171555814/reviews?hl=en-US","Review_time":"4 years ago","Review":"Good","Likes":""},{"Name":"","Category":"","Rating":" 5 stars ","Number_of_Reviews":"","Address":"","Reviewer":"Kaiser Of Nothing","Reviewer_page":"https://www.google.com/maps/contrib/108557111820056873025/reviews?hl=en-US","Review_time":"3 years ago","Review":"Good stuff","Likes":""},{"Name":"","Category":"","Rating":" 1 star ","Number_of_Reviews":"","Address":"","Reviewer":"Norman Crews","Reviewer_page":"https://www.google.com/maps/contrib/108407547045225888603/reviews?hl=en-US","Review_time":"2 years ago","Review":"DESCENT","Likes":"1"},{"Name":"","Category":"","Rating":" 4 stars ","Number_of_Reviews":"","Address":"","Reviewer":"Max Ramsøe","Reviewer_page":"https://www.google.com/maps/contrib/117672638330988695184/reviews?hl=en-US","Review_time":"3 years ago","Review":"Helpful staff","Likes":""},{"Name":"","Category":"","Rating":" 1 star ","Number_of_Reviews":"","Address":"","Reviewer":"Jack Lu","Reviewer_page":"https://www.google.com/maps/contrib/104619525335067705429/reviews?hl=en-US","Review_time":"4 years ago","Review":"Close at 7","Likes":"1"},{"Name":"","Category":"","Rating":" 3 stars ","Number_of_Reviews":"","Address":"","Reviewer":"Jones Rising","Reviewer_page":"https://www.google.com/maps/contrib/112615582484509265762/reviews?hl=en-US","Review_time":"4 years ago","Review":"Close early","Likes":""},{"Name":"","Category":"","Rating":" 3 stars ","Number_of_Reviews":"","Address":"","Reviewer":"kfir regev","Reviewer_page":"https://www.google.com/maps/contrib/104792695916591174996/reviews?hl=en-US","Review_time":"3 years ago","Review":"large verity","Likes":""},{"Name":"","Category":"","Rating":" 1 star ","Number_of_Reviews":"","Address":"","Reviewer":"Olivier Pasquet","Reviewer_page":"https://www.google.com/maps/contrib/105563378325708809061/reviews?hl=en-US","Review_time":"2 weeks ago","Review":"(Translated by Google) Bad\nDirty toilets and no paper available\nNo donuts but that seems to be the case in all these stores...\n\n(Original)\nNul\nDes toilettes sales et pas de papier dispo\nPas de donuts mais ça semble être le cas dans tous ces magasins...","Likes":"1"},{"Name":"","Category":"","Rating":" 2 stars ","Number_of_Reviews":"","Address":"","Reviewer":"emmanuel bidault","Reviewer_page":"https://www.google.com/maps/contrib/116398604561189732600/reviews?hl=en-US","Review_time":"a month ago","Review":"(Translated by Google) An American Starbucks with a coffee... Well, more like coffee-scented water 🤢\n\n(Original)\nUn Starbucks américain avec un café... Euh plutôt une eau parfumée au café 🤢","Likes":"1"},{"Name":"","Category":"","Rating":" 5 stars ","Number_of_Reviews":"","Address":"","Reviewer":"Sergio Sgambati","Reviewer_page":"https://www.google.com/maps/contrib/113642639548204666378/reviews?hl=en-US","Review_time":"3 years ago","Review":"(Translated by Google) We were hungry and ... We didn't think we could eat a GREAT HAMBURGER at Starbucks 🍔! We are now fans of this chain that has amazed us with its versatility and quality.\nThanks Starbucks!\n\n(Original)\nAvevamo fame e... Non pensavamo che da Starbucks potevamo mangiare un OTTIMO HAMBURGER 🍔! Siamo diventi adesso fan di questa catena che ci ha stupito per versatilità e qualità.\nGrazie Starbucks!","Likes":""},{"Name":"","Category":"","Rating":" 4 stars ","Number_of_Reviews":"","Address":"","Reviewer":"Antonella Barbieri","Reviewer_page":"https://www.google.com/maps/contrib/102034655944724502550/reviews?hl=en-US","Review_time":"3 years ago","Review":"(Translated by Google) Not a great choice of food but they now have frappuccino ... otherwise it is perfect for recharging after the miles of walks, recharging mobile phones and using WiFi to share\n\n(Original)\nNon una grande scelta di cibo ma hanno ora il frappuccino... per il resto è perfetto per ricaricarsi dopo i km di passeggiate, ricaricare i cellulari e usare il WiFi per condividere","Likes":""},{"Name":"","Category":"","Rating":" 5 stars ","Number_of_Reviews":"","Address":"","Reviewer":"Sergi M","Reviewer_page":"https://www.google.com/maps/contrib/108111887617085208707/reviews?hl=en-US","Review_time":"4 years ago","Review":"(Translated by Google) It is not very crowded and the place is very spacious. Ideal for a hot coffee (or cold if it's summer) before crossing the Brooklyn Bridge.\n\n(Original)\nNo está muy lleno de gente y el local es muy espacioso. Ideal para coger un café caliente (o frío si es verano) antes de cruzar el Brooklyn Bridge.","Likes":""},{"Name":"","Category":"","Rating":" 1 star ","Number_of_Reviews":"","Address":"","Reviewer":"Isabel Lizardo","Reviewer_page":"https://www.google.com/maps/contrib/106708107371334757425/reviews?hl=en-US","Review_time":"4 years ago","Review":"(Translated by Google) Very bad service !! They don't listen to what you ask and leave you waiting. They attend other people before you for no explanation.\n\n(Original)\nMuy mal servicio!! No escuchan lo que pides y te dejan esperando. Atienden otras personas antes que tú por ninguna explicación.","Likes":"1"},{"Name":"","Category":"","Rating":" 1 star ","Number_of_Reviews":"","Address":"","Reviewer":"Marife FA","Reviewer_page":"https://www.google.com/maps/contrib/110043260692970002876/reviews?hl=en-US","Review_time":"3 years ago","Review":"(Translated by Google) Very expensive for what they put. A decaffeinated espresso did not reach half a finger in the glass. A scam. And also nothing nice.\n\n(Original)\nCarísimo para lo que ponen. Un expreso descafeinado no llegaba a medio dedo en el vaso. Un timo. Y además nada simpáticos.","Likes":""},{"Name":"","Category":"","Rating":" 3 stars ","Number_of_Reviews":"","Address":"","Reviewer":"Manoel Eusebio","Reviewer_page":"https://www.google.com/maps/contrib/104994321669140352360/reviews?hl=en-US","Review_time":"2 years ago","Review":"(Translated by Google) Nice atmosphere, good meal but lack of service.\n\n(Original)\nAmbiente agradável, Boa refeição mas peca no atendimento.","Likes":""},{"Name":"","Category":"","Rating":" 5 stars ","Number_of_Reviews":"","Address":"","Reviewer":"Sahel Aldbsan","Reviewer_page":"https://www.google.com/maps/contrib/113433041441818331296/reviews?hl=en-US","Review_time":"2 years ago","Review":"(Translated by Google) A cafe close to the Brooklyn Bridge\n\n(Original)\nבית קפה קרוב לגשר ברוקלין","Likes":""},{"Name":"","Category":"","Rating":" 5 stars ","Number_of_Reviews":"","Address":"","Reviewer":"Wagner de Andrade Frozi (Advogado)","Reviewer_page":"https://www.google.com/maps/contrib/106291297103846705021/reviews?hl=en-US","Review_time":"2 years ago","Review":"(Translated by Google) Like all Starbucks, excellent in everything!\n\n(Original)\nComo todo o Starbucks, excelente em tudo!","Likes":""},{"Name":"","Category":"","Rating":" 5 stars ","Number_of_Reviews":"","Address":"","Reviewer":"Rachel Gouveia","Reviewer_page":"https://www.google.com/maps/contrib/116794729038599085943/reviews?hl=en-US","Review_time":"3 years ago","Review":"(Translated by Google) In NY there are several everywhere. It is worth checking\n\n(Original)\nEm NY há várias em todas as partes. Vale a pena conferir","Likes":""},{"Name":"","Category":"","Rating":" 3 stars ","Number_of_Reviews":"","Address":"","Reviewer":"Morten Grønlid","Reviewer_page":"https://www.google.com/maps/contrib/105635721148448936212/reviews?hl=en-US","Review_time":"3 years ago","Review":"(Translated by Google) Not the nicest Starbucks I've ever been to\n\n(Original)\nIkke den koseligste Starbucks jeg har vært på","Likes":""},{"Name":"","Category":"","Rating":" 4 stars ","Number_of_Reviews":"","Address":"","Reviewer":"V V","Reviewer_page":"https://www.google.com/maps/contrib/103306729584552779308/reviews?hl=en-US","Review_time":"2 years ago","Review":"","Likes":""},{"Name":"","Category":"","Rating":" 4 stars ","Number_of_Reviews":"","Address":"","Reviewer":"Fede Bayan Aguilar","Reviewer_page":"https://www.google.com/maps/contrib/109107901730365875836/reviews?hl=en-US","Review_time":"3 years ago","Review":"","Likes":""},{"Name":"","Category":"","Rating":" 5 stars ","Number_of_Reviews":"","Address":"","Reviewer":"Esteban Jonathan Schneider","Reviewer_page":"https://www.google.com/maps/contrib/101049640218908695578/reviews?hl=en-US","Review_time":"4 years ago","Review":"(Translated by Google) Excellent as always, the best coffee.\n\n(Original)\nExcelente como siempre, el mejor café.","Likes":""},{"Name":"","Category":"","Rating":" 5 stars ","Number_of_Reviews":"","Address":"","Reviewer":"Samm Poveda","Reviewer_page":"https://www.google.com/maps/contrib/114147655635586716149/reviews?hl=en-US","Review_time":"3 years ago","Review":"(Translated by Google) Beautiful site ... good taste.\n\n(Original)\nHermosos sitio...buen gusto.","Likes":"1"},{"Name":"","Category":"","Rating":" 3 stars ","Number_of_Reviews":"","Address":"","Reviewer":"Brian Folmer","Reviewer_page":"https://www.google.com/maps/contrib/116215086810704475065/reviews?hl=en-US","Review_time":"4 years ago","Review":"(Translated by Google) wifi is slowwww\n\n(Original)\nwifi is slowwwww","Likes":""},{"Name":"","Category":"","Rating":" 3 stars ","Number_of_Reviews":"","Address":"","Reviewer":"samni aurilla","Reviewer_page":"https://www.google.com/maps/contrib/107652670631257687821/reviews?hl=en-US","Review_time":"2 years ago","Review":"(Translated by Google) Good\n\n(Original)\nBien","Likes":""},{"Name":"","Category":"","Rating":" 5 stars ","Number_of_Reviews":"","Address":"","Reviewer":"Suleika Taveras","Reviewer_page":"https://www.google.com/maps/contrib/107808051122033505191/reviews?hl=en-US","Review_time":"a year ago","Review":"(Translated by Google) fast service\n\n(Original)\nRápido servicio","Likes":""},{"Name":"","Category":"","Rating":" 4 stars ","Number_of_Reviews":"","Address":"","Reviewer":"Marcela Fernandez","Reviewer_page":"https://www.google.com/maps/contrib/112824843071406890029/reviews?hl=en-US","Review_time":"3 years ago","Review":"(Translated by Google) Delight\n\n(Original)\nDelicia","Likes":""},{"Name":"","Category":"","Rating":" 5 stars ","Number_of_Reviews":"","Address":"","Reviewer":"Noelia Portillo","Reviewer_page":"https://www.google.com/maps/contrib/116648088851802476243/reviews?hl=en-US","Review_time":"4 years ago","Review":"(Translated by Google) Obligatory step!\n\n(Original)\nPaso obligado!","Likes":""},{"Name":"","Category":"","Rating":" 5 stars ","Number_of_Reviews":"","Address":"","Reviewer":"Tanvir Ahmad","Reviewer_page":"https://www.google.com/maps/contrib/105453126255330063591/reviews?hl=en-US","Review_time":"a year ago","Review":"","Likes":""},{"Name":"","Category":"","Rating":" 4 stars ","Number_of_Reviews":"","Address":"","Reviewer":"kenny lam","Reviewer_page":"https://www.google.com/maps/contrib/103130163483515667816/reviews?hl=en-US","Review_time":"3 years ago","Review":"","Likes":""},{"Name":"","Category":"","Rating":" 5 stars ","Number_of_Reviews":"","Address":"","Reviewer":"Anthony C. (lndo7809)","Reviewer_page":"https://www.google.com/maps/contrib/118218181820418738646/reviews?hl=en-US","Review_time":"3 years ago","Review":"","Likes":""},{"Name":"","Category":"","Rating":" 4 stars ","Number_of_Reviews":"","Address":"","Reviewer":"Ahmad Bushnaq","Reviewer_page":"https://www.google.com/maps/contrib/101322431853483498542/reviews?hl=en-US","Review_time":"2 years ago","Review":"","Likes":""},{"Name":"","Category":"","Rating":" 5 stars ","Number_of_Reviews":"","Address":"","Reviewer":"Débora Moraes","Reviewer_page":"https://www.google.com/maps/contrib/106126549026479188142/reviews?hl=en-US","Review_time":"2 years ago","Review":"","Likes":""},{"Name":"","Category":"","Rating":" 5 stars ","Number_of_Reviews":"","Address":"","Reviewer":"Carlos Soler","Reviewer_page":"https://www.google.com/maps/contrib/104528121190729085984/reviews?hl=en-US","Review_time":"3 years ago","Review":"","Likes":""},{"Name":"","Category":"","Rating":" 5 stars ","Number_of_Reviews":"","Address":"","Reviewer":"lau lau","Reviewer_page":"https://www.google.com/maps/contrib/108299058986030220395/reviews?hl=en-US","Review_time":"3 years ago","Review":"","Likes":""},{"Name":"","Category":"","Rating":" 4 stars ","Number_of_Reviews":"","Address":"","Reviewer":"Sammy Martinez","Reviewer_page":"https://www.google.com/maps/contrib/100244348083810096276/reviews?hl=en-US","Review_time":"2 years ago","Review":"","Likes":""},{"Name":"","Category":"","Rating":" 4 stars ","Number_of_Reviews":"","Address":"","Reviewer":"Μαριος Σκλαβενιτης","Reviewer_page":"https://www.google.com/maps/contrib/102236392985979069926/reviews?hl=en-US","Review_time":"2 years ago","Review":"","Likes":""},{"Name":"","Category":"","Rating":" 4 stars ","Number_of_Reviews":"","Address":"","Reviewer":"Stephanie Thomas","Reviewer_page":"https://www.google.com/maps/contrib/109500836417871169726/reviews?hl=en-US","Review_time":"2 years ago","Review":"","Likes":""},{"Name":"","Category":"","Rating":" 5 stars ","Number_of_Reviews":"","Address":"","Reviewer":"Yixie Chen","Reviewer_page":"https://www.google.com/maps/contrib/114050389855292524972/reviews?hl=en-US","Review_time":"3 years ago","Review":"","Likes":""},{"Name":"","Category":"","Rating":" 4 stars ","Number_of_Reviews":"","Address":"","Reviewer":"J K","Reviewer_page":"https://www.google.com/maps/contrib/115304652883070786087/reviews?hl=en-US","Review_time":"4 years ago","Review":"","Likes":""},{"Name":"","Category":"","Rating":" 5 stars ","Number_of_Reviews":"","Address":"","Reviewer":"Genesis Bueno","Reviewer_page":"https://www.google.com/maps/contrib/109804430344445365168/reviews?hl=en-US","Review_time":"2 years ago","Review":"","Likes":""},{"Name":"","Category":"","Rating":" 5 stars ","Number_of_Reviews":"","Address":"","Reviewer":"Victoria Martin","Reviewer_page":"https://www.google.com/maps/contrib/104177735065809988085/reviews?hl=en-US","Review_time":"3 years ago","Review":"","Likes":""},{"Name":"","Category":"","Rating":" 5 stars ","Number_of_Reviews":"","Address":"","Reviewer":"Karla Melendez","Reviewer_page":"https://www.google.com/maps/contrib/105553875045499453953/reviews?hl=en-US","Review_time":"2 years ago","Review":"","Likes":""},{"Name":"","Category":"","Rating":" 4 stars ","Number_of_Reviews":"","Address":"","Reviewer":"Gonzalo Ottati","Reviewer_page":"https://www.google.com/maps/contrib/118136564454802144613/reviews?hl=en-US","Review_time":"3 years ago","Review":"","Likes":""},{"Name":"","Category":"","Rating":" 3 stars ","Number_of_Reviews":"","Address":"","Reviewer":"tory chisolm","Reviewer_page":"https://www.google.com/maps/contrib/112915676412170464570/reviews?hl=en-US","Review_time":"4 years ago","Review":"","Likes":""},{"Name":"","Category":"","Rating":" 5 stars ","Number_of_Reviews":"","Address":"","Reviewer":"Dominique Roberson","Reviewer_page":"https://www.google.com/maps/contrib/100645577592848002842/reviews?hl=en-US","Review_time":"3 years ago","Review":"","Likes":""},{"Name":"","Category":"","Rating":" 5 stars ","Number_of_Reviews":"","Address":"","Reviewer":"Noone","Reviewer_page":"https://www.google.com/maps/contrib/101805816044376364298/reviews?hl=en-US","Review_time":"2 years ago","Review":"","Likes":""},{"Name":"","Category":"","Rating":" 5 stars ","Number_of_Reviews":"","Address":"","Reviewer":"Ahmet Altug OGUZ","Reviewer_page":"https://www.google.com/maps/contrib/110735431517822251310/reviews?hl=en-US","Review_time":"3 years ago","Review":"","Likes":""},{"Name":"","Category":"","Rating":" 4 stars ","Number_of_Reviews":"","Address":"","Reviewer":"Tim Höpker","Reviewer_page":"https://www.google.com/maps/contrib/104844833187114523498/reviews?hl=en-US","Review_time":"2 years ago","Review":"","Likes":""},{"Name":"","Category":"","Rating":" 5 stars ","Number_of_Reviews":"","Address":"","Reviewer":"C. Parker","Reviewer_page":"https://www.google.com/maps/contrib/116242606627305675213/reviews?hl=en-US","Review_time":"4 years ago","Review":"","Likes":""},{"Name":"","Category":"","Rating":" 3 stars ","Number_of_Reviews":"","Address":"","Reviewer":"David Modric","Reviewer_page":"https://www.google.com/maps/contrib/112131631105353373623/reviews?hl=en-US","Review_time":"2 years ago","Review":"","Likes":""},{"Name":"","Category":"","Rating":" 5 stars ","Number_of_Reviews":"","Address":"","Reviewer":"Arnau Jarque","Reviewer_page":"https://www.google.com/maps/contrib/116466086312265804176/reviews?hl=en-US","Review_time":"2 years ago","Review":"","Likes":""},{"Name":"","Category":"","Rating":" 5 stars ","Number_of_Reviews":"","Address":"","Reviewer":"Maria Hernandez","Reviewer_page":"https://www.google.com/maps/contrib/114056648872670835713/reviews?hl=en-US","Review_time":"4 years ago","Review":"","Likes":""},{"Name":"","Category":"","Rating":" 4 stars ","Number_of_Reviews":"","Address":"","Reviewer":"Jose Manrique","Reviewer_page":"https://www.google.com/maps/contrib/104569702143555503373/reviews?hl=en-US","Review_time":"2 years ago","Review":"","Likes":""},{"Name":"","Category":"","Rating":" 4 stars ","Number_of_Reviews":"","Address":"","Reviewer":"Armando Alessandro Monaco","Reviewer_page":"https://www.google.com/maps/contrib/110557312288512340093/reviews?hl=en-US","Review_time":"3 years ago","Review":"","Likes":""},{"Name":"","Category":"","Rating":" 5 stars ","Number_of_Reviews":"","Address":"","Reviewer":"Shoshanah Kresin","Reviewer_page":"https://www.google.com/maps/contrib/113553222662969593620/reviews?hl=en-US","Review_time":"3 years ago","Review":"","Likes":""},{"Name":"","Category":"","Rating":" 4 stars ","Number_of_Reviews":"","Address":"","Reviewer":"Luis Rodriguez","Reviewer_page":"https://www.google.com/maps/contrib/101393563108308349373/reviews?hl=en-US","Review_time":"3 years ago","Review":"","Likes":""},{"Name":"","Category":"","Rating":" 5 stars ","Number_of_Reviews":"","Address":"","Reviewer":"kayla","Reviewer_page":"https://www.google.com/maps/contrib/110177795802931888714/reviews?hl=en-US","Review_time":"4 years ago","Review":"","Likes":""},{"Name":"","Category":"","Rating":" 4 stars ","Number_of_Reviews":"","Address":"","Reviewer":"Evan Cheng","Reviewer_page":"https://www.google.com/maps/contrib/101846939654302721560/reviews?hl=en-US","Review_time":"3 years ago","Review":"","Likes":""},{"Name":"","Category":"","Rating":" 3 stars ","Number_of_Reviews":"","Address":"","Reviewer":"quentin gellenoncourt","Reviewer_page":"https://www.google.com/maps/contrib/112892182526136238735/reviews?hl=en-US","Review_time":"3 years ago","Review":"","Likes":""},{"Name":"","Category":"","Rating":" 5 stars ","Number_of_Reviews":"","Address":"","Reviewer":"Daniela Bracarense","Reviewer_page":"https://www.google.com/maps/contrib/103338161431434841760/reviews?hl=en-US","Review_time":"3 years ago","Review":"","Likes":""},{"Name":"","Category":"","Rating":" 4 stars ","Number_of_Reviews":"","Address":"","Reviewer":"Clara S","Reviewer_page":"https://www.google.com/maps/contrib/105973986241788206401/reviews?hl=en-US","Review_time":"3 years ago","Review":"","Likes":""},{"Name":"","Category":"","Rating":" 4 stars ","Number_of_Reviews":"","Address":"","Reviewer":"Johnny 4.40 dj Lindo","Reviewer_page":"https://www.google.com/maps/contrib/103594856507605955347/reviews?hl=en-US","Review_time":"4 years ago","Review":"","Likes":""},{"Name":"","Category":"","Rating":" 5 stars ","Number_of_Reviews":"","Address":"","Reviewer":"wei ni","Reviewer_page":"https://www.google.com/maps/contrib/102339883023947606538/reviews?hl=en-US","Review_time":"4 years ago","Review":"","Likes":""},{"Name":"","Category":"","Rating":" 5 stars ","Number_of_Reviews":"","Address":"","Reviewer":"VKO CCB","Reviewer_page":"https://www.google.com/maps/contrib/111800241723971643445/reviews?hl=en-US","Review_time":"3 years ago","Review":"","Likes":""},{"Name":"","Category":"","Rating":" 3 stars ","Number_of_Reviews":"","Address":"","Reviewer":"Thomas brejoin","Reviewer_page":"https://www.google.com/maps/contrib/114572869309984739736/reviews?hl=en-US","Review_time":"3 years ago","Review":"","Likes":""},{"Name":"","Category":"","Rating":" 5 stars ","Number_of_Reviews":"","Address":"","Reviewer":"Alejita L. Jacobs","Reviewer_page":"https://www.google.com/maps/contrib/102292317956325697875/reviews?hl=en-US","Review_time":"3 years ago","Review":"","Likes":""},{"Name":"","Category":"","Rating":" 5 stars ","Number_of_Reviews":"","Address":"","Reviewer":"Melinda Rosado","Reviewer_page":"https://www.google.com/maps/contrib/115191975828100729118/reviews?hl=en-US","Review_time":"2 years ago","Review":"","Likes":""},{"Name":"","Category":"","Rating":" 5 stars ","Number_of_Reviews":"","Address":"","Reviewer":"Ramon Vega","Reviewer_page":"https://www.google.com/maps/contrib/105185636993575301232/reviews?hl=en-US","Review_time":"4 years ago","Review":"","Likes":""},{"Name":"","Category":"","Rating":" 1 star ","Number_of_Reviews":"","Address":"","Reviewer":"여정계","Reviewer_page":"https://www.google.com/maps/contrib/110588242136619069533/reviews?hl=en-US","Review_time":"3 years ago","Review":"","Likes":""},{"Name":"","Category":"","Rating":" 3 stars ","Number_of_Reviews":"","Address":"","Reviewer":"Mike Kouponi","Reviewer_page":"https://www.google.com/maps/contrib/113884015186414111748/reviews?hl=en-US","Review_time":"4 years ago","Review":"","Likes":""},{"Name":"","Category":"","Rating":" 5 stars ","Number_of_Reviews":"","Address":"","Reviewer":"Laura Macaddino","Reviewer_page":"https://www.google.com/maps/contrib/117758483333860807617/reviews?hl=en-US","Review_time":"5 years ago","Review":"","Likes":""},{"Name":"","Category":"","Rating":" 5 stars ","Number_of_Reviews":"","Address":"","Reviewer":"Andres Gomez","Reviewer_page":"https://www.google.com/maps/contrib/101423257110050710826/reviews?hl=en-US","Review_time":"2 years ago","Review":"","Likes":""},{"Name":"","Category":"","Rating":" 5 stars ","Number_of_Reviews":"","Address":"","Reviewer":"Eric Ma","Reviewer_page":"https://www.google.com/maps/contrib/113224908410845753747/reviews?hl=en-US","Review_time":"4 years ago","Review":"","Likes":""},{"Name":"","Category":"","Rating":" 5 stars ","Number_of_Reviews":"","Address":"","Reviewer":"Anselmo Guimaraes","Reviewer_page":"https://www.google.com/maps/contrib/113630373462958527347/reviews?hl=en-US","Review_time":"2 years ago","Review":"","Likes":""},{"Name":"","Category":"","Rating":" 5 stars ","Number_of_Reviews":"","Address":"","Reviewer":"Santos Ramos","Reviewer_page":"https://www.google.com/maps/contrib/111151921065889772301/reviews?hl=en-US","Review_time":"2 years ago","Review":"","Likes":""},{"Name":"","Category":"","Rating":" 4 stars ","Number_of_Reviews":"","Address":"","Reviewer":"Charesia Whittaker","Reviewer_page":"https://www.google.com/maps/contrib/105496225348228945442/reviews?hl=en-US","Review_time":"3 years ago","Review":"","Likes":""},{"Name":"","Category":"","Rating":" 4 stars ","Number_of_Reviews":"","Address":"","Reviewer":"helen l","Reviewer_page":"https://www.google.com/maps/contrib/116874657450169174834/reviews?hl=en-US","Review_time":"4 years ago","Review":"","Likes":""},{"Name":"","Category":"","Rating":" 5 stars ","Number_of_Reviews":"","Address":"","Reviewer":"Jamie Newton","Reviewer_page":"https://www.google.com/maps/contrib/106716032910649838787/reviews?hl=en-US","Review_time":"a year ago","Review":"","Likes":""},{"Name":"","Category":"","Rating":" 5 stars ","Number_of_Reviews":"","Address":"","Reviewer":"Yurii Matsiuk","Reviewer_page":"https://www.google.com/maps/contrib/100460498270170450146/reviews?hl=en-US","Review_time":"4 years ago","Review":"","Likes":""},{"Name":"","Category":"","Rating":" 1 star ","Number_of_Reviews":"","Address":"","Reviewer":"정승원","Reviewer_page":"https://www.google.com/maps/contrib/113011929892307636682/reviews?hl=en-US","Review_time":"3 years ago","Review":"","Likes":""},{"Name":"","Category":"","Rating":" 4 stars ","Number_of_Reviews":"","Address":"","Reviewer":"Mers Shata","Reviewer_page":"https://www.google.com/maps/contrib/116779232352534472771/reviews?hl=en-US","Review_time":"3 years ago","Review":"","Likes":""},{"Name":"","Category":"","Rating":" 5 stars ","Number_of_Reviews":"","Address":"","Reviewer":"Bart Petersen","Reviewer_page":"https://www.google.com/maps/contrib/101840075002208815046/reviews?hl=en-US","Review_time":"3 years ago","Review":"","Likes":""},{"Name":"","Category":"","Rating":" 5 stars ","Number_of_Reviews":"","Address":"","Reviewer":"Monica Doyle","Reviewer_page":"https://www.google.com/maps/contrib/117136813967236211986/reviews?hl=en-US","Review_time":"3 years ago","Review":"","Likes":""},{"Name":"","Category":"","Rating":" 3 stars ","Number_of_Reviews":"","Address":"","Reviewer":"Vanizio caldeira","Reviewer_page":"https://www.google.com/maps/contrib/114197158028395491955/reviews?hl=en-US","Review_time":"2 years ago","Review":"","Likes":""},{"Name":"","Category":"","Rating":" 2 stars ","Number_of_Reviews":"","Address":"","Reviewer":"qwerty g","Reviewer_page":"https://www.google.com/maps/contrib/106996088343084177482/reviews?hl=en-US","Review_time":"2 years ago","Review":"","Likes":""},{"Name":"","Category":"","Rating":" 3 stars ","Number_of_Reviews":"","Address":"","Reviewer":"Hector Murrieta","Reviewer_page":"https://www.google.com/maps/contrib/115544687261012060087/reviews?hl=en-US","Review_time":"4 years ago","Review":"","Likes":""},{"Name":"","Category":"","Rating":" 5 stars ","Number_of_Reviews":"","Address":"","Reviewer":"Dri 777","Reviewer_page":"https://www.google.com/maps/contrib/103293871149703939197/reviews?hl=en-US","Review_time":"a year ago","Review":"","Likes":""},{"Name":"","Category":"","Rating":" 3 stars ","Number_of_Reviews":"","Address":"","Reviewer":"Vi “Anti-Media” C","Reviewer_page":"https://www.google.com/maps/contrib/117264593093878332218/reviews?hl=en-US","Review_time":"2 years ago","Review":"","Likes":""},{"Name":"","Category":"","Rating":" 3 stars ","Number_of_Reviews":"","Address":"","Reviewer":"Shimamura Satoshi","Reviewer_page":"https://www.google.com/maps/contrib/107606497968643995516/reviews?hl=en-US","Review_time":"4 years ago","Review":"","Likes":""},{"Name":"","Category":"","Rating":" 4 stars ","Number_of_Reviews":"","Address":"","Reviewer":"cecilia graziani","Reviewer_page":"https://www.google.com/maps/contrib/102835758436646755511/reviews?hl=en-US","Review_time":"3 years ago","Review":"","Likes":""},{"Name":"","Category":"","Rating":" 5 stars ","Number_of_Reviews":"","Address":"","Reviewer":"Minkyu Kang","Reviewer_page":"https://www.google.com/maps/contrib/111483883642837008966/reviews?hl=en-US","Review_time":"3 years ago","Review":"","Likes":""},{"Name":"","Category":"","Rating":" 4 stars ","Number_of_Reviews":"","Address":"","Reviewer":"Rachel G","Reviewer_page":"https://www.google.com/maps/contrib/111019210879350060340/reviews?hl=en-US","Review_time":"3 years ago","Review":"","Likes":""},{"Name":"","Category":"","Rating":" 3 stars ","Number_of_Reviews":"","Address":"","Reviewer":"Veronique Bichel","Reviewer_page":"https://www.google.com/maps/contrib/115247463189651439521/reviews?hl=en-US","Review_time":"4 years ago","Review":"","Likes":""},{"Name":"","Category":"","Rating":" 3 stars ","Number_of_Reviews":"","Address":"","Reviewer":"Romy Byas (Romy)","Reviewer_page":"https://www.google.com/maps/contrib/111111104651902884722/reviews?hl=en-US","Review_time":"3 years ago","Review":"","Likes":""},{"Name":"","Category":"","Rating":" 5 stars ","Number_of_Reviews":"","Address":"","Reviewer":"Tanya Riley","Reviewer_page":"https://www.google.com/maps/contrib/101466934407026462058/reviews?hl=en-US","Review_time":"3 years ago","Review":"","Likes":""},{"Name":"","Category":"","Rating":" 5 stars ","Number_of_Reviews":"","Address":"","Reviewer":"Shi Xuan Zheng","Reviewer_page":"https://www.google.com/maps/contrib/116062697321398182944/reviews?hl=en-US","Review_time":"2 years ago","Review":"","Likes":""},{"Name":"","Category":"","Rating":" 5 stars ","Number_of_Reviews":"","Address":"","Reviewer":"Georgie Lau","Reviewer_page":"https://www.google.com/maps/contrib/101445989353784115861/reviews?hl=en-US","Review_time":"4 years ago","Review":"","Likes":""},{"Name":"","Category":"","Rating":" 3 stars ","Number_of_Reviews":"","Address":"","Reviewer":"Francisco Espi","Reviewer_page":"https://www.google.com/maps/contrib/113329046741490011815/reviews?hl=en-US","Review_time":"4 years ago","Review":"","Likes":""},{"Name":"","Category":"","Rating":" 5 stars ","Number_of_Reviews":"","Address":"","Reviewer":"Daniela Q.","Reviewer_page":"https://www.google.com/maps/contrib/110073093242383195734/reviews?hl=en-US","Review_time":"2 years ago","Review":"","Likes":""},{"Name":"","Category":"","Rating":" 4 stars ","Number_of_Reviews":"","Address":"","Reviewer":"DARIO SIRIMARCO","Reviewer_page":"https://www.google.com/maps/contrib/109822274372316714248/reviews?hl=en-US","Review_time":"3 years ago","Review":"","Likes":""},{"Name":"","Category":"","Rating":" 5 stars ","Number_of_Reviews":"","Address":"","Reviewer":"Vincent Labbé","Reviewer_page":"https://www.google.com/maps/contrib/112261884644271676307/reviews?hl=en-US","Review_time":"4 years ago","Review":"","Likes":""},{"Name":"","Category":"","Rating":" 5 stars ","Number_of_Reviews":"","Address":"","Reviewer":"Danlin Xie","Reviewer_page":"https://www.google.com/maps/contrib/113671143934859863982/reviews?hl=en-US","Review_time":"4 years ago","Review":"","Likes":""},{"Name":"","Category":"","Rating":" 5 stars ","Number_of_Reviews":"","Address":"","Reviewer":"Samriddh Gupta","Reviewer_page":"https://www.google.com/maps/contrib/102505065924173920737/reviews?hl=en-US","Review_time":"2 years ago","Review":"","Likes":""},{"Name":"","Category":"","Rating":" 5 stars ","Number_of_Reviews":"","Address":"","Reviewer":"Florian GOURGEON","Reviewer_page":"https://www.google.com/maps/contrib/107526598408860475255/reviews?hl=en-US","Review_time":"2 years ago","Review":"","Likes":""},{"Name":"","Category":"","Rating":" 5 stars ","Number_of_Reviews":"","Address":"","Reviewer":"PC User","Reviewer_page":"https://www.google.com/maps/contrib/108577955550970335936/reviews?hl=en-US","Review_time":"4 years ago","Review":"","Likes":""},{"Name":"","Category":"","Rating":" 5 stars ","Number_of_Reviews":"","Address":"","Reviewer":"Cecilia Martinoglio","Reviewer_page":"https://www.google.com/maps/contrib/108698313426885600971/reviews?hl=en-US","Review_time":"3 years ago","Review":"","Likes":""},{"Name":"","Category":"","Rating":" 4 stars ","Number_of_Reviews":"","Address":"","Reviewer":"Alex Van Dun","Reviewer_page":"https://www.google.com/maps/contrib/109206630616545381405/reviews?hl=en-US","Review_time":"2 years ago","Review":"","Likes":""},{"Name":"","Category":"","Rating":" 4 stars ","Number_of_Reviews":"","Address":"","Reviewer":"jamiedempo22","Reviewer_page":"https://www.google.com/maps/contrib/111104829584156111583/reviews?hl=en-US","Review_time":"2 years ago","Review":"","Likes":""},{"Name":"","Category":"","Rating":" 4 stars ","Number_of_Reviews":"","Address":"","Reviewer":"Digmaritd Quintana-Morales","Reviewer_page":"https://www.google.com/maps/contrib/115909525324126963139/reviews?hl=en-US","Review_time":"3 years ago","Review":"","Likes":""},{"Name":"","Category":"","Rating":" 5 stars ","Number_of_Reviews":"","Address":"","Reviewer":"isack loewen","Reviewer_page":"https://www.google.com/maps/contrib/115665640848591317586/reviews?hl=en-US","Review_time":"2 years ago","Review":"","Likes":""},{"Name":"","Category":"","Rating":" 1 star ","Number_of_Reviews":"","Address":"","Reviewer":"Enrique Morcillo Sánchez","Reviewer_page":"https://www.google.com/maps/contrib/111813772178106749599/reviews?hl=en-US","Review_time":"2 years ago","Review":"","Likes":""},{"Name":"","Category":"","Rating":" 3 stars ","Number_of_Reviews":"","Address":"","Reviewer":"Brian Morel","Reviewer_page":"https://www.google.com/maps/contrib/117144060994734361002/reviews?hl=en-US","Review_time":"3 years ago","Review":"","Likes":""},{"Name":"","Category":"","Rating":" 5 stars ","Number_of_Reviews":"","Address":"","Reviewer":"Damian Thomas","Reviewer_page":"https://www.google.com/maps/contrib/112490525206745182159/reviews?hl=en-US","Review_time":"a year ago","Review":"","Likes":""},{"Name":"","Category":"","Rating":" 5 stars ","Number_of_Reviews":"","Address":"","Reviewer":"Shanequa Brinson","Reviewer_page":"https://www.google.com/maps/contrib/108250688956671970873/reviews?hl=en-US","Review_time":"3 years ago","Review":"","Likes":""},{"Name":"","Category":"","Rating":" 4 stars ","Number_of_Reviews":"","Address":"","Reviewer":"SlimThang Honey","Reviewer_page":"https://www.google.com/maps/contrib/102586936261352256840/reviews?hl=en-US","Review_time":"2 years ago","Review":"","Likes":""},{"Name":"","Category":"","Rating":" 5 stars ","Number_of_Reviews":"","Address":"","Reviewer":"Yusuf Siregar","Reviewer_page":"https://www.google.com/maps/contrib/100560893108124414669/reviews?hl=en-US","Review_time":"2 years ago","Review":"","Likes":""},{"Name":"","Category":"","Rating":" 1 star ","Number_of_Reviews":"","Address":"","Reviewer":"Camilla Moldal","Reviewer_page":"https://www.google.com/maps/contrib/104754293893628811662/reviews?hl=en-US","Review_time":"4 years ago","Review":"","Likes":""},{"Name":"","Category":"","Rating":" 4 stars ","Number_of_Reviews":"","Address":"","Reviewer":"TAKASHI N.","Reviewer_page":"https://www.google.com/maps/contrib/118352619174487026030/reviews?hl=en-US","Review_time":"4 years ago","Review":"","Likes":""},{"Name":"","Category":"","Rating":" 3 stars ","Number_of_Reviews":"","Address":"","Reviewer":"Hannu Heikkinen","Reviewer_page":"https://www.google.com/maps/contrib/103688010254222064429/reviews?hl=en-US","Review_time":"2 years ago","Review":"","Likes":""},{"Name":"","Category":"","Rating":" 5 stars ","Number_of_Reviews":"","Address":"","Reviewer":"Gabriel Vega","Reviewer_page":"https://www.google.com/maps/contrib/110241942803990414540/reviews?hl=en-US","Review_time":"4 years ago","Review":"","Likes":""},{"Name":"","Category":"","Rating":" 3 stars ","Number_of_Reviews":"","Address":"","Reviewer":"Karl Green","Reviewer_page":"https://www.google.com/maps/contrib/101759474306973630510/reviews?hl=en-US","Review_time":"3 years ago","Review":"","Likes":""},{"Name":"","Category":"","Rating":" 5 stars ","Number_of_Reviews":"","Address":"","Reviewer":"ANALIA ISPIZUA","Reviewer_page":"https://www.google.com/maps/contrib/102913345662859606233/reviews?hl=en-US","Review_time":"3 years ago","Review":"","Likes":""},{"Name":"","Category":"","Rating":" 5 stars ","Number_of_Reviews":"","Address":"","Reviewer":"Andy Ye","Reviewer_page":"https://www.google.com/maps/contrib/116188943177573980322/reviews?hl=en-US","Review_time":"5 years ago","Review":"","Likes":""},{"Name":"","Category":"","Rating":" 5 stars ","Number_of_Reviews":"","Address":"","Reviewer":"Jeremy Kean","Reviewer_page":"https://www.google.com/maps/contrib/101129039027546844894/reviews?hl=en-US","Review_time":"3 years ago","Review":"","Likes":""},{"Name":"","Category":"","Rating":" 5 stars ","Number_of_Reviews":"","Address":"","Reviewer":"DizzyMiku","Reviewer_page":"https://www.google.com/maps/contrib/112752665100900563624/reviews?hl=en-US","Review_time":"2 years ago","Review":"","Likes":""},{"Name":"","Category":"","Rating":" 5 stars ","Number_of_Reviews":"","Address":"","Reviewer":"Richard Rivera","Reviewer_page":"https://www.google.com/maps/contrib/111616794151008370756/reviews?hl=en-US","Review_time":"3 years ago","Review":"","Likes":""},{"Name":"","Category":"","Rating":" 5 stars ","Number_of_Reviews":"","Address":"","Reviewer":"Valentina Galbiati","Reviewer_page":"https://www.google.com/maps/contrib/104631447656314109225/reviews?hl=en-US","Review_time":"2 years ago","Review":"","Likes":""},{"Name":"","Category":"","Rating":" 4 stars ","Number_of_Reviews":"","Address":"","Reviewer":"Pierluigi Matteucci","Reviewer_page":"https://www.google.com/maps/contrib/114710339942048185908/reviews?hl=en-US","Review_time":"3 years ago","Review":"","Likes":""},{"Name":"","Category":"","Rating":" 4 stars ","Number_of_Reviews":"","Address":"","Reviewer":"Brian MacDonald","Reviewer_page":"https://www.google.com/maps/contrib/103383590039966308761/reviews?hl=en-US","Review_time":"3 years ago","Review":"","Likes":""},{"Name":"","Category":"","Rating":" 4 stars ","Number_of_Reviews":"","Address":"","Reviewer":"Natalia Prunotto","Reviewer_page":"https://www.google.com/maps/contrib/115993329554267746020/reviews?hl=en-US","Review_time":"4 years ago","Review":"","Likes":""},{"Name":"","Category":"","Rating":" 4 stars ","Number_of_Reviews":"","Address":"","Reviewer":"David Iruzubieta","Reviewer_page":"https://www.google.com/maps/contrib/108289271901654313906/reviews?hl=en-US","Review_time":"2 years ago","Review":"","Likes":""},{"Name":"","Category":"","Rating":" 5 stars ","Number_of_Reviews":"","Address":"","Reviewer":"tH3TragiKprinCe","Reviewer_page":"https://www.google.com/maps/contrib/105774452331254883756/reviews?hl=en-US","Review_time":"2 years ago","Review":"","Likes":""},{"Name":"","Category":"","Rating":" 1 star ","Number_of_Reviews":"","Address":"","Reviewer":"iraide cirion","Reviewer_page":"https://www.google.com/maps/contrib/103139159842169634339/reviews?hl=en-US","Review_time":"3 years ago","Review":"","Likes":""},{"Name":"","Category":"","Rating":" 3 stars ","Number_of_Reviews":"","Address":"","Reviewer":"Brandon Clark","Reviewer_page":"https://www.google.com/maps/contrib/102072611306994953672/reviews?hl=en-US","Review_time":"3 years ago","Review":"","Likes":""},{"Name":"","Category":"","Rating":" 4 stars ","Number_of_Reviews":"","Address":"","Reviewer":"Shirlene Dennis","Reviewer_page":"https://www.google.com/maps/contrib/108299588515836281293/reviews?hl=en-US","Review_time":"3 years ago","Review":"","Likes":""},{"Name":"","Category":"","Rating":" 5 stars ","Number_of_Reviews":"","Address":"","Reviewer":"Nancy Ramirez Sarria","Reviewer_page":"https://www.google.com/maps/contrib/110883352208005688803/reviews?hl=en-US","Review_time":"a year ago","Review":"","Likes":""},{"Name":"","Category":"","Rating":" 3 stars ","Number_of_Reviews":"","Address":"","Reviewer":"Jonathan Weiss","Reviewer_page":"https://www.google.com/maps/contrib/107183953325497816366/reviews?hl=en-US","Review_time":"3 years ago","Review":"","Likes":""},{"Name":"","Category":"","Rating":" 5 stars ","Number_of_Reviews":"","Address":"","Reviewer":"Shadekur Rahman","Reviewer_page":"https://www.google.com/maps/contrib/103277343540573566877/reviews?hl=en-US","Review_time":"2 years ago","Review":"","Likes":""},{"Name":"","Category":"","Rating":" 4 stars ","Number_of_Reviews":"","Address":"","Reviewer":"Anisah Little","Reviewer_page":"https://www.google.com/maps/contrib/105284095738459285547/reviews?hl=en-US","Review_time":"2 years ago","Review":"","Likes":""},{"Name":"","Category":"","Rating":" 5 stars ","Number_of_Reviews":"","Address":"","Reviewer":"Gopika Ajay","Reviewer_page":"https://www.google.com/maps/contrib/106372263686882503086/reviews?hl=en-US","Review_time":"2 years ago","Review":"","Likes":""},{"Name":"","Category":"","Rating":" 3 stars ","Number_of_Reviews":"","Address":"","Reviewer":"Laura Barenco Ledesma","Reviewer_page":"https://www.google.com/maps/contrib/114629734600427413422/reviews?hl=en-US","Review_time":"2 years ago","Review":"","Likes":""},{"Name":"","Category":"","Rating":" 5 stars ","Number_of_Reviews":"","Address":"","Reviewer":"Zhiyang Liu","Reviewer_page":"https://www.google.com/maps/contrib/113844030281782858106/reviews?hl=en-US","Review_time":"2 years ago","Review":"","Likes":""},{"Name":"","Category":"","Rating":" 3 stars ","Number_of_Reviews":"","Address":"","Reviewer":"rob cai","Reviewer_page":"https://www.google.com/maps/contrib/114313431044031939011/reviews?hl=en-US","Review_time":"4 years ago","Review":"","Likes":""},{"Name":"","Category":"","Rating":" 5 stars ","Number_of_Reviews":"","Address":"","Reviewer":"l sc","Reviewer_page":"https://www.google.com/maps/contrib/116487806188429374215/reviews?hl=en-US","Review_time":"4 years ago","Review":"","Likes":""},{"Name":"","Category":"","Rating":" 4 stars ","Number_of_Reviews":"","Address":"","Reviewer":"Haydn Long","Reviewer_page":"https://www.google.com/maps/contrib/107634596442843577987/reviews?hl=en-US","Review_time":"4 years ago","Review":"","Likes":""},{"Name":"","Category":"","Rating":" 5 stars ","Number_of_Reviews":"","Address":"","Reviewer":"Connie R.","Reviewer_page":"https://www.google.com/maps/contrib/117951867030929042368/reviews?hl=en-US","Review_time":"3 years ago","Review":"","Likes":""},{"Name":"","Category":"","Rating":" 5 stars ","Number_of_Reviews":"","Address":"","Reviewer":"M M","Reviewer_page":"https://www.google.com/maps/contrib/100768995157033635707/reviews?hl=en-US","Review_time":"2 years ago","Review":"","Likes":""},{"Name":"","Category":"","Rating":" 4 stars ","Number_of_Reviews":"","Address":"","Reviewer":"Smoove52 aka Warren L","Reviewer_page":"https://www.google.com/maps/contrib/109885280078679085789/reviews?hl=en-US","Review_time":"3 years ago","Review":"","Likes":""},{"Name":"","Category":"","Rating":" 5 stars ","Number_of_Reviews":"","Address":"","Reviewer":"Eugenia Ferrer","Reviewer_page":"https://www.google.com/maps/contrib/117767078600001980938/reviews?hl=en-US","Review_time":"3 years ago","Review":"","Likes":""},{"Name":"","Category":"","Rating":" 5 stars ","Number_of_Reviews":"","Address":"","Reviewer":"Leonardo Colamarino","Reviewer_page":"https://www.google.com/maps/contrib/112618867095673933038/reviews?hl=en-US","Review_time":"3 years ago","Review":"","Likes":""},{"Name":"","Category":"","Rating":" 4 stars ","Number_of_Reviews":"","Address":"","Reviewer":"Jan H Herrmann","Reviewer_page":"https://www.google.com/maps/contrib/100063449066404426338/reviews?hl=en-US","Review_time":"3 years ago","Review":"","Likes":""},{"Name":"","Category":"","Rating":" 5 stars ","Number_of_Reviews":"","Address":"","Reviewer":"Lussette Cast","Reviewer_page":"https://www.google.com/maps/contrib/107772949860947696583/reviews?hl=en-US","Review_time":"3 years ago","Review":"","Likes":""},{"Name":"","Category":"","Rating":" 5 stars ","Number_of_Reviews":"","Address":"","Reviewer":"Magdy Abou elazm","Reviewer_page":"https://www.google.com/maps/contrib/115877300681272582272/reviews?hl=en-US","Review_time":"3 years ago","Review":"","Likes":""},{"Name":"","Category":"","Rating":" 5 stars ","Number_of_Reviews":"","Address":"","Reviewer":"sushanth maram","Reviewer_page":"https://www.google.com/maps/contrib/102221098010185399976/reviews?hl=en-US","Review_time":"4 years ago","Review":"","Likes":""},{"Name":"","Category":"","Rating":" 5 stars ","Number_of_Reviews":"","Address":"","Reviewer":"Jeanie Friend","Reviewer_page":"https://www.google.com/maps/contrib/116265342534260137378/reviews?hl=en-US","Review_time":"3 years ago","Review":"","Likes":""},{"Name":"","Category":"","Rating":" 5 stars ","Number_of_Reviews":"","Address":"","Reviewer":"Shafa Diva","Reviewer_page":"https://www.google.com/maps/contrib/102613310475286901894/reviews?hl=en-US","Review_time":"3 years ago","Review":"","Likes":""}