[{"Name":"","Category":"","Rating":" 1 star ","Number_of_Reviews":"","Address":"","Reviewer":"Tom Sawyer","Reviewer_page":"https://www.google.com/maps/contrib/114724091929012244708/reviews?hl=en-US","Review_time":"a week ago","Review":"Came in ordered a drink. I was told I couldn’t use the bathroom because they closed in an hour. Odd and inconvenient. Google also says they close at 9PM and it is currently 3:12PM.\n\nOverall for a company which aims to be “America’s second living room” not a great experience.\n\nAlso asked if I could just use the baby changing table and was told I could not.","Likes":""},{"Name":"","Category":"","Rating":" 2 stars ","Number_of_Reviews":"","Address":"","Reviewer":"Anna Goodhand","Reviewer_page":"https://www.google.com/maps/contrib/100428269166517952813/reviews?hl=en-US","Review_time":"a month ago","Review":"they made my drink cold instead of hot like i ordered which is fine so I told them pls don’t throw away the venti cold drink i’ll take it so they don’t waste it, then they poured it all out in front of me while i was saying again pls don’t waste it! so annoying and such a waste!","Likes":"1"},{"Name":"","Category":"","Rating":" 5 stars ","Number_of_Reviews":"","Address":"","Reviewer":"tal","Reviewer_page":"https://www.google.com/maps/contrib/110852633707626713823/reviews?hl=en-US","Review_time":"a year ago","Review":"Great customer service, indoor seating (work table with chargers and small tables) as well as plenty of outdoor seatings with umbrellas. Convenient for a quick stop or to sit for a while and enjoy.","Likes":""},{"Name":"","Category":"","Rating":" 2 stars ","Number_of_Reviews":"","Address":"","Reviewer":"Nikki McDougal","Reviewer_page":"https://www.google.com/maps/contrib/116299963705074113491/reviews?hl=en-US","Review_time":"3 months ago","Review":"Stand alone Starbucks are on point no problems however the others within a particular store are totally unprepared lack of ice cups etc","Likes":""},{"Name":"","Category":"","Rating":" 5 stars ","Number_of_Reviews":"","Address":"","Reviewer":"Thomas Hägglöf","Reviewer_page":"https://www.google.com/maps/contrib/108176349414370230944/reviews?hl=en-US","Review_time":"3 months ago","Review":"They should upgrade the outside patio to make it awesome. Like more plants and less concrete","Likes":""},{"Name":"","Category":"","Rating":" 1 star ","Number_of_Reviews":"","Address":"","Reviewer":"Roel Rosquites-Moretti","Reviewer_page":"https://www.google.com/maps/contrib/110099082535054577927/reviews?hl=en-US","Review_time":"9 months ago","Review":"Feb 4, 2022 between 8:45am to 9:00 am. I used to love this location, not until one of the lady who works here that does the warming up of the bread came up to me without saying excuse me or good morning, and asked me for proof of vaccination and ID. I told her I showed already to the barista guy that handover my coffee since I want to be seated, but she still insisted me to show to her my proof of vaccination and ID.\n\nTrain your employees the proper procedure on how to approach customer, and lastly train them to be courteous.","Likes":"1"},{"Name":"","Category":"","Rating":" 1 star ","Number_of_Reviews":"","Address":"","Reviewer":"Lida R","Reviewer_page":"https://www.google.com/maps/contrib/109613429277212905135/reviews?hl=en-US","Review_time":"a year ago","Review":"The barista insisted on making the drink of the person behind me before mine, even though the guy said multiple times I was first in line and he was fine with waiting. He didn’t appear to be in any hurry, so I have to assume it was because the barista saw I had luggage with me so she assumed I’m from out of town. Complete garbage service, especially since I was standing right there as this all happened, waiting patiently for my drink. Learn some customer service peeps.","Likes":"1"},{"Name":"","Category":"","Rating":" 5 stars ","Number_of_Reviews":"","Address":"","Reviewer":"Luke Connors (Thales)","Reviewer_page":"https://www.google.com/maps/contrib/100467450278369548234/reviews?hl=en-US","Review_time":"2 months ago","Review":"Great staff who work hard to keep orders coming with quality and speed. Good outdoor seating and has a clean public bathroom (I think you need to ask for the key).","Likes":""},{"Name":"","Category":"","Rating":" 5 stars ","Number_of_Reviews":"","Address":"","Reviewer":"Marko Karanikic","Reviewer_page":"https://www.google.com/maps/contrib/109622130976675554191/reviews?hl=en-US","Review_time":"2 months ago","Review":"Love their outdoor seating area.","Likes":""},{"Name":"","Category":"","Rating":" 5 stars ","Number_of_Reviews":"","Address":"","Reviewer":"monicol flores","Reviewer_page":"https://www.google.com/maps/contrib/115774083524809349981/reviews?hl=en-US","Review_time":"2 months ago","Review":"Excellent place to sip a cup of coffee  every morning","Likes":""},{"Name":"","Category":"","Rating":" 5 stars ","Number_of_Reviews":"","Address":"","Reviewer":"Emmanuel De Jesus","Reviewer_page":"https://www.google.com/maps/contrib/113795994397580501413/reviews?hl=en-US","Review_time":"a year ago","Review":"It's s busy busy location. They manage to keep a smile at all times. Corporate! They deserve a raise and make sure ya properly staff em! Give them all the support they need.","Likes":"1"},{"Name":"","Category":"","Rating":" 5 stars ","Number_of_Reviews":"","Address":"","Reviewer":"Martin P","Reviewer_page":"https://www.google.com/maps/contrib/105663374964674642262/reviews?hl=en-US","Review_time":"5 months ago","Review":"Lots of outdoor seating. Band on weekend mornings","Likes":""},{"Name":"","Category":"","Rating":" 5 stars ","Number_of_Reviews":"","Address":"","Reviewer":"Cyn Gonzalez","Reviewer_page":"https://www.google.com/maps/contrib/108072230603214094424/reviews?hl=en-US","Review_time":"3 years ago","Review":"Great staff, great service....I'm never disappointed. Have I seen them make mistakes with my order? Yes but not frequently. And their comeback is amazing. They make an effore to greet their regular customers by name. They even know the names of most of the kids that come in with their parents. Great teamwork.","Likes":""},{"Name":"","Category":"","Rating":" 5 stars ","Number_of_Reviews":"","Address":"","Reviewer":"gerard s","Reviewer_page":"https://www.google.com/maps/contrib/112503771200633926629/reviews?hl=en-US","Review_time":"a year ago","Review":"Best Starbucks in NYC. Friendliest staff and super fast with every order. All the other locations should take note & copy this lot on customer service. Happy Thanksgiving 🦃🍁","Likes":"1"},{"Name":"","Category":"","Rating":" 1 star ","Number_of_Reviews":"","Address":"","Reviewer":"Barbara Bausano","Reviewer_page":"https://www.google.com/maps/contrib/112742720864476649391/reviews?hl=en-US","Review_time":"3 years ago","Review":"Long line of people & no inside seating.  As with all Starbucks I've visited, seats are often taken by people with laptops who spend many hours there & some don''t even make a purchase.  Most Starbucks are really just a techie hangout.  Better coffee elsewhere.","Likes":"1"},{"Name":"","Category":"","Rating":" 5 stars ","Number_of_Reviews":"","Address":"","Reviewer":"Marcelino Feliciano","Reviewer_page":"https://www.google.com/maps/contrib/101182638121038719762/reviews?hl=en-US","Review_time":"11 months ago","Review":"Great spot! People are nice. Service is great! And the little outdoor eating area is a major plus!","Likes":""},{"Name":"","Category":"","Rating":" 2 stars ","Number_of_Reviews":"","Address":"","Reviewer":"David Borrero","Reviewer_page":"https://www.google.com/maps/contrib/102308051465152914157/reviews?hl=en-US","Review_time":"3 years ago","Review":"I usually don't mind starbucks for coffee. They are usually very consistent so that's a positive they have going for them. This location when I visited had nothing but pike place and it was burnt. The baristas there were courteous but I just expected more from Starbucks when it came to the coffee. It was possibly a bad day but I will try a different location next time I'm in the area.","Likes":""},{"Name":"","Category":"","Rating":" 5 stars ","Number_of_Reviews":"","Address":"","Reviewer":"Lll Nono","Reviewer_page":"https://www.google.com/maps/contrib/103900316375890317064/reviews?hl=en-US","Review_time":"a year ago","Review":"The best customer service ever. Makes you come back again. Ordered matcha, got exactly what I wanted. Tastes amazing.","Likes":""},{"Name":"","Category":"","Rating":" 1 star ","Number_of_Reviews":"","Address":"","Reviewer":"m henderson","Reviewer_page":"https://www.google.com/maps/contrib/118083287154979021081/reviews?hl=en-US","Review_time":"11 months ago","Review":"Not good! Charge 4.00 for milk I wanted on the side and 3.00 for expresso shot. They would not let me use points!","Likes":""},{"Name":"","Category":"","Rating":" 1 star ","Number_of_Reviews":"","Address":"","Reviewer":"Maxwell Gately","Reviewer_page":"https://www.google.com/maps/contrib/116899198744255135976/reviews?hl=en-US","Review_time":"3 years ago","Review":"This is the worst starbucks. Go here if you want rude service in a cramped atmosphere. Also, plan to wait forEVER. They completely forgot about my order. Again.\n\nEdit: also the coffee is always burnt and has the aftertaste of inadequately cleaned equipment.","Likes":"1"},{"Name":"","Category":"","Rating":" 1 star ","Number_of_Reviews":"","Address":"","Reviewer":"A& A","Reviewer_page":"https://www.google.com/maps/contrib/103295833817910615588/reviews?hl=en-US","Review_time":"5 years ago","Review":"Very disappointed experience at this Starbucks on 2017 08 04 15:00. The store policy is enforced unevenly here. Needed to use the bathroom after intake of caffeine and one of the staff yelled at me for having a dog after I clearly stated I am there just here to use the bathroom after drinking their coffee. It was after I saw several white men going into the same coffee shop with a dog to grab a coffee. Were they also yelled at by a staff? Not so sure. And the lady next to me had a cat in her bag! She was inside the store before I arrive and was there after I left. I understand about the animal policy, it just needs to be applied to everyone. A female employee apologies to me after the incident.","Likes":""},{"Name":"","Category":"","Rating":" 5 stars ","Number_of_Reviews":"","Address":"","Reviewer":"Ken Miller","Reviewer_page":"https://www.google.com/maps/contrib/109960417207152369747/reviews?hl=en-US","Review_time":"4 years ago","Review":"One of the most friendly and welcoming Starbucks on the Upper East Side.  Muzak kept very low or not at all.  You can actually have a conversation. Never a line and always a greeting and a smile to go with your latte.   the Best.","Likes":""},{"Name":"","Category":"","Rating":" 5 stars ","Number_of_Reviews":"","Address":"","Reviewer":"Olga Hernandez","Reviewer_page":"https://www.google.com/maps/contrib/118373646791804190077/reviews?hl=en-US","Review_time":"8 months ago","Review":"I love Starbucks coffee, this is the first time visiting this store, everything was fine 😌","Likes":""},{"Name":"","Category":"","Rating":" 1 star ","Number_of_Reviews":"","Address":"","Reviewer":"Todor Rikic","Reviewer_page":"https://www.google.com/maps/contrib/110198331478037177587/reviews?hl=en-US","Review_time":"6 years ago","Review":"Consistently \"understaffed\" with slowest service. Any time of day. Waited 10 minutes with 4 people in front of me. I left after 10 minutes with still two people in front of me. One server is constantly cleaning completely ignoring clients. I went two blocks down to Le Pain Q, got coffee and it was faster than if I stayed in line. Avoid this place at all cost if possible.","Likes":"3"},{"Name":"","Category":"","Rating":" 4 stars ","Number_of_Reviews":"","Address":"","Reviewer":"Phillip Kwong","Reviewer_page":"https://www.google.com/maps/contrib/103136752684232218800/reviews?hl=en-US","Review_time":"5 years ago","Review":"Nice and steady coffee place!  Occasionally, they may get orders wrong or run out of supplies, but don't let that stop you from going here.  There's friendly staff and great tasting beverages offered here I'm you are looking for it!","Likes":""},{"Name":"","Category":"","Rating":" 5 stars ","Number_of_Reviews":"","Address":"","Reviewer":"Gifted One2day","Reviewer_page":"https://www.google.com/maps/contrib/111298586272691253374/reviews?hl=en-US","Review_time":"6 months ago","Review":"I must have my impossible breakfast sandwich with no egg and chia tea latte before work.","Likes":""},{"Name":"","Category":"","Rating":" 1 star ","Number_of_Reviews":"","Address":"","Reviewer":"Jonathan Lazare","Reviewer_page":"https://www.google.com/maps/contrib/108720388826315341237/reviews?hl=en-US","Review_time":"a year ago","Review":"They were playing loud disco. Asked 3 times to turn it down. They redefined. Margharet the manager. They refused. Sunday morning headache.","Likes":"1"},{"Name":"","Category":"","Rating":" 4 stars ","Number_of_Reviews":"","Address":"","Reviewer":"E Z","Reviewer_page":"https://www.google.com/maps/contrib/109558294718180562850/reviews?hl=en-US","Review_time":"6 years ago","Review":"My go to Sbux when I am in the UES.  The coffee is always hot and fresh and served to my specification.  Majority of the staff is friendly and quick in fulfilling your order.  Recently one guy got upset and made a big deal when I asked for Ice Tea as a refill to my hot coffee.  I never had issues at other Sbux and even this time but this employee wasn't happy about my request but obliged to give it to me warning me this can not be done next time!\n\nThey do a great job keeping the milk/sugar counter clean and organized.  The outside seating is awesome to relax and take a break from the crazy hustle and bustle of NYC over a good book!  I just wish they spend more time cleaning the outside tables and chairs.  It is always dirty and doesn't seem to be cleaned at all!  Just be ready to grab some napkins and give it a good wipe!","Likes":""},{"Name":"","Category":"","Rating":" 4 stars ","Number_of_Reviews":"","Address":"","Reviewer":"Michael O'Gara","Reviewer_page":"https://www.google.com/maps/contrib/101618151292376080661/reviews?hl=en-US","Review_time":"9 years ago","Review":"Great outdoor space with plenty of seats and tables. Inside has almost no seating so it is best to visit when the weather is nice.  Never had an issue with an order and the line always moves very fast.","Likes":""},{"Name":"","Category":"","Rating":" 5 stars ","Number_of_Reviews":"","Address":"","Reviewer":"Joy M","Reviewer_page":"https://www.google.com/maps/contrib/105502688245143188490/reviews?hl=en-US","Review_time":"3 years ago","Review":"The best neighborhood Starbucks I am convinced in Manhattan. All of the baristas are friendly, kind and knowledgeable. Grabbing a cup of coffee in the morning can sometimes be a dreaded event but this is a place I look forward to to in the mornings. This location should be an example of how other Starbucks should be run with a positive environment that also reflects in the customers. A few of my faves baristas include ; Aliyah, Tasha, Tae and Issac.","Likes":""},{"Name":"","Category":"","Rating":" 5 stars ","Number_of_Reviews":"","Address":"","Reviewer":"Madison Fraser","Reviewer_page":"https://www.google.com/maps/contrib/118126177699557385069/reviews?hl=en-US","Review_time":"7 months ago","Review":"Beautiful outdoor dining, employees are very nice","Likes":""},{"Name":"","Category":"","Rating":" 5 stars ","Number_of_Reviews":"","Address":"","Reviewer":"First Last (8r00kMan)","Reviewer_page":"https://www.google.com/maps/contrib/111967048587423716453/reviews?hl=en-US","Review_time":"a year ago","Review":"Nice outdoor seating area, bring your dog to check the birds out. Birds can be aggressive, I wouldn't feed them willingly.","Likes":"1"},{"Name":"","Category":"","Rating":" 4 stars ","Number_of_Reviews":"","Address":"","Reviewer":"Lori Peters","Reviewer_page":"https://www.google.com/maps/contrib/114546347917756383440/reviews?hl=en-US","Review_time":"8 years ago","Review":"I really like this Starbucks in my neighborhood.  It's great in the summer cause they have outside tables with umbrellas.  You can sit outside with your dog and give him some water.  I like getting an egg sandwich, which is only a few bucks and the Carmel Crunch Frapuccinos are addictive.  I'm giving it 4 stars instead of 5 because this one women got angry at me cause the cashier told her to remake my drink cause I said I wanted more syrup and it tasted different the other two times.  The cashier was super friendly though and told me that I would get more points if I charged my turkey sandwich separately from my drink.  I like that I can charge it from my phone.  I wish everyone would let us pay that way.  Wifi works inside and outside.  You can bring your Macbook and usually get a seat.","Likes":""},{"Name":"","Category":"","Rating":" 3 stars ","Number_of_Reviews":"","Address":"","Reviewer":"Erick E. Pereda","Reviewer_page":"https://www.google.com/maps/contrib/112829504066958364497/reviews?hl=en-US","Review_time":"2 years ago","Review":"The patio is a nice convenience, but it is dirty and not very welcoming. The rest is fairly standard for Starbucks","Likes":""},{"Name":"","Category":"","Rating":" 5 stars ","Number_of_Reviews":"","Address":"","Reviewer":"Ashley Lucas","Reviewer_page":"https://www.google.com/maps/contrib/117028856553452191205/reviews?hl=en-US","Review_time":"5 years ago","Review":"Just need to bring attention to how nice and friendly the staff is at this location. I know it can't be easy after a long day!  ;) Nice outdoor spot to sit during warm days too.","Likes":""},{"Name":"","Category":"","Rating":" 1 star ","Number_of_Reviews":"","Address":"","Reviewer":"Jayden chen","Reviewer_page":"https://www.google.com/maps/contrib/108947087526163440610/reviews?hl=en-US","Review_time":"6 months ago","Review":"so bad！ busy store without restroom","Likes":""},{"Name":"","Category":"","Rating":" 3 stars ","Number_of_Reviews":"","Address":"","Reviewer":"Juan Lopez","Reviewer_page":"https://www.google.com/maps/contrib/116505807205914879027/reviews?hl=en-US","Review_time":"5 years ago","Review":"For some reason the coffee on this Starbucks dos nlt taste as good as most other. Service is great anyways. I was in a hurry and cold not get it changed.","Likes":""},{"Name":"","Category":"","Rating":" 3 stars ","Number_of_Reviews":"","Address":"","Reviewer":"Jason Westerkon","Reviewer_page":"https://www.google.com/maps/contrib/114902354132602235032/reviews?hl=en-US","Review_time":"5 years ago","Review":"Absolutely no need for water for tea to be so scalding hot that it requires 2 cups, and a cardboard holder to be able to enjoy. Service was quick and reliable.","Likes":""},{"Name":"","Category":"","Rating":" 5 stars ","Number_of_Reviews":"","Address":"","Reviewer":"Vicki James","Reviewer_page":"https://www.google.com/maps/contrib/114367340802518355260/reviews?hl=en-US","Review_time":"a year ago","Review":"Great outdoor true patio seating. I should probably not post that. The place may become overrun.","Likes":""},{"Name":"","Category":"","Rating":" 5 stars ","Number_of_Reviews":"","Address":"","Reviewer":"Balal A","Reviewer_page":"https://www.google.com/maps/contrib/107272029731838038691/reviews?hl=en-US","Review_time":"2 years ago","Review":"Super courteous, wait was very little. They have outdoor seating! 5/5 definitely recommend","Likes":""},{"Name":"","Category":"","Rating":" 4 stars ","Number_of_Reviews":"","Address":"","Reviewer":"Julia Rose","Reviewer_page":"https://www.google.com/maps/contrib/114946579984159516231/reviews?hl=en-US","Review_time":"4 years ago","Review":"Your standard Starbucks. The staff is super friendly and nice to interact with. I never have to wait on a mobile order.","Likes":""},{"Name":"","Category":"","Rating":" 3 stars ","Number_of_Reviews":"","Address":"","Reviewer":"Thomas Reefer","Reviewer_page":"https://www.google.com/maps/contrib/107072211909328422013/reviews?hl=en-US","Review_time":"4 years ago","Review":"The music is getting too loud.  It is such a great staff.  Their teamwork is like a ballet. But the music...oy very!!!","Likes":""},{"Name":"","Category":"","Rating":" 4 stars ","Number_of_Reviews":"","Address":"","Reviewer":"David Damsky","Reviewer_page":"https://www.google.com/maps/contrib/108892194124745660075/reviews?hl=en-US","Review_time":"a year ago","Review":"Everyone here works too hard. Please give them more breaks and vacation days... And less mobile orders.","Likes":""},{"Name":"","Category":"","Rating":" 5 stars ","Number_of_Reviews":"","Address":"","Reviewer":"JC Martinez-Sifre","Reviewer_page":"https://www.google.com/maps/contrib/103131129437247029961/reviews?hl=en-US","Review_time":"4 years ago","Review":"The line was enormous, comprised mostly of girls from The Chapin School, but the staff of two handled the rush magnificently.","Likes":""},{"Name":"","Category":"","Rating":" 3 stars ","Number_of_Reviews":"","Address":"","Reviewer":"ArtWork Detroit","Reviewer_page":"https://www.google.com/maps/contrib/117366520371469626419/reviews?hl=en-US","Review_time":"7 months ago","Review":"Don't feel like a star, but cough up bucks","Likes":""},{"Name":"","Category":"","Rating":" 5 stars ","Number_of_Reviews":"","Address":"","Reviewer":"Sunny","Reviewer_page":"https://www.google.com/maps/contrib/110786518373913700049/reviews?hl=en-US","Review_time":"3 years ago","Review":"Great place to sit outside and enjoy your favorite coffee.. customer service is the best..","Likes":""},{"Name":"","Category":"","Rating":" 3 stars ","Number_of_Reviews":"","Address":"","Reviewer":"William Mallick","Reviewer_page":"https://www.google.com/maps/contrib/107602587818870934409/reviews?hl=en-US","Review_time":"5 years ago","Review":"It's a busy Starbucks. There are a couple independent places nearby with better service.  The outdoor patio is ok.","Likes":""},{"Name":"","Category":"","Rating":" 3 stars ","Number_of_Reviews":"","Address":"","Reviewer":"Jossette Sullivan","Reviewer_page":"https://www.google.com/maps/contrib/118334113389505053165/reviews?hl=en-US","Review_time":"6 years ago","Review":"The drinks are still good but they don't ask for your name which is what I always look forward too.","Likes":""},{"Name":"","Category":"","Rating":" 5 stars ","Number_of_Reviews":"","Address":"","Reviewer":"Kandice Levero","Reviewer_page":"https://www.google.com/maps/contrib/112026907434100055038/reviews?hl=en-US","Review_time":"5 years ago","Review":"Bunch of sweethearts working at this Starbucks.  That makes all the difference.  Whoever does the hiring here great job!","Likes":""},{"Name":"","Category":"","Rating":" 5 stars ","Number_of_Reviews":"","Address":"","Reviewer":"Dawn Weiss","Reviewer_page":"https://www.google.com/maps/contrib/110913706901038922148/reviews?hl=en-US","Review_time":"6 years ago","Review":"Loved my new barista friend JonnyBoy!  I'll visit anytime I'm on the east side.  Best flat whites in town!","Likes":""},{"Name":"","Category":"","Rating":" 3 stars ","Number_of_Reviews":"","Address":"","Reviewer":"Fritz Wendt","Reviewer_page":"https://www.google.com/maps/contrib/116487484548538459492/reviews?hl=en-US","Review_time":"5 years ago","Review":"It's a bit of a whole in the wall, so it doesn't have a lot of space. On the other hand, because it's smaller, it has the feel of an old neighborhood place ...","Likes":""},{"Name":"","Category":"","Rating":" 2 stars ","Number_of_Reviews":"","Address":"","Reviewer":"Missy Missy","Reviewer_page":"https://www.google.com/maps/contrib/107616819392669407777/reviews?hl=en-US","Review_time":"8 years ago","Review":"Never open on time!!!! Service is super slow, they are very unprofessional, a lot of swearing and gossip while taking care of customers!!! Needs a new crew ASAP, this makes me no longer want to be a starbucks customer!","Likes":""},{"Name":"","Category":"","Rating":" 4 stars ","Number_of_Reviews":"","Address":"","Reviewer":"Rasmus Pretorius","Reviewer_page":"https://www.google.com/maps/contrib/106535261489644906773/reviews?hl=en-US","Review_time":"4 years ago","Review":"Very busy places needs a little more seating and better back rests for the existing seating.","Likes":""},{"Name":"","Category":"","Rating":" 3 stars ","Number_of_Reviews":"","Address":"","Reviewer":"Laura C","Reviewer_page":"https://www.google.com/maps/contrib/113688948977411117856/reviews?hl=en-US","Review_time":"4 years ago","Review":"Mmm ... someone will eat this candу!(","Likes":""},{"Name":"","Category":"","Rating":" 5 stars ","Number_of_Reviews":"","Address":"","Reviewer":"scott mark brown","Reviewer_page":"https://www.google.com/maps/contrib/111524187673867473748/reviews?hl=en-US","Review_time":"7 months ago","Review":"Stellar Hospitality, Coffee Ehh.","Likes":""},{"Name":"","Category":"","Rating":" 5 stars ","Number_of_Reviews":"","Address":"","Reviewer":"Tobias Deml","Reviewer_page":"https://www.google.com/maps/contrib/107719071849788335112/reviews?hl=en-US","Review_time":"a year ago","Review":"Cute spot with great outdoor seating.","Likes":""},{"Name":"","Category":"","Rating":" 2 stars ","Number_of_Reviews":"","Address":"","Reviewer":"Oleg Kudymov","Reviewer_page":"https://www.google.com/maps/contrib/115151110803014703265/reviews?hl=en-US","Review_time":"6 years ago","Review":"Guys, I don't know, but somehow taste of coffee is horrible here. You can come and try. I don't know why.","Likes":""},{"Name":"","Category":"","Rating":" 5 stars ","Number_of_Reviews":"","Address":"","Reviewer":"Meshal Rivera","Reviewer_page":"https://www.google.com/maps/contrib/100490625387878913586/reviews?hl=en-US","Review_time":"5 years ago","Review":"Great staff. Great outdoor seating. Standard Starbucks magic","Likes":""},{"Name":"","Category":"","Rating":" 3 stars ","Number_of_Reviews":"","Address":"","Reviewer":"C K","Reviewer_page":"https://www.google.com/maps/contrib/110597131747302553887/reviews?hl=en-US","Review_time":"6 years ago","Review":"Service is spotty some times but overall not a bad Starbucks.","Likes":""},{"Name":"","Category":"","Rating":" 4 stars ","Number_of_Reviews":"","Address":"","Reviewer":"Dan Fun","Reviewer_page":"https://www.google.com/maps/contrib/105540745633417812184/reviews?hl=en-US","Review_time":"5 years ago","Review":"Very clean. Small, only a few tables. Nice place in the summer.","Likes":""},{"Name":"","Category":"","Rating":" 5 stars ","Number_of_Reviews":"","Address":"","Reviewer":"Denise W.","Reviewer_page":"https://www.google.com/maps/contrib/115999917671524411761/reviews?hl=en-US","Review_time":"3 years ago","Review":"What a pleasant surprise to have live music playing outside of this Starbucks.","Likes":""},{"Name":"","Category":"","Rating":" 4 stars ","Number_of_Reviews":"","Address":"","Reviewer":"Daniel Caffarel","Reviewer_page":"https://www.google.com/maps/contrib/108057378868390491623/reviews?hl=en-US","Review_time":"6 years ago","Review":"They run like a well oiled machine, most of the time.  Friendly staff and coffee just as you expect.","Likes":""},{"Name":"","Category":"","Rating":" 4 stars ","Number_of_Reviews":"","Address":"","Reviewer":"Renata Trancoso","Reviewer_page":"https://www.google.com/maps/contrib/100658635033328427689/reviews?hl=en-US","Review_time":"a year ago","Review":"Great service,  wasn't crowded","Likes":""},{"Name":"","Category":"","Rating":" 5 stars ","Number_of_Reviews":"","Address":"","Reviewer":"Benny Romero","Reviewer_page":"https://www.google.com/maps/contrib/104913268980290876289/reviews?hl=en-US","Review_time":"a year ago","Review":"Great service very friendly staff","Likes":""},{"Name":"","Category":"","Rating":" 4 stars ","Number_of_Reviews":"","Address":"","Reviewer":"Pam Cheung","Reviewer_page":"https://www.google.com/maps/contrib/101569280846238003486/reviews?hl=en-US","Review_time":"6 years ago","Review":"Very busy and slow location, but it's clean and counter is stocked","Likes":""},{"Name":"","Category":"","Rating":" 1 star ","Number_of_Reviews":"","Address":"","Reviewer":"Dennis Laverty","Reviewer_page":"https://www.google.com/maps/contrib/102161143099089578798/reviews?hl=en-US","Review_time":"3 years ago","Review":"Seen one, seen them all.  Same rude fat customers too ordering their fattening drinks.","Likes":""},{"Name":"","Category":"","Rating":" 5 stars ","Number_of_Reviews":"","Address":"","Reviewer":"Roy Grant","Reviewer_page":"https://www.google.com/maps/contrib/107707089744846703120/reviews?hl=en-US","Review_time":"4 years ago","Review":"This Starbucks on 85th and first has great outdoor seating.","Likes":""},{"Name":"","Category":"","Rating":" 5 stars ","Number_of_Reviews":"","Address":"","Reviewer":"xhavit krasniqi","Reviewer_page":"https://www.google.com/maps/contrib/107352079475778641937/reviews?hl=en-US","Review_time":"3 years ago","Review":"Great place and service, people working there are awesome!","Likes":""},{"Name":"","Category":"","Rating":" 5 stars ","Number_of_Reviews":"","Address":"","Reviewer":"Joseph Travis","Reviewer_page":"https://www.google.com/maps/contrib/114146138711658029185/reviews?hl=en-US","Review_time":"2 months ago","Review":"Nice partners","Likes":""},{"Name":"","Category":"","Rating":" 1 star ","Number_of_Reviews":"","Address":"","Reviewer":"felixmadgenki","Reviewer_page":"https://www.google.com/maps/contrib/113169496487943645058/reviews?hl=en-US","Review_time":"a year ago","Review":"Instead of latte it’s just regular coffee plus milk","Likes":""},{"Name":"","Category":"","Rating":" 4 stars ","Number_of_Reviews":"","Address":"","Reviewer":"Chad","Reviewer_page":"https://www.google.com/maps/contrib/100974410648270644136/reviews?hl=en-US","Review_time":"6 years ago","Review":"Nice outdoor seating to enjoy your coffee.","Likes":""},{"Name":"","Category":"","Rating":" 5 stars ","Number_of_Reviews":"","Address":"","Reviewer":"Sunny Angen","Reviewer_page":"https://www.google.com/maps/contrib/106727085590919334934/reviews?hl=en-US","Review_time":"4 years ago","Review":"Love going there.. The customer service is excellent..","Likes":""},{"Name":"","Category":"","Rating":" 4 stars ","Number_of_Reviews":"","Address":"","Reviewer":"Casey Diaz","Reviewer_page":"https://www.google.com/maps/contrib/112448623563466880750/reviews?hl=en-US","Review_time":"5 years ago","Review":"Medium sized Starbucks. Bathrooms are always clean","Likes":""},{"Name":"","Category":"","Rating":" 3 stars ","Number_of_Reviews":"","Address":"","Reviewer":"Telayne Keith","Reviewer_page":"https://www.google.com/maps/contrib/112825423407332749800/reviews?hl=en-US","Review_time":"4 years ago","Review":"Great service, but limited seating.","Likes":""},{"Name":"","Category":"","Rating":" 5 stars ","Number_of_Reviews":"","Address":"","Reviewer":"Drew A. Gutman","Reviewer_page":"https://www.google.com/maps/contrib/106742086446191231421/reviews?hl=en-US","Review_time":"4 years ago","Review":"It's a nice size with plenty of tables","Likes":""},{"Name":"","Category":"","Rating":" 4 stars ","Number_of_Reviews":"","Address":"","Reviewer":"Tanja Bleimehl","Reviewer_page":"https://www.google.com/maps/contrib/106167578718135245477/reviews?hl=en-US","Review_time":"3 years ago","Review":"Always a good choice","Likes":""},{"Name":"","Category":"","Rating":" 4 stars ","Number_of_Reviews":"","Address":"","Reviewer":"Jossette Sullivan","Reviewer_page":"https://www.google.com/maps/contrib/105341354735070059019/reviews?hl=en-US","Review_time":"4 years ago","Review":"Pretty good, I saw a mouse in there once","Likes":""},{"Name":"","Category":"","Rating":" 1 star ","Number_of_Reviews":"","Address":"","Reviewer":"Pat Emilie Polimeni","Reviewer_page":"https://www.google.com/maps/contrib/116057766169252791981/reviews?hl=en-US","Review_time":"4 years ago","Review":"Definitely had a rude young man behind the counter.","Likes":"2"},{"Name":"","Category":"","Rating":" 4 stars ","Number_of_Reviews":"","Address":"","Reviewer":"Christopher Teracino","Reviewer_page":"https://www.google.com/maps/contrib/112871115048640210059/reviews?hl=en-US","Review_time":"5 years ago","Review":"Nice outdoor terrace to sit and sip.","Likes":""},{"Name":"","Category":"","Rating":" 5 stars ","Number_of_Reviews":"","Address":"","Reviewer":"Sandra Kupprat","Reviewer_page":"https://www.google.com/maps/contrib/118072380219642362806/reviews?hl=en-US","Review_time":"3 years ago","Review":"Staff is always pleasant here.","Likes":""},{"Name":"","Category":"","Rating":" 1 star ","Number_of_Reviews":"","Address":"","Reviewer":"Myleen Seri","Reviewer_page":"https://www.google.com/maps/contrib/107227665258469560929/reviews?hl=en-US","Review_time":"4 years ago","Review":"Location didn't have my drink after I paid for it","Likes":""},{"Name":"","Category":"","Rating":" 5 stars ","Number_of_Reviews":"","Address":"","Reviewer":"Michael Martinez","Reviewer_page":"https://www.google.com/maps/contrib/102207436048058411904/reviews?hl=en-US","Review_time":"a year ago","Review":"Food is fresh and delicious","Likes":""},{"Name":"","Category":"","Rating":" 4 stars ","Number_of_Reviews":"","Address":"","Reviewer":"FATCATCEO5","Reviewer_page":"https://www.google.com/maps/contrib/105989809377199998220/reviews?hl=en-US","Review_time":"2 years ago","Review":"It's ok but $ priceless","Likes":""},{"Name":"","Category":"","Rating":" 1 star ","Number_of_Reviews":"","Address":"","Reviewer":"t k","Reviewer_page":"https://www.google.com/maps/contrib/107438059236544453405/reviews?hl=en-US","Review_time":"4 years ago","Review":"The guy behind the counter was quite rude and incompetent","Likes":"2"},{"Name":"","Category":"","Rating":" 5 stars ","Number_of_Reviews":"","Address":"","Reviewer":"carlos ovalle","Reviewer_page":"https://www.google.com/maps/contrib/111264618032165349585/reviews?hl=en-US","Review_time":"4 years ago","Review":"Good vibration we those 3 girls at the morning","Likes":""},{"Name":"","Category":"","Rating":" 5 stars ","Number_of_Reviews":"","Address":"","Reviewer":"Alisha Calhoun","Reviewer_page":"https://www.google.com/maps/contrib/115585694574925536876/reviews?hl=en-US","Review_time":"5 years ago","Review":"Great views, outdoor seating.","Likes":""},{"Name":"","Category":"","Rating":" 3 stars ","Number_of_Reviews":"","Address":"","Reviewer":"Anthony Zwolensky","Reviewer_page":"https://www.google.com/maps/contrib/110741830692935095347/reviews?hl=en-US","Review_time":"5 years ago","Review":"Smaller store. Ample seating.","Likes":""},{"Name":"","Category":"","Rating":" 3 stars ","Number_of_Reviews":"","Address":"","Reviewer":"GMB","Reviewer_page":"https://www.google.com/maps/contrib/104256166293560490379/reviews?hl=en-US","Review_time":"5 years ago","Review":"Typical Starbucks experience. Nothing special.","Likes":""},{"Name":"","Category":"","Rating":" 5 stars ","Number_of_Reviews":"","Address":"","Reviewer":"Eve Ebbole","Reviewer_page":"https://www.google.com/maps/contrib/104225463218875143254/reviews?hl=en-US","Review_time":"3 years ago","Review":"Staff is surprisingly cheery for New York...","Likes":""},{"Name":"","Category":"","Rating":" 3 stars ","Number_of_Reviews":"","Address":"","Reviewer":"Joel Anderson","Reviewer_page":"https://www.google.com/maps/contrib/108146847672204032194/reviews?hl=en-US","Review_time":"6 years ago","Review":"Long lines, overpriced like all Starbucks.","Likes":""},{"Name":"","Category":"","Rating":" 5 stars ","Number_of_Reviews":"","Address":"","Reviewer":"Ajani Adeyinka","Reviewer_page":"https://www.google.com/maps/contrib/101097637136357205520/reviews?hl=en-US","Review_time":"3 years ago","Review":"Great coffee always","Likes":""},{"Name":"","Category":"","Rating":" 3 stars ","Number_of_Reviews":"","Address":"","Reviewer":"Ziemowid Dobrowolski","Reviewer_page":"https://www.google.com/maps/contrib/117082714561804169283/reviews?hl=en-US","Review_time":"3 years ago","Review":"Too much sugar at juniper latte","Likes":""},{"Name":"","Category":"","Rating":" 5 stars ","Number_of_Reviews":"","Address":"","Reviewer":"Sarah Davis Tilley","Reviewer_page":"https://www.google.com/maps/contrib/105553174935239272301/reviews?hl=en-US","Review_time":"6 years ago","Review":"Plenty of outdoor seating!","Likes":""},{"Name":"","Category":"","Rating":" 5 stars ","Number_of_Reviews":"","Address":"","Reviewer":"Vincent Laucella","Reviewer_page":"https://www.google.com/maps/contrib/102906963145799949134/reviews?hl=en-US","Review_time":"3 years ago","Review":"Always professional and sanitary","Likes":""},{"Name":"","Category":"","Rating":" 4 stars ","Number_of_Reviews":"","Address":"","Reviewer":"Jennifer Louise Lopez","Reviewer_page":"https://www.google.com/maps/contrib/114935160648471366954/reviews?hl=en-US","Review_time":"5 years ago","Review":"It's the average NYC Starbucks","Likes":""},{"Name":"","Category":"","Rating":" 3 stars ","Number_of_Reviews":"","Address":"","Reviewer":"Michelle Levitt","Reviewer_page":"https://www.google.com/maps/contrib/110452703595942940627/reviews?hl=en-US","Review_time":"10 years ago","Review":"Great outdoor space.","Likes":""},{"Name":"","Category":"","Rating":" 5 stars ","Number_of_Reviews":"","Address":"","Reviewer":"Andrew Bieler","Reviewer_page":"https://www.google.com/maps/contrib/110551928082112273157/reviews?hl=en-US","Review_time":"5 years ago","Review":"Great friendly barristers","Likes":""},{"Name":"","Category":"","Rating":" 5 stars ","Number_of_Reviews":"","Address":"","Reviewer":"Aránzazu Ascunce","Reviewer_page":"https://www.google.com/maps/contrib/107519553965602129123/reviews?hl=en-US","Review_time":"4 years ago","Review":"Super friendly staff","Likes":""},{"Name":"","Category":"","Rating":" 5 stars ","Number_of_Reviews":"","Address":"","Reviewer":"Abdu The king","Reviewer_page":"https://www.google.com/maps/contrib/103851416008712571588/reviews?hl=en-US","Review_time":"6 years ago","Review":"I hope to work there","Likes":""},{"Name":"","Category":"","Rating":" 3 stars ","Number_of_Reviews":"","Address":"","Reviewer":"Laith-samael Haidar","Reviewer_page":"https://www.google.com/maps/contrib/103548638064058430982/reviews?hl=en-US","Review_time":"4 years ago","Review":"I like Starbucks where ever it is","Likes":""},{"Name":"","Category":"","Rating":" 5 stars ","Number_of_Reviews":"","Address":"","Reviewer":"Rodolfo Nunez","Reviewer_page":"https://www.google.com/maps/contrib/110433202498943909258/reviews?hl=en-US","Review_time":"5 years ago","Review":"The service was excellent","Likes":""},{"Name":"","Category":"","Rating":" 1 star ","Number_of_Reviews":"","Address":"","Reviewer":"Will Ni","Reviewer_page":"https://www.google.com/maps/contrib/102270076122085280933/reviews?hl=en-US","Review_time":"7 years ago","Review":"Extremely rude and slow","Likes":"2"},{"Name":"","Category":"","Rating":" 4 stars ","Number_of_Reviews":"","Address":"","Reviewer":"Vincent Notin","Reviewer_page":"https://www.google.com/maps/contrib/108895280617689648892/reviews?hl=en-US","Review_time":"6 years ago","Review":"nice outdoor space","Likes":""},{"Name":"","Category":"","Rating":" 5 stars ","Number_of_Reviews":"","Address":"","Reviewer":"Santos Ramos","Reviewer_page":"https://www.google.com/maps/contrib/111151921065889772301/reviews?hl=en-US","Review_time":"2 years ago","Review":"Exellent","Likes":""},{"Name":"","Category":"","Rating":" 5 stars ","Number_of_Reviews":"","Address":"","Reviewer":"enrique quezada","Reviewer_page":"https://www.google.com/maps/contrib/106354719356456763246/reviews?hl=en-US","Review_time":"3 years ago","Review":"Friendly people.  Like it","Likes":""},{"Name":"","Category":"","Rating":" 2 stars ","Number_of_Reviews":"","Address":"","Reviewer":"Nnur Funkenstein","Reviewer_page":"https://www.google.com/maps/contrib/114253280114594780872/reviews?hl=en-US","Review_time":"5 years ago","Review":"Unfriendly staff, slow","Likes":"2"},{"Name":"","Category":"","Rating":" 3 stars ","Number_of_Reviews":"","Address":"","Reviewer":"Muamer Dedovic","Reviewer_page":"https://www.google.com/maps/contrib/101796819546422266733/reviews?hl=en-US","Review_time":"2 years ago","Review":"Exceptional performance","Likes":""},{"Name":"","Category":"","Rating":" 4 stars ","Number_of_Reviews":"","Address":"","Reviewer":"M Donohue","Reviewer_page":"https://www.google.com/maps/contrib/109025243376574399534/reviews?hl=en-US","Review_time":"3 years ago","Review":"Always good","Likes":""},{"Name":"","Category":"","Rating":" 3 stars ","Number_of_Reviews":"","Address":"","Reviewer":"Johnny McAdams","Reviewer_page":"https://www.google.com/maps/contrib/101722922998328791826/reviews?hl=en-US","Review_time":"5 years ago","Review":"Great patios","Likes":""},{"Name":"","Category":"","Rating":" 5 stars ","Number_of_Reviews":"","Address":"","Reviewer":"Mario Farez","Reviewer_page":"https://www.google.com/maps/contrib/105477625290294753926/reviews?hl=en-US","Review_time":"6 years ago","Review":"13611 great place","Likes":""},{"Name":"","Category":"","Rating":" 5 stars ","Number_of_Reviews":"","Address":"","Reviewer":"Adam Bee","Reviewer_page":"https://www.google.com/maps/contrib/102405379793120822658/reviews?hl=en-US","Review_time":"3 years ago","Review":"Outside seating!","Likes":""},{"Name":"","Category":"","Rating":" 5 stars ","Number_of_Reviews":"","Address":"","Reviewer":"Cristian Arias","Reviewer_page":"https://www.google.com/maps/contrib/113261802162084212625/reviews?hl=en-US","Review_time":"5 years ago","Review":"Quick  service","Likes":""},{"Name":"","Category":"","Rating":" 3 stars ","Number_of_Reviews":"","Address":"","Reviewer":"Nick Morgan","Reviewer_page":"https://www.google.com/maps/contrib/109379614713283089311/reviews?hl=en-US","Review_time":"3 years ago","Review":"Typical Starbucks","Likes":""},{"Name":"","Category":"","Rating":" 5 stars ","Number_of_Reviews":"","Address":"","Reviewer":"J G","Reviewer_page":"https://www.google.com/maps/contrib/115104203101869796360/reviews?hl=en-US","Review_time":"4 years ago","Review":"service","Likes":""},{"Name":"","Category":"","Rating":" 5 stars ","Number_of_Reviews":"","Address":"","Reviewer":"Erick Candelero","Reviewer_page":"https://www.google.com/maps/contrib/106733904056769532868/reviews?hl=en-US","Review_time":"5 years ago","Review":"Fast service","Likes":""},{"Name":"","Category":"","Rating":" 5 stars ","Number_of_Reviews":"","Address":"","Reviewer":"SETH MARTINS","Reviewer_page":"https://www.google.com/maps/contrib/103874599232370169800/reviews?hl=en-US","Review_time":"3 years ago","Review":"Little Neck on point","Likes":""},{"Name":"","Category":"","Rating":" 5 stars ","Number_of_Reviews":"","Address":"","Reviewer":"salim chowdhury","Reviewer_page":"https://www.google.com/maps/contrib/115047385882716493375/reviews?hl=en-US","Review_time":"5 years ago","Review":"Only coffee","Likes":""},{"Name":"","Category":"","Rating":" 4 stars ","Number_of_Reviews":"","Address":"","Reviewer":"Greg Corbanese","Reviewer_page":"https://www.google.com/maps/contrib/115506550755029041997/reviews?hl=en-US","Review_time":"4 years ago","Review":"It Is what it is","Likes":"2"},{"Name":"","Category":"","Rating":" 2 stars ","Number_of_Reviews":"","Address":"","Reviewer":"Monir Hoque","Reviewer_page":"https://www.google.com/maps/contrib/108192285490211810723/reviews?hl=en-US","Review_time":"3 years ago","Review":"Coffee going down","Likes":""},{"Name":"","Category":"","Rating":" 5 stars ","Number_of_Reviews":"","Address":"","Reviewer":"Susiane Carvalho","Reviewer_page":"https://www.google.com/maps/contrib/106913301970074012629/reviews?hl=en-US","Review_time":"5 years ago","Review":"Good place.","Likes":""},{"Name":"","Category":"","Rating":" 5 stars ","Number_of_Reviews":"","Address":"","Reviewer":"aliihsan ozten","Reviewer_page":"https://www.google.com/maps/contrib/102663430284537718951/reviews?hl=en-US","Review_time":"2 years ago","Review":"Nice place","Likes":""},{"Name":"","Category":"","Rating":" 3 stars ","Number_of_Reviews":"","Address":"","Reviewer":"Mike Reid","Reviewer_page":"https://www.google.com/maps/contrib/108798047527388881373/reviews?hl=en-US","Review_time":"6 years ago","Review":"Iced coffee","Likes":""},{"Name":"","Category":"","Rating":" 5 stars ","Number_of_Reviews":"","Address":"","Reviewer":"Jim Leung","Reviewer_page":"https://www.google.com/maps/contrib/106786336124356015454/reviews?hl=en-US","Review_time":"3 years ago","Review":"Redeem foods","Likes":"1"},{"Name":"","Category":"","Rating":" 5 stars ","Number_of_Reviews":"","Address":"","Reviewer":"עפר וינקלר","Reviewer_page":"https://www.google.com/maps/contrib/114290005486084885640/reviews?hl=en-US","Review_time":"a year ago","Review":"(Translated by Google) The American coffee is not something. At Starbucks he is something something. It was the first place we went every morning\n\n(Original)\nהקפה האמריקאי לא משהו. בסטארבקס הוא משהו משהו. זה היה המקום הראשון שהלכנו אליו כל בוקר","Likes":""},{"Name":"","Category":"","Rating":" 5 stars ","Number_of_Reviews":"","Address":"","Reviewer":"LacortFor you","Reviewer_page":"https://www.google.com/maps/contrib/109599447892924331009/reviews?hl=en-US","Review_time":"4 years ago","Review":"(Translated by Google) expensive coffee\n\n(Original)\nCafé caro","Likes":""},{"Name":"","Category":"","Rating":" 5 stars ","Number_of_Reviews":"","Address":"","Reviewer":"Vania Costa","Reviewer_page":"https://www.google.com/maps/contrib/110342604571714401558/reviews?hl=en-US","Review_time":"2 years ago","Review":"(Translated by Google) Excellent!!\n\n(Original)\nOtimo!!","Likes":""},{"Name":"","Category":"","Rating":" 4 stars ","Number_of_Reviews":"","Address":"","Reviewer":"דניאלה דן","Reviewer_page":"https://www.google.com/maps/contrib/104899010890076471774/reviews?hl=en-US","Review_time":"5 years ago","Review":"","Likes":""},{"Name":"","Category":"","Rating":" 5 stars ","Number_of_Reviews":"","Address":"","Reviewer":"andrea calderone","Reviewer_page":"https://www.google.com/maps/contrib/107091901949895579078/reviews?hl=en-US","Review_time":"3 years ago","Review":"(Translated by Google) the best cafes in New York\n\n(Original)\nle migliori caffetteria di New York","Likes":""},{"Name":"","Category":"","Rating":" 3 stars ","Number_of_Reviews":"","Address":"","Reviewer":"Harry Petrebvjb","Reviewer_page":"https://www.google.com/maps/contrib/115880131871575502660/reviews?hl=en-US","Review_time":"a month ago","Review":"","Likes":""},{"Name":"","Category":"","Rating":" 4 stars ","Number_of_Reviews":"","Address":"","Reviewer":"Josefa Sosa","Reviewer_page":"https://www.google.com/maps/contrib/112481526222277293699/reviews?hl=en-US","Review_time":"7 months ago","Review":"","Likes":""},{"Name":"","Category":"","Rating":" 2 stars ","Number_of_Reviews":"","Address":"","Reviewer":"George Estevez","Reviewer_page":"https://www.google.com/maps/contrib/112129142975866075292/reviews?hl=en-US","Review_time":"7 months ago","Review":"","Likes":""},{"Name":"","Category":"","Rating":" 5 stars ","Number_of_Reviews":"","Address":"","Reviewer":"Amaury Baez","Reviewer_page":"https://www.google.com/maps/contrib/105696574692512790309/reviews?hl=en-US","Review_time":"9 months ago","Review":"","Likes":""},{"Name":"","Category":"","Rating":" 5 stars ","Number_of_Reviews":"","Address":"","Reviewer":"P L H","Reviewer_page":"https://www.google.com/maps/contrib/106632070275164480115/reviews?hl=en-US","Review_time":"10 months ago","Review":"","Likes":""},{"Name":"","Category":"","Rating":" 4 stars ","Number_of_Reviews":"","Address":"","Reviewer":"Avie S.","Reviewer_page":"https://www.google.com/maps/contrib/111060054422791728846/reviews?hl=en-US","Review_time":"a year ago","Review":"","Likes":"1"},{"Name":"","Category":"","Rating":" 5 stars ","Number_of_Reviews":"","Address":"","Reviewer":"joseph bressingham","Reviewer_page":"https://www.google.com/maps/contrib/116542290125367948266/reviews?hl=en-US","Review_time":"a year ago","Review":"","Likes":""},{"Name":"","Category":"","Rating":" 5 stars ","Number_of_Reviews":"","Address":"","Reviewer":"Gus Taylor","Reviewer_page":"https://www.google.com/maps/contrib/107584890147283928025/reviews?hl=en-US","Review_time":"3 years ago","Review":"","Likes":""},{"Name":"","Category":"","Rating":" 5 stars ","Number_of_Reviews":"","Address":"","Reviewer":"Bruce Freilicher","Reviewer_page":"https://www.google.com/maps/contrib/103172541241398082994/reviews?hl=en-US","Review_time":"a year ago","Review":"","Likes":""},{"Name":"","Category":"","Rating":" 2 stars ","Number_of_Reviews":"","Address":"","Reviewer":"DivaLova","Reviewer_page":"https://www.google.com/maps/contrib/112710023644209429901/reviews?hl=en-US","Review_time":"5 years ago","Review":"","Likes":""},{"Name":"","Category":"","Rating":" 4 stars ","Number_of_Reviews":"","Address":"","Reviewer":"S David Moche","Reviewer_page":"https://www.google.com/maps/contrib/117997892442682316226/reviews?hl=en-US","Review_time":"3 years ago","Review":"","Likes":""},{"Name":"","Category":"","Rating":" 5 stars ","Number_of_Reviews":"","Address":"","Reviewer":"Avi Golden","Reviewer_page":"https://www.google.com/maps/contrib/100019155084693266669/reviews?hl=en-US","Review_time":"3 years ago","Review":"","Likes":""},{"Name":"","Category":"","Rating":" 5 stars ","Number_of_Reviews":"","Address":"","Reviewer":"Harry Martinez","Reviewer_page":"https://www.google.com/maps/contrib/118372465227015771736/reviews?hl=en-US","Review_time":"3 years ago","Review":"","Likes":""},{"Name":"","Category":"","Rating":" 4 stars ","Number_of_Reviews":"","Address":"","Reviewer":"Technically Anoob","Reviewer_page":"https://www.google.com/maps/contrib/100057431908774494848/reviews?hl=en-US","Review_time":"4 years ago","Review":"","Likes":""},{"Name":"","Category":"","Rating":" 5 stars ","Number_of_Reviews":"","Address":"","Reviewer":"Victor Clemente","Reviewer_page":"https://www.google.com/maps/contrib/114673819143590712963/reviews?hl=en-US","Review_time":"4 years ago","Review":"","Likes":""},{"Name":"","Category":"","Rating":" 5 stars ","Number_of_Reviews":"","Address":"","Reviewer":"Eduardo Weinstein","Reviewer_page":"https://www.google.com/maps/contrib/102692093921948380819/reviews?hl=en-US","Review_time":"4 years ago","Review":"","Likes":""},{"Name":"","Category":"","Rating":" 5 stars ","Number_of_Reviews":"","Address":"","Reviewer":"Masatake Suzuki","Reviewer_page":"https://www.google.com/maps/contrib/118012291702334680087/reviews?hl=en-US","Review_time":"a year ago","Review":"","Likes":""},{"Name":"","Category":"","Rating":" 3 stars ","Number_of_Reviews":"","Address":"","Reviewer":"Estefany Mya LEE Ortiz","Reviewer_page":"https://www.google.com/maps/contrib/108280608565657535046/reviews?hl=en-US","Review_time":"4 years ago","Review":"","Likes":""},{"Name":"","Category":"","Rating":" 5 stars ","Number_of_Reviews":"","Address":"","Reviewer":"Rasul Kouliev","Reviewer_page":"https://www.google.com/maps/contrib/115824750396353931165/reviews?hl=en-US","Review_time":"a year ago","Review":"","Likes":""},{"Name":"","Category":"","Rating":" 4 stars ","Number_of_Reviews":"","Address":"","Reviewer":"Shéena Jeszelle G.","Reviewer_page":"https://www.google.com/maps/contrib/107355074380828526142/reviews?hl=en-US","Review_time":"11 months ago","Review":"","Likes":""},{"Name":"","Category":"","Rating":" 5 stars ","Number_of_Reviews":"","Address":"","Reviewer":"Walter Johnson","Reviewer_page":"https://www.google.com/maps/contrib/100384629510987085246/reviews?hl=en-US","Review_time":"5 months ago","Review":"","Likes":""},{"Name":"","Category":"","Rating":" 4 stars ","Number_of_Reviews":"","Address":"","Reviewer":"Natalie V","Reviewer_page":"https://www.google.com/maps/contrib/105265466961508508039/reviews?hl=en-US","Review_time":"5 years ago","Review":"","Likes":""},{"Name":"","Category":"","Rating":" 4 stars ","Number_of_Reviews":"","Address":"","Reviewer":"Heaven Spa","Reviewer_page":"https://www.google.com/maps/contrib/107624645515392059119/reviews?hl=en-US","Review_time":"2 years ago","Review":"","Likes":""},{"Name":"","Category":"","Rating":" 5 stars ","Number_of_Reviews":"","Address":"","Reviewer":"Stephen Kostyo","Reviewer_page":"https://www.google.com/maps/contrib/106208394454064478352/reviews?hl=en-US","Review_time":"2 years ago","Review":"","Likes":""},{"Name":"","Category":"","Rating":" 5 stars ","Number_of_Reviews":"","Address":"","Reviewer":"Dj Rick Black","Reviewer_page":"https://www.google.com/maps/contrib/100756149782020231110/reviews?hl=en-US","Review_time":"2 years ago","Review":"","Likes":""},{"Name":"","Category":"","Rating":" 5 stars ","Number_of_Reviews":"","Address":"","Reviewer":"Matthew Baksh","Reviewer_page":"https://www.google.com/maps/contrib/111795132129336824245/reviews?hl=en-US","Review_time":"8 months ago","Review":"","Likes":""},{"Name":"","Category":"","Rating":" 5 stars ","Number_of_Reviews":"","Address":"","Reviewer":"Matthew Kelly","Reviewer_page":"https://www.google.com/maps/contrib/101292605460471835250/reviews?hl=en-US","Review_time":"4 years ago","Review":"","Likes":""},{"Name":"","Category":"","Rating":" 5 stars ","Number_of_Reviews":"","Address":"","Reviewer":"Miles","Reviewer_page":"https://www.google.com/maps/contrib/104636769286116043143/reviews?hl=en-US","Review_time":"4 years ago","Review":"","Likes":""},{"Name":"","Category":"","Rating":" 3 stars ","Number_of_Reviews":"","Address":"","Reviewer":"ahmed ali","Reviewer_page":"https://www.google.com/maps/contrib/102815874759282843460/reviews?hl=en-US","Review_time":"5 years ago","Review":"","Likes":""},{"Name":"","Category":"","Rating":" 3 stars ","Number_of_Reviews":"","Address":"","Reviewer":"Michael Barrios","Reviewer_page":"https://www.google.com/maps/contrib/110856234034176311955/reviews?hl=en-US","Review_time":"3 years ago","Review":"","Likes":""},{"Name":"","Category":"","Rating":" 5 stars ","Number_of_Reviews":"","Address":"","Reviewer":"Delia Tarlea","Reviewer_page":"https://www.google.com/maps/contrib/118239567591664332948/reviews?hl=en-US","Review_time":"3 years ago","Review":"","Likes":""},{"Name":"","Category":"","Rating":" 3 stars ","Number_of_Reviews":"","Address":"","Reviewer":"Laszlo Varga","Reviewer_page":"https://www.google.com/maps/contrib/118235277430475715703/reviews?hl=en-US","Review_time":"5 years ago","Review":"","Likes":""},{"Name":"","Category":"","Rating":" 5 stars ","Number_of_Reviews":"","Address":"","Reviewer":"tarquinfurie","Reviewer_page":"https://www.google.com/maps/contrib/116822228907195157394/reviews?hl=en-US","Review_time":"a year ago","Review":"","Likes":""},{"Name":"","Category":"","Rating":" 5 stars ","Number_of_Reviews":"","Address":"","Reviewer":"Aliou Sissoko","Reviewer_page":"https://www.google.com/maps/contrib/102686408242041554433/reviews?hl=en-US","Review_time":"4 years ago","Review":"","Likes":""},{"Name":"","Category":"","Rating":" 3 stars ","Number_of_Reviews":"","Address":"","Reviewer":"Jenn","Reviewer_page":"https://www.google.com/maps/contrib/112003706943162300800/reviews?hl=en-US","Review_time":"3 years ago","Review":"","Likes":""},{"Name":"","Category":"","Rating":" 4 stars ","Number_of_Reviews":"","Address":"","Reviewer":"Jose Espinoza","Reviewer_page":"https://www.google.com/maps/contrib/105399606763608761008/reviews?hl=en-US","Review_time":"3 years ago","Review":"","Likes":""},{"Name":"","Category":"","Rating":" 5 stars ","Number_of_Reviews":"","Address":"","Reviewer":"Angie Aspillaga","Reviewer_page":"https://www.google.com/maps/contrib/101638818797009243219/reviews?hl=en-US","Review_time":"3 years ago","Review":"","Likes":""},{"Name":"","Category":"","Rating":" 5 stars ","Number_of_Reviews":"","Address":"","Reviewer":"Nick Minervino","Reviewer_page":"https://www.google.com/maps/contrib/106155320830142452598/reviews?hl=en-US","Review_time":"a year ago","Review":"","Likes":""},{"Name":"","Category":"","Rating":" 5 stars ","Number_of_Reviews":"","Address":"","Reviewer":"Adam Keene","Reviewer_page":"https://www.google.com/maps/contrib/110666436208641171194/reviews?hl=en-US","Review_time":"4 years ago","Review":"","Likes":""},{"Name":"","Category":"","Rating":" 5 stars ","Number_of_Reviews":"","Address":"","Reviewer":"Rosi Salas","Reviewer_page":"https://www.google.com/maps/contrib/105477240540536041734/reviews?hl=en-US","Review_time":"4 years ago","Review":"","Likes":""},{"Name":"","Category":"","Rating":" 4 stars ","Number_of_Reviews":"","Address":"","Reviewer":"Charles Smith","Reviewer_page":"https://www.google.com/maps/contrib/109043136544678200383/reviews?hl=en-US","Review_time":"4 years ago","Review":"","Likes":""},{"Name":"","Category":"","Rating":" 5 stars ","Number_of_Reviews":"","Address":"","Reviewer":"Bea C.","Reviewer_page":"https://www.google.com/maps/contrib/114286097253029350887/reviews?hl=en-US","Review_time":"2 years ago","Review":"","Likes":""},{"Name":"","Category":"","Rating":" 5 stars ","Number_of_Reviews":"","Address":"","Reviewer":"Gina Purev","Reviewer_page":"https://www.google.com/maps/contrib/106427829211480380088/reviews?hl=en-US","Review_time":"7 months ago","Review":"","Likes":""},{"Name":"","Category":"","Rating":" 5 stars ","Number_of_Reviews":"","Address":"","Reviewer":"Greg Baumann","Reviewer_page":"https://www.google.com/maps/contrib/102059784498288364529/reviews?hl=en-US","Review_time":"5 months ago","Review":"","Likes":""},{"Name":"","Category":"","Rating":" 5 stars ","Number_of_Reviews":"","Address":"","Reviewer":"Kafi Herbert","Reviewer_page":"https://www.google.com/maps/contrib/113593042335863408522/reviews?hl=en-US","Review_time":"4 years ago","Review":"","Likes":""},{"Name":"","Category":"","Rating":" 5 stars ","Number_of_Reviews":"","Address":"","Reviewer":"Juan j Solorzano","Reviewer_page":"https://www.google.com/maps/contrib/106741936495700935578/reviews?hl=en-US","Review_time":"4 years ago","Review":"","Likes":""},{"Name":"","Category":"","Rating":" 5 stars ","Number_of_Reviews":"","Address":"","Reviewer":"Bella'sartof hair","Reviewer_page":"https://www.google.com/maps/contrib/112437016181451201580/reviews?hl=en-US","Review_time":"4 years ago","Review":"","Likes":""},{"Name":"","Category":"","Rating":" 5 stars ","Number_of_Reviews":"","Address":"","Reviewer":"Dantai Vilairoj","Reviewer_page":"https://www.google.com/maps/contrib/108097486457243271349/reviews?hl=en-US","Review_time":"2 years ago","Review":"","Likes":""},{"Name":"","Category":"","Rating":" 5 stars ","Number_of_Reviews":"","Address":"","Reviewer":"P R","Reviewer_page":"https://www.google.com/maps/contrib/117963073366014309653/reviews?hl=en-US","Review_time":"2 years ago","Review":"","Likes":""},{"Name":"","Category":"","Rating":" 3 stars ","Number_of_Reviews":"","Address":"","Reviewer":"predrag vucevski","Reviewer_page":"https://www.google.com/maps/contrib/111806031204479623390/reviews?hl=en-US","Review_time":"2 years ago","Review":"","Likes":""},{"Name":"","Category":"","Rating":" 5 stars ","Number_of_Reviews":"","Address":"","Reviewer":"Ryan C. Zerfas","Reviewer_page":"https://www.google.com/maps/contrib/101590162086199653096/reviews?hl=en-US","Review_time":"3 years ago","Review":"","Likes":""},{"Name":"","Category":"","Rating":" 5 stars ","Number_of_Reviews":"","Address":"","Reviewer":"Chad Ross","Reviewer_page":"https://www.google.com/maps/contrib/112761460014056506933/reviews?hl=en-US","Review_time":"2 years ago","Review":"","Likes":""},{"Name":"","Category":"","Rating":" 3 stars ","Number_of_Reviews":"","Address":"","Reviewer":"Ramon Morel","Reviewer_page":"https://www.google.com/maps/contrib/109385866029875699844/reviews?hl=en-US","Review_time":"4 years ago","Review":"","Likes":""},{"Name":"","Category":"","Rating":" 5 stars ","Number_of_Reviews":"","Address":"","Reviewer":"Noah Snavely","Reviewer_page":"https://www.google.com/maps/contrib/116632334637894969561/reviews?hl=en-US","Review_time":"5 years ago","Review":"","Likes":""},{"Name":"","Category":"","Rating":" 5 stars ","Number_of_Reviews":"","Address":"","Reviewer":"Marcus Renton","Reviewer_page":"https://www.google.com/maps/contrib/112684186476554793797/reviews?hl=en-US","Review_time":"9 months ago","Review":"","Likes":""},{"Name":"","Category":"","Rating":" 5 stars ","Number_of_Reviews":"","Address":"","Reviewer":"Helen Pincus","Reviewer_page":"https://www.google.com/maps/contrib/100569398590613182742/reviews?hl=en-US","Review_time":"3 years ago","Review":"","Likes":""},{"Name":"","Category":"","Rating":" 5 stars ","Number_of_Reviews":"","Address":"","Reviewer":"Urvi Kapoor","Reviewer_page":"https://www.google.com/maps/contrib/117997186319974641166/reviews?hl=en-US","Review_time":"5 years ago","Review":"","Likes":""},{"Name":"","Category":"","Rating":" 2 stars ","Number_of_Reviews":"","Address":"","Reviewer":"Jimmy Conway","Reviewer_page":"https://www.google.com/maps/contrib/101375114813941781376/reviews?hl=en-US","Review_time":"2 years ago","Review":"","Likes":""},{"Name":"","Category":"","Rating":" 5 stars ","Number_of_Reviews":"","Address":"","Reviewer":"Luis Munoz","Reviewer_page":"https://www.google.com/maps/contrib/117864918367123992302/reviews?hl=en-US","Review_time":"a year ago","Review":"","Likes":""},{"Name":"","Category":"","Rating":" 4 stars ","Number_of_Reviews":"","Address":"","Reviewer":"Hakan Topuzyan","Reviewer_page":"https://www.google.com/maps/contrib/117082552164859110973/reviews?hl=en-US","Review_time":"3 years ago","Review":"","Likes":""},{"Name":"","Category":"","Rating":" 2 stars ","Number_of_Reviews":"","Address":"","Reviewer":"Eric Truong","Reviewer_page":"https://www.google.com/maps/contrib/103257419654930408438/reviews?hl=en-US","Review_time":"4 years ago","Review":"","Likes":""},{"Name":"","Category":"","Rating":" 5 stars ","Number_of_Reviews":"","Address":"","Reviewer":"Isabella Rafanelli-Gonzalez","Reviewer_page":"https://www.google.com/maps/contrib/114615576817609031245/reviews?hl=en-US","Review_time":"3 years ago","Review":"","Likes":""},{"Name":"","Category":"","Rating":" 5 stars ","Number_of_Reviews":"","Address":"","Reviewer":"Sarah Carranza","Reviewer_page":"https://www.google.com/maps/contrib/117274852031987525462/reviews?hl=en-US","Review_time":"2 years ago","Review":"","Likes":""},{"Name":"","Category":"","Rating":" 5 stars ","Number_of_Reviews":"","Address":"","Reviewer":"Mandy","Reviewer_page":"https://www.google.com/maps/contrib/110212707819057385923/reviews?hl=en-US","Review_time":"11 months ago","Review":"","Likes":""},{"Name":"","Category":"","Rating":" 5 stars ","Number_of_Reviews":"","Address":"","Reviewer":"calvin davis","Reviewer_page":"https://www.google.com/maps/contrib/118009650078960318999/reviews?hl=en-US","Review_time":"2 years ago","Review":"","Likes":""},{"Name":"","Category":"","Rating":" 5 stars ","Number_of_Reviews":"","Address":"","Reviewer":"A Henry","Reviewer_page":"https://www.google.com/maps/contrib/115285781948212208644/reviews?hl=en-US","Review_time":"2 years ago","Review":"","Likes":""},{"Name":"","Category":"","Rating":" 5 stars ","Number_of_Reviews":"","Address":"","Reviewer":"Tara Moseder","Reviewer_page":"https://www.google.com/maps/contrib/112934564775290918479/reviews?hl=en-US","Review_time":"4 years ago","Review":"","Likes":""},{"Name":"","Category":"","Rating":" 5 stars ","Number_of_Reviews":"","Address":"","Reviewer":"Claude Hopkins","Reviewer_page":"https://www.google.com/maps/contrib/105718175885447164864/reviews?hl=en-US","Review_time":"4 years ago","Review":"","Likes":""},{"Name":"","Category":"","Rating":" 3 stars ","Number_of_Reviews":"","Address":"","Reviewer":"Dameon G","Reviewer_page":"https://www.google.com/maps/contrib/104363052610945521708/reviews?hl=en-US","Review_time":"2 years ago","Review":"","Likes":""},{"Name":"","Category":"","Rating":" 4 stars ","Number_of_Reviews":"","Address":"","Reviewer":"Holmz Law","Reviewer_page":"https://www.google.com/maps/contrib/114845771827513928135/reviews?hl=en-US","Review_time":"2 years ago","Review":"","Likes":""},{"Name":"","Category":"","Rating":" 5 stars ","Number_of_Reviews":"","Address":"","Reviewer":"Victoria","Reviewer_page":"https://www.google.com/maps/contrib/113141756329753010397/reviews?hl=en-US","Review_time":"4 years ago","Review":"","Likes":""},{"Name":"","Category":"","Rating":" 2 stars ","Number_of_Reviews":"","Address":"","Reviewer":"Kelsey Romano","Reviewer_page":"https://www.google.com/maps/contrib/104873865459460996679/reviews?hl=en-US","Review_time":"2 years ago","Review":"","Likes":""},{"Name":"","Category":"","Rating":" 4 stars ","Number_of_Reviews":"","Address":"","Reviewer":"Clarice Johnson","Reviewer_page":"https://www.google.com/maps/contrib/108469633944612688682/reviews?hl=en-US","Review_time":"10 months ago","Review":"","Likes":""},{"Name":"","Category":"","Rating":" 4 stars ","Number_of_Reviews":"","Address":"","Reviewer":"margarita soto","Reviewer_page":"https://www.google.com/maps/contrib/116551474757169646983/reviews?hl=en-US","Review_time":"3 years ago","Review":"","Likes":""},{"Name":"","Category":"","Rating":" 4 stars ","Number_of_Reviews":"","Address":"","Reviewer":"SuperWittleGuy","Reviewer_page":"https://www.google.com/maps/contrib/115991066727792411266/reviews?hl=en-US","Review_time":"5 years ago","Review":"","Likes":""},{"Name":"","Category":"","Rating":" 5 stars ","Number_of_Reviews":"","Address":"","Reviewer":"Tahir Mujic","Reviewer_page":"https://www.google.com/maps/contrib/107302689514442574239/reviews?hl=en-US","Review_time":"2 years ago","Review":"","Likes":""},{"Name":"","Category":"","Rating":" 3 stars ","Number_of_Reviews":"","Address":"","Reviewer":"Kasper Kuus","Reviewer_page":"https://www.google.com/maps/contrib/112224919569093817822/reviews?hl=en-US","Review_time":"3 years ago","Review":"","Likes":""},{"Name":"","Category":"","Rating":" 5 stars ","Number_of_Reviews":"","Address":"","Reviewer":"Taras Ku","Reviewer_page":"https://www.google.com/maps/contrib/100027233263094554307/reviews?hl=en-US","Review_time":"5 years ago","Review":"","Likes":""},{"Name":"","Category":"","Rating":" 5 stars ","Number_of_Reviews":"","Address":"","Reviewer":"Galina Yonova","Reviewer_page":"https://www.google.com/maps/contrib/100414146298325623254/reviews?hl=en-US","Review_time":"3 years ago","Review":"","Likes":""},{"Name":"","Category":"","Rating":" 3 stars ","Number_of_Reviews":"","Address":"","Reviewer":"sean bonanni","Reviewer_page":"https://www.google.com/maps/contrib/105259249999846017673/reviews?hl=en-US","Review_time":"a year ago","Review":"","Likes":""},{"Name":"","Category":"","Rating":" 5 stars ","Number_of_Reviews":"","Address":"","Reviewer":"James Zobian","Reviewer_page":"https://www.google.com/maps/contrib/111431007321476653721/reviews?hl=en-US","Review_time":"6 months ago","Review":"","Likes":""},{"Name":"","Category":"","Rating":" 5 stars ","Number_of_Reviews":"","Address":"","Reviewer":"TJ Lesser","Reviewer_page":"https://www.google.com/maps/contrib/116244599114726095482/reviews?hl=en-US","Review_time":"3 years ago","Review":"","Likes":""},{"Name":"","Category":"","Rating":" 5 stars ","Number_of_Reviews":"","Address":"","Reviewer":"Rafael Bustamante","Reviewer_page":"https://www.google.com/maps/contrib/114440557426811636864/reviews?hl=en-US","Review_time":"2 years ago","Review":"","Likes":""},{"Name":"","Category":"","Rating":" 5 stars ","Number_of_Reviews":"","Address":"","Reviewer":"Martin","Reviewer_page":"https://www.google.com/maps/contrib/104911088475624332333/reviews?hl=en-US","Review_time":"6 years ago","Review":"","Likes":""},{"Name":"","Category":"","Rating":" 5 stars ","Number_of_Reviews":"","Address":"","Reviewer":"Arielle Atias","Reviewer_page":"https://www.google.com/maps/contrib/111635837643431060593/reviews?hl=en-US","Review_time":"2 years ago","Review":"","Likes":""},{"Name":"","Category":"","Rating":" 5 stars ","Number_of_Reviews":"","Address":"","Reviewer":"Kimberlyn Edwards","Reviewer_page":"https://www.google.com/maps/contrib/113008101722529058881/reviews?hl=en-US","Review_time":"11 months ago","Review":"","Likes":""},{"Name":"","Category":"","Rating":" 5 stars ","Number_of_Reviews":"","Address":"","Reviewer":"Adriano Di Filippo","Reviewer_page":"https://www.google.com/maps/contrib/116494639431592242213/reviews?hl=en-US","Review_time":"2 years ago","Review":"","Likes":""},{"Name":"","Category":"","Rating":" 5 stars ","Number_of_Reviews":"","Address":"","Reviewer":"Michal Wit","Reviewer_page":"https://www.google.com/maps/contrib/116313553922593042108/reviews?hl=en-US","Review_time":"4 years ago","Review":"","Likes":""},{"Name":"","Category":"","Rating":" 4 stars ","Number_of_Reviews":"","Address":"","Reviewer":"Jennifer Beecham","Reviewer_page":"https://www.google.com/maps/contrib/101753296250259747952/reviews?hl=en-US","Review_time":"5 years ago","Review":"","Likes":""},{"Name":"","Category":"","Rating":" 4 stars ","Number_of_Reviews":"","Address":"","Reviewer":"Efi Rodik","Reviewer_page":"https://www.google.com/maps/contrib/116242183970291146366/reviews?hl=en-US","Review_time":"4 years ago","Review":"","Likes":""},{"Name":"","Category":"","Rating":" 4 stars ","Number_of_Reviews":"","Address":"","Reviewer":"E Lam","Reviewer_page":"https://www.google.com/maps/contrib/115810060308415426640/reviews?hl=en-US","Review_time":"5 years ago","Review":"","Likes":""},{"Name":"","Category":"","Rating":" 5 stars ","Number_of_Reviews":"","Address":"","Reviewer":"Obid","Reviewer_page":"https://www.google.com/maps/contrib/107064450102182571381/reviews?hl=en-US","Review_time":"3 years ago","Review":"","Likes":""},{"Name":"","Category":"","Rating":" 5 stars ","Number_of_Reviews":"","Address":"","Reviewer":"Ammar Abood","Reviewer_page":"https://www.google.com/maps/contrib/100810301866643457252/reviews?hl=en-US","Review_time":"5 months ago","Review":"","Likes":""},{"Name":"","Category":"","Rating":" 4 stars ","Number_of_Reviews":"","Address":"","Reviewer":"Tamba Pai","Reviewer_page":"https://www.google.com/maps/contrib/112102505290508807908/reviews?hl=en-US","Review_time":"3 years ago","Review":"","Likes":""},{"Name":"","Category":"","Rating":" 5 stars ","Number_of_Reviews":"","Address":"","Reviewer":"F. W.","Reviewer_page":"https://www.google.com/maps/contrib/100234624892394965151/reviews?hl=en-US","Review_time":"2 years ago","Review":"","Likes":""},{"Name":"","Category":"","Rating":" 5 stars ","Number_of_Reviews":"","Address":"","Reviewer":"Shulem Deen","Reviewer_page":"https://www.google.com/maps/contrib/108232844760412392810/reviews?hl=en-US","Review_time":"4 years ago","Review":"","Likes":""},{"Name":"","Category":"","Rating":" 4 stars ","Number_of_Reviews":"","Address":"","Reviewer":"Marina Serra","Reviewer_page":"https://www.google.com/maps/contrib/104930131779583077101/reviews?hl=en-US","Review_time":"2 years ago","Review":"","Likes":""},{"Name":"","Category":"","Rating":" 5 stars ","Number_of_Reviews":"","Address":"","Reviewer":"Kima Mondesir","Reviewer_page":"https://www.google.com/maps/contrib/118224110443800426284/reviews?hl=en-US","Review_time":"4 years ago","Review":"","Likes":""},{"Name":"","Category":"","Rating":" 5 stars ","Number_of_Reviews":"","Address":"","Reviewer":"Shannon Brown","Reviewer_page":"https://www.google.com/maps/contrib/107718942860731150026/reviews?hl=en-US","Review_time":"11 months ago","Review":"","Likes":""},{"Name":"","Category":"","Rating":" 4 stars ","Number_of_Reviews":"","Address":"","Reviewer":"Corey Clarke","Reviewer_page":"https://www.google.com/maps/contrib/114001782928885107357/reviews?hl=en-US","Review_time":"3 years ago","Review":"","Likes":""},{"Name":"","Category":"","Rating":" 4 stars ","Number_of_Reviews":"","Address":"","Reviewer":"Zhiwen Pan","Reviewer_page":"https://www.google.com/maps/contrib/102602985570289220565/reviews?hl=en-US","Review_time":"4 years ago","Review":"","Likes":""},{"Name":"","Category":"","Rating":" 5 stars ","Number_of_Reviews":"","Address":"","Reviewer":"Roseanne Tablada","Reviewer_page":"https://www.google.com/maps/contrib/112059524769478403233/reviews?hl=en-US","Review_time":"a year ago","Review":"","Likes":""},{"Name":"","Category":"","Rating":" 5 stars ","Number_of_Reviews":"","Address":"","Reviewer":"Yagaira Delacruz","Reviewer_page":"https://www.google.com/maps/contrib/108445708849112605872/reviews?hl=en-US","Review_time":"2 years ago","Review":"","Likes":""},{"Name":"","Category":"","Rating":" 5 stars ","Number_of_Reviews":"","Address":"","Reviewer":"Anita","Reviewer_page":"https://www.google.com/maps/contrib/101851002179225265348/reviews?hl=en-US","Review_time":"4 years ago","Review":"","Likes":""},{"Name":"","Category":"","Rating":" 4 stars ","Number_of_Reviews":"","Address":"","Reviewer":"Kafi Khan","Reviewer_page":"https://www.google.com/maps/contrib/106018588095119998594/reviews?hl=en-US","Review_time":"4 years ago","Review":"","Likes":""},{"Name":"","Category":"","Rating":" 5 stars ","Number_of_Reviews":"","Address":"","Reviewer":"Marat Chata","Reviewer_page":"https://www.google.com/maps/contrib/100084477049024957037/reviews?hl=en-US","Review_time":"2 years ago","Review":"","Likes":""},{"Name":"","Category":"","Rating":" 3 stars ","Number_of_Reviews":"","Address":"","Reviewer":"yvette y tang","Reviewer_page":"https://www.google.com/maps/contrib/105290422702691440975/reviews?hl=en-US","Review_time":"3 years ago","Review":"","Likes":""},{"Name":"","Category":"","Rating":" 4 stars ","Number_of_Reviews":"","Address":"","Reviewer":"James Santo","Reviewer_page":"https://www.google.com/maps/contrib/109242210292567712790/reviews?hl=en-US","Review_time":"3 years ago","Review":"","Likes":""},{"Name":"","Category":"","Rating":" 1 star ","Number_of_Reviews":"","Address":"","Reviewer":"Super Super","Reviewer_page":"https://www.google.com/maps/contrib/105904577158304186316/reviews?hl=en-US","Review_time":"4 years ago","Review":"","Likes":""},{"Name":"","Category":"","Rating":" 4 stars ","Number_of_Reviews":"","Address":"","Reviewer":"emmaline schroh","Reviewer_page":"https://www.google.com/maps/contrib/105146659320102152671/reviews?hl=en-US","Review_time":"5 years ago","Review":"","Likes":""},{"Name":"","Category":"","Rating":" 5 stars ","Number_of_Reviews":"","Address":"","Reviewer":"Adam E. Chetrit","Reviewer_page":"https://www.google.com/maps/contrib/106783548106119006137/reviews?hl=en-US","Review_time":"a year ago","Review":"","Likes":""},{"Name":"","Category":"","Rating":" 2 stars ","Number_of_Reviews":"","Address":"","Reviewer":"Dave Thompson","Reviewer_page":"https://www.google.com/maps/contrib/114709708311402654110/reviews?hl=en-US","Review_time":"3 years ago","Review":"","Likes":""},{"Name":"","Category":"","Rating":" 1 star ","Number_of_Reviews":"","Address":"","Reviewer":"Dinesh Dangi","Reviewer_page":"https://www.google.com/maps/contrib/108335884942647296637/reviews?hl=en-US","Review_time":"4 years ago","Review":"","Likes":""},{"Name":"","Category":"","Rating":" 3 stars ","Number_of_Reviews":"","Address":"","Reviewer":"Tian Ouyang","Reviewer_page":"https://www.google.com/maps/contrib/100092095213282410648/reviews?hl=en-US","Review_time":"4 years ago","Review":"","Likes":""},{"Name":"","Category":"","Rating":" 5 stars ","Number_of_Reviews":"","Address":"","Reviewer":"Shai Megiddo","Reviewer_page":"https://www.google.com/maps/contrib/102653020006031864075/reviews?hl=en-US","Review_time":"4 years ago","Review":"","Likes":""},{"Name":"","Category":"","Rating":" 5 stars ","Number_of_Reviews":"","Address":"","Reviewer":"Edith Figueroa","Reviewer_page":"https://www.google.com/maps/contrib/108432274881680329062/reviews?hl=en-US","Review_time":"2 years ago","Review":"","Likes":""},{"Name":"","Category":"","Rating":" 5 stars ","Number_of_Reviews":"","Address":"","Reviewer":"Karol Saquinaula","Reviewer_page":"https://www.google.com/maps/contrib/101896179843213440439/reviews?hl=en-US","Review_time":"3 years ago","Review":"","Likes":""},{"Name":"","Category":"","Rating":" 4 stars ","Number_of_Reviews":"","Address":"","Reviewer":"Swati Bhardwaj","Reviewer_page":"https://www.google.com/maps/contrib/111239340896268340478/reviews?hl=en-US","Review_time":"3 years ago","Review":"","Likes":""},{"Name":"","Category":"","Rating":" 5 stars ","Number_of_Reviews":"","Address":"","Reviewer":"Roberto Contreras","Reviewer_page":"https://www.google.com/maps/contrib/110615342152445840405/reviews?hl=en-US","Review_time":"3 years ago","Review":"","Likes":""},{"Name":"","Category":"","Rating":" 4 stars ","Number_of_Reviews":"","Address":"","Reviewer":"Vik Pan","Reviewer_page":"https://www.google.com/maps/contrib/107793148513019170906/reviews?hl=en-US","Review_time":"4 years ago","Review":"","Likes":""},{"Name":"","Category":"","Rating":" 5 stars ","Number_of_Reviews":"","Address":"","Reviewer":"Justin Leung","Reviewer_page":"https://www.google.com/maps/contrib/108142819280999546801/reviews?hl=en-US","Review_time":"8 months ago","Review":"","Likes":""},{"Name":"","Category":"","Rating":" 1 star ","Number_of_Reviews":"","Address":"","Reviewer":"T","Reviewer_page":"https://www.google.com/maps/contrib/108409976526895571067/reviews?hl=en-US","Review_time":"4 years ago","Review":"","Likes":""},{"Name":"","Category":"","Rating":" 5 stars ","Number_of_Reviews":"","Address":"","Reviewer":"Robin Gayewski","Reviewer_page":"https://www.google.com/maps/contrib/102389236525336051825/reviews?hl=en-US","Review_time":"2 years ago","Review":"","Likes":""},{"Name":"","Category":"","Rating":" 4 stars ","Number_of_Reviews":"","Address":"","Reviewer":"Alessandro Frati","Reviewer_page":"https://www.google.com/maps/contrib/108797309755825154694/reviews?hl=en-US","Review_time":"5 years ago","Review":"","Likes":""},{"Name":"","Category":"","Rating":" 4 stars ","Number_of_Reviews":"","Address":"","Reviewer":"noor g k","Reviewer_page":"https://www.google.com/maps/contrib/111697896224279605815/reviews?hl=en-US","Review_time":"a year ago","Review":"","Likes":""},{"Name":"","Category":"","Rating":" 5 stars ","Number_of_Reviews":"","Address":"","Reviewer":"Profe Frank González","Reviewer_page":"https://www.google.com/maps/contrib/115922422427626318822/reviews?hl=en-US","Review_time":"2 years ago","Review":"","Likes":""},{"Name":"","Category":"","Rating":" 5 stars ","Number_of_Reviews":"","Address":"","Reviewer":"Mikhail Zarin","Reviewer_page":"https://www.google.com/maps/contrib/107793802893242446523/reviews?hl=en-US","Review_time":"7 years ago","Review":"","Likes":""},{"Name":"","Category":"","Rating":" 5 stars ","Number_of_Reviews":"","Address":"","Reviewer":"Shelton Liou","Reviewer_page":"https://www.google.com/maps/contrib/107588806688820892272/reviews?hl=en-US","Review_time":"3 years ago","Review":"","Likes":""},{"Name":"","Category":"","Rating":" 5 stars ","Number_of_Reviews":"","Address":"","Reviewer":"Chris Iallonardo","Reviewer_page":"https://www.google.com/maps/contrib/104880004246597819065/reviews?hl=en-US","Review_time":"6 years ago","Review":"","Likes":""},{"Name":"","Category":"","Rating":" 5 stars ","Number_of_Reviews":"","Address":"","Reviewer":"A S","Reviewer_page":"https://www.google.com/maps/contrib/114785656955499892081/reviews?hl=en-US","Review_time":"4 years ago","Review":"","Likes":""},{"Name":"","Category":"","Rating":" 5 stars ","Number_of_Reviews":"","Address":"","Reviewer":"Cynthia Cotes","Reviewer_page":"https://www.google.com/maps/contrib/103975423793403951467/reviews?hl=en-US","Review_time":"4 years ago","Review":"","Likes":""},{"Name":"","Category":"","Rating":" 2 stars ","Number_of_Reviews":"","Address":"","Reviewer":"Mourad Feny","Reviewer_page":"https://www.google.com/maps/contrib/116686344464018376264/reviews?hl=en-US","Review_time":"5 years ago","Review":"","Likes":""},{"Name":"","Category":"","Rating":" 5 stars ","Number_of_Reviews":"","Address":"","Reviewer":"Steven","Reviewer_page":"https://www.google.com/maps/contrib/108060295368376708315/reviews?hl=en-US","Review_time":"3 years ago","Review":"","Likes":""},{"Name":"","Category":"","Rating":" 4 stars ","Number_of_Reviews":"","Address":"","Reviewer":"anna schmidt","Reviewer_page":"https://www.google.com/maps/contrib/108779489260098510314/reviews?hl=en-US","Review_time":"6 years ago","Review":"","Likes":""},{"Name":"","Category":"","Rating":" 5 stars ","Number_of_Reviews":"","Address":"","Reviewer":"Hana Rajevac","Reviewer_page":"https://www.google.com/maps/contrib/108787461393762834504/reviews?hl=en-US","Review_time":"a year ago","Review":"","Likes":""},{"Name":"","Category":"","Rating":" 5 stars ","Number_of_Reviews":"","Address":"","Reviewer":"בני ברלב","Reviewer_page":"https://www.google.com/maps/contrib/108010495635869627973/reviews?hl=en-US","Review_time":"4 years ago","Review":"","Likes":""},{"Name":"","Category":"","Rating":" 4 stars ","Number_of_Reviews":"","Address":"","Reviewer":"Meet Manek","Reviewer_page":"https://www.google.com/maps/contrib/114866804724011781781/reviews?hl=en-US","Review_time":"2 years ago","Review":"","Likes":""},{"Name":"","Category":"","Rating":" 3 stars ","Number_of_Reviews":"","Address":"","Reviewer":"Peter Kotchev","Reviewer_page":"https://www.google.com/maps/contrib/107939497836239935486/reviews?hl=en-US","Review_time":"4 years ago","Review":"","Likes":""},{"Name":"","Category":"","Rating":" 3 stars ","Number_of_Reviews":"","Address":"","Reviewer":"marianne ciccantelli","Reviewer_page":"https://www.google.com/maps/contrib/108675868536014787481/reviews?hl=en-US","Review_time":"6 years ago","Review":"","Likes":""},{"Name":"","Category":"","Rating":" 3 stars ","Number_of_Reviews":"","Address":"","Reviewer":"DEK-HWANG CHO","Reviewer_page":"https://www.google.com/maps/contrib/114131003047709573382/reviews?hl=en-US","Review_time":"2 years ago","Review":"","Likes":""},{"Name":"","Category":"","Rating":" 4 stars ","Number_of_Reviews":"","Address":"","Reviewer":"keiko yano","Reviewer_page":"https://www.google.com/maps/contrib/103464248781759127405/reviews?hl=en-US","Review_time":"8 months ago","Review":"","Likes":""},{"Name":"","Category":"","Rating":" 4 stars ","Number_of_Reviews":"","Address":"","Reviewer":"David Guth","Reviewer_page":"https://www.google.com/maps/contrib/116334727981055395044/reviews?hl=en-US","Review_time":"2 years ago","Review":"","Likes":""},{"Name":"","Category":"","Rating":" 1 star ","Number_of_Reviews":"","Address":"","Reviewer":"Geeta Ramsarran","Reviewer_page":"https://www.google.com/maps/contrib/101823030892725333134/reviews?hl=en-US","Review_time":"a year ago","Review":"","Likes":""},{"Name":"","Category":"","Rating":" 5 stars ","Number_of_Reviews":"","Address":"","Reviewer":"Clever_Chloe","Reviewer_page":"https://www.google.com/maps/contrib/111645912766162454204/reviews?hl=en-US","Review_time":"5 years ago","Review":"","Likes":""},{"Name":"","Category":"","Rating":" 4 stars ","Number_of_Reviews":"","Address":"","Reviewer":"Samir Yahyazade","Reviewer_page":"https://www.google.com/maps/contrib/117062279929711592000/reviews?hl=en-US","Review_time":"2 years ago","Review":"","Likes":""},{"Name":"","Category":"","Rating":" 5 stars ","Number_of_Reviews":"","Address":"","Reviewer":"Wael Morsi","Reviewer_page":"https://www.google.com/maps/contrib/109428651318068125570/reviews?hl=en-US","Review_time":"4 years ago","Review":"","Likes":""},{"Name":"","Category":"","Rating":" 4 stars ","Number_of_Reviews":"","Address":"","Reviewer":"mert çimşir","Reviewer_page":"https://www.google.com/maps/contrib/111565877224021461721/reviews?hl=en-US","Review_time":"2 years ago","Review":"","Likes":""},{"Name":"","Category":"","Rating":" 5 stars ","Number_of_Reviews":"","Address":"","Reviewer":"Dd Arteaga","Reviewer_page":"https://www.google.com/maps/contrib/102188621923304675826/reviews?hl=en-US","Review_time":"2 years ago","Review":"","Likes":""}