[{"Name":"","Category":"","Rating":" 2 stars ","Number_of_Reviews":"","Address":"","Reviewer":"Rebecca Marken","Reviewer_page":"https://www.google.com/maps/contrib/112612329061014659209/reviews?hl=en-US","Review_time":"a month ago","Review":"Very small location - gets very crowded during the morning rush. Not sure why an entire corner of what could be seating or standing room is blocked off for a few boxes. Would be nice to open that up and spread out the morning crowd. Some of the staff is friendly enough while others are totally unapproachable, which is a shame because they rarely call out mobile names even though drinks are piled up and people are waiting. App says ready in 10 minutes? Make that 25 minutes.","Likes":""},{"Name":"","Category":"","Rating":" 5 stars ","Number_of_Reviews":"","Address":"","Reviewer":"Amanda Gilgeours","Reviewer_page":"https://www.google.com/maps/contrib/115100871483007898858/reviews?hl=en-US","Review_time":"a week ago","Review":"I love love the Starbucks on 3rd street & 1st Avenue.  They always greet me when I arrive. The service is great.","Likes":""},{"Name":"","Category":"","Rating":" 5 stars ","Number_of_Reviews":"","Address":"","Reviewer":"C M","Reviewer_page":"https://www.google.com/maps/contrib/115698700132101873518/reviews?hl=en-US","Review_time":"4 weeks ago","Review":"Too much changes with management the moral hasn’t been the same in a long time. Why have a mobile window and now management isn’t using it. That would help with the overcrowding for the morning rush.","Likes":""},{"Name":"","Category":"","Rating":" 5 stars ","Number_of_Reviews":"","Address":"","Reviewer":"Michael A","Reviewer_page":"https://www.google.com/maps/contrib/102742281363708964029/reviews?hl=en-US","Review_time":"a year ago","Review":"Really great location. The staff is super friendly. I used to manage Starbucks locations and this is the kind of team I would want to work for and with.","Likes":""},{"Name":"","Category":"","Rating":" 4 stars ","Number_of_Reviews":"","Address":"","Reviewer":"Welcome God is Awesome","Reviewer_page":"https://www.google.com/maps/contrib/114314714461875877703/reviews?hl=en-US","Review_time":"a year ago","Review":"They not too long open a new Starbucks in my neighborhood and it's off the chain. The food is good and the service as well. There's one guy that works there I forgot his name but he make a good drink. They don't have much room for sitting so I advise not a big crowd to go there, to dine in and eat","Likes":""},{"Name":"","Category":"","Rating":" 5 stars ","Number_of_Reviews":"","Address":"","Reviewer":"Mariela Cisneros","Reviewer_page":"https://www.google.com/maps/contrib/107190754335706120062/reviews?hl=en-US","Review_time":"a year ago","Review":"I love the staff here. Every single one of the barista is so nice and friendly even though I order complicated drinks. They listen with patience and do a great job every single time.. Only wish the space was bigger.","Likes":""},{"Name":"","Category":"","Rating":" 1 star ","Number_of_Reviews":"","Address":"","Reviewer":"Megan YIN","Reviewer_page":"https://www.google.com/maps/contrib/117447914152035867503/reviews?hl=en-US","Review_time":"7 months ago","Review":"when an asian woman like me, coming in, all the them behind the counter all seems like ignoring me like I am a ghost, tell me to wait when I asked for a coffee, and then there is this white guy coming in and everybody saying hi? And let the guy ordered coffee as he wanted? Excuse me?????????? This is an ugly store!\nAnd no tables at all!!!!!!!","Likes":"3"},{"Name":"","Category":"","Rating":" 5 stars ","Number_of_Reviews":"","Address":"","Reviewer":"NYC Guide","Reviewer_page":"https://www.google.com/maps/contrib/112588316742825877031/reviews?hl=en-US","Review_time":"7 months ago","Review":"Awesome service, a girl called Nahida ( maybe wrong spelling) and Natalie, they were super nice. Cozy atmosphere.","Likes":""},{"Name":"","Category":"","Rating":" 2 stars ","Number_of_Reviews":"","Address":"","Reviewer":"Danny van der Rijn","Reviewer_page":"https://www.google.com/maps/contrib/109503413553259498685/reviews?hl=en-US","Review_time":"a year ago","Review":"Our local Starbucks was out of soy so we moved our mobile order here. Nice walkup mobile order window! But the coffee wasn't great. Wife's quad was watery, for the second time now. My 'extra dry' cappuccino was more like a no-foam latte. If you're not going to do what I ask, maybe don't let me customize it?","Likes":""},{"Name":"","Category":"","Rating":" 4 stars ","Number_of_Reviews":"","Address":"","Reviewer":"Chad Okumura","Reviewer_page":"https://www.google.com/maps/contrib/103696032042886260009/reviews?hl=en-US","Review_time":"6 months ago","Review":"Small Starbucks, so limited seating. WiFi was definitely on the slower side.","Likes":""},{"Name":"","Category":"","Rating":" 1 star ","Number_of_Reviews":"","Address":"","Reviewer":"Denii G","Reviewer_page":"https://www.google.com/maps/contrib/112016947013602922621/reviews?hl=en-US","Review_time":"a year ago","Review":"I had sent a friend to pick up my order . when the order was received the cup wasn't covered properly. With covid you would think they would make sure every cup had a green seal on it. Secondly the service given was rude. The young lady at the pick up counter was being snippy when it came to remaking a bagel that had fallen right in front of her. She wouldn't take the bagel that fell on the ground to throw away. I expected better service from Starbucks","Likes":""},{"Name":"","Category":"","Rating":" 5 stars ","Number_of_Reviews":"","Address":"","Reviewer":"Dylan O'Brien","Reviewer_page":"https://www.google.com/maps/contrib/106535109177467508905/reviews?hl=en-US","Review_time":"3 years ago","Review":"This Starbucks is an amazing location! The staff is so friendly and have mesmerized my order which makes seamless while ordering. I go here everyday and I walkways leave with a smile. Only kicker is the overwhelming amount of homeless people in the store almost always, whether they’re in the bathroom or in the seating areas. Some of the people simply sit there all day! Other than that this is my go to Starbucks! ❤️","Likes":""},{"Name":"","Category":"","Rating":" 1 star ","Number_of_Reviews":"","Address":"","Reviewer":"Riz","Reviewer_page":"https://www.google.com/maps/contrib/109167338405323628560/reviews?hl=en-US","Review_time":"3 years ago","Review":"This Starbucks location is really in needs of renovation. Couches are very worn-out. Power outlets aren't even connected properly. Service was poor as they forgot my order and I had to remind them multiple times.","Likes":"1"},{"Name":"","Category":"","Rating":" 1 star ","Number_of_Reviews":"","Address":"","Reviewer":"Alexis Wood","Reviewer_page":"https://www.google.com/maps/contrib/117775168764961038277/reviews?hl=en-US","Review_time":"a year ago","Review":"Do not go to this one. There are plenty of other Starbucks stores nearby. My roommate and I have never once gone to this specific store and had them get our order right.","Likes":"1"},{"Name":"","Category":"","Rating":" 5 stars ","Number_of_Reviews":"","Address":"","Reviewer":"Danielle Tyler","Reviewer_page":"https://www.google.com/maps/contrib/108328212468204439264/reviews?hl=en-US","Review_time":"4 years ago","Review":"Sarah is wonderful :) my cat moxie and I hope her manager reads these reviews because she always makes us feel special when we come in from the vet. Thank you Sarah!! Love, Danielle and Moxie.","Likes":""},{"Name":"","Category":"","Rating":" 5 stars ","Number_of_Reviews":"","Address":"","Reviewer":"Jessica Gonzalez","Reviewer_page":"https://www.google.com/maps/contrib/108021105567220512516/reviews?hl=en-US","Review_time":"6 years ago","Review":"I find it interesting to see bad reviews about this Starbucks. Espeically about the new store manager. She is the reason I come back everyday. She gives the best customer service. The entire staff is new which I'm happy about because the old staff was a bit unpleasant. If you want a great Starbucks experience this is he place to go! I love the homie feel and the baristas are a lot better. Thank you Olivia for making this my favorite Starbucks again.","Likes":""},{"Name":"","Category":"","Rating":" 5 stars ","Number_of_Reviews":"","Address":"","Reviewer":"Arlene De Jesus","Reviewer_page":"https://www.google.com/maps/contrib/100891171862883969356/reviews?hl=en-US","Review_time":"4 years ago","Review":"I go here almost every day! Workers are amazing they actually remember you if you are a regular. They take out the time to help you figure out what your trying to buy. Their pacient, friendly and always too kind!!!! Most importantly the place is super clean!!!!!","Likes":""},{"Name":"","Category":"","Rating":" 5 stars ","Number_of_Reviews":"","Address":"","Reviewer":"J Q (Hothungmeat)","Reviewer_page":"https://www.google.com/maps/contrib/100637745187644595413/reviews?hl=en-US","Review_time":"a year ago","Review":"I frequent this Starbucks with friends on occasions. It's always nice and clean, usually crowded small space. My friend Gigi and I frequented here, she has since past on ❤️ & miss you, Gigi","Likes":""},{"Name":"","Category":"","Rating":" 4 stars ","Number_of_Reviews":"","Address":"","Reviewer":"Kiersten Gourlay","Reviewer_page":"https://www.google.com/maps/contrib/107608701942355095996/reviews?hl=en-US","Review_time":"5 years ago","Review":"Small, quick location. Usually busy. One worker was unbelievably rude to customers and her coworkers. As we sat eating, she mistreated numerous guests and yelled at coworkers about how they were working. Sad to see people treated like garbage. Will definitely not be dining in again.","Likes":""},{"Name":"","Category":"","Rating":" 3 stars ","Number_of_Reviews":"","Address":"","Reviewer":"Victoria Thompson","Reviewer_page":"https://www.google.com/maps/contrib/102491011159035647433/reviews?hl=en-US","Review_time":"5 years ago","Review":"Um.... never seen anything like it the young lady asked anyone without a cup to leave. I guess you have to do what you have to do but in the cold and he wasn't bothering anyone. I'm sure they are asked to. But the drinks where made to speck and they where knowledgeable","Likes":""},{"Name":"","Category":"","Rating":" 5 stars ","Number_of_Reviews":"","Address":"","Reviewer":"Patricia Greaves","Reviewer_page":"https://www.google.com/maps/contrib/109305104497008949604/reviews?hl=en-US","Review_time":"a year ago","Review":"Excellent I was in and out in under 5 minutes since the order was placed online I only had to give my name in order to pickup my product👅","Likes":""},{"Name":"","Category":"","Rating":" 1 star ","Number_of_Reviews":"","Address":"","Reviewer":"Anton Andreev","Reviewer_page":"https://www.google.com/maps/contrib/108569002853690671570/reviews?hl=en-US","Review_time":"3 years ago","Review":"This Starbucks is worn up and looks like a homeless shelter - ac was leaking for the last 5 months, power outlets doesn't work properly, bathroom was closed for the last week. Starbucks sucks nowadays","Likes":"1"},{"Name":"","Category":"","Rating":" 5 stars ","Number_of_Reviews":"","Address":"","Reviewer":"Micheal Murphy","Reviewer_page":"https://www.google.com/maps/contrib/106514483245218258192/reviews?hl=en-US","Review_time":"4 years ago","Review":"This Starbucks is alittle small. No where for me to sit. Besides that employees were courteous and professional. I go again and I'd also recommend to others.","Likes":""},{"Name":"","Category":"","Rating":" 5 stars ","Number_of_Reviews":"","Address":"","Reviewer":"Yoshita Childress","Reviewer_page":"https://www.google.com/maps/contrib/108077050220765157219/reviews?hl=en-US","Review_time":"a year ago","Review":"My coffee was made perfect. The breakfast sandwich was good. Chedder with egg beacon on crossant","Likes":""},{"Name":"","Category":"","Rating":" 5 stars ","Number_of_Reviews":"","Address":"","Reviewer":"Eric Barritt","Reviewer_page":"https://www.google.com/maps/contrib/117029970350475971786/reviews?hl=en-US","Review_time":"4 years ago","Review":"The coffee is always great. Great location on 1st Avenue. Good place to rendezvous with friends and business acquaintances. Not far from Houston and the East River run or a ball game.","Likes":"1"},{"Name":"","Category":"","Rating":" 1 star ","Number_of_Reviews":"","Address":"","Reviewer":"Xavier Tirado","Reviewer_page":"https://www.google.com/maps/contrib/114183013326347171028/reviews?hl=en-US","Review_time":"a year ago","Review":"I think that app to order is convenient but it takes the focus on the people inside waiting 20 min for a coffee so get the app","Likes":""},{"Name":"","Category":"","Rating":" 5 stars ","Number_of_Reviews":"","Address":"","Reviewer":"Kyuwon Lee","Reviewer_page":"https://www.google.com/maps/contrib/110778779454043925617/reviews?hl=en-US","Review_time":"4 years ago","Review":"This Starbucks provides the greatest example how this giant-sized franchise coffee shop can still find a way to be intimate, efficient but flexible, and neighborhood-friendly.","Likes":""},{"Name":"","Category":"","Rating":" 1 star ","Number_of_Reviews":"","Address":"","Reviewer":"Luis Ramirez","Reviewer_page":"https://www.google.com/maps/contrib/103049474264267983753/reviews?hl=en-US","Review_time":"4 years ago","Review":"Great staff but there manager was just so rude to them and treated them very poorly and with complete disrespect as if they don't have feelings while they were doing nothing wrong. Definitely will not come back, Tired of seeing their manager talking down on them!","Likes":""},{"Name":"","Category":"","Rating":" 5 stars ","Number_of_Reviews":"","Address":"","Reviewer":"Andrew Rice","Reviewer_page":"https://www.google.com/maps/contrib/100811011717500014928/reviews?hl=en-US","Review_time":"4 years ago","Review":"This is a smaller Starbucks with limited seating. It is about a third of the size of the nearby location at Broadway and Bowery. Staff is super friendly, as always, and they haven't screwed up an order yet.","Likes":""},{"Name":"","Category":"","Rating":" 5 stars ","Number_of_Reviews":"","Address":"","Reviewer":"Sagrey Turjo","Reviewer_page":"https://www.google.com/maps/contrib/115302847606670752187/reviews?hl=en-US","Review_time":"5 years ago","Review":"Small Store. Quick service. Workers are nice and quick.","Likes":""},{"Name":"","Category":"","Rating":" 2 stars ","Number_of_Reviews":"","Address":"","Reviewer":"Abel Tirado","Reviewer_page":"https://www.google.com/maps/contrib/106208824307098670584/reviews?hl=en-US","Review_time":"3 years ago","Review":"Service is friendly. Bathrooms were FILTHY. I informed a staff member and 15 minutes later there was still no toilet paper.","Likes":""},{"Name":"","Category":"","Rating":" 4 stars ","Number_of_Reviews":"","Address":"","Reviewer":"Franco Maray Ghigliotto","Reviewer_page":"https://www.google.com/maps/contrib/106739644035394105909/reviews?hl=en-US","Review_time":"3 years ago","Review":"To keep us warm with me friend, we visited Starbucks a lot. There was always one around us to keep fighting the cold winter of NYC.","Likes":""},{"Name":"","Category":"","Rating":" 5 stars ","Number_of_Reviews":"","Address":"","Reviewer":"Julia","Reviewer_page":"https://www.google.com/maps/contrib/105947483072962476648/reviews?hl=en-US","Review_time":"3 years ago","Review":"Went in for a nitro cold brew. Machine wasn't working but they were kind and apologetic. Service was great.","Likes":""},{"Name":"","Category":"","Rating":" 4 stars ","Number_of_Reviews":"","Address":"","Reviewer":"Jamien Ayala","Reviewer_page":"https://www.google.com/maps/contrib/105712654887334400840/reviews?hl=en-US","Review_time":"4 years ago","Review":"Haven't had an issue with any of my orders so far, but it would be nice if the staff would get to know the customer while they wait for their beverage","Likes":""},{"Name":"","Category":"","Rating":" 1 star ","Number_of_Reviews":"","Address":"","Reviewer":"RIon Reynolds","Reviewer_page":"https://www.google.com/maps/contrib/101731696410227738870/reviews?hl=en-US","Review_time":"2 years ago","Review":"I still say, leave the coffee shops to the mom & pop owners. It's more reasonable priced & they don't put pressure on the rise of coffee prices.","Likes":"1"},{"Name":"","Category":"","Rating":" 4 stars ","Number_of_Reviews":"","Address":"","Reviewer":"Gary Roth (Dr. Lafter)","Reviewer_page":"https://www.google.com/maps/contrib/112445352177623675121/reviews?hl=en-US","Review_time":"3 years ago","Review":"GaThis STARBUCKS was quite small, & as usual, service at Starbucks is alwayZ impeccable! GOOD JOB baristas! G.R.","Likes":""},{"Name":"","Category":"","Rating":" 4 stars ","Number_of_Reviews":"","Address":"","Reviewer":"Danyal Khan","Reviewer_page":"https://www.google.com/maps/contrib/115476702107131395159/reviews?hl=en-US","Review_time":"4 years ago","Review":"The staff is friendly and I couldn’t find anything wrong with the coffee. The sandwiches are stale just like at any Starbucks.","Likes":""},{"Name":"","Category":"","Rating":" 4 stars ","Number_of_Reviews":"","Address":"","Reviewer":"Gilbert Bonilla","Reviewer_page":"https://www.google.com/maps/contrib/109920553682157643132/reviews?hl=en-US","Review_time":"2 years ago","Review":"I like Starbucks because it's about Customers Satisfaction in my book.\nKudos to them, baby!!!👏😉","Likes":"1"},{"Name":"","Category":"","Rating":" 5 stars ","Number_of_Reviews":"","Address":"","Reviewer":"Andy Wong","Reviewer_page":"https://www.google.com/maps/contrib/113162698945026516343/reviews?hl=en-US","Review_time":"5 years ago","Review":"Its a chain so theres a standard for coffee and it makes the standard, the employees are nice here, but lacks seats frequently.","Likes":""},{"Name":"","Category":"","Rating":" 2 stars ","Number_of_Reviews":"","Address":"","Reviewer":"Aron Young","Reviewer_page":"https://www.google.com/maps/contrib/109158259029946233328/reviews?hl=en-US","Review_time":"5 years ago","Review":"Walk in to starbucks to get a passion tea lemonade. I only have a large bill...they tell me they don't have change. How are you a corporate chain and dont have change?? Last time I go there","Likes":""},{"Name":"","Category":"","Rating":" 4 stars ","Number_of_Reviews":"","Address":"","Reviewer":"Axel Pater","Reviewer_page":"https://www.google.com/maps/contrib/101572173373718826746/reviews?hl=en-US","Review_time":"4 years ago","Review":"Very friendly staff, very clean, good cappuccino. And you have charging spots for wireless charging mobiles ( next to free WiFi)","Likes":""},{"Name":"","Category":"","Rating":" 4 stars ","Number_of_Reviews":"","Address":"","Reviewer":"Blanca Soto","Reviewer_page":"https://www.google.com/maps/contrib/108226550187112658166/reviews?hl=en-US","Review_time":"3 years ago","Review":"I like that every time I go to this location they get my order correct, also I don't have to wait for too long.","Likes":""},{"Name":"","Category":"","Rating":" 5 stars ","Number_of_Reviews":"","Address":"","Reviewer":"Norman Sukkar","Reviewer_page":"https://www.google.com/maps/contrib/112728227493499194219/reviews?hl=en-US","Review_time":"2 years ago","Review":"Sweetheart staff & typically good Starbucks coffee (& I love the chicken sausage biscuit)","Likes":""},{"Name":"","Category":"","Rating":" 5 stars ","Number_of_Reviews":"","Address":"","Reviewer":"Azizjon Juraev","Reviewer_page":"https://www.google.com/maps/contrib/117896213443582648870/reviews?hl=en-US","Review_time":"a year ago","Review":"THEY ARE THE BEST, I mean staff who works there & Ofcause THE PRODUCT. Thanks guys,\nAziz.","Likes":"1"},{"Name":"","Category":"","Rating":" 4 stars ","Number_of_Reviews":"","Address":"","Reviewer":"Raphael Rivas","Reviewer_page":"https://www.google.com/maps/contrib/104038744742703255857/reviews?hl=en-US","Review_time":"a year ago","Review":"I love the selection of holiday coffees and the customer services at some of the Baristas.","Likes":""},{"Name":"","Category":"","Rating":" 5 stars ","Number_of_Reviews":"","Address":"","Reviewer":"Charlie Sims","Reviewer_page":"https://www.google.com/maps/contrib/107265609860004925267/reviews?hl=en-US","Review_time":"3 years ago","Review":"Excellent Double Expresso Strong just the way I love it Vast variety of coffee cappuccinos lattes etc","Likes":""},{"Name":"","Category":"","Rating":" 4 stars ","Number_of_Reviews":"","Address":"","Reviewer":"Jeff Yablon","Reviewer_page":"https://www.google.com/maps/contrib/107656876763618847422/reviews?hl=en-US","Review_time":"2 months ago","Review":"It's just a Starbucks. And it's small. But I liked it; working here for a couple of hours was really comfortable.","Likes":""},{"Name":"","Category":"","Rating":" 4 stars ","Number_of_Reviews":"","Address":"","Reviewer":"Jenny Z","Reviewer_page":"https://www.google.com/maps/contrib/106888489881054461138/reviews?hl=en-US","Review_time":"5 years ago","Review":"The employees are friendly but, I didn't like their jazz music. The store is also very small and crowded.","Likes":""},{"Name":"","Category":"","Rating":" 4 stars ","Number_of_Reviews":"","Address":"","Reviewer":"Mike Kneller","Reviewer_page":"https://www.google.com/maps/contrib/116287188319749607485/reviews?hl=en-US","Review_time":"5 years ago","Review":"Good place. Busy. More or less like all the other Starbucks.","Likes":""},{"Name":"","Category":"","Rating":" 5 stars ","Number_of_Reviews":"","Address":"","Reviewer":"Sandie Burrus","Reviewer_page":"https://www.google.com/maps/contrib/114533172122701056531/reviews?hl=en-US","Review_time":"3 years ago","Review":"Service given with a smile.  It's a nice place to sit, sip and read a good book.","Likes":""},{"Name":"","Category":"","Rating":" 5 stars ","Number_of_Reviews":"","Address":"","Reviewer":"ariana hardesty","Reviewer_page":"https://www.google.com/maps/contrib/110902226697561824915/reviews?hl=en-US","Review_time":"5 years ago","Review":"Quick service, polite staff, no errors with the drink. Very clean overall.","Likes":""},{"Name":"","Category":"","Rating":" 5 stars ","Number_of_Reviews":"","Address":"","Reviewer":"Melynda DeLoatch","Reviewer_page":"https://www.google.com/maps/contrib/106103882285217270821/reviews?hl=en-US","Review_time":"10 months ago","Review":"Best Starbucks on the lower east side","Likes":""},{"Name":"","Category":"","Rating":" 1 star ","Number_of_Reviews":"","Address":"","Reviewer":"Islam Said","Reviewer_page":"https://www.google.com/maps/contrib/116470276741101665830/reviews?hl=en-US","Review_time":"4 years ago","Review":"I work around & every day I buy 3 coffee a day & they don't slowed me to use restroom thanks","Likes":""},{"Name":"","Category":"","Rating":" 2 stars ","Number_of_Reviews":"","Address":"","Reviewer":"Colin Plunkett","Reviewer_page":"https://www.google.com/maps/contrib/105981186804876458913/reviews?hl=en-US","Review_time":"3 years ago","Review":"No seating and expensive. Better to go to other neighboring coffee shops","Likes":""},{"Name":"","Category":"","Rating":" 5 stars ","Number_of_Reviews":"","Address":"","Reviewer":"Tommy Lew","Reviewer_page":"https://www.google.com/maps/contrib/110616107234126633080/reviews?hl=en-US","Review_time":"a year ago","Review":"Best Service; Employees Are Hella Courteous 👊🏽👍🏼💪🏽💯","Likes":""},{"Name":"","Category":"","Rating":" 3 stars ","Number_of_Reviews":"","Address":"","Reviewer":"John Aves","Reviewer_page":"https://www.google.com/maps/contrib/103212929881271780324/reviews?hl=en-US","Review_time":"5 years ago","Review":"It's a starbucks. You know what you're getting. Avergage coffee, jumpy Wi-Fi and little bit of attitude. Marmite.","Likes":""},{"Name":"","Category":"","Rating":" 4 stars ","Number_of_Reviews":"","Address":"","Reviewer":"Patricia P","Reviewer_page":"https://www.google.com/maps/contrib/113885246270875827739/reviews?hl=en-US","Review_time":"2 years ago","Review":"I love this location, they are swift and always get my order right!","Likes":""},{"Name":"","Category":"","Rating":" 4 stars ","Number_of_Reviews":"","Address":"","Reviewer":"Reem T","Reviewer_page":"https://www.google.com/maps/contrib/117151360115655005376/reviews?hl=en-US","Review_time":"5 years ago","Review":"Nice staff.. quickly serving, good location forme under the department 👌😍","Likes":""},{"Name":"","Category":"","Rating":" 1 star ","Number_of_Reviews":"","Address":"","Reviewer":"Nick Steffens","Reviewer_page":"https://www.google.com/maps/contrib/114386742277241175464/reviews?hl=en-US","Review_time":"a year ago","Review":"I asked for a large bean juice... They kicked me out","Likes":""},{"Name":"","Category":"","Rating":" 5 stars ","Number_of_Reviews":"","Address":"","Reviewer":"Erik Meres","Reviewer_page":"https://www.google.com/maps/contrib/106078361803554937587/reviews?hl=en-US","Review_time":"4 years ago","Review":"Great coffee as usual and quick and helpful staff.","Likes":""},{"Name":"","Category":"","Rating":" 5 stars ","Number_of_Reviews":"","Address":"","Reviewer":"Andrea Oakes","Reviewer_page":"https://www.google.com/maps/contrib/113813749941602425566/reviews?hl=en-US","Review_time":"5 years ago","Review":"It's Starbucks just like any Starbucks. Always good.","Likes":""},{"Name":"","Category":"","Rating":" 4 stars ","Number_of_Reviews":"","Address":"","Reviewer":"Johnny A Quaglia Jr","Reviewer_page":"https://www.google.com/maps/contrib/101609172580709384913/reviews?hl=en-US","Review_time":"5 years ago","Review":"Nice quaint place. Usually crowded when I go there to meet friends every other month.","Likes":""},{"Name":"","Category":"","Rating":" 5 stars ","Number_of_Reviews":"","Address":"","Reviewer":"Yann Howe Kwan","Reviewer_page":"https://www.google.com/maps/contrib/107660846311149938493/reviews?hl=en-US","Review_time":"6 years ago","Review":"Starbucks! Good place to park yourself with a. Cold brew on a hot summer day","Likes":""},{"Name":"","Category":"","Rating":" 5 stars ","Number_of_Reviews":"","Address":"","Reviewer":"Pastor Johnson","Reviewer_page":"https://www.google.com/maps/contrib/112028695356887104113/reviews?hl=en-US","Review_time":"a year ago","Review":"Great location And the employees are nice.","Likes":""},{"Name":"","Category":"","Rating":" 1 star ","Number_of_Reviews":"","Address":"","Reviewer":"Adolfo Velasquez","Reviewer_page":"https://www.google.com/maps/contrib/115495535740200463778/reviews?hl=en-US","Review_time":"5 years ago","Review":"This is an awful Starbucks. Stay away.\n\nThere's another coffee shop right down the block that's local to NYC.","Likes":"1"},{"Name":"","Category":"","Rating":" 5 stars ","Number_of_Reviews":"","Address":"","Reviewer":"Francois Jeulin","Reviewer_page":"https://www.google.com/maps/contrib/108081918932954220766/reviews?hl=en-US","Review_time":"6 years ago","Review":"Love there. Nice staff, quick service and excellent location.","Likes":""},{"Name":"","Category":"","Rating":" 4 stars ","Number_of_Reviews":"","Address":"","Reviewer":"Emily Stewart","Reviewer_page":"https://www.google.com/maps/contrib/117850238084680909439/reviews?hl=en-US","Review_time":"6 years ago","Review":"Great starbucks. I usually get a blonde coffee before work","Likes":""},{"Name":"","Category":"","Rating":" 1 star ","Number_of_Reviews":"","Address":"","Reviewer":"Carlos Mogrovejo","Reviewer_page":"https://www.google.com/maps/contrib/113136036004966333361/reviews?hl=en-US","Review_time":"5 years ago","Review":"I wait 10 minutes at the line to order my coffee after that The clover isn’t working all the time isn’t working   👎","Likes":""},{"Name":"","Category":"","Rating":" 5 stars ","Number_of_Reviews":"","Address":"","Reviewer":"Marie Bolamba","Reviewer_page":"https://www.google.com/maps/contrib/109116403945085884436/reviews?hl=en-US","Review_time":"6 years ago","Review":"Employees are nice. .. Open late..overall chill vibe","Likes":""},{"Name":"","Category":"","Rating":" 5 stars ","Number_of_Reviews":"","Address":"","Reviewer":"Nathan Gonzalez","Reviewer_page":"https://www.google.com/maps/contrib/111427724411468343164/reviews?hl=en-US","Review_time":"a year ago","Review":"They make good fraps!","Likes":""},{"Name":"","Category":"","Rating":" 5 stars ","Number_of_Reviews":"","Address":"","Reviewer":"Jp Jp","Reviewer_page":"https://www.google.com/maps/contrib/108632178452714969529/reviews?hl=en-US","Review_time":"4 years ago","Review":"Staff is incredibly attentive and patient. Pleasantly accomodating","Likes":""},{"Name":"","Category":"","Rating":" 4 stars ","Number_of_Reviews":"","Address":"","Reviewer":"Andrew Bovell","Reviewer_page":"https://www.google.com/maps/contrib/104672935307354409794/reviews?hl=en-US","Review_time":"6 months ago","Review":"The staff was friendly.","Likes":""},{"Name":"","Category":"","Rating":" 5 stars ","Number_of_Reviews":"","Address":"","Reviewer":"Patricia Hodges","Reviewer_page":"https://www.google.com/maps/contrib/104332949402175682556/reviews?hl=en-US","Review_time":"4 years ago","Review":"Great coffee and friendly staff.","Likes":""},{"Name":"","Category":"","Rating":" 5 stars ","Number_of_Reviews":"","Address":"","Reviewer":"Marie Leung","Reviewer_page":"https://www.google.com/maps/contrib/111299130937117733931/reviews?hl=en-US","Review_time":"a year ago","Review":"Love my coffee in the morning","Likes":""},{"Name":"","Category":"","Rating":" 4 stars ","Number_of_Reviews":"","Address":"","Reviewer":"Richard Cantoral","Reviewer_page":"https://www.google.com/maps/contrib/112327602953128630661/reviews?hl=en-US","Review_time":"5 years ago","Review":"Nice staff, seating, but no bathroom.","Likes":""},{"Name":"","Category":"","Rating":" 1 star ","Number_of_Reviews":"","Address":"","Reviewer":"martin K","Reviewer_page":"https://www.google.com/maps/contrib/107605203806773762359/reviews?hl=en-US","Review_time":"8 years ago","Review":"The people here seem more concerned with having a conversation than helping customers or making coffee","Likes":""},{"Name":"","Category":"","Rating":" 4 stars ","Number_of_Reviews":"","Address":"","Reviewer":"Gaby Watson","Reviewer_page":"https://www.google.com/maps/contrib/110725469327739374174/reviews?hl=en-US","Review_time":"6 years ago","Review":"Its a starbucks. The coffe is good and friendly staff","Likes":""},{"Name":"","Category":"","Rating":" 3 stars ","Number_of_Reviews":"","Address":"","Reviewer":"Andy Burde","Reviewer_page":"https://www.google.com/maps/contrib/102659553593233267788/reviews?hl=en-US","Review_time":"5 years ago","Review":"Small and doesn't sit many people. Overall good service.","Likes":""},{"Name":"","Category":"","Rating":" 1 star ","Number_of_Reviews":"","Address":"","Reviewer":"joseph neal","Reviewer_page":"https://www.google.com/maps/contrib/109681002934689039516/reviews?hl=en-US","Review_time":"5 years ago","Review":"It a small Starbucks no bathroom and always a big line","Likes":""},{"Name":"","Category":"","Rating":" 4 stars ","Number_of_Reviews":"","Address":"","Reviewer":"g Bernard Wandel","Reviewer_page":"https://www.google.com/maps/contrib/117513954149981090932/reviews?hl=en-US","Review_time":"4 years ago","Review":"Tiny\nQuick\nPowermat Station\nIndoor/outdoor seating","Likes":"1"},{"Name":"","Category":"","Rating":" 4 stars ","Number_of_Reviews":"","Address":"","Reviewer":"Paul Santo","Reviewer_page":"https://www.google.com/maps/contrib/104542517871553189279/reviews?hl=en-US","Review_time":"7 years ago","Review":"Just like every other Starbucks. In a good way....","Likes":""},{"Name":"","Category":"","Rating":" 5 stars ","Number_of_Reviews":"","Address":"","Reviewer":"Tatiana","Reviewer_page":"https://www.google.com/maps/contrib/106067970228957309028/reviews?hl=en-US","Review_time":"2 years ago","Review":"Employees here are really nice and efficient.","Likes":""},{"Name":"","Category":"","Rating":" 5 stars ","Number_of_Reviews":"","Address":"","Reviewer":"Henry Hu","Reviewer_page":"https://www.google.com/maps/contrib/100717829933588256779/reviews?hl=en-US","Review_time":"5 years ago","Review":"Small and quiet place, I got a seat easily.","Likes":""},{"Name":"","Category":"","Rating":" 3 stars ","Number_of_Reviews":"","Address":"","Reviewer":"Towfikul Islam","Reviewer_page":"https://www.google.com/maps/contrib/105117129753181420000/reviews?hl=en-US","Review_time":"4 years ago","Review":"Coffee is good but expensive... Moderate clean","Likes":""},{"Name":"","Category":"","Rating":" 3 stars ","Number_of_Reviews":"","Address":"","Reviewer":"Claus Habermeier","Reviewer_page":"https://www.google.com/maps/contrib/114820476251704120825/reviews?hl=en-US","Review_time":"4 years ago","Review":"Ok Google, it's a Starbucks. End of review.","Likes":""},{"Name":"","Category":"","Rating":" 5 stars ","Number_of_Reviews":"","Address":"","Reviewer":"Bebe","Reviewer_page":"https://www.google.com/maps/contrib/114896462862407384788/reviews?hl=en-US","Review_time":"a year ago","Review":"Great customer service.","Likes":""},{"Name":"","Category":"","Rating":" 2 stars ","Number_of_Reviews":"","Address":"","Reviewer":"Billy Konecny","Reviewer_page":"https://www.google.com/maps/contrib/115750296204220416182/reviews?hl=en-US","Review_time":"4 years ago","Review":"Homeless man at the bathroom asked me if I was going number one or number two.","Likes":"1"},{"Name":"","Category":"","Rating":" 4 stars ","Number_of_Reviews":"","Address":"","Reviewer":"Edin","Reviewer_page":"https://www.google.com/maps/contrib/111461834328875279740/reviews?hl=en-US","Review_time":"4 years ago","Review":"Maybe I'm getting old, but it's starting to become too pricey for me to continue visiting.","Likes":""},{"Name":"","Category":"","Rating":" 5 stars ","Number_of_Reviews":"","Address":"","Reviewer":"JR M.","Reviewer_page":"https://www.google.com/maps/contrib/114960554414042142317/reviews?hl=en-US","Review_time":"4 years ago","Review":"The best coffee you could get","Likes":""},{"Name":"","Category":"","Rating":" 4 stars ","Number_of_Reviews":"","Address":"","Reviewer":"Jon Zack","Reviewer_page":"https://www.google.com/maps/contrib/115006105910954977021/reviews?hl=en-US","Review_time":"5 years ago","Review":"A bit small yet great staff","Likes":""},{"Name":"","Category":"","Rating":" 1 star ","Number_of_Reviews":"","Address":"","Reviewer":"Mat McBane","Reviewer_page":"https://www.google.com/maps/contrib/103851719971474070087/reviews?hl=en-US","Review_time":"5 years ago","Review":"Sign says open at 5:45 doesn't actually open until 6","Likes":""},{"Name":"","Category":"","Rating":" 4 stars ","Number_of_Reviews":"","Address":"","Reviewer":"Gustavo Izaguirre","Reviewer_page":"https://www.google.com/maps/contrib/114300052719611813988/reviews?hl=en-US","Review_time":"6 years ago","Review":"This is my go to spot.. even if it's small n lot of traffic","Likes":""},{"Name":"","Category":"","Rating":" 3 stars ","Number_of_Reviews":"","Address":"","Reviewer":"Elijah Morgan","Reviewer_page":"https://www.google.com/maps/contrib/109264257196515045511/reviews?hl=en-US","Review_time":"4 years ago","Review":"Eh? It's Starbucks 🙄 Pike is gross.","Likes":""},{"Name":"","Category":"","Rating":" 4 stars ","Number_of_Reviews":"","Address":"","Reviewer":"Urszula Poznańska","Reviewer_page":"https://www.google.com/maps/contrib/113215305065691720979/reviews?hl=en-US","Review_time":"5 years ago","Review":"Very small space. On the pic winter window view.","Likes":""},{"Name":"","Category":"","Rating":" 2 stars ","Number_of_Reviews":"","Address":"","Reviewer":"Blake Geron","Reviewer_page":"https://www.google.com/maps/contrib/106414300935345946852/reviews?hl=en-US","Review_time":"6 years ago","Review":"Staff was not too friendly. I am not coming back.","Likes":""},{"Name":"","Category":"","Rating":" 3 stars ","Number_of_Reviews":"","Address":"","Reviewer":"L Hirsch","Reviewer_page":"https://www.google.com/maps/contrib/107198139384883744582/reviews?hl=en-US","Review_time":"5 years ago","Review":"Service is spotty. It is small and always full","Likes":""},{"Name":"","Category":"","Rating":" 5 stars ","Number_of_Reviews":"","Address":"","Reviewer":"Boguslawa Szostek","Reviewer_page":"https://www.google.com/maps/contrib/116887120563635729399/reviews?hl=en-US","Review_time":"2 years ago","Review":"Love my neighborhood Starbucks","Likes":""},{"Name":"","Category":"","Rating":" 5 stars ","Number_of_Reviews":"","Address":"","Reviewer":"massimo pitis","Reviewer_page":"https://www.google.com/maps/contrib/100681611836981402881/reviews?hl=en-US","Review_time":"4 years ago","Review":"My favourite Starbucks in Manhattan.","Likes":""},{"Name":"","Category":"","Rating":" 3 stars ","Number_of_Reviews":"","Address":"","Reviewer":"Enrique Zarza","Reviewer_page":"https://www.google.com/maps/contrib/114780332039661427302/reviews?hl=en-US","Review_time":"3 years ago","Review":"Why do they allow junkies inside?","Likes":""},{"Name":"","Category":"","Rating":" 5 stars ","Number_of_Reviews":"","Address":"","Reviewer":"Albert Jung","Reviewer_page":"https://www.google.com/maps/contrib/114868479171429621455/reviews?hl=en-US","Review_time":"2 years ago","Review":"It's Starbucks what's not to like","Likes":""},{"Name":"","Category":"","Rating":" 5 stars ","Number_of_Reviews":"","Address":"","Reviewer":"Robert Delmarter","Reviewer_page":"https://www.google.com/maps/contrib/109898340532083199821/reviews?hl=en-US","Review_time":"4 years ago","Review":"Always good coffee","Likes":""},{"Name":"","Category":"","Rating":" 5 stars ","Number_of_Reviews":"","Address":"","Reviewer":"Michael Steward","Reviewer_page":"https://www.google.com/maps/contrib/113288624261491117534/reviews?hl=en-US","Review_time":"4 years ago","Review":"Nice quiet location at times","Likes":""},{"Name":"","Category":"","Rating":" 3 stars ","Number_of_Reviews":"","Address":"","Reviewer":"Dmitriy L","Reviewer_page":"https://www.google.com/maps/contrib/103497408907987412748/reviews?hl=en-US","Review_time":"4 years ago","Review":"Very slow service location.","Likes":""},{"Name":"","Category":"","Rating":" 4 stars ","Number_of_Reviews":"","Address":"","Reviewer":"Chris Castillo","Reviewer_page":"https://www.google.com/maps/contrib/108812099813978397551/reviews?hl=en-US","Review_time":"4 years ago","Review":"Always good coffee","Likes":""},{"Name":"","Category":"","Rating":" 5 stars ","Number_of_Reviews":"","Address":"","Reviewer":"Mark Mayo","Reviewer_page":"https://www.google.com/maps/contrib/103992732519049111744/reviews?hl=en-US","Review_time":"2 years ago","Review":"Friendly servers,  cozy place","Likes":""},{"Name":"","Category":"","Rating":" 5 stars ","Number_of_Reviews":"","Address":"","Reviewer":"John Avanti","Reviewer_page":"https://www.google.com/maps/contrib/115672820651156993323/reviews?hl=en-US","Review_time":"9 months ago","Review":"Good servive","Likes":""},{"Name":"","Category":"","Rating":" 5 stars ","Number_of_Reviews":"","Address":"","Reviewer":"keith rogers","Reviewer_page":"https://www.google.com/maps/contrib/105386954702075215321/reviews?hl=en-US","Review_time":"3 years ago","Review":"Good service and drinks","Likes":""},{"Name":"","Category":"","Rating":" 3 stars ","Number_of_Reviews":"","Address":"","Reviewer":"Dzevad Muric","Reviewer_page":"https://www.google.com/maps/contrib/106121895596632084662/reviews?hl=en-US","Review_time":"6 months ago","Review":"Service is 50/50","Likes":"1"},{"Name":"","Category":"","Rating":" 5 stars ","Number_of_Reviews":"","Address":"","Reviewer":"Angela B.","Reviewer_page":"https://www.google.com/maps/contrib/114526200235669272871/reviews?hl=en-US","Review_time":"6 years ago","Review":"The servers here are awesome.","Likes":""},{"Name":"","Category":"","Rating":" 5 stars ","Number_of_Reviews":"","Address":"","Reviewer":"C Xu","Reviewer_page":"https://www.google.com/maps/contrib/114697767889338740301/reviews?hl=en-US","Review_time":"5 years ago","Review":"Nice place","Likes":""},{"Name":"","Category":"","Rating":" 5 stars ","Number_of_Reviews":"","Address":"","Reviewer":"Wilson Santiago","Reviewer_page":"https://www.google.com/maps/contrib/104644971522778368671/reviews?hl=en-US","Review_time":"3 years ago","Review":"Gotta get my jitters on..lol","Likes":""},{"Name":"","Category":"","Rating":" 4 stars ","Number_of_Reviews":"","Address":"","Reviewer":"I'm Trite","Reviewer_page":"https://www.google.com/maps/contrib/104533429993345533409/reviews?hl=en-US","Review_time":"a year ago","Review":"Good brew","Likes":""},{"Name":"","Category":"","Rating":" 3 stars ","Number_of_Reviews":"","Address":"","Reviewer":"love donna","Reviewer_page":"https://www.google.com/maps/contrib/106879692488237223671/reviews?hl=en-US","Review_time":"4 years ago","Review":"Ok ish","Likes":""},{"Name":"","Category":"","Rating":" 5 stars ","Number_of_Reviews":"","Address":"","Reviewer":"Saul Sabino","Reviewer_page":"https://www.google.com/maps/contrib/103296537014864997335/reviews?hl=en-US","Review_time":"3 years ago","Review":"Great spot for coffee","Likes":""},{"Name":"","Category":"","Rating":" 5 stars ","Number_of_Reviews":"","Address":"","Reviewer":"Alex Chan","Reviewer_page":"https://www.google.com/maps/contrib/117282404904828392345/reviews?hl=en-US","Review_time":"3 years ago","Review":"Well maintained toilet.","Likes":""},{"Name":"","Category":"","Rating":" 4 stars ","Number_of_Reviews":"","Address":"","Reviewer":"Sandra Cuyler","Reviewer_page":"https://www.google.com/maps/contrib/116717048026266672480/reviews?hl=en-US","Review_time":"4 years ago","Review":"Breakfast sandwiches the best","Likes":""},{"Name":"","Category":"","Rating":" 2 stars ","Number_of_Reviews":"","Address":"","Reviewer":"Mohamed Bah","Reviewer_page":"https://www.google.com/maps/contrib/101524604597533559425/reviews?hl=en-US","Review_time":"2 years ago","Review":"No bathroom for customers","Likes":""},{"Name":"","Category":"","Rating":" 3 stars ","Number_of_Reviews":"","Address":"","Reviewer":"Fannar Örn Maximus Hermannsson","Reviewer_page":"https://www.google.com/maps/contrib/110398491008616925976/reviews?hl=en-US","Review_time":"7 years ago","Review":"Coffee mm","Likes":""},{"Name":"","Category":"","Rating":" 5 stars ","Number_of_Reviews":"","Address":"","Reviewer":"Rendy Ariandi","Reviewer_page":"https://www.google.com/maps/contrib/108949624529379778886/reviews?hl=en-US","Review_time":"a year ago","Review":"Nice","Likes":""},{"Name":"","Category":"","Rating":" 5 stars ","Number_of_Reviews":"","Address":"","Reviewer":"Jonathan A.","Reviewer_page":"https://www.google.com/maps/contrib/102495213926503229627/reviews?hl=en-US","Review_time":"5 years ago","Review":"Great Starbucks.","Likes":""},{"Name":"","Category":"","Rating":" 5 stars ","Number_of_Reviews":"","Address":"","Reviewer":"Sergio Grajeda","Reviewer_page":"https://www.google.com/maps/contrib/101379488866940488173/reviews?hl=en-US","Review_time":"a year ago","Review":"Awesome stuff","Likes":""},{"Name":"","Category":"","Rating":" 4 stars ","Number_of_Reviews":"","Address":"","Reviewer":"Christopher Jackson","Reviewer_page":"https://www.google.com/maps/contrib/112129456073499618555/reviews?hl=en-US","Review_time":"5 years ago","Review":"Clean yet small","Likes":""},{"Name":"","Category":"","Rating":" 1 star ","Number_of_Reviews":"","Address":"","Reviewer":"Mehmet","Reviewer_page":"https://www.google.com/maps/contrib/116572965517524797734/reviews?hl=en-US","Review_time":"3 years ago","Review":"Service very bad","Likes":""},{"Name":"","Category":"","Rating":" 5 stars ","Number_of_Reviews":"","Address":"","Reviewer":"Elizabeth Marcano","Reviewer_page":"https://www.google.com/maps/contrib/118230621004065615029/reviews?hl=en-US","Review_time":"3 years ago","Review":"U know i love ya","Likes":""},{"Name":"","Category":"","Rating":" 4 stars ","Number_of_Reviews":"","Address":"","Reviewer":"M “Purple Lady” Acevedo","Reviewer_page":"https://www.google.com/maps/contrib/117503215918257228926/reviews?hl=en-US","Review_time":"4 years ago","Review":"Great coffeeshop","Likes":""},{"Name":"","Category":"","Rating":" 4 stars ","Number_of_Reviews":"","Address":"","Reviewer":"Magali Urrutibehety","Reviewer_page":"https://www.google.com/maps/contrib/112802889365251007921/reviews?hl=en-US","Review_time":"6 years ago","Review":"Great WiFi","Likes":""},{"Name":"","Category":"","Rating":" 5 stars ","Number_of_Reviews":"","Address":"","Reviewer":"Joe Colón","Reviewer_page":"https://www.google.com/maps/contrib/112804080336788408750/reviews?hl=en-US","Review_time":"5 years ago","Review":"Clean..5 stats","Likes":""},{"Name":"","Category":"","Rating":" 5 stars ","Number_of_Reviews":"","Address":"","Reviewer":"CASHOUT KIDZ","Reviewer_page":"https://www.google.com/maps/contrib/101182146117574733646/reviews?hl=en-US","Review_time":"3 years ago","Review":"Good snacks","Likes":""},{"Name":"","Category":"","Rating":" 4 stars ","Number_of_Reviews":"","Address":"","Reviewer":"Koji","Reviewer_page":"https://www.google.com/maps/contrib/116070497321621435801/reviews?hl=en-US","Review_time":"5 years ago","Review":"Very good.","Likes":""},{"Name":"","Category":"","Rating":" 5 stars ","Number_of_Reviews":"","Address":"","Reviewer":"Marisol Perez","Reviewer_page":"https://www.google.com/maps/contrib/111854954195775389502/reviews?hl=en-US","Review_time":"3 years ago","Review":"Neat &+ quick","Likes":""},{"Name":"","Category":"","Rating":" 5 stars ","Number_of_Reviews":"","Address":"","Reviewer":"André McAdoo","Reviewer_page":"https://www.google.com/maps/contrib/101780141207981046800/reviews?hl=en-US","Review_time":"3 years ago","Review":"Great service","Likes":""},{"Name":"","Category":"","Rating":" 4 stars ","Number_of_Reviews":"","Address":"","Reviewer":"Donald Vega","Reviewer_page":"https://www.google.com/maps/contrib/105079411196720113115/reviews?hl=en-US","Review_time":"5 years ago","Review":"Quick and friendly","Likes":""},{"Name":"","Category":"","Rating":" 5 stars ","Number_of_Reviews":"","Address":"","Reviewer":"Santos Ramos","Reviewer_page":"https://www.google.com/maps/contrib/111151921065889772301/reviews?hl=en-US","Review_time":"2 years ago","Review":"Nice and quite","Likes":""},{"Name":"","Category":"","Rating":" 4 stars ","Number_of_Reviews":"","Address":"","Reviewer":"KingBacca02","Reviewer_page":"https://www.google.com/maps/contrib/113156437174900236706/reviews?hl=en-US","Review_time":"3 years ago","Review":"Decent","Likes":"1"},{"Name":"","Category":"","Rating":" 4 stars ","Number_of_Reviews":"","Address":"","Reviewer":"Jarjayes Mully","Reviewer_page":"https://www.google.com/maps/contrib/113364116819232688206/reviews?hl=en-US","Review_time":"4 years ago","Review":"as well","Likes":""},{"Name":"","Category":"","Rating":" 5 stars ","Number_of_Reviews":"","Address":"","Reviewer":"Steven Tkaczyk","Reviewer_page":"https://www.google.com/maps/contrib/112886888679010695911/reviews?hl=en-US","Review_time":"3 years ago","Review":"Great","Likes":""},{"Name":"","Category":"","Rating":" 5 stars ","Number_of_Reviews":"","Address":"","Reviewer":"Ndukwe Agwu","Reviewer_page":"https://www.google.com/maps/contrib/116584654608045002218/reviews?hl=en-US","Review_time":"6 years ago","Review":"Love this location","Likes":""},{"Name":"","Category":"","Rating":" 2 stars ","Number_of_Reviews":"","Address":"","Reviewer":"Patrick","Reviewer_page":"https://www.google.com/maps/contrib/108722523215906527352/reviews?hl=en-US","Review_time":"6 years ago","Review":"Bad coffee","Likes":""},{"Name":"","Category":"","Rating":" 3 stars ","Number_of_Reviews":"","Address":"","Reviewer":"Benjamen Cavell","Reviewer_page":"https://www.google.com/maps/contrib/104782142856571184872/reviews?hl=en-US","Review_time":"6 years ago","Review":"Average coffee.","Likes":""},{"Name":"","Category":"","Rating":" 5 stars ","Number_of_Reviews":"","Address":"","Reviewer":"J S","Reviewer_page":"https://www.google.com/maps/contrib/114487396042571984890/reviews?hl=en-US","Review_time":"3 years ago","Review":"Starbucks","Likes":""},{"Name":"","Category":"","Rating":" 5 stars ","Number_of_Reviews":"","Address":"","Reviewer":"Lukas Mwanthi","Reviewer_page":"https://www.google.com/maps/contrib/105375298941038282533/reviews?hl=en-US","Review_time":"6 years ago","Review":"Thumbs up.","Likes":""},{"Name":"","Category":"","Rating":" 5 stars ","Number_of_Reviews":"","Address":"","Reviewer":"Angela Brown","Reviewer_page":"https://www.google.com/maps/contrib/110270512561612854754/reviews?hl=en-US","Review_time":"4 years ago","Review":"Amazing !!!!","Likes":""},{"Name":"","Category":"","Rating":" 5 stars ","Number_of_Reviews":"","Address":"","Reviewer":"Anthony Aurelia","Reviewer_page":"https://www.google.com/maps/contrib/103738735862293756730/reviews?hl=en-US","Review_time":"a day ago","Review":"Best in the area","Likes":""},{"Name":"","Category":"","Rating":" 4 stars ","Number_of_Reviews":"","Address":"","Reviewer":"Alex Braun","Reviewer_page":"https://www.google.com/maps/contrib/107140963946753122535/reviews?hl=en-US","Review_time":"a year ago","Review":"(Translated by Google) Usually solid branch of the coffee chain offers a complete package.\nWhen ordering, the staff was always courteous and friendly when ordering.\nSo basically nothing negative occurs to me that I could fault.\n\n(Original)\nGewöhnlich solide Filiale der Kaffeekette ein rundes Gesamtpaket bietet.\nBei der Bestellung war das Personal war immer zuvorkommend und freundlich bei der Bestellung.\nMir fällt somit im Grunde nichts negatives ein was ich bemängeln könnte.","Likes":""},{"Name":"","Category":"","Rating":" 5 stars ","Number_of_Reviews":"","Address":"","Reviewer":"Alex Maresti","Reviewer_page":"https://www.google.com/maps/contrib/112231687440332010914/reviews?hl=en-US","Review_time":"4 years ago","Review":"(Translated by Google) Now an American icon .. One can be found every km .. It seems trivial but I have always felt good, excellent quality but above all nice and friendly staff .. Good\n\n(Original)\nOrmai un'icona americana.. Se ne trova uno ogni km.. Sembra banale ma mi sono sempre trovato bene, ottima qualità ma soprattutto personale simpatico e cordiale.. Bravi","Likes":""},{"Name":"","Category":"","Rating":" 3 stars ","Number_of_Reviews":"","Address":"","Reviewer":"Valentin Chatelard","Reviewer_page":"https://www.google.com/maps/contrib/114147345681087679364/reviews?hl=en-US","Review_time":"5 years ago","Review":"(Translated by Google) Coffee and teavana very nice. Home unfriendly. Premises little clean.\n\nCoffee and teavana good. Not really clean. Team not really happy.\n\n(Original)\nCafé et teavana très agréable. Accueil peu convivial. Locaux peu propre.\n\nCoffee and teavana good. Not really clean. Team not really happy.","Likes":""},{"Name":"","Category":"","Rating":" 4 stars ","Number_of_Reviews":"","Address":"","Reviewer":"Sara Schwaycer","Reviewer_page":"https://www.google.com/maps/contrib/110875669368362184287/reviews?hl=en-US","Review_time":"a year ago","Review":"(Translated by Google) Good as always.\nA little dirty this\n\n(Original)\nBien como siempre.\nUn poco sucio este","Likes":""},{"Name":"","Category":"","Rating":" 4 stars ","Number_of_Reviews":"","Address":"","Reviewer":"siong zhong","Reviewer_page":"https://www.google.com/maps/contrib/106953083749510839335/reviews?hl=en-US","Review_time":"7 months ago","Review":"(Translated by Google) good service\n\n(Original)\n服务不错","Likes":""},{"Name":"","Category":"","Rating":" 5 stars ","Number_of_Reviews":"","Address":"","Reviewer":"Carlos Ahumada","Reviewer_page":"https://www.google.com/maps/contrib/110969073333169267098/reviews?hl=en-US","Review_time":"a year ago","Review":"(Translated by Google) I like this place\n\n(Original)\nMe gusta este lugar","Likes":""},{"Name":"","Category":"","Rating":" 5 stars ","Number_of_Reviews":"","Address":"","Reviewer":"Sam Chavi","Reviewer_page":"https://www.google.com/maps/contrib/115790279706091302742/reviews?hl=en-US","Review_time":"a month ago","Review":"","Likes":""},{"Name":"","Category":"","Rating":" 5 stars ","Number_of_Reviews":"","Address":"","Reviewer":"RICARDO TARRAGÔ","Reviewer_page":"https://www.google.com/maps/contrib/116165695316378042231/reviews?hl=en-US","Review_time":"2 years ago","Review":"(Translated by Google) Excellent\n\n(Original)\nExcelent","Likes":"1"},{"Name":"","Category":"","Rating":" 3 stars ","Number_of_Reviews":"","Address":"","Reviewer":"Yongseok Kang","Reviewer_page":"https://www.google.com/maps/contrib/114985639157081880174/reviews?hl=en-US","Review_time":"4 years ago","Review":"(Translated by Google) like\n\n(Original)\n좋아요","Likes":""},{"Name":"","Category":"","Rating":" 4 stars ","Number_of_Reviews":"","Address":"","Reviewer":"HYUKJAE OCK","Reviewer_page":"https://www.google.com/maps/contrib/115388433772551656733/reviews?hl=en-US","Review_time":"4 years ago","Review":"(Translated by Google) like\n\n(Original)\n좋아요","Likes":""},{"Name":"","Category":"","Rating":" 5 stars ","Number_of_Reviews":"","Address":"","Reviewer":"Pandora charles","Reviewer_page":"https://www.google.com/maps/contrib/112275574485346375887/reviews?hl=en-US","Review_time":"8 months ago","Review":"","Likes":""},{"Name":"","Category":"","Rating":" 5 stars ","Number_of_Reviews":"","Address":"","Reviewer":"Andy Ward","Reviewer_page":"https://www.google.com/maps/contrib/117555502912438034595/reviews?hl=en-US","Review_time":"a year ago","Review":"","Likes":""},{"Name":"","Category":"","Rating":" 5 stars ","Number_of_Reviews":"","Address":"","Reviewer":"THE AB LAB","Reviewer_page":"https://www.google.com/maps/contrib/115808170064691350600/reviews?hl=en-US","Review_time":"a year ago","Review":"","Likes":""},{"Name":"","Category":"","Rating":" 5 stars ","Number_of_Reviews":"","Address":"","Reviewer":"Eduardo Vasquez","Reviewer_page":"https://www.google.com/maps/contrib/103429631387155676728/reviews?hl=en-US","Review_time":"a year ago","Review":"","Likes":""},{"Name":"","Category":"","Rating":" 5 stars ","Number_of_Reviews":"","Address":"","Reviewer":"muhammad sheikh","Reviewer_page":"https://www.google.com/maps/contrib/115785078877785973451/reviews?hl=en-US","Review_time":"a year ago","Review":"","Likes":""},{"Name":"","Category":"","Rating":" 4 stars ","Number_of_Reviews":"","Address":"","Reviewer":"Damian Solpa","Reviewer_page":"https://www.google.com/maps/contrib/105910091966788863285/reviews?hl=en-US","Review_time":"a year ago","Review":"","Likes":""},{"Name":"","Category":"","Rating":" 5 stars ","Number_of_Reviews":"","Address":"","Reviewer":"RoyaLe LeeGue Presents","Reviewer_page":"https://www.google.com/maps/contrib/107639663912911330191/reviews?hl=en-US","Review_time":"a year ago","Review":"","Likes":""},{"Name":"","Category":"","Rating":" 5 stars ","Number_of_Reviews":"","Address":"","Reviewer":"Lokum Candy","Reviewer_page":"https://www.google.com/maps/contrib/108790464411872221917/reviews?hl=en-US","Review_time":"2 years ago","Review":"","Likes":""},{"Name":"","Category":"","Rating":" 5 stars ","Number_of_Reviews":"","Address":"","Reviewer":"Qian Chen","Reviewer_page":"https://www.google.com/maps/contrib/114463042587535777228/reviews?hl=en-US","Review_time":"3 years ago","Review":"","Likes":""},{"Name":"","Category":"","Rating":" 5 stars ","Number_of_Reviews":"","Address":"","Reviewer":"Abderraouf Djafri","Reviewer_page":"https://www.google.com/maps/contrib/106780885520635830950/reviews?hl=en-US","Review_time":"2 years ago","Review":"","Likes":""},{"Name":"","Category":"","Rating":" 3 stars ","Number_of_Reviews":"","Address":"","Reviewer":"Mehdi Naghdi","Reviewer_page":"https://www.google.com/maps/contrib/118075118360946342701/reviews?hl=en-US","Review_time":"5 years ago","Review":"","Likes":""},{"Name":"","Category":"","Rating":" 5 stars ","Number_of_Reviews":"","Address":"","Reviewer":"Florence Shtundel","Reviewer_page":"https://www.google.com/maps/contrib/104388065186686845176/reviews?hl=en-US","Review_time":"4 years ago","Review":"","Likes":""},{"Name":"","Category":"","Rating":" 1 star ","Number_of_Reviews":"","Address":"","Reviewer":"Richard S","Reviewer_page":"https://www.google.com/maps/contrib/103834406104884594280/reviews?hl=en-US","Review_time":"6 months ago","Review":"","Likes":""},{"Name":"","Category":"","Rating":" 5 stars ","Number_of_Reviews":"","Address":"","Reviewer":"Ran Akiva","Reviewer_page":"https://www.google.com/maps/contrib/111088987084933636948/reviews?hl=en-US","Review_time":"6 years ago","Review":"","Likes":""},{"Name":"","Category":"","Rating":" 5 stars ","Number_of_Reviews":"","Address":"","Reviewer":"Jared Stock","Reviewer_page":"https://www.google.com/maps/contrib/107516150691923968811/reviews?hl=en-US","Review_time":"5 years ago","Review":"","Likes":""},{"Name":"","Category":"","Rating":" 4 stars ","Number_of_Reviews":"","Address":"","Reviewer":"Angelina M","Reviewer_page":"https://www.google.com/maps/contrib/115447319386828619922/reviews?hl=en-US","Review_time":"4 years ago","Review":"","Likes":""},{"Name":"","Category":"","Rating":" 4 stars ","Number_of_Reviews":"","Address":"","Reviewer":"Steve Ginther","Reviewer_page":"https://www.google.com/maps/contrib/105023165219170662300/reviews?hl=en-US","Review_time":"7 years ago","Review":"","Likes":""},{"Name":"","Category":"","Rating":" 5 stars ","Number_of_Reviews":"","Address":"","Reviewer":"Wynee Severino","Reviewer_page":"https://www.google.com/maps/contrib/102752777550621031079/reviews?hl=en-US","Review_time":"4 years ago","Review":"","Likes":""},{"Name":"","Category":"","Rating":" 4 stars ","Number_of_Reviews":"","Address":"","Reviewer":"ken kin","Reviewer_page":"https://www.google.com/maps/contrib/102854312139464356449/reviews?hl=en-US","Review_time":"2 years ago","Review":"","Likes":""},{"Name":"","Category":"","Rating":" 4 stars ","Number_of_Reviews":"","Address":"","Reviewer":"AiiiDEN KiiiNG","Reviewer_page":"https://www.google.com/maps/contrib/105214293677015497653/reviews?hl=en-US","Review_time":"a year ago","Review":"","Likes":""},{"Name":"","Category":"","Rating":" 5 stars ","Number_of_Reviews":"","Address":"","Reviewer":"Rajuan Campbell","Reviewer_page":"https://www.google.com/maps/contrib/107992913041791576990/reviews?hl=en-US","Review_time":"2 years ago","Review":"","Likes":""},{"Name":"","Category":"","Rating":" 4 stars ","Number_of_Reviews":"","Address":"","Reviewer":"Mark","Reviewer_page":"https://www.google.com/maps/contrib/111927889985526603108/reviews?hl=en-US","Review_time":"4 years ago","Review":"","Likes":""},{"Name":"","Category":"","Rating":" 3 stars ","Number_of_Reviews":"","Address":"","Reviewer":"Jon Arnold","Reviewer_page":"https://www.google.com/maps/contrib/109847663563896345091/reviews?hl=en-US","Review_time":"5 years ago","Review":"","Likes":""},{"Name":"","Category":"","Rating":" 4 stars ","Number_of_Reviews":"","Address":"","Reviewer":"DOWNTOWN MGT & REALTY LLC","Reviewer_page":"https://www.google.com/maps/contrib/102105353480131950715/reviews?hl=en-US","Review_time":"3 years ago","Review":"","Likes":""},{"Name":"","Category":"","Rating":" 5 stars ","Number_of_Reviews":"","Address":"","Reviewer":"Danielle Snedecor","Reviewer_page":"https://www.google.com/maps/contrib/100625812282917411828/reviews?hl=en-US","Review_time":"3 years ago","Review":"","Likes":""},{"Name":"","Category":"","Rating":" 5 stars ","Number_of_Reviews":"","Address":"","Reviewer":"Junior Martinez","Reviewer_page":"https://www.google.com/maps/contrib/105573783966422063170/reviews?hl=en-US","Review_time":"a year ago","Review":"","Likes":""},{"Name":"","Category":"","Rating":" 5 stars ","Number_of_Reviews":"","Address":"","Reviewer":"Sarah Reichert","Reviewer_page":"https://www.google.com/maps/contrib/117879709123022140303/reviews?hl=en-US","Review_time":"4 years ago","Review":"","Likes":""},{"Name":"","Category":"","Rating":" 5 stars ","Number_of_Reviews":"","Address":"","Reviewer":"Meleah Sanchez","Reviewer_page":"https://www.google.com/maps/contrib/112294500018965608117/reviews?hl=en-US","Review_time":"4 years ago","Review":"","Likes":""},{"Name":"","Category":"","Rating":" 5 stars ","Number_of_Reviews":"","Address":"","Reviewer":"jean baptiste Dalido","Reviewer_page":"https://www.google.com/maps/contrib/107527392338380737216/reviews?hl=en-US","Review_time":"4 years ago","Review":"","Likes":""},{"Name":"","Category":"","Rating":" 5 stars ","Number_of_Reviews":"","Address":"","Reviewer":"Arthur Rivers","Reviewer_page":"https://www.google.com/maps/contrib/104836409474230195475/reviews?hl=en-US","Review_time":"2 years ago","Review":"","Likes":""},{"Name":"","Category":"","Rating":" 5 stars ","Number_of_Reviews":"","Address":"","Reviewer":"Magdalena Zubillaga","Reviewer_page":"https://www.google.com/maps/contrib/105417678078815042940/reviews?hl=en-US","Review_time":"4 years ago","Review":"","Likes":""},{"Name":"","Category":"","Rating":" 4 stars ","Number_of_Reviews":"","Address":"","Reviewer":"Grant R","Reviewer_page":"https://www.google.com/maps/contrib/110339998466185197390/reviews?hl=en-US","Review_time":"3 years ago","Review":"","Likes":""},{"Name":"","Category":"","Rating":" 4 stars ","Number_of_Reviews":"","Address":"","Reviewer":"Justin Carreras","Reviewer_page":"https://www.google.com/maps/contrib/103734473716420309346/reviews?hl=en-US","Review_time":"3 years ago","Review":"","Likes":""},{"Name":"","Category":"","Rating":" 4 stars ","Number_of_Reviews":"","Address":"","Reviewer":"Vin C","Reviewer_page":"https://www.google.com/maps/contrib/107669202517674394036/reviews?hl=en-US","Review_time":"4 years ago","Review":"","Likes":""},{"Name":"","Category":"","Rating":" 5 stars ","Number_of_Reviews":"","Address":"","Reviewer":"George Jarema","Reviewer_page":"https://www.google.com/maps/contrib/109226240592615849198/reviews?hl=en-US","Review_time":"4 years ago","Review":"","Likes":""},{"Name":"","Category":"","Rating":" 4 stars ","Number_of_Reviews":"","Address":"","Reviewer":"Linhao Jiang","Reviewer_page":"https://www.google.com/maps/contrib/117734500487269079870/reviews?hl=en-US","Review_time":"4 years ago","Review":"","Likes":""},{"Name":"","Category":"","Rating":" 3 stars ","Number_of_Reviews":"","Address":"","Reviewer":"Ebony Branch","Reviewer_page":"https://www.google.com/maps/contrib/116905727047085032708/reviews?hl=en-US","Review_time":"4 years ago","Review":"","Likes":""},{"Name":"","Category":"","Rating":" 5 stars ","Number_of_Reviews":"","Address":"","Reviewer":"Gustavo Lopez","Reviewer_page":"https://www.google.com/maps/contrib/117558887302264700581/reviews?hl=en-US","Review_time":"6 years ago","Review":"","Likes":""},{"Name":"","Category":"","Rating":" 5 stars ","Number_of_Reviews":"","Address":"","Reviewer":"Efrain Negron","Reviewer_page":"https://www.google.com/maps/contrib/114316950995990450760/reviews?hl=en-US","Review_time":"5 years ago","Review":"","Likes":""},{"Name":"","Category":"","Rating":" 3 stars ","Number_of_Reviews":"","Address":"","Reviewer":"Va Pi","Reviewer_page":"https://www.google.com/maps/contrib/105610586684380268673/reviews?hl=en-US","Review_time":"6 years ago","Review":"","Likes":""},{"Name":"","Category":"","Rating":" 5 stars ","Number_of_Reviews":"","Address":"","Reviewer":"Jonathan Snape","Reviewer_page":"https://www.google.com/maps/contrib/112529024803551006728/reviews?hl=en-US","Review_time":"5 years ago","Review":"","Likes":""},{"Name":"","Category":"","Rating":" 1 star ","Number_of_Reviews":"","Address":"","Reviewer":"George Pirve","Reviewer_page":"https://www.google.com/maps/contrib/103876659809359785718/reviews?hl=en-US","Review_time":"5 years ago","Review":"","Likes":""},{"Name":"","Category":"","Rating":" 5 stars ","Number_of_Reviews":"","Address":"","Reviewer":"Morium Biswas","Reviewer_page":"https://www.google.com/maps/contrib/117259385254861968743/reviews?hl=en-US","Review_time":"8 months ago","Review":"","Likes":""},{"Name":"","Category":"","Rating":" 5 stars ","Number_of_Reviews":"","Address":"","Reviewer":"Alina P","Reviewer_page":"https://www.google.com/maps/contrib/103494537398724678853/reviews?hl=en-US","Review_time":"11 months ago","Review":"","Likes":""},{"Name":"","Category":"","Rating":" 5 stars ","Number_of_Reviews":"","Address":"","Reviewer":"竹山輝","Reviewer_page":"https://www.google.com/maps/contrib/101065181446731097445/reviews?hl=en-US","Review_time":"a year ago","Review":"","Likes":""},{"Name":"","Category":"","Rating":" 3 stars ","Number_of_Reviews":"","Address":"","Reviewer":"Dong Lin","Reviewer_page":"https://www.google.com/maps/contrib/112690315350634911775/reviews?hl=en-US","Review_time":"6 years ago","Review":"","Likes":""},{"Name":"","Category":"","Rating":" 5 stars ","Number_of_Reviews":"","Address":"","Reviewer":"Nerchavah Yisrael","Reviewer_page":"https://www.google.com/maps/contrib/111996778866211100848/reviews?hl=en-US","Review_time":"2 years ago","Review":"","Likes":""},{"Name":"","Category":"","Rating":" 4 stars ","Number_of_Reviews":"","Address":"","Reviewer":"Tom Wilton","Reviewer_page":"https://www.google.com/maps/contrib/105703190987449280591/reviews?hl=en-US","Review_time":"5 years ago","Review":"","Likes":""},{"Name":"","Category":"","Rating":" 4 stars ","Number_of_Reviews":"","Address":"","Reviewer":"Emily La Rose","Reviewer_page":"https://www.google.com/maps/contrib/106038055931841215186/reviews?hl=en-US","Review_time":"6 years ago","Review":"","Likes":""},{"Name":"","Category":"","Rating":" 3 stars ","Number_of_Reviews":"","Address":"","Reviewer":"Michelle Lopez","Reviewer_page":"https://www.google.com/maps/contrib/118353139096365729819/reviews?hl=en-US","Review_time":"4 years ago","Review":"","Likes":""},{"Name":"","Category":"","Rating":" 5 stars ","Number_of_Reviews":"","Address":"","Reviewer":"jessica haney","Reviewer_page":"https://www.google.com/maps/contrib/100323047577951531814/reviews?hl=en-US","Review_time":"a year ago","Review":"","Likes":""},{"Name":"","Category":"","Rating":" 5 stars ","Number_of_Reviews":"","Address":"","Reviewer":"Gina Martinez","Reviewer_page":"https://www.google.com/maps/contrib/112450420915119257493/reviews?hl=en-US","Review_time":"4 years ago","Review":"","Likes":""},{"Name":"","Category":"","Rating":" 4 stars ","Number_of_Reviews":"","Address":"","Reviewer":"Ronald Mendoza","Reviewer_page":"https://www.google.com/maps/contrib/113248336436403192459/reviews?hl=en-US","Review_time":"3 years ago","Review":"","Likes":""},{"Name":"","Category":"","Rating":" 4 stars ","Number_of_Reviews":"","Address":"","Reviewer":"Wii L","Reviewer_page":"https://www.google.com/maps/contrib/112352616160601092271/reviews?hl=en-US","Review_time":"5 years ago","Review":"","Likes":""},{"Name":"","Category":"","Rating":" 3 stars ","Number_of_Reviews":"","Address":"","Reviewer":"Victoria Torres","Reviewer_page":"https://www.google.com/maps/contrib/115485126335892554743/reviews?hl=en-US","Review_time":"5 years ago","Review":"","Likes":""},{"Name":"","Category":"","Rating":" 5 stars ","Number_of_Reviews":"","Address":"","Reviewer":"Courgette kp","Reviewer_page":"https://www.google.com/maps/contrib/116370425713539476950/reviews?hl=en-US","Review_time":"3 years ago","Review":"","Likes":""},{"Name":"","Category":"","Rating":" 5 stars ","Number_of_Reviews":"","Address":"","Reviewer":"Larry The Native Guy","Reviewer_page":"https://www.google.com/maps/contrib/104483035889544136793/reviews?hl=en-US","Review_time":"4 years ago","Review":"","Likes":""},{"Name":"","Category":"","Rating":" 5 stars ","Number_of_Reviews":"","Address":"","Reviewer":"Zach","Reviewer_page":"https://www.google.com/maps/contrib/114120055484073135078/reviews?hl=en-US","Review_time":"5 years ago","Review":"","Likes":""},{"Name":"","Category":"","Rating":" 5 stars ","Number_of_Reviews":"","Address":"","Reviewer":"Jeannelle Guzvez","Reviewer_page":"https://www.google.com/maps/contrib/113858441444615415643/reviews?hl=en-US","Review_time":"3 years ago","Review":"","Likes":""},{"Name":"","Category":"","Rating":" 3 stars ","Number_of_Reviews":"","Address":"","Reviewer":"zhishang peng","Reviewer_page":"https://www.google.com/maps/contrib/103554843262900251826/reviews?hl=en-US","Review_time":"3 years ago","Review":"","Likes":""},{"Name":"","Category":"","Rating":" 3 stars ","Number_of_Reviews":"","Address":"","Reviewer":"MICHAEL LEBOWITZ","Reviewer_page":"https://www.google.com/maps/contrib/109910699127808369050/reviews?hl=en-US","Review_time":"5 years ago","Review":"","Likes":""},{"Name":"","Category":"","Rating":" 5 stars ","Number_of_Reviews":"","Address":"","Reviewer":"Shanie Butler","Reviewer_page":"https://www.google.com/maps/contrib/107636215339275717950/reviews?hl=en-US","Review_time":"5 years ago","Review":"","Likes":""},{"Name":"","Category":"","Rating":" 5 stars ","Number_of_Reviews":"","Address":"","Reviewer":"Lily Siu","Reviewer_page":"https://www.google.com/maps/contrib/105110712253862373270/reviews?hl=en-US","Review_time":"3 years ago","Review":"","Likes":""},{"Name":"","Category":"","Rating":" 5 stars ","Number_of_Reviews":"","Address":"","Reviewer":"jose vargas","Reviewer_page":"https://www.google.com/maps/contrib/116720168234951198669/reviews?hl=en-US","Review_time":"3 years ago","Review":"","Likes":""},{"Name":"","Category":"","Rating":" 3 stars ","Number_of_Reviews":"","Address":"","Reviewer":"Omar Albarghouty","Reviewer_page":"https://www.google.com/maps/contrib/114181133522610455187/reviews?hl=en-US","Review_time":"3 years ago","Review":"","Likes":""},{"Name":"","Category":"","Rating":" 3 stars ","Number_of_Reviews":"","Address":"","Reviewer":"Unique Jones (Uniquesin)","Reviewer_page":"https://www.google.com/maps/contrib/107293201883147913549/reviews?hl=en-US","Review_time":"3 years ago","Review":"","Likes":""},{"Name":"","Category":"","Rating":" 5 stars ","Number_of_Reviews":"","Address":"","Reviewer":"celeste Layne","Reviewer_page":"https://www.google.com/maps/contrib/101764731829643068049/reviews?hl=en-US","Review_time":"3 years ago","Review":"","Likes":""},{"Name":"","Category":"","Rating":" 3 stars ","Number_of_Reviews":"","Address":"","Reviewer":"Taibum Song","Reviewer_page":"https://www.google.com/maps/contrib/104457303233120727528/reviews?hl=en-US","Review_time":"3 years ago","Review":"","Likes":""},{"Name":"","Category":"","Rating":" 5 stars ","Number_of_Reviews":"","Address":"","Reviewer":"Arsenio Rivera","Reviewer_page":"https://www.google.com/maps/contrib/107661303162463151761/reviews?hl=en-US","Review_time":"2 years ago","Review":"","Likes":""},{"Name":"","Category":"","Rating":" 4 stars ","Number_of_Reviews":"","Address":"","Reviewer":"Joseph Tung","Reviewer_page":"https://www.google.com/maps/contrib/111771178027364275743/reviews?hl=en-US","Review_time":"a year ago","Review":"","Likes":""},{"Name":"","Category":"","Rating":" 4 stars ","Number_of_Reviews":"","Address":"","Reviewer":"Manfry Martinez","Reviewer_page":"https://www.google.com/maps/contrib/112547967446686540445/reviews?hl=en-US","Review_time":"5 years ago","Review":"","Likes":""},{"Name":"","Category":"","Rating":" 4 stars ","Number_of_Reviews":"","Address":"","Reviewer":"Alejandro Vives","Reviewer_page":"https://www.google.com/maps/contrib/109716667541866744234/reviews?hl=en-US","Review_time":"5 years ago","Review":"","Likes":""},{"Name":"","Category":"","Rating":" 5 stars ","Number_of_Reviews":"","Address":"","Reviewer":"Adid Rahman","Reviewer_page":"https://www.google.com/maps/contrib/106231818196320652087/reviews?hl=en-US","Review_time":"5 years ago","Review":"","Likes":""},{"Name":"","Category":"","Rating":" 5 stars ","Number_of_Reviews":"","Address":"","Reviewer":"Otabek Abdazimov","Reviewer_page":"https://www.google.com/maps/contrib/107841238094195634828/reviews?hl=en-US","Review_time":"6 years ago","Review":"","Likes":""},{"Name":"","Category":"","Rating":" 3 stars ","Number_of_Reviews":"","Address":"","Reviewer":"Vivien Sager","Reviewer_page":"https://www.google.com/maps/contrib/114478648626290581913/reviews?hl=en-US","Review_time":"2 years ago","Review":"","Likes":""},{"Name":"","Category":"","Rating":" 5 stars ","Number_of_Reviews":"","Address":"","Reviewer":"Alexander Bagdasarov","Reviewer_page":"https://www.google.com/maps/contrib/106575705472426394436/reviews?hl=en-US","Review_time":"3 years ago","Review":"","Likes":""},{"Name":"","Category":"","Rating":" 5 stars ","Number_of_Reviews":"","Address":"","Reviewer":"Laura Macaddino","Reviewer_page":"https://www.google.com/maps/contrib/117758483333860807617/reviews?hl=en-US","Review_time":"4 years ago","Review":"","Likes":""},{"Name":"","Category":"","Rating":" 5 stars ","Number_of_Reviews":"","Address":"","Reviewer":"Jeremiah “Swaggeriffic88” Spellman","Reviewer_page":"https://www.google.com/maps/contrib/107241864585038442557/reviews?hl=en-US","Review_time":"a year ago","Review":"","Likes":""},{"Name":"","Category":"","Rating":" 3 stars ","Number_of_Reviews":"","Address":"","Reviewer":"David Lachmish","Reviewer_page":"https://www.google.com/maps/contrib/112813477465007708521/reviews?hl=en-US","Review_time":"5 years ago","Review":"","Likes":""},{"Name":"","Category":"","Rating":" 5 stars ","Number_of_Reviews":"","Address":"","Reviewer":"Evette Ramos","Reviewer_page":"https://www.google.com/maps/contrib/118363354120120813473/reviews?hl=en-US","Review_time":"3 years ago","Review":"","Likes":""},{"Name":"","Category":"","Rating":" 5 stars ","Number_of_Reviews":"","Address":"","Reviewer":"Tasha C. Miller","Reviewer_page":"https://www.google.com/maps/contrib/109240847427319421271/reviews?hl=en-US","Review_time":"3 years ago","Review":"","Likes":""},{"Name":"","Category":"","Rating":" 4 stars ","Number_of_Reviews":"","Address":"","Reviewer":"Aaron H","Reviewer_page":"https://www.google.com/maps/contrib/116460262477724456008/reviews?hl=en-US","Review_time":"3 years ago","Review":"","Likes":""},{"Name":"","Category":"","Rating":" 5 stars ","Number_of_Reviews":"","Address":"","Reviewer":"cal gichuhi","Reviewer_page":"https://www.google.com/maps/contrib/100549088601690731226/reviews?hl=en-US","Review_time":"3 weeks ago","Review":"","Likes":""},{"Name":"","Category":"","Rating":" 5 stars ","Number_of_Reviews":"","Address":"","Reviewer":"D B","Reviewer_page":"https://www.google.com/maps/contrib/109036529149059237435/reviews?hl=en-US","Review_time":"5 years ago","Review":"","Likes":""},{"Name":"","Category":"","Rating":" 5 stars ","Number_of_Reviews":"","Address":"","Reviewer":"Walter Johnson","Reviewer_page":"https://www.google.com/maps/contrib/100384629510987085246/reviews?hl=en-US","Review_time":"3 years ago","Review":"","Likes":""},{"Name":"","Category":"","Rating":" 5 stars ","Number_of_Reviews":"","Address":"","Reviewer":"Susannah Blum","Reviewer_page":"https://www.google.com/maps/contrib/113179243931804601838/reviews?hl=en-US","Review_time":"4 years ago","Review":"","Likes":""},{"Name":"","Category":"","Rating":" 5 stars ","Number_of_Reviews":"","Address":"","Reviewer":"E T","Reviewer_page":"https://www.google.com/maps/contrib/106947444059587193223/reviews?hl=en-US","Review_time":"2 years ago","Review":"","Likes":""},{"Name":"","Category":"","Rating":" 3 stars ","Number_of_Reviews":"","Address":"","Reviewer":"Mihai Chirilov","Reviewer_page":"https://www.google.com/maps/contrib/110978161219603250819/reviews?hl=en-US","Review_time":"3 years ago","Review":"","Likes":""},{"Name":"","Category":"","Rating":" 5 stars ","Number_of_Reviews":"","Address":"","Reviewer":"Michael Tamburello","Reviewer_page":"https://www.google.com/maps/contrib/112180016310489510318/reviews?hl=en-US","Review_time":"6 years ago","Review":"","Likes":""},{"Name":"","Category":"","Rating":" 5 stars ","Number_of_Reviews":"","Address":"","Reviewer":"Qiu Jichen","Reviewer_page":"https://www.google.com/maps/contrib/111006605996466442013/reviews?hl=en-US","Review_time":"5 years ago","Review":"","Likes":""},{"Name":"","Category":"","Rating":" 5 stars ","Number_of_Reviews":"","Address":"","Reviewer":"Anthony Assoon","Reviewer_page":"https://www.google.com/maps/contrib/111297130369717907394/reviews?hl=en-US","Review_time":"a year ago","Review":"","Likes":""},{"Name":"","Category":"","Rating":" 5 stars ","Number_of_Reviews":"","Address":"","Reviewer":"Joshua Rodriguez","Reviewer_page":"https://www.google.com/maps/contrib/116050946563353954114/reviews?hl=en-US","Review_time":"4 years ago","Review":"","Likes":""},{"Name":"","Category":"","Rating":" 4 stars ","Number_of_Reviews":"","Address":"","Reviewer":"Tyquan Hardy","Reviewer_page":"https://www.google.com/maps/contrib/107187233669029102517/reviews?hl=en-US","Review_time":"4 years ago","Review":"","Likes":""},{"Name":"","Category":"","Rating":" 5 stars ","Number_of_Reviews":"","Address":"","Reviewer":"Juan Guzman","Reviewer_page":"https://www.google.com/maps/contrib/106143418870441820307/reviews?hl=en-US","Review_time":"5 years ago","Review":"","Likes":""},{"Name":"","Category":"","Rating":" 3 stars ","Number_of_Reviews":"","Address":"","Reviewer":"Raúl Ibáñez","Reviewer_page":"https://www.google.com/maps/contrib/112254924271194800796/reviews?hl=en-US","Review_time":"5 years ago","Review":"","Likes":""},{"Name":"","Category":"","Rating":" 4 stars ","Number_of_Reviews":"","Address":"","Reviewer":"Paul Mazzella","Reviewer_page":"https://www.google.com/maps/contrib/111816006263265202518/reviews?hl=en-US","Review_time":"3 years ago","Review":"","Likes":""},{"Name":"","Category":"","Rating":" 4 stars ","Number_of_Reviews":"","Address":"","Reviewer":"mail4donna1@gmail.com 1411","Reviewer_page":"https://www.google.com/maps/contrib/101131512083102362193/reviews?hl=en-US","Review_time":"3 years ago","Review":"","Likes":""},{"Name":"","Category":"","Rating":" 1 star ","Number_of_Reviews":"","Address":"","Reviewer":"Ronald Porcelli","Reviewer_page":"https://www.google.com/maps/contrib/105268026844704106088/reviews?hl=en-US","Review_time":"4 years ago","Review":"","Likes":""},{"Name":"","Category":"","Rating":" 5 stars ","Number_of_Reviews":"","Address":"","Reviewer":"Jonathan Karl","Reviewer_page":"https://www.google.com/maps/contrib/105011141404022999506/reviews?hl=en-US","Review_time":"3 years ago","Review":"","Likes":""},{"Name":"","Category":"","Rating":" 4 stars ","Number_of_Reviews":"","Address":"","Reviewer":"Tony Chen","Reviewer_page":"https://www.google.com/maps/contrib/116590381237162372658/reviews?hl=en-US","Review_time":"3 years ago","Review":"","Likes":""},{"Name":"","Category":"","Rating":" 3 stars ","Number_of_Reviews":"","Address":"","Reviewer":"Juan Pablo Contreras","Reviewer_page":"https://www.google.com/maps/contrib/117748387194825657200/reviews?hl=en-US","Review_time":"a year ago","Review":"","Likes":""},{"Name":"","Category":"","Rating":" 5 stars ","Number_of_Reviews":"","Address":"","Reviewer":"lenita harrison","Reviewer_page":"https://www.google.com/maps/contrib/103994066703573406623/reviews?hl=en-US","Review_time":"5 years ago","Review":"","Likes":""},{"Name":"","Category":"","Rating":" 4 stars ","Number_of_Reviews":"","Address":"","Reviewer":"Masha Levin","Reviewer_page":"https://www.google.com/maps/contrib/110784803690530640763/reviews?hl=en-US","Review_time":"4 years ago","Review":"","Likes":""},{"Name":"","Category":"","Rating":" 5 stars ","Number_of_Reviews":"","Address":"","Reviewer":"Tara Salloum","Reviewer_page":"https://www.google.com/maps/contrib/113899363514630391369/reviews?hl=en-US","Review_time":"6 years ago","Review":"","Likes":""},{"Name":"","Category":"","Rating":" 4 stars ","Number_of_Reviews":"","Address":"","Reviewer":"Bill Chiu","Reviewer_page":"https://www.google.com/maps/contrib/109388178005332273985/reviews?hl=en-US","Review_time":"a month ago","Review":"","Likes":""},{"Name":"","Category":"","Rating":" 4 stars ","Number_of_Reviews":"","Address":"","Reviewer":"Ildiko P","Reviewer_page":"https://www.google.com/maps/contrib/111928491167867045137/reviews?hl=en-US","Review_time":"5 years ago","Review":"","Likes":""},{"Name":"","Category":"","Rating":" 5 stars ","Number_of_Reviews":"","Address":"","Reviewer":"Edgardo Galloza","Reviewer_page":"https://www.google.com/maps/contrib/113873366797597747281/reviews?hl=en-US","Review_time":"2 years ago","Review":"","Likes":""},{"Name":"","Category":"","Rating":" 5 stars ","Number_of_Reviews":"","Address":"","Reviewer":"Luis Cunachi","Reviewer_page":"https://www.google.com/maps/contrib/115137806892423859265/reviews?hl=en-US","Review_time":"3 years ago","Review":"","Likes":""},{"Name":"","Category":"","Rating":" 5 stars ","Number_of_Reviews":"","Address":"","Reviewer":"Ami Grady","Reviewer_page":"https://www.google.com/maps/contrib/116418640457301657779/reviews?hl=en-US","Review_time":"3 years ago","Review":"","Likes":""},{"Name":"","Category":"","Rating":" 5 stars ","Number_of_Reviews":"","Address":"","Reviewer":"Lillian Santiago","Reviewer_page":"https://www.google.com/maps/contrib/101704024940120516626/reviews?hl=en-US","Review_time":"a year ago","Review":"","Likes":""},{"Name":"","Category":"","Rating":" 5 stars ","Number_of_Reviews":"","Address":"","Reviewer":"Anna","Reviewer_page":"https://www.google.com/maps/contrib/102081520256756733433/reviews?hl=en-US","Review_time":"3 years ago","Review":"","Likes":""},{"Name":"","Category":"","Rating":" 5 stars ","Number_of_Reviews":"","Address":"","Reviewer":"Joe Carmel","Reviewer_page":"https://www.google.com/maps/contrib/111579857743098039077/reviews?hl=en-US","Review_time":"a year ago","Review":"","Likes":""},{"Name":"","Category":"","Rating":" 5 stars ","Number_of_Reviews":"","Address":"","Reviewer":"Dmitriy Seitniazov","Reviewer_page":"https://www.google.com/maps/contrib/100426286858467788301/reviews?hl=en-US","Review_time":"3 years ago","Review":"","Likes":""},{"Name":"","Category":"","Rating":" 1 star ","Number_of_Reviews":"","Address":"","Reviewer":"willdamron","Reviewer_page":"https://www.google.com/maps/contrib/106190165591459212982/reviews?hl=en-US","Review_time":"10 months ago","Review":"","Likes":""},{"Name":"","Category":"","Rating":" 1 star ","Number_of_Reviews":"","Address":"","Reviewer":"Mary Alice Connor","Reviewer_page":"https://www.google.com/maps/contrib/114151281882334659927/reviews?hl=en-US","Review_time":"4 years ago","Review":"","Likes":""},{"Name":"","Category":"","Rating":" 3 stars ","Number_of_Reviews":"","Address":"","Reviewer":"Peter Marshall","Reviewer_page":"https://www.google.com/maps/contrib/112202454915545662757/reviews?hl=en-US","Review_time":"6 years ago","Review":"","Likes":""},{"Name":"","Category":"","Rating":" 4 stars ","Number_of_Reviews":"","Address":"","Reviewer":"Sylwia Vogelgesang","Reviewer_page":"https://www.google.com/maps/contrib/102508598267361444682/reviews?hl=en-US","Review_time":"4 years ago","Review":"","Likes":""},{"Name":"","Category":"","Rating":" 5 stars ","Number_of_Reviews":"","Address":"","Reviewer":"krista sannuto","Reviewer_page":"https://www.google.com/maps/contrib/106440497396658973161/reviews?hl=en-US","Review_time":"4 years ago","Review":"","Likes":""},{"Name":"","Category":"","Rating":" 4 stars ","Number_of_Reviews":"","Address":"","Reviewer":"Henry Legros","Reviewer_page":"https://www.google.com/maps/contrib/106929522918318755678/reviews?hl=en-US","Review_time":"a year ago","Review":"","Likes":""},{"Name":"","Category":"","Rating":" 5 stars ","Number_of_Reviews":"","Address":"","Reviewer":"Nancy Santana","Reviewer_page":"https://www.google.com/maps/contrib/103286193160121101321/reviews?hl=en-US","Review_time":"3 years ago","Review":"","Likes":""},{"Name":"","Category":"","Rating":" 5 stars ","Number_of_Reviews":"","Address":"","Reviewer":"Arrayane Srhir","Reviewer_page":"https://www.google.com/maps/contrib/105797702704159732985/reviews?hl=en-US","Review_time":"4 years ago","Review":"","Likes":""},{"Name":"","Category":"","Rating":" 4 stars ","Number_of_Reviews":"","Address":"","Reviewer":"Spelman Beaubrun","Reviewer_page":"https://www.google.com/maps/contrib/113905621140719167119/reviews?hl=en-US","Review_time":"4 years ago","Review":"","Likes":""},{"Name":"","Category":"","Rating":" 4 stars ","Number_of_Reviews":"","Address":"","Reviewer":"Zain M","Reviewer_page":"https://www.google.com/maps/contrib/115510699455145222375/reviews?hl=en-US","Review_time":"3 years ago","Review":"","Likes":""},{"Name":"","Category":"","Rating":" 5 stars ","Number_of_Reviews":"","Address":"","Reviewer":"Rosie Pèrez","Reviewer_page":"https://www.google.com/maps/contrib/110530694853253127039/reviews?hl=en-US","Review_time":"3 years ago","Review":"","Likes":""},{"Name":"","Category":"","Rating":" 5 stars ","Number_of_Reviews":"","Address":"","Reviewer":"Alex Besanu","Reviewer_page":"https://www.google.com/maps/contrib/105007276082513486824/reviews?hl=en-US","Review_time":"4 years ago","Review":"","Likes":""},{"Name":"","Category":"","Rating":" 4 stars ","Number_of_Reviews":"","Address":"","Reviewer":"benjamin kenny","Reviewer_page":"https://www.google.com/maps/contrib/107165608388335150214/reviews?hl=en-US","Review_time":"5 years ago","Review":"","Likes":""},{"Name":"","Category":"","Rating":" 5 stars ","Number_of_Reviews":"","Address":"","Reviewer":"Miguel Echevarria","Reviewer_page":"https://www.google.com/maps/contrib/102277085536014165692/reviews?hl=en-US","Review_time":"3 years ago","Review":"","Likes":""},{"Name":"","Category":"","Rating":" 4 stars ","Number_of_Reviews":"","Address":"","Reviewer":"Anthony Aucello","Reviewer_page":"https://www.google.com/maps/contrib/115518554937582596454/reviews?hl=en-US","Review_time":"3 years ago","Review":"","Likes":""},{"Name":"","Category":"","Rating":" 1 star ","Number_of_Reviews":"","Address":"","Reviewer":"Nat Esten","Reviewer_page":"https://www.google.com/maps/contrib/116872790468389607737/reviews?hl=en-US","Review_time":"6 years ago","Review":"","Likes":""},{"Name":"","Category":"","Rating":" 4 stars ","Number_of_Reviews":"","Address":"","Reviewer":"Farhan Mohsin","Reviewer_page":"https://www.google.com/maps/contrib/114900190540908928414/reviews?hl=en-US","Review_time":"5 years ago","Review":"","Likes":""},{"Name":"","Category":"","Rating":" 5 stars ","Number_of_Reviews":"","Address":"","Reviewer":"Georgina S","Reviewer_page":"https://www.google.com/maps/contrib/108249446377277020051/reviews?hl=en-US","Review_time":"3 years ago","Review":"","Likes":""},{"Name":"","Category":"","Rating":" 5 stars ","Number_of_Reviews":"","Address":"","Reviewer":"Bea C.","Reviewer_page":"https://www.google.com/maps/contrib/114286097253029350887/reviews?hl=en-US","Review_time":"3 years ago","Review":"","Likes":""},{"Name":"","Category":"","Rating":" 5 stars ","Number_of_Reviews":"","Address":"","Reviewer":"Nashali Melendez","Reviewer_page":"https://www.google.com/maps/contrib/101173468876425209159/reviews?hl=en-US","Review_time":"a year ago","Review":"","Likes":""},{"Name":"","Category":"","Rating":" 5 stars ","Number_of_Reviews":"","Address":"","Reviewer":"volodymyr lozinskyi","Reviewer_page":"https://www.google.com/maps/contrib/109748231981734373485/reviews?hl=en-US","Review_time":"5 years ago","Review":"","Likes":""},{"Name":"","Category":"","Rating":" 5 stars ","Number_of_Reviews":"","Address":"","Reviewer":"Raciel Castillo","Reviewer_page":"https://www.google.com/maps/contrib/100692120351954461219/reviews?hl=en-US","Review_time":"2 years ago","Review":"","Likes":""},{"Name":"","Category":"","Rating":" 5 stars ","Number_of_Reviews":"","Address":"","Reviewer":"Kathy Crespo","Reviewer_page":"https://www.google.com/maps/contrib/115147883501762944032/reviews?hl=en-US","Review_time":"3 years ago","Review":"","Likes":""},{"Name":"","Category":"","Rating":" 4 stars ","Number_of_Reviews":"","Address":"","Reviewer":"Obada Tabbaa","Reviewer_page":"https://www.google.com/maps/contrib/112111286774229409242/reviews?hl=en-US","Review_time":"2 years ago","Review":"","Likes":""},{"Name":"","Category":"","Rating":" 5 stars ","Number_of_Reviews":"","Address":"","Reviewer":"Carlos Gautier","Reviewer_page":"https://www.google.com/maps/contrib/117990439540122448207/reviews?hl=en-US","Review_time":"a year ago","Review":"","Likes":""},{"Name":"","Category":"","Rating":" 4 stars ","Number_of_Reviews":"","Address":"","Reviewer":"Dante Dorival","Reviewer_page":"https://www.google.com/maps/contrib/105534254579125275142/reviews?hl=en-US","Review_time":"4 years ago","Review":"","Likes":""},{"Name":"","Category":"","Rating":" 4 stars ","Number_of_Reviews":"","Address":"","Reviewer":"Mary","Reviewer_page":"https://www.google.com/maps/contrib/103492889420463662211/reviews?hl=en-US","Review_time":"4 years ago","Review":"","Likes":""},{"Name":"","Category":"","Rating":" 4 stars ","Number_of_Reviews":"","Address":"","Reviewer":"Joseph Thompson","Reviewer_page":"https://www.google.com/maps/contrib/104311833001984715151/reviews?hl=en-US","Review_time":"5 years ago","Review":"","Likes":""},{"Name":"","Category":"","Rating":" 5 stars ","Number_of_Reviews":"","Address":"","Reviewer":"John Reichert","Reviewer_page":"https://www.google.com/maps/contrib/105221032163044877741/reviews?hl=en-US","Review_time":"4 years ago","Review":"","Likes":""},{"Name":"","Category":"","Rating":" 4 stars ","Number_of_Reviews":"","Address":"","Reviewer":"Danucho, living in New York","Reviewer_page":"https://www.google.com/maps/contrib/101303178573860331935/reviews?hl=en-US","Review_time":"4 years ago","Review":"","Likes":""},{"Name":"","Category":"","Rating":" 5 stars ","Number_of_Reviews":"","Address":"","Reviewer":"Tornike Kuprashvili","Reviewer_page":"https://www.google.com/maps/contrib/104368305188270025077/reviews?hl=en-US","Review_time":"2 years ago","Review":"","Likes":""},{"Name":"","Category":"","Rating":" 5 stars ","Number_of_Reviews":"","Address":"","Reviewer":"L P","Reviewer_page":"https://www.google.com/maps/contrib/111333356306381234081/reviews?hl=en-US","Review_time":"a year ago","Review":"","Likes":""},{"Name":"","Category":"","Rating":" 4 stars ","Number_of_Reviews":"","Address":"","Reviewer":"Hai Peng","Reviewer_page":"https://www.google.com/maps/contrib/103347540442263431836/reviews?hl=en-US","Review_time":"4 years ago","Review":"","Likes":""},{"Name":"","Category":"","Rating":" 4 stars ","Number_of_Reviews":"","Address":"","Reviewer":"Mike E.","Reviewer_page":"https://www.google.com/maps/contrib/103281731652838529371/reviews?hl=en-US","Review_time":"5 years ago","Review":"","Likes":""},{"Name":"","Category":"","Rating":" 4 stars ","Number_of_Reviews":"","Address":"","Reviewer":"Mahmoud Omar","Reviewer_page":"https://www.google.com/maps/contrib/104582530289310674545/reviews?hl=en-US","Review_time":"4 years ago","Review":"","Likes":""},{"Name":"","Category":"","Rating":" 5 stars ","Number_of_Reviews":"","Address":"","Reviewer":"Karen Lee","Reviewer_page":"https://www.google.com/maps/contrib/100616128164121023975/reviews?hl=en-US","Review_time":"3 years ago","Review":"","Likes":""},{"Name":"","Category":"","Rating":" 5 stars ","Number_of_Reviews":"","Address":"","Reviewer":"Alex SaM","Reviewer_page":"https://www.google.com/maps/contrib/110060905821587642671/reviews?hl=en-US","Review_time":"4 years ago","Review":"","Likes":""},{"Name":"","Category":"","Rating":" 4 stars ","Number_of_Reviews":"","Address":"","Reviewer":"zululemoko","Reviewer_page":"https://www.google.com/maps/contrib/116923194610425220362/reviews?hl=en-US","Review_time":"5 years ago","Review":"","Likes":""},{"Name":"","Category":"","Rating":" 4 stars ","Number_of_Reviews":"","Address":"","Reviewer":"Chetan Temkar","Reviewer_page":"https://www.google.com/maps/contrib/116505193221421292569/reviews?hl=en-US","Review_time":"2 years ago","Review":"","Likes":""},{"Name":"","Category":"","Rating":" 4 stars ","Number_of_Reviews":"","Address":"","Reviewer":"Jasmine Batista","Reviewer_page":"https://www.google.com/maps/contrib/100220803857612684900/reviews?hl=en-US","Review_time":"11 months ago","Review":"","Likes":""},{"Name":"","Category":"","Rating":" 3 stars ","Number_of_Reviews":"","Address":"","Reviewer":"Chris Ellis","Reviewer_page":"https://www.google.com/maps/contrib/105576195619992878208/reviews?hl=en-US","Review_time":"4 years ago","Review":"","Likes":""},{"Name":"","Category":"","Rating":" 3 stars ","Number_of_Reviews":"","Address":"","Reviewer":"Mohamed Djalo","Reviewer_page":"https://www.google.com/maps/contrib/118138804462962985226/reviews?hl=en-US","Review_time":"5 years ago","Review":"","Likes":""},{"Name":"","Category":"","Rating":" 5 stars ","Number_of_Reviews":"","Address":"","Reviewer":"pedro gil","Reviewer_page":"https://www.google.com/maps/contrib/106638448052718271693/reviews?hl=en-US","Review_time":"9 months ago","Review":"","Likes":""},{"Name":"","Category":"","Rating":" 5 stars ","Number_of_Reviews":"","Address":"","Reviewer":"Cesar Beltre","Reviewer_page":"https://www.google.com/maps/contrib/117140287678788237144/reviews?hl=en-US","Review_time":"5 years ago","Review":"","Likes":""},{"Name":"","Category":"","Rating":" 5 stars ","Number_of_Reviews":"","Address":"","Reviewer":"Chase Burnham","Reviewer_page":"https://www.google.com/maps/contrib/100756236748012773360/reviews?hl=en-US","Review_time":"5 years ago","Review":"","Likes":""},{"Name":"","Category":"","Rating":" 4 stars ","Number_of_Reviews":"","Address":"","Reviewer":"Drew Rollo","Reviewer_page":"https://www.google.com/maps/contrib/104235381548962165194/reviews?hl=en-US","Review_time":"5 years ago","Review":"","Likes":""},{"Name":"","Category":"","Rating":" 5 stars ","Number_of_Reviews":"","Address":"","Reviewer":"Natalio Dj","Reviewer_page":"https://www.google.com/maps/contrib/109586708489320971748/reviews?hl=en-US","Review_time":"a year ago","Review":"","Likes":""},{"Name":"","Category":"","Rating":" 3 stars ","Number_of_Reviews":"","Address":"","Reviewer":"Manifest Stefany","Reviewer_page":"https://www.google.com/maps/contrib/108069021763985175302/reviews?hl=en-US","Review_time":"3 years ago","Review":"","Likes":""},{"Name":"","Category":"","Rating":" 5 stars ","Number_of_Reviews":"","Address":"","Reviewer":"Allison Robinson","Reviewer_page":"https://www.google.com/maps/contrib/108838634985771267557/reviews?hl=en-US","Review_time":"3 years ago","Review":"","Likes":""},{"Name":"","Category":"","Rating":" 5 stars ","Number_of_Reviews":"","Address":"","Reviewer":"Aylene Aquino","Reviewer_page":"https://www.google.com/maps/contrib/101471662217882107769/reviews?hl=en-US","Review_time":"3 years ago","Review":"","Likes":""},{"Name":"","Category":"","Rating":" 5 stars ","Number_of_Reviews":"","Address":"","Reviewer":"Thiago Vieira","Reviewer_page":"https://www.google.com/maps/contrib/112077966523725416514/reviews?hl=en-US","Review_time":"3 years ago","Review":"","Likes":""},{"Name":"","Category":"","Rating":" 5 stars ","Number_of_Reviews":"","Address":"","Reviewer":"Mak NYC","Reviewer_page":"https://www.google.com/maps/contrib/108571215873432728922/reviews?hl=en-US","Review_time":"4 years ago","Review":"","Likes":""},{"Name":"","Category":"","Rating":" 4 stars ","Number_of_Reviews":"","Address":"","Reviewer":"Irenio Gansit","Reviewer_page":"https://www.google.com/maps/contrib/107741367266100276432/reviews?hl=en-US","Review_time":"3 years ago","Review":"","Likes":""},{"Name":"","Category":"","Rating":" 5 stars ","Number_of_Reviews":"","Address":"","Reviewer":"DASHMAN SIMULATIONS","Reviewer_page":"https://www.google.com/maps/contrib/112974911249952432058/reviews?hl=en-US","Review_time":"4 years ago","Review":"","Likes":""},{"Name":"","Category":"","Rating":" 3 stars ","Number_of_Reviews":"","Address":"","Reviewer":"BRIAN “BossBaby” PABEY aka BossBaby 2.0","Reviewer_page":"https://www.google.com/maps/contrib/117365898494607501870/reviews?hl=en-US","Review_time":"a year ago","Review":"","Likes":""},{"Name":"","Category":"","Rating":" 5 stars ","Number_of_Reviews":"","Address":"","Reviewer":"Normand Morel","Reviewer_page":"https://www.google.com/maps/contrib/104013521134144401964/reviews?hl=en-US","Review_time":"6 years ago","Review":"","Likes":""},{"Name":"","Category":"","Rating":" 4 stars ","Number_of_Reviews":"","Address":"","Reviewer":"Luis Fernando Valencia","Reviewer_page":"https://www.google.com/maps/contrib/100614381245628505519/reviews?hl=en-US","Review_time":"5 years ago","Review":"","Likes":""},{"Name":"","Category":"","Rating":" 5 stars ","Number_of_Reviews":"","Address":"","Reviewer":"A & H Technology Group","Reviewer_page":"https://www.google.com/maps/contrib/118234964826144788580/reviews?hl=en-US","Review_time":"3 years ago","Review":"","Likes":""},{"Name":"","Category":"","Rating":" 3 stars ","Number_of_Reviews":"","Address":"","Reviewer":"Wanda Cruceta","Reviewer_page":"https://www.google.com/maps/contrib/116554185729015164746/reviews?hl=en-US","Review_time":"5 years ago","Review":"","Likes":""},{"Name":"","Category":"","Rating":" 5 stars ","Number_of_Reviews":"","Address":"","Reviewer":"ivy","Reviewer_page":"https://www.google.com/maps/contrib/108059846484816264862/reviews?hl=en-US","Review_time":"8 months ago","Review":"","Likes":""},{"Name":"","Category":"","Rating":" 4 stars ","Number_of_Reviews":"","Address":"","Reviewer":"FooD ExPlorer","Reviewer_page":"https://www.google.com/maps/contrib/113595035171050346289/reviews?hl=en-US","Review_time":"5 years ago","Review":"","Likes":""},{"Name":"","Category":"","Rating":" 5 stars ","Number_of_Reviews":"","Address":"","Reviewer":"Aazim Stepney","Reviewer_page":"https://www.google.com/maps/contrib/112777276593424852637/reviews?hl=en-US","Review_time":"2 years ago","Review":"","Likes":""}