[{"Name":"","Category":"","Rating":" 4 stars ","Number_of_Reviews":"","Address":"","Reviewer":"Ben Brooks","Reviewer_page":"https://www.google.com/maps/contrib/116816186151494770338/reviews?hl=en-US","Review_time":"3 weeks ago","Review":"they were out of the Impossible Breakfast Sandwich by noon. reasonable workspace and good lighting. bit loud for comfortable work but fine nonetheless","Likes":""},{"Name":"","Category":"","Rating":" 5 stars ","Number_of_Reviews":"","Address":"","Reviewer":"Garrett Romines","Reviewer_page":"https://www.google.com/maps/contrib/106737568846487362368/reviews?hl=en-US","Review_time":"a year ago","Review":"This is right by my work and on my walk to work. Never had a problem. Always get my tasty drinks super quick and efficient. Staff are accommodating. Exactly what I expect at a Starbucks","Likes":""},{"Name":"","Category":"","Rating":" 1 star ","Number_of_Reviews":"","Address":"","Reviewer":"German Junca","Reviewer_page":"https://www.google.com/maps/contrib/109733632238850468421/reviews?hl=en-US","Review_time":"5 years ago","Review":"The restroom it's impossible, it's so dirty! The store is normal, but the restroom it's out side down. I can't think a company like this have a toilet in this condition!!!","Likes":""},{"Name":"","Category":"","Rating":" 2 stars ","Number_of_Reviews":"","Address":"","Reviewer":"Alisha","Reviewer_page":"https://www.google.com/maps/contrib/100163644612693047063/reviews?hl=en-US","Review_time":"a year ago","Review":"Worst service. One day it takes like 5 minutes other 30 even if and listen… I’ve never visited this location where ANYONE else was in line. I’ve waited like 30 minutes while works literally stared at me doing nothing. I don’t complain about most things man. I’ve had worse service and still given 4 or 5 starts if the food is good because I couldn’t care less but this Starbucks in a headache.","Likes":"3"},{"Name":"","Category":"","Rating":" 2 stars ","Number_of_Reviews":"","Address":"","Reviewer":"Anar Murphy","Reviewer_page":"https://www.google.com/maps/contrib/101057677593477526122/reviews?hl=en-US","Review_time":"a year ago","Review":"Hit or miss. The wait time is long, even during off-rush hour. Most of the baristas are nice people, but the manager is the worst. He is rude, combative, interrupts you and talks over you while you are still talking, and then has a nerve to tell you you are rude. He thinks that filibustering a customer and talking down is an effective control tactic. His coworkers look mildly terrified when he is there, and I've worked for a few big company CEOs who talk to people around them in a far more polite, a lot nicer way than this guy talks to his customers, even when there is an issue. His lack of social intelligence and customer skills are the reason why I am not going back there any time soon. I go there for a treat, not to be mistreated, and if he cannot or refuses to hear what the customer has to say, then maybe he has no business in a customer-facing business.","Likes":"1"},{"Name":"","Category":"","Rating":" 5 stars ","Number_of_Reviews":"","Address":"","Reviewer":"Terry Williams","Reviewer_page":"https://www.google.com/maps/contrib/103661092014862518566/reviews?hl=en-US","Review_time":"a year ago","Review":"Great customer service at least every time I visit this place.  Barristas know me by name and already know exactly how to make my drink just perfect.  Even though Starbucks keeps raising the prices for their coffee I still go there because they are the best!  Thank you.","Likes":"1"},{"Name":"","Category":"","Rating":" 1 star ","Number_of_Reviews":"","Address":"","Reviewer":"Melanie Rios","Reviewer_page":"https://www.google.com/maps/contrib/101794624060489973912/reviews?hl=en-US","Review_time":"11 months ago","Review":"I placed a mobile order here for a coffee traveler.  I came all the way to this specific location because the 23rd St. location was unexpectedly closed.  When I arrived I was told there were no travelers available and that I had to get on a (long) line for a refund.  This location clearly keeps poor track of its inventory and has no issue inconveniencing its customers in a multitude of ways.","Likes":""},{"Name":"","Category":"","Rating":" 1 star ","Number_of_Reviews":"","Address":"","Reviewer":"Denise Fernandez","Reviewer_page":"https://www.google.com/maps/contrib/115047613807163578103/reviews?hl=en-US","Review_time":"2 years ago","Review":"First time stopping at this Starbucks and ordered a breakfast sandwich in which I didn't check until got to work and what did I find a HAIR! So I decided to bring it back after work I was asked if I wanted another one I said no so I asked …","Likes":"1"},{"Name":"","Category":"","Rating":" 5 stars ","Number_of_Reviews":"","Address":"","Reviewer":"Mark B Borg Jr","Reviewer_page":"https://www.google.com/maps/contrib/103340680476237516350/reviews?hl=en-US","Review_time":"2 years ago","Review":"I love it here---hit this place most mornings, sometimes on weekends. They always have my coffee ready for me, know my name, start my day off at the height of hospitality. Super good pickens! When you're out and about, need a break from the mayhem (work, kids, NYC life and love), it is just super nice to have what Hemingway called a \"Clean, Well-Lighted Place\" to KB (kick back). So...pour me a red eye, and pull me up a seat!","Likes":""},{"Name":"","Category":"","Rating":" 3 stars ","Number_of_Reviews":"","Address":"","Reviewer":"marisol deleon","Reviewer_page":"https://www.google.com/maps/contrib/103253415304074666111/reviews?hl=en-US","Review_time":"2 years ago","Review":"I went to get My Morning Mocha Great Service with Adreal he took my order explained everything ,so when I went to pick up my order from this young Lady named Sherman she was very Rude. I could not hear the names of the Coffees that were ready she answered me with a Nasty Attitude I didn't even want her to make my Coffee,I asked Adreal to make it for me  I do not want Bad vibes in my Coffee and he Did Thank You Adreal Great Service. No Thank You Sherman","Likes":""},{"Name":"","Category":"","Rating":" 4 stars ","Number_of_Reviews":"","Address":"","Reviewer":"Shana Manuel","Reviewer_page":"https://www.google.com/maps/contrib/112013882316208512027/reviews?hl=en-US","Review_time":"9 years ago","Review":"It was a quiet Sunday morning and I liked the vibe of this particular Starbucks.  There was ample seating with convenient, small swerving tables and outlets.  The facility was clean and fully staffed.  One critique, they were out of the coffee I had ordered and so I had to make a different selection.  Not a big deal though.","Likes":""},{"Name":"","Category":"","Rating":" 5 stars ","Number_of_Reviews":"","Address":"","Reviewer":"Christopher St Paul","Reviewer_page":"https://www.google.com/maps/contrib/105492983457620253830/reviews?hl=en-US","Review_time":"5 years ago","Review":"A nice East Side retreat, in my opinion.\n\nIn need of some good coffee to go with a special lunch I'd prepared, I settled on this Starbucks, and I was not disappointed. After some minor confusion about my custom-ordered cold-brew, my meal was complete, and from there, I proceeded to a comfy booth in the relatively large, high-ceilinged dining room. And such was my long, blissful lunch hour: lounging among my fellow patrons as I sipped good coffee and ate good food and read a good book - perfect! Then, when all was said and done (and chewed and swallowed), I found the bathroom to be as satisfactory as the rest of the facility. I left with a smile in my heart, relishing the experience.\n\nIf ever back in east Manhattan, I would happily stop into this Starbucks again.\n\nMuch thanks to everyone who runs this restaurant. Keep up the good work :)","Likes":""},{"Name":"","Category":"","Rating":" 1 star ","Number_of_Reviews":"","Address":"","Reviewer":"Zara Luciano","Reviewer_page":"https://www.google.com/maps/contrib/113408789620138772052/reviews?hl=en-US","Review_time":"3 years ago","Review":"I had to ask for a refund because I was waiting for 15 minutes for my flat white.\nInstead of preparing my drink one of  the employee made her own drink and left for a break, when I spoke to another employee, he rolled his eyes.\nI told him Starbucks is about the experience and customer service. He looked at me like if I just came out from a psychiatric hospital and I was talking nonsense.","Likes":"2"},{"Name":"","Category":"","Rating":" 5 stars ","Number_of_Reviews":"","Address":"","Reviewer":"Steveo Roy","Reviewer_page":"https://www.google.com/maps/contrib/114279865047726135584/reviews?hl=en-US","Review_time":"3 years ago","Review":"Always clean. The bathroom is clean as well.  Place could use a bit of updating but not at all gruesome.  Workers are super pleasant and friendly! Especially as I enter during the morning early rush! They will also go beyond, changing the order,if it's not to your liking! Arianna, I believe is her name is a jewel also.","Likes":"1"},{"Name":"","Category":"","Rating":" 2 stars ","Number_of_Reviews":"","Address":"","Reviewer":"IM_GOD_ SAVAGE","Reviewer_page":"https://www.google.com/maps/contrib/106281694273896581641/reviews?hl=en-US","Review_time":"3 years ago","Review":"Earlier this evening, I ordered a tall hot coffee with two shots expresso and nonfat milk, but a chubby black woman refused to pour the nonfat milk on my coffee, even though the other baristas has been pouring it on my coffee for months. After waiting ten minutes, one of them decided to do it because they knew she was wrong, but doesn’t wanna say anything to her face. Not only that, she always stares at me every time I walk in. It’s gotta be a race thing but it’s whatever. I’d still get my coffee at that place for now.","Likes":""},{"Name":"","Category":"","Rating":" 5 stars ","Number_of_Reviews":"","Address":"","Reviewer":"Flayva","Reviewer_page":"https://www.google.com/maps/contrib/113146018294161603957/reviews?hl=en-US","Review_time":"a year ago","Review":"Starbucks on 1st Avenue & 16th Street right across from Beth Israel Medical Center is the Best, they are warm, friendly employees who work to make their customers happy!!!\n\nUnlike the \"Starbucks on 13th Street\", they are rude and won't give you what you ask for, especially their \"Manager\", very rude!!!","Likes":""},{"Name":"","Category":"","Rating":" 2 stars ","Number_of_Reviews":"","Address":"","Reviewer":"R K","Reviewer_page":"https://www.google.com/maps/contrib/108584603836719478578/reviews?hl=en-US","Review_time":"3 years ago","Review":"I know it was busy but place was understaffed. Dirty floors, flies inside, one barista taking everyone's order. It doesn't help that people were ordering drinks that took a long time to make. They should make a system where when the place gets busy, handle the easy to prepare drinks first such as a tall Pike, or iced coffee then fraps and the like.","Likes":"1"},{"Name":"","Category":"","Rating":" 1 star ","Number_of_Reviews":"","Address":"","Reviewer":"MANOHARPRATAP ODEDARA","Reviewer_page":"https://www.google.com/maps/contrib/111523310584924618630/reviews?hl=en-US","Review_time":"3 years ago","Review":"I have been a regular visitor at this SB since last 5 plus years only because of their signature selection of coffees and their CLOVER brewing system.\nToday was the day of disappointing dominos. No Clover, No signature coffees, No brown Sugars. And on top of it... No good attitude to answer any questions.\nI guess the either the ownership is changed or the team culture is changed.... but it was not a usual welcoming feel I used to have since those long five plus years.","Likes":"3"},{"Name":"","Category":"","Rating":" 3 stars ","Number_of_Reviews":"","Address":"","Reviewer":"Eric San José","Reviewer_page":"https://www.google.com/maps/contrib/100332114238682402189/reviews?hl=en-US","Review_time":"3 years ago","Review":"Easy to see right off of First Avenue servicing Stuyvesant Town and Peter Cooper Village.   Parking on the Street is available but it fills up fast especially at night and on the weekends.   Clean facilities.   Public Restroom.   Nice staff.   Credit cards accepted.   We will most likely be going back.","Likes":"1"},{"Name":"","Category":"","Rating":" 1 star ","Number_of_Reviews":"","Address":"","Reviewer":"Blair Grant","Reviewer_page":"https://www.google.com/maps/contrib/109362575775981431904/reviews?hl=en-US","Review_time":"2 years ago","Review":"Made me wait 20 mins for a strawberry açaí. I’ve never had to wait this long at any other location. Ppl literally came in after me and left before me!","Likes":""},{"Name":"","Category":"","Rating":" 1 star ","Number_of_Reviews":"","Address":"","Reviewer":"AJ","Reviewer_page":"https://www.google.com/maps/contrib/103669291700203014114/reviews?hl=en-US","Review_time":"5 years ago","Review":"I am a regular customer but I saw a worker named Bill being a total a**hole to a police officer that was standing outside protecting us. Starbucks employs people like that, I will take my business elsewhere.","Likes":"5"},{"Name":"","Category":"","Rating":" 4 stars ","Number_of_Reviews":"","Address":"","Reviewer":"Theresa Gonzales","Reviewer_page":"https://www.google.com/maps/contrib/114923123636843771097/reviews?hl=en-US","Review_time":"3 years ago","Review":"Service can be a bit of a wait (3-7 mins) if you don't use the Starbucks order ahead of time. Coffee is nice and hot and exactly right as ordered.","Likes":""},{"Name":"","Category":"","Rating":" 3 stars ","Number_of_Reviews":"","Address":"","Reviewer":"Taylor","Reviewer_page":"https://www.google.com/maps/contrib/106999189781951939766/reviews?hl=en-US","Review_time":"8 years ago","Review":"Like any good business there is no simple way to leave feedback whether by notes or on the fancy starbucks ad - my salad was so frosted it had ice in it and was painful to rush eat down in the store. And I'm not \"allowed\" to use my own bought paper cup for a refill - \"health and safety issue\" - to use my own cup! It's a joke that's gone too far. It's an environmental issue. Meh. It's starbucks. Do they really want to listen to any sense outside their business planning and stratagems? Erm, no. Stupidly cold too. And dumb bins so tight holed I can't put my starbucks bought products in when done. Whatever happened to that \"Dumb Starbucks\" pop up store ? I'd go to that, because at least they tell you how it is.\nStaff nice enough tho.","Likes":""},{"Name":"","Category":"","Rating":" 5 stars ","Number_of_Reviews":"","Address":"","Reviewer":"CarlaSofia Teixeira-Fleming","Reviewer_page":"https://www.google.com/maps/contrib/118079624294735447409/reviews?hl=en-US","Review_time":"5 months ago","Review":"Always perfect and the staff is outstanding !","Likes":""},{"Name":"","Category":"","Rating":" 4 stars ","Number_of_Reviews":"","Address":"","Reviewer":"Rei Moya","Reviewer_page":"https://www.google.com/maps/contrib/116766416712657180193/reviews?hl=en-US","Review_time":"5 years ago","Review":"Not much different than any other Starbucks you've seen. The staff is friendly and lines move fairly quickly, so you're guaranteed a pretty pleasant experience if you stop by.","Likes":"1"},{"Name":"","Category":"","Rating":" 1 star ","Number_of_Reviews":"","Address":"","Reviewer":"Jennifer Cordova","Reviewer_page":"https://www.google.com/maps/contrib/103132250203677190767/reviews?hl=en-US","Review_time":"2 years ago","Review":"I went to pick up my Frap and I asked for the bathroom and the guy simply responded “Go to the park”. He was rude with his unprofessional response.","Likes":""},{"Name":"","Category":"","Rating":" 1 star ","Number_of_Reviews":"","Address":"","Reviewer":"Therese Aunbirk Jeppesen","Reviewer_page":"https://www.google.com/maps/contrib/106622012255090383039/reviews?hl=en-US","Review_time":"4 years ago","Review":"Absolutely terrible, terrible, terrible service! I have never experienced anything like this. Our order was messed up and absolutely none of the Starbucks employees cared, when we told then this!!! Not coming back","Likes":""},{"Name":"","Category":"","Rating":" 1 star ","Number_of_Reviews":"","Address":"","Reviewer":"Brian Oreiellis","Reviewer_page":"https://www.google.com/maps/contrib/108022878774595969408/reviews?hl=en-US","Review_time":"5 years ago","Review":"Horrible for a starbucks. They think the customers are supposed to buy here....service is sluggish at best and they seem to not care about what they are doing. I left because they took to long to take an order.","Likes":"1"},{"Name":"","Category":"","Rating":" 1 star ","Number_of_Reviews":"","Address":"","Reviewer":"Puskar pant","Reviewer_page":"https://www.google.com/maps/contrib/112314885742714583522/reviews?hl=en-US","Review_time":"3 years ago","Review":"I would say your staff should get more Treaning    They really don’t know how to handle Custmer it’s was literally mass extreamly slow survice very rude it’s is like late night  bar....","Likes":""},{"Name":"","Category":"","Rating":" 1 star ","Number_of_Reviews":"","Address":"","Reviewer":"Sierra Winchester","Reviewer_page":"https://www.google.com/maps/contrib/107566385294289200681/reviews?hl=en-US","Review_time":"6 months ago","Review":"Worst Starbucks experience at this location.","Likes":""},{"Name":"","Category":"","Rating":" 3 stars ","Number_of_Reviews":"","Address":"","Reviewer":"Michael Owen","Reviewer_page":"https://www.google.com/maps/contrib/117076217538317173423/reviews?hl=en-US","Review_time":"11 years ago","Review":"The seating area can be very cold in the winter because the doors let the wind in.  The \"baristas\" don't pay attention to texturing the milk and sometimes resteam the same milk multiple times.","Likes":""},{"Name":"","Category":"","Rating":" 1 star ","Number_of_Reviews":"","Address":"","Reviewer":"Francisco Reyes","Reviewer_page":"https://www.google.com/maps/contrib/112977695544184983860/reviews?hl=en-US","Review_time":"4 years ago","Review":"I went in for a coffee today and was treated poorly and was very distraught to see the managers behavior today, missy I believe was her name. Had a bit of an attitude. I was very disappointed","Likes":""},{"Name":"","Category":"","Rating":" 5 stars ","Number_of_Reviews":"","Address":"","Reviewer":"Jennifer Rivas","Reviewer_page":"https://www.google.com/maps/contrib/109138926662414089594/reviews?hl=en-US","Review_time":"3 years ago","Review":"Nice clean Starbucks, not crazy busy when I went and super fast service!","Likes":"1"},{"Name":"","Category":"","Rating":" 5 stars ","Number_of_Reviews":"","Address":"","Reviewer":"Christopher Greene","Reviewer_page":"https://www.google.com/maps/contrib/116543703468011253255/reviews?hl=en-US","Review_time":"2 years ago","Review":"Great service..friendly staff. What you come to expect from a Starbucks","Likes":""},{"Name":"","Category":"","Rating":" 5 stars ","Number_of_Reviews":"","Address":"","Reviewer":"Greg Wright","Reviewer_page":"https://www.google.com/maps/contrib/118054372718888036204/reviews?hl=en-US","Review_time":"3 years ago","Review":"Kim is the best. Because of her great customer service and smile, I will definitely return.","Likes":""},{"Name":"","Category":"","Rating":" 5 stars ","Number_of_Reviews":"","Address":"","Reviewer":"Carnation","Reviewer_page":"https://www.google.com/maps/contrib/109935547755739241369/reviews?hl=en-US","Review_time":"3 years ago","Review":"I love my Starbucks it's across the street from my job the staff and management are exceptional.","Likes":""},{"Name":"","Category":"","Rating":" 4 stars ","Number_of_Reviews":"","Address":"","Reviewer":"Renan A.","Reviewer_page":"https://www.google.com/maps/contrib/110628041172187595716/reviews?hl=en-US","Review_time":"6 years ago","Review":"Good as a Starbucks should be, but not every employee is determined to be nice and helpful.","Likes":""},{"Name":"","Category":"","Rating":" 3 stars ","Number_of_Reviews":"","Address":"","Reviewer":"Marie Parsons","Reviewer_page":"https://www.google.com/maps/contrib/114787239470053032113/reviews?hl=en-US","Review_time":"5 years ago","Review":"Service slow employees not as focused as our more favorite starbucks","Likes":""},{"Name":"","Category":"","Rating":" 5 stars ","Number_of_Reviews":"","Address":"","Reviewer":"Ray Boogz","Reviewer_page":"https://www.google.com/maps/contrib/111112096324340682666/reviews?hl=en-US","Review_time":"5 years ago","Review":"Love this place .. all the baristas are so friendly .. destiny is so interacting an helpful I love her and I love that Starbucks","Likes":""},{"Name":"","Category":"","Rating":" 1 star ","Number_of_Reviews":"","Address":"","Reviewer":"Nikan Sharif-Zadeh","Reviewer_page":"https://www.google.com/maps/contrib/116212740439945132252/reviews?hl=en-US","Review_time":"4 years ago","Review":"It takes 20 mins to get your latte at this location. So I wouldn’t recommend if you’re in a hurry!","Likes":""},{"Name":"","Category":"","Rating":" 4 stars ","Number_of_Reviews":"","Address":"","Reviewer":"Taylor Polchinski","Reviewer_page":"https://www.google.com/maps/contrib/116137718934641899227/reviews?hl=en-US","Review_time":"2 years ago","Review":"Solid Starbucks experience. Quick, quality service with quality drinks","Likes":""},{"Name":"","Category":"","Rating":" 4 stars ","Number_of_Reviews":"","Address":"","Reviewer":"mnrv g","Reviewer_page":"https://www.google.com/maps/contrib/103679496593095326313/reviews?hl=en-US","Review_time":"a year ago","Review":"They’re typically doing their best even when understaffed.","Likes":""},{"Name":"","Category":"","Rating":" 5 stars ","Number_of_Reviews":"","Address":"","Reviewer":"Pharah Diaz","Reviewer_page":"https://www.google.com/maps/contrib/104434219568879830149/reviews?hl=en-US","Review_time":"4 years ago","Review":"They nice and. Care of u not sure they let u try it if u dont they give u a different one","Likes":""},{"Name":"","Category":"","Rating":" 5 stars ","Number_of_Reviews":"","Address":"","Reviewer":"Nuno Veiga da Fonseca","Reviewer_page":"https://www.google.com/maps/contrib/103755723173373447657/reviews?hl=en-US","Review_time":"6 years ago","Review":"Really nice Starbucks. Friendly staff, great Wi-Fi.","Likes":""},{"Name":"","Category":"","Rating":" 2 stars ","Number_of_Reviews":"","Address":"","Reviewer":"Hancheir Raymond","Reviewer_page":"https://www.google.com/maps/contrib/100765995468803459654/reviews?hl=en-US","Review_time":"5 years ago","Review":"I asked for Caramel at the bottom of my Frapp and the Barister was upset that I asked??? Like really??","Likes":""},{"Name":"","Category":"","Rating":" 5 stars ","Number_of_Reviews":"","Address":"","Reviewer":"Sophia Christiaan","Reviewer_page":"https://www.google.com/maps/contrib/103221008011358426565/reviews?hl=en-US","Review_time":"5 years ago","Review":"Great store, nice staff, especially Andrea who helped me above and beyond and was very nice!","Likes":"1"},{"Name":"","Category":"","Rating":" 5 stars ","Number_of_Reviews":"","Address":"","Reviewer":"Ann Spitzer","Reviewer_page":"https://www.google.com/maps/contrib/106765199235416412161/reviews?hl=en-US","Review_time":"3 years ago","Review":"My husband did a mobile order from hospital, I picked it up,everything was perfect\nThank you","Likes":"1"},{"Name":"","Category":"","Rating":" 4 stars ","Number_of_Reviews":"","Address":"","Reviewer":"Matt Forrest","Reviewer_page":"https://www.google.com/maps/contrib/104441532904237479677/reviews?hl=en-US","Review_time":"7 years ago","Review":"Good Starbucks but there always seems to be a long line here.","Likes":""},{"Name":"","Category":"","Rating":" 5 stars ","Number_of_Reviews":"","Address":"","Reviewer":"mostafizur kabir","Reviewer_page":"https://www.google.com/maps/contrib/116305841264884828906/reviews?hl=en-US","Review_time":"5 months ago","Review":"Excellent","Likes":""},{"Name":"","Category":"","Rating":" 5 stars ","Number_of_Reviews":"","Address":"","Reviewer":"Gino Marchese","Reviewer_page":"https://www.google.com/maps/contrib/101773063501466871713/reviews?hl=en-US","Review_time":"2 years ago","Review":"I spent a lot of my time here the atmosphere is beautiful","Likes":""},{"Name":"","Category":"","Rating":" 3 stars ","Number_of_Reviews":"","Address":"","Reviewer":"Joshua","Reviewer_page":"https://www.google.com/maps/contrib/118307841242544421943/reviews?hl=en-US","Review_time":"6 years ago","Review":"Batistas are a little confused on orders they take but good service","Likes":""},{"Name":"","Category":"","Rating":" 1 star ","Number_of_Reviews":"","Address":"","Reviewer":"K T","Reviewer_page":"https://www.google.com/maps/contrib/111196536001270287705/reviews?hl=en-US","Review_time":"6 years ago","Review":"Terribly slow, slow moving people, and what's the deal with locked bathroom.?!? I won't go back in this one!!!","Likes":"1"},{"Name":"","Category":"","Rating":" 2 stars ","Number_of_Reviews":"","Address":"","Reviewer":"Aidan Delilkan-Russell","Reviewer_page":"https://www.google.com/maps/contrib/108968598361678388557/reviews?hl=en-US","Review_time":"4 years ago","Review":"Really slow service, only one person making coffee!?!?","Likes":""},{"Name":"","Category":"","Rating":" 2 stars ","Number_of_Reviews":"","Address":"","Reviewer":"kimberly Burford","Reviewer_page":"https://www.google.com/maps/contrib/106724359308663545731/reviews?hl=en-US","Review_time":"4 years ago","Review":"Pleasant staff but extremely slow service and not even crowded.","Likes":""},{"Name":"","Category":"","Rating":" 1 star ","Number_of_Reviews":"","Address":"","Reviewer":"Ziad Khoury","Reviewer_page":"https://www.google.com/maps/contrib/114291812877910643315/reviews?hl=en-US","Review_time":"5 years ago","Review":"$5.30 for a medium latte with coconut milk. This is straight up WAY OVERPRICED!!!!!!!!!!!","Likes":""},{"Name":"","Category":"","Rating":" 3 stars ","Number_of_Reviews":"","Address":"","Reviewer":"Rena Tabata","Reviewer_page":"https://www.google.com/maps/contrib/112400743308182393122/reviews?hl=en-US","Review_time":"6 years ago","Review":"Decent service and a fairly clean Starbucks.","Likes":""},{"Name":"","Category":"","Rating":" 5 stars ","Number_of_Reviews":"","Address":"","Reviewer":"Laura Brinkhus","Reviewer_page":"https://www.google.com/maps/contrib/102900392329957556593/reviews?hl=en-US","Review_time":"4 years ago","Review":"Starbucks is and always will be my favorite coffee.","Likes":""},{"Name":"","Category":"","Rating":" 4 stars ","Number_of_Reviews":"","Address":"","Reviewer":"Robert Ferone","Reviewer_page":"https://www.google.com/maps/contrib/114794498138800084228/reviews?hl=en-US","Review_time":"3 years ago","Review":"Quick, Courteous service for mid-morning in NYC.","Likes":""},{"Name":"","Category":"","Rating":" 4 stars ","Number_of_Reviews":"","Address":"","Reviewer":"Daisy McCloud","Reviewer_page":"https://www.google.com/maps/contrib/101074179342407117996/reviews?hl=en-US","Review_time":"6 years ago","Review":"Not much to say.  Standard Starbucks visit","Likes":""},{"Name":"","Category":"","Rating":" 5 stars ","Number_of_Reviews":"","Address":"","Reviewer":"Vicky Lopez","Reviewer_page":"https://www.google.com/maps/contrib/116025966757748476793/reviews?hl=en-US","Review_time":"2 years ago","Review":"GREAT COFFEE friendly staff","Likes":""},{"Name":"","Category":"","Rating":" 3 stars ","Number_of_Reviews":"","Address":"","Reviewer":"Alan DELACRUZ","Reviewer_page":"https://www.google.com/maps/contrib/112435112523680212019/reviews?hl=en-US","Review_time":"5 years ago","Review":"Great place and good to do your paperwork","Likes":""},{"Name":"","Category":"","Rating":" 1 star ","Number_of_Reviews":"","Address":"","Reviewer":"emily burford","Reviewer_page":"https://www.google.com/maps/contrib/101627676350401550571/reviews?hl=en-US","Review_time":"4 years ago","Review":"It takes 20 minutes to get what you ordered","Likes":""},{"Name":"","Category":"","Rating":" 5 stars ","Number_of_Reviews":"","Address":"","Reviewer":"Ali Behr","Reviewer_page":"https://www.google.com/maps/contrib/111842527658898011511/reviews?hl=en-US","Review_time":"3 years ago","Review":"I'm a regular at this location. Feels like family.","Likes":""},{"Name":"","Category":"","Rating":" 5 stars ","Number_of_Reviews":"","Address":"","Reviewer":"Rahim Neal","Reviewer_page":"https://www.google.com/maps/contrib/104125836050377057026/reviews?hl=en-US","Review_time":"2 years ago","Review":"Always liked Starbucks... #1","Likes":""},{"Name":"","Category":"","Rating":" 4 stars ","Number_of_Reviews":"","Address":"","Reviewer":"Lydia Ortiz-Lugo","Reviewer_page":"https://www.google.com/maps/contrib/111648309739102247293/reviews?hl=en-US","Review_time":"5 years ago","Review":"Great coffee. Fast service","Likes":""},{"Name":"","Category":"","Rating":" 4 stars ","Number_of_Reviews":"","Address":"","Reviewer":"Ismail Gomaa","Reviewer_page":"https://www.google.com/maps/contrib/101612925256989191691/reviews?hl=en-US","Review_time":"5 years ago","Review":"It's a Starbucks like any other.","Likes":""},{"Name":"","Category":"","Rating":" 5 stars ","Number_of_Reviews":"","Address":"","Reviewer":"Andrew Woo","Reviewer_page":"https://www.google.com/maps/contrib/112229281935741484986/reviews?hl=en-US","Review_time":"4 years ago","Review":"Quick orders on mobile app","Likes":"1"},{"Name":"","Category":"","Rating":" 4 stars ","Number_of_Reviews":"","Address":"","Reviewer":"Rich H","Reviewer_page":"https://www.google.com/maps/contrib/109923735369618957678/reviews?hl=en-US","Review_time":"4 years ago","Review":"Service is pretty good.","Likes":"1"},{"Name":"","Category":"","Rating":" 4 stars ","Number_of_Reviews":"","Address":"","Reviewer":"Maribel Acevedo","Reviewer_page":"https://www.google.com/maps/contrib/111175104456577230414/reviews?hl=en-US","Review_time":"4 years ago","Review":"Chai Tea is the Best!","Likes":""},{"Name":"","Category":"","Rating":" 1 star ","Number_of_Reviews":"","Address":"","Reviewer":"Teacher Sam","Reviewer_page":"https://www.google.com/maps/contrib/115651055353067525508/reviews?hl=en-US","Review_time":"5 years ago","Review":"Refused to let me use restroom","Likes":""},{"Name":"","Category":"","Rating":" 1 star ","Number_of_Reviews":"","Address":"","Reviewer":"Trevor Lewis","Reviewer_page":"https://www.google.com/maps/contrib/104566482483719004464/reviews?hl=en-US","Review_time":"5 years ago","Review":"Manager was rude and disrespectful!","Likes":""},{"Name":"","Category":"","Rating":" 5 stars ","Number_of_Reviews":"","Address":"","Reviewer":"Izabella Cyr","Reviewer_page":"https://www.google.com/maps/contrib/103950126410154023268/reviews?hl=en-US","Review_time":"3 years ago","Review":"LOVE IT","Likes":""},{"Name":"","Category":"","Rating":" 5 stars ","Number_of_Reviews":"","Address":"","Reviewer":"Jumar Devouil","Reviewer_page":"https://www.google.com/maps/contrib/110867542641599771407/reviews?hl=en-US","Review_time":"5 years ago","Review":"very nice workers","Likes":""},{"Name":"","Category":"","Rating":" 5 stars ","Number_of_Reviews":"","Address":"","Reviewer":"Seth Niimi","Reviewer_page":"https://www.google.com/maps/contrib/104698614510872149961/reviews?hl=en-US","Review_time":"6 years ago","Review":"Fast friendly service","Likes":""},{"Name":"","Category":"","Rating":" 5 stars ","Number_of_Reviews":"","Address":"","Reviewer":"Ramel Dilligard","Reviewer_page":"https://www.google.com/maps/contrib/112320886358234670693/reviews?hl=en-US","Review_time":"a year ago","Review":"Good","Likes":""},{"Name":"","Category":"","Rating":" 1 star ","Number_of_Reviews":"","Address":"","Reviewer":"Cábron Rodriguez","Reviewer_page":"https://www.google.com/maps/contrib/103537216568865507430/reviews?hl=en-US","Review_time":"4 years ago","Review":"Was not impressed at all","Likes":""},{"Name":"","Category":"","Rating":" 1 star ","Number_of_Reviews":"","Address":"","Reviewer":"Wayne Brimo","Reviewer_page":"https://www.google.com/maps/contrib/108779713336413617247/reviews?hl=en-US","Review_time":"a year ago","Review":"Good","Likes":""},{"Name":"","Category":"","Rating":" 4 stars ","Number_of_Reviews":"","Address":"","Reviewer":"Sam Wong","Reviewer_page":"https://www.google.com/maps/contrib/117947281957391903624/reviews?hl=en-US","Review_time":"6 years ago","Review":"Your average Starbucks in Manhattan","Likes":""},{"Name":"","Category":"","Rating":" 5 stars ","Number_of_Reviews":"","Address":"","Reviewer":"Ana Ayala","Reviewer_page":"https://www.google.com/maps/contrib/112878110348513754922/reviews?hl=en-US","Review_time":"3 years ago","Review":"Loved it","Likes":""},{"Name":"","Category":"","Rating":" 4 stars ","Number_of_Reviews":"","Address":"","Reviewer":"Theo Panton","Reviewer_page":"https://www.google.com/maps/contrib/100188256177107449709/reviews?hl=en-US","Review_time":"3 years ago","Review":"The usual","Likes":""},{"Name":"","Category":"","Rating":" 5 stars ","Number_of_Reviews":"","Address":"","Reviewer":"LACHINITA47","Reviewer_page":"https://www.google.com/maps/contrib/112647119827057683543/reviews?hl=en-US","Review_time":"2 years ago","Review":"Loved","Likes":""},{"Name":"","Category":"","Rating":" 5 stars ","Number_of_Reviews":"","Address":"","Reviewer":"Francisco Alvarez","Reviewer_page":"https://www.google.com/maps/contrib/100390983244306833760/reviews?hl=en-US","Review_time":"a year ago","Review":"Really good","Likes":""},{"Name":"","Category":"","Rating":" 5 stars ","Number_of_Reviews":"","Address":"","Reviewer":"Dasha","Reviewer_page":"https://www.google.com/maps/contrib/114890865759028632572/reviews?hl=en-US","Review_time":"3 years ago","Review":"Great service 👍","Likes":""},{"Name":"","Category":"","Rating":" 5 stars ","Number_of_Reviews":"","Address":"","Reviewer":"mary johnson","Reviewer_page":"https://www.google.com/maps/contrib/104526408280389982063/reviews?hl=en-US","Review_time":"3 years ago","Review":"Very polite","Likes":""},{"Name":"","Category":"","Rating":" 5 stars ","Number_of_Reviews":"","Address":"","Reviewer":"Dianne Pannullo","Reviewer_page":"https://www.google.com/maps/contrib/112668918437505002339/reviews?hl=en-US","Review_time":"2 years ago","Review":"Reliably the same","Likes":""},{"Name":"","Category":"","Rating":" 4 stars ","Number_of_Reviews":"","Address":"","Reviewer":"Bruce schaff","Reviewer_page":"https://www.google.com/maps/contrib/105749979835185255415/reviews?hl=en-US","Review_time":"4 years ago","Review":"Great service","Likes":""},{"Name":"","Category":"","Rating":" 5 stars ","Number_of_Reviews":"","Address":"","Reviewer":"Fence Up","Reviewer_page":"https://www.google.com/maps/contrib/103653365398188475866/reviews?hl=en-US","Review_time":"4 years ago","Review":"Great staff","Likes":""},{"Name":"","Category":"","Rating":" 5 stars ","Number_of_Reviews":"","Address":"","Reviewer":"venus Rodriguez","Reviewer_page":"https://www.google.com/maps/contrib/110873782132574612498/reviews?hl=en-US","Review_time":"4 years ago","Review":"Love the service","Likes":""},{"Name":"","Category":"","Rating":" 3 stars ","Number_of_Reviews":"","Address":"","Reviewer":"Daniel Ramos","Reviewer_page":"https://www.google.com/maps/contrib/106825193410666032082/reviews?hl=en-US","Review_time":"3 years ago","Review":"Little expensive","Likes":""},{"Name":"","Category":"","Rating":" 5 stars ","Number_of_Reviews":"","Address":"","Reviewer":"Nadiia Buravskaia","Reviewer_page":"https://www.google.com/maps/contrib/105318406170688402980/reviews?hl=en-US","Review_time":"5 years ago","Review":"Good stuff","Likes":""},{"Name":"","Category":"","Rating":" 4 stars ","Number_of_Reviews":"","Address":"","Reviewer":"David Xu","Reviewer_page":"https://www.google.com/maps/contrib/117985443336936130559/reviews?hl=en-US","Review_time":"6 years ago","Review":"Typical Starbucks","Likes":""},{"Name":"","Category":"","Rating":" 5 stars ","Number_of_Reviews":"","Address":"","Reviewer":"Susie Ortega","Reviewer_page":"https://www.google.com/maps/contrib/109416589101913714292/reviews?hl=en-US","Review_time":"5 years ago","Review":"Excellent!!","Likes":""},{"Name":"","Category":"","Rating":" 4 stars ","Number_of_Reviews":"","Address":"","Reviewer":"Kaveh Fatemi","Reviewer_page":"https://www.google.com/maps/contrib/108337701141309778912/reviews?hl=en-US","Review_time":"3 years ago","Review":"Typical Starbucks","Likes":""},{"Name":"","Category":"","Rating":" 5 stars ","Number_of_Reviews":"","Address":"","Reviewer":"Avi Golden","Reviewer_page":"https://www.google.com/maps/contrib/100019155084693266669/reviews?hl=en-US","Review_time":"4 years ago","Review":"A+++++++++++++++","Likes":""},{"Name":"","Category":"","Rating":" 5 stars ","Number_of_Reviews":"","Address":"","Reviewer":"carina lovera","Reviewer_page":"https://www.google.com/maps/contrib/113641975233722886988/reviews?hl=en-US","Review_time":"3 days ago","Review":"Even though they extremely busy in the morning and I end up running to work I love stopping here and receiving the joy they give each everyday especially Aian! His energy is everything!","Likes":""},{"Name":"","Category":"","Rating":" 4 stars ","Number_of_Reviews":"","Address":"","Reviewer":"R Cooper","Reviewer_page":"https://www.google.com/maps/contrib/111885609879231450259/reviews?hl=en-US","Review_time":"3 years ago","Review":"(Translated by Google) Nice Baptists, clean, great soy cappuccino!\n\n(Original)\nNice Batistas, clean, great soy cappuccino!","Likes":""},{"Name":"","Category":"","Rating":" 5 stars ","Number_of_Reviews":"","Address":"","Reviewer":"Diana Lopez","Reviewer_page":"https://www.google.com/maps/contrib/117215238577100484196/reviews?hl=en-US","Review_time":"a year ago","Review":"(Translated by Google) I love when they give things away.\n\n(Original)\nMe encanta cuando regalan cosas.","Likes":""},{"Name":"","Category":"","Rating":" 5 stars ","Number_of_Reviews":"","Address":"","Reviewer":"Федор Стуков","Reviewer_page":"https://www.google.com/maps/contrib/107473640763879488540/reviews?hl=en-US","Review_time":"4 years ago","Review":"(Translated by Google) The service is very fast and good quality.\n\n(Original)\nОбслуживание очень быстрое и качественное.","Likes":""},{"Name":"","Category":"","Rating":" 4 stars ","Number_of_Reviews":"","Address":"","Reviewer":"Tony Yu","Reviewer_page":"https://www.google.com/maps/contrib/112990590824397063622/reviews?hl=en-US","Review_time":"9 months ago","Review":"","Likes":""},{"Name":"","Category":"","Rating":" 5 stars ","Number_of_Reviews":"","Address":"","Reviewer":"Bashir Sultan","Reviewer_page":"https://www.google.com/maps/contrib/117850744581111655663/reviews?hl=en-US","Review_time":"11 months ago","Review":"","Likes":""},{"Name":"","Category":"","Rating":" 4 stars ","Number_of_Reviews":"","Address":"","Reviewer":"Maria Alvarado","Reviewer_page":"https://www.google.com/maps/contrib/113382811423281315214/reviews?hl=en-US","Review_time":"3 years ago","Review":"","Likes":""},{"Name":"","Category":"","Rating":" 5 stars ","Number_of_Reviews":"","Address":"","Reviewer":"Grey Cottun","Reviewer_page":"https://www.google.com/maps/contrib/113032605003923305510/reviews?hl=en-US","Review_time":"a year ago","Review":"","Likes":""},{"Name":"","Category":"","Rating":" 4 stars ","Number_of_Reviews":"","Address":"","Reviewer":"Pauline Quidone","Reviewer_page":"https://www.google.com/maps/contrib/100423198544790725815/reviews?hl=en-US","Review_time":"4 years ago","Review":"","Likes":""},{"Name":"","Category":"","Rating":" 4 stars ","Number_of_Reviews":"","Address":"","Reviewer":"Tricia Nelson","Reviewer_page":"https://www.google.com/maps/contrib/107725219462576668313/reviews?hl=en-US","Review_time":"3 years ago","Review":"","Likes":""},{"Name":"","Category":"","Rating":" 5 stars ","Number_of_Reviews":"","Address":"","Reviewer":"rymel leonard","Reviewer_page":"https://www.google.com/maps/contrib/115884782070187792835/reviews?hl=en-US","Review_time":"2 years ago","Review":"","Likes":""},{"Name":"","Category":"","Rating":" 4 stars ","Number_of_Reviews":"","Address":"","Reviewer":"Artur Rebuschi","Reviewer_page":"https://www.google.com/maps/contrib/105862443000278402400/reviews?hl=en-US","Review_time":"2 years ago","Review":"","Likes":""},{"Name":"","Category":"","Rating":" 5 stars ","Number_of_Reviews":"","Address":"","Reviewer":"William","Reviewer_page":"https://www.google.com/maps/contrib/113095049411348762731/reviews?hl=en-US","Review_time":"2 years ago","Review":"","Likes":""},{"Name":"","Category":"","Rating":" 5 stars ","Number_of_Reviews":"","Address":"","Reviewer":"Mark Rizzo","Reviewer_page":"https://www.google.com/maps/contrib/108266801505445759784/reviews?hl=en-US","Review_time":"a year ago","Review":"","Likes":""},{"Name":"","Category":"","Rating":" 5 stars ","Number_of_Reviews":"","Address":"","Reviewer":"Adam Reeis","Reviewer_page":"https://www.google.com/maps/contrib/101396643789509619723/reviews?hl=en-US","Review_time":"3 years ago","Review":"","Likes":""},{"Name":"","Category":"","Rating":" 4 stars ","Number_of_Reviews":"","Address":"","Reviewer":"Audra Namm","Reviewer_page":"https://www.google.com/maps/contrib/110748304347771319380/reviews?hl=en-US","Review_time":"3 years ago","Review":"","Likes":""},{"Name":"","Category":"","Rating":" 5 stars ","Number_of_Reviews":"","Address":"","Reviewer":"Shakthi Narayan","Reviewer_page":"https://www.google.com/maps/contrib/117342635341869617895/reviews?hl=en-US","Review_time":"3 years ago","Review":"","Likes":""},{"Name":"","Category":"","Rating":" 4 stars ","Number_of_Reviews":"","Address":"","Reviewer":"Daniel Garcia","Reviewer_page":"https://www.google.com/maps/contrib/107473758280893547512/reviews?hl=en-US","Review_time":"3 years ago","Review":"","Likes":""},{"Name":"","Category":"","Rating":" 5 stars ","Number_of_Reviews":"","Address":"","Reviewer":"Christine H","Reviewer_page":"https://www.google.com/maps/contrib/115042695640159432713/reviews?hl=en-US","Review_time":"6 years ago","Review":"","Likes":""},{"Name":"","Category":"","Rating":" 4 stars ","Number_of_Reviews":"","Address":"","Reviewer":"MRSOTO; Alex Soto","Reviewer_page":"https://www.google.com/maps/contrib/105740378939124023113/reviews?hl=en-US","Review_time":"3 years ago","Review":"","Likes":""},{"Name":"","Category":"","Rating":" 5 stars ","Number_of_Reviews":"","Address":"","Reviewer":"Laurine Leleu","Reviewer_page":"https://www.google.com/maps/contrib/104042696049843997417/reviews?hl=en-US","Review_time":"3 years ago","Review":"","Likes":""},{"Name":"","Category":"","Rating":" 5 stars ","Number_of_Reviews":"","Address":"","Reviewer":"Nina Young","Reviewer_page":"https://www.google.com/maps/contrib/105790852516092028337/reviews?hl=en-US","Review_time":"5 years ago","Review":"","Likes":""},{"Name":"","Category":"","Rating":" 4 stars ","Number_of_Reviews":"","Address":"","Reviewer":"Daniel Williams","Reviewer_page":"https://www.google.com/maps/contrib/100548059579105810631/reviews?hl=en-US","Review_time":"6 years ago","Review":"","Likes":""},{"Name":"","Category":"","Rating":" 5 stars ","Number_of_Reviews":"","Address":"","Reviewer":"Narinder Singh","Reviewer_page":"https://www.google.com/maps/contrib/101403557780951409878/reviews?hl=en-US","Review_time":"a year ago","Review":"","Likes":""},{"Name":"","Category":"","Rating":" 1 star ","Number_of_Reviews":"","Address":"","Reviewer":"Chris Goodloe","Reviewer_page":"https://www.google.com/maps/contrib/102017821290987386510/reviews?hl=en-US","Review_time":"3 years ago","Review":"","Likes":""},{"Name":"","Category":"","Rating":" 5 stars ","Number_of_Reviews":"","Address":"","Reviewer":"Rainbarrel","Reviewer_page":"https://www.google.com/maps/contrib/102828597187996765796/reviews?hl=en-US","Review_time":"5 years ago","Review":"","Likes":""},{"Name":"","Category":"","Rating":" 5 stars ","Number_of_Reviews":"","Address":"","Reviewer":"Connie Kim","Reviewer_page":"https://www.google.com/maps/contrib/117097329595713170046/reviews?hl=en-US","Review_time":"7 years ago","Review":"","Likes":""},{"Name":"","Category":"","Rating":" 5 stars ","Number_of_Reviews":"","Address":"","Reviewer":"Diego Gordoa","Reviewer_page":"https://www.google.com/maps/contrib/108663281497063645543/reviews?hl=en-US","Review_time":"3 years ago","Review":"","Likes":""},{"Name":"","Category":"","Rating":" 5 stars ","Number_of_Reviews":"","Address":"","Reviewer":"Patrice Ruel","Reviewer_page":"https://www.google.com/maps/contrib/106754560011919105056/reviews?hl=en-US","Review_time":"3 years ago","Review":"","Likes":""},{"Name":"","Category":"","Rating":" 5 stars ","Number_of_Reviews":"","Address":"","Reviewer":"Hansol Choi Katie","Reviewer_page":"https://www.google.com/maps/contrib/101464884715474303954/reviews?hl=en-US","Review_time":"3 years ago","Review":"","Likes":""},{"Name":"","Category":"","Rating":" 4 stars ","Number_of_Reviews":"","Address":"","Reviewer":"Mitchell Tamashunas","Reviewer_page":"https://www.google.com/maps/contrib/111888086118333866523/reviews?hl=en-US","Review_time":"3 years ago","Review":"","Likes":""},{"Name":"","Category":"","Rating":" 4 stars ","Number_of_Reviews":"","Address":"","Reviewer":"Kelly Gardner","Reviewer_page":"https://www.google.com/maps/contrib/104197257241048110413/reviews?hl=en-US","Review_time":"4 years ago","Review":"","Likes":""},{"Name":"","Category":"","Rating":" 4 stars ","Number_of_Reviews":"","Address":"","Reviewer":"Will Felcon","Reviewer_page":"https://www.google.com/maps/contrib/116634234756479497858/reviews?hl=en-US","Review_time":"3 years ago","Review":"","Likes":""},{"Name":"","Category":"","Rating":" 1 star ","Number_of_Reviews":"","Address":"","Reviewer":"Mag Russinova","Reviewer_page":"https://www.google.com/maps/contrib/104114158569501603958/reviews?hl=en-US","Review_time":"4 years ago","Review":"","Likes":""},{"Name":"","Category":"","Rating":" 3 stars ","Number_of_Reviews":"","Address":"","Reviewer":"Samantha Garcia","Reviewer_page":"https://www.google.com/maps/contrib/100370556494633224638/reviews?hl=en-US","Review_time":"2 years ago","Review":"","Likes":""},{"Name":"","Category":"","Rating":" 5 stars ","Number_of_Reviews":"","Address":"","Reviewer":"Adam Viruet","Reviewer_page":"https://www.google.com/maps/contrib/116865838025361762166/reviews?hl=en-US","Review_time":"9 months ago","Review":"","Likes":""},{"Name":"","Category":"","Rating":" 5 stars ","Number_of_Reviews":"","Address":"","Reviewer":"Tosca Hegel-Cantarella","Reviewer_page":"https://www.google.com/maps/contrib/112127945337443812733/reviews?hl=en-US","Review_time":"5 years ago","Review":"","Likes":""},{"Name":"","Category":"","Rating":" 5 stars ","Number_of_Reviews":"","Address":"","Reviewer":"Reuben Paul","Reviewer_page":"https://www.google.com/maps/contrib/106001038655212481120/reviews?hl=en-US","Review_time":"2 years ago","Review":"","Likes":""},{"Name":"","Category":"","Rating":" 4 stars ","Number_of_Reviews":"","Address":"","Reviewer":"Stephen McKinley","Reviewer_page":"https://www.google.com/maps/contrib/104843707979740582832/reviews?hl=en-US","Review_time":"6 years ago","Review":"","Likes":""},{"Name":"","Category":"","Rating":" 3 stars ","Number_of_Reviews":"","Address":"","Reviewer":"Antonio Chia","Reviewer_page":"https://www.google.com/maps/contrib/106317337624671575438/reviews?hl=en-US","Review_time":"a year ago","Review":"","Likes":""},{"Name":"","Category":"","Rating":" 4 stars ","Number_of_Reviews":"","Address":"","Reviewer":"Alber Arditi","Reviewer_page":"https://www.google.com/maps/contrib/116973521841505778778/reviews?hl=en-US","Review_time":"2 years ago","Review":"","Likes":""},{"Name":"","Category":"","Rating":" 5 stars ","Number_of_Reviews":"","Address":"","Reviewer":"Рамиль Исламов","Reviewer_page":"https://www.google.com/maps/contrib/106155135905032460803/reviews?hl=en-US","Review_time":"4 years ago","Review":"","Likes":""},{"Name":"","Category":"","Rating":" 4 stars ","Number_of_Reviews":"","Address":"","Reviewer":"Rosse Melo","Reviewer_page":"https://www.google.com/maps/contrib/108214241553951256744/reviews?hl=en-US","Review_time":"a year ago","Review":"","Likes":""},{"Name":"","Category":"","Rating":" 5 stars ","Number_of_Reviews":"","Address":"","Reviewer":"Melanie Montiel","Reviewer_page":"https://www.google.com/maps/contrib/113151049153133388427/reviews?hl=en-US","Review_time":"a year ago","Review":"","Likes":""},{"Name":"","Category":"","Rating":" 5 stars ","Number_of_Reviews":"","Address":"","Reviewer":"Kenneth Mcdevitt","Reviewer_page":"https://www.google.com/maps/contrib/110709882749872768637/reviews?hl=en-US","Review_time":"6 months ago","Review":"","Likes":""},{"Name":"","Category":"","Rating":" 5 stars ","Number_of_Reviews":"","Address":"","Reviewer":"Christopher Groom","Reviewer_page":"https://www.google.com/maps/contrib/113699682175108123421/reviews?hl=en-US","Review_time":"4 years ago","Review":"","Likes":""},{"Name":"","Category":"","Rating":" 5 stars ","Number_of_Reviews":"","Address":"","Reviewer":"Stacy M","Reviewer_page":"https://www.google.com/maps/contrib/103969123066867881397/reviews?hl=en-US","Review_time":"10 months ago","Review":"","Likes":""},{"Name":"","Category":"","Rating":" 5 stars ","Number_of_Reviews":"","Address":"","Reviewer":"monica maldonado","Reviewer_page":"https://www.google.com/maps/contrib/109879508911125251344/reviews?hl=en-US","Review_time":"a year ago","Review":"","Likes":""},{"Name":"","Category":"","Rating":" 5 stars ","Number_of_Reviews":"","Address":"","Reviewer":"Reinaldo Knauer","Reviewer_page":"https://www.google.com/maps/contrib/108126741280624172279/reviews?hl=en-US","Review_time":"2 years ago","Review":"","Likes":""},{"Name":"","Category":"","Rating":" 4 stars ","Number_of_Reviews":"","Address":"","Reviewer":"Parker Huang","Reviewer_page":"https://www.google.com/maps/contrib/105027483083189746357/reviews?hl=en-US","Review_time":"2 years ago","Review":"","Likes":""},{"Name":"","Category":"","Rating":" 5 stars ","Number_of_Reviews":"","Address":"","Reviewer":"Dawn Howai","Reviewer_page":"https://www.google.com/maps/contrib/102834202311066946900/reviews?hl=en-US","Review_time":"5 years ago","Review":"","Likes":""},{"Name":"","Category":"","Rating":" 5 stars ","Number_of_Reviews":"","Address":"","Reviewer":"Ariel Caba","Reviewer_page":"https://www.google.com/maps/contrib/113452700453501165806/reviews?hl=en-US","Review_time":"2 years ago","Review":"","Likes":""},{"Name":"","Category":"","Rating":" 4 stars ","Number_of_Reviews":"","Address":"","Reviewer":"Jonathan Orta","Reviewer_page":"https://www.google.com/maps/contrib/106697293777306294719/reviews?hl=en-US","Review_time":"6 years ago","Review":"","Likes":""},{"Name":"","Category":"","Rating":" 3 stars ","Number_of_Reviews":"","Address":"","Reviewer":"David Valentine","Reviewer_page":"https://www.google.com/maps/contrib/101952250129514328260/reviews?hl=en-US","Review_time":"7 years ago","Review":"","Likes":""},{"Name":"","Category":"","Rating":" 1 star ","Number_of_Reviews":"","Address":"","Reviewer":"Lucas Sevilla","Reviewer_page":"https://www.google.com/maps/contrib/105543136727911111089/reviews?hl=en-US","Review_time":"7 months ago","Review":"","Likes":""},{"Name":"","Category":"","Rating":" 5 stars ","Number_of_Reviews":"","Address":"","Reviewer":"Taming Zulu","Reviewer_page":"https://www.google.com/maps/contrib/116447076778504531992/reviews?hl=en-US","Review_time":"5 years ago","Review":"","Likes":""},{"Name":"","Category":"","Rating":" 5 stars ","Number_of_Reviews":"","Address":"","Reviewer":"Balvyn Santillan","Reviewer_page":"https://www.google.com/maps/contrib/100213464719697740929/reviews?hl=en-US","Review_time":"3 years ago","Review":"","Likes":""},{"Name":"","Category":"","Rating":" 5 stars ","Number_of_Reviews":"","Address":"","Reviewer":"Jose Moronta","Reviewer_page":"https://www.google.com/maps/contrib/104031367636549615300/reviews?hl=en-US","Review_time":"2 years ago","Review":"","Likes":""},{"Name":"","Category":"","Rating":" 5 stars ","Number_of_Reviews":"","Address":"","Reviewer":"David Kuo","Reviewer_page":"https://www.google.com/maps/contrib/116861392836781596748/reviews?hl=en-US","Review_time":"4 years ago","Review":"","Likes":""},{"Name":"","Category":"","Rating":" 2 stars ","Number_of_Reviews":"","Address":"","Reviewer":"Thalia Lucas","Reviewer_page":"https://www.google.com/maps/contrib/102379922229128786252/reviews?hl=en-US","Review_time":"5 years ago","Review":"","Likes":""},{"Name":"","Category":"","Rating":" 5 stars ","Number_of_Reviews":"","Address":"","Reviewer":"Ramon Delarosa","Reviewer_page":"https://www.google.com/maps/contrib/111554068393522465897/reviews?hl=en-US","Review_time":"3 years ago","Review":"","Likes":""},{"Name":"","Category":"","Rating":" 4 stars ","Number_of_Reviews":"","Address":"","Reviewer":"Mark","Reviewer_page":"https://www.google.com/maps/contrib/111927889985526603108/reviews?hl=en-US","Review_time":"4 years ago","Review":"","Likes":""},{"Name":"","Category":"","Rating":" 5 stars ","Number_of_Reviews":"","Address":"","Reviewer":"Stephen Duncan","Reviewer_page":"https://www.google.com/maps/contrib/109155902588012660402/reviews?hl=en-US","Review_time":"2 years ago","Review":"","Likes":""},{"Name":"","Category":"","Rating":" 3 stars ","Number_of_Reviews":"","Address":"","Reviewer":"Zone One - Lee","Reviewer_page":"https://www.google.com/maps/contrib/111214051629059145924/reviews?hl=en-US","Review_time":"4 years ago","Review":"","Likes":""},{"Name":"","Category":"","Rating":" 5 stars ","Number_of_Reviews":"","Address":"","Reviewer":"Paula Jordan","Reviewer_page":"https://www.google.com/maps/contrib/118366010860581647841/reviews?hl=en-US","Review_time":"3 years ago","Review":"","Likes":""},{"Name":"","Category":"","Rating":" 4 stars ","Number_of_Reviews":"","Address":"","Reviewer":"Ayan Barua (absp2006)","Reviewer_page":"https://www.google.com/maps/contrib/106014738979351433432/reviews?hl=en-US","Review_time":"3 years ago","Review":"","Likes":""},{"Name":"","Category":"","Rating":" 5 stars ","Number_of_Reviews":"","Address":"","Reviewer":"Ravshan Nazarov","Reviewer_page":"https://www.google.com/maps/contrib/106992742374878225823/reviews?hl=en-US","Review_time":"3 years ago","Review":"","Likes":""},{"Name":"","Category":"","Rating":" 4 stars ","Number_of_Reviews":"","Address":"","Reviewer":"Izadeli Rivera","Reviewer_page":"https://www.google.com/maps/contrib/100506012186351626419/reviews?hl=en-US","Review_time":"4 years ago","Review":"","Likes":""},{"Name":"","Category":"","Rating":" 4 stars ","Number_of_Reviews":"","Address":"","Reviewer":"Robin","Reviewer_page":"https://www.google.com/maps/contrib/115881340466182897280/reviews?hl=en-US","Review_time":"5 years ago","Review":"","Likes":""},{"Name":"","Category":"","Rating":" 4 stars ","Number_of_Reviews":"","Address":"","Reviewer":"bob howarba","Reviewer_page":"https://www.google.com/maps/contrib/101206269097555101826/reviews?hl=en-US","Review_time":"4 years ago","Review":"","Likes":""},{"Name":"","Category":"","Rating":" 3 stars ","Number_of_Reviews":"","Address":"","Reviewer":"Joel Lacey","Reviewer_page":"https://www.google.com/maps/contrib/100534603213760269685/reviews?hl=en-US","Review_time":"4 years ago","Review":"","Likes":""},{"Name":"","Category":"","Rating":" 5 stars ","Number_of_Reviews":"","Address":"","Reviewer":"gustavo cifuentes","Reviewer_page":"https://www.google.com/maps/contrib/114452291873877385309/reviews?hl=en-US","Review_time":"3 years ago","Review":"","Likes":""},{"Name":"","Category":"","Rating":" 5 stars ","Number_of_Reviews":"","Address":"","Reviewer":"rodneyg73","Reviewer_page":"https://www.google.com/maps/contrib/110059459208453015043/reviews?hl=en-US","Review_time":"2 years ago","Review":"","Likes":""},{"Name":"","Category":"","Rating":" 5 stars ","Number_of_Reviews":"","Address":"","Reviewer":"S D","Reviewer_page":"https://www.google.com/maps/contrib/105361629338036773957/reviews?hl=en-US","Review_time":"3 years ago","Review":"","Likes":""},{"Name":"","Category":"","Rating":" 5 stars ","Number_of_Reviews":"","Address":"","Reviewer":"Jason Kahn","Reviewer_page":"https://www.google.com/maps/contrib/114947372847756221910/reviews?hl=en-US","Review_time":"4 years ago","Review":"","Likes":""},{"Name":"","Category":"","Rating":" 4 stars ","Number_of_Reviews":"","Address":"","Reviewer":"Paul G.","Reviewer_page":"https://www.google.com/maps/contrib/117634094022086840506/reviews?hl=en-US","Review_time":"2 years ago","Review":"","Likes":""},{"Name":"","Category":"","Rating":" 1 star ","Number_of_Reviews":"","Address":"","Reviewer":"Çhris","Reviewer_page":"https://www.google.com/maps/contrib/103126584041067408870/reviews?hl=en-US","Review_time":"9 months ago","Review":"","Likes":""},{"Name":"","Category":"","Rating":" 5 stars ","Number_of_Reviews":"","Address":"","Reviewer":"Ankit Duggal","Reviewer_page":"https://www.google.com/maps/contrib/118379461916407190168/reviews?hl=en-US","Review_time":"2 years ago","Review":"","Likes":""},{"Name":"","Category":"","Rating":" 4 stars ","Number_of_Reviews":"","Address":"","Reviewer":"Alan Chumbley","Reviewer_page":"https://www.google.com/maps/contrib/103920487428224304129/reviews?hl=en-US","Review_time":"6 years ago","Review":"","Likes":""},{"Name":"","Category":"","Rating":" 4 stars ","Number_of_Reviews":"","Address":"","Reviewer":"Ray Shah","Reviewer_page":"https://www.google.com/maps/contrib/114890523309997102892/reviews?hl=en-US","Review_time":"4 years ago","Review":"","Likes":""},{"Name":"","Category":"","Rating":" 3 stars ","Number_of_Reviews":"","Address":"","Reviewer":"Yuriy B","Reviewer_page":"https://www.google.com/maps/contrib/110115779448821548606/reviews?hl=en-US","Review_time":"a year ago","Review":"","Likes":""},{"Name":"","Category":"","Rating":" 3 stars ","Number_of_Reviews":"","Address":"","Reviewer":"Vincent Pruitt (Vince BLACK)","Reviewer_page":"https://www.google.com/maps/contrib/114912966802245267060/reviews?hl=en-US","Review_time":"a year ago","Review":"","Likes":""},{"Name":"","Category":"","Rating":" 4 stars ","Number_of_Reviews":"","Address":"","Reviewer":"Wooyun Nam","Reviewer_page":"https://www.google.com/maps/contrib/112785945982208314989/reviews?hl=en-US","Review_time":"2 years ago","Review":"","Likes":""},{"Name":"","Category":"","Rating":" 4 stars ","Number_of_Reviews":"","Address":"","Reviewer":"Danielle Rodriguez","Reviewer_page":"https://www.google.com/maps/contrib/105461747515266387370/reviews?hl=en-US","Review_time":"5 years ago","Review":"","Likes":""},{"Name":"","Category":"","Rating":" 4 stars ","Number_of_Reviews":"","Address":"","Reviewer":"Pedro Busted","Reviewer_page":"https://www.google.com/maps/contrib/105452487970610567131/reviews?hl=en-US","Review_time":"2 years ago","Review":"","Likes":""},{"Name":"","Category":"","Rating":" 5 stars ","Number_of_Reviews":"","Address":"","Reviewer":"Roman Rodriguez Mendoza","Reviewer_page":"https://www.google.com/maps/contrib/103036924662973228350/reviews?hl=en-US","Review_time":"3 years ago","Review":"","Likes":""},{"Name":"","Category":"","Rating":" 5 stars ","Number_of_Reviews":"","Address":"","Reviewer":"MELISSA A. KLEIN","Reviewer_page":"https://www.google.com/maps/contrib/117647428332645712912/reviews?hl=en-US","Review_time":"4 years ago","Review":"","Likes":""},{"Name":"","Category":"","Rating":" 4 stars ","Number_of_Reviews":"","Address":"","Reviewer":"Nancy Carrapeiro","Reviewer_page":"https://www.google.com/maps/contrib/112675377366148835540/reviews?hl=en-US","Review_time":"4 years ago","Review":"","Likes":""},{"Name":"","Category":"","Rating":" 5 stars ","Number_of_Reviews":"","Address":"","Reviewer":"Yesenia Gonzalez","Reviewer_page":"https://www.google.com/maps/contrib/101462249653963143541/reviews?hl=en-US","Review_time":"5 years ago","Review":"","Likes":""},{"Name":"","Category":"","Rating":" 5 stars ","Number_of_Reviews":"","Address":"","Reviewer":"Nick A","Reviewer_page":"https://www.google.com/maps/contrib/116159571026191371369/reviews?hl=en-US","Review_time":"5 years ago","Review":"","Likes":""},{"Name":"","Category":"","Rating":" 4 stars ","Number_of_Reviews":"","Address":"","Reviewer":"Ally Skikas","Reviewer_page":"https://www.google.com/maps/contrib/107666694418254573571/reviews?hl=en-US","Review_time":"3 years ago","Review":"","Likes":""},{"Name":"","Category":"","Rating":" 4 stars ","Number_of_Reviews":"","Address":"","Reviewer":"Wain C","Reviewer_page":"https://www.google.com/maps/contrib/104836861122722883210/reviews?hl=en-US","Review_time":"4 years ago","Review":"","Likes":""},{"Name":"","Category":"","Rating":" 3 stars ","Number_of_Reviews":"","Address":"","Reviewer":"KiHoon Lee","Reviewer_page":"https://www.google.com/maps/contrib/111075910046430246456/reviews?hl=en-US","Review_time":"2 years ago","Review":"","Likes":""},{"Name":"","Category":"","Rating":" 1 star ","Number_of_Reviews":"","Address":"","Reviewer":"Langa Kambi-Shamba","Reviewer_page":"https://www.google.com/maps/contrib/112316851443665301412/reviews?hl=en-US","Review_time":"4 years ago","Review":"","Likes":""},{"Name":"","Category":"","Rating":" 5 stars ","Number_of_Reviews":"","Address":"","Reviewer":"Cheryl Ann Blackman","Reviewer_page":"https://www.google.com/maps/contrib/116365097070509340005/reviews?hl=en-US","Review_time":"4 years ago","Review":"","Likes":""},{"Name":"","Category":"","Rating":" 5 stars ","Number_of_Reviews":"","Address":"","Reviewer":"Kristin Aladin","Reviewer_page":"https://www.google.com/maps/contrib/110244586553596074414/reviews?hl=en-US","Review_time":"5 years ago","Review":"","Likes":""},{"Name":"","Category":"","Rating":" 3 stars ","Number_of_Reviews":"","Address":"","Reviewer":"Joy Chen","Reviewer_page":"https://www.google.com/maps/contrib/106595688976891641504/reviews?hl=en-US","Review_time":"2 years ago","Review":"","Likes":""},{"Name":"","Category":"","Rating":" 5 stars ","Number_of_Reviews":"","Address":"","Reviewer":"Waldo","Reviewer_page":"https://www.google.com/maps/contrib/103751856744948691591/reviews?hl=en-US","Review_time":"3 years ago","Review":"","Likes":""},{"Name":"","Category":"","Rating":" 5 stars ","Number_of_Reviews":"","Address":"","Reviewer":"Alex blain-cruz","Reviewer_page":"https://www.google.com/maps/contrib/110825862252408901042/reviews?hl=en-US","Review_time":"2 years ago","Review":"","Likes":""},{"Name":"","Category":"","Rating":" 5 stars ","Number_of_Reviews":"","Address":"","Reviewer":"Cristel Baez","Reviewer_page":"https://www.google.com/maps/contrib/108443590256543344542/reviews?hl=en-US","Review_time":"3 years ago","Review":"","Likes":""},{"Name":"","Category":"","Rating":" 4 stars ","Number_of_Reviews":"","Address":"","Reviewer":"Hj Arre","Reviewer_page":"https://www.google.com/maps/contrib/103645838422572698219/reviews?hl=en-US","Review_time":"2 years ago","Review":"","Likes":""},{"Name":"","Category":"","Rating":" 5 stars ","Number_of_Reviews":"","Address":"","Reviewer":"Natalee Stallings","Reviewer_page":"https://www.google.com/maps/contrib/110659980722866440084/reviews?hl=en-US","Review_time":"3 years ago","Review":"","Likes":""},{"Name":"","Category":"","Rating":" 4 stars ","Number_of_Reviews":"","Address":"","Reviewer":"Trupti Bhosale","Reviewer_page":"https://www.google.com/maps/contrib/111669973317465955141/reviews?hl=en-US","Review_time":"3 years ago","Review":"","Likes":""},{"Name":"","Category":"","Rating":" 2 stars ","Number_of_Reviews":"","Address":"","Reviewer":"Paul Wallace","Reviewer_page":"https://www.google.com/maps/contrib/107053817806159257549/reviews?hl=en-US","Review_time":"5 years ago","Review":"","Likes":""},{"Name":"","Category":"","Rating":" 4 stars ","Number_of_Reviews":"","Address":"","Reviewer":"Ruben David Rodriguez","Reviewer_page":"https://www.google.com/maps/contrib/104882251097373932220/reviews?hl=en-US","Review_time":"6 years ago","Review":"","Likes":""},{"Name":"","Category":"","Rating":" 5 stars ","Number_of_Reviews":"","Address":"","Reviewer":"Richard Meyerowich","Reviewer_page":"https://www.google.com/maps/contrib/101711966145321027104/reviews?hl=en-US","Review_time":"4 years ago","Review":"","Likes":""},{"Name":"","Category":"","Rating":" 5 stars ","Number_of_Reviews":"","Address":"","Reviewer":"Vincent Bartoli","Reviewer_page":"https://www.google.com/maps/contrib/111292970893660148922/reviews?hl=en-US","Review_time":"4 years ago","Review":"","Likes":""},{"Name":"","Category":"","Rating":" 5 stars ","Number_of_Reviews":"","Address":"","Reviewer":"Bryan DiBlasi","Reviewer_page":"https://www.google.com/maps/contrib/101217652527146641082/reviews?hl=en-US","Review_time":"4 years ago","Review":"","Likes":""},{"Name":"","Category":"","Rating":" 5 stars ","Number_of_Reviews":"","Address":"","Reviewer":"Siddharth Kulkarni","Reviewer_page":"https://www.google.com/maps/contrib/109491367625149292361/reviews?hl=en-US","Review_time":"5 years ago","Review":"","Likes":""},{"Name":"","Category":"","Rating":" 4 stars ","Number_of_Reviews":"","Address":"","Reviewer":"chory marthines","Reviewer_page":"https://www.google.com/maps/contrib/110859176851854678786/reviews?hl=en-US","Review_time":"3 years ago","Review":"","Likes":""},{"Name":"","Category":"","Rating":" 5 stars ","Number_of_Reviews":"","Address":"","Reviewer":"eli sultanov","Reviewer_page":"https://www.google.com/maps/contrib/108924699284956665222/reviews?hl=en-US","Review_time":"3 years ago","Review":"","Likes":""},{"Name":"","Category":"","Rating":" 4 stars ","Number_of_Reviews":"","Address":"","Reviewer":"sunay Chawla","Reviewer_page":"https://www.google.com/maps/contrib/111884802449721969463/reviews?hl=en-US","Review_time":"2 years ago","Review":"","Likes":""},{"Name":"","Category":"","Rating":" 4 stars ","Number_of_Reviews":"","Address":"","Reviewer":"Adam Hartke","Reviewer_page":"https://www.google.com/maps/contrib/107223120996962470936/reviews?hl=en-US","Review_time":"5 years ago","Review":"","Likes":""},{"Name":"","Category":"","Rating":" 4 stars ","Number_of_Reviews":"","Address":"","Reviewer":"Matthew Pon","Reviewer_page":"https://www.google.com/maps/contrib/109320193365035430151/reviews?hl=en-US","Review_time":"6 years ago","Review":"","Likes":""},{"Name":"","Category":"","Rating":" 5 stars ","Number_of_Reviews":"","Address":"","Reviewer":"Lamora Davis","Reviewer_page":"https://www.google.com/maps/contrib/105684522490637224984/reviews?hl=en-US","Review_time":"5 years ago","Review":"","Likes":""},{"Name":"","Category":"","Rating":" 5 stars ","Number_of_Reviews":"","Address":"","Reviewer":"anshul jain","Reviewer_page":"https://www.google.com/maps/contrib/114674565475420621216/reviews?hl=en-US","Review_time":"3 years ago","Review":"","Likes":""},{"Name":"","Category":"","Rating":" 5 stars ","Number_of_Reviews":"","Address":"","Reviewer":"Google user","Reviewer_page":"https://www.google.com/maps/contrib/113479544267203829032/reviews?hl=en-US","Review_time":"2 years ago","Review":"","Likes":""},{"Name":"","Category":"","Rating":" 5 stars ","Number_of_Reviews":"","Address":"","Reviewer":"Briant Judkins","Reviewer_page":"https://www.google.com/maps/contrib/100894900850496178238/reviews?hl=en-US","Review_time":"5 years ago","Review":"","Likes":""},{"Name":"","Category":"","Rating":" 5 stars ","Number_of_Reviews":"","Address":"","Reviewer":"Yaineneh Kora","Reviewer_page":"https://www.google.com/maps/contrib/103012041809646000272/reviews?hl=en-US","Review_time":"4 years ago","Review":"","Likes":""},{"Name":"","Category":"","Rating":" 2 stars ","Number_of_Reviews":"","Address":"","Reviewer":"MinKoo's Mobile Photography","Reviewer_page":"https://www.google.com/maps/contrib/108069909667024277567/reviews?hl=en-US","Review_time":"3 years ago","Review":"","Likes":""},{"Name":"","Category":"","Rating":" 5 stars ","Number_of_Reviews":"","Address":"","Reviewer":"Michael Zhu","Reviewer_page":"https://www.google.com/maps/contrib/114216442535184701093/reviews?hl=en-US","Review_time":"a year ago","Review":"","Likes":""},{"Name":"","Category":"","Rating":" 2 stars ","Number_of_Reviews":"","Address":"","Reviewer":"Mark Rogerson","Reviewer_page":"https://www.google.com/maps/contrib/114871454704604738498/reviews?hl=en-US","Review_time":"3 years ago","Review":"","Likes":""},{"Name":"","Category":"","Rating":" 5 stars ","Number_of_Reviews":"","Address":"","Reviewer":"Nancy Romanillos Ventic","Reviewer_page":"https://www.google.com/maps/contrib/101951109616211685602/reviews?hl=en-US","Review_time":"3 years ago","Review":"","Likes":""},{"Name":"","Category":"","Rating":" 5 stars ","Number_of_Reviews":"","Address":"","Reviewer":"Cong Le Chi","Reviewer_page":"https://www.google.com/maps/contrib/107020165563262085887/reviews?hl=en-US","Review_time":"5 years ago","Review":"","Likes":""}