[{"Name":"","Category":"","Rating":" 1 star ","Number_of_Reviews":"","Address":"","Reviewer":"Heejung Kim","Reviewer_page":"https://www.google.com/maps/contrib/117063407156535653409/reviews?hl=en-US","Review_time":"a month ago","Review":"Wish my experience was more pleasant with one of the staff members there. Unfortunately very rude customer service. She was very frustrated as I couldn’t hear her with the loud music and got my order with no name. Waiting for long minutes, she finally asked what I had ordered and told there was no more item. Unbelievable.","Likes":""},{"Name":"","Category":"","Rating":" 3 stars ","Number_of_Reviews":"","Address":"","Reviewer":"Devon Clarke","Reviewer_page":"https://www.google.com/maps/contrib/107493882000270808522/reviews?hl=en-US","Review_time":"7 months ago","Review":"They provide quick service but all the prices have increased which makes it not worth it anymore. They were already expensive before but the new price increases doesn't make sense anymore.","Likes":""},{"Name":"","Category":"","Rating":" 1 star ","Number_of_Reviews":"","Address":"","Reviewer":"Paula Williamson","Reviewer_page":"https://www.google.com/maps/contrib/113480549382905621096/reviews?hl=en-US","Review_time":"3 years ago","Review":"I was in today to make a purchase and because I had a $50 bill and my order was only $9.20 vs $10 they would not accept my cash.  I left without purchasing last time I checked all cash should be acceptable considering no signs were even posted.  Poor customer service seems to be there motto because they are Starbucks.  I am done with this franchise this city has many coffee shops with better coffee for reasonable prices.","Likes":"1"},{"Name":"","Category":"","Rating":" 1 star ","Number_of_Reviews":"","Address":"","Reviewer":"Billiamda1","Reviewer_page":"https://www.google.com/maps/contrib/100897136087550911750/reviews?hl=en-US","Review_time":"4 years ago","Review":"Wish I could give negative stars. Hands down the worst Starbucks in the chain. You will wait awhile for your drink and the staff is not polite. Asked for a refund and the manager was very rude about returning MY MONEY for a service that was awful. Vowed never to return to this place, which is sad bc its in a prime location. Wasn't going to say anything till my supervisor went and experienced the exact same thing. Thus this lengthy reason why to walk 2 blocks to the next Starbucks or one block to the Dunkin'. Manager and staff need to be replaced... I'm not the only one who feels that way apparently.","Likes":""},{"Name":"","Category":"","Rating":" 5 stars ","Number_of_Reviews":"","Address":"","Reviewer":"Raphael Rivas","Reviewer_page":"https://www.google.com/maps/contrib/104038744742703255857/reviews?hl=en-US","Review_time":"2 months ago","Review":"I had an excellent experience at this burista.","Likes":""},{"Name":"","Category":"","Rating":" 5 stars ","Number_of_Reviews":"","Address":"","Reviewer":"Taneem Kabir","Reviewer_page":"https://www.google.com/maps/contrib/104032528416905470093/reviews?hl=en-US","Review_time":"6 years ago","Review":"Go here during lunch hours to experience what friendly service is supposed to look like! Staff is courteous, engaging, and efficient. They will put a smile on your face. The premises itself is also very clean and organized.","Likes":""},{"Name":"","Category":"","Rating":" 1 star ","Number_of_Reviews":"","Address":"","Reviewer":"Herbert Rosa","Reviewer_page":"https://www.google.com/maps/contrib/100354055411000240977/reviews?hl=en-US","Review_time":"a year ago","Review":"I don’t know what type of shenanigans this location is running but they said they closed at 4:40 on a week day. What type of ish is this? Isn’t it ran at least during business hours??","Likes":""},{"Name":"","Category":"","Rating":" 1 star ","Number_of_Reviews":"","Address":"","Reviewer":"Taps Taps","Reviewer_page":"https://www.google.com/maps/contrib/109952936446141956642/reviews?hl=en-US","Review_time":"3 years ago","Review":"The staffs are so millenial to serve for such a place. They dont pay attention. Miss wrote my name, and the coffe and food stayed waiting for ever. Over all Bad service.","Likes":""},{"Name":"","Category":"","Rating":" 1 star ","Number_of_Reviews":"","Address":"","Reviewer":"Lisbet Ynfante","Reviewer_page":"https://www.google.com/maps/contrib/103699383240731266590/reviews?hl=en-US","Review_time":"4 years ago","Review":"hate that it does not have the stores hours posted!!!! I feel like they  close at a different time everyday!! Wednesday I was buying my coffee at 6:30 today is Friday and at 5:35 they already close ??","Likes":""},{"Name":"","Category":"","Rating":" 4 stars ","Number_of_Reviews":"","Address":"","Reviewer":"Kate","Reviewer_page":"https://www.google.com/maps/contrib/100474229440278000051/reviews?hl=en-US","Review_time":"4 years ago","Review":"Very busy. Know that they do mobile orders first. Very good frappacinos and chai but takes forever. Nice if you are nice to them.","Likes":""},{"Name":"","Category":"","Rating":" 4 stars ","Number_of_Reviews":"","Address":"","Reviewer":"J D","Reviewer_page":"https://www.google.com/maps/contrib/105964110708339333341/reviews?hl=en-US","Review_time":"2 years ago","Review":"The line is fast and they ensure your drink comes out the way you like.","Likes":""},{"Name":"","Category":"","Rating":" 3 stars ","Number_of_Reviews":"","Address":"","Reviewer":"Melissa Thames","Reviewer_page":"https://www.google.com/maps/contrib/101969111807154189507/reviews?hl=en-US","Review_time":"4 years ago","Review":"Not an easy in and out due to layout. Staff appeared to be annoyed by customers. Have since found a new location in the area.","Likes":""},{"Name":"","Category":"","Rating":" 5 stars ","Number_of_Reviews":"","Address":"","Reviewer":"Janis Malnieks (Jay)","Reviewer_page":"https://www.google.com/maps/contrib/103762257627044137713/reviews?hl=en-US","Review_time":"3 years ago","Review":"One of if not THE best Starbucks in FiDi - great service & busy yet still good for meetups","Likes":""},{"Name":"","Category":"","Rating":" 3 stars ","Number_of_Reviews":"","Address":"","Reviewer":"imagista theimagista","Reviewer_page":"https://www.google.com/maps/contrib/101737800895555406972/reviews?hl=en-US","Review_time":"3 years ago","Review":"Very hit or miss. During rush times they often mess or orders, forget things, or take forever.","Likes":""},{"Name":"","Category":"","Rating":" 3 stars ","Number_of_Reviews":"","Address":"","Reviewer":"Graham Guletz","Reviewer_page":"https://www.google.com/maps/contrib/100237170543943761301/reviews?hl=en-US","Review_time":"5 years ago","Review":"Frequently a long line, plus a long wait after ordering. Otherwise, a standard Starbucks with a few small tables","Likes":"2"},{"Name":"","Category":"","Rating":" 1 star ","Number_of_Reviews":"","Address":"","Reviewer":"Maziar Aboualizadehbehbahani","Reviewer_page":"https://www.google.com/maps/contrib/115939121900760702213/reviews?hl=en-US","Review_time":"4 years ago","Review":"I would suggest fire all of staffs and hire a new team.","Likes":"1"},{"Name":"","Category":"","Rating":" 5 stars ","Number_of_Reviews":"","Address":"","Reviewer":"Michael Habib","Reviewer_page":"https://www.google.com/maps/contrib/103291817589075915986/reviews?hl=en-US","Review_time":"4 years ago","Review":"Great location for a coffee. Visit the Museum next.","Likes":"1"},{"Name":"","Category":"","Rating":" 3 stars ","Number_of_Reviews":"","Address":"","Reviewer":"chris lindberg","Reviewer_page":"https://www.google.com/maps/contrib/105430455281273172359/reviews?hl=en-US","Review_time":"2 years ago","Review":"Good but the coffee is still overpriced","Likes":""},{"Name":"","Category":"","Rating":" 5 stars ","Number_of_Reviews":"","Address":"","Reviewer":"Mieriem Abdullaieva","Reviewer_page":"https://www.google.com/maps/contrib/104807006465265279992/reviews?hl=en-US","Review_time":"3 years ago","Review":"Fast service and good location.","Likes":""},{"Name":"","Category":"","Rating":" 5 stars ","Number_of_Reviews":"","Address":"","Reviewer":"Amir Bhuiyan","Reviewer_page":"https://www.google.com/maps/contrib/100591829065018938480/reviews?hl=en-US","Review_time":"3 years ago","Review":"Friendly barista! Quick service","Likes":""},{"Name":"","Category":"","Rating":" 3 stars ","Number_of_Reviews":"","Address":"","Reviewer":"James Roache","Reviewer_page":"https://www.google.com/maps/contrib/105985940505551326268/reviews?hl=en-US","Review_time":"6 years ago","Review":"Average. Line always moves slow.","Likes":""},{"Name":"","Category":"","Rating":" 5 stars ","Number_of_Reviews":"","Address":"","Reviewer":"Leo","Reviewer_page":"https://www.google.com/maps/contrib/107240403422279934774/reviews?hl=en-US","Review_time":"5 months ago","Review":"(Translated by Google) After a good meal, it's always a pleasure to finish off a meal with an order at Starbucks.\n\n(Original)\nDepois de uma boa refeição , sempre é um prazer de sabor poder finalizar uma refeição com um pedido no Starbucks","Likes":""},{"Name":"","Category":"","Rating":" 1 star ","Number_of_Reviews":"","Address":"","Reviewer":"Carlos Chaves","Reviewer_page":"https://www.google.com/maps/contrib/108134430084331060806/reviews?hl=en-US","Review_time":"7 months ago","Review":"(Translated by Google) ...not the attention I've always received at starbucks. They should evaluate the behavior of their employees when addressing customers. They close the bathroom regardless of what you are consuming and that you have children...the attitude is very rude\n\n(Original)\n... no es la atención que siempre he recibido en los starbucks. Deberian evaluar el actuar  de sus empleados al dirigirse a los clientes.  Cierran el baño sin importar que estes consumiendo y que tengas niños.. la actitud muy grosera","Likes":""},{"Name":"","Category":"","Rating":" 1 star ","Number_of_Reviews":"","Address":"","Reviewer":"Sven Härle","Reviewer_page":"https://www.google.com/maps/contrib/117223237886559505983/reviews?hl=en-US","Review_time":"3 years ago","Review":"(Translated by Google) Incredibly rude... only get the wrong drink and then get whistled at for it\n\n(Original)\nUnglaublich unfreundlich... erst das falsche Getränk bekommen und dann auch noch dafür angepfiffen zu werden geht gar nicht","Likes":""},{"Name":"","Category":"","Rating":" 5 stars ","Number_of_Reviews":"","Address":"","Reviewer":"חגאי שרי","Reviewer_page":"https://www.google.com/maps/contrib/115061963274553626002/reviews?hl=en-US","Review_time":"3 years ago","Review":"(Translated by Google) Not on the network ...\n\n(Original)\nאין על הרשת...","Likes":""},{"Name":"","Category":"","Rating":" 5 stars ","Number_of_Reviews":"","Address":"","Reviewer":"NINA RAISSON","Reviewer_page":"https://www.google.com/maps/contrib/114051188064471030242/reviews?hl=en-US","Review_time":"3 years ago","Review":"(Translated by Google) Good\n\n(Original)\nBien","Likes":""},{"Name":"","Category":"","Rating":" 5 stars ","Number_of_Reviews":"","Address":"","Reviewer":"Gachis Chavez","Reviewer_page":"https://www.google.com/maps/contrib/112422845753327533452/reviews?hl=en-US","Review_time":"2 years ago","Review":"(Translated by Google) good service\n\n(Original)\nbuen servicio","Likes":""},{"Name":"","Category":"","Rating":" 4 stars ","Number_of_Reviews":"","Address":"","Reviewer":"Yo Yo","Reviewer_page":"https://www.google.com/maps/contrib/113604623746160003925/reviews?hl=en-US","Review_time":"3 years ago","Review":"(Translated by Google) (∩▽∩)\n\n(Original)\n（∩▽∩）","Likes":""},{"Name":"","Category":"","Rating":" 5 stars ","Number_of_Reviews":"","Address":"","Reviewer":"Agust Booth","Reviewer_page":"https://www.google.com/maps/contrib/111862588707117554183/reviews?hl=en-US","Review_time":"2 years ago","Review":"","Likes":""},{"Name":"","Category":"","Rating":" 4 stars ","Number_of_Reviews":"","Address":"","Reviewer":"Jose Martin Sanchez","Reviewer_page":"https://www.google.com/maps/contrib/115436542770516950931/reviews?hl=en-US","Review_time":"3 years ago","Review":"","Likes":""},{"Name":"","Category":"","Rating":" 1 star ","Number_of_Reviews":"","Address":"","Reviewer":"Alex Sarling","Reviewer_page":"https://www.google.com/maps/contrib/102843656628276691308/reviews?hl=en-US","Review_time":"4 years ago","Review":"","Likes":""},{"Name":"","Category":"","Rating":" 5 stars ","Number_of_Reviews":"","Address":"","Reviewer":"Marina Havriliak","Reviewer_page":"https://www.google.com/maps/contrib/116032404529937281970/reviews?hl=en-US","Review_time":"2 years ago","Review":"","Likes":""},{"Name":"","Category":"","Rating":" 4 stars ","Number_of_Reviews":"","Address":"","Reviewer":"Anna F","Reviewer_page":"https://www.google.com/maps/contrib/111270141157474731752/reviews?hl=en-US","Review_time":"2 years ago","Review":"","Likes":""},{"Name":"","Category":"","Rating":" 1 star ","Number_of_Reviews":"","Address":"","Reviewer":"Chi Zhang","Reviewer_page":"https://www.google.com/maps/contrib/110508104264578460522/reviews?hl=en-US","Review_time":"3 years ago","Review":"","Likes":""},{"Name":"","Category":"","Rating":" 3 stars ","Number_of_Reviews":"","Address":"","Reviewer":"Cristoffer Cedergren","Reviewer_page":"https://www.google.com/maps/contrib/102246756774421754059/reviews?hl=en-US","Review_time":"6 years ago","Review":"","Likes":""},{"Name":"","Category":"","Rating":" 4 stars ","Number_of_Reviews":"","Address":"","Reviewer":"Rami Marginean","Reviewer_page":"https://www.google.com/maps/contrib/101033302146839318477/reviews?hl=en-US","Review_time":"2 years ago","Review":"","Likes":""},{"Name":"","Category":"","Rating":" 3 stars ","Number_of_Reviews":"","Address":"","Reviewer":"Sunil Rao","Reviewer_page":"https://www.google.com/maps/contrib/116810187545444398580/reviews?hl=en-US","Review_time":"4 years ago","Review":"","Likes":""},{"Name":"","Category":"","Rating":" 5 stars ","Number_of_Reviews":"","Address":"","Reviewer":"PJ B","Reviewer_page":"https://www.google.com/maps/contrib/104937799465555075964/reviews?hl=en-US","Review_time":"3 years ago","Review":"","Likes":""},{"Name":"","Category":"","Rating":" 5 stars ","Number_of_Reviews":"","Address":"","Reviewer":"Kenneth Mcdevitt","Reviewer_page":"https://www.google.com/maps/contrib/110709882749872768637/reviews?hl=en-US","Review_time":"6 months ago","Review":"","Likes":""},{"Name":"","Category":"","Rating":" 4 stars ","Number_of_Reviews":"","Address":"","Reviewer":"Keith T","Reviewer_page":"https://www.google.com/maps/contrib/113009605367453185840/reviews?hl=en-US","Review_time":"4 years ago","Review":"","Likes":""},{"Name":"","Category":"","Rating":" 5 stars ","Number_of_Reviews":"","Address":"","Reviewer":"George Wallace","Reviewer_page":"https://www.google.com/maps/contrib/116307714829303461178/reviews?hl=en-US","Review_time":"3 years ago","Review":"","Likes":""},{"Name":"","Category":"","Rating":" 4 stars ","Number_of_Reviews":"","Address":"","Reviewer":"Heather Green","Reviewer_page":"https://www.google.com/maps/contrib/108190515261984376876/reviews?hl=en-US","Review_time":"5 years ago","Review":"","Likes":""},{"Name":"","Category":"","Rating":" 4 stars ","Number_of_Reviews":"","Address":"","Reviewer":"manank chawda","Reviewer_page":"https://www.google.com/maps/contrib/111751155879390360219/reviews?hl=en-US","Review_time":"2 years ago","Review":"","Likes":""},{"Name":"","Category":"","Rating":" 5 stars ","Number_of_Reviews":"","Address":"","Reviewer":"Diego Balbuen","Reviewer_page":"https://www.google.com/maps/contrib/110208767844909118558/reviews?hl=en-US","Review_time":"3 years ago","Review":"","Likes":""},{"Name":"","Category":"","Rating":" 3 stars ","Number_of_Reviews":"","Address":"","Reviewer":"Rachel Mekeel","Reviewer_page":"https://www.google.com/maps/contrib/105349448075552264001/reviews?hl=en-US","Review_time":"2 years ago","Review":"","Likes":""},{"Name":"","Category":"","Rating":" 3 stars ","Number_of_Reviews":"","Address":"","Reviewer":"taifaijai","Reviewer_page":"https://www.google.com/maps/contrib/111487557443621742037/reviews?hl=en-US","Review_time":"4 years ago","Review":"","Likes":""},{"Name":"","Category":"","Rating":" 5 stars ","Number_of_Reviews":"","Address":"","Reviewer":"Jack Katsman","Reviewer_page":"https://www.google.com/maps/contrib/114545657398704904646/reviews?hl=en-US","Review_time":"2 years ago","Review":"","Likes":""},{"Name":"","Category":"","Rating":" 5 stars ","Number_of_Reviews":"","Address":"","Reviewer":"Alie Carrington","Reviewer_page":"https://www.google.com/maps/contrib/114318132815956444933/reviews?hl=en-US","Review_time":"3 years ago","Review":"","Likes":""},{"Name":"","Category":"","Rating":" 1 star ","Number_of_Reviews":"","Address":"","Reviewer":"Andy P","Reviewer_page":"https://www.google.com/maps/contrib/116194545068515308831/reviews?hl=en-US","Review_time":"2 years ago","Review":"","Likes":""},{"Name":"","Category":"","Rating":" 5 stars ","Number_of_Reviews":"","Address":"","Reviewer":"Amol Shandilya","Reviewer_page":"https://www.google.com/maps/contrib/110302189834373750390/reviews?hl=en-US","Review_time":"2 years ago","Review":"","Likes":""},{"Name":"","Category":"","Rating":" 4 stars ","Number_of_Reviews":"","Address":"","Reviewer":"A R (gooseberry)","Reviewer_page":"https://www.google.com/maps/contrib/111958164733544781720/reviews?hl=en-US","Review_time":"4 years ago","Review":"","Likes":""}