[{"Name":"","Category":"","Rating":" 5 stars ","Number_of_Reviews":"","Address":"","Reviewer":"Fine Maier","Reviewer_page":"https://www.google.com/maps/contrib/110002140455656037245/reviews?hl=en-US","Review_time":"3 months ago","Review":"The friendliest staff I have ever met. We took our order REALLY patiently, even though we were really undecided. Thank you very much! What a good start to our New York visit.","Likes":""},{"Name":"","Category":"","Rating":" 5 stars ","Number_of_Reviews":"","Address":"","Reviewer":"Christobel Gomez-Garcia","Reviewer_page":"https://www.google.com/maps/contrib/108810890021984838861/reviews?hl=en-US","Review_time":"11 months ago","Review":"Quick and friendly service!\n\nI love visiting this location nearby my job whenever a need a refresher or quick snack.","Likes":""},{"Name":"","Category":"","Rating":" 5 stars ","Number_of_Reviews":"","Address":"","Reviewer":"JUJU MARQUES","Reviewer_page":"https://www.google.com/maps/contrib/105780896197786682752/reviews?hl=en-US","Review_time":"6 months ago","Review":"I love if there drinks are good AMEENA IS THE SWEETEST ALWAYS SO FRIENDLY AND SMILING ☺️","Likes":""},{"Name":"","Category":"","Rating":" 5 stars ","Number_of_Reviews":"","Address":"","Reviewer":"Lisa Vas","Reviewer_page":"https://www.google.com/maps/contrib/112730774270661096663/reviews?hl=en-US","Review_time":"3 years ago","Review":"I've been having HORRIBLE Starbucks experiences lately! But today my first visit at this location restored my liking of Starbucks.  The girls were so friendly with big bright smiles on their faces, no attitudes just bright cheery smiles and EXCELLENT customer service! And they got my order right :)\n\nWill definitely go out of my way to come to this location!","Likes":""},{"Name":"","Category":"","Rating":" 1 star ","Number_of_Reviews":"","Address":"","Reviewer":"Schuyler Hecht","Reviewer_page":"https://www.google.com/maps/contrib/107402214785857353165/reviews?hl=en-US","Review_time":"a year ago","Review":"Bought a tall redeye and the \"Barista\" gave me a cup of coffee grounds..gross","Likes":""},{"Name":"","Category":"","Rating":" 3 stars ","Number_of_Reviews":"","Address":"","Reviewer":"louis lim","Reviewer_page":"https://www.google.com/maps/contrib/115591138482913321959/reviews?hl=en-US","Review_time":"a year ago","Review":"The order ahead is BS. Walked in for a Latte and no other customers are there, but they prioritize preorders. So I end up waiting for 10 mins. Meahwhile, there’s a stack of drinks piling up at pickup.\n\nYou also got my latte wrong. Luckily I checked. I walked in needing my morning coffee, walked out cranky.","Likes":""},{"Name":"","Category":"","Rating":" 5 stars ","Number_of_Reviews":"","Address":"","Reviewer":"Daniella Dee Mackey","Reviewer_page":"https://www.google.com/maps/contrib/116240884811805397434/reviews?hl=en-US","Review_time":"3 weeks ago","Review":"Excellent customer service!","Likes":""},{"Name":"","Category":"","Rating":" 5 stars ","Number_of_Reviews":"","Address":"","Reviewer":"K. P.","Reviewer_page":"https://www.google.com/maps/contrib/102481165386869450009/reviews?hl=en-US","Review_time":"3 years ago","Review":"GREAT craft drinks- to go along with the GREAT Customer service !! The staff is friendly and attentive at this Starbucks location- very rare in this city. The drinks are prepared QUICKLY- and ACCURATELY- I enjoy my visits here !","Likes":""},{"Name":"","Category":"","Rating":" 5 stars ","Number_of_Reviews":"","Address":"","Reviewer":"Wanda Bennett-Gould","Reviewer_page":"https://www.google.com/maps/contrib/118202543715328332965/reviews?hl=en-US","Review_time":"a year ago","Review":"I go there at least 3 times a week. Almost everyone is amazing. They make you feel welcomed. Alex is awesome!!!!","Likes":""},{"Name":"","Category":"","Rating":" 1 star ","Number_of_Reviews":"","Address":"","Reviewer":"Francisco Gomez","Reviewer_page":"https://www.google.com/maps/contrib/114055426718853575276/reviews?hl=en-US","Review_time":"5 years ago","Review":"I usually come here to study while enjoying a coffee, as it is usually the place where I can find a place the easiest. Today (4-Jan 630pm-730pm) I went again. I don't go with high expectations (you know what you get at Starbucks), but today I just reached my limit: during the hour I remained there (trying to) study and enjoy my coffee, first, two teenagers suddenly came in and started to run around shouting and making noise. After these annoying kids left, another person (this time a grown-up), who didn't even seem to be a customer as he just sat down at one of the empty spaces and spent his time staring at the staff, suddenly took out a basket ball and started bouncing it! Leaving aside the lack of manners some people in this city have, I find even more disturbing that none of the staff would approach these people to stress that their conduct could actually be bothering other customers - they simply didn't seem to care!!","Likes":""},{"Name":"","Category":"","Rating":" 4 stars ","Number_of_Reviews":"","Address":"","Reviewer":"Patience Sanusi","Reviewer_page":"https://www.google.com/maps/contrib/100085074785818444347/reviews?hl=en-US","Review_time":"4 years ago","Review":"I want to send a shout out to Lauren for providing excellent customer service.  She iss professional, polite and always smiling.  I normally call Starbucks \"crazybucks\" but this location is the real deal.  Thanks Starbucks...now about to your prices🙂","Likes":""},{"Name":"","Category":"","Rating":" 5 stars ","Number_of_Reviews":"","Address":"","Reviewer":"Salahuddin Hossain","Reviewer_page":"https://www.google.com/maps/contrib/108457507266383268142/reviews?hl=en-US","Review_time":"a year ago","Review":"Best Starbucks in all of NYC . The staff is hands down the most hard working .The music is always on and ambience is so amazing.They connect with you on one on one level.The staff will greet you in with an amazing cheer whenever you walk in  so you know you  will most defently be taken care of you no matter what.The experience of visiting this starbucks is like having your friends you visit at home or at places of normal meet ups not just for coffee but just to even stop by just to say hey friend how are you?","Likes":""},{"Name":"","Category":"","Rating":" 5 stars ","Number_of_Reviews":"","Address":"","Reviewer":"Ken Miller","Reviewer_page":"https://www.google.com/maps/contrib/109960417207152369747/reviews?hl=en-US","Review_time":"4 years ago","Review":"Opens on time. Fast Friendly Service. Music kept low in background. Julie is the best. Always a smile and greeting to go with my dark roast.  Recommended.","Likes":""},{"Name":"","Category":"","Rating":" 2 stars ","Number_of_Reviews":"","Address":"","Reviewer":"Carolyn Weddell","Reviewer_page":"https://www.google.com/maps/contrib/103371547345347948303/reviews?hl=en-US","Review_time":"3 years ago","Review":"My visits have become increasingly aggravating.  Yesterday's stop at the Union Square West location was unpleasant:  Even when staffers were standing at any of the four registers, only one staffer appeared to be taking orders (something I have noted before at this location, at times resulting in staffer curtness).  The store's existing congestion was thereby made far worse.  Today I brought my venti metal recycle cup -- a Starbucks product -- to the 87th & Third location.  Because this cup was too tall to fit under the coffee dispenser (had the Starbucks designer not taken height into account?), I watched as the barista used instead a disposable plastic cup, poured the contents into my metal cup -- and then threw out the cup.  This rendered my lugging my reusable cup, in an effort to \"save the planet,\" utterly pointless.  I used to go to Starbucks daily.  I am now down to two or three times a week.  I need to make that once a month, with the eventual goal of total avoidance.","Likes":""},{"Name":"","Category":"","Rating":" 5 stars ","Number_of_Reviews":"","Address":"","Reviewer":"Michelle Fuentes","Reviewer_page":"https://www.google.com/maps/contrib/109749078810945886527/reviews?hl=en-US","Review_time":"10 months ago","Review":"Friendly staff. But long wait for order. Everytime  I order same thing,  just a latte and breakfast sandwich,  I wait about 15 min...too long","Likes":""},{"Name":"","Category":"","Rating":" 5 stars ","Number_of_Reviews":"","Address":"","Reviewer":"Patrick Duong","Reviewer_page":"https://www.google.com/maps/contrib/101133945148486027358/reviews?hl=en-US","Review_time":"4 years ago","Review":"This Starbucks is literally across from where I live. By far the best customer services any one can ask for; fast and sufficient. My Starbucks close to my office in Downtown Brooklyn need to learn from them","Likes":""},{"Name":"","Category":"","Rating":" 5 stars ","Number_of_Reviews":"","Address":"","Reviewer":"Sunny","Reviewer_page":"https://www.google.com/maps/contrib/110786518373913700049/reviews?hl=en-US","Review_time":"2 years ago","Review":"Love this Starbucks ..Everyone who works there is so nice, very helpful, and the line moves very fast.\nVery clean too!\n..","Likes":""},{"Name":"","Category":"","Rating":" 5 stars ","Number_of_Reviews":"","Address":"","Reviewer":"Francisco Pina","Reviewer_page":"https://www.google.com/maps/contrib/101026858897496889455/reviews?hl=en-US","Review_time":"4 years ago","Review":"Great service the best one ☝️ and the worker named Cynthia she the greatest employee and the best coffee and the good thing they always remember you and they already know what u drink is super good","Likes":""},{"Name":"","Category":"","Rating":" 1 star ","Number_of_Reviews":"","Address":"","Reviewer":"Sergio Herrera","Reviewer_page":"https://www.google.com/maps/contrib/101126314665939622294/reviews?hl=en-US","Review_time":"a year ago","Review":"very bad service today the lady who is taking the order does not respect what I wanted to order and she did not mind bad service","Likes":""},{"Name":"","Category":"","Rating":" 5 stars ","Number_of_Reviews":"","Address":"","Reviewer":"Sunny Angen","Reviewer_page":"https://www.google.com/maps/contrib/106727085590919334934/reviews?hl=en-US","Review_time":"a year ago","Review":"From the moment you walk in the door..you are greeted by a warm team waiting to help you..Every drink is perfect...they always give my dog\n\"PUPACCINO.❤","Likes":""},{"Name":"","Category":"","Rating":" 4 stars ","Number_of_Reviews":"","Address":"","Reviewer":"Flip Drop","Reviewer_page":"https://www.google.com/maps/contrib/110328635469708523243/reviews?hl=en-US","Review_time":"a month ago","Review":"Big Shoop but to cold","Likes":""},{"Name":"","Category":"","Rating":" 1 star ","Number_of_Reviews":"","Address":"","Reviewer":"Efraín Estrada","Reviewer_page":"https://www.google.com/maps/contrib/117027785868317873429/reviews?hl=en-US","Review_time":"2 years ago","Review":"THIEVES, the barista this morning happened to TIP HISELF, I payed with my card, NOW MY ONLINE BANK STATEMENT, shows that my $2.99 purchase (MEDIUM SIZED BLACK COFFEE 5:40 am) is ACTUALLY $7.99.","Likes":""},{"Name":"","Category":"","Rating":" 5 stars ","Number_of_Reviews":"","Address":"","Reviewer":"Cordelia Waite","Reviewer_page":"https://www.google.com/maps/contrib/115482270166693881893/reviews?hl=en-US","Review_time":"a year ago","Review":"My favorite Starbucks to go to. The staff are exceptionally friendly.","Likes":""},{"Name":"","Category":"","Rating":" 5 stars ","Number_of_Reviews":"","Address":"","Reviewer":"Ivette S","Reviewer_page":"https://www.google.com/maps/contrib/110657519744774725593/reviews?hl=en-US","Review_time":"5 years ago","Review":"Great service great baristas","Likes":""},{"Name":"","Category":"","Rating":" 1 star ","Number_of_Reviews":"","Address":"","Reviewer":"Gurpreet singh","Reviewer_page":"https://www.google.com/maps/contrib/101777621174012716657/reviews?hl=en-US","Review_time":"3 years ago","Review":"This place in the heart of the city but not recommended. Website says closing at 10 pm and I have checked in at 9:29 . what that means if other people are sitting and said rude by the staff that we are closed that’s it. So disappointed","Likes":"1"},{"Name":"","Category":"","Rating":" 5 stars ","Number_of_Reviews":"","Address":"","Reviewer":"alex.b. usa","Reviewer_page":"https://www.google.com/maps/contrib/116963690992587639542/reviews?hl=en-US","Review_time":"3 years ago","Review":"I have visited this place because my phone was out of charge, and there is wireless charging pads, it's comfortable.","Likes":""},{"Name":"","Category":"","Rating":" 5 stars ","Number_of_Reviews":"","Address":"","Reviewer":"‫אלון ג'משי (‪Portalkid‬‏)‬‎","Reviewer_page":"https://www.google.com/maps/contrib/114450367562949447894/reviews?hl=en-US","Review_time":"4 years ago","Review":"Loved the hat concept, made it feel special. Thank you Zala (or Zara..? I forget) for the lovely service","Likes":""},{"Name":"","Category":"","Rating":" 1 star ","Number_of_Reviews":"","Address":"","Reviewer":"Aliyu Maikano Mohamed","Reviewer_page":"https://www.google.com/maps/contrib/100346322507115988255/reviews?hl=en-US","Review_time":"3 years ago","Review":"At least you can let me know when my order is ready and continue with your causerie, made me stand waiting like a toy \"little respect for your customer\"","Likes":""},{"Name":"","Category":"","Rating":" 5 stars ","Number_of_Reviews":"","Address":"","Reviewer":"Toree Hill","Reviewer_page":"https://www.google.com/maps/contrib/101573571966808158456/reviews?hl=en-US","Review_time":"2 years ago","Review":"Starbucks continues to offer customers their outstanding products.  Thaks Starbucks!","Likes":""},{"Name":"","Category":"","Rating":" 5 stars ","Number_of_Reviews":"","Address":"","Reviewer":"Casey Diaz","Reviewer_page":"https://www.google.com/maps/contrib/112448623563466880750/reviews?hl=en-US","Review_time":"5 years ago","Review":"Awesome staff! Clean and comfortable the way Starbucks should be.","Likes":""},{"Name":"","Category":"","Rating":" 4 stars ","Number_of_Reviews":"","Address":"","Reviewer":"Francesca Fussell","Reviewer_page":"https://www.google.com/maps/contrib/111071423068383285093/reviews?hl=en-US","Review_time":"a year ago","Review":"this place is dark .this is the second time I been here .paper on the floor sugar on the floor .I just they are to busy","Likes":""},{"Name":"","Category":"","Rating":" 4 stars ","Number_of_Reviews":"","Address":"","Reviewer":"Jeff Yablon","Reviewer_page":"https://www.google.com/maps/contrib/107656876763618847422/reviews?hl=en-US","Review_time":"5 years ago","Review":"Starbucks is Starbucks, but I somehow always find this one comfortable—despite the fact that their seats are actually as UNcomfortable as it comes.","Likes":""},{"Name":"","Category":"","Rating":" 4 stars ","Number_of_Reviews":"","Address":"","Reviewer":"Morgen Aractingi","Reviewer_page":"https://www.google.com/maps/contrib/105961399777854305400/reviews?hl=en-US","Review_time":"7 years ago","Review":"That's my week-end spot. Cool place, cool staff. Always make my cappuccino right!","Likes":""},{"Name":"","Category":"","Rating":" 5 stars ","Number_of_Reviews":"","Address":"","Reviewer":"Jesus Hit","Reviewer_page":"https://www.google.com/maps/contrib/104897813240937617570/reviews?hl=en-US","Review_time":"4 years ago","Review":"Go here when at work. Pretty fast service. Bought a cool mug","Likes":""},{"Name":"","Category":"","Rating":" 5 stars ","Number_of_Reviews":"","Address":"","Reviewer":"tari pope","Reviewer_page":"https://www.google.com/maps/contrib/117878335669493533197/reviews?hl=en-US","Review_time":"a year ago","Review":"Love the Carmel frappe with extra caramel lol","Likes":""},{"Name":"","Category":"","Rating":" 5 stars ","Number_of_Reviews":"","Address":"","Reviewer":"Nicole Daniel","Reviewer_page":"https://www.google.com/maps/contrib/105408313793398673877/reviews?hl=en-US","Review_time":"4 years ago","Review":"Nice Starbucks. Friendly staff. Lines can be horrendous when school lets out.","Likes":""},{"Name":"","Category":"","Rating":" 5 stars ","Number_of_Reviews":"","Address":"","Reviewer":"THE AUM INSTITUT","Reviewer_page":"https://www.google.com/maps/contrib/118036310681838745296/reviews?hl=en-US","Review_time":"3 years ago","Review":"Quiet, peaceful and an enjoyable experience. Coffee was great","Likes":""},{"Name":"","Category":"","Rating":" 5 stars ","Number_of_Reviews":"","Address":"","Reviewer":"Paolo Marchesi","Reviewer_page":"https://www.google.com/maps/contrib/103601283009879959422/reviews?hl=en-US","Review_time":"4 years ago","Review":"Great customer service. Shout out to Joselito, the best service ever!","Likes":""},{"Name":"","Category":"","Rating":" 5 stars ","Number_of_Reviews":"","Address":"","Reviewer":"Larry Diamond","Reviewer_page":"https://www.google.com/maps/contrib/107624788819379054729/reviews?hl=en-US","Review_time":"5 years ago","Review":"It's an upscale coffee shop....but I love it.","Likes":""},{"Name":"","Category":"","Rating":" 4 stars ","Number_of_Reviews":"","Address":"","Reviewer":"Rafe Xemt","Reviewer_page":"https://www.google.com/maps/contrib/115900536815259213983/reviews?hl=en-US","Review_time":"7 years ago","Review":"The morning BaristaS are great Never mess up my ORDER","Likes":""},{"Name":"","Category":"","Rating":" 1 star ","Number_of_Reviews":"","Address":"","Reviewer":"Alex NYC","Reviewer_page":"https://www.google.com/maps/contrib/107345070131805838986/reviews?hl=en-US","Review_time":"a year ago","Review":"Restroom is closed, even for customers! 100s of people inside...terrible service","Likes":""},{"Name":"","Category":"","Rating":" 5 stars ","Number_of_Reviews":"","Address":"","Reviewer":"Kafi Herbert","Reviewer_page":"https://www.google.com/maps/contrib/113593042335863408522/reviews?hl=en-US","Review_time":"5 years ago","Review":"Nice n clean to sit and enjoy your coffee","Likes":""},{"Name":"","Category":"","Rating":" 3 stars ","Number_of_Reviews":"","Address":"","Reviewer":"Killa Saab","Reviewer_page":"https://www.google.com/maps/contrib/117025045035502759504/reviews?hl=en-US","Review_time":"5 years ago","Review":"Solid if they have sandwiches left - still free WiFi gets them over the line","Likes":""},{"Name":"","Category":"","Rating":" 4 stars ","Number_of_Reviews":"","Address":"","Reviewer":"Kat Hartman","Reviewer_page":"https://www.google.com/maps/contrib/116113423745848597980/reviews?hl=en-US","Review_time":"2 years ago","Review":"Even at rush hour, this place always moves smoothly.","Likes":""},{"Name":"","Category":"","Rating":" 3 stars ","Number_of_Reviews":"","Address":"","Reviewer":"Fred Bremmer","Reviewer_page":"https://www.google.com/maps/contrib/108279992907491081426/reviews?hl=en-US","Review_time":"a year ago","Review":"Unfavorable experience due to poor communication or lack thereof.","Likes":""},{"Name":"","Category":"","Rating":" 5 stars ","Number_of_Reviews":"","Address":"","Reviewer":"Michael Lando","Reviewer_page":"https://www.google.com/maps/contrib/113522599369817250437/reviews?hl=en-US","Review_time":"4 years ago","Review":"Great service, clean, friendly staff, fast.","Likes":""},{"Name":"","Category":"","Rating":" 5 stars ","Number_of_Reviews":"","Address":"","Reviewer":"Frederick Bryant","Reviewer_page":"https://www.google.com/maps/contrib/108303716437879972752/reviews?hl=en-US","Review_time":"4 years ago","Review":"Great service nice people what makes Starbucks Starbucks","Likes":""},{"Name":"","Category":"","Rating":" 4 stars ","Number_of_Reviews":"","Address":"","Reviewer":"Lawrence T. Li","Reviewer_page":"https://www.google.com/maps/contrib/110998089834942391404/reviews?hl=en-US","Review_time":"5 years ago","Review":"It's a fine Starbucks, usually has seating.","Likes":""},{"Name":"","Category":"","Rating":" 3 stars ","Number_of_Reviews":"","Address":"","Reviewer":"Emperor Kaioyus","Reviewer_page":"https://www.google.com/maps/contrib/111000552621195917038/reviews?hl=en-US","Review_time":"3 years ago","Review":"They are nice.\nFollow me on IG @Emperorkaioyus","Likes":""},{"Name":"","Category":"","Rating":" 4 stars ","Number_of_Reviews":"","Address":"","Reviewer":"Enrico Zanardo","Reviewer_page":"https://www.google.com/maps/contrib/108258590706343440244/reviews?hl=en-US","Review_time":"6 years ago","Review":"Nice local Starbucks.. Often quite crowded","Likes":""},{"Name":"","Category":"","Rating":" 5 stars ","Number_of_Reviews":"","Address":"","Reviewer":"Jose G","Reviewer_page":"https://www.google.com/maps/contrib/106673863529023855714/reviews?hl=en-US","Review_time":"5 years ago","Review":"Great service a bit cold at times","Likes":""},{"Name":"","Category":"","Rating":" 1 star ","Number_of_Reviews":"","Address":"","Reviewer":"Daniel Baird","Reviewer_page":"https://www.google.com/maps/contrib/103828625973916537003/reviews?hl=en-US","Review_time":"5 years ago","Review":"Save your money and go to any one of the numerous indie coffee shops around.","Likes":""},{"Name":"","Category":"","Rating":" 1 star ","Number_of_Reviews":"","Address":"","Reviewer":"edward ayala","Reviewer_page":"https://www.google.com/maps/contrib/100327843986362146711/reviews?hl=en-US","Review_time":"3 years ago","Review":"Pissssss  DRINKING to be seen I REFUSE TO ENTER I RATHER GET MY COFFEE FROM COFFEE CART ON CORNER 😎","Likes":""},{"Name":"","Category":"","Rating":" 2 stars ","Number_of_Reviews":"","Address":"","Reviewer":"Stephen Conradi","Reviewer_page":"https://www.google.com/maps/contrib/110964463653970867375/reviews?hl=en-US","Review_time":"3 years ago","Review":"Sloppy Mostly, Workers not that attentive & Restroom is Horrible","Likes":""},{"Name":"","Category":"","Rating":" 5 stars ","Number_of_Reviews":"","Address":"","Reviewer":"Stephen Supoyo","Reviewer_page":"https://www.google.com/maps/contrib/100816315482971993795/reviews?hl=en-US","Review_time":"5 years ago","Review":"As others have said, great baristas!","Likes":""},{"Name":"","Category":"","Rating":" 1 star ","Number_of_Reviews":"","Address":"","Reviewer":"Norbert Peti-Barwick","Reviewer_page":"https://www.google.com/maps/contrib/104952951343543098278/reviews?hl=en-US","Review_time":"3 years ago","Review":"Worst service in any of the locations. Especially as the day goes by . Smh","Likes":""},{"Name":"","Category":"","Rating":" 5 stars ","Number_of_Reviews":"","Address":"","Reviewer":"Herman Bruner","Reviewer_page":"https://www.google.com/maps/contrib/117761573869260983356/reviews?hl=en-US","Review_time":"3 years ago","Review":"Nice place. Respectful staff","Likes":""},{"Name":"","Category":"","Rating":" 5 stars ","Number_of_Reviews":"","Address":"","Reviewer":"Enjoy Life","Reviewer_page":"https://www.google.com/maps/contrib/101463698714874963384/reviews?hl=en-US","Review_time":"3 years ago","Review":"No matter where I travel, I always feel at home with Starbucks.","Likes":""},{"Name":"","Category":"","Rating":" 3 stars ","Number_of_Reviews":"","Address":"","Reviewer":"Maurice Garrick","Reviewer_page":"https://www.google.com/maps/contrib/102565167738889972312/reviews?hl=en-US","Review_time":"5 years ago","Review":"Great place to have a cup of coffee","Likes":""},{"Name":"","Category":"","Rating":" 5 stars ","Number_of_Reviews":"","Address":"","Reviewer":"Fabian Cruz","Reviewer_page":"https://www.google.com/maps/contrib/111625451103131603318/reviews?hl=en-US","Review_time":"2 years ago","Review":"Excellent service","Likes":""},{"Name":"","Category":"","Rating":" 5 stars ","Number_of_Reviews":"","Address":"","Reviewer":"Boris Bencic","Reviewer_page":"https://www.google.com/maps/contrib/106625540734083165023/reviews?hl=en-US","Review_time":"2 years ago","Review":"USE THE APP. ITS COOL AND FAST","Likes":""},{"Name":"","Category":"","Rating":" 5 stars ","Number_of_Reviews":"","Address":"","Reviewer":"Franklin t","Reviewer_page":"https://www.google.com/maps/contrib/103566594296357833630/reviews?hl=en-US","Review_time":"4 years ago","Review":"Just come here cuz jose is the best","Likes":""},{"Name":"","Category":"","Rating":" 5 stars ","Number_of_Reviews":"","Address":"","Reviewer":"Mr. Cat","Reviewer_page":"https://www.google.com/maps/contrib/116202547011860738570/reviews?hl=en-US","Review_time":"3 years ago","Review":"Great place to hang out!","Likes":""},{"Name":"","Category":"","Rating":" 5 stars ","Number_of_Reviews":"","Address":"","Reviewer":"Kenneth Mcdevitt","Reviewer_page":"https://www.google.com/maps/contrib/110709882749872768637/reviews?hl=en-US","Review_time":"5 years ago","Review":"Coffee here hot dog down the block papaya","Likes":""},{"Name":"","Category":"","Rating":" 5 stars ","Number_of_Reviews":"","Address":"","Reviewer":"Peter Coyne","Reviewer_page":"https://www.google.com/maps/contrib/106934231853436915104/reviews?hl=en-US","Review_time":"4 years ago","Review":"Great store, wonderful people","Likes":""},{"Name":"","Category":"","Rating":" 4 stars ","Number_of_Reviews":"","Address":"","Reviewer":"Tom Sullivan","Reviewer_page":"https://www.google.com/maps/contrib/100372028299906358636/reviews?hl=en-US","Review_time":"4 years ago","Review":"Their service is pretty good.","Likes":""},{"Name":"","Category":"","Rating":" 4 stars ","Number_of_Reviews":"","Address":"","Reviewer":"Kat Henz","Reviewer_page":"https://www.google.com/maps/contrib/100788560645999499552/reviews?hl=en-US","Review_time":"3 years ago","Review":"Great coffee and service","Likes":""},{"Name":"","Category":"","Rating":" 5 stars ","Number_of_Reviews":"","Address":"","Reviewer":"Dzemal Begzoc","Reviewer_page":"https://www.google.com/maps/contrib/104965183106002680740/reviews?hl=en-US","Review_time":"3 years ago","Review":"Nice clean quality and quiet","Likes":""},{"Name":"","Category":"","Rating":" 5 stars ","Number_of_Reviews":"","Address":"","Reviewer":"EveryThing Canine","Reviewer_page":"https://www.google.com/maps/contrib/116082134243801182609/reviews?hl=en-US","Review_time":"4 years ago","Review":"The staff is absolutely AMAZING","Likes":""},{"Name":"","Category":"","Rating":" 5 stars ","Number_of_Reviews":"","Address":"","Reviewer":"Joseph Travis","Reviewer_page":"https://www.google.com/maps/contrib/114146138711658029185/reviews?hl=en-US","Review_time":"7 months ago","Review":"The employees are nice","Likes":"1"},{"Name":"","Category":"","Rating":" 5 stars ","Number_of_Reviews":"","Address":"","Reviewer":"Steven Namm","Reviewer_page":"https://www.google.com/maps/contrib/113890083190858073266/reviews?hl=en-US","Review_time":"5 years ago","Review":"Large, wide cafe, lots of seating!","Likes":""},{"Name":"","Category":"","Rating":" 5 stars ","Number_of_Reviews":"","Address":"","Reviewer":"Philippe Reme","Reviewer_page":"https://www.google.com/maps/contrib/117124647689862941169/reviews?hl=en-US","Review_time":"a year ago","Review":"It was fast and easy!","Likes":""},{"Name":"","Category":"","Rating":" 5 stars ","Number_of_Reviews":"","Address":"","Reviewer":"Sylvia Solorzano","Reviewer_page":"https://www.google.com/maps/contrib/115152451015212713019/reviews?hl=en-US","Review_time":"3 years ago","Review":"Great customer service","Likes":""},{"Name":"","Category":"","Rating":" 5 stars ","Number_of_Reviews":"","Address":"","Reviewer":"Erick Candelero","Reviewer_page":"https://www.google.com/maps/contrib/106733904056769532868/reviews?hl=en-US","Review_time":"5 years ago","Review":"Fast and easy pick up","Likes":""},{"Name":"","Category":"","Rating":" 5 stars ","Number_of_Reviews":"","Address":"","Reviewer":"Tahir Mujic","Reviewer_page":"https://www.google.com/maps/contrib/107302689514442574239/reviews?hl=en-US","Review_time":"3 years ago","Review":"87th and 3rd, the best Starbucks in the neighborhood","Likes":""},{"Name":"","Category":"","Rating":" 5 stars ","Number_of_Reviews":"","Address":"","Reviewer":"Oscar Nino","Reviewer_page":"https://www.google.com/maps/contrib/112056153552734954742/reviews?hl=en-US","Review_time":"2 years ago","Review":"Awesome service.","Likes":""},{"Name":"","Category":"","Rating":" 5 stars ","Number_of_Reviews":"","Address":"","Reviewer":"Sam Zeee","Reviewer_page":"https://www.google.com/maps/contrib/112914644919937809112/reviews?hl=en-US","Review_time":"3 years ago","Review":"Starbucks is Starbucks. Enough said.","Likes":""},{"Name":"","Category":"","Rating":" 1 star ","Number_of_Reviews":"","Address":"","Reviewer":"Alican AGTAS","Reviewer_page":"https://www.google.com/maps/contrib/115696512967637272020/reviews?hl=en-US","Review_time":"5 years ago","Review":"Tina is a very rude employee!!!!","Likes":"2"},{"Name":"","Category":"","Rating":" 2 stars ","Number_of_Reviews":"","Address":"","Reviewer":"TERRENCE MARSH","Reviewer_page":"https://www.google.com/maps/contrib/113535837974779764598/reviews?hl=en-US","Review_time":"4 years ago","Review":"CUP ICE FOR A DRINK.","Likes":""},{"Name":"","Category":"","Rating":" 5 stars ","Number_of_Reviews":"","Address":"","Reviewer":"Kayla Matthew","Reviewer_page":"https://www.google.com/maps/contrib/108198428579316760465/reviews?hl=en-US","Review_time":"3 years ago","Review":"Best!","Likes":""},{"Name":"","Category":"","Rating":" 5 stars ","Number_of_Reviews":"","Address":"","Reviewer":"Marcello Borring","Reviewer_page":"https://www.google.com/maps/contrib/111050005662421848914/reviews?hl=en-US","Review_time":"3 years ago","Review":"Love it","Likes":""},{"Name":"","Category":"","Rating":" 3 stars ","Number_of_Reviews":"","Address":"","Reviewer":"Damian","Reviewer_page":"https://www.google.com/maps/contrib/113805709332463157720/reviews?hl=en-US","Review_time":"3 years ago","Review":"As usual","Likes":"1"},{"Name":"","Category":"","Rating":" 4 stars ","Number_of_Reviews":"","Address":"","Reviewer":"Mike Reid","Reviewer_page":"https://www.google.com/maps/contrib/108798047527388881373/reviews?hl=en-US","Review_time":"3 years ago","Review":"Good coffee","Likes":""},{"Name":"","Category":"","Rating":" 4 stars ","Number_of_Reviews":"","Address":"","Reviewer":"Yndhira De Los Santos","Reviewer_page":"https://www.google.com/maps/contrib/113428598804252147438/reviews?hl=en-US","Review_time":"4 years ago","Review":"Good coffee","Likes":""},{"Name":"","Category":"","Rating":" 4 stars ","Number_of_Reviews":"","Address":"","Reviewer":"Saul Sanchez","Reviewer_page":"https://www.google.com/maps/contrib/116340742827374715781/reviews?hl=en-US","Review_time":"4 years ago","Review":"Good service","Likes":""},{"Name":"","Category":"","Rating":" 5 stars ","Number_of_Reviews":"","Address":"","Reviewer":"Malinda Pullins","Reviewer_page":"https://www.google.com/maps/contrib/107709872157943151357/reviews?hl=en-US","Review_time":"3 years ago","Review":"Great","Likes":""},{"Name":"","Category":"","Rating":" 4 stars ","Number_of_Reviews":"","Address":"","Reviewer":"Tee Anthony15","Reviewer_page":"https://www.google.com/maps/contrib/105991631147331652882/reviews?hl=en-US","Review_time":"3 years ago","Review":"Nice","Likes":""},{"Name":"","Category":"","Rating":" 5 stars ","Number_of_Reviews":"","Address":"","Reviewer":"steven Portera","Reviewer_page":"https://www.google.com/maps/contrib/104868751055025541869/reviews?hl=en-US","Review_time":"5 years ago","Review":"It's Starbucks... Dah","Likes":""},{"Name":"","Category":"","Rating":" 4 stars ","Number_of_Reviews":"","Address":"","Reviewer":"May Chin","Reviewer_page":"https://www.google.com/maps/contrib/103466349433521399770/reviews?hl=en-US","Review_time":"3 years ago","Review":"Good","Likes":""},{"Name":"","Category":"","Rating":" 4 stars ","Number_of_Reviews":"","Address":"","Reviewer":"Robert Pharr","Reviewer_page":"https://www.google.com/maps/contrib/100202506180455554486/reviews?hl=en-US","Review_time":"4 years ago","Review":"Great","Likes":""},{"Name":"","Category":"","Rating":" 5 stars ","Number_of_Reviews":"","Address":"","Reviewer":"Sandra Dumm","Reviewer_page":"https://www.google.com/maps/contrib/108146303420461868363/reviews?hl=en-US","Review_time":"5 years ago","Review":"A typical Starbucks","Likes":""},{"Name":"","Category":"","Rating":" 5 stars ","Number_of_Reviews":"","Address":"","Reviewer":"박준혁","Reviewer_page":"https://www.google.com/maps/contrib/101069969507410441716/reviews?hl=en-US","Review_time":"5 years ago","Review":"Average Starbucks","Likes":""},{"Name":"","Category":"","Rating":" 4 stars ","Number_of_Reviews":"","Address":"","Reviewer":"English with Alina","Reviewer_page":"https://www.google.com/maps/contrib/111909698118205191296/reviews?hl=en-US","Review_time":"5 years ago","Review":"Convenient location","Likes":""},{"Name":"","Category":"","Rating":" 5 stars ","Number_of_Reviews":"","Address":"","Reviewer":"ANNALISA CASINI","Reviewer_page":"https://www.google.com/maps/contrib/110861904382286816922/reviews?hl=en-US","Review_time":"4 years ago","Review":"(Translated by Google) I don't have good memories of this chain in Europe, instead here in NYC I was surprised by the friendliness of the staff dedicated to satisfying the customer, moderate prices for an American coffee, clean and welcoming environment.\nIn addition to having free access to sugar, milk and lids, also vanilla and canella jars to be added at will.\nStupendo😋\n\n(Original)\nNon ho buoni ricordi di questa catena in Europa, invece qui a NYC sono rimasta sorpresa per la cordialita' del personale dedito a soddisfare il cliente, prezzi modici x un caffe' americano, ambiente pulito e accogliente.\nOltre ad avere libero accesso allo zucchero, latte e coperchietti anche vasetti alla vaniglia e canella da aggiungerea piacimento.\nStupendo😋","Likes":"1"},{"Name":"","Category":"","Rating":" 5 stars ","Number_of_Reviews":"","Address":"","Reviewer":"臻創意美術","Reviewer_page":"https://www.google.com/maps/contrib/101940279596150770297/reviews?hl=en-US","Review_time":"a year ago","Review":"(Translated by Google) Great place - relaxed atmosphere\nThe shop staff are very enthusiastic 🙂\nCome in and have a coffee when you want to take a break!\nAccidentally ordered a total of 2 cups 😆\n\n(Original)\n好地方～休閒放鬆的氣氛\n店員都很熱情🙂\n路過想休息就進來喝一杯咖啡！\n不知不覺總共點了2杯😆","Likes":""},{"Name":"","Category":"","Rating":" 5 stars ","Number_of_Reviews":"","Address":"","Reviewer":"Rosa Ma. F B","Reviewer_page":"https://www.google.com/maps/contrib/111625618460401669798/reviews?hl=en-US","Review_time":"4 years ago","Review":"(Translated by Google) Excellent coffee and sandwiches...!!!\n\n(Original)\nExcelente café y bocadillos...!!!","Likes":""},{"Name":"","Category":"","Rating":" 3 stars ","Number_of_Reviews":"","Address":"","Reviewer":"Pedro Gomez","Reviewer_page":"https://www.google.com/maps/contrib/107785640002812420606/reviews?hl=en-US","Review_time":"5 years ago","Review":"(Translated by Google) Always attentive and great assortment.\n\n(Original)\nSiempre atentos y gran surtido.","Likes":""},{"Name":"","Category":"","Rating":" 5 stars ","Number_of_Reviews":"","Address":"","Reviewer":"Ned Djokic","Reviewer_page":"https://www.google.com/maps/contrib/105421213696335293601/reviews?hl=en-US","Review_time":"a year ago","Review":"","Likes":""},{"Name":"","Category":"","Rating":" 5 stars ","Number_of_Reviews":"","Address":"","Reviewer":"george kwiecinski","Reviewer_page":"https://www.google.com/maps/contrib/116338685348369426557/reviews?hl=en-US","Review_time":"2 weeks ago","Review":"","Likes":""},{"Name":"","Category":"","Rating":" 4 stars ","Number_of_Reviews":"","Address":"","Reviewer":"Rodrigo Toledo","Reviewer_page":"https://www.google.com/maps/contrib/116674644177629517270/reviews?hl=en-US","Review_time":"3 years ago","Review":"","Likes":""},{"Name":"","Category":"","Rating":" 5 stars ","Number_of_Reviews":"","Address":"","Reviewer":"Amanda G","Reviewer_page":"https://www.google.com/maps/contrib/106057520033680923129/reviews?hl=en-US","Review_time":"4 years ago","Review":"(Translated by Google) Staff effeceris\n\n(Original)\nStaff effecent","Likes":""},{"Name":"","Category":"","Rating":" 5 stars ","Number_of_Reviews":"","Address":"","Reviewer":"mc poecias vacias Atlatenco","Reviewer_page":"https://www.google.com/maps/contrib/113347103038249313370/reviews?hl=en-US","Review_time":"4 years ago","Review":"(Translated by Google) Tasty coffee\n\n(Original)\nCafé sabroso","Likes":""},{"Name":"","Category":"","Rating":" 4 stars ","Number_of_Reviews":"","Address":"","Reviewer":"David Caro","Reviewer_page":"https://www.google.com/maps/contrib/107580159208418450302/reviews?hl=en-US","Review_time":"10 months ago","Review":"","Likes":""},{"Name":"","Category":"","Rating":" 4 stars ","Number_of_Reviews":"","Address":"","Reviewer":"Carlos Gautier","Reviewer_page":"https://www.google.com/maps/contrib/117990439540122448207/reviews?hl=en-US","Review_time":"a year ago","Review":"","Likes":""},{"Name":"","Category":"","Rating":" 3 stars ","Number_of_Reviews":"","Address":"","Reviewer":"Alicea Pagan","Reviewer_page":"https://www.google.com/maps/contrib/116667262946643954513/reviews?hl=en-US","Review_time":"4 years ago","Review":"","Likes":""},{"Name":"","Category":"","Rating":" 5 stars ","Number_of_Reviews":"","Address":"","Reviewer":"Chavela McClean","Reviewer_page":"https://www.google.com/maps/contrib/107759851620786639313/reviews?hl=en-US","Review_time":"4 years ago","Review":"","Likes":""},{"Name":"","Category":"","Rating":" 5 stars ","Number_of_Reviews":"","Address":"","Reviewer":"JASON GAFANHAO","Reviewer_page":"https://www.google.com/maps/contrib/117625297611250191187/reviews?hl=en-US","Review_time":"4 years ago","Review":"","Likes":""},{"Name":"","Category":"","Rating":" 5 stars ","Number_of_Reviews":"","Address":"","Reviewer":"Saint Blair","Reviewer_page":"https://www.google.com/maps/contrib/100075013167418443437/reviews?hl=en-US","Review_time":"3 years ago","Review":"","Likes":""},{"Name":"","Category":"","Rating":" 4 stars ","Number_of_Reviews":"","Address":"","Reviewer":"Roxana Ortiz","Reviewer_page":"https://www.google.com/maps/contrib/105868087119762891798/reviews?hl=en-US","Review_time":"2 years ago","Review":"","Likes":""},{"Name":"","Category":"","Rating":" 3 stars ","Number_of_Reviews":"","Address":"","Reviewer":"Joseph Dzwill","Reviewer_page":"https://www.google.com/maps/contrib/114951586139480984858/reviews?hl=en-US","Review_time":"5 years ago","Review":"","Likes":""},{"Name":"","Category":"","Rating":" 4 stars ","Number_of_Reviews":"","Address":"","Reviewer":"Tsee Lee","Reviewer_page":"https://www.google.com/maps/contrib/103533886174173753189/reviews?hl=en-US","Review_time":"5 years ago","Review":"","Likes":""},{"Name":"","Category":"","Rating":" 4 stars ","Number_of_Reviews":"","Address":"","Reviewer":"Kathy Rosenberg","Reviewer_page":"https://www.google.com/maps/contrib/106994427467947380233/reviews?hl=en-US","Review_time":"4 years ago","Review":"","Likes":""},{"Name":"","Category":"","Rating":" 5 stars ","Number_of_Reviews":"","Address":"","Reviewer":"George Konstas","Reviewer_page":"https://www.google.com/maps/contrib/110663099148502566491/reviews?hl=en-US","Review_time":"3 years ago","Review":"","Likes":""},{"Name":"","Category":"","Rating":" 5 stars ","Number_of_Reviews":"","Address":"","Reviewer":"Keshav Sharma","Reviewer_page":"https://www.google.com/maps/contrib/103007396033106602408/reviews?hl=en-US","Review_time":"3 years ago","Review":"","Likes":""},{"Name":"","Category":"","Rating":" 5 stars ","Number_of_Reviews":"","Address":"","Reviewer":"Enid Fishman","Reviewer_page":"https://www.google.com/maps/contrib/117527340792129818488/reviews?hl=en-US","Review_time":"4 years ago","Review":"","Likes":""},{"Name":"","Category":"","Rating":" 4 stars ","Number_of_Reviews":"","Address":"","Reviewer":"Fernando Garcia","Reviewer_page":"https://www.google.com/maps/contrib/100590487964746947463/reviews?hl=en-US","Review_time":"2 years ago","Review":"","Likes":""},{"Name":"","Category":"","Rating":" 5 stars ","Number_of_Reviews":"","Address":"","Reviewer":"Abel Daniel","Reviewer_page":"https://www.google.com/maps/contrib/106850122860611740708/reviews?hl=en-US","Review_time":"3 years ago","Review":"","Likes":""},{"Name":"","Category":"","Rating":" 3 stars ","Number_of_Reviews":"","Address":"","Reviewer":"Kay Zara","Reviewer_page":"https://www.google.com/maps/contrib/111619205933289442476/reviews?hl=en-US","Review_time":"4 years ago","Review":"","Likes":""},{"Name":"","Category":"","Rating":" 4 stars ","Number_of_Reviews":"","Address":"","Reviewer":"Fabio Lucca","Reviewer_page":"https://www.google.com/maps/contrib/114786700491613094026/reviews?hl=en-US","Review_time":"5 years ago","Review":"","Likes":""},{"Name":"","Category":"","Rating":" 4 stars ","Number_of_Reviews":"","Address":"","Reviewer":"Mark Mayo","Reviewer_page":"https://www.google.com/maps/contrib/103992732519049111744/reviews?hl=en-US","Review_time":"4 years ago","Review":"","Likes":""},{"Name":"","Category":"","Rating":" 3 stars ","Number_of_Reviews":"","Address":"","Reviewer":"Tadeusz Nieradka","Reviewer_page":"https://www.google.com/maps/contrib/100851370138202112181/reviews?hl=en-US","Review_time":"4 years ago","Review":"","Likes":""},{"Name":"","Category":"","Rating":" 5 stars ","Number_of_Reviews":"","Address":"","Reviewer":"Neal Evan Plagata","Reviewer_page":"https://www.google.com/maps/contrib/118204259948837556670/reviews?hl=en-US","Review_time":"a year ago","Review":"","Likes":""},{"Name":"","Category":"","Rating":" 5 stars ","Number_of_Reviews":"","Address":"","Reviewer":"Brenda Tavarez","Reviewer_page":"https://www.google.com/maps/contrib/117439096431778081872/reviews?hl=en-US","Review_time":"a year ago","Review":"","Likes":""},{"Name":"","Category":"","Rating":" 5 stars ","Number_of_Reviews":"","Address":"","Reviewer":"tino digianni","Reviewer_page":"https://www.google.com/maps/contrib/104985890188924214650/reviews?hl=en-US","Review_time":"3 years ago","Review":"","Likes":""},{"Name":"","Category":"","Rating":" 4 stars ","Number_of_Reviews":"","Address":"","Reviewer":"Kiersten Reed","Reviewer_page":"https://www.google.com/maps/contrib/110618848896992266473/reviews?hl=en-US","Review_time":"3 years ago","Review":"","Likes":""},{"Name":"","Category":"","Rating":" 5 stars ","Number_of_Reviews":"","Address":"","Reviewer":"Ricky Hillman","Reviewer_page":"https://www.google.com/maps/contrib/101847257400300556755/reviews?hl=en-US","Review_time":"3 years ago","Review":"","Likes":""},{"Name":"","Category":"","Rating":" 5 stars ","Number_of_Reviews":"","Address":"","Reviewer":"Shawanna Dilworth","Reviewer_page":"https://www.google.com/maps/contrib/105022665070138736075/reviews?hl=en-US","Review_time":"4 years ago","Review":"","Likes":""},{"Name":"","Category":"","Rating":" 5 stars ","Number_of_Reviews":"","Address":"","Reviewer":"Lucy Valentin","Reviewer_page":"https://www.google.com/maps/contrib/101216521002857328353/reviews?hl=en-US","Review_time":"a year ago","Review":"","Likes":""},{"Name":"","Category":"","Rating":" 5 stars ","Number_of_Reviews":"","Address":"","Reviewer":"Andrew Koch","Reviewer_page":"https://www.google.com/maps/contrib/107366263382294054326/reviews?hl=en-US","Review_time":"3 years ago","Review":"","Likes":""},{"Name":"","Category":"","Rating":" 5 stars ","Number_of_Reviews":"","Address":"","Reviewer":"Tisha Todorova","Reviewer_page":"https://www.google.com/maps/contrib/116005514132288880288/reviews?hl=en-US","Review_time":"4 years ago","Review":"","Likes":""},{"Name":"","Category":"","Rating":" 5 stars ","Number_of_Reviews":"","Address":"","Reviewer":"Eduardo Weinstein","Reviewer_page":"https://www.google.com/maps/contrib/102692093921948380819/reviews?hl=en-US","Review_time":"3 years ago","Review":"","Likes":""},{"Name":"","Category":"","Rating":" 3 stars ","Number_of_Reviews":"","Address":"","Reviewer":"Charles Smith","Reviewer_page":"https://www.google.com/maps/contrib/109043136544678200383/reviews?hl=en-US","Review_time":"4 years ago","Review":"","Likes":""},{"Name":"","Category":"","Rating":" 4 stars ","Number_of_Reviews":"","Address":"","Reviewer":"A B","Reviewer_page":"https://www.google.com/maps/contrib/100153976878239334570/reviews?hl=en-US","Review_time":"5 years ago","Review":"","Likes":""},{"Name":"","Category":"","Rating":" 5 stars ","Number_of_Reviews":"","Address":"","Reviewer":"ןוסף ןוכחך בח הרשל","Reviewer_page":"https://www.google.com/maps/contrib/103541340988233992575/reviews?hl=en-US","Review_time":"4 years ago","Review":"","Likes":""},{"Name":"","Category":"","Rating":" 5 stars ","Number_of_Reviews":"","Address":"","Reviewer":"Daniel Gomes","Reviewer_page":"https://www.google.com/maps/contrib/109151935819568195153/reviews?hl=en-US","Review_time":"4 years ago","Review":"","Likes":""},{"Name":"","Category":"","Rating":" 5 stars ","Number_of_Reviews":"","Address":"","Reviewer":"DAVID PINEDA EL VOCERO OFICIAL.","Reviewer_page":"https://www.google.com/maps/contrib/101374347184751794126/reviews?hl=en-US","Review_time":"6 years ago","Review":"","Likes":""},{"Name":"","Category":"","Rating":" 4 stars ","Number_of_Reviews":"","Address":"","Reviewer":"Sakinah Long","Reviewer_page":"https://www.google.com/maps/contrib/111209462706759368361/reviews?hl=en-US","Review_time":"4 years ago","Review":"","Likes":""},{"Name":"","Category":"","Rating":" 4 stars ","Number_of_Reviews":"","Address":"","Reviewer":"Rob Streetman","Reviewer_page":"https://www.google.com/maps/contrib/109893755060234553768/reviews?hl=en-US","Review_time":"4 years ago","Review":"","Likes":""},{"Name":"","Category":"","Rating":" 4 stars ","Number_of_Reviews":"","Address":"","Reviewer":"Carlos M. Reynoso","Reviewer_page":"https://www.google.com/maps/contrib/110061421488274426239/reviews?hl=en-US","Review_time":"2 years ago","Review":"","Likes":""},{"Name":"","Category":"","Rating":" 3 stars ","Number_of_Reviews":"","Address":"","Reviewer":"Cat Garlo","Reviewer_page":"https://www.google.com/maps/contrib/100422936514211891096/reviews?hl=en-US","Review_time":"4 years ago","Review":"","Likes":""},{"Name":"","Category":"","Rating":" 5 stars ","Number_of_Reviews":"","Address":"","Reviewer":"carina Lopez","Reviewer_page":"https://www.google.com/maps/contrib/109057010780763768239/reviews?hl=en-US","Review_time":"3 years ago","Review":"","Likes":""},{"Name":"","Category":"","Rating":" 4 stars ","Number_of_Reviews":"","Address":"","Reviewer":"Chris Ellis","Reviewer_page":"https://www.google.com/maps/contrib/105576195619992878208/reviews?hl=en-US","Review_time":"3 years ago","Review":"","Likes":""},{"Name":"","Category":"","Rating":" 4 stars ","Number_of_Reviews":"","Address":"","Reviewer":"Nickos Sparakis","Reviewer_page":"https://www.google.com/maps/contrib/108282563871692120580/reviews?hl=en-US","Review_time":"5 years ago","Review":"","Likes":""},{"Name":"","Category":"","Rating":" 4 stars ","Number_of_Reviews":"","Address":"","Reviewer":"Maxine Sullivan","Reviewer_page":"https://www.google.com/maps/contrib/114730087954259138687/reviews?hl=en-US","Review_time":"3 years ago","Review":"","Likes":""},{"Name":"","Category":"","Rating":" 4 stars ","Number_of_Reviews":"","Address":"","Reviewer":"Joseph siecieska","Reviewer_page":"https://www.google.com/maps/contrib/118308909908364223592/reviews?hl=en-US","Review_time":"3 years ago","Review":"","Likes":""},{"Name":"","Category":"","Rating":" 1 star ","Number_of_Reviews":"","Address":"","Reviewer":"jason lopez","Reviewer_page":"https://www.google.com/maps/contrib/107966306947690754261/reviews?hl=en-US","Review_time":"a month ago","Review":"","Likes":""},{"Name":"","Category":"","Rating":" 5 stars ","Number_of_Reviews":"","Address":"","Reviewer":"Izzy, Ishlal and Ijlal Hassan Aytes","Reviewer_page":"https://www.google.com/maps/contrib/100452027079193322103/reviews?hl=en-US","Review_time":"5 years ago","Review":"","Likes":""},{"Name":"","Category":"","Rating":" 5 stars ","Number_of_Reviews":"","Address":"","Reviewer":"Valerie “Val” Schoonjans","Reviewer_page":"https://www.google.com/maps/contrib/100214079725509101217/reviews?hl=en-US","Review_time":"4 years ago","Review":"","Likes":""},{"Name":"","Category":"","Rating":" 3 stars ","Number_of_Reviews":"","Address":"","Reviewer":"Katerina Spasova","Reviewer_page":"https://www.google.com/maps/contrib/114924311611672141410/reviews?hl=en-US","Review_time":"4 years ago","Review":"","Likes":""},{"Name":"","Category":"","Rating":" 4 stars ","Number_of_Reviews":"","Address":"","Reviewer":"Lindsay Dastrup","Reviewer_page":"https://www.google.com/maps/contrib/105556977204410861260/reviews?hl=en-US","Review_time":"3 years ago","Review":"","Likes":""},{"Name":"","Category":"","Rating":" 5 stars ","Number_of_Reviews":"","Address":"","Reviewer":"Luisa Carrero","Reviewer_page":"https://www.google.com/maps/contrib/110873650688755991132/reviews?hl=en-US","Review_time":"3 years ago","Review":"","Likes":""},{"Name":"","Category":"","Rating":" 4 stars ","Number_of_Reviews":"","Address":"","Reviewer":"Jeff Fogel","Reviewer_page":"https://www.google.com/maps/contrib/111950042725686823548/reviews?hl=en-US","Review_time":"3 years ago","Review":"","Likes":""},{"Name":"","Category":"","Rating":" 5 stars ","Number_of_Reviews":"","Address":"","Reviewer":"Ana Suarez","Reviewer_page":"https://www.google.com/maps/contrib/117655775990121724051/reviews?hl=en-US","Review_time":"4 years ago","Review":"","Likes":""},{"Name":"","Category":"","Rating":" 1 star ","Number_of_Reviews":"","Address":"","Reviewer":"El Piojo Chuecopiojoso98","Reviewer_page":"https://www.google.com/maps/contrib/116531111883846955896/reviews?hl=en-US","Review_time":"3 years ago","Review":"","Likes":""},{"Name":"","Category":"","Rating":" 1 star ","Number_of_Reviews":"","Address":"","Reviewer":"Zaira","Reviewer_page":"https://www.google.com/maps/contrib/100275289959311255906/reviews?hl=en-US","Review_time":"4 years ago","Review":"","Likes":""},{"Name":"","Category":"","Rating":" 5 stars ","Number_of_Reviews":"","Address":"","Reviewer":"Jimmy Bonds","Reviewer_page":"https://www.google.com/maps/contrib/102704759550533229778/reviews?hl=en-US","Review_time":"2 years ago","Review":"","Likes":""},{"Name":"","Category":"","Rating":" 5 stars ","Number_of_Reviews":"","Address":"","Reviewer":"Gene Lindquist","Reviewer_page":"https://www.google.com/maps/contrib/102360142228281036174/reviews?hl=en-US","Review_time":"3 years ago","Review":"","Likes":""},{"Name":"","Category":"","Rating":" 4 stars ","Number_of_Reviews":"","Address":"","Reviewer":"Cristy Moya","Reviewer_page":"https://www.google.com/maps/contrib/101769009027455883617/reviews?hl=en-US","Review_time":"4 years ago","Review":"","Likes":""},{"Name":"","Category":"","Rating":" 5 stars ","Number_of_Reviews":"","Address":"","Reviewer":"Brandon Russo","Reviewer_page":"https://www.google.com/maps/contrib/112121506548670107336/reviews?hl=en-US","Review_time":"3 years ago","Review":"","Likes":""},{"Name":"","Category":"","Rating":" 5 stars ","Number_of_Reviews":"","Address":"","Reviewer":"Oliver W","Reviewer_page":"https://www.google.com/maps/contrib/113202743982045117473/reviews?hl=en-US","Review_time":"3 years ago","Review":"","Likes":""},{"Name":"","Category":"","Rating":" 5 stars ","Number_of_Reviews":"","Address":"","Reviewer":"New York City 24 Hour Handyman","Reviewer_page":"https://www.google.com/maps/contrib/112125001781916702721/reviews?hl=en-US","Review_time":"4 years ago","Review":"","Likes":""},{"Name":"","Category":"","Rating":" 4 stars ","Number_of_Reviews":"","Address":"","Reviewer":"Arrbel Dobson","Reviewer_page":"https://www.google.com/maps/contrib/110451337787924173078/reviews?hl=en-US","Review_time":"a year ago","Review":"","Likes":""},{"Name":"","Category":"","Rating":" 5 stars ","Number_of_Reviews":"","Address":"","Reviewer":"A. T.51","Reviewer_page":"https://www.google.com/maps/contrib/103181524621547366687/reviews?hl=en-US","Review_time":"4 years ago","Review":"","Likes":""},{"Name":"","Category":"","Rating":" 4 stars ","Number_of_Reviews":"","Address":"","Reviewer":"Nisha","Reviewer_page":"https://www.google.com/maps/contrib/108524218093896165479/reviews?hl=en-US","Review_time":"3 years ago","Review":"","Likes":""},{"Name":"","Category":"","Rating":" 5 stars ","Number_of_Reviews":"","Address":"","Reviewer":"vanessa ram","Reviewer_page":"https://www.google.com/maps/contrib/117174060778056246785/reviews?hl=en-US","Review_time":"3 years ago","Review":"","Likes":""},{"Name":"","Category":"","Rating":" 5 stars ","Number_of_Reviews":"","Address":"","Reviewer":"60 seconds DIY","Reviewer_page":"https://www.google.com/maps/contrib/116972631309531392756/reviews?hl=en-US","Review_time":"3 years ago","Review":"","Likes":""},{"Name":"","Category":"","Rating":" 5 stars ","Number_of_Reviews":"","Address":"","Reviewer":"Faigy Fishman","Reviewer_page":"https://www.google.com/maps/contrib/106549068935913498422/reviews?hl=en-US","Review_time":"4 years ago","Review":"","Likes":""},{"Name":"","Category":"","Rating":" 4 stars ","Number_of_Reviews":"","Address":"","Reviewer":"Elran Bor","Reviewer_page":"https://www.google.com/maps/contrib/100374014504403742650/reviews?hl=en-US","Review_time":"4 years ago","Review":"","Likes":""},{"Name":"","Category":"","Rating":" 5 stars ","Number_of_Reviews":"","Address":"","Reviewer":"Erick Santos","Reviewer_page":"https://www.google.com/maps/contrib/103159695940621237772/reviews?hl=en-US","Review_time":"4 years ago","Review":"","Likes":""},{"Name":"","Category":"","Rating":" 3 stars ","Number_of_Reviews":"","Address":"","Reviewer":"Travis Troiano","Reviewer_page":"https://www.google.com/maps/contrib/112673511172176939551/reviews?hl=en-US","Review_time":"4 years ago","Review":"","Likes":""},{"Name":"","Category":"","Rating":" 5 stars ","Number_of_Reviews":"","Address":"","Reviewer":"millie burgos","Reviewer_page":"https://www.google.com/maps/contrib/112395032640902135561/reviews?hl=en-US","Review_time":"3 years ago","Review":"","Likes":""},{"Name":"","Category":"","Rating":" 3 stars ","Number_of_Reviews":"","Address":"","Reviewer":"Kumar Sarthak","Reviewer_page":"https://www.google.com/maps/contrib/104041585115766076600/reviews?hl=en-US","Review_time":"6 years ago","Review":"","Likes":""},{"Name":"","Category":"","Rating":" 4 stars ","Number_of_Reviews":"","Address":"","Reviewer":"Konstantinos Charokopos","Reviewer_page":"https://www.google.com/maps/contrib/114055702928018828725/reviews?hl=en-US","Review_time":"a month ago","Review":"","Likes":""},{"Name":"","Category":"","Rating":" 2 stars ","Number_of_Reviews":"","Address":"","Reviewer":"Marisol Juarez","Reviewer_page":"https://www.google.com/maps/contrib/110500001751880082301/reviews?hl=en-US","Review_time":"6 years ago","Review":"","Likes":""},{"Name":"","Category":"","Rating":" 5 stars ","Number_of_Reviews":"","Address":"","Reviewer":"Jordan Henrique de Oliveira","Reviewer_page":"https://www.google.com/maps/contrib/115123690050379461221/reviews?hl=en-US","Review_time":"4 years ago","Review":"","Likes":""},{"Name":"","Category":"","Rating":" 4 stars ","Number_of_Reviews":"","Address":"","Reviewer":"Noe Leal","Reviewer_page":"https://www.google.com/maps/contrib/111950283216300534008/reviews?hl=en-US","Review_time":"3 years ago","Review":"","Likes":""},{"Name":"","Category":"","Rating":" 4 stars ","Number_of_Reviews":"","Address":"","Reviewer":"Thomas Reefer","Reviewer_page":"https://www.google.com/maps/contrib/107072211909328422013/reviews?hl=en-US","Review_time":"4 years ago","Review":"","Likes":""},{"Name":"","Category":"","Rating":" 5 stars ","Number_of_Reviews":"","Address":"","Reviewer":"Natalie Fedorov","Reviewer_page":"https://www.google.com/maps/contrib/100832282498072711988/reviews?hl=en-US","Review_time":"a year ago","Review":"","Likes":""},{"Name":"","Category":"","Rating":" 5 stars ","Number_of_Reviews":"","Address":"","Reviewer":"Miranda Lora","Reviewer_page":"https://www.google.com/maps/contrib/110077596943551058828/reviews?hl=en-US","Review_time":"4 years ago","Review":"","Likes":""},{"Name":"","Category":"","Rating":" 4 stars ","Number_of_Reviews":"","Address":"","Reviewer":"Sean Palxy","Reviewer_page":"https://www.google.com/maps/contrib/111178684145262494312/reviews?hl=en-US","Review_time":"5 years ago","Review":"","Likes":""},{"Name":"","Category":"","Rating":" 4 stars ","Number_of_Reviews":"","Address":"","Reviewer":"Raleek Sapp","Reviewer_page":"https://www.google.com/maps/contrib/102358244974456870874/reviews?hl=en-US","Review_time":"4 years ago","Review":"","Likes":""},{"Name":"","Category":"","Rating":" 5 stars ","Number_of_Reviews":"","Address":"","Reviewer":"Virginia Vargas","Reviewer_page":"https://www.google.com/maps/contrib/101868251589934423638/reviews?hl=en-US","Review_time":"a year ago","Review":"","Likes":""},{"Name":"","Category":"","Rating":" 5 stars ","Number_of_Reviews":"","Address":"","Reviewer":"Kelvin Rivera","Reviewer_page":"https://www.google.com/maps/contrib/113086353205382049162/reviews?hl=en-US","Review_time":"5 years ago","Review":"","Likes":""},{"Name":"","Category":"","Rating":" 4 stars ","Number_of_Reviews":"","Address":"","Reviewer":"Nicole Brinson","Reviewer_page":"https://www.google.com/maps/contrib/113632620152554782672/reviews?hl=en-US","Review_time":"5 years ago","Review":"","Likes":""},{"Name":"","Category":"","Rating":" 3 stars ","Number_of_Reviews":"","Address":"","Reviewer":"Monica Valbuena","Reviewer_page":"https://www.google.com/maps/contrib/109187374588071343166/reviews?hl=en-US","Review_time":"a year ago","Review":"","Likes":""},{"Name":"","Category":"","Rating":" 4 stars ","Number_of_Reviews":"","Address":"","Reviewer":"Hans Futterman","Reviewer_page":"https://www.google.com/maps/contrib/117264200919878890630/reviews?hl=en-US","Review_time":"4 years ago","Review":"","Likes":""},{"Name":"","Category":"","Rating":" 5 stars ","Number_of_Reviews":"","Address":"","Reviewer":"Edgar Alanis","Reviewer_page":"https://www.google.com/maps/contrib/114672531884386737037/reviews?hl=en-US","Review_time":"a year ago","Review":"","Likes":""},{"Name":"","Category":"","Rating":" 1 star ","Number_of_Reviews":"","Address":"","Reviewer":"Dennis Kallinikos","Reviewer_page":"https://www.google.com/maps/contrib/102075623509506038590/reviews?hl=en-US","Review_time":"a year ago","Review":"","Likes":""},{"Name":"","Category":"","Rating":" 3 stars ","Number_of_Reviews":"","Address":"","Reviewer":"Adriana Perez","Reviewer_page":"https://www.google.com/maps/contrib/103506088860212164339/reviews?hl=en-US","Review_time":"5 years ago","Review":"","Likes":""},{"Name":"","Category":"","Rating":" 5 stars ","Number_of_Reviews":"","Address":"","Reviewer":"Alex Castaldi","Reviewer_page":"https://www.google.com/maps/contrib/101446672616014319428/reviews?hl=en-US","Review_time":"3 years ago","Review":"","Likes":""},{"Name":"","Category":"","Rating":" 4 stars ","Number_of_Reviews":"","Address":"","Reviewer":"Przystań KAJA -Sobieski nad Wkrą","Reviewer_page":"https://www.google.com/maps/contrib/117946212351889695871/reviews?hl=en-US","Review_time":"4 years ago","Review":"","Likes":""},{"Name":"","Category":"","Rating":" 5 stars ","Number_of_Reviews":"","Address":"","Reviewer":"Jay Payano","Reviewer_page":"https://www.google.com/maps/contrib/109112986909726929809/reviews?hl=en-US","Review_time":"3 years ago","Review":"","Likes":""},{"Name":"","Category":"","Rating":" 4 stars ","Number_of_Reviews":"","Address":"","Reviewer":"Mark Malone","Reviewer_page":"https://www.google.com/maps/contrib/109682408703786791578/reviews?hl=en-US","Review_time":"4 years ago","Review":"","Likes":""},{"Name":"","Category":"","Rating":" 3 stars ","Number_of_Reviews":"","Address":"","Reviewer":"Erwin Tan","Reviewer_page":"https://www.google.com/maps/contrib/116274330454455064155/reviews?hl=en-US","Review_time":"3 years ago","Review":"","Likes":""},{"Name":"","Category":"","Rating":" 5 stars ","Number_of_Reviews":"","Address":"","Reviewer":"franklin de jesus","Reviewer_page":"https://www.google.com/maps/contrib/108739847296658256059/reviews?hl=en-US","Review_time":"2 years ago","Review":"","Likes":""},{"Name":"","Category":"","Rating":" 4 stars ","Number_of_Reviews":"","Address":"","Reviewer":"Candace Braun Davison","Reviewer_page":"https://www.google.com/maps/contrib/108398066025343026458/reviews?hl=en-US","Review_time":"4 years ago","Review":"","Likes":""},{"Name":"","Category":"","Rating":" 4 stars ","Number_of_Reviews":"","Address":"","Reviewer":"Gail Garrett","Reviewer_page":"https://www.google.com/maps/contrib/117474927976835895157/reviews?hl=en-US","Review_time":"5 years ago","Review":"","Likes":""},{"Name":"","Category":"","Rating":" 5 stars ","Number_of_Reviews":"","Address":"","Reviewer":"hetem gashi","Reviewer_page":"https://www.google.com/maps/contrib/100734997396985733885/reviews?hl=en-US","Review_time":"a year ago","Review":"","Likes":""},{"Name":"","Category":"","Rating":" 4 stars ","Number_of_Reviews":"","Address":"","Reviewer":"John B","Reviewer_page":"https://www.google.com/maps/contrib/105303792416342755038/reviews?hl=en-US","Review_time":"4 years ago","Review":"","Likes":""},{"Name":"","Category":"","Rating":" 5 stars ","Number_of_Reviews":"","Address":"","Reviewer":"satid ayaco","Reviewer_page":"https://www.google.com/maps/contrib/103545156709527238234/reviews?hl=en-US","Review_time":"5 years ago","Review":"","Likes":""},{"Name":"","Category":"","Rating":" 5 stars ","Number_of_Reviews":"","Address":"","Reviewer":"rachel rabinowitz","Reviewer_page":"https://www.google.com/maps/contrib/101359161419994412837/reviews?hl=en-US","Review_time":"4 years ago","Review":"","Likes":""},{"Name":"","Category":"","Rating":" 3 stars ","Number_of_Reviews":"","Address":"","Reviewer":"Johnny B","Reviewer_page":"https://www.google.com/maps/contrib/103232509684444242247/reviews?hl=en-US","Review_time":"4 years ago","Review":"","Likes":""},{"Name":"","Category":"","Rating":" 5 stars ","Number_of_Reviews":"","Address":"","Reviewer":"Lillian Santiago","Reviewer_page":"https://www.google.com/maps/contrib/101704024940120516626/reviews?hl=en-US","Review_time":"2 years ago","Review":"","Likes":""},{"Name":"","Category":"","Rating":" 1 star ","Number_of_Reviews":"","Address":"","Reviewer":"TigerLeone Inc.","Reviewer_page":"https://www.google.com/maps/contrib/116218109420550789257/reviews?hl=en-US","Review_time":"2 years ago","Review":"","Likes":""},{"Name":"","Category":"","Rating":" 4 stars ","Number_of_Reviews":"","Address":"","Reviewer":"Umme Shital","Reviewer_page":"https://www.google.com/maps/contrib/105596339610184382935/reviews?hl=en-US","Review_time":"5 years ago","Review":"","Likes":""},{"Name":"","Category":"","Rating":" 5 stars ","Number_of_Reviews":"","Address":"","Reviewer":"illXsion","Reviewer_page":"https://www.google.com/maps/contrib/113226142681406724942/reviews?hl=en-US","Review_time":"3 years ago","Review":"","Likes":""},{"Name":"","Category":"","Rating":" 3 stars ","Number_of_Reviews":"","Address":"","Reviewer":"Tobias Killough","Reviewer_page":"https://www.google.com/maps/contrib/101205290368955722075/reviews?hl=en-US","Review_time":"4 years ago","Review":"","Likes":""},{"Name":"","Category":"","Rating":" 5 stars ","Number_of_Reviews":"","Address":"","Reviewer":"Michelle Payne","Reviewer_page":"https://www.google.com/maps/contrib/104985088578364165045/reviews?hl=en-US","Review_time":"2 years ago","Review":"","Likes":""},{"Name":"","Category":"","Rating":" 5 stars ","Number_of_Reviews":"","Address":"","Reviewer":"Galina Yonova","Reviewer_page":"https://www.google.com/maps/contrib/100414146298325623254/reviews?hl=en-US","Review_time":"3 years ago","Review":"","Likes":""},{"Name":"","Category":"","Rating":" 5 stars ","Number_of_Reviews":"","Address":"","Reviewer":"Roseanne Tablada","Reviewer_page":"https://www.google.com/maps/contrib/112059524769478403233/reviews?hl=en-US","Review_time":"2 years ago","Review":"","Likes":""},{"Name":"","Category":"","Rating":" 5 stars ","Number_of_Reviews":"","Address":"","Reviewer":"Isabel Ortiz","Reviewer_page":"https://www.google.com/maps/contrib/106676836405773215810/reviews?hl=en-US","Review_time":"3 years ago","Review":"","Likes":""},{"Name":"","Category":"","Rating":" 3 stars ","Number_of_Reviews":"","Address":"","Reviewer":"Marta Zagare","Reviewer_page":"https://www.google.com/maps/contrib/111121499757823053745/reviews?hl=en-US","Review_time":"5 years ago","Review":"","Likes":""},{"Name":"","Category":"","Rating":" 1 star ","Number_of_Reviews":"","Address":"","Reviewer":"Dennis Penglase","Reviewer_page":"https://www.google.com/maps/contrib/117506904477752719187/reviews?hl=en-US","Review_time":"4 years ago","Review":"","Likes":""},{"Name":"","Category":"","Rating":" 3 stars ","Number_of_Reviews":"","Address":"","Reviewer":"SNT_29","Reviewer_page":"https://www.google.com/maps/contrib/112778066590254103981/reviews?hl=en-US","Review_time":"2 years ago","Review":"","Likes":""},{"Name":"","Category":"","Rating":" 4 stars ","Number_of_Reviews":"","Address":"","Reviewer":"Nick Fernandez","Reviewer_page":"https://www.google.com/maps/contrib/116447180786386241473/reviews?hl=en-US","Review_time":"4 years ago","Review":"","Likes":""},{"Name":"","Category":"","Rating":" 5 stars ","Number_of_Reviews":"","Address":"","Reviewer":"Sami COMMEROT","Reviewer_page":"https://www.google.com/maps/contrib/117466382338300553670/reviews?hl=en-US","Review_time":"2 years ago","Review":"","Likes":""},{"Name":"","Category":"","Rating":" 5 stars ","Number_of_Reviews":"","Address":"","Reviewer":"Ipsa Joshi","Reviewer_page":"https://www.google.com/maps/contrib/103711616882712636749/reviews?hl=en-US","Review_time":"3 years ago","Review":"","Likes":""},{"Name":"","Category":"","Rating":" 3 stars ","Number_of_Reviews":"","Address":"","Reviewer":"JORGE SOUSA","Reviewer_page":"https://www.google.com/maps/contrib/117093795498830952399/reviews?hl=en-US","Review_time":"4 years ago","Review":"","Likes":""},{"Name":"","Category":"","Rating":" 5 stars ","Number_of_Reviews":"","Address":"","Reviewer":"Michele Orsini","Reviewer_page":"https://www.google.com/maps/contrib/105498273083352081467/reviews?hl=en-US","Review_time":"5 years ago","Review":"","Likes":""},{"Name":"","Category":"","Rating":" 5 stars ","Number_of_Reviews":"","Address":"","Reviewer":"Isabella Rafanelli-Gonzalez","Reviewer_page":"https://www.google.com/maps/contrib/114615576817609031245/reviews?hl=en-US","Review_time":"3 years ago","Review":"","Likes":""},{"Name":"","Category":"","Rating":" 4 stars ","Number_of_Reviews":"","Address":"","Reviewer":"Brooke Erickson","Reviewer_page":"https://www.google.com/maps/contrib/117726195259089555871/reviews?hl=en-US","Review_time":"4 years ago","Review":"","Likes":""},{"Name":"","Category":"","Rating":" 3 stars ","Number_of_Reviews":"","Address":"","Reviewer":"DJ DR Keith","Reviewer_page":"https://www.google.com/maps/contrib/102660015142721408882/reviews?hl=en-US","Review_time":"3 years ago","Review":"","Likes":""},{"Name":"","Category":"","Rating":" 5 stars ","Number_of_Reviews":"","Address":"","Reviewer":"Jessica Jean-Denis","Reviewer_page":"https://www.google.com/maps/contrib/106697351361075357187/reviews?hl=en-US","Review_time":"3 years ago","Review":"","Likes":""},{"Name":"","Category":"","Rating":" 1 star ","Number_of_Reviews":"","Address":"","Reviewer":"Sir James Mc Carville","Reviewer_page":"https://www.google.com/maps/contrib/114743671081650791509/reviews?hl=en-US","Review_time":"4 years ago","Review":"","Likes":""}