[{"Name":"","Category":"","Rating":" 5 stars ","Number_of_Reviews":"","Address":"","Reviewer":"R","Reviewer_page":"https://www.google.com/maps/contrib/103419305671938156693/reviews?hl=en-US","Review_time":"a month ago","Review":"Great customer service! The cooler was fully stocked and the seating area was clean and spacious. My order arrived quickly and was exactly what I needed. Highly recommended if your your in the area and need a fix. *especially because the Starbucks around the corner recently closed *","Likes":""},{"Name":"","Category":"","Rating":" 1 star ","Number_of_Reviews":"","Address":"","Reviewer":"Alyssa Flecha","Reviewer_page":"https://www.google.com/maps/contrib/111355617203645429536/reviews?hl=en-US","Review_time":"10 months ago","Review":"There is an older man that works the counter and he yelled at me because I wanted to use my points for a free coffee and I didn’t tell him I was doing so. Never did that in person before and didn’t expect to get yelled at because he had to go back a step on his computer system. I even apologized right away. I lost my grandmother a week ago and my mind isn’t all there at times and to be yelled at for something so minor is really upsetting. Everyone is going through something inside and being rude like that because he can’t handle a computer system seems to be a big issue. Won’t be going back to that location.","Likes":"1"},{"Name":"","Category":"","Rating":" 1 star ","Number_of_Reviews":"","Address":"","Reviewer":"DM Dingess","Reviewer_page":"https://www.google.com/maps/contrib/111120043408268762441/reviews?hl=en-US","Review_time":"a year ago","Review":"This is my first review of a cafe/restaurant EVER.\n\nDO NOT ORDER if you see a shorter girl with glasses making drinks. She measures nothing, works as fast as humanly possible and changes the ingredients in front of you if they are within an arms reach. This is so that she can get back to playing on her phone.\n\nWhen I complained to the manager, they simply asked if I wanted my order to be done again by someone else. NO, I would not like to have to awkwardly reorder the drink every time she makes it! This has happened a dozen times.","Likes":"1"},{"Name":"","Category":"","Rating":" 3 stars ","Number_of_Reviews":"","Address":"","Reviewer":"Tom","Reviewer_page":"https://www.google.com/maps/contrib/100621472649591194215/reviews?hl=en-US","Review_time":"3 months ago","Review":"Got a small breakfast sandwich and it wasn’t great.  Coffee is okay","Likes":""},{"Name":"","Category":"","Rating":" 4 stars ","Number_of_Reviews":"","Address":"","Reviewer":"Brandon Wilbraham","Reviewer_page":"https://www.google.com/maps/contrib/108443289978802153438/reviews?hl=en-US","Review_time":"a year ago","Review":"There are 3 Starbucks within a stone's throw from my apartment, and this one is by far my favorite!\nPros: Lightening fast service, GREAT staff attitude (they love my dog), accurate orders and I rarely have to wait for my mobile order pickup.\nCon: I feel like Starbucks' \"load money onto a card\" payment model is predatory and annoying.. no fault to this location though obviously!","Likes":""},{"Name":"","Category":"","Rating":" 1 star ","Number_of_Reviews":"","Address":"","Reviewer":"Wilderness Rocks","Reviewer_page":"https://www.google.com/maps/contrib/109099141450496505892/reviews?hl=en-US","Review_time":"4 years ago","Review":"First off 4 employees and it takes them 5 minutes to take my order and I'm the only one in line....then.... this happens weirdly.\nI have purchased a 1000 black coffees at Starbucks and have never had the cashier try to force me to wait at the other end of the counter when for the last 1000 times I purchased a coffee at any Starbucks I was promptly handed my plain coffee (pike place) and then I throw some money in the tip jar.... NO TIPS FOR THIS PLACE! Power tripping while working is a no go at any job.\nThis happened today 8-19-2018 at 9am\nThis attitude pretty much explains a few of the other bad reviews.","Likes":"2"},{"Name":"","Category":"","Rating":" 5 stars ","Number_of_Reviews":"","Address":"","Reviewer":"Ya Gurl “4C” Explores","Reviewer_page":"https://www.google.com/maps/contrib/118020633998575298275/reviews?hl=en-US","Review_time":"a year ago","Review":"Every so often I want a flavorful coffee with a kick of sweetness. I love Almond Milk is an option. Amazing staff","Likes":""},{"Name":"","Category":"","Rating":" 1 star ","Number_of_Reviews":"","Address":"","Reviewer":"Ramsey Ramos","Reviewer_page":"https://www.google.com/maps/contrib/100525439595834763671/reviews?hl=en-US","Review_time":"a year ago","Review":"They had their online system down. When I offered to tell them the order, they told me that I had to wait. Come on Starbucks. Do better; be better.","Likes":""},{"Name":"","Category":"","Rating":" 1 star ","Number_of_Reviews":"","Address":"","Reviewer":"Ai Takahashi","Reviewer_page":"https://www.google.com/maps/contrib/109475947322560559006/reviews?hl=en-US","Review_time":"3 years ago","Review":"A girl who works at this location is completely dumb. She doesn't know how to take an order how to speak to customers and picks random person out of line ignoring the order in line. If she can't do the simple job at Starbucks I don't know …","Likes":"2"},{"Name":"","Category":"","Rating":" 1 star ","Number_of_Reviews":"","Address":"","Reviewer":"A S","Reviewer_page":"https://www.google.com/maps/contrib/104445347787151108825/reviews?hl=en-US","Review_time":"4 years ago","Review":"Went twice in 1 day 1st time was good got my latte the way I like it, satisfied. The 2nd time was an hour later there was what appeared to be 2 lines on one line there was 1 person on the other line was none so of course I got on that line I looked at the register guy who ignored me for the next 3 minutes without saying a word or even making eye contact (3 minutes is a long time to be ignored). He continued to work on the register while he joked around with his friend and continued to ignore me, finally he took off his apron as if he was letting me know he was no longer on the clock. Again without not even I'm making eye contact I left the line and when on the other line. You would think the other guy would say something, but nothing, took my order and walked away. I skanned my phone to pay.\nI always go to starbuck for my caffeine fix and never have I encounter such bad customer service.\nI  Was supposed to get additional snacks but I refuse to give them my money is since I did not feel appreciated or valued as a customer.\nThere's nothing wrong with having fun at work but they should stop having so much fun and clean up a little.","Likes":"1"},{"Name":"","Category":"","Rating":" 5 stars ","Number_of_Reviews":"","Address":"","Reviewer":"Gisele Kauer","Reviewer_page":"https://www.google.com/maps/contrib/112088500016535248430/reviews?hl=en-US","Review_time":"3 years ago","Review":"Nice Starbucks, my beverage was great and very hot! Could use my Starbucks Card from Brazil to take my birthday free drink! The baristas are very kind and it's nice to see New York through the window! They have available plugs and magnetic chargers! The Wi-Fi works nicely, too. A good place to work or study, or just have a break while walking in NYC!","Likes":""},{"Name":"","Category":"","Rating":" 5 stars ","Number_of_Reviews":"","Address":"","Reviewer":"Arielle Abraham","Reviewer_page":"https://www.google.com/maps/contrib/111006499791865389238/reviews?hl=en-US","Review_time":"a year ago","Review":"I’ve never been to such a friendly Starbucks!! They’re always so sweet + make my coffee perfect EVERY SINGLE TIME!","Likes":""},{"Name":"","Category":"","Rating":" 2 stars ","Number_of_Reviews":"","Address":"","Reviewer":"Voxy Vaffel","Reviewer_page":"https://www.google.com/maps/contrib/112366332020681875264/reviews?hl=en-US","Review_time":"6 years ago","Review":"Ok place with nice baristas, BUT one of the senior baristas messed up my order of hot chocolate twice in a row. First he gives me peppermint coffee. Busy place, can understand. Second time he gives me hot chocolate without peppermint....if you get something wrong and you're paid to do it make an effort to fix it the next time.","Likes":""},{"Name":"","Category":"","Rating":" 1 star ","Number_of_Reviews":"","Address":"","Reviewer":"Thiago Chaves","Reviewer_page":"https://www.google.com/maps/contrib/100677817549986171653/reviews?hl=en-US","Review_time":"2 years ago","Review":"Coffee always tastes burnt. Cashiers full of themselves(you're not an artist, you serve f-ing coffee!). Expensive diabetes.","Likes":""},{"Name":"","Category":"","Rating":" 4 stars ","Number_of_Reviews":"","Address":"","Reviewer":"Abby Gail","Reviewer_page":"https://www.google.com/maps/contrib/111661109388163382340/reviews?hl=en-US","Review_time":"5 years ago","Review":"Not the best laid-out Starbucks - there's a bottleneck to get to the registrar and restroom both so even when they're not busy they can feel crowded. Service and seating are otherwise fine.","Likes":""},{"Name":"","Category":"","Rating":" 4 stars ","Number_of_Reviews":"","Address":"","Reviewer":"Karcs B","Reviewer_page":"https://www.google.com/maps/contrib/106274294831395375726/reviews?hl=en-US","Review_time":"4 years ago","Review":"Small Starbucks.  The service was good.  Unfortunately 1 item took longer to get.  3 people after us got their order before us.  No explanation was giving as to why it took so long.","Likes":""},{"Name":"","Category":"","Rating":" 5 stars ","Number_of_Reviews":"","Address":"","Reviewer":"Ofer Sharir","Reviewer_page":"https://www.google.com/maps/contrib/105041573036409814156/reviews?hl=en-US","Review_time":"a year ago","Review":"Good service, friendly staff. Good coffee, as usual in Starbucks.","Likes":""},{"Name":"","Category":"","Rating":" 2 stars ","Number_of_Reviews":"","Address":"","Reviewer":"Samantha Guevara","Reviewer_page":"https://www.google.com/maps/contrib/112882796588010271832/reviews?hl=en-US","Review_time":"4 years ago","Review":"This Starbucks ALWAYS takes forever or screw up my drink and they just forgot to make my drink. so I was waiting there and had to ask a barista who was training someone.  I was late for work .... I hate this Starbucks","Likes":"1"},{"Name":"","Category":"","Rating":" 5 stars ","Number_of_Reviews":"","Address":"","Reviewer":"Alex Mucius","Reviewer_page":"https://www.google.com/maps/contrib/102537204076066651348/reviews?hl=en-US","Review_time":"4 years ago","Review":"This  Starbucks is in a good location in midtown Manhattan.  Some mornings it can be crowed but overall I like coming here for my coffee.","Likes":""},{"Name":"","Category":"","Rating":" 5 stars ","Number_of_Reviews":"","Address":"","Reviewer":"Life of Mariah","Reviewer_page":"https://www.google.com/maps/contrib/101449549262907830814/reviews?hl=en-US","Review_time":"2 years ago","Review":"Very friendly here and since I go alot they know me and my usual order. Overall vibe is nice and its clean . The environment Gives off a cozy feel","Likes":""},{"Name":"","Category":"","Rating":" 5 stars ","Number_of_Reviews":"","Address":"","Reviewer":"Rob Streetman","Reviewer_page":"https://www.google.com/maps/contrib/109893755060234553768/reviews?hl=en-US","Review_time":"4 years ago","Review":"Staff put together an order for me to deliver coffee for an entire church service in about ten minutes, while serving their normal Sunday morning rush","Likes":""},{"Name":"","Category":"","Rating":" 2 stars ","Number_of_Reviews":"","Address":"","Reviewer":"Chai Latte’","Reviewer_page":"https://www.google.com/maps/contrib/114126014182618044251/reviews?hl=en-US","Review_time":"5 years ago","Review":"Wasn't the best. It wasn't crowded so I expected to get my drink in a timely manner, it took awhile because they were playing in the back. Eh I'll stick to the one on 76&2nd","Likes":""},{"Name":"","Category":"","Rating":" 4 stars ","Number_of_Reviews":"","Address":"","Reviewer":"William Mintz","Reviewer_page":"https://www.google.com/maps/contrib/102256961944471137063/reviews?hl=en-US","Review_time":"a year ago","Review":"No Dark roast after 11am but willing to give Americano at no extra cost.","Likes":""},{"Name":"","Category":"","Rating":" 4 stars ","Number_of_Reviews":"","Address":"","Reviewer":"Kimberly Everette","Reviewer_page":"https://www.google.com/maps/contrib/111043187104699458502/reviews?hl=en-US","Review_time":"3 years ago","Review":"Staff could be friendlier, but they have decent enough service, limited seating, and it's usually pretty clean.","Likes":""},{"Name":"","Category":"","Rating":" 5 stars ","Number_of_Reviews":"","Address":"","Reviewer":"Abdu The king","Reviewer_page":"https://www.google.com/maps/contrib/103851416008712571588/reviews?hl=en-US","Review_time":"5 years ago","Review":"Latte is my favorite drink from Starbucks","Likes":"1"},{"Name":"","Category":"","Rating":" 5 stars ","Number_of_Reviews":"","Address":"","Reviewer":"April","Reviewer_page":"https://www.google.com/maps/contrib/114698620961180549647/reviews?hl=en-US","Review_time":"4 years ago","Review":"Very conveniently  located i work I neighborhood so I go here often. I order thru  app in that way no waiting in line  it's ready as soon as you walk in. Okay","Likes":""},{"Name":"","Category":"","Rating":" 1 star ","Number_of_Reviews":"","Address":"","Reviewer":"Katie Pagenkopf","Reviewer_page":"https://www.google.com/maps/contrib/115092667076617444990/reviews?hl=en-US","Review_time":"4 years ago","Review":"Music was blasting in the middle of the afternoon.  I was wearing earplugs and could hear every word.  Miserable environment to sit for a few minutes and have a cup of coffee.","Likes":""},{"Name":"","Category":"","Rating":" 5 stars ","Number_of_Reviews":"","Address":"","Reviewer":"Kayla Matthew","Reviewer_page":"https://www.google.com/maps/contrib/108198428579316760465/reviews?hl=en-US","Review_time":"2 years ago","Review":"Their iced coffees are amazing ! Exceptional customer service","Likes":""},{"Name":"","Category":"","Rating":" 3 stars ","Number_of_Reviews":"","Address":"","Reviewer":"Bridget Bassett","Reviewer_page":"https://www.google.com/maps/contrib/117953336818946382332/reviews?hl=en-US","Review_time":"4 years ago","Review":"Very nice staff. Place could be kept up a bit better.  Trash was filled way high.","Likes":""},{"Name":"","Category":"","Rating":" 1 star ","Number_of_Reviews":"","Address":"","Reviewer":"Pablo Diz","Reviewer_page":"https://www.google.com/maps/contrib/116639568597154989737/reviews?hl=en-US","Review_time":"5 years ago","Review":"The worst Starbucks of all Manhattan. I will never come back. The worst service that I have ever been in Starbucks","Likes":"1"},{"Name":"","Category":"","Rating":" 4 stars ","Number_of_Reviews":"","Address":"","Reviewer":"Jean Reynoso","Reviewer_page":"https://www.google.com/maps/contrib/114924694761937535950/reviews?hl=en-US","Review_time":"6 years ago","Review":"Great service, baristas always happy, they make you feel special","Likes":""},{"Name":"","Category":"","Rating":" 3 stars ","Number_of_Reviews":"","Address":"","Reviewer":"Jack S","Reviewer_page":"https://www.google.com/maps/contrib/114467868567659897354/reviews?hl=en-US","Review_time":"4 years ago","Review":"Small intimate Starbucks. Limited seating usual carefree service","Likes":""},{"Name":"","Category":"","Rating":" 5 stars ","Number_of_Reviews":"","Address":"","Reviewer":"Carmen PH","Reviewer_page":"https://www.google.com/maps/contrib/110642944412196622276/reviews?hl=en-US","Review_time":"2 years ago","Review":"The barista who attended me gave great service.","Likes":""},{"Name":"","Category":"","Rating":" 5 stars ","Number_of_Reviews":"","Address":"","Reviewer":"S.","Reviewer_page":"https://www.google.com/maps/contrib/115416745583784158369/reviews?hl=en-US","Review_time":"6 years ago","Review":"Nice stuff and baristas, always smile. The place is nice and quit as well.","Likes":""},{"Name":"","Category":"","Rating":" 5 stars ","Number_of_Reviews":"","Address":"","Reviewer":"Karmen Douglas","Reviewer_page":"https://www.google.com/maps/contrib/101241719568879847530/reviews?hl=en-US","Review_time":"4 years ago","Review":"Very nice staff they have a bathroom n a sitting area","Likes":"1"},{"Name":"","Category":"","Rating":" 1 star ","Number_of_Reviews":"","Address":"","Reviewer":"Michelle Payne","Reviewer_page":"https://www.google.com/maps/contrib/104985088578364165045/reviews?hl=en-US","Review_time":"3 years ago","Review":"Don't like the manager 85th and first he's very rude.","Likes":""},{"Name":"","Category":"","Rating":" 5 stars ","Number_of_Reviews":"","Address":"","Reviewer":"Joseph Travis","Reviewer_page":"https://www.google.com/maps/contrib/114146138711658029185/reviews?hl=en-US","Review_time":"3 months ago","Review":"Carlos and John are so NICE","Likes":"1"},{"Name":"","Category":"","Rating":" 5 stars ","Number_of_Reviews":"","Address":"","Reviewer":"Sandera Bethea","Reviewer_page":"https://www.google.com/maps/contrib/105085082950362411658/reviews?hl=en-US","Review_time":"3 years ago","Review":"great staff, small and cozy. Not a lot of seating.","Likes":""},{"Name":"","Category":"","Rating":" 4 stars ","Number_of_Reviews":"","Address":"","Reviewer":"Chin Chin","Reviewer_page":"https://www.google.com/maps/contrib/106028349807650934531/reviews?hl=en-US","Review_time":"3 years ago","Review":"Orders are placed for pickup with no names. I took the wrong order.","Likes":""},{"Name":"","Category":"","Rating":" 5 stars ","Number_of_Reviews":"","Address":"","Reviewer":"Gogiiu b","Reviewer_page":"https://www.google.com/maps/contrib/110788346753438257234/reviews?hl=en-US","Review_time":"a year ago","Review":"👏🏻🤍","Likes":""},{"Name":"","Category":"","Rating":" 5 stars ","Number_of_Reviews":"","Address":"","Reviewer":"mary johnson","Reviewer_page":"https://www.google.com/maps/contrib/104526408280389982063/reviews?hl=en-US","Review_time":"a year ago","Review":"Clean store with helpful staff.","Likes":""},{"Name":"","Category":"","Rating":" 5 stars ","Number_of_Reviews":"","Address":"","Reviewer":"Joy BR","Reviewer_page":"https://www.google.com/maps/contrib/100794227994401753184/reviews?hl=en-US","Review_time":"5 years ago","Review":"Always love their coffee!","Likes":""},{"Name":"","Category":"","Rating":" 4 stars ","Number_of_Reviews":"","Address":"","Reviewer":"Caleb Fischer","Reviewer_page":"https://www.google.com/maps/contrib/114777451143859357183/reviews?hl=en-US","Review_time":"6 years ago","Review":"Another serviceable starbucks for the UES.","Likes":""},{"Name":"","Category":"","Rating":" 5 stars ","Number_of_Reviews":"","Address":"","Reviewer":"Lydia Figueroa","Reviewer_page":"https://www.google.com/maps/contrib/110716384109302784259/reviews?hl=en-US","Review_time":"a year ago","Review":"Very friendly and  nice","Likes":""},{"Name":"","Category":"","Rating":" 3 stars ","Number_of_Reviews":"","Address":"","Reviewer":"Jeremy Block","Reviewer_page":"https://www.google.com/maps/contrib/106522624541167262575/reviews?hl=en-US","Review_time":"5 years ago","Review":"Why do they insist on burning all coffee","Likes":""},{"Name":"","Category":"","Rating":" 1 star ","Number_of_Reviews":"","Address":"","Reviewer":"Fernando Morales","Reviewer_page":"https://www.google.com/maps/contrib/105007582469919974074/reviews?hl=en-US","Review_time":"a year ago","Review":"Slowest Starbucks ever","Likes":""},{"Name":"","Category":"","Rating":" 3 stars ","Number_of_Reviews":"","Address":"","Reviewer":"Albert T. Spaw MD","Reviewer_page":"https://www.google.com/maps/contrib/105416978734367891625/reviews?hl=en-US","Review_time":"4 years ago","Review":"Super busy and slow service.","Likes":""},{"Name":"","Category":"","Rating":" 4 stars ","Number_of_Reviews":"","Address":"","Reviewer":"Muamer Dedovic","Reviewer_page":"https://www.google.com/maps/contrib/101796819546422266733/reviews?hl=en-US","Review_time":"2 years ago","Review":"Love it.","Likes":""},{"Name":"","Category":"","Rating":" 5 stars ","Number_of_Reviews":"","Address":"","Reviewer":"Wendy Deluca","Reviewer_page":"https://www.google.com/maps/contrib/100034501664534884168/reviews?hl=en-US","Review_time":"4 years ago","Review":"The best","Likes":""},{"Name":"","Category":"","Rating":" 5 stars ","Number_of_Reviews":"","Address":"","Reviewer":"Hakan ZIRH","Reviewer_page":"https://www.google.com/maps/contrib/117857238916537296262/reviews?hl=en-US","Review_time":"3 years ago","Review":"my favourite place.","Likes":""},{"Name":"","Category":"","Rating":" 5 stars ","Number_of_Reviews":"","Address":"","Reviewer":"Shylby KYEMTO","Reviewer_page":"https://www.google.com/maps/contrib/109630233493957056153/reviews?hl=en-US","Review_time":"5 years ago","Review":"I 👍 their coffee ☕","Likes":""},{"Name":"","Category":"","Rating":" 4 stars ","Number_of_Reviews":"","Address":"","Reviewer":"Mike Reid","Reviewer_page":"https://www.google.com/maps/contrib/108798047527388881373/reviews?hl=en-US","Review_time":"3 years ago","Review":"Good coffee","Likes":""},{"Name":"","Category":"","Rating":" 5 stars ","Number_of_Reviews":"","Address":"","Reviewer":"Cesar Marti","Reviewer_page":"https://www.google.com/maps/contrib/111167897746700240107/reviews?hl=en-US","Review_time":"2 years ago","Review":"Nice manager","Likes":""},{"Name":"","Category":"","Rating":" 4 stars ","Number_of_Reviews":"","Address":"","Reviewer":"BigApple john","Reviewer_page":"https://www.google.com/maps/contrib/110572840330770815065/reviews?hl=en-US","Review_time":"4 years ago","Review":"Like to shop in the city","Likes":""},{"Name":"","Category":"","Rating":" 5 stars ","Number_of_Reviews":"","Address":"","Reviewer":"Divyanshu Singh","Reviewer_page":"https://www.google.com/maps/contrib/108163625171317087896/reviews?hl=en-US","Review_time":"4 years ago","Review":"great","Likes":""},{"Name":"","Category":"","Rating":" 5 stars ","Number_of_Reviews":"","Address":"","Reviewer":"mae revell","Reviewer_page":"https://www.google.com/maps/contrib/117924794436976770069/reviews?hl=en-US","Review_time":"4 years ago","Review":"Very Peaceful!!!","Likes":""},{"Name":"","Category":"","Rating":" 3 stars ","Number_of_Reviews":"","Address":"","Reviewer":"Sean Torres Sr.","Reviewer_page":"https://www.google.com/maps/contrib/102184864884275921956/reviews?hl=en-US","Review_time":"5 years ago","Review":"Average","Likes":"1"},{"Name":"","Category":"","Rating":" 3 stars ","Number_of_Reviews":"","Address":"","Reviewer":"Andid豪","Reviewer_page":"https://www.google.com/maps/contrib/110592522240654395495/reviews?hl=en-US","Review_time":"9 years ago","Review":"Hot to death","Likes":""},{"Name":"","Category":"","Rating":" 2 stars ","Number_of_Reviews":"","Address":"","Reviewer":"Mikael Perfetti","Reviewer_page":"https://www.google.com/maps/contrib/106087756089610325180/reviews?hl=en-US","Review_time":"3 years ago","Review":"(Translated by Google) Ugly. It was raining, there is no umbrella stand, there is no coat hanger .. uncomfortable, dirty.\n\n(Original)\nBrutto. Pioveva, non c'è un portaombrelli, non c'è un appendi giacche.. scomodo, sporco.","Likes":""},{"Name":"","Category":"","Rating":" 5 stars ","Number_of_Reviews":"","Address":"","Reviewer":"Mary Romero","Reviewer_page":"https://www.google.com/maps/contrib/101256970695627708531/reviews?hl=en-US","Review_time":"9 months ago","Review":"(Translated by Google) very good as always\n\n(Original)\nMuy bueno como siempre","Likes":""},{"Name":"","Category":"","Rating":" 5 stars ","Number_of_Reviews":"","Address":"","Reviewer":"andrea calderone","Reviewer_page":"https://www.google.com/maps/contrib/107091901949895579078/reviews?hl=en-US","Review_time":"4 years ago","Review":"(Translated by Google) Neither the best coffee shops in NYC\n\n(Original)\nLe migliori caffetterie di New York né risento la mancanza","Likes":""},{"Name":"","Category":"","Rating":" 5 stars ","Number_of_Reviews":"","Address":"","Reviewer":"Jacob Menashe (Jake)","Reviewer_page":"https://www.google.com/maps/contrib/114628221141322324589/reviews?hl=en-US","Review_time":"8 months ago","Review":"(Translated by Google) Excellent\n\n(Original)\nמעולה","Likes":""},{"Name":"","Category":"","Rating":" 1 star ","Number_of_Reviews":"","Address":"","Reviewer":"jay Jay","Reviewer_page":"https://www.google.com/maps/contrib/113131765862984195689/reviews?hl=en-US","Review_time":"2 weeks ago","Review":"","Likes":""},{"Name":"","Category":"","Rating":" 5 stars ","Number_of_Reviews":"","Address":"","Reviewer":"Ivan Segura","Reviewer_page":"https://www.google.com/maps/contrib/113964412186029182319/reviews?hl=en-US","Review_time":"5 months ago","Review":"","Likes":""},{"Name":"","Category":"","Rating":" 5 stars ","Number_of_Reviews":"","Address":"","Reviewer":"Hiromi Kauer","Reviewer_page":"https://www.google.com/maps/contrib/111224816673356514503/reviews?hl=en-US","Review_time":"3 years ago","Review":"(Translated by Google) I loved\n\n(Original)\nAdorei","Likes":""},{"Name":"","Category":"","Rating":" 1 star ","Number_of_Reviews":"","Address":"","Reviewer":"Dzemal Begzoc","Reviewer_page":"https://www.google.com/maps/contrib/104965183106002680740/reviews?hl=en-US","Review_time":"3 years ago","Review":"(Translated by Google) Unfriendly\n\n(Original)\nOnfrendly","Likes":""},{"Name":"","Category":"","Rating":" 5 stars ","Number_of_Reviews":"","Address":"","Reviewer":"Kene Nnolim","Reviewer_page":"https://www.google.com/maps/contrib/118392699494375388363/reviews?hl=en-US","Review_time":"5 years ago","Review":"idfk","Likes":""},{"Name":"","Category":"","Rating":" 4 stars ","Number_of_Reviews":"","Address":"","Reviewer":"רחל לוין","Reviewer_page":"https://www.google.com/maps/contrib/102200905867757192574/reviews?hl=en-US","Review_time":"6 months ago","Review":"","Likes":""},{"Name":"","Category":"","Rating":" 5 stars ","Number_of_Reviews":"","Address":"","Reviewer":"Conner Brown","Reviewer_page":"https://www.google.com/maps/contrib/114880618059878522308/reviews?hl=en-US","Review_time":"11 months ago","Review":"","Likes":""},{"Name":"","Category":"","Rating":" 5 stars ","Number_of_Reviews":"","Address":"","Reviewer":"Yoav Glidai","Reviewer_page":"https://www.google.com/maps/contrib/104301583078030773115/reviews?hl=en-US","Review_time":"a year ago","Review":"","Likes":""},{"Name":"","Category":"","Rating":" 4 stars ","Number_of_Reviews":"","Address":"","Reviewer":"shadai franklin","Reviewer_page":"https://www.google.com/maps/contrib/110736241401560802373/reviews?hl=en-US","Review_time":"a year ago","Review":"","Likes":""},{"Name":"","Category":"","Rating":" 5 stars ","Number_of_Reviews":"","Address":"","Reviewer":"Etienne Bouvier","Reviewer_page":"https://www.google.com/maps/contrib/116176007162044305849/reviews?hl=en-US","Review_time":"4 years ago","Review":"","Likes":""},{"Name":"","Category":"","Rating":" 3 stars ","Number_of_Reviews":"","Address":"","Reviewer":"Robin","Reviewer_page":"https://www.google.com/maps/contrib/115881340466182897280/reviews?hl=en-US","Review_time":"4 years ago","Review":"","Likes":""},{"Name":"","Category":"","Rating":" 5 stars ","Number_of_Reviews":"","Address":"","Reviewer":"Alisha Calhoun","Reviewer_page":"https://www.google.com/maps/contrib/115585694574925536876/reviews?hl=en-US","Review_time":"4 years ago","Review":"","Likes":""},{"Name":"","Category":"","Rating":" 5 stars ","Number_of_Reviews":"","Address":"","Reviewer":"evelyn gonzalez","Reviewer_page":"https://www.google.com/maps/contrib/100627374940259244396/reviews?hl=en-US","Review_time":"2 years ago","Review":"","Likes":""},{"Name":"","Category":"","Rating":" 4 stars ","Number_of_Reviews":"","Address":"","Reviewer":"Marino Tejera","Reviewer_page":"https://www.google.com/maps/contrib/109629292544006173777/reviews?hl=en-US","Review_time":"4 years ago","Review":"","Likes":""},{"Name":"","Category":"","Rating":" 5 stars ","Number_of_Reviews":"","Address":"","Reviewer":"Elina G","Reviewer_page":"https://www.google.com/maps/contrib/105869574123375026368/reviews?hl=en-US","Review_time":"3 years ago","Review":"","Likes":""},{"Name":"","Category":"","Rating":" 5 stars ","Number_of_Reviews":"","Address":"","Reviewer":"bill ohagan","Reviewer_page":"https://www.google.com/maps/contrib/111581441056760028046/reviews?hl=en-US","Review_time":"2 years ago","Review":"","Likes":""},{"Name":"","Category":"","Rating":" 5 stars ","Number_of_Reviews":"","Address":"","Reviewer":"Milly R.","Reviewer_page":"https://www.google.com/maps/contrib/114660047345202688711/reviews?hl=en-US","Review_time":"3 years ago","Review":"","Likes":""},{"Name":"","Category":"","Rating":" 5 stars ","Number_of_Reviews":"","Address":"","Reviewer":"Marco Procaccini","Reviewer_page":"https://www.google.com/maps/contrib/115223098399625207218/reviews?hl=en-US","Review_time":"2 years ago","Review":"","Likes":""},{"Name":"","Category":"","Rating":" 4 stars ","Number_of_Reviews":"","Address":"","Reviewer":"john papadeas","Reviewer_page":"https://www.google.com/maps/contrib/107501780379821311126/reviews?hl=en-US","Review_time":"2 years ago","Review":"","Likes":""},{"Name":"","Category":"","Rating":" 5 stars ","Number_of_Reviews":"","Address":"","Reviewer":"John Fasanaro","Reviewer_page":"https://www.google.com/maps/contrib/112628591058334716299/reviews?hl=en-US","Review_time":"5 years ago","Review":"","Likes":""},{"Name":"","Category":"","Rating":" 4 stars ","Number_of_Reviews":"","Address":"","Reviewer":"A Panday","Reviewer_page":"https://www.google.com/maps/contrib/111447197388193830840/reviews?hl=en-US","Review_time":"a year ago","Review":"","Likes":""},{"Name":"","Category":"","Rating":" 4 stars ","Number_of_Reviews":"","Address":"","Reviewer":"Charleen Lim","Reviewer_page":"https://www.google.com/maps/contrib/115744024420046214283/reviews?hl=en-US","Review_time":"6 years ago","Review":"","Likes":""},{"Name":"","Category":"","Rating":" 3 stars ","Number_of_Reviews":"","Address":"","Reviewer":"dee dee","Reviewer_page":"https://www.google.com/maps/contrib/112035846498421262820/reviews?hl=en-US","Review_time":"4 years ago","Review":"","Likes":""},{"Name":"","Category":"","Rating":" 5 stars ","Number_of_Reviews":"","Address":"","Reviewer":"Shaji Cherian","Reviewer_page":"https://www.google.com/maps/contrib/107796291113602178219/reviews?hl=en-US","Review_time":"3 years ago","Review":"","Likes":""},{"Name":"","Category":"","Rating":" 5 stars ","Number_of_Reviews":"","Address":"","Reviewer":"Salil Mehta","Reviewer_page":"https://www.google.com/maps/contrib/118231278354455914783/reviews?hl=en-US","Review_time":"2 years ago","Review":"","Likes":""},{"Name":"","Category":"","Rating":" 3 stars ","Number_of_Reviews":"","Address":"","Reviewer":"Melissa LeRoy","Reviewer_page":"https://www.google.com/maps/contrib/110377645399423581210/reviews?hl=en-US","Review_time":"5 years ago","Review":"","Likes":""},{"Name":"","Category":"","Rating":" 5 stars ","Number_of_Reviews":"","Address":"","Reviewer":"darwin lopez","Reviewer_page":"https://www.google.com/maps/contrib/118400627914711608384/reviews?hl=en-US","Review_time":"5 years ago","Review":"","Likes":""},{"Name":"","Category":"","Rating":" 2 stars ","Number_of_Reviews":"","Address":"","Reviewer":"Ron B","Reviewer_page":"https://www.google.com/maps/contrib/115801991576294853135/reviews?hl=en-US","Review_time":"2 years ago","Review":"","Likes":""},{"Name":"","Category":"","Rating":" 5 stars ","Number_of_Reviews":"","Address":"","Reviewer":"ニァんぽこ","Reviewer_page":"https://www.google.com/maps/contrib/117553522993788739503/reviews?hl=en-US","Review_time":"6 years ago","Review":"","Likes":""},{"Name":"","Category":"","Rating":" 4 stars ","Number_of_Reviews":"","Address":"","Reviewer":"Now Crafting at The Osprey Lounge (The Singing Sommelier)","Reviewer_page":"https://www.google.com/maps/contrib/104198615518308845496/reviews?hl=en-US","Review_time":"4 years ago","Review":"","Likes":""},{"Name":"","Category":"","Rating":" 4 stars ","Number_of_Reviews":"","Address":"","Reviewer":"Leticia Klimas","Reviewer_page":"https://www.google.com/maps/contrib/115135447801199798489/reviews?hl=en-US","Review_time":"3 years ago","Review":"","Likes":""},{"Name":"","Category":"","Rating":" 5 stars ","Number_of_Reviews":"","Address":"","Reviewer":"Kreshnik Musa","Reviewer_page":"https://www.google.com/maps/contrib/103490687135204636514/reviews?hl=en-US","Review_time":"7 months ago","Review":"","Likes":""},{"Name":"","Category":"","Rating":" 5 stars ","Number_of_Reviews":"","Address":"","Reviewer":"Richard Friedlander","Reviewer_page":"https://www.google.com/maps/contrib/115234199178761238082/reviews?hl=en-US","Review_time":"4 years ago","Review":"","Likes":""},{"Name":"","Category":"","Rating":" 4 stars ","Number_of_Reviews":"","Address":"","Reviewer":"Mohammad Nafiz Imtiaz Khan","Reviewer_page":"https://www.google.com/maps/contrib/111471643857870373103/reviews?hl=en-US","Review_time":"4 years ago","Review":"","Likes":""},{"Name":"","Category":"","Rating":" 5 stars ","Number_of_Reviews":"","Address":"","Reviewer":"Danny Farias","Reviewer_page":"https://www.google.com/maps/contrib/113721061352599809581/reviews?hl=en-US","Review_time":"3 years ago","Review":"","Likes":""},{"Name":"","Category":"","Rating":" 3 stars ","Number_of_Reviews":"","Address":"","Reviewer":"Jaigobin Jaggernauth","Reviewer_page":"https://www.google.com/maps/contrib/106888215389717935908/reviews?hl=en-US","Review_time":"a year ago","Review":"","Likes":""},{"Name":"","Category":"","Rating":" 4 stars ","Number_of_Reviews":"","Address":"","Reviewer":"Lauren Gunawan","Reviewer_page":"https://www.google.com/maps/contrib/105956523324797272029/reviews?hl=en-US","Review_time":"4 years ago","Review":"","Likes":""},{"Name":"","Category":"","Rating":" 5 stars ","Number_of_Reviews":"","Address":"","Reviewer":"Mario Lozano","Reviewer_page":"https://www.google.com/maps/contrib/117319695999913018900/reviews?hl=en-US","Review_time":"4 years ago","Review":"","Likes":""},{"Name":"","Category":"","Rating":" 5 stars ","Number_of_Reviews":"","Address":"","Reviewer":"Elizabeth C- Arenas.","Reviewer_page":"https://www.google.com/maps/contrib/113591875654509565701/reviews?hl=en-US","Review_time":"3 years ago","Review":"","Likes":""},{"Name":"","Category":"","Rating":" 5 stars ","Number_of_Reviews":"","Address":"","Reviewer":"where im","Reviewer_page":"https://www.google.com/maps/contrib/104362511075968120893/reviews?hl=en-US","Review_time":"4 years ago","Review":"","Likes":""},{"Name":"","Category":"","Rating":" 3 stars ","Number_of_Reviews":"","Address":"","Reviewer":"Kenneth Swanson","Reviewer_page":"https://www.google.com/maps/contrib/102461272390312028216/reviews?hl=en-US","Review_time":"4 years ago","Review":"","Likes":""},{"Name":"","Category":"","Rating":" 5 stars ","Number_of_Reviews":"","Address":"","Reviewer":"Trinity Lynch","Reviewer_page":"https://www.google.com/maps/contrib/116695357935169986425/reviews?hl=en-US","Review_time":"4 years ago","Review":"","Likes":""},{"Name":"","Category":"","Rating":" 4 stars ","Number_of_Reviews":"","Address":"","Reviewer":"Matthew Garippa","Reviewer_page":"https://www.google.com/maps/contrib/118293187520134818394/reviews?hl=en-US","Review_time":"3 years ago","Review":"","Likes":""},{"Name":"","Category":"","Rating":" 5 stars ","Number_of_Reviews":"","Address":"","Reviewer":"carlos ovalle","Reviewer_page":"https://www.google.com/maps/contrib/111264618032165349585/reviews?hl=en-US","Review_time":"3 years ago","Review":"","Likes":""},{"Name":"","Category":"","Rating":" 1 star ","Number_of_Reviews":"","Address":"","Reviewer":"vanessa jean","Reviewer_page":"https://www.google.com/maps/contrib/108049128879633074988/reviews?hl=en-US","Review_time":"2 years ago","Review":"","Likes":""},{"Name":"","Category":"","Rating":" 4 stars ","Number_of_Reviews":"","Address":"","Reviewer":"Robert Gross","Reviewer_page":"https://www.google.com/maps/contrib/108510067566699716549/reviews?hl=en-US","Review_time":"5 years ago","Review":"","Likes":""},{"Name":"","Category":"","Rating":" 5 stars ","Number_of_Reviews":"","Address":"","Reviewer":"Akosua Osei Yeboah","Reviewer_page":"https://www.google.com/maps/contrib/102230617377674703293/reviews?hl=en-US","Review_time":"3 years ago","Review":"","Likes":""},{"Name":"","Category":"","Rating":" 4 stars ","Number_of_Reviews":"","Address":"","Reviewer":"Jaina Bowne","Reviewer_page":"https://www.google.com/maps/contrib/101919742024486125559/reviews?hl=en-US","Review_time":"6 years ago","Review":"","Likes":""},{"Name":"","Category":"","Rating":" 4 stars ","Number_of_Reviews":"","Address":"","Reviewer":"Sumi Tanigawa","Reviewer_page":"https://www.google.com/maps/contrib/115132582221459392483/reviews?hl=en-US","Review_time":"a year ago","Review":"","Likes":""},{"Name":"","Category":"","Rating":" 5 stars ","Number_of_Reviews":"","Address":"","Reviewer":"Valentyn Tabota","Reviewer_page":"https://www.google.com/maps/contrib/101913112724024637328/reviews?hl=en-US","Review_time":"2 years ago","Review":"","Likes":""},{"Name":"","Category":"","Rating":" 5 stars ","Number_of_Reviews":"","Address":"","Reviewer":"Amaury Baez","Reviewer_page":"https://www.google.com/maps/contrib/105696574692512790309/reviews?hl=en-US","Review_time":"a year ago","Review":"","Likes":""},{"Name":"","Category":"","Rating":" 1 star ","Number_of_Reviews":"","Address":"","Reviewer":"Flor Galisteo","Reviewer_page":"https://www.google.com/maps/contrib/104518695218807129784/reviews?hl=en-US","Review_time":"a year ago","Review":"","Likes":""},{"Name":"","Category":"","Rating":" 5 stars ","Number_of_Reviews":"","Address":"","Reviewer":"Pinney \"Phil\" Wolman","Reviewer_page":"https://www.google.com/maps/contrib/109155820067757259170/reviews?hl=en-US","Review_time":"3 years ago","Review":"","Likes":""},{"Name":"","Category":"","Rating":" 4 stars ","Number_of_Reviews":"","Address":"","Reviewer":"Philippe RAFFIANI","Reviewer_page":"https://www.google.com/maps/contrib/110165588457991993415/reviews?hl=en-US","Review_time":"3 years ago","Review":"","Likes":""},{"Name":"","Category":"","Rating":" 3 stars ","Number_of_Reviews":"","Address":"","Reviewer":"Maddy Marr","Reviewer_page":"https://www.google.com/maps/contrib/106644316575951131105/reviews?hl=en-US","Review_time":"3 years ago","Review":"","Likes":""},{"Name":"","Category":"","Rating":" 5 stars ","Number_of_Reviews":"","Address":"","Reviewer":"Chad Ross","Reviewer_page":"https://www.google.com/maps/contrib/112761460014056506933/reviews?hl=en-US","Review_time":"a year ago","Review":"","Likes":""},{"Name":"","Category":"","Rating":" 4 stars ","Number_of_Reviews":"","Address":"","Reviewer":"steven Portera","Reviewer_page":"https://www.google.com/maps/contrib/104868751055025541869/reviews?hl=en-US","Review_time":"3 years ago","Review":"","Likes":""},{"Name":"","Category":"","Rating":" 5 stars ","Number_of_Reviews":"","Address":"","Reviewer":"Herman Bruner","Reviewer_page":"https://www.google.com/maps/contrib/117761573869260983356/reviews?hl=en-US","Review_time":"3 years ago","Review":"","Likes":""},{"Name":"","Category":"","Rating":" 4 stars ","Number_of_Reviews":"","Address":"","Reviewer":"Nikolett Tímea Soós","Reviewer_page":"https://www.google.com/maps/contrib/117171225743011806553/reviews?hl=en-US","Review_time":"2 years ago","Review":"","Likes":""},{"Name":"","Category":"","Rating":" 4 stars ","Number_of_Reviews":"","Address":"","Reviewer":"Mendel Andrusier","Reviewer_page":"https://www.google.com/maps/contrib/111035498064811476916/reviews?hl=en-US","Review_time":"a year ago","Review":"","Likes":""},{"Name":"","Category":"","Rating":" 5 stars ","Number_of_Reviews":"","Address":"","Reviewer":"Bulu Khan","Reviewer_page":"https://www.google.com/maps/contrib/109093113057690780032/reviews?hl=en-US","Review_time":"6 months ago","Review":"","Likes":""},{"Name":"","Category":"","Rating":" 5 stars ","Number_of_Reviews":"","Address":"","Reviewer":"Ray T","Reviewer_page":"https://www.google.com/maps/contrib/114098035873239878199/reviews?hl=en-US","Review_time":"4 years ago","Review":"","Likes":""},{"Name":"","Category":"","Rating":" 5 stars ","Number_of_Reviews":"","Address":"","Reviewer":"peter hans","Reviewer_page":"https://www.google.com/maps/contrib/114122545395591144207/reviews?hl=en-US","Review_time":"a year ago","Review":"","Likes":""},{"Name":"","Category":"","Rating":" 5 stars ","Number_of_Reviews":"","Address":"","Reviewer":"saadia bennett","Reviewer_page":"https://www.google.com/maps/contrib/109817861166995786447/reviews?hl=en-US","Review_time":"3 years ago","Review":"","Likes":""},{"Name":"","Category":"","Rating":" 4 stars ","Number_of_Reviews":"","Address":"","Reviewer":"Ivan Soroka","Reviewer_page":"https://www.google.com/maps/contrib/116933583597942311193/reviews?hl=en-US","Review_time":"5 years ago","Review":"","Likes":""},{"Name":"","Category":"","Rating":" 4 stars ","Number_of_Reviews":"","Address":"","Reviewer":"Seana Henry","Reviewer_page":"https://www.google.com/maps/contrib/117105964632493344425/reviews?hl=en-US","Review_time":"3 years ago","Review":"","Likes":""},{"Name":"","Category":"","Rating":" 5 stars ","Number_of_Reviews":"","Address":"","Reviewer":"Izzet Tunca","Reviewer_page":"https://www.google.com/maps/contrib/115176127076133520589/reviews?hl=en-US","Review_time":"3 years ago","Review":"","Likes":""},{"Name":"","Category":"","Rating":" 5 stars ","Number_of_Reviews":"","Address":"","Reviewer":"darwin pelaez","Reviewer_page":"https://www.google.com/maps/contrib/107788600909539336977/reviews?hl=en-US","Review_time":"5 years ago","Review":"","Likes":""},{"Name":"","Category":"","Rating":" 5 stars ","Number_of_Reviews":"","Address":"","Reviewer":"Jisun Kang","Reviewer_page":"https://www.google.com/maps/contrib/116774107856396169711/reviews?hl=en-US","Review_time":"4 years ago","Review":"","Likes":""},{"Name":"","Category":"","Rating":" 3 stars ","Number_of_Reviews":"","Address":"","Reviewer":"Antonio Muñoz Torres","Reviewer_page":"https://www.google.com/maps/contrib/100709406640943620538/reviews?hl=en-US","Review_time":"a year ago","Review":"","Likes":""},{"Name":"","Category":"","Rating":" 4 stars ","Number_of_Reviews":"","Address":"","Reviewer":"Paul Kahn","Reviewer_page":"https://www.google.com/maps/contrib/109626144766554378792/reviews?hl=en-US","Review_time":"10 years ago","Review":"","Likes":""},{"Name":"","Category":"","Rating":" 4 stars ","Number_of_Reviews":"","Address":"","Reviewer":"Usaid Bin Shafqat","Reviewer_page":"https://www.google.com/maps/contrib/114570439162940430889/reviews?hl=en-US","Review_time":"5 years ago","Review":"","Likes":""},{"Name":"","Category":"","Rating":" 5 stars ","Number_of_Reviews":"","Address":"","Reviewer":"Hilda Cortes","Reviewer_page":"https://www.google.com/maps/contrib/111627062506463457019/reviews?hl=en-US","Review_time":"2 months ago","Review":"","Likes":""},{"Name":"","Category":"","Rating":" 1 star ","Number_of_Reviews":"","Address":"","Reviewer":"Sarah Dos Santos","Reviewer_page":"https://www.google.com/maps/contrib/102237685423746242443/reviews?hl=en-US","Review_time":"4 years ago","Review":"","Likes":""},{"Name":"","Category":"","Rating":" 5 stars ","Number_of_Reviews":"","Address":"","Reviewer":"Domosh PS","Reviewer_page":"https://www.google.com/maps/contrib/116275344693450863361/reviews?hl=en-US","Review_time":"4 years ago","Review":"","Likes":""},{"Name":"","Category":"","Rating":" 4 stars ","Number_of_Reviews":"","Address":"","Reviewer":"Alan Rotenberg","Reviewer_page":"https://www.google.com/maps/contrib/103005290676630536465/reviews?hl=en-US","Review_time":"4 years ago","Review":"","Likes":""},{"Name":"","Category":"","Rating":" 4 stars ","Number_of_Reviews":"","Address":"","Reviewer":"Cee T","Reviewer_page":"https://www.google.com/maps/contrib/102142821715227695372/reviews?hl=en-US","Review_time":"2 years ago","Review":"","Likes":""},{"Name":"","Category":"","Rating":" 3 stars ","Number_of_Reviews":"","Address":"","Reviewer":"Kelsey Romano","Reviewer_page":"https://www.google.com/maps/contrib/104873865459460996679/reviews?hl=en-US","Review_time":"2 years ago","Review":"","Likes":""},{"Name":"","Category":"","Rating":" 4 stars ","Number_of_Reviews":"","Address":"","Reviewer":"Alex Eisele","Reviewer_page":"https://www.google.com/maps/contrib/110292850551480144421/reviews?hl=en-US","Review_time":"6 years ago","Review":"","Likes":""},{"Name":"","Category":"","Rating":" 2 stars ","Number_of_Reviews":"","Address":"","Reviewer":"Gerry Britton","Reviewer_page":"https://www.google.com/maps/contrib/116637206560103868357/reviews?hl=en-US","Review_time":"5 years ago","Review":"","Likes":""},{"Name":"","Category":"","Rating":" 5 stars ","Number_of_Reviews":"","Address":"","Reviewer":"satid ayaco","Reviewer_page":"https://www.google.com/maps/contrib/103545156709527238234/reviews?hl=en-US","Review_time":"3 years ago","Review":"","Likes":""},{"Name":"","Category":"","Rating":" 5 stars ","Number_of_Reviews":"","Address":"","Reviewer":"John Fasanaro","Reviewer_page":"https://www.google.com/maps/contrib/100793344514176656711/reviews?hl=en-US","Review_time":"4 years ago","Review":"","Likes":""},{"Name":"","Category":"","Rating":" 4 stars ","Number_of_Reviews":"","Address":"","Reviewer":"Rachel Young","Reviewer_page":"https://www.google.com/maps/contrib/115415002565613464126/reviews?hl=en-US","Review_time":"3 years ago","Review":"","Likes":""},{"Name":"","Category":"","Rating":" 5 stars ","Number_of_Reviews":"","Address":"","Reviewer":"Tamara D. Pearsall","Reviewer_page":"https://www.google.com/maps/contrib/108412023038195285916/reviews?hl=en-US","Review_time":"a year ago","Review":"","Likes":""},{"Name":"","Category":"","Rating":" 5 stars ","Number_of_Reviews":"","Address":"","Reviewer":"Karen Hiller","Reviewer_page":"https://www.google.com/maps/contrib/118297109218949455231/reviews?hl=en-US","Review_time":"3 years ago","Review":"","Likes":""},{"Name":"","Category":"","Rating":" 5 stars ","Number_of_Reviews":"","Address":"","Reviewer":"Cerynisa Lee","Reviewer_page":"https://www.google.com/maps/contrib/110292088468172079947/reviews?hl=en-US","Review_time":"3 years ago","Review":"","Likes":""},{"Name":"","Category":"","Rating":" 5 stars ","Number_of_Reviews":"","Address":"","Reviewer":"Rose Winslow","Reviewer_page":"https://www.google.com/maps/contrib/107888406675946199807/reviews?hl=en-US","Review_time":"3 years ago","Review":"","Likes":""},{"Name":"","Category":"","Rating":" 5 stars ","Number_of_Reviews":"","Address":"","Reviewer":"Mateus Zachi","Reviewer_page":"https://www.google.com/maps/contrib/115917863671986316929/reviews?hl=en-US","Review_time":"5 years ago","Review":"","Likes":""},{"Name":"","Category":"","Rating":" 4 stars ","Number_of_Reviews":"","Address":"","Reviewer":"Konstantin P","Reviewer_page":"https://www.google.com/maps/contrib/118198133959438451706/reviews?hl=en-US","Review_time":"6 years ago","Review":"","Likes":""},{"Name":"","Category":"","Rating":" 5 stars ","Number_of_Reviews":"","Address":"","Reviewer":"Jaime Javier","Reviewer_page":"https://www.google.com/maps/contrib/116934332349318405625/reviews?hl=en-US","Review_time":"a year ago","Review":"","Likes":""},{"Name":"","Category":"","Rating":" 5 stars ","Number_of_Reviews":"","Address":"","Reviewer":"Bea C.","Reviewer_page":"https://www.google.com/maps/contrib/114286097253029350887/reviews?hl=en-US","Review_time":"2 years ago","Review":"","Likes":""},{"Name":"","Category":"","Rating":" 5 stars ","Number_of_Reviews":"","Address":"","Reviewer":"Malcolm Forenam","Reviewer_page":"https://www.google.com/maps/contrib/107663510467684317728/reviews?hl=en-US","Review_time":"2 years ago","Review":"","Likes":""},{"Name":"","Category":"","Rating":" 5 stars ","Number_of_Reviews":"","Address":"","Reviewer":"ליאור כרמי","Reviewer_page":"https://www.google.com/maps/contrib/101037243280972150673/reviews?hl=en-US","Review_time":"a year ago","Review":"","Likes":""},{"Name":"","Category":"","Rating":" 5 stars ","Number_of_Reviews":"","Address":"","Reviewer":"bharat bhate","Reviewer_page":"https://www.google.com/maps/contrib/100208142722460694512/reviews?hl=en-US","Review_time":"6 years ago","Review":"","Likes":""}