[{"Name":"","Category":"","Rating":" 3 stars ","Number_of_Reviews":"","Address":"","Reviewer":"Stephen Palathingal","Reviewer_page":"https://www.google.com/maps/contrib/109422002068917138612/reviews?hl=en-US","Review_time":"4 weeks ago","Review":"I rarely do this, but a staff member named Jerrick was being continually rude and showing attitude to everyone ahead of me in line - and lo and behold showed me some as well, hidden behind this fake professionalism. I’ve never had this kind of interaction with a Barista and I don’t know if he was having a bad day but this should be addressed. Drinks tasted great though as a side note!\n\nDan the Man is awesome, was a great staff member and made my day with his energy!","Likes":""},{"Name":"","Category":"","Rating":" 5 stars ","Number_of_Reviews":"","Address":"","Reviewer":"Maggie Q","Reviewer_page":"https://www.google.com/maps/contrib/107255341390300351327/reviews?hl=en-US","Review_time":"2 months ago","Review":"Super friendly staff from the cashier to the person making my drink","Likes":""},{"Name":"","Category":"","Rating":" 3 stars ","Number_of_Reviews":"","Address":"","Reviewer":"Mark Mayo","Reviewer_page":"https://www.google.com/maps/contrib/103992732519049111744/reviews?hl=en-US","Review_time":"a month ago","Review":"nice service but i was surprised to see my toast bagel without butter.  i was given butter. i had to spread butter on it myself","Likes":""},{"Name":"","Category":"","Rating":" 4 stars ","Number_of_Reviews":"","Address":"","Reviewer":"Rana Ece Ertem","Reviewer_page":"https://www.google.com/maps/contrib/117416567523406584759/reviews?hl=en-US","Review_time":"2 years ago","Review":"There was a rude and very loud staff, the music was loud also. But the cafe was nice and clean, and service was good too. And it is thanksgiving, so 4 points it is!","Likes":""},{"Name":"","Category":"","Rating":" 5 stars ","Number_of_Reviews":"","Address":"","Reviewer":"Janeen McMurray","Reviewer_page":"https://www.google.com/maps/contrib/100462173839776626844/reviews?hl=en-US","Review_time":"3 years ago","Review":"One of the best coffee spots in the city. The coffee is amazing! You can smell it right when you come in. I have been visiting Starbucks for over a year now. The regular drip coffee has so much flavor to it. The food selection is great I personally love all the pistachio flavored items. They are friendly, fast and professional.","Likes":""},{"Name":"","Category":"","Rating":" 1 star ","Number_of_Reviews":"","Address":"","Reviewer":"Bryan Felix","Reviewer_page":"https://www.google.com/maps/contrib/111887322287251217419/reviews?hl=en-US","Review_time":"2 weeks ago","Review":"Super slow. Didn’t even get order taken, needed 3 people to make 2 drinks.","Likes":""},{"Name":"","Category":"","Rating":" 5 stars ","Number_of_Reviews":"","Address":"","Reviewer":"Lyle Rivera","Reviewer_page":"https://www.google.com/maps/contrib/112906339244837543775/reviews?hl=en-US","Review_time":"a year ago","Review":"I had the most lovely of experiences.  Five stars.  I ordered a Pumpkin Cream Cold Brew.  The staff was very kind and the drink was very tasty.  It has a bit of a caffeine kick to it.  That with the sugar was a nice little boost for the rest of my day.  Will be coming back.","Likes":""},{"Name":"","Category":"","Rating":" 3 stars ","Number_of_Reviews":"","Address":"","Reviewer":"Stella M.K.","Reviewer_page":"https://www.google.com/maps/contrib/116084445578120424439/reviews?hl=en-US","Review_time":"2 months ago","Review":"this an extremely slow starbucks. if you need a coffee in under 15 mins - skip this one","Likes":"1"},{"Name":"","Category":"","Rating":" 1 star ","Number_of_Reviews":"","Address":"","Reviewer":"Jack T","Reviewer_page":"https://www.google.com/maps/contrib/116111320790289508716/reviews?hl=en-US","Review_time":"8 months ago","Review":"I frequent this location and typically have a good experience, but today was different. The Starbucks employee, Kim, was being so hateful to her fellow coworker (didn't catch name) loudly so everyone in the store could hear. I felt awful for the other coworker because Kim was berating her, rolling her eyes if the employee asked a question, yelling at her to do things, etc. just being extremely rude and it was really hard to watch as a customer.","Likes":""},{"Name":"","Category":"","Rating":" 1 star ","Number_of_Reviews":"","Address":"","Reviewer":"Mostafa Elb","Reviewer_page":"https://www.google.com/maps/contrib/116882219291490589362/reviews?hl=en-US","Review_time":"a year ago","Review":"Terrible service. Very rude & spilled my order and gave it to me in the same cup (as shown in the picture). The lady working at the counter also refused to add milk to my order, which I paid for.","Likes":"3"},{"Name":"","Category":"","Rating":" 2 stars ","Number_of_Reviews":"","Address":"","Reviewer":"Carl Bentata Gryting","Reviewer_page":"https://www.google.com/maps/contrib/117217109288345680474/reviews?hl=en-US","Review_time":"2 months ago","Review":"Music insane in the morning, especially considering the poor speakers. How about something chill and funky.","Likes":"1"},{"Name":"","Category":"","Rating":" 4 stars ","Number_of_Reviews":"","Address":"","Reviewer":"KSR","Reviewer_page":"https://www.google.com/maps/contrib/100704916691331850281/reviews?hl=en-US","Review_time":"2 years ago","Review":"There was a little bit of a wait, and it was somewhat quiet. Some of the staff was not as welcoming. As far as cleanliness though, they definitely get an A.","Likes":""},{"Name":"","Category":"","Rating":" 3 stars ","Number_of_Reviews":"","Address":"","Reviewer":"Reyna Collado","Reviewer_page":"https://www.google.com/maps/contrib/100303764845552173722/reviews?hl=en-US","Review_time":"a year ago","Review":"Today at 10:53 I went to Starbucks. I very kindly asked one of the employees to give me a venti White Chocolate mocca hot with a croissant. Then I asked for another white mocha but cold. When I received my order I realized they did not give me a croissant. I went back and asked one of the girls if they can ask her if she charged me for it. She replied with a very ugly and unpleasant attitude, “I did not charge it because I didn't hear it.”Then she said, “charge her” with a very nasty attitude. I never asked for anything to be free, I just wanted to make sure I was not charged for something I did not receive.  I got quite angry and told her what an attitude and what kind of service was she providing. I asked the girl who was helping me, what her name was and she very rudely shouted from behind “Nicole!”. Honestly, I have always seen her when i visited this location in the past but never saw her with that bad temper. It makes me very sad because my family always loves ordering from this location. It was my favorite place until today. I think that no matter how badly we start the day, no one deserves to be treated badly. This is the first time I have had a  bad experience in this location. All the employees in the past have been very good and friendly. Another employee had to tell her to calm down.","Likes":"2"},{"Name":"","Category":"","Rating":" 5 stars ","Number_of_Reviews":"","Address":"","Reviewer":"Leah Nelson","Reviewer_page":"https://www.google.com/maps/contrib/109168479679485339482/reviews?hl=en-US","Review_time":"3 weeks ago","Review":"Futuristic sinks. Charismatic employees. Fresh water.","Likes":""},{"Name":"","Category":"","Rating":" 1 star ","Number_of_Reviews":"","Address":"","Reviewer":"Jacob Creiger-Combs","Reviewer_page":"https://www.google.com/maps/contrib/114058272231531595567/reviews?hl=en-US","Review_time":"8 months ago","Review":"Most disrespectful workers I’ve ever witnessed at a Starbucks. They were extremely rude and filled up my drink to 25% and the rest foam. Never coming back. Do better Starbucks.","Likes":""},{"Name":"","Category":"","Rating":" 1 star ","Number_of_Reviews":"","Address":"","Reviewer":"Kuba Siedlecki","Reviewer_page":"https://www.google.com/maps/contrib/103009908223738000784/reviews?hl=en-US","Review_time":"5 months ago","Review":"it's 6:52 now, it should be open from 6am and it's still closed.  You have to be on time for work.  But they don't have to","Likes":""},{"Name":"","Category":"","Rating":" 1 star ","Number_of_Reviews":"","Address":"","Reviewer":"Stephen Deng","Reviewer_page":"https://www.google.com/maps/contrib/113068052909537795089/reviews?hl=en-US","Review_time":"3 weeks ago","Review":"terrible black women in the front desk .\nNo manner at all","Likes":""},{"Name":"","Category":"","Rating":" 1 star ","Number_of_Reviews":"","Address":"","Reviewer":"Lindsay M.","Reviewer_page":"https://www.google.com/maps/contrib/107319928803313060521/reviews?hl=en-US","Review_time":"2 months ago","Review":"I would suggest going the extra few blocks to the next Starbucks.","Likes":""},{"Name":"","Category":"","Rating":" 5 stars ","Number_of_Reviews":"","Address":"","Reviewer":"Taylor","Reviewer_page":"https://www.google.com/maps/contrib/106999189781951939766/reviews?hl=en-US","Review_time":"5 years ago","Review":"The nicest Starbucks in Manhattan and a welcomed addition to the village. Clean, friendly, welcoming environs.","Likes":""},{"Name":"","Category":"","Rating":" 3 stars ","Number_of_Reviews":"","Address":"","Reviewer":"angela perez","Reviewer_page":"https://www.google.com/maps/contrib/113536362437831160732/reviews?hl=en-US","Review_time":"a year ago","Review":"Woman with the glasses tried to tell the cashier that was taking my order that my drink was a “tik tok” drink and they don’t do those , when i’ve ordered my drink the same way at other locations and had no problems . And she told her that they couldn’t do a “double blended” setting , which was cap .","Likes":""},{"Name":"","Category":"","Rating":" 4 stars ","Number_of_Reviews":"","Address":"","Reviewer":"Karen Ottoni","Reviewer_page":"https://www.google.com/maps/contrib/112291108431697619162/reviews?hl=en-US","Review_time":"4 years ago","Review":"Pretty standard Starbucks, could have more comfy chairs than those metal stools, nice setup though overall. I know people complain about Starbucks coming to that street, but honestly for at least a year and a half that space was empty and what is a busy corner was all ugly and boarded up, so I'd complain to the landlord for not lowering the rent so an independent business could afford to be there. I was happy to see the space finally getting filled so it could bring something more lively and useful to that corner than boarded up windows which is just an eye sore","Likes":"1"},{"Name":"","Category":"","Rating":" 5 stars ","Number_of_Reviews":"","Address":"","Reviewer":"David Packer","Reviewer_page":"https://www.google.com/maps/contrib/111114881813519449440/reviews?hl=en-US","Review_time":"3 years ago","Review":"Nice Starbucks! Very spacious and clean. Amazing layout. Great baristas! Quick. Correct orders. Good vibes all around. And most importantly, AC for the summer. I’d say the nicest Starbucks in the area.","Likes":"2"},{"Name":"","Category":"","Rating":" 5 stars ","Number_of_Reviews":"","Address":"","Reviewer":"Michelle Lopez","Reviewer_page":"https://www.google.com/maps/contrib/118353139096365729819/reviews?hl=en-US","Review_time":"3 years ago","Review":"One of my favorite Starbucks around. The baristas are so welcoming and always remember your name and order. Facilities are always clean and you can always find a seat... which us impossible in most Starbucks.","Likes":""},{"Name":"","Category":"","Rating":" 5 stars ","Number_of_Reviews":"","Address":"","Reviewer":"Vidal Nikko Luchana","Reviewer_page":"https://www.google.com/maps/contrib/101017147688734602990/reviews?hl=en-US","Review_time":"4 years ago","Review":"Good place to be with friends and doing some work!","Likes":""},{"Name":"","Category":"","Rating":" 1 star ","Number_of_Reviews":"","Address":"","Reviewer":"Christopher Martinez","Reviewer_page":"https://www.google.com/maps/contrib/115092691578252164644/reviews?hl=en-US","Review_time":"2 years ago","Review":"I’m disgusted with the level of customer service that I experienced at this location. As a partner I know yall could do better then this...sheeesh. After being rung up for the wrong drink, the barista at the bar tells me “I know my job I don’t need you to tell me how to do it”. I was simply trying to tell her that she didnt have to remake the drink all she had to do was filter the dragon fruits out with an ice lid. SMH, where was the active listening and customer focus? I understand times are hard but damn if you don’t wanna work don’t come in. SMH","Likes":"1"},{"Name":"","Category":"","Rating":" 5 stars ","Number_of_Reviews":"","Address":"","Reviewer":"Ian Pekrul","Reviewer_page":"https://www.google.com/maps/contrib/112933866081150076108/reviews?hl=en-US","Review_time":"3 years ago","Review":"This Starbucks on Tompkins Square is one of my favorite in NYC. The music isn't to loud, staff is friendly and efficient and there is lots of seating available. Love the spacious layout of the store, not sure if they have a restroom though....","Likes":""},{"Name":"","Category":"","Rating":" 1 star ","Number_of_Reviews":"","Address":"","Reviewer":"The Pyramid Club","Reviewer_page":"https://www.google.com/maps/contrib/117183337630005345627/reviews?hl=en-US","Review_time":"4 years ago","Review":"COMPLAINT: The newest Starbucks on Ave A and E. 8th St (St Marks) sucks! I was one of the first ones to welcome it to the neighborhood thinking it’ll be great to get coffee before work. At first it was awesome, but then they changed their hours to close at 8pm and, since then, no coffee for me. Half of the time we can’t even place a mobile order! I arrived at 7:45 tonight to find an empty cooler and employees unhappy to have another customer! FYI Starbucks, there’s a lot of late night traffic on Avenue A, lots of people in the nightlife industry that would enjoy a late cup of (non-bodega) coffee, and patrons in need (some in desperate need) of a non-alcoholic option. Perhaps you should re-think your hours, or at the very least remind your employees that they serve until closing time, and a smile wouldn’t kill them!","Likes":"1"},{"Name":"","Category":"","Rating":" 1 star ","Number_of_Reviews":"","Address":"","Reviewer":"ERICK NIETO","Reviewer_page":"https://www.google.com/maps/contrib/104852166531433810100/reviews?hl=en-US","Review_time":"3 years ago","Review":"No candy for halloween. Unacceptable. After all the $7 dollar coffee we spend here.","Likes":"3"},{"Name":"","Category":"","Rating":" 5 stars ","Number_of_Reviews":"","Address":"","Reviewer":"Roza Johnson","Reviewer_page":"https://www.google.com/maps/contrib/112562105659372716348/reviews?hl=en-US","Review_time":"a year ago","Review":"Good experience in this shop.  The store is clean and running very well.  My drink comes out amazing and employees are always nice!","Likes":""},{"Name":"","Category":"","Rating":" 2 stars ","Number_of_Reviews":"","Address":"","Reviewer":"Drew DLR","Reviewer_page":"https://www.google.com/maps/contrib/116686099507071890759/reviews?hl=en-US","Review_time":"8 months ago","Review":"Typical EV spot…never opens on time but staff are friendly and space is cool","Likes":""},{"Name":"","Category":"","Rating":" 1 star ","Number_of_Reviews":"","Address":"","Reviewer":"Dzevad Muric","Reviewer_page":"https://www.google.com/maps/contrib/106121895596632084662/reviews?hl=en-US","Review_time":"a year ago","Review":"Super poor service...super poor this Starbucks didn't deserve any star MINUS 5 STAR,the curtains are drawn in the morning and there is a feeling that the shop is closed, every month this Starbucks is closed couple days ........","Likes":"4"},{"Name":"","Category":"","Rating":" 2 stars ","Number_of_Reviews":"","Address":"","Reviewer":"Nugget Florey","Reviewer_page":"https://www.google.com/maps/contrib/104493994958190140607/reviews?hl=en-US","Review_time":"a year ago","Review":"order ahead on app never available.. rude employees and bad service. needs better management asap.","Likes":"1"},{"Name":"","Category":"","Rating":" 1 star ","Number_of_Reviews":"","Address":"","Reviewer":"Jeffrey Leiser","Reviewer_page":"https://www.google.com/maps/contrib/100828227924092954708/reviews?hl=en-US","Review_time":"5 years ago","Review":"They spied out Threeseat Espresso and other cafe's posing as patrons so they could copy what 'works'. What works is independent businesses operating in honest ways, with real clientele. Take it up to Kipps Bay and settle with the sports bars! 😝","Likes":"1"},{"Name":"","Category":"","Rating":" 1 star ","Number_of_Reviews":"","Address":"","Reviewer":"Mamun Mozumder","Reviewer_page":"https://www.google.com/maps/contrib/106398889130145029376/reviews?hl=en-US","Review_time":"a year ago","Review":"Rude behavior,the Starbucks stuff they don’t know how take care delivery man and take out customer.they They messed up food.","Likes":"2"},{"Name":"","Category":"","Rating":" 5 stars ","Number_of_Reviews":"","Address":"","Reviewer":"SassyHotSauce _","Reviewer_page":"https://www.google.com/maps/contrib/102603952298577868162/reviews?hl=en-US","Review_time":"2 years ago","Review":"Has outlets, the best service of any starbucks in Manhattan and they make the drinks exactly how you ask for them. Nobody else comes close, really.","Likes":""},{"Name":"","Category":"","Rating":" 5 stars ","Number_of_Reviews":"","Address":"","Reviewer":"James Mckinnon","Reviewer_page":"https://www.google.com/maps/contrib/112916173533480494464/reviews?hl=en-US","Review_time":"4 years ago","Review":"Positive experience. I came into to get out of the heat while my friend used the bathroom. I didn't have the cops called on me.  I'd come back.","Likes":""},{"Name":"","Category":"","Rating":" 2 stars ","Number_of_Reviews":"","Address":"","Reviewer":"Jordan Devylder","Reviewer_page":"https://www.google.com/maps/contrib/108833369709760494937/reviews?hl=en-US","Review_time":"4 years ago","Review":"Instead of Starbucks, consider other places to get coffee on Avenue A:\nOdessa Diner, 119 Avenue A\nRay's Candy Store, 113 Avenue A\nCroissanteria, 68 Avenue A\nTompkins Finest Deli, 153 Avenue A\nTompkins Square Bagels, 165 Avenue A\n\n2 stars because this neighborhood needed another semi-public bathroom.","Likes":"3"},{"Name":"","Category":"","Rating":" 5 stars ","Number_of_Reviews":"","Address":"","Reviewer":"Cassidee Goehrig","Reviewer_page":"https://www.google.com/maps/contrib/107022867074947078764/reviews?hl=en-US","Review_time":"2 years ago","Review":"John Smith literally makes my day, every time he takes my order! It’s also the only Starbucks that makes it perfect. Thank you!","Likes":""},{"Name":"","Category":"","Rating":" 5 stars ","Number_of_Reviews":"","Address":"","Reviewer":"Danny van der Rijn","Reviewer_page":"https://www.google.com/maps/contrib/109503413553259498685/reviews?hl=en-US","Review_time":"a year ago","Review":"Closed until Sunday (at least) according to the web site.  Sign on the door just says that it's closed.","Likes":""},{"Name":"","Category":"","Rating":" 1 star ","Number_of_Reviews":"","Address":"","Reviewer":"Lama","Reviewer_page":"https://www.google.com/maps/contrib/107812002254840311832/reviews?hl=en-US","Review_time":"a year ago","Review":"Poor customer service. The lady who handed me the coffee was extremely rude.","Likes":"2"},{"Name":"","Category":"","Rating":" 3 stars ","Number_of_Reviews":"","Address":"","Reviewer":"Robin M","Reviewer_page":"https://www.google.com/maps/contrib/110208493800676293625/reviews?hl=en-US","Review_time":"4 years ago","Review":"The best part about this Starbucks is that it is never crowded. But that's because there are much better, more unique places in the east village.","Likes":"1"},{"Name":"","Category":"","Rating":" 1 star ","Number_of_Reviews":"","Address":"","Reviewer":"Ashleigh Puyol","Reviewer_page":"https://www.google.com/maps/contrib/111210378974048830984/reviews?hl=en-US","Review_time":"4 years ago","Review":"I was convinced to go in by a friend and the coffee was as bad as I expected. Much proffer my local place around the corner who know what great coffee and service is!","Likes":"3"},{"Name":"","Category":"","Rating":" 4 stars ","Number_of_Reviews":"","Address":"","Reviewer":"Jamien Ayala","Reviewer_page":"https://www.google.com/maps/contrib/105712654887334400840/reviews?hl=en-US","Review_time":"3 years ago","Review":"My only complaint is that the baristas can make a better effort to get to know the customers while they wait for their beverages","Likes":""},{"Name":"","Category":"","Rating":" 5 stars ","Number_of_Reviews":"","Address":"","Reviewer":"Marcelo Perez","Reviewer_page":"https://www.google.com/maps/contrib/117144106140994878580/reviews?hl=en-US","Review_time":"4 years ago","Review":"the attendees are here good and the ambiance is really good !!!!","Likes":""},{"Name":"","Category":"","Rating":" 5 stars ","Number_of_Reviews":"","Address":"","Reviewer":"John Glynn","Reviewer_page":"https://www.google.com/maps/contrib/103413518697359188572/reviews?hl=en-US","Review_time":"2 years ago","Review":"Very friendly staff. Super quick, and got my complicated order perfect.  Great spot.A++","Likes":""},{"Name":"","Category":"","Rating":" 5 stars ","Number_of_Reviews":"","Address":"","Reviewer":"Ellison Williams","Reviewer_page":"https://www.google.com/maps/contrib/109223234144845340284/reviews?hl=en-US","Review_time":"2 years ago","Review":"The staff here is great and friendly and the location is amazing. Thanks for letting me sit there! Lol.","Likes":""},{"Name":"","Category":"","Rating":" 5 stars ","Number_of_Reviews":"","Address":"","Reviewer":"George Marrero","Reviewer_page":"https://www.google.com/maps/contrib/110554794195725757468/reviews?hl=en-US","Review_time":"8 months ago","Review":"Fresh coffee? Anyone amongst sandwiches? Pastries iced coffee","Likes":""},{"Name":"","Category":"","Rating":" 5 stars ","Number_of_Reviews":"","Address":"","Reviewer":"Silvia Buksa","Reviewer_page":"https://www.google.com/maps/contrib/101480595413288601326/reviews?hl=en-US","Review_time":"a year ago","Review":"Drinks were well made and staff was kind","Likes":""},{"Name":"","Category":"","Rating":" 5 stars ","Number_of_Reviews":"","Address":"","Reviewer":"Zara Luciano","Reviewer_page":"https://www.google.com/maps/contrib/113408789620138772052/reviews?hl=en-US","Review_time":"3 years ago","Review":"Clean, friendly stuff. Fast service.\nI think this is one of the cleanest Starbucks in the area.","Likes":"1"},{"Name":"","Category":"","Rating":" 1 star ","Number_of_Reviews":"","Address":"","Reviewer":"Michelle Desnoyers","Reviewer_page":"https://www.google.com/maps/contrib/115224544275680987075/reviews?hl=en-US","Review_time":"3 years ago","Review":"One of the worst experiences I've ever had at a Starbucks. I'm not even sure what to say other than that. Staff are pretty terrible.","Likes":"2"},{"Name":"","Category":"","Rating":" 5 stars ","Number_of_Reviews":"","Address":"","Reviewer":"Masateru Saimaru","Reviewer_page":"https://www.google.com/maps/contrib/100599759018871095300/reviews?hl=en-US","Review_time":"2 years ago","Review":"Nice, strange working space is available.","Likes":""},{"Name":"","Category":"","Rating":" 1 star ","Number_of_Reviews":"","Address":"","Reviewer":"Melissa Plascencia","Reviewer_page":"https://www.google.com/maps/contrib/101283468674966237235/reviews?hl=en-US","Review_time":"4 years ago","Review":"My tea was suppose be sweetened was not & my second they messed up so bad it wasn’t what I  even order I am going to pay it is for what i order not for what I didn’t 😠 extremely unhappy","Likes":"1"},{"Name":"","Category":"","Rating":" 4 stars ","Number_of_Reviews":"","Address":"","Reviewer":"David Schierholz","Reviewer_page":"https://www.google.com/maps/contrib/100095480986099671348/reviews?hl=en-US","Review_time":"3 years ago","Review":"Showed up in work clothes, some sidewise looks.  Thought Odessa restaurant would be open.  Lived here twenty years ago.","Likes":""},{"Name":"","Category":"","Rating":" 5 stars ","Number_of_Reviews":"","Address":"","Reviewer":"Abdul Wahab","Reviewer_page":"https://www.google.com/maps/contrib/106779813698560376411/reviews?hl=en-US","Review_time":"2 years ago","Review":"Nice Starbucks in East Village neighbourhood. Not too crowded. Plus point - the plugs are everywhere....","Likes":""},{"Name":"","Category":"","Rating":" 1 star ","Number_of_Reviews":"","Address":"","Reviewer":"Kristen Florey","Reviewer_page":"https://www.google.com/maps/contrib/117132835758025886304/reviews?hl=en-US","Review_time":"a year ago","Review":"pre-orders are always wrong and staff is rude and looks miserable","Likes":"2"},{"Name":"","Category":"","Rating":" 5 stars ","Number_of_Reviews":"","Address":"","Reviewer":"Mirte Post","Reviewer_page":"https://www.google.com/maps/contrib/100369201573202405083/reviews?hl=en-US","Review_time":"5 years ago","Review":"Really knowledgeable and friendly baristas. Excellent atmosphere in the store. Glad I went here!","Likes":""},{"Name":"","Category":"","Rating":" 1 star ","Number_of_Reviews":"","Address":"","Reviewer":"B W","Reviewer_page":"https://www.google.com/maps/contrib/113191389450916882308/reviews?hl=en-US","Review_time":"3 years ago","Review":"It's less than 50 degrees in there and completely uncomfortable to work from. this location is far from going \"green\" like all the posters they have in there say.","Likes":"1"},{"Name":"","Category":"","Rating":" 5 stars ","Number_of_Reviews":"","Address":"","Reviewer":"Claybiz YouTube Content","Reviewer_page":"https://www.google.com/maps/contrib/110943300438656965759/reviews?hl=en-US","Review_time":"4 years ago","Review":"Excellent Service friendly Baristas and Clean Environment great addition to the East Village👍🏾👍🏾👍🏾👍🏾","Likes":""},{"Name":"","Category":"","Rating":" 1 star ","Number_of_Reviews":"","Address":"","Reviewer":"James G","Reviewer_page":"https://www.google.com/maps/contrib/115448530960899076073/reviews?hl=en-US","Review_time":"3 years ago","Review":"I also came here to write a review regarding no free candy on Halloween. 👎👎👎","Likes":""},{"Name":"","Category":"","Rating":" 1 star ","Number_of_Reviews":"","Address":"","Reviewer":"Michael Rivera","Reviewer_page":"https://www.google.com/maps/contrib/116931862223947960857/reviews?hl=en-US","Review_time":"a year ago","Review":"This place is a train wreck they do not make drinks good horrible","Likes":"1"},{"Name":"","Category":"","Rating":" 1 star ","Number_of_Reviews":"","Address":"","Reviewer":"Helen Bala","Reviewer_page":"https://www.google.com/maps/contrib/113378893438258995313/reviews?hl=en-US","Review_time":"5 years ago","Review":"The death of the East Village. I just saw this and thought how sad. Truly not for the locals like myself. I grew up on that block and it was like taking a bullet the first time i saw it","Likes":"3"},{"Name":"","Category":"","Rating":" 5 stars ","Number_of_Reviews":"","Address":"","Reviewer":"Victor Siev","Reviewer_page":"https://www.google.com/maps/contrib/104012298988950960607/reviews?hl=en-US","Review_time":"4 years ago","Review":"This place I slightly addictive. One of the better Starbucks around, i believe.","Likes":""},{"Name":"","Category":"","Rating":" 5 stars ","Number_of_Reviews":"","Address":"","Reviewer":"Xuan Huynh-Tom","Reviewer_page":"https://www.google.com/maps/contrib/114265231860928148484/reviews?hl=en-US","Review_time":"3 years ago","Review":"Love Saint Marks location the staff there go above and beyond to make sure the customer are well taken care of.","Likes":""},{"Name":"","Category":"","Rating":" 1 star ","Number_of_Reviews":"","Address":"","Reviewer":"S Ski","Reviewer_page":"https://www.google.com/maps/contrib/107991344852621902505/reviews?hl=en-US","Review_time":"4 years ago","Review":"Crappy place w/ rude employees, they have messed up my orders so many times and are always changing their bathroom code","Likes":"1"},{"Name":"","Category":"","Rating":" 5 stars ","Number_of_Reviews":"","Address":"","Reviewer":"Michele","Reviewer_page":"https://www.google.com/maps/contrib/110752697927999165335/reviews?hl=en-US","Review_time":"a year ago","Review":"Never had any problems with this Starbucks","Likes":""},{"Name":"","Category":"","Rating":" 5 stars ","Number_of_Reviews":"","Address":"","Reviewer":"Ada Almonte","Reviewer_page":"https://www.google.com/maps/contrib/110304215471197131158/reviews?hl=en-US","Review_time":"a year ago","Review":"Expensive cups of coffee Amazing taste","Likes":""},{"Name":"","Category":"","Rating":" 5 stars ","Number_of_Reviews":"","Address":"","Reviewer":"Lateef Fall","Reviewer_page":"https://www.google.com/maps/contrib/109365296444820220253/reviews?hl=en-US","Review_time":"3 years ago","Review":"Kind staff. Lots of seating and outlets. Great location.","Likes":""},{"Name":"","Category":"","Rating":" 5 stars ","Number_of_Reviews":"","Address":"","Reviewer":"Mike E.","Reviewer_page":"https://www.google.com/maps/contrib/103281731652838529371/reviews?hl=en-US","Review_time":"3 years ago","Review":"Workers are helpful and easy going. Store is in great condition.","Likes":""},{"Name":"","Category":"","Rating":" 5 stars ","Number_of_Reviews":"","Address":"","Reviewer":"mike neal","Reviewer_page":"https://www.google.com/maps/contrib/114780180368114609205/reviews?hl=en-US","Review_time":"6 months ago","Review":"Best staff ever","Likes":""},{"Name":"","Category":"","Rating":" 5 stars ","Number_of_Reviews":"","Address":"","Reviewer":"Shai Storm","Reviewer_page":"https://www.google.com/maps/contrib/107289871649616198681/reviews?hl=en-US","Review_time":"3 years ago","Review":"Excellent service and there is seats available to sit.","Likes":""},{"Name":"","Category":"","Rating":" 1 star ","Number_of_Reviews":"","Address":"","Reviewer":"EDWIN ARMANDO MARTINEZ AYALA","Reviewer_page":"https://www.google.com/maps/contrib/103146215998638732694/reviews?hl=en-US","Review_time":"a year ago","Review":"Guy who attended to me was rude 👎","Likes":""},{"Name":"","Category":"","Rating":" 5 stars ","Number_of_Reviews":"","Address":"","Reviewer":"Jzrocket205","Reviewer_page":"https://www.google.com/maps/contrib/102949351097280865840/reviews?hl=en-US","Review_time":"4 years ago","Review":"Just as good as all the other Starbucks throughout the world","Likes":""},{"Name":"","Category":"","Rating":" 5 stars ","Number_of_Reviews":"","Address":"","Reviewer":"Best Tennis Stringing","Reviewer_page":"https://www.google.com/maps/contrib/113542634732491014764/reviews?hl=en-US","Review_time":"6 months ago","Review":"Good neighborhood Starbucks.","Likes":""},{"Name":"","Category":"","Rating":" 3 stars ","Number_of_Reviews":"","Address":"","Reviewer":"Spd Rezizzt","Reviewer_page":"https://www.google.com/maps/contrib/112483159519763799228/reviews?hl=en-US","Review_time":"4 years ago","Review":"The global creamery, as expected delivered some coffee-flavored milk","Likes":""},{"Name":"","Category":"","Rating":" 5 stars ","Number_of_Reviews":"","Address":"","Reviewer":"Zoë Fromer","Reviewer_page":"https://www.google.com/maps/contrib/106663143988666156714/reviews?hl=en-US","Review_time":"3 years ago","Review":"Kind, attentive baristas who are an asset to the neighborhood ❤️","Likes":""},{"Name":"","Category":"","Rating":" 5 stars ","Number_of_Reviews":"","Address":"","Reviewer":"Mark Silva","Reviewer_page":"https://www.google.com/maps/contrib/112694804672699795372/reviews?hl=en-US","Review_time":"a year ago","Review":"The people are great and real friendly.","Likes":""},{"Name":"","Category":"","Rating":" 5 stars ","Number_of_Reviews":"","Address":"","Reviewer":"Jon Arnold","Reviewer_page":"https://www.google.com/maps/contrib/109847663563896345091/reviews?hl=en-US","Review_time":"a year ago","Review":"Usually pretty quick over here.","Likes":"1"},{"Name":"","Category":"","Rating":" 1 star ","Number_of_Reviews":"","Address":"","Reviewer":"Graeme Metcalf","Reviewer_page":"https://www.google.com/maps/contrib/110128283008844796754/reviews?hl=en-US","Review_time":"4 years ago","Review":"Go to a real coffee shop like C&B or 9th Street Espresso.","Likes":""},{"Name":"","Category":"","Rating":" 5 stars ","Number_of_Reviews":"","Address":"","Reviewer":"Bradley Baker","Reviewer_page":"https://www.google.com/maps/contrib/111881325356290953828/reviews?hl=en-US","Review_time":"4 years ago","Review":"Nice staff. It's a Starbucks.","Likes":""},{"Name":"","Category":"","Rating":" 5 stars ","Number_of_Reviews":"","Address":"","Reviewer":"jimmy proof","Reviewer_page":"https://www.google.com/maps/contrib/103878230007955121279/reviews?hl=en-US","Review_time":"3 years ago","Review":"good coffee love the Carmel frapchino","Likes":""},{"Name":"","Category":"","Rating":" 3 stars ","Number_of_Reviews":"","Address":"","Reviewer":"Franc G","Reviewer_page":"https://www.google.com/maps/contrib/112659535258956733128/reviews?hl=en-US","Review_time":"9 months ago","Review":"Good quick Coffee","Likes":""},{"Name":"","Category":"","Rating":" 4 stars ","Number_of_Reviews":"","Address":"","Reviewer":"Frank Ricciardi","Reviewer_page":"https://www.google.com/maps/contrib/113845410260663576047/reviews?hl=en-US","Review_time":"4 years ago","Review":"Intimate great staff hope it will be successful","Likes":""},{"Name":"","Category":"","Rating":" 1 star ","Number_of_Reviews":"","Address":"","Reviewer":"Nat Esten","Reviewer_page":"https://www.google.com/maps/contrib/116872790468389607737/reviews?hl=en-US","Review_time":"a year ago","Review":"👎","Likes":"1"},{"Name":"","Category":"","Rating":" 2 stars ","Number_of_Reviews":"","Address":"","Reviewer":"Lionel Müller","Reviewer_page":"https://www.google.com/maps/contrib/103759016132099288818/reviews?hl=en-US","Review_time":"3 years ago","Review":"Rude staff, loud commercial music","Likes":""},{"Name":"","Category":"","Rating":" 5 stars ","Number_of_Reviews":"","Address":"","Reviewer":"jackie medina","Reviewer_page":"https://www.google.com/maps/contrib/101254884463484797362/reviews?hl=en-US","Review_time":"3 years ago","Review":"It's a very cozy place","Likes":""},{"Name":"","Category":"","Rating":" 5 stars ","Number_of_Reviews":"","Address":"","Reviewer":"Shayla Cheatham","Reviewer_page":"https://www.google.com/maps/contrib/101475158513111717092/reviews?hl=en-US","Review_time":"4 years ago","Review":"#NOTETOSELF nice people,  clean","Likes":""},{"Name":"","Category":"","Rating":" 1 star ","Number_of_Reviews":"","Address":"","Reviewer":"Ankita Das","Reviewer_page":"https://www.google.com/maps/contrib/116494913965718266568/reviews?hl=en-US","Review_time":"a year ago","Review":"Closed no longer operating","Likes":"1"},{"Name":"","Category":"","Rating":" 2 stars ","Number_of_Reviews":"","Address":"","Reviewer":"david david","Reviewer_page":"https://www.google.com/maps/contrib/110178518278643087876/reviews?hl=en-US","Review_time":"8 months ago","Review":"Slow service","Likes":""},{"Name":"","Category":"","Rating":" 4 stars ","Number_of_Reviews":"","Address":"","Reviewer":"Alexis Geslin","Reviewer_page":"https://www.google.com/maps/contrib/114860160934402163487/reviews?hl=en-US","Review_time":"4 years ago","Review":"Good wifi","Likes":""},{"Name":"","Category":"","Rating":" 1 star ","Number_of_Reviews":"","Address":"","Reviewer":"Michelle Reed","Reviewer_page":"https://www.google.com/maps/contrib/103429168316880420451/reviews?hl=en-US","Review_time":"a year ago","Review":"Never open on time","Likes":"2"},{"Name":"","Category":"","Rating":" 5 stars ","Number_of_Reviews":"","Address":"","Reviewer":"EUDIS FLORES","Reviewer_page":"https://www.google.com/maps/contrib/102884973123874853896/reviews?hl=en-US","Review_time":"4 years ago","Review":"Peaceful, great service","Likes":""},{"Name":"","Category":"","Rating":" 5 stars ","Number_of_Reviews":"","Address":"","Reviewer":"ALAN AYSSEH","Reviewer_page":"https://www.google.com/maps/contrib/101858049108069745747/reviews?hl=en-US","Review_time":"a year ago","Review":"Great","Likes":""},{"Name":"","Category":"","Rating":" 5 stars ","Number_of_Reviews":"","Address":"","Reviewer":"Carla J Davis","Reviewer_page":"https://www.google.com/maps/contrib/112202005379561759201/reviews?hl=en-US","Review_time":"3 years ago","Review":"Friendly neighborhood Starbucks location","Likes":""},{"Name":"","Category":"","Rating":" 5 stars ","Number_of_Reviews":"","Address":"","Reviewer":"scott yarmula","Reviewer_page":"https://www.google.com/maps/contrib/108002351431452633199/reviews?hl=en-US","Review_time":"4 years ago","Review":"Best coffee in coffee!","Likes":""},{"Name":"","Category":"","Rating":" 5 stars ","Number_of_Reviews":"","Address":"","Reviewer":"Michael Johnson","Reviewer_page":"https://www.google.com/maps/contrib/117285649920486269558/reviews?hl=en-US","Review_time":"a year ago","Review":"Awesome","Likes":""},{"Name":"","Category":"","Rating":" 5 stars ","Number_of_Reviews":"","Address":"","Reviewer":"Justin Ortiz","Reviewer_page":"https://www.google.com/maps/contrib/113892178935297235398/reviews?hl=en-US","Review_time":"2 years ago","Review":"Great staff","Likes":""},{"Name":"","Category":"","Rating":" 5 stars ","Number_of_Reviews":"","Address":"","Reviewer":"Evette Ramos","Reviewer_page":"https://www.google.com/maps/contrib/118363354120120813473/reviews?hl=en-US","Review_time":"3 years ago","Review":"Great coffee","Likes":""},{"Name":"","Category":"","Rating":" 4 stars ","Number_of_Reviews":"","Address":"","Reviewer":"Maggie Ayala","Reviewer_page":"https://www.google.com/maps/contrib/111372150958181103902/reviews?hl=en-US","Review_time":"3 years ago","Review":"Great service","Likes":""},{"Name":"","Category":"","Rating":" 2 stars ","Number_of_Reviews":"","Address":"","Reviewer":"Corinne Siberine","Reviewer_page":"https://www.google.com/maps/contrib/111786713301357245973/reviews?hl=en-US","Review_time":"2 years ago","Review":"Rude","Likes":"2"},{"Name":"","Category":"","Rating":" 5 stars ","Number_of_Reviews":"","Address":"","Reviewer":"Jasmin Ortiz","Reviewer_page":"https://www.google.com/maps/contrib/109785878903612841815/reviews?hl=en-US","Review_time":"3 years ago","Review":"Great service","Likes":""},{"Name":"","Category":"","Rating":" 5 stars ","Number_of_Reviews":"","Address":"","Reviewer":"Maria Rosario","Reviewer_page":"https://www.google.com/maps/contrib/118405584996598280955/reviews?hl=en-US","Review_time":"3 years ago","Review":"Good people","Likes":""},{"Name":"","Category":"","Rating":" 5 stars ","Number_of_Reviews":"","Address":"","Reviewer":"Amanda Packman","Reviewer_page":"https://www.google.com/maps/contrib/108356997973539749404/reviews?hl=en-US","Review_time":"3 years ago","Review":"Love","Likes":""},{"Name":"","Category":"","Rating":" 5 stars ","Number_of_Reviews":"","Address":"","Reviewer":"ido keren","Reviewer_page":"https://www.google.com/maps/contrib/104328869998412053285/reviews?hl=en-US","Review_time":"4 years ago","Review":"great as always","Likes":""},{"Name":"","Category":"","Rating":" 5 stars ","Number_of_Reviews":"","Address":"","Reviewer":"Ravshan Nazarov","Reviewer_page":"https://www.google.com/maps/contrib/106992742374878225823/reviews?hl=en-US","Review_time":"3 years ago","Review":"Coffee","Likes":""},{"Name":"","Category":"","Rating":" 3 stars ","Number_of_Reviews":"","Address":"","Reviewer":"Rauf Abdul-Hakim","Reviewer_page":"https://www.google.com/maps/contrib/106256440652973748372/reviews?hl=en-US","Review_time":"3 years ago","Review":"00456 12.29.18","Likes":""},{"Name":"","Category":"","Rating":" 5 stars ","Number_of_Reviews":"","Address":"","Reviewer":"Umer Adnan","Reviewer_page":"https://www.google.com/maps/contrib/116223712553073577945/reviews?hl=en-US","Review_time":"4 years ago","Review":"Fast service","Likes":""},{"Name":"","Category":"","Rating":" 5 stars ","Number_of_Reviews":"","Address":"","Reviewer":"Junjie Qu","Reviewer_page":"https://www.google.com/maps/contrib/113017364716367797687/reviews?hl=en-US","Review_time":"3 years ago","Review":"Its Starbucks","Likes":""},{"Name":"","Category":"","Rating":" 1 star ","Number_of_Reviews":"","Address":"","Reviewer":"Jose Reyes","Reviewer_page":"https://www.google.com/maps/contrib/112761687040106811370/reviews?hl=en-US","Review_time":"3 weeks ago","Review":"(Translated by Google) I want to make an observation, I have been making deliveries from this location for a few weeks, but I see that the orders that go out for ubereats are not given importance, several times I have had to wait up to 20 minutes and the order being ready to be packed nobody does anything , some are very good at their job but the people in charge of packing the orders are not, they should be trained. Thank you\n\n(Original)\nQuiero hacer una observación, tengo unas semanas haciendo entregas de esta locación, pero veo que no se le da importancia a las órdenes que salen para ubereats, varias veces he tenido que esperar hasta 20 minutos y la orden estando lista para ser empacada nadie hace nada, algunos son muy buenos en su trabajo pero los encargados en empacar las órdenes no, deberían capacitarlos. Gracias","Likes":""},{"Name":"","Category":"","Rating":" 5 stars ","Number_of_Reviews":"","Address":"","Reviewer":"Érico Souza","Reviewer_page":"https://www.google.com/maps/contrib/113591889691244758126/reviews?hl=en-US","Review_time":"2 years ago","Review":"(Translated by Google) A beautiful Starbucks, with a great location, clean, free bathroom, attentive, attentive teeth, can enter the pet store. The snacks are prepared with enough whimsy. It was my first unforgettable Starbucks in NY.\n\n(Original)\nUm belo Starbucks, com ótima localização, banheiro limpo e gratuito, atente dentes atenciosos, pode entrar na loja com animais. Os lanches são preparados com bastante capricho. Foi meu primeiro e inesquecível Starbucks em NY.","Likes":""},{"Name":"","Category":"","Rating":" 5 stars ","Number_of_Reviews":"","Address":"","Reviewer":"Josefina Flores","Reviewer_page":"https://www.google.com/maps/contrib/102905008875203762364/reviews?hl=en-US","Review_time":"4 years ago","Review":"(Translated by Google) Very attentive staff, very quiet place. Cold coffee tasty.\n\n(Original)\nEl personal muy atentos, lugar muy tranquilo.Sabroso el café frío.","Likes":""},{"Name":"","Category":"","Rating":" 2 stars ","Number_of_Reviews":"","Address":"","Reviewer":"Citlally Zaragoza","Reviewer_page":"https://www.google.com/maps/contrib/100555923842055100957/reviews?hl=en-US","Review_time":"2 years ago","Review":"(Translated by Google) Need more cleaning at the tables ..\n\n(Original)\nNecesita mas limpieza en Las mesas..","Likes":"1"},{"Name":"","Category":"","Rating":" 5 stars ","Number_of_Reviews":"","Address":"","Reviewer":"Maria Perez","Reviewer_page":"https://www.google.com/maps/contrib/102198482918554557080/reviews?hl=en-US","Review_time":"3 years ago","Review":"","Likes":""},{"Name":"","Category":"","Rating":" 5 stars ","Number_of_Reviews":"","Address":"","Reviewer":"Francisco Borja","Reviewer_page":"https://www.google.com/maps/contrib/111665130561846864955/reviews?hl=en-US","Review_time":"4 years ago","Review":"(Translated by Google) delicious\n\n(Original)\nDeliciosa","Likes":""},{"Name":"","Category":"","Rating":" 4 stars ","Number_of_Reviews":"","Address":"","Reviewer":"Owen Zaragoza","Reviewer_page":"https://www.google.com/maps/contrib/113043883943342864676/reviews?hl=en-US","Review_time":"6 months ago","Review":"","Likes":""},{"Name":"","Category":"","Rating":" 5 stars ","Number_of_Reviews":"","Address":"","Reviewer":"Scott Nagel","Reviewer_page":"https://www.google.com/maps/contrib/117171348982635297355/reviews?hl=en-US","Review_time":"6 months ago","Review":"","Likes":""},{"Name":"","Category":"","Rating":" 5 stars ","Number_of_Reviews":"","Address":"","Reviewer":"jose vargas","Reviewer_page":"https://www.google.com/maps/contrib/116720168234951198669/reviews?hl=en-US","Review_time":"8 months ago","Review":"","Likes":""},{"Name":"","Category":"","Rating":" 5 stars ","Number_of_Reviews":"","Address":"","Reviewer":"Angela","Reviewer_page":"https://www.google.com/maps/contrib/100580809176362691792/reviews?hl=en-US","Review_time":"11 months ago","Review":"","Likes":""},{"Name":"","Category":"","Rating":" 5 stars ","Number_of_Reviews":"","Address":"","Reviewer":"Sheila Rodriguez","Reviewer_page":"https://www.google.com/maps/contrib/112005669044720763849/reviews?hl=en-US","Review_time":"a year ago","Review":"","Likes":""},{"Name":"","Category":"","Rating":" 4 stars ","Number_of_Reviews":"","Address":"","Reviewer":"Danielle McQueen","Reviewer_page":"https://www.google.com/maps/contrib/112265410170183096766/reviews?hl=en-US","Review_time":"a year ago","Review":"","Likes":""},{"Name":"","Category":"","Rating":" 4 stars ","Number_of_Reviews":"","Address":"","Reviewer":"Keya's Timeless Beauty","Reviewer_page":"https://www.google.com/maps/contrib/102395748154076849766/reviews?hl=en-US","Review_time":"2 years ago","Review":"","Likes":""},{"Name":"","Category":"","Rating":" 4 stars ","Number_of_Reviews":"","Address":"","Reviewer":"Jon Pickel","Reviewer_page":"https://www.google.com/maps/contrib/103987425435135347148/reviews?hl=en-US","Review_time":"3 years ago","Review":"","Likes":""},{"Name":"","Category":"","Rating":" 4 stars ","Number_of_Reviews":"","Address":"","Reviewer":"Chr Kaplan","Reviewer_page":"https://www.google.com/maps/contrib/113784703166915922869/reviews?hl=en-US","Review_time":"3 years ago","Review":"","Likes":""},{"Name":"","Category":"","Rating":" 3 stars ","Number_of_Reviews":"","Address":"","Reviewer":"CARLOS ARRIAGA","Reviewer_page":"https://www.google.com/maps/contrib/114507216342747540791/reviews?hl=en-US","Review_time":"4 years ago","Review":"","Likes":""},{"Name":"","Category":"","Rating":" 3 stars ","Number_of_Reviews":"","Address":"","Reviewer":"Zlatko Lakisic","Reviewer_page":"https://www.google.com/maps/contrib/100433075182832180664/reviews?hl=en-US","Review_time":"3 years ago","Review":"","Likes":""},{"Name":"","Category":"","Rating":" 5 stars ","Number_of_Reviews":"","Address":"","Reviewer":"Jayson Paul","Reviewer_page":"https://www.google.com/maps/contrib/105628895961704876942/reviews?hl=en-US","Review_time":"3 years ago","Review":"","Likes":""},{"Name":"","Category":"","Rating":" 3 stars ","Number_of_Reviews":"","Address":"","Reviewer":"Mike Bowers","Reviewer_page":"https://www.google.com/maps/contrib/103171269667108211387/reviews?hl=en-US","Review_time":"3 years ago","Review":"","Likes":""},{"Name":"","Category":"","Rating":" 4 stars ","Number_of_Reviews":"","Address":"","Reviewer":"Joel Mentor","Reviewer_page":"https://www.google.com/maps/contrib/114649759054282343600/reviews?hl=en-US","Review_time":"4 years ago","Review":"","Likes":""},{"Name":"","Category":"","Rating":" 5 stars ","Number_of_Reviews":"","Address":"","Reviewer":"md safiq","Reviewer_page":"https://www.google.com/maps/contrib/107338245848976473567/reviews?hl=en-US","Review_time":"3 years ago","Review":"","Likes":""},{"Name":"","Category":"","Rating":" 5 stars ","Number_of_Reviews":"","Address":"","Reviewer":"Rich Simms","Reviewer_page":"https://www.google.com/maps/contrib/111202105728140753377/reviews?hl=en-US","Review_time":"4 years ago","Review":"","Likes":""},{"Name":"","Category":"","Rating":" 5 stars ","Number_of_Reviews":"","Address":"","Reviewer":"Joseph Mayer","Reviewer_page":"https://www.google.com/maps/contrib/100238104410579364312/reviews?hl=en-US","Review_time":"3 years ago","Review":"","Likes":""},{"Name":"","Category":"","Rating":" 5 stars ","Number_of_Reviews":"","Address":"","Reviewer":"Debbie Sanna","Reviewer_page":"https://www.google.com/maps/contrib/106833639348075502406/reviews?hl=en-US","Review_time":"4 years ago","Review":"","Likes":""},{"Name":"","Category":"","Rating":" 3 stars ","Number_of_Reviews":"","Address":"","Reviewer":"Myndi Wexler","Reviewer_page":"https://www.google.com/maps/contrib/111160974670088229761/reviews?hl=en-US","Review_time":"3 years ago","Review":"","Likes":""},{"Name":"","Category":"","Rating":" 4 stars ","Number_of_Reviews":"","Address":"","Reviewer":"Riley Currie","Reviewer_page":"https://www.google.com/maps/contrib/102784363318977990069/reviews?hl=en-US","Review_time":"4 years ago","Review":"","Likes":""},{"Name":"","Category":"","Rating":" 5 stars ","Number_of_Reviews":"","Address":"","Reviewer":"Afif Handal","Reviewer_page":"https://www.google.com/maps/contrib/111729459984610882604/reviews?hl=en-US","Review_time":"4 years ago","Review":"","Likes":""},{"Name":"","Category":"","Rating":" 5 stars ","Number_of_Reviews":"","Address":"","Reviewer":"Nancy Santana","Reviewer_page":"https://www.google.com/maps/contrib/103286193160121101321/reviews?hl=en-US","Review_time":"3 years ago","Review":"","Likes":""},{"Name":"","Category":"","Rating":" 4 stars ","Number_of_Reviews":"","Address":"","Reviewer":"Leah S","Reviewer_page":"https://www.google.com/maps/contrib/111696287282859849965/reviews?hl=en-US","Review_time":"4 years ago","Review":"","Likes":""},{"Name":"","Category":"","Rating":" 5 stars ","Number_of_Reviews":"","Address":"","Reviewer":"John Kemler","Reviewer_page":"https://www.google.com/maps/contrib/112737554211647661341/reviews?hl=en-US","Review_time":"3 years ago","Review":"","Likes":""},{"Name":"","Category":"","Rating":" 2 stars ","Number_of_Reviews":"","Address":"","Reviewer":"Buddha Ghlan","Reviewer_page":"https://www.google.com/maps/contrib/113989495373544937041/reviews?hl=en-US","Review_time":"a year ago","Review":"","Likes":""},{"Name":"","Category":"","Rating":" 4 stars ","Number_of_Reviews":"","Address":"","Reviewer":"Kieran C","Reviewer_page":"https://www.google.com/maps/contrib/113439086217055072609/reviews?hl=en-US","Review_time":"3 years ago","Review":"","Likes":""},{"Name":"","Category":"","Rating":" 5 stars ","Number_of_Reviews":"","Address":"","Reviewer":"Rupsha Rupsha","Reviewer_page":"https://www.google.com/maps/contrib/111847730941999876086/reviews?hl=en-US","Review_time":"2 years ago","Review":"","Likes":""},{"Name":"","Category":"","Rating":" 5 stars ","Number_of_Reviews":"","Address":"","Reviewer":"BB NZM","Reviewer_page":"https://www.google.com/maps/contrib/104630461476840476073/reviews?hl=en-US","Review_time":"4 years ago","Review":"","Likes":""},{"Name":"","Category":"","Rating":" 5 stars ","Number_of_Reviews":"","Address":"","Reviewer":"Bekim Asani","Reviewer_page":"https://www.google.com/maps/contrib/102345335406620365168/reviews?hl=en-US","Review_time":"8 months ago","Review":"","Likes":""},{"Name":"","Category":"","Rating":" 3 stars ","Number_of_Reviews":"","Address":"","Reviewer":"Jason Galazin","Reviewer_page":"https://www.google.com/maps/contrib/110549727214723261335/reviews?hl=en-US","Review_time":"3 years ago","Review":"","Likes":""},{"Name":"","Category":"","Rating":" 1 star ","Number_of_Reviews":"","Address":"","Reviewer":"Bruno Piras","Reviewer_page":"https://www.google.com/maps/contrib/115518048452013456149/reviews?hl=en-US","Review_time":"11 months ago","Review":"","Likes":""},{"Name":"","Category":"","Rating":" 5 stars ","Number_of_Reviews":"","Address":"","Reviewer":"Hannah","Reviewer_page":"https://www.google.com/maps/contrib/109244565389314355307/reviews?hl=en-US","Review_time":"3 years ago","Review":"","Likes":""},{"Name":"","Category":"","Rating":" 5 stars ","Number_of_Reviews":"","Address":"","Reviewer":"Doris C","Reviewer_page":"https://www.google.com/maps/contrib/112418437304647918514/reviews?hl=en-US","Review_time":"4 years ago","Review":"","Likes":""},{"Name":"","Category":"","Rating":" 5 stars ","Number_of_Reviews":"","Address":"","Reviewer":"Chinedu Ogueri","Reviewer_page":"https://www.google.com/maps/contrib/116676274876243803040/reviews?hl=en-US","Review_time":"2 years ago","Review":"","Likes":""},{"Name":"","Category":"","Rating":" 5 stars ","Number_of_Reviews":"","Address":"","Reviewer":"Sidhant Seth","Reviewer_page":"https://www.google.com/maps/contrib/108916898281592399308/reviews?hl=en-US","Review_time":"2 years ago","Review":"","Likes":""},{"Name":"","Category":"","Rating":" 5 stars ","Number_of_Reviews":"","Address":"","Reviewer":"Bea C.","Reviewer_page":"https://www.google.com/maps/contrib/114286097253029350887/reviews?hl=en-US","Review_time":"2 years ago","Review":"","Likes":""},{"Name":"","Category":"","Rating":" 1 star ","Number_of_Reviews":"","Address":"","Reviewer":"Iqueyno Hendricks","Reviewer_page":"https://www.google.com/maps/contrib/108548445400397275611/reviews?hl=en-US","Review_time":"2 years ago","Review":"","Likes":""},{"Name":"","Category":"","Rating":" 5 stars ","Number_of_Reviews":"","Address":"","Reviewer":"Christian Callegari","Reviewer_page":"https://www.google.com/maps/contrib/100683166168095079794/reviews?hl=en-US","Review_time":"3 years ago","Review":"","Likes":""},{"Name":"","Category":"","Rating":" 5 stars ","Number_of_Reviews":"","Address":"","Reviewer":"Karen Cifuentes (CrinqeQueen)","Reviewer_page":"https://www.google.com/maps/contrib/100434994037017046003/reviews?hl=en-US","Review_time":"4 years ago","Review":"","Likes":""},{"Name":"","Category":"","Rating":" 4 stars ","Number_of_Reviews":"","Address":"","Reviewer":"C K Gallage","Reviewer_page":"https://www.google.com/maps/contrib/109175323463934687347/reviews?hl=en-US","Review_time":"3 years ago","Review":"","Likes":""},{"Name":"","Category":"","Rating":" 5 stars ","Number_of_Reviews":"","Address":"","Reviewer":"G. Taylor Brooks","Reviewer_page":"https://www.google.com/maps/contrib/104626997205243490487/reviews?hl=en-US","Review_time":"3 years ago","Review":"","Likes":""},{"Name":"","Category":"","Rating":" 5 stars ","Number_of_Reviews":"","Address":"","Reviewer":"amanda mejia","Reviewer_page":"https://www.google.com/maps/contrib/117720591071314272216/reviews?hl=en-US","Review_time":"3 years ago","Review":"","Likes":""},{"Name":"","Category":"","Rating":" 5 stars ","Number_of_Reviews":"","Address":"","Reviewer":"carlos morales","Reviewer_page":"https://www.google.com/maps/contrib/106393040647604704549/reviews?hl=en-US","Review_time":"4 years ago","Review":"","Likes":""},{"Name":"","Category":"","Rating":" 2 stars ","Number_of_Reviews":"","Address":"","Reviewer":"Myrtho Chapusette","Reviewer_page":"https://www.google.com/maps/contrib/105579871473530002152/reviews?hl=en-US","Review_time":"3 years ago","Review":"","Likes":""},{"Name":"","Category":"","Rating":" 1 star ","Number_of_Reviews":"","Address":"","Reviewer":"Min Ji Kim","Reviewer_page":"https://www.google.com/maps/contrib/117234289205949527772/reviews?hl=en-US","Review_time":"4 years ago","Review":"","Likes":""},{"Name":"","Category":"","Rating":" 5 stars ","Number_of_Reviews":"","Address":"","Reviewer":"Toni Floyd","Reviewer_page":"https://www.google.com/maps/contrib/101988002189790456795/reviews?hl=en-US","Review_time":"2 years ago","Review":"","Likes":""},{"Name":"","Category":"","Rating":" 4 stars ","Number_of_Reviews":"","Address":"","Reviewer":"Kyle Herrman","Reviewer_page":"https://www.google.com/maps/contrib/106432121792262965688/reviews?hl=en-US","Review_time":"2 years ago","Review":"","Likes":""},{"Name":"","Category":"","Rating":" 4 stars ","Number_of_Reviews":"","Address":"","Reviewer":"N B","Reviewer_page":"https://www.google.com/maps/contrib/103994671683525111439/reviews?hl=en-US","Review_time":"4 years ago","Review":"","Likes":""},{"Name":"","Category":"","Rating":" 5 stars ","Number_of_Reviews":"","Address":"","Reviewer":"Debbie Dantes","Reviewer_page":"https://www.google.com/maps/contrib/117236296061819611172/reviews?hl=en-US","Review_time":"4 years ago","Review":"","Likes":""},{"Name":"","Category":"","Rating":" 5 stars ","Number_of_Reviews":"","Address":"","Reviewer":"Paul Allison","Reviewer_page":"https://www.google.com/maps/contrib/113993022447291199374/reviews?hl=en-US","Review_time":"3 years ago","Review":"","Likes":""},{"Name":"","Category":"","Rating":" 2 stars ","Number_of_Reviews":"","Address":"","Reviewer":"Donald Epps","Reviewer_page":"https://www.google.com/maps/contrib/110739991315294290869/reviews?hl=en-US","Review_time":"2 years ago","Review":"","Likes":""},{"Name":"","Category":"","Rating":" 2 stars ","Number_of_Reviews":"","Address":"","Reviewer":"Frankel Pierre","Reviewer_page":"https://www.google.com/maps/contrib/100174221893603692865/reviews?hl=en-US","Review_time":"4 years ago","Review":"","Likes":""},{"Name":"","Category":"","Rating":" 5 stars ","Number_of_Reviews":"","Address":"","Reviewer":"Patrick Cines","Reviewer_page":"https://www.google.com/maps/contrib/113572075101816580426/reviews?hl=en-US","Review_time":"4 years ago","Review":"","Likes":""},{"Name":"","Category":"","Rating":" 1 star ","Number_of_Reviews":"","Address":"","Reviewer":"Jason Hobbs","Reviewer_page":"https://www.google.com/maps/contrib/102692140057047591501/reviews?hl=en-US","Review_time":"4 years ago","Review":"","Likes":""},{"Name":"","Category":"","Rating":" 3 stars ","Number_of_Reviews":"","Address":"","Reviewer":"Joy K","Reviewer_page":"https://www.google.com/maps/contrib/106766510279118508051/reviews?hl=en-US","Review_time":"4 years ago","Review":"","Likes":""},{"Name":"","Category":"","Rating":" 4 stars ","Number_of_Reviews":"","Address":"","Reviewer":"Isaac Komin","Reviewer_page":"https://www.google.com/maps/contrib/118325338362288445454/reviews?hl=en-US","Review_time":"a year ago","Review":"","Likes":""},{"Name":"","Category":"","Rating":" 5 stars ","Number_of_Reviews":"","Address":"","Reviewer":"Betsy Martinez","Reviewer_page":"https://www.google.com/maps/contrib/103489087318325152365/reviews?hl=en-US","Review_time":"3 years ago","Review":"","Likes":""},{"Name":"","Category":"","Rating":" 4 stars ","Number_of_Reviews":"","Address":"","Reviewer":"Bangtai Chen","Reviewer_page":"https://www.google.com/maps/contrib/116902780458834949085/reviews?hl=en-US","Review_time":"4 years ago","Review":"","Likes":""},{"Name":"","Category":"","Rating":" 4 stars ","Number_of_Reviews":"","Address":"","Reviewer":"Lauren","Reviewer_page":"https://www.google.com/maps/contrib/112183622711247640682/reviews?hl=en-US","Review_time":"4 years ago","Review":"","Likes":""},{"Name":"","Category":"","Rating":" 5 stars ","Number_of_Reviews":"","Address":"","Reviewer":"Anthony Yang","Reviewer_page":"https://www.google.com/maps/contrib/110323681590727430757/reviews?hl=en-US","Review_time":"4 years ago","Review":"","Likes":""},{"Name":"","Category":"","Rating":" 5 stars ","Number_of_Reviews":"","Address":"","Reviewer":"Rhandy Martinez","Reviewer_page":"https://www.google.com/maps/contrib/103584237558217865711/reviews?hl=en-US","Review_time":"a week ago","Review":"","Likes":""},{"Name":"","Category":"","Rating":" 4 stars ","Number_of_Reviews":"","Address":"","Reviewer":"Simone Groß","Reviewer_page":"https://www.google.com/maps/contrib/111747554352289675559/reviews?hl=en-US","Review_time":"2 years ago","Review":"","Likes":""},{"Name":"","Category":"","Rating":" 5 stars ","Number_of_Reviews":"","Address":"","Reviewer":"Mohammad Aminy","Reviewer_page":"https://www.google.com/maps/contrib/102469958792541570484/reviews?hl=en-US","Review_time":"3 years ago","Review":"","Likes":""},{"Name":"","Category":"","Rating":" 1 star ","Number_of_Reviews":"","Address":"","Reviewer":"matthew thom","Reviewer_page":"https://www.google.com/maps/contrib/114847282602517759285/reviews?hl=en-US","Review_time":"9 months ago","Review":"","Likes":""},{"Name":"","Category":"","Rating":" 1 star ","Number_of_Reviews":"","Address":"","Reviewer":"Crystal S.","Reviewer_page":"https://www.google.com/maps/contrib/100426499624621656486/reviews?hl=en-US","Review_time":"a year ago","Review":"","Likes":""},{"Name":"","Category":"","Rating":" 4 stars ","Number_of_Reviews":"","Address":"","Reviewer":"Keyur Mehta","Reviewer_page":"https://www.google.com/maps/contrib/118290926650006622343/reviews?hl=en-US","Review_time":"4 years ago","Review":"","Likes":""},{"Name":"","Category":"","Rating":" 5 stars ","Number_of_Reviews":"","Address":"","Reviewer":"Minhaz Mahmud","Reviewer_page":"https://www.google.com/maps/contrib/100933509446995813131/reviews?hl=en-US","Review_time":"3 years ago","Review":"","Likes":""},{"Name":"","Category":"","Rating":" 5 stars ","Number_of_Reviews":"","Address":"","Reviewer":"Rapid Freelance (RFS)","Reviewer_page":"https://www.google.com/maps/contrib/100691168451526755906/reviews?hl=en-US","Review_time":"2 months ago","Review":"","Likes":""},{"Name":"","Category":"","Rating":" 1 star ","Number_of_Reviews":"","Address":"","Reviewer":"kristen f","Reviewer_page":"https://www.google.com/maps/contrib/104037151730686025601/reviews?hl=en-US","Review_time":"a year ago","Review":"","Likes":""},{"Name":"","Category":"","Rating":" 1 star ","Number_of_Reviews":"","Address":"","Reviewer":"Lee Vincent","Reviewer_page":"https://www.google.com/maps/contrib/107120663559465608239/reviews?hl=en-US","Review_time":"2 years ago","Review":"","Likes":""},{"Name":"","Category":"","Rating":" 5 stars ","Number_of_Reviews":"","Address":"","Reviewer":"rymel leonard","Reviewer_page":"https://www.google.com/maps/contrib/115884782070187792835/reviews?hl=en-US","Review_time":"2 years ago","Review":"","Likes":""},{"Name":"","Category":"","Rating":" 5 stars ","Number_of_Reviews":"","Address":"","Reviewer":"Carlyle Campbell (Cal)","Reviewer_page":"https://www.google.com/maps/contrib/102537744404739977298/reviews?hl=en-US","Review_time":"a year ago","Review":"","Likes":""},{"Name":"","Category":"","Rating":" 4 stars ","Number_of_Reviews":"","Address":"","Reviewer":"Ian McGarty","Reviewer_page":"https://www.google.com/maps/contrib/102402943577667363932/reviews?hl=en-US","Review_time":"4 years ago","Review":"","Likes":""},{"Name":"","Category":"","Rating":" 3 stars ","Number_of_Reviews":"","Address":"","Reviewer":"Tamas-Mark Furo","Reviewer_page":"https://www.google.com/maps/contrib/112933745012985835085/reviews?hl=en-US","Review_time":"3 years ago","Review":"","Likes":""},{"Name":"","Category":"","Rating":" 3 stars ","Number_of_Reviews":"","Address":"","Reviewer":"Emanuele Michetti","Reviewer_page":"https://www.google.com/maps/contrib/107854574013984025480/reviews?hl=en-US","Review_time":"3 years ago","Review":"","Likes":""},{"Name":"","Category":"","Rating":" 5 stars ","Number_of_Reviews":"","Address":"","Reviewer":"ADRIAN ESPINOZA","Reviewer_page":"https://www.google.com/maps/contrib/105376328206698634514/reviews?hl=en-US","Review_time":"2 years ago","Review":"","Likes":""},{"Name":"","Category":"","Rating":" 3 stars ","Number_of_Reviews":"","Address":"","Reviewer":"Jay R","Reviewer_page":"https://www.google.com/maps/contrib/108293189047297255385/reviews?hl=en-US","Review_time":"2 years ago","Review":"","Likes":""},{"Name":"","Category":"","Rating":" 4 stars ","Number_of_Reviews":"","Address":"","Reviewer":"José Luis Tió","Reviewer_page":"https://www.google.com/maps/contrib/108284190750224328873/reviews?hl=en-US","Review_time":"4 years ago","Review":"","Likes":""},{"Name":"","Category":"","Rating":" 5 stars ","Number_of_Reviews":"","Address":"","Reviewer":"Melynda DeLoatch","Reviewer_page":"https://www.google.com/maps/contrib/106103882285217270821/reviews?hl=en-US","Review_time":"a year ago","Review":"","Likes":""},{"Name":"","Category":"","Rating":" 4 stars ","Number_of_Reviews":"","Address":"","Reviewer":"Mauricio Sanchez beltran","Reviewer_page":"https://www.google.com/maps/contrib/100343873676578974838/reviews?hl=en-US","Review_time":"4 years ago","Review":"","Likes":""},{"Name":"","Category":"","Rating":" 4 stars ","Number_of_Reviews":"","Address":"","Reviewer":"Steve Ginther","Reviewer_page":"https://www.google.com/maps/contrib/105023165219170662300/reviews?hl=en-US","Review_time":"2 years ago","Review":"","Likes":""},{"Name":"","Category":"","Rating":" 1 star ","Number_of_Reviews":"","Address":"","Reviewer":"Vernice Burwell","Reviewer_page":"https://www.google.com/maps/contrib/113894698846488162749/reviews?hl=en-US","Review_time":"2 years ago","Review":"","Likes":""},{"Name":"","Category":"","Rating":" 5 stars ","Number_of_Reviews":"","Address":"","Reviewer":"Chelsea Lopez","Reviewer_page":"https://www.google.com/maps/contrib/107263363138983444883/reviews?hl=en-US","Review_time":"a year ago","Review":"","Likes":""},{"Name":"","Category":"","Rating":" 4 stars ","Number_of_Reviews":"","Address":"","Reviewer":"Carlos Zaragoza","Reviewer_page":"https://www.google.com/maps/contrib/115163780409999208161/reviews?hl=en-US","Review_time":"4 years ago","Review":"","Likes":""},{"Name":"","Category":"","Rating":" 5 stars ","Number_of_Reviews":"","Address":"","Reviewer":"Hartmut Schaefer","Reviewer_page":"https://www.google.com/maps/contrib/107680355206937842870/reviews?hl=en-US","Review_time":"2 years ago","Review":"","Likes":""},{"Name":"","Category":"","Rating":" 3 stars ","Number_of_Reviews":"","Address":"","Reviewer":"ken kin","Reviewer_page":"https://www.google.com/maps/contrib/102854312139464356449/reviews?hl=en-US","Review_time":"2 years ago","Review":"","Likes":""},{"Name":"","Category":"","Rating":" 5 stars ","Number_of_Reviews":"","Address":"","Reviewer":"Taha Zinifi","Reviewer_page":"https://www.google.com/maps/contrib/117759312007927999909/reviews?hl=en-US","Review_time":"4 years ago","Review":"","Likes":""},{"Name":"","Category":"","Rating":" 4 stars ","Number_of_Reviews":"","Address":"","Reviewer":"Vincent8636","Reviewer_page":"https://www.google.com/maps/contrib/112344041118609800448/reviews?hl=en-US","Review_time":"2 years ago","Review":"","Likes":""},{"Name":"","Category":"","Rating":" 5 stars ","Number_of_Reviews":"","Address":"","Reviewer":"Kenneth Mcdevitt","Reviewer_page":"https://www.google.com/maps/contrib/110709882749872768637/reviews?hl=en-US","Review_time":"6 months ago","Review":"","Likes":""},{"Name":"","Category":"","Rating":" 4 stars ","Number_of_Reviews":"","Address":"","Reviewer":"Row Lynn","Reviewer_page":"https://www.google.com/maps/contrib/102286779038303470762/reviews?hl=en-US","Review_time":"a year ago","Review":"","Likes":""},{"Name":"","Category":"","Rating":" 4 stars ","Number_of_Reviews":"","Address":"","Reviewer":"David Sluijs","Reviewer_page":"https://www.google.com/maps/contrib/100830572047186699895/reviews?hl=en-US","Review_time":"4 years ago","Review":"","Likes":""},{"Name":"","Category":"","Rating":" 5 stars ","Number_of_Reviews":"","Address":"","Reviewer":"Vlad Ch","Reviewer_page":"https://www.google.com/maps/contrib/112261098312661618183/reviews?hl=en-US","Review_time":"3 years ago","Review":"","Likes":""},{"Name":"","Category":"","Rating":" 4 stars ","Number_of_Reviews":"","Address":"","Reviewer":"John Agozzino","Reviewer_page":"https://www.google.com/maps/contrib/110258805028233546113/reviews?hl=en-US","Review_time":"a year ago","Review":"","Likes":""},{"Name":"","Category":"","Rating":" 5 stars ","Number_of_Reviews":"","Address":"","Reviewer":"Jasmine Batista","Reviewer_page":"https://www.google.com/maps/contrib/100220803857612684900/reviews?hl=en-US","Review_time":"a year ago","Review":"","Likes":""},{"Name":"","Category":"","Rating":" 4 stars ","Number_of_Reviews":"","Address":"","Reviewer":"Tanya Evs","Reviewer_page":"https://www.google.com/maps/contrib/107966307320878754446/reviews?hl=en-US","Review_time":"3 years ago","Review":"","Likes":""},{"Name":"","Category":"","Rating":" 5 stars ","Number_of_Reviews":"","Address":"","Reviewer":"Allison Robinson","Reviewer_page":"https://www.google.com/maps/contrib/108838634985771267557/reviews?hl=en-US","Review_time":"3 years ago","Review":"","Likes":""},{"Name":"","Category":"","Rating":" 4 stars ","Number_of_Reviews":"","Address":"","Reviewer":"Ricardo Sanchez","Reviewer_page":"https://www.google.com/maps/contrib/109991008003201731226/reviews?hl=en-US","Review_time":"a year ago","Review":"","Likes":""},{"Name":"","Category":"","Rating":" 5 stars ","Number_of_Reviews":"","Address":"","Reviewer":"Ms Mack","Reviewer_page":"https://www.google.com/maps/contrib/108383686966179673402/reviews?hl=en-US","Review_time":"4 years ago","Review":"","Likes":""},{"Name":"","Category":"","Rating":" 4 stars ","Number_of_Reviews":"","Address":"","Reviewer":"Angelica Jazmin","Reviewer_page":"https://www.google.com/maps/contrib/107373363919214502888/reviews?hl=en-US","Review_time":"a year ago","Review":"","Likes":""},{"Name":"","Category":"","Rating":" 3 stars ","Number_of_Reviews":"","Address":"","Reviewer":"Jasper Hennessey","Reviewer_page":"https://www.google.com/maps/contrib/110103720837925829540/reviews?hl=en-US","Review_time":"2 years ago","Review":"","Likes":""},{"Name":"","Category":"","Rating":" 5 stars ","Number_of_Reviews":"","Address":"","Reviewer":"kingofdagods hunter","Reviewer_page":"https://www.google.com/maps/contrib/107196911744668625667/reviews?hl=en-US","Review_time":"a year ago","Review":"","Likes":""},{"Name":"","Category":"","Rating":" 3 stars ","Number_of_Reviews":"","Address":"","Reviewer":"Eric Henning","Reviewer_page":"https://www.google.com/maps/contrib/113201671704845707057/reviews?hl=en-US","Review_time":"4 years ago","Review":"","Likes":""},{"Name":"","Category":"","Rating":" 5 stars ","Number_of_Reviews":"","Address":"","Reviewer":"Joselyn Cadiz","Reviewer_page":"https://www.google.com/maps/contrib/112312652093252152549/reviews?hl=en-US","Review_time":"5 years ago","Review":"","Likes":""},{"Name":"","Category":"","Rating":" 4 stars ","Number_of_Reviews":"","Address":"","Reviewer":"Hezi Bosmi","Reviewer_page":"https://www.google.com/maps/contrib/107891733717756963756/reviews?hl=en-US","Review_time":"3 years ago","Review":"","Likes":""},{"Name":"","Category":"","Rating":" 5 stars ","Number_of_Reviews":"","Address":"","Reviewer":"Guillaume Belz","Reviewer_page":"https://www.google.com/maps/contrib/103405009836652683671/reviews?hl=en-US","Review_time":"3 years ago","Review":"","Likes":""},{"Name":"","Category":"","Rating":" 3 stars ","Number_of_Reviews":"","Address":"","Reviewer":"Gizelle Money","Reviewer_page":"https://www.google.com/maps/contrib/110556392860093894510/reviews?hl=en-US","Review_time":"a year ago","Review":"","Likes":""},{"Name":"","Category":"","Rating":" 4 stars ","Number_of_Reviews":"","Address":"","Reviewer":"Aileen C.","Reviewer_page":"https://www.google.com/maps/contrib/100965339929026111849/reviews?hl=en-US","Review_time":"3 years ago","Review":"","Likes":""},{"Name":"","Category":"","Rating":" 5 stars ","Number_of_Reviews":"","Address":"","Reviewer":"Douglas Jaimes","Reviewer_page":"https://www.google.com/maps/contrib/113401398417858140019/reviews?hl=en-US","Review_time":"4 years ago","Review":"","Likes":""},{"Name":"","Category":"","Rating":" 5 stars ","Number_of_Reviews":"","Address":"","Reviewer":"Wendy L.","Reviewer_page":"https://www.google.com/maps/contrib/104708711422604450480/reviews?hl=en-US","Review_time":"4 years ago","Review":"","Likes":""},{"Name":"","Category":"","Rating":" 5 stars ","Number_of_Reviews":"","Address":"","Reviewer":"Denzel Jackson","Reviewer_page":"https://www.google.com/maps/contrib/103122393474312322644/reviews?hl=en-US","Review_time":"3 years ago","Review":"","Likes":""},{"Name":"","Category":"","Rating":" 5 stars ","Number_of_Reviews":"","Address":"","Reviewer":"Ami Grady","Reviewer_page":"https://www.google.com/maps/contrib/116418640457301657779/reviews?hl=en-US","Review_time":"3 years ago","Review":"","Likes":""},{"Name":"","Category":"","Rating":" 4 stars ","Number_of_Reviews":"","Address":"","Reviewer":"Abderrahim Fawzi","Reviewer_page":"https://www.google.com/maps/contrib/113708949703697574043/reviews?hl=en-US","Review_time":"3 years ago","Review":"","Likes":""},{"Name":"","Category":"","Rating":" 4 stars ","Number_of_Reviews":"","Address":"","Reviewer":"silvio garola","Reviewer_page":"https://www.google.com/maps/contrib/105159123710156361970/reviews?hl=en-US","Review_time":"2 years ago","Review":"","Likes":""},{"Name":"","Category":"","Rating":" 3 stars ","Number_of_Reviews":"","Address":"","Reviewer":"mif 984651835","Reviewer_page":"https://www.google.com/maps/contrib/113338689764476846840/reviews?hl=en-US","Review_time":"4 years ago","Review":"","Likes":""},{"Name":"","Category":"","Rating":" 5 stars ","Number_of_Reviews":"","Address":"","Reviewer":"Payton Gray","Reviewer_page":"https://www.google.com/maps/contrib/113235343777124051298/reviews?hl=en-US","Review_time":"3 years ago","Review":"","Likes":""},{"Name":"","Category":"","Rating":" 1 star ","Number_of_Reviews":"","Address":"","Reviewer":"Caitlin Elizabeth","Reviewer_page":"https://www.google.com/maps/contrib/111885238995233319796/reviews?hl=en-US","Review_time":"3 years ago","Review":"","Likes":""},{"Name":"","Category":"","Rating":" 3 stars ","Number_of_Reviews":"","Address":"","Reviewer":"Shawn Sterrett","Reviewer_page":"https://www.google.com/maps/contrib/116894920578891142936/reviews?hl=en-US","Review_time":"3 years ago","Review":"","Likes":""},{"Name":"","Category":"","Rating":" 5 stars ","Number_of_Reviews":"","Address":"","Reviewer":"Tareq Tawil","Reviewer_page":"https://www.google.com/maps/contrib/114345781750949352355/reviews?hl=en-US","Review_time":"4 years ago","Review":"","Likes":""},{"Name":"","Category":"","Rating":" 5 stars ","Number_of_Reviews":"","Address":"","Reviewer":"Keir de Silva","Reviewer_page":"https://www.google.com/maps/contrib/110613335650195983113/reviews?hl=en-US","Review_time":"3 years ago","Review":"","Likes":""},{"Name":"","Category":"","Rating":" 5 stars ","Number_of_Reviews":"","Address":"","Reviewer":"Lilah Mejia","Reviewer_page":"https://www.google.com/maps/contrib/106560309851418410868/reviews?hl=en-US","Review_time":"3 years ago","Review":"","Likes":""},{"Name":"","Category":"","Rating":" 5 stars ","Number_of_Reviews":"","Address":"","Reviewer":"Evette Ramos","Reviewer_page":"https://www.google.com/maps/contrib/117259882411315209490/reviews?hl=en-US","Review_time":"a year ago","Review":"","Likes":""},{"Name":"","Category":"","Rating":" 5 stars ","Number_of_Reviews":"","Address":"","Reviewer":"Alessandro Petrini","Reviewer_page":"https://www.google.com/maps/contrib/100890388920468425453/reviews?hl=en-US","Review_time":"3 years ago","Review":"","Likes":""},{"Name":"","Category":"","Rating":" 5 stars ","Number_of_Reviews":"","Address":"","Reviewer":"Andrii Bondar","Reviewer_page":"https://www.google.com/maps/contrib/109790687351803535910/reviews?hl=en-US","Review_time":"2 years ago","Review":"","Likes":""}