[{"Name":"","Category":"","Rating":" 5 stars ","Number_of_Reviews":"","Address":"","Reviewer":"Awilda Cepeda","Reviewer_page":"https://www.google.com/maps/contrib/115694036717775036843/reviews?hl=en-US","Review_time":"6 months ago","Review":"This is my go to Starbucks, excellent environment and really amazing and helpful people, one of this picts also shows my favorite Barista ever, I could wear a Mask or not and he would exactly remember me lol, love Mac, very enthusiastic employee, very welcoming and lovely, one of the best personalities ever, never seeing him just standing or lacking, always on the move and making sure everything is Okay and everyone is Happy or satisfied!!","Likes":""},{"Name":"","Category":"","Rating":" 1 star ","Number_of_Reviews":"","Address":"","Reviewer":"Toni Collier","Reviewer_page":"https://www.google.com/maps/contrib/105653931222542389444/reviews?hl=en-US","Review_time":"a month ago","Review":"I haven’t experienced a drink being made wrong yet but the huge issue is the music. I never sit inside because it’s always crowded but even if it was empty I would avoid sitting in there. The music is overwhelming and overstimulating, it being rap music isn’t the problem, the problem is that it’s explicit. I hope someday the owner or a new manger with some sense will force them to use clean versions and lower it to a ambiance noise level. Very shocked to see how disrespectful they are in other reviews","Likes":"3"},{"Name":"","Category":"","Rating":" 3 stars ","Number_of_Reviews":"","Address":"","Reviewer":"alme","Reviewer_page":"https://www.google.com/maps/contrib/114392780406597461728/reviews?hl=en-US","Review_time":"a month ago","Review":"its a good starbucks but the music is always so incredibly loud!\ni have no idea how the baristas can handle that noise all day.\nit's probably to keep people from spending too much time there, but the workers must go home with splitting headaches every day.","Likes":""},{"Name":"","Category":"","Rating":" 1 star ","Number_of_Reviews":"","Address":"","Reviewer":"Janny Avila","Reviewer_page":"https://www.google.com/maps/contrib/105490128172631831138/reviews?hl=en-US","Review_time":"2 months ago","Review":"I can't believe I have been deceived since I start buying coffee here. I am a student from Baruch. I am vegan and this is serious to me. I always order latte coffee with OATMILK. Today I ordered it, and I went there to see how they make it. I found out that they don't use the oatmilk to make it. I feel too bad about it. This is the only Starbucks I buy the \"latte coffee\". I usually buy just black coffee for myself.","Likes":""},{"Name":"","Category":"","Rating":" 1 star ","Number_of_Reviews":"","Address":"","Reviewer":"Dani","Reviewer_page":"https://www.google.com/maps/contrib/109094400245498855985/reviews?hl=en-US","Review_time":"a month ago","Review":"This is my third and last time ordering at this location because they always mess up my orders. I ask for specific things on my drinks and they could never do it right. I’m not sure if they just don’t like me or they don’t feel like doing the drinks, I’m a very understanding person but it’s the third time they do this to me. I be paying more and I don’t even get what I asked for.","Likes":""},{"Name":"","Category":"","Rating":" 1 star ","Number_of_Reviews":"","Address":"","Reviewer":"BARBARA Gorman","Reviewer_page":"https://www.google.com/maps/contrib/111830080256749006559/reviews?hl=en-US","Review_time":"3 months ago","Review":"Worst location!! Cant be a worse store.\nI agree w many of the reviews.\n1. Workers are rude\n2. BLAST music soooo loud it is unbearable!!! When i politley asked them to please please make it lower they refuse. They say the music is for them. They often sing loudly. They claim no one else complains yet many of these reviews discuss this.\nStay away!\nThe workers are spiteful","Likes":"3"},{"Name":"","Category":"","Rating":" 2 stars ","Number_of_Reviews":"","Address":"","Reviewer":"Željka Živković","Reviewer_page":"https://www.google.com/maps/contrib/115234753936160792026/reviews?hl=en-US","Review_time":"3 weeks ago","Review":"Slowest Starbucks I’ve ever been to.\nOne worker is singing, other one is walking around. Waited 15min for 1 simple drink.","Likes":"1"},{"Name":"","Category":"","Rating":" 1 star ","Number_of_Reviews":"","Address":"","Reviewer":"Gulnur Dogotari","Reviewer_page":"https://www.google.com/maps/contrib/113215854700145830481/reviews?hl=en-US","Review_time":"a month ago","Review":"Horrible Starbucks spot. It takes a while to get your order even when not busy on Saturdays and a high chance the staff will mess up your order. They messed up my order today AGAIN!","Likes":"1"},{"Name":"","Category":"","Rating":" 5 stars ","Number_of_Reviews":"","Address":"","Reviewer":"Melissa Friedman","Reviewer_page":"https://www.google.com/maps/contrib/100987926090697797608/reviews?hl=en-US","Review_time":"6 months ago","Review":"This store is always on point. Started going here because 23rd/park avenue Starbucks was always either not having half of the items or not paying attention to orders, half the time not making the food for mobile orders. This Starbucks never messed up and I’d never out of anything.","Likes":""},{"Name":"","Category":"","Rating":" 3 stars ","Number_of_Reviews":"","Address":"","Reviewer":"Domoslive VanDross","Reviewer_page":"https://www.google.com/maps/contrib/115218364448086951254/reviews?hl=en-US","Review_time":"6 months ago","Review":"Monday, May 2, 2022, 5:55am. One of the employees in this location made it her purpose to make me feel uncomfortable in the dining area. I like to sit in the back of the establishment to eat my breakfast, unfortunately it is close to where they stock the extra trays. When the employee noticed I was there, she sucked her teeth at me. I moved over a bit so she would have the space she needed, without her being excused. Yet every time she came by, she would bump my chairs or slam the trays harder than need be.\n\nThis particular day, the store opened late because of register issues. So I was already behind schedule a bit. This was a horrible experience.","Likes":"1"},{"Name":"","Category":"","Rating":" 5 stars ","Number_of_Reviews":"","Address":"","Reviewer":"DesiGamer2005","Reviewer_page":"https://www.google.com/maps/contrib/102839511343460839965/reviews?hl=en-US","Review_time":"7 months ago","Review":"Dopest Starbucks I ever been to! You don’t see Starbucks like this everyday! Cool, chill people, urban vibe and great service. If you ain’t about that urban NYC old school vibe, this Starbucks might not be for you. Easily a favorite of mine.","Likes":""},{"Name":"","Category":"","Rating":" 5 stars ","Number_of_Reviews":"","Address":"","Reviewer":"True Global News","Reviewer_page":"https://www.google.com/maps/contrib/105289781527956325230/reviews?hl=en-US","Review_time":"6 months ago","Review":"Associate Jayrie J from this place is the person that makes this place shine. I was there today at around 8pm. The Caramel Frapuccino that she made for me was excellent. I was there and saw everything - it was made with passion, love and next level customer service. She’s needs to be promoted without a doubt as a see her potential.","Likes":""},{"Name":"","Category":"","Rating":" 1 star ","Number_of_Reviews":"","Address":"","Reviewer":"lol lolz","Reviewer_page":"https://www.google.com/maps/contrib/107815327381181486009/reviews?hl=en-US","Review_time":"a week ago","Review":"Staff is super rude to customers. I wish I could give zero stars.","Likes":""},{"Name":"","Category":"","Rating":" 5 stars ","Number_of_Reviews":"","Address":"","Reviewer":"Abhi chandi","Reviewer_page":"https://www.google.com/maps/contrib/117477965928144038250/reviews?hl=en-US","Review_time":"a year ago","Review":"I went on Sunday morning This Starbucks location morning staff are very energetic dedicated and very friendly staffand the two male staff were very excellent person, I forgot to ask his name but they deserve excellence from their work.\n\nthey made my strawberry funnel cake Frappuccino so good so nice it was tasting very nice. 😊😊👍🏼\n\nPerfect and good. They had great and good customer service with positive attitude.. thank u guys 😊😊👍🏼 keep it up. Two thumbs up.. 👍🏼👍🏼\n\nPictures below. 👇🏼👇🏼👇🏼","Likes":""},{"Name":"","Category":"","Rating":" 5 stars ","Number_of_Reviews":"","Address":"","Reviewer":"Hannah Gilbertson","Reviewer_page":"https://www.google.com/maps/contrib/115482512501940448367/reviews?hl=en-US","Review_time":"7 months ago","Review":"Best Starbucks employees ever. Everyone is friendly, remembers my name, and they're always playing the best music!!!","Likes":""},{"Name":"","Category":"","Rating":" 5 stars ","Number_of_Reviews":"","Address":"","Reviewer":"Indy Jordan","Reviewer_page":"https://www.google.com/maps/contrib/103553890994403558970/reviews?hl=en-US","Review_time":"3 years ago","Review":"When Jen, Katrina, Rell, Mel makes your favorite Starbucks and know exactly every ounce what you like in it, that's simply called\nMORNING PERFECTION at 50 Lexington!!","Likes":""},{"Name":"","Category":"","Rating":" 1 star ","Number_of_Reviews":"","Address":"","Reviewer":"M Reis Ferreira","Reviewer_page":"https://www.google.com/maps/contrib/117762598976849952432/reviews?hl=en-US","Review_time":"a year ago","Review":"Giving Starbucks a very bad look. Employees need training\n\nEmployees play offensive music with racial slurs at volume so loud it goes through your headphones.\n\nStarbucks is a place to go enjoy coffee or a snack while you read a newspaper, catch up on some work, or just generally relax.\n\nI don’t know what makes these employees think its okay to play music with the N word in a place where children may come inside and where people go to enjoy a quiet place for activities.\n\nPolitely asked them to turn down the volume. They ignored me.","Likes":"8"},{"Name":"","Category":"","Rating":" 5 stars ","Number_of_Reviews":"","Address":"","Reviewer":"Tiera Mason","Reviewer_page":"https://www.google.com/maps/contrib/117348603770993873370/reviews?hl=en-US","Review_time":"a year ago","Review":"I love the staff at this starbucks. I pass 6 different other Starbucks  just to go to this specific Starbucks on Lexington every morning.Staff makes you feel welcomed as soon as they spot you. Store is very well organized and clean. Just an overall Greatttt vibe.","Likes":""},{"Name":"","Category":"","Rating":" 1 star ","Number_of_Reviews":"","Address":"","Reviewer":"Fashion by Dahiana","Reviewer_page":"https://www.google.com/maps/contrib/114150339831692780931/reviews?hl=en-US","Review_time":"9 months ago","Review":"Worst service ever !!! I order a brownsugar oak Shaken Expresso no ice & I received no brown sugar i told the lady and she gave it on the side instead of fixing the coffee. Out of respect I took the coffee & dumped in the garbage outside ....They should learn more of Astoria Queens costumer service which they are excellent 👌","Likes":"4"},{"Name":"","Category":"","Rating":" 5 stars ","Number_of_Reviews":"","Address":"","Reviewer":"Eleanor Morison","Reviewer_page":"https://www.google.com/maps/contrib/102404578861631573627/reviews?hl=en-US","Review_time":"a year ago","Review":"Hands down the best starbucks I have ever been into!  Great coffees and friendly service, actually feels like you are part of the neighborhood not just a number.  Wondetful owner and staff, highly recommend!!","Likes":""},{"Name":"","Category":"","Rating":" 4 stars ","Number_of_Reviews":"","Address":"","Reviewer":"Jobanpreet Singh","Reviewer_page":"https://www.google.com/maps/contrib/116705183523369661639/reviews?hl=en-US","Review_time":"3 years ago","Review":"I normally visit this location of Starbucks to get my daily dose of Coffee. It's a comfortable place with nice music. Be prepared to wait a while to order your drink. I would recommend using the mobile app to order your drink. It's faster and more convenient. The staff is amazing.","Likes":"1"},{"Name":"","Category":"","Rating":" 5 stars ","Number_of_Reviews":"","Address":"","Reviewer":"Javier Nuñez","Reviewer_page":"https://www.google.com/maps/contrib/100332598702895789419/reviews?hl=en-US","Review_time":"2 years ago","Review":"The staff are great they really treat every person that comes in there more than once like family almost like walking into cheers everyone will know your name and they even remember your specific orders. The place is clean and well managed, it's because of that location and the staff there that I've come to love Starbucks and they're open during the pandemic","Likes":""},{"Name":"","Category":"","Rating":" 3 stars ","Number_of_Reviews":"","Address":"","Reviewer":"Jasmine Estevez","Reviewer_page":"https://www.google.com/maps/contrib/109337903360203425725/reviews?hl=en-US","Review_time":"4 years ago","Review":"Every time I order a drink here I forget how bad the drinks taste as opposed to buying it from all the other Starbucks I’ve ever been too. I do not know why but drinks here never taste as good so I always prefer to go two blocks down to the next one. I always hope that it was just that one time my drink was a little watered down or milked down but unfortunately I always have the same experience here and always regret purchasing from this particular Starbucks.","Likes":"2"},{"Name":"","Category":"","Rating":" 1 star ","Number_of_Reviews":"","Address":"","Reviewer":"Aleyni Aguilar","Reviewer_page":"https://www.google.com/maps/contrib/100830939717967814344/reviews?hl=en-US","Review_time":"2 years ago","Review":"Worst Starbucks ever. The workers there are so incompetent, one batista messed up 3 people's orders TWICE! In just a matter of minutes. He messed up mine three times.. He was also the one that stepped out to drink his beverage and once he was done with his break he through his unfinished beverage on the floor near the door! Unbelievable. Who's in charge of this location?","Likes":"2"},{"Name":"","Category":"","Rating":" 2 stars ","Number_of_Reviews":"","Address":"","Reviewer":"Krystyna Morozova","Reviewer_page":"https://www.google.com/maps/contrib/105706918027861765398/reviews?hl=en-US","Review_time":"3 years ago","Review":"Baristas here are always lost and not paying attention whether it's rush hour or not. They (or one particular guy to be specific) take your order like you owe them something. They are happy to fix your drink if anything, but service is just not there to begin with.","Likes":"4"},{"Name":"","Category":"","Rating":" 5 stars ","Number_of_Reviews":"","Address":"","Reviewer":"Francis S","Reviewer_page":"https://www.google.com/maps/contrib/102076226617465185330/reviews?hl=en-US","Review_time":"a year ago","Review":"Unbelievable service. Even though my office moved downtown two years ago, the morning crew still remembers my name and provides a warm welcome whenever I pop in. You have to give them credit where it is due, especially during the pandemic. Be well!","Likes":""},{"Name":"","Category":"","Rating":" 3 stars ","Number_of_Reviews":"","Address":"","Reviewer":"Anna Stein","Reviewer_page":"https://www.google.com/maps/contrib/114029337991934285395/reviews?hl=en-US","Review_time":"4 years ago","Review":"It gets very busy before evening classes so choose another Starbucks in the area if you don't want to wait for a long time.\nThey run out of coffee when I came in and they made my order not to my specifications. It was simple: large coffee with whipped cream. Wrong coffee and no whipped cream.","Likes":"1"},{"Name":"","Category":"","Rating":" 1 star ","Number_of_Reviews":"","Address":"","Reviewer":"Marc M","Reviewer_page":"https://www.google.com/maps/contrib/116309476127607604699/reviews?hl=en-US","Review_time":"5 years ago","Review":"Had an extremely unprofessional and rude experience with who I was later told was the manager regarding her attitude about the restrooms. Myself and other customers were waiting to use the restroom facilities for over 10 minutes. We knocked on the door three separate times and asked the person inside, later to find it was the manager taking her time cleaning and playing music like there was no rush, to please hurry and that multiple people had to use the only facility in the restaurant.\n\nThe manager, told us \"There's a McDonald's on every corner go find another place\".\n\nWhen later opened the door, she proceeded to make a scene raising her voice at us saying we were being rude and that if we want to use the bathroom we had to buy something, while both myself and the other customers had already bought food and drinks from them.\n\nThe manager of the restaurant assumed that multiple people (who had all waited for over ten minutes to use the only restroom) were all freeloaders and then made a scene in front of other customers.\n\nIf you desire to be labeled a freeloader after you had just spent your hard earned money in their place of business, then this is the place for you. If you want to be treated with respect as a paying customer, there's a thousand other Starbucks in Manhattan, go somewhere else where they'll respect you for giving them your business.\n\nCan't live without your local and convenient cup of Starbucks? Your self worth is worth more than anything from this store.","Likes":"5"},{"Name":"","Category":"","Rating":" 1 star ","Number_of_Reviews":"","Address":"","Reviewer":"raghav manchanda","Reviewer_page":"https://www.google.com/maps/contrib/102267350308957200596/reviews?hl=en-US","Review_time":"5 years ago","Review":"The worst starbucks i have ever been to in my life.\nI buy coffee from starbucks 365 days in a year and i have never encountered such a rude starbucks employees.\nPlease, Thankyou and Sorry are some words you will NEVER hear from the employees.\nThe manager is super rude,  they act like they are doing the customers a favour by making them a drink. Horrible staff. I am never coming back to that starbucks again.","Likes":"3"},{"Name":"","Category":"","Rating":" 5 stars ","Number_of_Reviews":"","Address":"","Reviewer":"C P","Reviewer_page":"https://www.google.com/maps/contrib/114611346150885311110/reviews?hl=en-US","Review_time":"a year ago","Review":"Jen Jen is the best among a great morning team. All of them have a smile under their mask. Mobile orders ready when you arrive. 🤩","Likes":""},{"Name":"","Category":"","Rating":" 1 star ","Number_of_Reviews":"","Address":"","Reviewer":"Man Lama","Reviewer_page":"https://www.google.com/maps/contrib/108771855980017574516/reviews?hl=en-US","Review_time":"4 years ago","Review":"Employees here working on Dec 26, 2017 around 9:55 should be fired from their job. I asked for iced coffee, paid more than $2.89 to get good quality coffee as usual. He asked me if I wanted me if wanted ice? And laughed at me. Coffee was terrible. I hated so much.","Likes":""},{"Name":"","Category":"","Rating":" 5 stars ","Number_of_Reviews":"","Address":"","Reviewer":"michelle hidalgo","Reviewer_page":"https://www.google.com/maps/contrib/111272327562909648478/reviews?hl=en-US","Review_time":"4 years ago","Review":"I love this place! Speedy service and great staff. They’re always interested in how I’m doing and where I’ve been at when I haven’t gone in a couple days. Cleanest public restroom I’ve been too, but that’s thanks to that “customers only” sign. Anytime they’re out of something I wanted to order they are able to recommend something even better!","Likes":""},{"Name":"","Category":"","Rating":" 5 stars ","Number_of_Reviews":"","Address":"","Reviewer":"Joseph Brian Stanley","Reviewer_page":"https://www.google.com/maps/contrib/102204527858123057102/reviews?hl=en-US","Review_time":"4 years ago","Review":"There was only one person working on a busy Saturday. She was super friendly considering the circumstances. There restrooms are not easily accessible if you are in a wheelchair.(doable but the restrooms are in the back of the store past many tables)","Likes":""},{"Name":"","Category":"","Rating":" 5 stars ","Number_of_Reviews":"","Address":"","Reviewer":"Cindy Lai","Reviewer_page":"https://www.google.com/maps/contrib/112249438466083953326/reviews?hl=en-US","Review_time":"2 years ago","Review":"Friendly staff. Clean and cozy.","Likes":""},{"Name":"","Category":"","Rating":" 1 star ","Number_of_Reviews":"","Address":"","Reviewer":"Veton Hoxha","Reviewer_page":"https://www.google.com/maps/contrib/107500660270424858864/reviews?hl=en-US","Review_time":"5 years ago","Review":"Extremely disappointed, for over 10 years I have been able to refill my Tall Pike at every location, apparently  in this location not possible. I bought a coffee half hour earlier and she said once you walk out no refills. Since when?! Never at this starbucks again.","Likes":""},{"Name":"","Category":"","Rating":" 1 star ","Number_of_Reviews":"","Address":"","Reviewer":"yuxuan weng","Reviewer_page":"https://www.google.com/maps/contrib/103744515369196150024/reviews?hl=en-US","Review_time":"9 months ago","Review":"Worst Starbucks service ever. Staffs clearly need training about how to respect customers","Likes":"2"},{"Name":"","Category":"","Rating":" 1 star ","Number_of_Reviews":"","Address":"","Reviewer":"Sander Raaymakers","Reviewer_page":"https://www.google.com/maps/contrib/103401745309684129869/reviews?hl=en-US","Review_time":"5 years ago","Review":"Music too loud to have a conversation. They don't turn it down even when asked. Staff too busy playing clubnight DJ (at 10am). Coffee tasted good.","Likes":"3"},{"Name":"","Category":"","Rating":" 5 stars ","Number_of_Reviews":"","Address":"","Reviewer":"Matteo Tria","Reviewer_page":"https://www.google.com/maps/contrib/110952733669896102984/reviews?hl=en-US","Review_time":"2 years ago","Review":"There's a lot of breakfast food and sandwitchies, there's a big variety of hot and cold drinks. The chocolate cookie is my favourite, I take it every time I go there. Very good","Likes":"1"},{"Name":"","Category":"","Rating":" 1 star ","Number_of_Reviews":"","Address":"","Reviewer":"Jennifer kim","Reviewer_page":"https://www.google.com/maps/contrib/115610383500737532402/reviews?hl=en-US","Review_time":"3 years ago","Review":"Terrible experience first time at this locat Starbucks\nI ordered cafe latte but taste nothing because they put old coffee n just add to milk...\nI complain them But They Don't are. I spent $9","Likes":"1"},{"Name":"","Category":"","Rating":" 1 star ","Number_of_Reviews":"","Address":"","Reviewer":"Ada Yarungsee","Reviewer_page":"https://www.google.com/maps/contrib/100898297919172974554/reviews?hl=en-US","Review_time":"4 years ago","Review":"Ordered a grande iced matcha latte. The barista filled up the cup with milk ice and shoveled some matcha mix then put the lid on and shaked the glass for half a second and handed straight to me. The matcha powder isn’t even mixed with milk then ended up on the bottom of the glass. Yuck","Likes":""},{"Name":"","Category":"","Rating":" 3 stars ","Number_of_Reviews":"","Address":"","Reviewer":"Igor Prokhorko A","Reviewer_page":"https://www.google.com/maps/contrib/115785962310559515264/reviews?hl=en-US","Review_time":"2 years ago","Review":"I have low expectations from Starbucks whatsoever. The amount of crazy people traffic here is insane. However there are some manners when it comes to customer service and not rephrasing a client in front of you for any reason.","Likes":""},{"Name":"","Category":"","Rating":" 5 stars ","Number_of_Reviews":"","Address":"","Reviewer":"Caitlin Essig","Reviewer_page":"https://www.google.com/maps/contrib/106429643732487934151/reviews?hl=en-US","Review_time":"a year ago","Review":"Best vibes of any starbucks I’ve been to. Great music and friendly staff.","Likes":""},{"Name":"","Category":"","Rating":" 4 stars ","Number_of_Reviews":"","Address":"","Reviewer":"Helal M Rahman","Reviewer_page":"https://www.google.com/maps/contrib/113153153220893536934/reviews?hl=en-US","Review_time":"a year ago","Review":"Good store\nBusy when college is open","Likes":""},{"Name":"","Category":"","Rating":" 5 stars ","Number_of_Reviews":"","Address":"","Reviewer":"Rudolf Dunn","Reviewer_page":"https://www.google.com/maps/contrib/103610437707547996681/reviews?hl=en-US","Review_time":"6 years ago","Review":"Medium size Starbucks with efficient service and nice staff. Can get a bit crowded when Baruch college students invade the space before school and over lunch.","Likes":""},{"Name":"","Category":"","Rating":" 1 star ","Number_of_Reviews":"","Address":"","Reviewer":"Jessica Alicea","Reviewer_page":"https://www.google.com/maps/contrib/113225074783693631920/reviews?hl=en-US","Review_time":"4 years ago","Review":"I came in to sit and wait to be picked up.. And the guy that was cleaning was extremely rude and unprofessional. He kept slamming doors and slamming crates and boxes on the floor, literally to the point that my ears were hurting... If you hate your job whY don't  you get another job. Smh","Likes":"1"},{"Name":"","Category":"","Rating":" 1 star ","Number_of_Reviews":"","Address":"","Reviewer":"MA A","Reviewer_page":"https://www.google.com/maps/contrib/100340995347203850661/reviews?hl=en-US","Review_time":"5 years ago","Review":"The fruitsalad was old and the mango pieces hard as stone. No wonder starbucks is not in anymore. Any other shop delivers better quality.","Likes":""},{"Name":"","Category":"","Rating":" 4 stars ","Number_of_Reviews":"","Address":"","Reviewer":"Simon P","Reviewer_page":"https://www.google.com/maps/contrib/103343022099261015406/reviews?hl=en-US","Review_time":"5 years ago","Review":"good location and nice crowd. Has a pretty clean restroom. Only downside is the coffee. It taste meh compare to other starbuck locations.","Likes":""},{"Name":"","Category":"","Rating":" 1 star ","Number_of_Reviews":"","Address":"","Reviewer":"John Mondal","Reviewer_page":"https://www.google.com/maps/contrib/118328735562994270931/reviews?hl=en-US","Review_time":"2 years ago","Review":"The worst starbucks around. The workers are totally unprofessional and unpunctual. I am not basing this on a single experience, I have been here few time.","Likes":"1"},{"Name":"","Category":"","Rating":" 1 star ","Number_of_Reviews":"","Address":"","Reviewer":"Betty Robbins","Reviewer_page":"https://www.google.com/maps/contrib/118029845461599744128/reviews?hl=en-US","Review_time":"5 years ago","Review":"Discrimination is sky high in this location\nthey are rude and fake when they take my order\nNever smile and never spell my name right even though I go there every other day\nWorst Starbucks by far\nWaited 20 minutes for an ice tea\nWhen they worked on everyone else's more intricate drinks\nTry to buy me off when a gift card after they heard I wanted to complain\nIt's a \"hi how are you\" with my white friends order\nBut barely any eye contact and or give me a mean look\nTreat people with more respect\nEven though it's not the race that you prefer","Likes":"1"},{"Name":"","Category":"","Rating":" 5 stars ","Number_of_Reviews":"","Address":"","Reviewer":"Todd Barksdale","Reviewer_page":"https://www.google.com/maps/contrib/113355398099829571886/reviews?hl=en-US","Review_time":"5 years ago","Review":"Great atmosphere Staff provides execllent costumer service. One of the best starbucks in the area. Love the music","Likes":""},{"Name":"","Category":"","Rating":" 1 star ","Number_of_Reviews":"","Address":"","Reviewer":"Elliot Gottlieb","Reviewer_page":"https://www.google.com/maps/contrib/103444350223010729990/reviews?hl=en-US","Review_time":"a year ago","Review":"Over rated! Dunkin donuts is just as good if not better!","Likes":"1"},{"Name":"","Category":"","Rating":" 1 star ","Number_of_Reviews":"","Address":"","Reviewer":"CPT Freeman","Reviewer_page":"https://www.google.com/maps/contrib/115231571195339864096/reviews?hl=en-US","Review_time":"5 years ago","Review":"Terrible customer service, manager is extremely unprofessional and rude. The music is inappropriate and too loud(even in the morning) . I wouldn't even give them a single star if it wouldn't be needed to write this review","Likes":"2"},{"Name":"","Category":"","Rating":" 1 star ","Number_of_Reviews":"","Address":"","Reviewer":"Abena Franklin","Reviewer_page":"https://www.google.com/maps/contrib/117441475534632805506/reviews?hl=en-US","Review_time":"2 years ago","Review":"The Manger she is so rude and disrespectful, just hearing her talk to the employees is a disgrace... They play too much and that’s why they never could get a order right!!!! Get rid of the Manager","Likes":"2"},{"Name":"","Category":"","Rating":" 1 star ","Number_of_Reviews":"","Address":"","Reviewer":"Rustam Babaniyazov","Reviewer_page":"https://www.google.com/maps/contrib/111307515723967762526/reviews?hl=en-US","Review_time":"10 months ago","Review":"Coffee is not hot. And refused use restroom.","Likes":""},{"Name":"","Category":"","Rating":" 1 star ","Number_of_Reviews":"","Address":"","Reviewer":"Andrew Munoz","Reviewer_page":"https://www.google.com/maps/contrib/100340351274412483926/reviews?hl=en-US","Review_time":"3 years ago","Review":"Kept picking up my cup reading it, and deciding they didnt want to make it. I had to verbally ask twice about my drink.","Likes":""},{"Name":"","Category":"","Rating":" 2 stars ","Number_of_Reviews":"","Address":"","Reviewer":"Anthony Aurelia","Reviewer_page":"https://www.google.com/maps/contrib/103738735862293756730/reviews?hl=en-US","Review_time":"5 months ago","Review":"Staff isn't great here.","Likes":""},{"Name":"","Category":"","Rating":" 1 star ","Number_of_Reviews":"","Address":"","Reviewer":"Joe C","Reviewer_page":"https://www.google.com/maps/contrib/107474503383745449995/reviews?hl=en-US","Review_time":"5 years ago","Review":"Most disappointed Starbucks I ever been to. Bad customer service, can’t make drink, and no respect!!","Likes":""},{"Name":"","Category":"","Rating":" 1 star ","Number_of_Reviews":"","Address":"","Reviewer":"AQN","Reviewer_page":"https://www.google.com/maps/contrib/107286089767329405422/reviews?hl=en-US","Review_time":"4 years ago","Review":"Why go to a club when you can come here, music is bumping all day every day! Think DJ Khaled is in the back room...","Likes":"4"},{"Name":"","Category":"","Rating":" 5 stars ","Number_of_Reviews":"","Address":"","Reviewer":"Teresa “Tea” Skillings- Peterson","Reviewer_page":"https://www.google.com/maps/contrib/107441520641386383984/reviews?hl=en-US","Review_time":"a year ago","Review":"Coffee and banana bread are always fresh and good!!","Likes":""},{"Name":"","Category":"","Rating":" 3 stars ","Number_of_Reviews":"","Address":"","Reviewer":"Francisco Salas","Reviewer_page":"https://www.google.com/maps/contrib/114884141873930058625/reviews?hl=en-US","Review_time":"3 years ago","Review":"The staff is friendly, but it took almost 15 min from the moment I paid to get my coffee","Likes":""},{"Name":"","Category":"","Rating":" 5 stars ","Number_of_Reviews":"","Address":"","Reviewer":"Roy Grant","Reviewer_page":"https://www.google.com/maps/contrib/107707089744846703120/reviews?hl=en-US","Review_time":"2 years ago","Review":"Plenty of outdoor seating although temporarily under scaffolding","Likes":""},{"Name":"","Category":"","Rating":" 5 stars ","Number_of_Reviews":"","Address":"","Reviewer":"Hubert Fung","Reviewer_page":"https://www.google.com/maps/contrib/110884744783862405177/reviews?hl=en-US","Review_time":"2 years ago","Review":"I know!  I missed you too~!","Likes":""},{"Name":"","Category":"","Rating":" 5 stars ","Number_of_Reviews":"","Address":"","Reviewer":"Umer","Reviewer_page":"https://www.google.com/maps/contrib/100415582941677249583/reviews?hl=en-US","Review_time":"4 years ago","Review":"Typical Starbucks. Good to have a coffee and get some work done on computer.","Likes":""},{"Name":"","Category":"","Rating":" 1 star ","Number_of_Reviews":"","Address":"","Reviewer":"Massinissa Adjaoudi","Reviewer_page":"https://www.google.com/maps/contrib/117879757307720693913/reviews?hl=en-US","Review_time":"7 months ago","Review":"They just don't care..at all!","Likes":"1"},{"Name":"","Category":"","Rating":" 5 stars ","Number_of_Reviews":"","Address":"","Reviewer":"Brenda Bendigo","Reviewer_page":"https://www.google.com/maps/contrib/115805408042046357760/reviews?hl=en-US","Review_time":"3 years ago","Review":"Good, friendly staff, clean place and order wa correct, location on Lex 25th st.","Likes":""},{"Name":"","Category":"","Rating":" 4 stars ","Number_of_Reviews":"","Address":"","Reviewer":"Christopher Sciacchitano","Reviewer_page":"https://www.google.com/maps/contrib/113873980892708711204/reviews?hl=en-US","Review_time":"2 years ago","Review":"Great coffee spot just a little pricey.","Likes":""},{"Name":"","Category":"","Rating":" 4 stars ","Number_of_Reviews":"","Address":"","Reviewer":"Susan Degnan","Reviewer_page":"https://www.google.com/maps/contrib/109343107731844231257/reviews?hl=en-US","Review_time":"6 years ago","Review":"It's a Starbucks. Very popular with college crowd.  Can be busy and crowded.","Likes":""},{"Name":"","Category":"","Rating":" 4 stars ","Number_of_Reviews":"","Address":"","Reviewer":"Victor Perez","Reviewer_page":"https://www.google.com/maps/contrib/111475089492347710040/reviews?hl=en-US","Review_time":"5 years ago","Review":"This Starbucks has the best music. Currently playing biggie!","Likes":""},{"Name":"","Category":"","Rating":" 1 star ","Number_of_Reviews":"","Address":"","Reviewer":"Juan Serrano","Reviewer_page":"https://www.google.com/maps/contrib/107024312030294088453/reviews?hl=en-US","Review_time":"2 years ago","Review":"Music is too loud! Sounds like a club in here. A bunch of trap music .","Likes":"2"},{"Name":"","Category":"","Rating":" 1 star ","Number_of_Reviews":"","Address":"","Reviewer":"Igor Georgiev","Reviewer_page":"https://www.google.com/maps/contrib/102307122085666023568/reviews?hl=en-US","Review_time":"4 years ago","Review":"Worst music EVER! So freaking loud that I thought I'm in \"Joe and The Juice\"","Likes":"3"},{"Name":"","Category":"","Rating":" 5 stars ","Number_of_Reviews":"","Address":"","Reviewer":"Cien Venzon","Reviewer_page":"https://www.google.com/maps/contrib/101300330577551486813/reviews?hl=en-US","Review_time":"5 years ago","Review":"Lots of space to work. Great vibe. Very clean","Likes":""},{"Name":"","Category":"","Rating":" 1 star ","Number_of_Reviews":"","Address":"","Reviewer":"Joanna Choinska","Reviewer_page":"https://www.google.com/maps/contrib/116961086787983167433/reviews?hl=en-US","Review_time":"6 years ago","Review":"DO NOT GO THERE IN THE MORNINGS BETWEEN 5:30-7AM--there is a crazy lady that comes in and invades your space and yells at you and the employees wont do anything, happened three times already when I was there in the morning.","Likes":""},{"Name":"","Category":"","Rating":" 5 stars ","Number_of_Reviews":"","Address":"","Reviewer":"Cardell Graham","Reviewer_page":"https://www.google.com/maps/contrib/105543636262924414152/reviews?hl=en-US","Review_time":"9 months ago","Review":"It's  always  busy ✌","Likes":""},{"Name":"","Category":"","Rating":" 1 star ","Number_of_Reviews":"","Address":"","Reviewer":"fei gao","Reviewer_page":"https://www.google.com/maps/contrib/103818898631995218498/reviews?hl=en-US","Review_time":"5 years ago","Review":"Really lazy and bad service, a guy called Mao something(hes black( is really bad.","Likes":"1"},{"Name":"","Category":"","Rating":" 1 star ","Number_of_Reviews":"","Address":"","Reviewer":"Romen Baulin","Reviewer_page":"https://www.google.com/maps/contrib/110138718161642699030/reviews?hl=en-US","Review_time":"10 months ago","Review":"Staff are rude and disorganized.","Likes":"1"},{"Name":"","Category":"","Rating":" 4 stars ","Number_of_Reviews":"","Address":"","Reviewer":"Jason Nadler","Reviewer_page":"https://www.google.com/maps/contrib/107811333902557233737/reviews?hl=en-US","Review_time":"4 years ago","Review":"Starbucks! Coffee, espresso, latte, snacks. Oh, and bathrooms.","Likes":""},{"Name":"","Category":"","Rating":" 1 star ","Number_of_Reviews":"","Address":"","Reviewer":"Anna Park","Reviewer_page":"https://www.google.com/maps/contrib/116214672234134809270/reviews?hl=en-US","Review_time":"3 years ago","Review":"The employees are raist. Worst ever.","Likes":"2"},{"Name":"","Category":"","Rating":" 4 stars ","Number_of_Reviews":"","Address":"","Reviewer":"ra “xa” na","Reviewer_page":"https://www.google.com/maps/contrib/116322144525076382135/reviews?hl=en-US","Review_time":"11 months ago","Review":"Love coffeee","Likes":""},{"Name":"","Category":"","Rating":" 1 star ","Number_of_Reviews":"","Address":"","Reviewer":"XIXI ZHAO","Reviewer_page":"https://www.google.com/maps/contrib/111650271209248119406/reviews?hl=en-US","Review_time":"4 years ago","Review":"very poor service and attitude. bad bad bad","Likes":"2"},{"Name":"","Category":"","Rating":" 5 stars ","Number_of_Reviews":"","Address":"","Reviewer":"Maria J Grant","Reviewer_page":"https://www.google.com/maps/contrib/110972395576229603398/reviews?hl=en-US","Review_time":"2 years ago","Review":"With my beautiful baby in NY!","Likes":""},{"Name":"","Category":"","Rating":" 5 stars ","Number_of_Reviews":"","Address":"","Reviewer":"Kenneth Mcdevitt","Reviewer_page":"https://www.google.com/maps/contrib/110709882749872768637/reviews?hl=en-US","Review_time":"a year ago","Review":"HVAC is great","Likes":""},{"Name":"","Category":"","Rating":" 4 stars ","Number_of_Reviews":"","Address":"","Reviewer":"Dirk Rosholt","Reviewer_page":"https://www.google.com/maps/contrib/109424330505388779355/reviews?hl=en-US","Review_time":"4 years ago","Review":"Best Starbucks on this block.","Likes":""},{"Name":"","Category":"","Rating":" 4 stars ","Number_of_Reviews":"","Address":"","Reviewer":"Nate N","Reviewer_page":"https://www.google.com/maps/contrib/106661292607836774252/reviews?hl=en-US","Review_time":"9 months ago","Review":"Great location.","Likes":""},{"Name":"","Category":"","Rating":" 4 stars ","Number_of_Reviews":"","Address":"","Reviewer":"Alba Yis Lopez","Reviewer_page":"https://www.google.com/maps/contrib/103298308016198090253/reviews?hl=en-US","Review_time":"3 years ago","Review":"Mango Dragonfruit  lemonade the bomb","Likes":""},{"Name":"","Category":"","Rating":" 3 stars ","Number_of_Reviews":"","Address":"","Reviewer":"Andrea Cauzzo","Reviewer_page":"https://www.google.com/maps/contrib/118376533237421663442/reviews?hl=en-US","Review_time":"5 years ago","Review":"Crowded, a Starbucks like the others.","Likes":""},{"Name":"","Category":"","Rating":" 3 stars ","Number_of_Reviews":"","Address":"","Reviewer":"Adam Hutt","Reviewer_page":"https://www.google.com/maps/contrib/111923235196131064382/reviews?hl=en-US","Review_time":"3 years ago","Review":"It's a Starbucks, burnt coffee","Likes":""},{"Name":"","Category":"","Rating":" 2 stars ","Number_of_Reviews":"","Address":"","Reviewer":"Alexander Rizsk","Reviewer_page":"https://www.google.com/maps/contrib/102473161234181126869/reviews?hl=en-US","Review_time":"3 years ago","Review":"Subpar at premium prices.","Likes":""},{"Name":"","Category":"","Rating":" 4 stars ","Number_of_Reviews":"","Address":"","Reviewer":"Harvey Korfin","Reviewer_page":"https://www.google.com/maps/contrib/112626872463207685361/reviews?hl=en-US","Review_time":"3 years ago","Review":"Always enjoy Starbucks","Likes":""},{"Name":"","Category":"","Rating":" 5 stars ","Number_of_Reviews":"","Address":"","Reviewer":"Shevan Palmer","Reviewer_page":"https://www.google.com/maps/contrib/108823911148569016175/reviews?hl=en-US","Review_time":"2 years ago","Review":"Great service.","Likes":""},{"Name":"","Category":"","Rating":" 4 stars ","Number_of_Reviews":"","Address":"","Reviewer":"Vikas Jain","Reviewer_page":"https://www.google.com/maps/contrib/104499775333882450274/reviews?hl=en-US","Review_time":"4 years ago","Review":"My daily coffee shop.","Likes":""},{"Name":"","Category":"","Rating":" 5 stars ","Number_of_Reviews":"","Address":"","Reviewer":"Hakan Gencay","Reviewer_page":"https://www.google.com/maps/contrib/105749124386547888738/reviews?hl=en-US","Review_time":"3 years ago","Review":"Awesome service.","Likes":""},{"Name":"","Category":"","Rating":" 5 stars ","Number_of_Reviews":"","Address":"","Reviewer":"Gene Dreizis","Reviewer_page":"https://www.google.com/maps/contrib/102574609517500932727/reviews?hl=en-US","Review_time":"2 years ago","Review":"Great","Likes":""},{"Name":"","Category":"","Rating":" 4 stars ","Number_of_Reviews":"","Address":"","Reviewer":"KJ Han (Kay Han)","Reviewer_page":"https://www.google.com/maps/contrib/112477799484115997314/reviews?hl=en-US","Review_time":"9 months ago","Review":"Starbucks","Likes":""},{"Name":"","Category":"","Rating":" 4 stars ","Number_of_Reviews":"","Address":"","Reviewer":"Margaret Lutumba","Reviewer_page":"https://www.google.com/maps/contrib/108993887117565368632/reviews?hl=en-US","Review_time":"3 years ago","Review":"It was good","Likes":""},{"Name":"","Category":"","Rating":" 3 stars ","Number_of_Reviews":"","Address":"","Reviewer":"jesenia gutierrez","Reviewer_page":"https://www.google.com/maps/contrib/103786520256642886745/reviews?hl=en-US","Review_time":"4 years ago","Review":"Small location","Likes":""},{"Name":"","Category":"","Rating":" 1 star ","Number_of_Reviews":"","Address":"","Reviewer":"Corye D","Reviewer_page":"https://www.google.com/maps/contrib/106960810392225053761/reviews?hl=en-US","Review_time":"5 years ago","Review":"Horrible service","Likes":"1"},{"Name":"","Category":"","Rating":" 1 star ","Number_of_Reviews":"","Address":"","Reviewer":"L","Reviewer_page":"https://www.google.com/maps/contrib/101333185361579736105/reviews?hl=en-US","Review_time":"a day ago","Review":"This Starbucks is so unprofessional. I understand that there are many orders due to the students from Baruch, but they always get my coffee wrong - always. The staff is extremely rude and I've had one employee even laugh at my order? The music is always extremely loud making it impossible to carry a conversation. You'd be better off going to the Starbucks on 23rd and Park.","Likes":""},{"Name":"","Category":"","Rating":" 5 stars ","Number_of_Reviews":"","Address":"","Reviewer":"Xavier Villa","Reviewer_page":"https://www.google.com/maps/contrib/104873071810921057091/reviews?hl=en-US","Review_time":"4 days ago","Review":"Karina is an amazing employee & has awesome customer service skills! Love when she’s there. Mac is awesome too!","Likes":""},{"Name":"","Category":"","Rating":" 4 stars ","Number_of_Reviews":"","Address":"","Reviewer":"ROSA ROSAE","Reviewer_page":"https://www.google.com/maps/contrib/102376847159003336549/reviews?hl=en-US","Review_time":"2 months ago","Review":"(Translated by Google) Good and fast, super happy workers, singing, They give good vibes.\n\n(Original)\nBien y rápidos, los trabajadores súper felices, cantando, Dan buen rollito.","Likes":""},{"Name":"","Category":"","Rating":" 3 stars ","Number_of_Reviews":"","Address":"","Reviewer":"Stefania Vargas","Reviewer_page":"https://www.google.com/maps/contrib/103267682654714237810/reviews?hl=en-US","Review_time":"4 years ago","Review":"(Translated by Google) Good coffee but very small and they always play hard music.\n\n(Original)\nBueno el café pero muy pequeño y siempre ponen la música duro.","Likes":"1"},{"Name":"","Category":"","Rating":" 5 stars ","Number_of_Reviews":"","Address":"","Reviewer":"MUNDO HISPANO MODELING CENTER NEW YORK","Reviewer_page":"https://www.google.com/maps/contrib/116399141945873312133/reviews?hl=en-US","Review_time":"2 years ago","Review":"(Translated by Google) you can find the richest coffee here\n\n(Original)\nel más rico café  lo puedes  encontrar  aquí","Likes":"1"},{"Name":"","Category":"","Rating":" 4 stars ","Number_of_Reviews":"","Address":"","Reviewer":"Hsi","Reviewer_page":"https://www.google.com/maps/contrib/111187342069025034147/reviews?hl=en-US","Review_time":"2 weeks ago","Review":"","Likes":""},{"Name":"","Category":"","Rating":" 5 stars ","Number_of_Reviews":"","Address":"","Reviewer":"Mejda GUYENNE","Reviewer_page":"https://www.google.com/maps/contrib/105425327395240862584/reviews?hl=en-US","Review_time":"2 years ago","Review":"(Translated by Google) Perfect\n\n(Original)\nParfait","Likes":""},{"Name":"","Category":"","Rating":" 5 stars ","Number_of_Reviews":"","Address":"","Reviewer":"Joyce Carbonell","Reviewer_page":"https://www.google.com/maps/contrib/111587573292933516946/reviews?hl=en-US","Review_time":"11 months ago","Review":"","Likes":""},{"Name":"","Category":"","Rating":" 5 stars ","Number_of_Reviews":"","Address":"","Reviewer":"Portia Y","Reviewer_page":"https://www.google.com/maps/contrib/114026459936999120764/reviews?hl=en-US","Review_time":"a year ago","Review":"","Likes":""},{"Name":"","Category":"","Rating":" 5 stars ","Number_of_Reviews":"","Address":"","Reviewer":"Dieter Boersig","Reviewer_page":"https://www.google.com/maps/contrib/103754777290488725109/reviews?hl=en-US","Review_time":"6 years ago","Review":"","Likes":""},{"Name":"","Category":"","Rating":" 4 stars ","Number_of_Reviews":"","Address":"","Reviewer":"Keith Johnson","Reviewer_page":"https://www.google.com/maps/contrib/116696100093909600015/reviews?hl=en-US","Review_time":"2 years ago","Review":"","Likes":""},{"Name":"","Category":"","Rating":" 5 stars ","Number_of_Reviews":"","Address":"","Reviewer":"Bibi Gefre","Reviewer_page":"https://www.google.com/maps/contrib/100872070347673096066/reviews?hl=en-US","Review_time":"a year ago","Review":"","Likes":""},{"Name":"","Category":"","Rating":" 5 stars ","Number_of_Reviews":"","Address":"","Reviewer":"Angelica Jazmin","Reviewer_page":"https://www.google.com/maps/contrib/107373363919214502888/reviews?hl=en-US","Review_time":"a year ago","Review":"","Likes":""},{"Name":"","Category":"","Rating":" 2 stars ","Number_of_Reviews":"","Address":"","Reviewer":"Steven Choi","Reviewer_page":"https://www.google.com/maps/contrib/100963360382011521656/reviews?hl=en-US","Review_time":"6 years ago","Review":"","Likes":""},{"Name":"","Category":"","Rating":" 5 stars ","Number_of_Reviews":"","Address":"","Reviewer":"LEVAN Metreveli","Reviewer_page":"https://www.google.com/maps/contrib/101077175212196507890/reviews?hl=en-US","Review_time":"4 years ago","Review":"","Likes":""},{"Name":"","Category":"","Rating":" 5 stars ","Number_of_Reviews":"","Address":"","Reviewer":"Walter Johnson","Reviewer_page":"https://www.google.com/maps/contrib/115218401155791584653/reviews?hl=en-US","Review_time":"2 years ago","Review":"","Likes":""},{"Name":"","Category":"","Rating":" 4 stars ","Number_of_Reviews":"","Address":"","Reviewer":"Omar D.","Reviewer_page":"https://www.google.com/maps/contrib/108277501557977006199/reviews?hl=en-US","Review_time":"5 years ago","Review":"","Likes":""},{"Name":"","Category":"","Rating":" 4 stars ","Number_of_Reviews":"","Address":"","Reviewer":"Lue B","Reviewer_page":"https://www.google.com/maps/contrib/107258322917667079215/reviews?hl=en-US","Review_time":"3 years ago","Review":"","Likes":""},{"Name":"","Category":"","Rating":" 5 stars ","Number_of_Reviews":"","Address":"","Reviewer":"Candace Davider","Reviewer_page":"https://www.google.com/maps/contrib/115665645272470226325/reviews?hl=en-US","Review_time":"3 years ago","Review":"","Likes":""},{"Name":"","Category":"","Rating":" 3 stars ","Number_of_Reviews":"","Address":"","Reviewer":"Luis Rivera","Reviewer_page":"https://www.google.com/maps/contrib/115536947650088657613/reviews?hl=en-US","Review_time":"3 years ago","Review":"","Likes":""},{"Name":"","Category":"","Rating":" 3 stars ","Number_of_Reviews":"","Address":"","Reviewer":"Lill. W","Reviewer_page":"https://www.google.com/maps/contrib/109358948989560668699/reviews?hl=en-US","Review_time":"4 years ago","Review":"","Likes":""},{"Name":"","Category":"","Rating":" 5 stars ","Number_of_Reviews":"","Address":"","Reviewer":"Mo Elganzory","Reviewer_page":"https://www.google.com/maps/contrib/117182364668723291607/reviews?hl=en-US","Review_time":"6 years ago","Review":"","Likes":""},{"Name":"","Category":"","Rating":" 4 stars ","Number_of_Reviews":"","Address":"","Reviewer":"Ana Cris","Reviewer_page":"https://www.google.com/maps/contrib/102540765899080156487/reviews?hl=en-US","Review_time":"a year ago","Review":"","Likes":""},{"Name":"","Category":"","Rating":" 5 stars ","Number_of_Reviews":"","Address":"","Reviewer":"Dina B","Reviewer_page":"https://www.google.com/maps/contrib/100465524529064901190/reviews?hl=en-US","Review_time":"2 years ago","Review":"","Likes":""},{"Name":"","Category":"","Rating":" 5 stars ","Number_of_Reviews":"","Address":"","Reviewer":"Broken Condom","Reviewer_page":"https://www.google.com/maps/contrib/110527914273857254614/reviews?hl=en-US","Review_time":"3 years ago","Review":"","Likes":""},{"Name":"","Category":"","Rating":" 3 stars ","Number_of_Reviews":"","Address":"","Reviewer":"Induranga Jayewardene","Reviewer_page":"https://www.google.com/maps/contrib/111462586806056585270/reviews?hl=en-US","Review_time":"2 years ago","Review":"","Likes":""},{"Name":"","Category":"","Rating":" 4 stars ","Number_of_Reviews":"","Address":"","Reviewer":"alejandro flores paredes","Reviewer_page":"https://www.google.com/maps/contrib/100097856980830550773/reviews?hl=en-US","Review_time":"7 months ago","Review":"","Likes":""},{"Name":"","Category":"","Rating":" 5 stars ","Number_of_Reviews":"","Address":"","Reviewer":"David Santos Sr.","Reviewer_page":"https://www.google.com/maps/contrib/107908313494251260197/reviews?hl=en-US","Review_time":"a month ago","Review":"","Likes":""},{"Name":"","Category":"","Rating":" 3 stars ","Number_of_Reviews":"","Address":"","Reviewer":"Harsha","Reviewer_page":"https://www.google.com/maps/contrib/101771093474746541083/reviews?hl=en-US","Review_time":"3 years ago","Review":"","Likes":""},{"Name":"","Category":"","Rating":" 5 stars ","Number_of_Reviews":"","Address":"","Reviewer":"Cris Escobar","Reviewer_page":"https://www.google.com/maps/contrib/107056747731985950322/reviews?hl=en-US","Review_time":"3 years ago","Review":"","Likes":""},{"Name":"","Category":"","Rating":" 3 stars ","Number_of_Reviews":"","Address":"","Reviewer":"Diane Handelman","Reviewer_page":"https://www.google.com/maps/contrib/104747611002190508379/reviews?hl=en-US","Review_time":"3 years ago","Review":"","Likes":""},{"Name":"","Category":"","Rating":" 5 stars ","Number_of_Reviews":"","Address":"","Reviewer":"jahan bekmuradova","Reviewer_page":"https://www.google.com/maps/contrib/106317453903650026191/reviews?hl=en-US","Review_time":"3 years ago","Review":"","Likes":""},{"Name":"","Category":"","Rating":" 5 stars ","Number_of_Reviews":"","Address":"","Reviewer":"MD HOSSAIN","Reviewer_page":"https://www.google.com/maps/contrib/112349601656184750572/reviews?hl=en-US","Review_time":"5 years ago","Review":"","Likes":""},{"Name":"","Category":"","Rating":" 5 stars ","Number_of_Reviews":"","Address":"","Reviewer":"Fulya Horzun","Reviewer_page":"https://www.google.com/maps/contrib/102188702309290856431/reviews?hl=en-US","Review_time":"3 years ago","Review":"","Likes":""},{"Name":"","Category":"","Rating":" 5 stars ","Number_of_Reviews":"","Address":"","Reviewer":"Catherine Moroshan","Reviewer_page":"https://www.google.com/maps/contrib/111991383126994427141/reviews?hl=en-US","Review_time":"4 years ago","Review":"","Likes":""},{"Name":"","Category":"","Rating":" 3 stars ","Number_of_Reviews":"","Address":"","Reviewer":"Piotr P","Reviewer_page":"https://www.google.com/maps/contrib/112472934392178212763/reviews?hl=en-US","Review_time":"5 years ago","Review":"","Likes":""},{"Name":"","Category":"","Rating":" 4 stars ","Number_of_Reviews":"","Address":"","Reviewer":"William Moye","Reviewer_page":"https://www.google.com/maps/contrib/114791896469044306125/reviews?hl=en-US","Review_time":"3 years ago","Review":"","Likes":""},{"Name":"","Category":"","Rating":" 1 star ","Number_of_Reviews":"","Address":"","Reviewer":"Tulika Saha","Reviewer_page":"https://www.google.com/maps/contrib/108100332155923702031/reviews?hl=en-US","Review_time":"5 years ago","Review":"","Likes":""},{"Name":"","Category":"","Rating":" 4 stars ","Number_of_Reviews":"","Address":"","Reviewer":"Anthony Iorio","Reviewer_page":"https://www.google.com/maps/contrib/100567741283226585705/reviews?hl=en-US","Review_time":"a year ago","Review":"","Likes":""},{"Name":"","Category":"","Rating":" 4 stars ","Number_of_Reviews":"","Address":"","Reviewer":"Virginia Liao","Reviewer_page":"https://www.google.com/maps/contrib/108659835961229463250/reviews?hl=en-US","Review_time":"6 years ago","Review":"","Likes":""},{"Name":"","Category":"","Rating":" 5 stars ","Number_of_Reviews":"","Address":"","Reviewer":"Jade Morningstar","Reviewer_page":"https://www.google.com/maps/contrib/106288150340470101853/reviews?hl=en-US","Review_time":"4 years ago","Review":"","Likes":""},{"Name":"","Category":"","Rating":" 3 stars ","Number_of_Reviews":"","Address":"","Reviewer":"Enjoli B","Reviewer_page":"https://www.google.com/maps/contrib/100021333668991357308/reviews?hl=en-US","Review_time":"2 years ago","Review":"","Likes":""},{"Name":"","Category":"","Rating":" 4 stars ","Number_of_Reviews":"","Address":"","Reviewer":"Michael Facey","Reviewer_page":"https://www.google.com/maps/contrib/114076935161446527249/reviews?hl=en-US","Review_time":"5 years ago","Review":"","Likes":""},{"Name":"","Category":"","Rating":" 5 stars ","Number_of_Reviews":"","Address":"","Reviewer":"hakeem Wazadally","Reviewer_page":"https://www.google.com/maps/contrib/102461600144206177147/reviews?hl=en-US","Review_time":"3 years ago","Review":"","Likes":""},{"Name":"","Category":"","Rating":" 4 stars ","Number_of_Reviews":"","Address":"","Reviewer":"Jon Law","Reviewer_page":"https://www.google.com/maps/contrib/103198314762445349397/reviews?hl=en-US","Review_time":"3 years ago","Review":"","Likes":""},{"Name":"","Category":"","Rating":" 5 stars ","Number_of_Reviews":"","Address":"","Reviewer":"Adam Trend","Reviewer_page":"https://www.google.com/maps/contrib/118248230019387406334/reviews?hl=en-US","Review_time":"3 years ago","Review":"","Likes":""},{"Name":"","Category":"","Rating":" 2 stars ","Number_of_Reviews":"","Address":"","Reviewer":"Joshua Wellins","Reviewer_page":"https://www.google.com/maps/contrib/113054706418244793511/reviews?hl=en-US","Review_time":"5 years ago","Review":"","Likes":""},{"Name":"","Category":"","Rating":" 5 stars ","Number_of_Reviews":"","Address":"","Reviewer":"Cyn City","Reviewer_page":"https://www.google.com/maps/contrib/103416789214468746546/reviews?hl=en-US","Review_time":"4 years ago","Review":"","Likes":""},{"Name":"","Category":"","Rating":" 4 stars ","Number_of_Reviews":"","Address":"","Reviewer":"Beatriz Hidalgo","Reviewer_page":"https://www.google.com/maps/contrib/114191310527399211275/reviews?hl=en-US","Review_time":"2 years ago","Review":"","Likes":""},{"Name":"","Category":"","Rating":" 4 stars ","Number_of_Reviews":"","Address":"","Reviewer":"gregory alfano","Reviewer_page":"https://www.google.com/maps/contrib/111255003912105537324/reviews?hl=en-US","Review_time":"6 months ago","Review":"","Likes":""},{"Name":"","Category":"","Rating":" 3 stars ","Number_of_Reviews":"","Address":"","Reviewer":"Erik Bjornson","Reviewer_page":"https://www.google.com/maps/contrib/104103676556511290781/reviews?hl=en-US","Review_time":"2 years ago","Review":"","Likes":""},{"Name":"","Category":"","Rating":" 5 stars ","Number_of_Reviews":"","Address":"","Reviewer":"Deepak Atal","Reviewer_page":"https://www.google.com/maps/contrib/104143501265616896851/reviews?hl=en-US","Review_time":"a year ago","Review":"","Likes":""},{"Name":"","Category":"","Rating":" 5 stars ","Number_of_Reviews":"","Address":"","Reviewer":"John Mo","Reviewer_page":"https://www.google.com/maps/contrib/102337408693951785526/reviews?hl=en-US","Review_time":"5 years ago","Review":"","Likes":""},{"Name":"","Category":"","Rating":" 4 stars ","Number_of_Reviews":"","Address":"","Reviewer":"Nicole Brinson","Reviewer_page":"https://www.google.com/maps/contrib/113632620152554782672/reviews?hl=en-US","Review_time":"3 years ago","Review":"","Likes":""},{"Name":"","Category":"","Rating":" 4 stars ","Number_of_Reviews":"","Address":"","Reviewer":"Ann Withey","Reviewer_page":"https://www.google.com/maps/contrib/114777927321216978185/reviews?hl=en-US","Review_time":"11 months ago","Review":"","Likes":""},{"Name":"","Category":"","Rating":" 1 star ","Number_of_Reviews":"","Address":"","Reviewer":"GINA KIM","Reviewer_page":"https://www.google.com/maps/contrib/109378807852676711014/reviews?hl=en-US","Review_time":"2 years ago","Review":"","Likes":""},{"Name":"","Category":"","Rating":" 5 stars ","Number_of_Reviews":"","Address":"","Reviewer":"Prithibi Paul","Reviewer_page":"https://www.google.com/maps/contrib/107850869789346953265/reviews?hl=en-US","Review_time":"2 years ago","Review":"","Likes":""},{"Name":"","Category":"","Rating":" 5 stars ","Number_of_Reviews":"","Address":"","Reviewer":"Computer Plus (C.P.U Plus)","Reviewer_page":"https://www.google.com/maps/contrib/106537280066249892918/reviews?hl=en-US","Review_time":"3 years ago","Review":"","Likes":""},{"Name":"","Category":"","Rating":" 5 stars ","Number_of_Reviews":"","Address":"","Reviewer":"DaKidBanks101","Reviewer_page":"https://www.google.com/maps/contrib/108905783853786711254/reviews?hl=en-US","Review_time":"6 years ago","Review":"","Likes":""},{"Name":"","Category":"","Rating":" 3 stars ","Number_of_Reviews":"","Address":"","Reviewer":"Abdulrahman Alqahtani","Reviewer_page":"https://www.google.com/maps/contrib/116484613456803140481/reviews?hl=en-US","Review_time":"3 years ago","Review":"","Likes":""},{"Name":"","Category":"","Rating":" 5 stars ","Number_of_Reviews":"","Address":"","Reviewer":"Florante Songco","Reviewer_page":"https://www.google.com/maps/contrib/104271669336333481580/reviews?hl=en-US","Review_time":"3 years ago","Review":"","Likes":""},{"Name":"","Category":"","Rating":" 3 stars ","Number_of_Reviews":"","Address":"","Reviewer":"Alan Kaula","Reviewer_page":"https://www.google.com/maps/contrib/118339767231122428692/reviews?hl=en-US","Review_time":"5 years ago","Review":"","Likes":""},{"Name":"","Category":"","Rating":" 5 stars ","Number_of_Reviews":"","Address":"","Reviewer":"Sal Cekic","Reviewer_page":"https://www.google.com/maps/contrib/112080319018746007107/reviews?hl=en-US","Review_time":"3 years ago","Review":"","Likes":""},{"Name":"","Category":"","Rating":" 5 stars ","Number_of_Reviews":"","Address":"","Reviewer":"Dave Corcoran","Reviewer_page":"https://www.google.com/maps/contrib/116624586799486300052/reviews?hl=en-US","Review_time":"3 years ago","Review":"","Likes":""},{"Name":"","Category":"","Rating":" 5 stars ","Number_of_Reviews":"","Address":"","Reviewer":"Rachel Munoz","Reviewer_page":"https://www.google.com/maps/contrib/111426692816534057134/reviews?hl=en-US","Review_time":"4 years ago","Review":"","Likes":""},{"Name":"","Category":"","Rating":" 5 stars ","Number_of_Reviews":"","Address":"","Reviewer":"Kevin Shrestha","Reviewer_page":"https://www.google.com/maps/contrib/106297921423762084187/reviews?hl=en-US","Review_time":"3 years ago","Review":"","Likes":""},{"Name":"","Category":"","Rating":" 5 stars ","Number_of_Reviews":"","Address":"","Reviewer":"Adis Kadribasic","Reviewer_page":"https://www.google.com/maps/contrib/117389336473388072613/reviews?hl=en-US","Review_time":"3 years ago","Review":"","Likes":""},{"Name":"","Category":"","Rating":" 4 stars ","Number_of_Reviews":"","Address":"","Reviewer":"Jacob Zhu","Reviewer_page":"https://www.google.com/maps/contrib/117426225606810200285/reviews?hl=en-US","Review_time":"5 years ago","Review":"","Likes":""}