[{"Name":"","Category":"","Rating":" 1 star ","Number_of_Reviews":"","Address":"","Reviewer":"Nathalie Torres","Reviewer_page":"https://www.google.com/maps/contrib/102161494919996876209/reviews?hl=en-US","Review_time":"a month ago","Review":"ordered a chai with cookie crumbles and mocha, paid for cookie crumbles to find after, there were no crumbles. i went up to the girl with braids and her energy was immediately rude. she said \"we don't charge for crumbles\" which is bs. super rude, not coming back here.","Likes":""},{"Name":"","Category":"","Rating":" 5 stars ","Number_of_Reviews":"","Address":"","Reviewer":"Yusef Khan","Reviewer_page":"https://www.google.com/maps/contrib/106735535249367053986/reviews?hl=en-US","Review_time":"2 months ago","Review":"Exactly what you think it is. There’s a guy with a pit Bull dressed in pink so be careful not to bring children here or they might get mauled and then blamed for it on top of that while the owner walks away.","Likes":""},{"Name":"","Category":"","Rating":" 2 stars ","Number_of_Reviews":"","Address":"","Reviewer":"Dann C.","Reviewer_page":"https://www.google.com/maps/contrib/103385034901822382867/reviews?hl=en-US","Review_time":"a month ago","Review":"Ordered an iced hazelnut macchiato, they acted as if that was a foreign concept, then gave me the wrong size. When I complained, it was crudely poured into a larger cup with an entire iceberg in it and then when that cup leaked, was crudely placed inside of another cup. And after all that, it was disgusting.","Likes":""},{"Name":"","Category":"","Rating":" 5 stars ","Number_of_Reviews":"","Address":"","Reviewer":"Anna Kassymova","Reviewer_page":"https://www.google.com/maps/contrib/100131590703034724212/reviews?hl=en-US","Review_time":"3 years ago","Review":"Great as usual! Nice atmosphere and interior, good coffee - is just what you need after a cold long day. The line was short, service was good as expected, we easily found a table for 3 of us although it was 3 pm black friday when the whole city was off.","Likes":""},{"Name":"","Category":"","Rating":" 1 star ","Number_of_Reviews":"","Address":"","Reviewer":"Maria Luisa Solano","Reviewer_page":"https://www.google.com/maps/contrib/117555372865047227567/reviews?hl=en-US","Review_time":"11 months ago","Review":"Those employees are all in a bad mood, I asked for my tea with little ice, I told him I didn't want to do it because I had poor ice, he spoke to me with attitude and he told me how he wanted me not to fill your glass.  very rude.","Likes":"2"},{"Name":"","Category":"","Rating":" 1 star ","Number_of_Reviews":"","Address":"","Reviewer":"Janani Venkataramanan","Reviewer_page":"https://www.google.com/maps/contrib/113243280221948638437/reviews?hl=en-US","Review_time":"a month ago","Review":"They never get my order right. Every time I order something with oat milk I get it with coconut or whole milk without being notified.","Likes":""},{"Name":"","Category":"","Rating":" 4 stars ","Number_of_Reviews":"","Address":"","Reviewer":"Bernard Cohen","Reviewer_page":"https://www.google.com/maps/contrib/112145285260509856767/reviews?hl=en-US","Review_time":"8 months ago","Review":"Nice store, seating has been Cut in half. Now 3 very comfortable booths, 2 window desks, a short standing wall shelf for a bar. 3 out door tables, but no heaters.","Likes":""},{"Name":"","Category":"","Rating":" 2 stars ","Number_of_Reviews":"","Address":"","Reviewer":"Vanessa Allen","Reviewer_page":"https://www.google.com/maps/contrib/102338616370728883600/reviews?hl=en-US","Review_time":"8 months ago","Review":"Bugs flying around the food, rude manager, and bathroom was gross. I asked for more toilet paper and thought I was being ignored, so I asked someone else and the guy got rude with me. The second person I asked took 2 seconds (literally) to …","Likes":""},{"Name":"","Category":"","Rating":" 5 stars ","Number_of_Reviews":"","Address":"","Reviewer":"Jasmine Wiggins","Reviewer_page":"https://www.google.com/maps/contrib/118422090199792720388/reviews?hl=en-US","Review_time":"2 months ago","Review":"The workers were friendly and I received my order in a timely manner. I would go here again ✨","Likes":"1"},{"Name":"","Category":"","Rating":" 2 stars ","Number_of_Reviews":"","Address":"","Reviewer":"Stevo Wonderland","Reviewer_page":"https://www.google.com/maps/contrib/108541929223601196407/reviews?hl=en-US","Review_time":"7 months ago","Review":"nothing against the staff here, they do an excellent job.  but this Starbucks is always crowded, with students and university staff. mobile orders takes forever. if you are after a quick brew, forget about mobile and get on that damn line. some special drink sold out very quickly. sometimes they make mobile order unavailable at this store, probably due to an overwhelming number of orders.   The 110st location is closed due to the pandemic, making this one the only Starbucks on morningside campus.  we need an additional Starbucks on Amsterdam Ave!","Likes":"1"},{"Name":"","Category":"","Rating":" 5 stars ","Number_of_Reviews":"","Address":"","Reviewer":"Infinite Spirit 888","Reviewer_page":"https://www.google.com/maps/contrib/114165873766144882173/reviews?hl=en-US","Review_time":"a year ago","Review":"Love love LOVE this location!!! I asked for a specialty drink and the baristas was very nice about it. Lovely atmosphere and my drink was on point!","Likes":""},{"Name":"","Category":"","Rating":" 2 stars ","Number_of_Reviews":"","Address":"","Reviewer":"Michael Zhang","Reviewer_page":"https://www.google.com/maps/contrib/109972760811846327324/reviews?hl=en-US","Review_time":"2 months ago","Review":"One of the worst branch. Staff are indifferent. Constantly ignored my requirements of ice, cup size.","Likes":"1"},{"Name":"","Category":"","Rating":" 2 stars ","Number_of_Reviews":"","Address":"","Reviewer":"Henry Otherwise","Reviewer_page":"https://www.google.com/maps/contrib/115928843670427086915/reviews?hl=en-US","Review_time":"9 months ago","Review":"Why, when the pandemic hit, did Starbucks close the big store on 111th (tons of seating, refurbished bathrooms) and leave this one open?  I know that baristas are struggling with low staffing and ingredient shortages due to Covid, but even without that factored in, this store just isn’t big enough to cope with the traffic from a highly-caffeinated university campus. Even when the Columbia students were all remote-learning away from campus, this store really struggled to keep up. There’s practically no seating (even pre-pandemic), and the mobile app constantly lists almost every drink barring straight-up coffee as out of stock, even when they aren’t: if you go in and queue for 15 minutes and then wait another 10 for your drink to be ready, you’ll find that it’s not a matter of missing ingredients, just poor inventory-taking. This location also used to have much longer hours, probably owing to the fact that the students have late nights: if I remember correctly, 0600 to 0200 the next morning. Really frustrating.","Likes":""},{"Name":"","Category":"","Rating":" 3 stars ","Number_of_Reviews":"","Address":"","Reviewer":"Carlos E. Montoya Jr.","Reviewer_page":"https://www.google.com/maps/contrib/106982869880127766406/reviews?hl=en-US","Review_time":"4 years ago","Review":"Always packed since it is by Barnard and Columbia. They try to tame the line but it's not quick. The line to order is too narrow... people can't get out without bumping into you. #uncomfortable","Likes":""},{"Name":"","Category":"","Rating":" 1 star ","Number_of_Reviews":"","Address":"","Reviewer":"Antonio Gurabievski","Reviewer_page":"https://www.google.com/maps/contrib/102348476520363177054/reviews?hl=en-US","Review_time":"a month ago","Review":"I was waiting 25 min for espresso and hot chocolate!","Likes":""},{"Name":"","Category":"","Rating":" 1 star ","Number_of_Reviews":"","Address":"","Reviewer":"Martina Muní","Reviewer_page":"https://www.google.com/maps/contrib/110524925317805515173/reviews?hl=en-US","Review_time":"2 months ago","Review":"Their matcha tea has 32g of sugar…..","Likes":""},{"Name":"","Category":"","Rating":" 1 star ","Number_of_Reviews":"","Address":"","Reviewer":"John Sari","Reviewer_page":"https://www.google.com/maps/contrib/101760991449353611033/reviews?hl=en-US","Review_time":"a year ago","Review":"What a MESS! My girlfriend went there around 9:00 AM, Saturday , and ordered a Medium Iced Coffee. The barista told her that “we’re not taking cash today”. My girlfriend then offered to pay with a Starbucks gift card. The barista scanned it, and there was a balance of $3.00. The coffee was $3.64, and my girlfriend offered to pay the 64 cents difference. The barista repeated, “we’re not taking cash today”, and then someone came over, a manager or a coworker, and asked her if she wanted the coffee. She told them NO, because they would not accept the 64 cents, plus tip, 75 cents!","Likes":""},{"Name":"","Category":"","Rating":" 2 stars ","Number_of_Reviews":"","Address":"","Reviewer":"Moe Q.","Reviewer_page":"https://www.google.com/maps/contrib/101505750612719558322/reviews?hl=en-US","Review_time":"2 years ago","Review":"Poor customer service. Threatened to charge extra because I politely asked my drink to be remade with no ice. She also mentioned how I may receive less cold brew because I asked for no ice. Cold brew is already supposed to be cold, their app automatically sets the drink to be served with ice despite them traditionally, personally serving it without ice. Disappointing.","Likes":""},{"Name":"","Category":"","Rating":" 1 star ","Number_of_Reviews":"","Address":"","Reviewer":"Yvonne Woo","Reviewer_page":"https://www.google.com/maps/contrib/103771566006514220385/reviews?hl=en-US","Review_time":"3 years ago","Review":"Avoid ordering traveler size coffee from them. One of the worst Starbucks coffee place I’ve visited. Staffs were irresponsible and mostly ignored you. I ordered a traveler size coffee to go but never saw they brought out the box. I patiently waited and followed up with a few staffs, they all shrugged their shoulders as if it had nothing to do with them. In the end, everyone knew a client was waiting for 15-20 mins for this but no one was willing to get the box because it was too much of a chore for them. Completely irresponsible including the “supervisor” who couldn’t care less.","Likes":""},{"Name":"","Category":"","Rating":" 2 stars ","Number_of_Reviews":"","Address":"","Reviewer":"Annabel Rosario","Reviewer_page":"https://www.google.com/maps/contrib/103547344373485071843/reviews?hl=en-US","Review_time":"6 months ago","Review":"Online claims store is opened until 10pm but but 8:50 pm the employees will turn you away doors opened and all.","Likes":""},{"Name":"","Category":"","Rating":" 5 stars ","Number_of_Reviews":"","Address":"","Reviewer":"Tresi Rhys Last Name Myrrh","Reviewer_page":"https://www.google.com/maps/contrib/114405412745388154182/reviews?hl=en-US","Review_time":"5 years ago","Review":"Best for locals to hang out on a Sunday afternoon, but not a great meeting spot for a large group, 2 or 3 friends max, seating is limited. Bathroom is clean and stocked well (soap + paper towels). The crew doesn't get flustered when all u want is to order a Large iced coffee bc u still don't remember the special sizes...\n\nBut the food case was a bit bare. And I was hungry...","Likes":""},{"Name":"","Category":"","Rating":" 4 stars ","Number_of_Reviews":"","Address":"","Reviewer":"Leonardo Torres","Reviewer_page":"https://www.google.com/maps/contrib/110068034998075350365/reviews?hl=en-US","Review_time":"8 months ago","Review":"It's a nice coffee shop. The place tends to get jammed pack with lots of people most likely from the hospital and university nearby.","Likes":""},{"Name":"","Category":"","Rating":" 4 stars ","Number_of_Reviews":"","Address":"","Reviewer":"Julia Shin","Reviewer_page":"https://www.google.com/maps/contrib/112371841136246440353/reviews?hl=en-US","Review_time":"2 years ago","Review":"I gotta be honest that it gets crowded here during the semester (especially towards the finals), so your order may not have been readily available even when you ordered pick up through the app. But they had renovated the shop recently that they got more booth available (if you want a study spot).","Likes":""},{"Name":"","Category":"","Rating":" 4 stars ","Number_of_Reviews":"","Address":"","Reviewer":"Dan Armstrong","Reviewer_page":"https://www.google.com/maps/contrib/116230177035008684894/reviews?hl=en-US","Review_time":"4 years ago","Review":"I hadn't been here for three years, but after moving back to my old neighborhood I've become a regular.\n\nThis is a big, busy, urban Starbucks. They've remodeled it since I used to come here and opened up the space nicely. When I've come, the baristas have been pleasant and efficient.\n\nIt's like any big-city Starbucks -- behind me is a guy shouting in Spanish into his phone -- and I understand the reason for the tall stools that don't invite marathon sessions of hanging out and maybe falling asleep.\n\nA homeless guy took a cup of coffee from a woman when her back was turned and pretended it was his. She suspected him but didn't see it happen, so she didn't accuse him. But a barista saw it. She marched over, told the guy to leave, and gave the woman a fresh cup. I was impressed.\n\nNot perfect, but for this city it's pretty good.","Likes":""},{"Name":"","Category":"","Rating":" 2 stars ","Number_of_Reviews":"","Address":"","Reviewer":"8bitdee","Reviewer_page":"https://www.google.com/maps/contrib/109523386625367581795/reviews?hl=en-US","Review_time":"3 years ago","Review":"I don’t know what happened but ever since the remodel back in May the coffee has a disgusting burnt taste to it. I gave it a month to see if something would change and started getting my fix at the location down the street on 110th (where it tastes normally). After a month or so I came back to this location and it still tastes just as bad.","Likes":"1"},{"Name":"","Category":"","Rating":" 1 star ","Number_of_Reviews":"","Address":"","Reviewer":"Samantha Guevara","Reviewer_page":"https://www.google.com/maps/contrib/112882796588010271832/reviews?hl=en-US","Review_time":"3 years ago","Review":"This is the most disgusting Starbucks I have ever been to. The bathroom is dirty and smells. The soap dispenser doesn’t work. I asked them for more soap or a way to wash my hands and he poured soap from the bottle into my hands. I said, “how are everyone else going to wash their hands?” He said “well I’m taking care of this first.” And went back to the counter. After washing my hands I went to find napkins at the front by the front door to dry my hands and both napkin dispensers were empty. I went to the front and asked the woman if they have more napkins. As she’s looking at her phone she says, “ we are out in the front. You can check the bathroom.” I said, “I was just in the bathroom there are no napkins.”  She put her phone in her pocket and said “we are out.” I said ,”this whole place is out of napkins?” She said” yes.” And I asked her “well how am I going to dry my hands? “ she reached back and handed me napkins from the sink they have in the back. These workers are so lazy and don’t care. The bathroom says it all.","Likes":"1"},{"Name":"","Category":"","Rating":" 1 star ","Number_of_Reviews":"","Address":"","Reviewer":"anansi bey","Reviewer_page":"https://www.google.com/maps/contrib/115258266028029877174/reviews?hl=en-US","Review_time":"a year ago","Review":"Its Starbucks automatic dislike\nBy the way, the coffee Is made specifically to make sure that you get a urinary tract infection.\nYep.\nSorry ladies, you're drinking posion!","Likes":""},{"Name":"","Category":"","Rating":" 5 stars ","Number_of_Reviews":"","Address":"","Reviewer":"Dylan Vaughan","Reviewer_page":"https://www.google.com/maps/contrib/103604843520895907516/reviews?hl=en-US","Review_time":"5 years ago","Review":"It's pretty amazing how cool and collected these people can stay with the tremendous amount of cranky traffic that goes through here each day. The baristas have always been kind to me, stay open much longer than chains in the 'burbs, and make some pretty delicious drinks.","Likes":""},{"Name":"","Category":"","Rating":" 3 stars ","Number_of_Reviews":"","Address":"","Reviewer":"Abby Armstrong","Reviewer_page":"https://www.google.com/maps/contrib/103506808642503933501/reviews?hl=en-US","Review_time":"10 years ago","Review":"Slowest line I've ever been in at a Starbucks. Waiting to place an order, not waiting for a drink. There were about 7 employees waiting around and talking to each other. I eventually had to leave because I was going to be late for work. In past experiences, I've found I can count in Starbucks to be efficient with my time and get me in and out when I'm in a rush. This Starbucks was very disappointing.","Likes":""},{"Name":"","Category":"","Rating":" 1 star ","Number_of_Reviews":"","Address":"","Reviewer":"Abhi Kodumagulla","Reviewer_page":"https://www.google.com/maps/contrib/105493695229297227127/reviews?hl=en-US","Review_time":"6 years ago","Review":"Slow lines, took them forever to get started at 6AM. Don't blame them; running coffee shops is hard, but many do way better a job. Too bad they're so conveniently located they can afford to comport themselves poorly and not lose demand","Likes":"1"},{"Name":"","Category":"","Rating":" 3 stars ","Number_of_Reviews":"","Address":"","Reviewer":"Manuela Dossantos","Reviewer_page":"https://www.google.com/maps/contrib/114112028647190035755/reviews?hl=en-US","Review_time":"8 years ago","Review":"I'm a former partner, and I was very irritated by this store today. Besides the fact that I had to wait longer than necessary for my drink, I felt very bad for the trainee on the bar. He was left BY HIMSELF for a while, when he clearly is not ready to be on bar by himself yet. The guy who was training him needs a serious talking to my the manager. You DO NOT leave a trainee alone on the bar like that! Besides making the store look unprofessional, the poor trainee feels lost and overwhelmed. Overall, the organization of this store is not the best, but the treatment of that trainee is what really upset me today.","Likes":""},{"Name":"","Category":"","Rating":" 1 star ","Number_of_Reviews":"","Address":"","Reviewer":"C D","Reviewer_page":"https://www.google.com/maps/contrib/113235526528741653847/reviews?hl=en-US","Review_time":"3 years ago","Review":"This location lacks friendly customer service as well as even good customer service. From the start to finish it was just horrible customer service. I accidentally picked up the wrong order and the barista just snatched it out my hand. No apology or anything. I said I was sorry and he said something rude under his breath. I will not be back.","Likes":"1"},{"Name":"","Category":"","Rating":" 5 stars ","Number_of_Reviews":"","Address":"","Reviewer":"Monica Bello","Reviewer_page":"https://www.google.com/maps/contrib/104253377730676333210/reviews?hl=en-US","Review_time":"2 years ago","Review":"the staff here are not playing around. it's 7am and they had my sandwich and flat white ready before i finished paying by card. extremely fast service and quick restock. impressed.","Likes":""},{"Name":"","Category":"","Rating":" 3 stars ","Number_of_Reviews":"","Address":"","Reviewer":"Thomas Marzigliano","Reviewer_page":"https://www.google.com/maps/contrib/100177406241550000671/reviews?hl=en-US","Review_time":"5 years ago","Review":"I am giving 1 STAR  for this location.  I left it as 3 stars only so the proprietor can't have it removed.\nI arrived at 11:12pm to this location.  The store was dark and closed.  According to Google maps,  this location should be open till midnight.  I have doubts that they were open past 10pm because the employees had enough time to cash out, clean up, put up the chairs and go home.","Likes":"3"},{"Name":"","Category":"","Rating":" 1 star ","Number_of_Reviews":"","Address":"","Reviewer":"Janet Marrero","Reviewer_page":"https://www.google.com/maps/contrib/114679954389745356191/reviews?hl=en-US","Review_time":"3 years ago","Review":"Visit this establishment at 8:30am & get Trent’s pink drink every morning however today the girl making my drink was rude & got upset because I asked her to fix my drink. The reason I asked is because she never put it in the mixer cup she just put it in the Trenta cup without mixing the drink I spend $12 a day I don’t think she should give attitude for asking her to do her job. Lazy people always work double she should keep that in mind","Likes":""},{"Name":"","Category":"","Rating":" 4 stars ","Number_of_Reviews":"","Address":"","Reviewer":"Jessica Aimee Crosby","Reviewer_page":"https://www.google.com/maps/contrib/111078268249459362644/reviews?hl=en-US","Review_time":"6 years ago","Review":"Younger staff members, slow at peak times, the drinks are not that great compared to other starbucks.\n\nWireless chargers and about 10 seats. Great to pop in for a quick break.","Likes":""},{"Name":"","Category":"","Rating":" 5 stars ","Number_of_Reviews":"","Address":"","Reviewer":"Lloyd Xiao","Reviewer_page":"https://www.google.com/maps/contrib/110780090786376596293/reviews?hl=en-US","Review_time":"11 months ago","Review":"ok ill admit it. I paid for coffee when I knew I had enough stars. I guess I'm just quirky like that","Likes":""},{"Name":"","Category":"","Rating":" 1 star ","Number_of_Reviews":"","Address":"","Reviewer":"Maha Balakrishnan","Reviewer_page":"https://www.google.com/maps/contrib/102565113155028829117/reviews?hl=en-US","Review_time":"4 years ago","Review":"The slowest line I have ever seen. I ordered a tomato mozzarella sandwich about ten minutes back and it’s still lying on the counter. No one has cared to heat it. There are 4 ppl behind the counter! This is very inefficient.","Likes":""},{"Name":"","Category":"","Rating":" 1 star ","Number_of_Reviews":"","Address":"","Reviewer":"Jane Wang","Reviewer_page":"https://www.google.com/maps/contrib/115799279169886894853/reviews?hl=en-US","Review_time":"5 years ago","Review":"Worse service ever. If you order soy milk, they'll give you half cup of soy milk and charge you the full  price of grandy latte. Very slow and they'll start serving the second in line even though you're in the first. They basically ignore your complaints. Wala","Likes":"1"},{"Name":"","Category":"","Rating":" 2 stars ","Number_of_Reviews":"","Address":"","Reviewer":"Lauren Hale","Reviewer_page":"https://www.google.com/maps/contrib/115408027045923401743/reviews?hl=en-US","Review_time":"3 years ago","Review":"This Starbucks is perpetually under stocked  - to the point where I have to have a back up order in mind every time  I go. Service speed isn’t very fast, but it’s not the worst I’ve seen.","Likes":""},{"Name":"","Category":"","Rating":" 1 star ","Number_of_Reviews":"","Address":"","Reviewer":"Briana Dunckley","Reviewer_page":"https://www.google.com/maps/contrib/107639134803661933854/reviews?hl=en-US","Review_time":"6 years ago","Review":"The absolute worst experience I have ever had at a Starbucks ever. The woman behind the counter (her name was Melanie) first told me she could not break change for a $100 bill even though my bill was well over $25. She then continued to break a $100 bill for the young lady behind me whose bill was $3.75. As time passed, we waited and assumed the baristas simply forgot our tea that we ordered. When we politely asked the barista if the tea was still being made, the same worker at the front (Melanie) yelled, \"She didn't order that!\" from the other end of the counter. I have never been treated with such disrespect by a single woman. Every other coworker was so polite and lovely; however, the one worker at the front (Melanie) discouraged us from ever returning. I also spoke with several Columbia students who said they refuse to give their business to this Starbucks due to that same worker.","Likes":"1"},{"Name":"","Category":"","Rating":" 5 stars ","Number_of_Reviews":"","Address":"","Reviewer":"David Figueroa","Reviewer_page":"https://www.google.com/maps/contrib/104015729855364065383/reviews?hl=en-US","Review_time":"9 years ago","Review":"This is by far the best Starbuck's in Manhattan. Though the lines may get long due to its location by Columbia, every person working at this Starbucks is wonderful. They are super friendly here, efficient, and if you get to know them here they will always make you walk out of here with a smile. If you are ever up in Morningside Heights and feeling a little sleepy, pass by and get your coffee here.","Likes":""},{"Name":"","Category":"","Rating":" 3 stars ","Number_of_Reviews":"","Address":"","Reviewer":"Eugene Baik","Reviewer_page":"https://www.google.com/maps/contrib/106325404903703050540/reviews?hl=en-US","Review_time":"5 years ago","Review":"Too small. Not that good service, either (I guess this is because of the always-too-crowded working environment.. I get it.. but.. still....). But, you know, it's Starbucks. I like the coffee here.","Likes":""},{"Name":"","Category":"","Rating":" 1 star ","Number_of_Reviews":"","Address":"","Reviewer":"Tomika Holmes","Reviewer_page":"https://www.google.com/maps/contrib/118316918568988755565/reviews?hl=en-US","Review_time":"7 years ago","Review":"I went to this Starbucks to get my daily frappacinno coffee & I was turned away. I was told there was no more frappacinno's being made tonight, it was 11 o'clock & they close at 12 o'clock. I work nights I need my Starbucks. This is such a disappointment after I drove 30 minutes out of my way to get here before they close. Now I have to settle for Dunkin Donuts!\n#LONGNIGHTAHEAD","Likes":"1"},{"Name":"","Category":"","Rating":" 4 stars ","Number_of_Reviews":"","Address":"","Reviewer":"Becky Curran Kekula","Reviewer_page":"https://www.google.com/maps/contrib/106180017486514845363/reviews?hl=en-US","Review_time":"4 years ago","Review":"A great place for working on a laptop and people watching. You can place a mobile order to expedite the service. It could be a little cleaner but it’s a reliable place where you can feel productive.","Likes":""},{"Name":"","Category":"","Rating":" 1 star ","Number_of_Reviews":"","Address":"","Reviewer":"mazhar ali","Reviewer_page":"https://www.google.com/maps/contrib/115224045301894273341/reviews?hl=en-US","Review_time":"a year ago","Review":"Worst place ever can’t even make coffee properly. Coffee was cold. Couldn’t tell they doubled the cup","Likes":"1"},{"Name":"","Category":"","Rating":" 2 stars ","Number_of_Reviews":"","Address":"","Reviewer":"Collin WW","Reviewer_page":"https://www.google.com/maps/contrib/111009746398514811701/reviews?hl=en-US","Review_time":"4 years ago","Review":"Well damn. I love me some Starbucks, but I sure hate seeing people who can't do their jobs, and whine, and still mess up orders. Pick one and stick with it, don't do all three.","Likes":"1"},{"Name":"","Category":"","Rating":" 4 stars ","Number_of_Reviews":"","Address":"","Reviewer":"Prof. Dr. Marco Roberto Cavallari","Reviewer_page":"https://www.google.com/maps/contrib/101266559785906373733/reviews?hl=en-US","Review_time":"5 years ago","Review":"Excellent for lack of space, it's a good Starbucks. View to Columbia University.","Likes":"1"},{"Name":"","Category":"","Rating":" 5 stars ","Number_of_Reviews":"","Address":"","Reviewer":"J B","Reviewer_page":"https://www.google.com/maps/contrib/104499136481355982288/reviews?hl=en-US","Review_time":"7 months ago","Review":"Excellent food.  Please try their burgers","Likes":""},{"Name":"","Category":"","Rating":" 1 star ","Number_of_Reviews":"","Address":"","Reviewer":"Xi Wei","Reviewer_page":"https://www.google.com/maps/contrib/115409435177739719482/reviews?hl=en-US","Review_time":"5 years ago","Review":"slow service and unclean environment. I was asked to rejoin the line to pay additional 60 cents for having some soy milk on my coffee. Which should be free for being under 4 oz according to Starbucks policy.","Likes":"1"},{"Name":"","Category":"","Rating":" 1 star ","Number_of_Reviews":"","Address":"","Reviewer":"Jonathan Savas","Reviewer_page":"https://www.google.com/maps/contrib/112075106475887433496/reviews?hl=en-US","Review_time":"3 years ago","Review":"Were not willing to make my requested espresso roast pore over. Store was not busy,  staff just handing around talking about current vie es s on social media.","Likes":""},{"Name":"","Category":"","Rating":" 3 stars ","Number_of_Reviews":"","Address":"","Reviewer":"I T.","Reviewer_page":"https://www.google.com/maps/contrib/101441131389036461435/reviews?hl=en-US","Review_time":"4 years ago","Review":"Small, tight, minimal seating which is usually occupied by people who sit for hours on their laptops. Bathroom was filthy and smelled so bad. Floors were dirty and the staff is slow and unfriendly.","Likes":""},{"Name":"","Category":"","Rating":" 1 star ","Number_of_Reviews":"","Address":"","Reviewer":"Kelvin Luo","Reviewer_page":"https://www.google.com/maps/contrib/110480520174906989527/reviews?hl=en-US","Review_time":"3 years ago","Review":"I ordered an Ice Black Tea Lemonade and it taste neither like tea nor lemonade. I asked them to remake one and it still dont taste like anything.","Likes":"1"},{"Name":"","Category":"","Rating":" 4 stars ","Number_of_Reviews":"","Address":"","Reviewer":"Stacey Pierce","Reviewer_page":"https://www.google.com/maps/contrib/114352813237329749674/reviews?hl=en-US","Review_time":"2 years ago","Review":"I liked it. Just ordered on the app, used some of my point and gift card. Picked my order in a timely matter.","Likes":""},{"Name":"","Category":"","Rating":" 5 stars ","Number_of_Reviews":"","Address":"","Reviewer":"Stephen Thompson","Reviewer_page":"https://www.google.com/maps/contrib/100985478295380718083/reviews?hl=en-US","Review_time":"4 years ago","Review":"Staff was friendly and expedient.\nI bought in a large list of items and they quickly made everything we needed.\nCouldn't ask for more","Likes":""},{"Name":"","Category":"","Rating":" 3 stars ","Number_of_Reviews":"","Address":"","Reviewer":"Ga Wain","Reviewer_page":"https://www.google.com/maps/contrib/104006183511374388205/reviews?hl=en-US","Review_time":"5 years ago","Review":"Order was wrong, milk and creamer were empty. One staff was hiding in the corner texting, others were to busy talking to their friends to pay attention to the customers.","Likes":""},{"Name":"","Category":"","Rating":" 2 stars ","Number_of_Reviews":"","Address":"","Reviewer":"Henry Tuell","Reviewer_page":"https://www.google.com/maps/contrib/110499959917251439267/reviews?hl=en-US","Review_time":"5 years ago","Review":"Order was wrong, milk and creamer were empty. One staff was hiding in the corner texting, others were to busy talking to their friends to pay attention to the customers.","Likes":""},{"Name":"","Category":"","Rating":" 3 stars ","Number_of_Reviews":"","Address":"","Reviewer":"Cecily Straussman","Reviewer_page":"https://www.google.com/maps/contrib/101271019749492377519/reviews?hl=en-US","Review_time":"4 years ago","Review":"Great location but kind of small! Spent many nights studying here. Food is okay but more important the atmosphere of the place is very nice","Likes":""},{"Name":"","Category":"","Rating":" 1 star ","Number_of_Reviews":"","Address":"","Reviewer":"Ha b","Reviewer_page":"https://www.google.com/maps/contrib/100792130575796419741/reviews?hl=en-US","Review_time":"6 years ago","Review":"Employees where busy talking to each other and left people waiting. The employee who took my order, did apologize (after I talked to her) but the drink I got was overly sweet!","Likes":""},{"Name":"","Category":"","Rating":" 1 star ","Number_of_Reviews":"","Address":"","Reviewer":"Silas Grossberndt","Reviewer_page":"https://www.google.com/maps/contrib/107808260043710827662/reviews?hl=en-US","Review_time":"6 years ago","Review":"Just poor service. They often take 2-3 times to get an unsweetened ice tea right. With the recent price hike at Starbucks it if not worth the convince","Likes":"1"},{"Name":"","Category":"","Rating":" 1 star ","Number_of_Reviews":"","Address":"","Reviewer":"Kaung","Reviewer_page":"https://www.google.com/maps/contrib/109341819829366591271/reviews?hl=en-US","Review_time":"6 years ago","Review":"This place seriously need to do something with these unprofessional staffs acting like a bunch of immature high school kids. The atmosphere is a complete disaster with the staffs SHOUTING at each other and making constant noises. Avoid this place at any cost.","Likes":"1"},{"Name":"","Category":"","Rating":" 1 star ","Number_of_Reviews":"","Address":"","Reviewer":"Miss Scorpio Tarot Vibes","Reviewer_page":"https://www.google.com/maps/contrib/100781286957149957122/reviews?hl=en-US","Review_time":"3 years ago","Review":"I came in for a Grande Ice Water this barista girl named Stephanie had a horrible reaction when I told her I was waiting over 10 minutes for my drink she yells and says I have other drinks ahead of you the issue was the way she responded and had a horrible attitude if you don’t like working for Starbucks or with people go home !!!","Likes":""},{"Name":"","Category":"","Rating":" 1 star ","Number_of_Reviews":"","Address":"","Reviewer":"Michaela Milne","Reviewer_page":"https://www.google.com/maps/contrib/105625000527403453701/reviews?hl=en-US","Review_time":"4 weeks ago","Review":"Terrible customer service","Likes":""},{"Name":"","Category":"","Rating":" 1 star ","Number_of_Reviews":"","Address":"","Reviewer":"Claudia Ramirez","Reviewer_page":"https://www.google.com/maps/contrib/117765467332500842635/reviews?hl=en-US","Review_time":"5 years ago","Review":"I was half way done w my drink and come to find out it had a cockroach in it!","Likes":""},{"Name":"","Category":"","Rating":" 1 star ","Number_of_Reviews":"","Address":"","Reviewer":"crystal sinclair","Reviewer_page":"https://www.google.com/maps/contrib/111239874402756906922/reviews?hl=en-US","Review_time":"5 years ago","Review":"Horrible service, slow line, then wouldn't offer a half caf beverage. I'm preggers and only can do half caf. 20 minutes in line for poor attitude and service","Likes":"2"},{"Name":"","Category":"","Rating":" 2 stars ","Number_of_Reviews":"","Address":"","Reviewer":"Mohsin Waheed","Reviewer_page":"https://www.google.com/maps/contrib/100046845237570492878/reviews?hl=en-US","Review_time":"a year ago","Review":"Ordered for Cappuccino, but  the coffee didn't taste like anything but hot milk.","Likes":"1"},{"Name":"","Category":"","Rating":" 5 stars ","Number_of_Reviews":"","Address":"","Reviewer":"Victoria","Reviewer_page":"https://www.google.com/maps/contrib/103035388971634493590/reviews?hl=en-US","Review_time":"10 months ago","Review":"such a great location, im studying at Columbia University, and it's so close","Likes":"1"},{"Name":"","Category":"","Rating":" 4 stars ","Number_of_Reviews":"","Address":"","Reviewer":"Scott Hendrix","Reviewer_page":"https://www.google.com/maps/contrib/108201361287742963868/reviews?hl=en-US","Review_time":"5 years ago","Review":"Good coffee, not a bad chain.","Likes":""},{"Name":"","Category":"","Rating":" 1 star ","Number_of_Reviews":"","Address":"","Reviewer":"Ivan Z","Reviewer_page":"https://www.google.com/maps/contrib/103379981100088896739/reviews?hl=en-US","Review_time":"8 years ago","Review":"Why the staff here are always so arrogant and don't even know say sorry when giving me the wrong coffee. I am a student in Columbia so I always buy coffee here but I have to say the service in this Starbucks is the worst I have ever seen.","Likes":""},{"Name":"","Category":"","Rating":" 5 stars ","Number_of_Reviews":"","Address":"","Reviewer":"Yasmin attar olyaee","Reviewer_page":"https://www.google.com/maps/contrib/116649729453228164815/reviews?hl=en-US","Review_time":"3 years ago","Review":"In my experience, they work quickly and the drinks are always delicious.","Likes":""},{"Name":"","Category":"","Rating":" 5 stars ","Number_of_Reviews":"","Address":"","Reviewer":"D0C7","Reviewer_page":"https://www.google.com/maps/contrib/104658641353010462255/reviews?hl=en-US","Review_time":"6 years ago","Review":"busy, lively and great service. One of the baristas even went out of her way to make a sampler for us to check out.","Likes":""},{"Name":"","Category":"","Rating":" 5 stars ","Number_of_Reviews":"","Address":"","Reviewer":"Jelida Mesa","Reviewer_page":"https://www.google.com/maps/contrib/115837454912307546539/reviews?hl=en-US","Review_time":"3 years ago","Review":"Good Flavor, kind people","Likes":""},{"Name":"","Category":"","Rating":" 5 stars ","Number_of_Reviews":"","Address":"","Reviewer":"johnathan boodram","Reviewer_page":"https://www.google.com/maps/contrib/109281917038047168338/reviews?hl=en-US","Review_time":"a year ago","Review":"Very clean, lovely staff, and amazing quality. Tysm I look forward to coming here again and again.","Likes":""},{"Name":"","Category":"","Rating":" 3 stars ","Number_of_Reviews":"","Address":"","Reviewer":"Victor Salloum","Reviewer_page":"https://www.google.com/maps/contrib/111230518392732912358/reviews?hl=en-US","Review_time":"4 years ago","Review":"Never had problem with order. This place is always busy. Tough to find seating.","Likes":""},{"Name":"","Category":"","Rating":" 3 stars ","Number_of_Reviews":"","Address":"","Reviewer":"Jeff Curran","Reviewer_page":"https://www.google.com/maps/contrib/104176773414033093238/reviews?hl=en-US","Review_time":"a year ago","Review":"I'm only like warm on the place and so is the coffee ☕","Likes":""},{"Name":"","Category":"","Rating":" 3 stars ","Number_of_Reviews":"","Address":"","Reviewer":"Michael Waddell","Reviewer_page":"https://www.google.com/maps/contrib/114978225565395064841/reviews?hl=en-US","Review_time":"3 years ago","Review":"This place deserves 1 star but I’m avoiding having the owner remove this review.\n\nThis place is never open on time. I was there at 630 and they were supposed to be open at 530. Ridiculous","Likes":""},{"Name":"","Category":"","Rating":" 2 stars ","Number_of_Reviews":"","Address":"","Reviewer":"Wojciech Izak","Reviewer_page":"https://www.google.com/maps/contrib/113553697027926097796/reviews?hl=en-US","Review_time":"5 years ago","Review":"Coffee is always  perfect but this place is like homeless shelter. Dirty bums  sitting there all the time. !!!","Likes":"1"},{"Name":"","Category":"","Rating":" 4 stars ","Number_of_Reviews":"","Address":"","Reviewer":"Celeste Sellars","Reviewer_page":"https://www.google.com/maps/contrib/109346488956116387213/reviews?hl=en-US","Review_time":"2 months ago","Review":"Great coffee","Likes":""},{"Name":"","Category":"","Rating":" 3 stars ","Number_of_Reviews":"","Address":"","Reviewer":"steven sullivan","Reviewer_page":"https://www.google.com/maps/contrib/117073706696984662604/reviews?hl=en-US","Review_time":"4 years ago","Review":"Servers were good but the place is rather  small and the bathroom was gross.","Likes":""},{"Name":"","Category":"","Rating":" 5 stars ","Number_of_Reviews":"","Address":"","Reviewer":"Elias Nunez","Reviewer_page":"https://www.google.com/maps/contrib/113967908859012196975/reviews?hl=en-US","Review_time":"3 years ago","Review":"Very nice Starbucks and customer service is great. Not a big Starbucks but plenty of seats.","Likes":""},{"Name":"","Category":"","Rating":" 5 stars ","Number_of_Reviews":"","Address":"","Reviewer":"Aimee Berazate","Reviewer_page":"https://www.google.com/maps/contrib/102396625980410909276/reviews?hl=en-US","Review_time":"2 years ago","Review":"Friendly staff. Great coffee. Quick service.","Likes":""},{"Name":"","Category":"","Rating":" 5 stars ","Number_of_Reviews":"","Address":"","Reviewer":"Nadia Obando","Reviewer_page":"https://www.google.com/maps/contrib/107590271451892454612/reviews?hl=en-US","Review_time":"3 years ago","Review":"It can do no wrong. I love that they have so many milk alternatives.","Likes":""},{"Name":"","Category":"","Rating":" 1 star ","Number_of_Reviews":"","Address":"","Reviewer":"J W","Reviewer_page":"https://www.google.com/maps/contrib/105967391206067569678/reviews?hl=en-US","Review_time":"3 years ago","Review":"The Slowest service... sticky ground  and can never find a seat... worst combination you can imagine","Likes":""},{"Name":"","Category":"","Rating":" 1 star ","Number_of_Reviews":"","Address":"","Reviewer":"Billy Bob","Reviewer_page":"https://www.google.com/maps/contrib/102809781587928048629/reviews?hl=en-US","Review_time":"a year ago","Review":"Terrible service/refuse to let people use the restroom","Likes":""},{"Name":"","Category":"","Rating":" 4 stars ","Number_of_Reviews":"","Address":"","Reviewer":"Camila Machado","Reviewer_page":"https://www.google.com/maps/contrib/103621928187655506395/reviews?hl=en-US","Review_time":"5 years ago","Review":"This is one of the most close to Columbia University. The attendants are very gentil and smart. For shure one of my favours place.","Likes":""},{"Name":"","Category":"","Rating":" 5 stars ","Number_of_Reviews":"","Address":"","Reviewer":"Randy G","Reviewer_page":"https://www.google.com/maps/contrib/101209853763913701888/reviews?hl=en-US","Review_time":"a year ago","Review":"Everything was great in and out, staff was awesome.","Likes":""},{"Name":"","Category":"","Rating":" 5 stars ","Number_of_Reviews":"","Address":"","Reviewer":"Rauf Abdul-Hakim","Reviewer_page":"https://www.google.com/maps/contrib/106256440652973748372/reviews?hl=en-US","Review_time":"6 years ago","Review":"Clean, good coffee,  restroom all you can ask for in a coffee shop...","Likes":""},{"Name":"","Category":"","Rating":" 4 stars ","Number_of_Reviews":"","Address":"","Reviewer":"Agatha C. Melvin","Reviewer_page":"https://www.google.com/maps/contrib/117216433699167170371/reviews?hl=en-US","Review_time":"3 years ago","Review":"Efficient, but the staff were sterile towards the customers.","Likes":""},{"Name":"","Category":"","Rating":" 2 stars ","Number_of_Reviews":"","Address":"","Reviewer":"Basel Jazbeh","Reviewer_page":"https://www.google.com/maps/contrib/110057013023240639722/reviews?hl=en-US","Review_time":"6 years ago","Review":"Ordering in advance by app still have to wait 5-10 mins. Unbelievable service","Likes":""},{"Name":"","Category":"","Rating":" 1 star ","Number_of_Reviews":"","Address":"","Reviewer":"Gabo Lizardo","Reviewer_page":"https://www.google.com/maps/contrib/109649190777634394446/reviews?hl=en-US","Review_time":"9 years ago","Review":"Poor service\nFull of bugs\nBaristas cursing and yelling\nAngry atmosphere","Likes":"1"},{"Name":"","Category":"","Rating":" 1 star ","Number_of_Reviews":"","Address":"","Reviewer":"Jake Perlmutter","Reviewer_page":"https://www.google.com/maps/contrib/105792461250352022784/reviews?hl=en-US","Review_time":"2 months ago","Review":"God awful location","Likes":""},{"Name":"","Category":"","Rating":" 5 stars ","Number_of_Reviews":"","Address":"","Reviewer":"Kevin Karén Kljyan","Reviewer_page":"https://www.google.com/maps/contrib/109247530120370725616/reviews?hl=en-US","Review_time":"a year ago","Review":"I worked here. I am a partner of SBUX, pretty dope.","Likes":""},{"Name":"","Category":"","Rating":" 1 star ","Number_of_Reviews":"","Address":"","Reviewer":"Quarantine Louisville","Reviewer_page":"https://www.google.com/maps/contrib/113885065055131460810/reviews?hl=en-US","Review_time":"5 years ago","Review":"Baristas there always miss mobile orders and show an indifferent attitude to their customers.","Likes":"1"},{"Name":"","Category":"","Rating":" 4 stars ","Number_of_Reviews":"","Address":"","Reviewer":"Muhammad Bilal","Reviewer_page":"https://www.google.com/maps/contrib/114564228406603860810/reviews?hl=en-US","Review_time":"6 years ago","Review":"Busy place! Long lines. Seating arrangements are very limited. Might have to share micro tables with strangers","Likes":""},{"Name":"","Category":"","Rating":" 3 stars ","Number_of_Reviews":"","Address":"","Reviewer":"Euwan Kim","Reviewer_page":"https://www.google.com/maps/contrib/107469409897234734132/reviews?hl=en-US","Review_time":"5 years ago","Review":"Lines were long, there were not enough spaces, and it took too long to for my latte to come.","Likes":""},{"Name":"","Category":"","Rating":" 5 stars ","Number_of_Reviews":"","Address":"","Reviewer":"yolanda davila","Reviewer_page":"https://www.google.com/maps/contrib/109327685273164794460/reviews?hl=en-US","Review_time":"a year ago","Review":"#1 all I have to say 5 stars","Likes":""},{"Name":"","Category":"","Rating":" 4 stars ","Number_of_Reviews":"","Address":"","Reviewer":"Jonathan Hatala","Reviewer_page":"https://www.google.com/maps/contrib/107758700933287884262/reviews?hl=en-US","Review_time":"3 years ago","Review":"What can I say, they have a great product and I need my joe.","Likes":""},{"Name":"","Category":"","Rating":" 4 stars ","Number_of_Reviews":"","Address":"","Reviewer":"Henry Hu","Reviewer_page":"https://www.google.com/maps/contrib/100717829933588256779/reviews?hl=en-US","Review_time":"6 years ago","Review":"Use mobile order and you'll feel lucky when you see the queue.","Likes":""},{"Name":"","Category":"","Rating":" 2 stars ","Number_of_Reviews":"","Address":"","Reviewer":"Samantha G","Reviewer_page":"https://www.google.com/maps/contrib/101192613243264330849/reviews?hl=en-US","Review_time":"4 years ago","Review":"This Starbucks' is run down and the staff provides slow service.","Likes":"1"},{"Name":"","Category":"","Rating":" 5 stars ","Number_of_Reviews":"","Address":"","Reviewer":"Luka C","Reviewer_page":"https://www.google.com/maps/contrib/100543065690781407961/reviews?hl=en-US","Review_time":"3 years ago","Review":"Internet fast enough for a quick league of legends game.","Likes":""},{"Name":"","Category":"","Rating":" 5 stars ","Number_of_Reviews":"","Address":"","Reviewer":"juan villalon","Reviewer_page":"https://www.google.com/maps/contrib/108027409086877712876/reviews?hl=en-US","Review_time":"a year ago","Review":"Good\nIm love coffe\nGood cofre","Likes":"1"},{"Name":"","Category":"","Rating":" 5 stars ","Number_of_Reviews":"","Address":"","Reviewer":"Rafael Batista","Reviewer_page":"https://www.google.com/maps/contrib/110771364766243041496/reviews?hl=en-US","Review_time":"4 years ago","Review":"Very nice people and good coffee.","Likes":""},{"Name":"","Category":"","Rating":" 5 stars ","Number_of_Reviews":"","Address":"","Reviewer":"Mayra Negron","Reviewer_page":"https://www.google.com/maps/contrib/104971881298114507321/reviews?hl=en-US","Review_time":"a year ago","Review":"Super friendly employees great service!","Likes":""},{"Name":"","Category":"","Rating":" 4 stars ","Number_of_Reviews":"","Address":"","Reviewer":"Joseph Webber","Reviewer_page":"https://www.google.com/maps/contrib/112631934525252362096/reviews?hl=en-US","Review_time":"5 years ago","Review":"lines get get busy but the things we do for our coffee.","Likes":""},{"Name":"","Category":"","Rating":" 5 stars ","Number_of_Reviews":"","Address":"","Reviewer":"Brandon Smith","Reviewer_page":"https://www.google.com/maps/contrib/114023304854359148652/reviews?hl=en-US","Review_time":"11 months ago","Review":"Closest Starbucks to Columbia University campus","Likes":""},{"Name":"","Category":"","Rating":" 1 star ","Number_of_Reviews":"","Address":"","Reviewer":"Fadel Shamaly","Reviewer_page":"https://www.google.com/maps/contrib/105866811606956543143/reviews?hl=en-US","Review_time":"3 years ago","Review":"Went there at 11pm after traveling for 20 mins and they are closed.","Likes":""},{"Name":"","Category":"","Rating":" 2 stars ","Number_of_Reviews":"","Address":"","Reviewer":"Ricardo González","Reviewer_page":"https://www.google.com/maps/contrib/105012806835756893630/reviews?hl=en-US","Review_time":"5 years ago","Review":"Rude baristas...there is one bald guy with a beard who works there that sucks","Likes":"1"},{"Name":"","Category":"","Rating":" 1 star ","Number_of_Reviews":"","Address":"","Reviewer":"Alicia Casella","Reviewer_page":"https://www.google.com/maps/contrib/117047542854796847882/reviews?hl=en-US","Review_time":"5 years ago","Review":"The baristas here are so rude and are constantly complaining","Likes":"1"},{"Name":"","Category":"","Rating":" 3 stars ","Number_of_Reviews":"","Address":"","Reviewer":"John M.","Reviewer_page":"https://www.google.com/maps/contrib/109774958949278504542/reviews?hl=en-US","Review_time":"4 years ago","Review":"Small location so busy and not much sitting space","Likes":""},{"Name":"","Category":"","Rating":" 2 stars ","Number_of_Reviews":"","Address":"","Reviewer":"Lea Clemmons Little","Reviewer_page":"https://www.google.com/maps/contrib/110343110381334495180/reviews?hl=en-US","Review_time":"6 years ago","Review":"Unexpectedly, the bathroom was disgusting and clearly unattended to for quite some time.","Likes":""},{"Name":"","Category":"","Rating":" 3 stars ","Number_of_Reviews":"","Address":"","Reviewer":"박준영","Reviewer_page":"https://www.google.com/maps/contrib/116296081849491222568/reviews?hl=en-US","Review_time":"11 months ago","Review":"Always very crowded","Likes":""},{"Name":"","Category":"","Rating":" 1 star ","Number_of_Reviews":"","Address":"","Reviewer":"Name TV","Reviewer_page":"https://www.google.com/maps/contrib/105777468619723184599/reviews?hl=en-US","Review_time":"4 years ago","Review":"The customer service was the worst i ever had.","Likes":"1"},{"Name":"","Category":"","Rating":" 4 stars ","Number_of_Reviews":"","Address":"","Reviewer":"Lieuwe Jurjen Melchers","Reviewer_page":"https://www.google.com/maps/contrib/105834257967782720274/reviews?hl=en-US","Review_time":"5 years ago","Review":"Great Starbucks on nice Central location.","Likes":""},{"Name":"","Category":"","Rating":" 5 stars ","Number_of_Reviews":"","Address":"","Reviewer":"Klepto","Reviewer_page":"https://www.google.com/maps/contrib/115366921525306691866/reviews?hl=en-US","Review_time":"3 years ago","Review":"Great atmosphere after the renovations","Likes":""},{"Name":"","Category":"","Rating":" 5 stars ","Number_of_Reviews":"","Address":"","Reviewer":"Patrick Hopkins","Reviewer_page":"https://www.google.com/maps/contrib/110956294263428002082/reviews?hl=en-US","Review_time":"a year ago","Review":"Pretty good atmosphere","Likes":""},{"Name":"","Category":"","Rating":" 4 stars ","Number_of_Reviews":"","Address":"","Reviewer":"Abbas Abbasov","Reviewer_page":"https://www.google.com/maps/contrib/115727399853636339423/reviews?hl=en-US","Review_time":"4 years ago","Review":"Good place to have a study break","Likes":""},{"Name":"","Category":"","Rating":" 2 stars ","Number_of_Reviews":"","Address":"","Reviewer":"Enrico Zanardo","Reviewer_page":"https://www.google.com/maps/contrib/108258590706343440244/reviews?hl=en-US","Review_time":"6 years ago","Review":"Always extremely crowded and slow service.","Likes":""},{"Name":"","Category":"","Rating":" 2 stars ","Number_of_Reviews":"","Address":"","Reviewer":"Mathieu Coquelet Ruiz","Reviewer_page":"https://www.google.com/maps/contrib/104738410362682257701/reviews?hl=en-US","Review_time":"7 years ago","Review":"Small Starbucks, and waiting time is waybtoo long.","Likes":""},{"Name":"","Category":"","Rating":" 3 stars ","Number_of_Reviews":"","Address":"","Reviewer":"Pj Mcgovern","Reviewer_page":"https://www.google.com/maps/contrib/104889966111557326124/reviews?hl=en-US","Review_time":"a year ago","Review":"Need better workers","Likes":""},{"Name":"","Category":"","Rating":" 5 stars ","Number_of_Reviews":"","Address":"","Reviewer":"Naney S","Reviewer_page":"https://www.google.com/maps/contrib/101459509806620051119/reviews?hl=en-US","Review_time":"5 years ago","Review":"Late hours, outlets...im all in!","Likes":""},{"Name":"","Category":"","Rating":" 4 stars ","Number_of_Reviews":"","Address":"","Reviewer":"Seokhyun Kim","Reviewer_page":"https://www.google.com/maps/contrib/112690114176361603152/reviews?hl=en-US","Review_time":"a year ago","Review":"Too busy","Likes":""},{"Name":"","Category":"","Rating":" 3 stars ","Number_of_Reviews":"","Address":"","Reviewer":"Kim N. Howard (BrandingOmbuds)","Reviewer_page":"https://www.google.com/maps/contrib/107600602618713994395/reviews?hl=en-US","Review_time":"4 years ago","Review":"Bathroom smelled like Grand Central Station","Likes":""},{"Name":"","Category":"","Rating":" 3 stars ","Number_of_Reviews":"","Address":"","Reviewer":"Kevin Bay","Reviewer_page":"https://www.google.com/maps/contrib/113418701439748791406/reviews?hl=en-US","Review_time":"6 years ago","Review":"Filled with College Students all day long!","Likes":""},{"Name":"","Category":"","Rating":" 4 stars ","Number_of_Reviews":"","Address":"","Reviewer":"Carlos Alberto Bassi","Reviewer_page":"https://www.google.com/maps/contrib/109055213272417278803/reviews?hl=en-US","Review_time":"3 years ago","Review":"Nice coffee and biscuits","Likes":""},{"Name":"","Category":"","Rating":" 2 stars ","Number_of_Reviews":"","Address":"","Reviewer":"joey lopez","Reviewer_page":"https://www.google.com/maps/contrib/116166717644858097139/reviews?hl=en-US","Review_time":"3 years ago","Review":"NASTY CREW. NEVER STOP THERE AGAIN.","Likes":"1"},{"Name":"","Category":"","Rating":" 4 stars ","Number_of_Reviews":"","Address":"","Reviewer":"Sean","Reviewer_page":"https://www.google.com/maps/contrib/100951753432092013450/reviews?hl=en-US","Review_time":"10 months ago","Review":"Good service","Likes":""},{"Name":"","Category":"","Rating":" 1 star ","Number_of_Reviews":"","Address":"","Reviewer":"Sci Grl","Reviewer_page":"https://www.google.com/maps/contrib/103983600072283716609/reviews?hl=en-US","Review_time":"3 years ago","Review":"Very loud, very small","Likes":""},{"Name":"","Category":"","Rating":" 5 stars ","Number_of_Reviews":"","Address":"","Reviewer":"Josie P.","Reviewer_page":"https://www.google.com/maps/contrib/111284285883370493429/reviews?hl=en-US","Review_time":"3 years ago","Review":"Great customers services!","Likes":"1"},{"Name":"","Category":"","Rating":" 5 stars ","Number_of_Reviews":"","Address":"","Reviewer":"Ammar Fakhruddin","Reviewer_page":"https://www.google.com/maps/contrib/116708772127760111187/reviews?hl=en-US","Review_time":"3 years ago","Review":"Mind mocha is the best","Likes":""},{"Name":"","Category":"","Rating":" 4 stars ","Number_of_Reviews":"","Address":"","Reviewer":"Naveed Malik","Reviewer_page":"https://www.google.com/maps/contrib/110091737901239430189/reviews?hl=en-US","Review_time":"3 years ago","Review":"Great customer service","Likes":""},{"Name":"","Category":"","Rating":" 2 stars ","Number_of_Reviews":"","Address":"","Reviewer":"eric averbach","Reviewer_page":"https://www.google.com/maps/contrib/113677866249449769515/reviews?hl=en-US","Review_time":"3 years ago","Review":"Poorly managed store.","Likes":""},{"Name":"","Category":"","Rating":" 5 stars ","Number_of_Reviews":"","Address":"","Reviewer":"Shamaryy4","Reviewer_page":"https://www.google.com/maps/contrib/111808077690582874318/reviews?hl=en-US","Review_time":"3 years ago","Review":"Very good parteners","Likes":""},{"Name":"","Category":"","Rating":" 2 stars ","Number_of_Reviews":"","Address":"","Reviewer":"Lukas A.","Reviewer_page":"https://www.google.com/maps/contrib/109099497346050720469/reviews?hl=en-US","Review_time":"3 years ago","Review":"Not great to work at.","Likes":""},{"Name":"","Category":"","Rating":" 5 stars ","Number_of_Reviews":"","Address":"","Reviewer":"Frank Pulgiano","Reviewer_page":"https://www.google.com/maps/contrib/105016835646673153465/reviews?hl=en-US","Review_time":"3 years ago","Review":"Still #1","Likes":""},{"Name":"","Category":"","Rating":" 5 stars ","Number_of_Reviews":"","Address":"","Reviewer":"Erwin","Reviewer_page":"https://www.google.com/maps/contrib/111612674335187393011/reviews?hl=en-US","Review_time":"6 years ago","Review":"Staff is the nicest.","Likes":""},{"Name":"","Category":"","Rating":" 1 star ","Number_of_Reviews":"","Address":"","Reviewer":"Andrea Baccarelli","Reviewer_page":"https://www.google.com/maps/contrib/107586707524568258801/reviews?hl=en-US","Review_time":"4 years ago","Review":"Slowest line ever","Likes":""},{"Name":"","Category":"","Rating":" 5 stars ","Number_of_Reviews":"","Address":"","Reviewer":"jana k","Reviewer_page":"https://www.google.com/maps/contrib/115813200007150483271/reviews?hl=en-US","Review_time":"3 years ago","Review":"Great experience","Likes":""},{"Name":"","Category":"","Rating":" 5 stars ","Number_of_Reviews":"","Address":"","Reviewer":"Almeta Mccrae","Reviewer_page":"https://www.google.com/maps/contrib/116318314487637960436/reviews?hl=en-US","Review_time":"3 years ago","Review":"Awesome","Likes":""},{"Name":"","Category":"","Rating":" 5 stars ","Number_of_Reviews":"","Address":"","Reviewer":"Geoffrey Dianderas","Reviewer_page":"https://www.google.com/maps/contrib/114284867985609920516/reviews?hl=en-US","Review_time":"a year ago","Review":"It's starbucks","Likes":""},{"Name":"","Category":"","Rating":" 5 stars ","Number_of_Reviews":"","Address":"","Reviewer":"Sasha Shabal","Reviewer_page":"https://www.google.com/maps/contrib/110598161159107534388/reviews?hl=en-US","Review_time":"6 years ago","Review":"Regular Starbucks shop","Likes":""},{"Name":"","Category":"","Rating":" 5 stars ","Number_of_Reviews":"","Address":"","Reviewer":"Shubham Chavan","Reviewer_page":"https://www.google.com/maps/contrib/104670218283291197594/reviews?hl=en-US","Review_time":"3 years ago","Review":"Peaceful place.","Likes":""},{"Name":"","Category":"","Rating":" 4 stars ","Number_of_Reviews":"","Address":"","Reviewer":"Zaeem Nazir","Reviewer_page":"https://www.google.com/maps/contrib/116214643547519422415/reviews?hl=en-US","Review_time":"7 years ago","Review":"Good location.","Likes":""},{"Name":"","Category":"","Rating":" 3 stars ","Number_of_Reviews":"","Address":"","Reviewer":"Josef T-D","Reviewer_page":"https://www.google.com/maps/contrib/113926446097304583424/reviews?hl=en-US","Review_time":"6 years ago","Review":"Too crowded","Likes":""},{"Name":"","Category":"","Rating":" 3 stars ","Number_of_Reviews":"","Address":"","Reviewer":"Dan Ambrose","Reviewer_page":"https://www.google.com/maps/contrib/105057162097329035719/reviews?hl=en-US","Review_time":"6 years ago","Review":"Basic Starbucks","Likes":""},{"Name":"","Category":"","Rating":" 4 stars ","Number_of_Reviews":"","Address":"","Reviewer":"Kiyomasa Nagata","Reviewer_page":"https://www.google.com/maps/contrib/108633516864568924542/reviews?hl=en-US","Review_time":"6 years ago","Review":"cool place","Likes":""},{"Name":"","Category":"","Rating":" 4 stars ","Number_of_Reviews":"","Address":"","Reviewer":"Osvaldo A. Valdez P.","Reviewer_page":"https://www.google.com/maps/contrib/101542845596948120260/reviews?hl=en-US","Review_time":"6 days ago","Review":"(Translated by Google) The mocha with cream is excellent for the cold.\n\n(Original)\nEl moca con crema es excelente para el frío.","Likes":""},{"Name":"","Category":"","Rating":" 5 stars ","Number_of_Reviews":"","Address":"","Reviewer":"Michał K.","Reviewer_page":"https://www.google.com/maps/contrib/118062567881313520800/reviews?hl=en-US","Review_time":"2 months ago","Review":"(Translated by Google) Guaranteed coffee quality\n\n(Original)\nGwarantowana jakość kawy","Likes":""},{"Name":"","Category":"","Rating":" 5 stars ","Number_of_Reviews":"","Address":"","Reviewer":"Igor Veshchev","Reviewer_page":"https://www.google.com/maps/contrib/116904350623831168526/reviews?hl=en-US","Review_time":"a year ago","Review":"(Translated by Google) Perfect place. There are sockets and there is a toilet. In many of these cafes, the toilets are still closed.\n\n(Original)\nОтличное место. Есть розетки и есть туалет. Во многих этих кафешках туалеты ещё  закрыты.","Likes":""},{"Name":"","Category":"","Rating":" 4 stars ","Number_of_Reviews":"","Address":"","Reviewer":"Kenneth Su","Reviewer_page":"https://www.google.com/maps/contrib/109601664740721992801/reviews?hl=en-US","Review_time":"3 years ago","Review":"(Translated by Google) Coffee tastes good, the atmosphere is good\n\n(Original)\n咖啡味道不错，环境气氛还行","Likes":""},{"Name":"","Category":"","Rating":" 3 stars ","Number_of_Reviews":"","Address":"","Reviewer":"曾炜","Reviewer_page":"https://www.google.com/maps/contrib/100549409855247828763/reviews?hl=en-US","Review_time":"6 years ago","Review":"(Translated by Google) The place is too small to sit on the two stools by the door\n\n(Original)\n地方太小了，只能坐在门口的两张凳子上","Likes":""},{"Name":"","Category":"","Rating":" 5 stars ","Number_of_Reviews":"","Address":"","Reviewer":"Thiago Brito","Reviewer_page":"https://www.google.com/maps/contrib/113905020133825840822/reviews?hl=en-US","Review_time":"7 years ago","Review":"(Translated by Google) Beautiful great dishes I recommend to everyone\n\n(Original)\nLindo otimos pratos recomendo a todos","Likes":""},{"Name":"","Category":"","Rating":" 3 stars ","Number_of_Reviews":"","Address":"","Reviewer":"Chan Woo Park","Reviewer_page":"https://www.google.com/maps/contrib/100796978647196078569/reviews?hl=en-US","Review_time":"4 years ago","Review":"","Likes":""},{"Name":"","Category":"","Rating":" 5 stars ","Number_of_Reviews":"","Address":"","Reviewer":"R Q.","Reviewer_page":"https://www.google.com/maps/contrib/109872778238793595528/reviews?hl=en-US","Review_time":"3 years ago","Review":"","Likes":""},{"Name":"","Category":"","Rating":" 1 star ","Number_of_Reviews":"","Address":"","Reviewer":"orlando giraldo","Reviewer_page":"https://www.google.com/maps/contrib/101635616119001205811/reviews?hl=en-US","Review_time":"3 years ago","Review":"(Translated by Google) Very bad attention!!!\n\n(Original)\nMuy mala la atención!!!","Likes":"1"},{"Name":"","Category":"","Rating":" 5 stars ","Number_of_Reviews":"","Address":"","Reviewer":"Janeth Gil Piedrahita","Reviewer_page":"https://www.google.com/maps/contrib/118433855529189766004/reviews?hl=en-US","Review_time":"a year ago","Review":"(Translated by Google) The best coffee\n\n(Original)\nEl mejor café","Likes":"1"},{"Name":"","Category":"","Rating":" 5 stars ","Number_of_Reviews":"","Address":"","Reviewer":"Sonia Escobar","Reviewer_page":"https://www.google.com/maps/contrib/104911818214051601507/reviews?hl=en-US","Review_time":"3 years ago","Review":"(Translated by Google) excellent.\n\n(Original)\nExelente.","Likes":""},{"Name":"","Category":"","Rating":" 5 stars ","Number_of_Reviews":"","Address":"","Reviewer":"alexandra marchant","Reviewer_page":"https://www.google.com/maps/contrib/110993408718624497487/reviews?hl=en-US","Review_time":"4 years ago","Review":"(Translated by Google) Fabulous\n\n(Original)\nFabuloso","Likes":""},{"Name":"","Category":"","Rating":" 5 stars ","Number_of_Reviews":"","Address":"","Reviewer":"Milie","Reviewer_page":"https://www.google.com/maps/contrib/101868191851532387370/reviews?hl=en-US","Review_time":"5 months ago","Review":"","Likes":""},{"Name":"","Category":"","Rating":" 5 stars ","Number_of_Reviews":"","Address":"","Reviewer":"Reuben Paul","Reviewer_page":"https://www.google.com/maps/contrib/106001038655212481120/reviews?hl=en-US","Review_time":"a year ago","Review":"","Likes":""},{"Name":"","Category":"","Rating":" 4 stars ","Number_of_Reviews":"","Address":"","Reviewer":"Mohamed Soliman","Reviewer_page":"https://www.google.com/maps/contrib/113567695847875173342/reviews?hl=en-US","Review_time":"a year ago","Review":"","Likes":""},{"Name":"","Category":"","Rating":" 5 stars ","Number_of_Reviews":"","Address":"","Reviewer":"소iris52667","Reviewer_page":"https://www.google.com/maps/contrib/101198538655634194491/reviews?hl=en-US","Review_time":"a year ago","Review":"","Likes":""},{"Name":"","Category":"","Rating":" 5 stars ","Number_of_Reviews":"","Address":"","Reviewer":"Ya Gurl “4C” Explores","Reviewer_page":"https://www.google.com/maps/contrib/118020633998575298275/reviews?hl=en-US","Review_time":"a year ago","Review":"","Likes":""},{"Name":"","Category":"","Rating":" 4 stars ","Number_of_Reviews":"","Address":"","Reviewer":"Arrbel Dobson","Reviewer_page":"https://www.google.com/maps/contrib/110451337787924173078/reviews?hl=en-US","Review_time":"a year ago","Review":"","Likes":""},{"Name":"","Category":"","Rating":" 4 stars ","Number_of_Reviews":"","Address":"","Reviewer":"Min-Ho Hong","Reviewer_page":"https://www.google.com/maps/contrib/111905615396116256274/reviews?hl=en-US","Review_time":"2 years ago","Review":"","Likes":""},{"Name":"","Category":"","Rating":" 5 stars ","Number_of_Reviews":"","Address":"","Reviewer":"Carlos Novais","Reviewer_page":"https://www.google.com/maps/contrib/114671581298528102554/reviews?hl=en-US","Review_time":"3 years ago","Review":"","Likes":""},{"Name":"","Category":"","Rating":" 3 stars ","Number_of_Reviews":"","Address":"","Reviewer":"George Calin","Reviewer_page":"https://www.google.com/maps/contrib/114337930007299070618/reviews?hl=en-US","Review_time":"4 years ago","Review":"","Likes":""},{"Name":"","Category":"","Rating":" 4 stars ","Number_of_Reviews":"","Address":"","Reviewer":"John Bato (JBLuv)","Reviewer_page":"https://www.google.com/maps/contrib/108718656993155036973/reviews?hl=en-US","Review_time":"6 months ago","Review":"","Likes":""},{"Name":"","Category":"","Rating":" 4 stars ","Number_of_Reviews":"","Address":"","Reviewer":"Julianne Guerrero","Reviewer_page":"https://www.google.com/maps/contrib/115959156607777605037/reviews?hl=en-US","Review_time":"a year ago","Review":"","Likes":""},{"Name":"","Category":"","Rating":" 3 stars ","Number_of_Reviews":"","Address":"","Reviewer":"박혜영","Reviewer_page":"https://www.google.com/maps/contrib/109943107160249466963/reviews?hl=en-US","Review_time":"2 years ago","Review":"","Likes":""},{"Name":"","Category":"","Rating":" 4 stars ","Number_of_Reviews":"","Address":"","Reviewer":"Vanessa","Reviewer_page":"https://www.google.com/maps/contrib/114143019710799926334/reviews?hl=en-US","Review_time":"3 years ago","Review":"","Likes":""},{"Name":"","Category":"","Rating":" 5 stars ","Number_of_Reviews":"","Address":"","Reviewer":"Orokia Tapsoba","Reviewer_page":"https://www.google.com/maps/contrib/105647742480719140052/reviews?hl=en-US","Review_time":"3 years ago","Review":"","Likes":""},{"Name":"","Category":"","Rating":" 2 stars ","Number_of_Reviews":"","Address":"","Reviewer":"Emalee Acosta","Reviewer_page":"https://www.google.com/maps/contrib/108968116864626380329/reviews?hl=en-US","Review_time":"3 years ago","Review":"","Likes":""},{"Name":"","Category":"","Rating":" 5 stars ","Number_of_Reviews":"","Address":"","Reviewer":"Jon Carlo Dominguez","Reviewer_page":"https://www.google.com/maps/contrib/100122164728688425327/reviews?hl=en-US","Review_time":"5 years ago","Review":"","Likes":""},{"Name":"","Category":"","Rating":" 5 stars ","Number_of_Reviews":"","Address":"","Reviewer":"Cooper Glick","Reviewer_page":"https://www.google.com/maps/contrib/109155163465373073721/reviews?hl=en-US","Review_time":"3 years ago","Review":"","Likes":""},{"Name":"","Category":"","Rating":" 5 stars ","Number_of_Reviews":"","Address":"","Reviewer":"Geeta Ramsarran","Reviewer_page":"https://www.google.com/maps/contrib/101823030892725333134/reviews?hl=en-US","Review_time":"a year ago","Review":"","Likes":""},{"Name":"","Category":"","Rating":" 5 stars ","Number_of_Reviews":"","Address":"","Reviewer":"Jeanmar Antoine","Reviewer_page":"https://www.google.com/maps/contrib/105500444933617796072/reviews?hl=en-US","Review_time":"3 months ago","Review":"","Likes":""},{"Name":"","Category":"","Rating":" 5 stars ","Number_of_Reviews":"","Address":"","Reviewer":"Shahariar shadab","Reviewer_page":"https://www.google.com/maps/contrib/107476295416782886837/reviews?hl=en-US","Review_time":"4 years ago","Review":"","Likes":""},{"Name":"","Category":"","Rating":" 4 stars ","Number_of_Reviews":"","Address":"","Reviewer":"Benjamin M","Reviewer_page":"https://www.google.com/maps/contrib/112975042835000999868/reviews?hl=en-US","Review_time":"6 years ago","Review":"","Likes":""},{"Name":"","Category":"","Rating":" 1 star ","Number_of_Reviews":"","Address":"","Reviewer":"Suren Lalwani","Reviewer_page":"https://www.google.com/maps/contrib/115438579667986630161/reviews?hl=en-US","Review_time":"2 years ago","Review":"","Likes":""},{"Name":"","Category":"","Rating":" 3 stars ","Number_of_Reviews":"","Address":"","Reviewer":"mike carragee","Reviewer_page":"https://www.google.com/maps/contrib/113739330728561995087/reviews?hl=en-US","Review_time":"3 years ago","Review":"","Likes":""},{"Name":"","Category":"","Rating":" 5 stars ","Number_of_Reviews":"","Address":"","Reviewer":"remessys cervantes","Reviewer_page":"https://www.google.com/maps/contrib/105438516371756594316/reviews?hl=en-US","Review_time":"3 years ago","Review":"","Likes":""},{"Name":"","Category":"","Rating":" 5 stars ","Number_of_Reviews":"","Address":"","Reviewer":"Tristan Letourneau","Reviewer_page":"https://www.google.com/maps/contrib/113824230688904084177/reviews?hl=en-US","Review_time":"8 months ago","Review":"","Likes":""},{"Name":"","Category":"","Rating":" 4 stars ","Number_of_Reviews":"","Address":"","Reviewer":"Ellen Smith","Reviewer_page":"https://www.google.com/maps/contrib/108145986332954526885/reviews?hl=en-US","Review_time":"4 years ago","Review":"","Likes":""},{"Name":"","Category":"","Rating":" 5 stars ","Number_of_Reviews":"","Address":"","Reviewer":"Łukasz Syska","Reviewer_page":"https://www.google.com/maps/contrib/110566287356591394981/reviews?hl=en-US","Review_time":"4 years ago","Review":"","Likes":""},{"Name":"","Category":"","Rating":" 5 stars ","Number_of_Reviews":"","Address":"","Reviewer":"Илья Соков","Reviewer_page":"https://www.google.com/maps/contrib/115624092791303173837/reviews?hl=en-US","Review_time":"6 years ago","Review":"","Likes":""},{"Name":"","Category":"","Rating":" 4 stars ","Number_of_Reviews":"","Address":"","Reviewer":"Montana St. Pierre","Reviewer_page":"https://www.google.com/maps/contrib/100390818516131488617/reviews?hl=en-US","Review_time":"3 years ago","Review":"","Likes":""},{"Name":"","Category":"","Rating":" 5 stars ","Number_of_Reviews":"","Address":"","Reviewer":"Cassandra Porter","Reviewer_page":"https://www.google.com/maps/contrib/100462922808998035269/reviews?hl=en-US","Review_time":"7 months ago","Review":"","Likes":""},{"Name":"","Category":"","Rating":" 4 stars ","Number_of_Reviews":"","Address":"","Reviewer":"Irene Kao","Reviewer_page":"https://www.google.com/maps/contrib/101917057240648642758/reviews?hl=en-US","Review_time":"5 years ago","Review":"","Likes":""},{"Name":"","Category":"","Rating":" 5 stars ","Number_of_Reviews":"","Address":"","Reviewer":"Alex Alafoyiannis","Reviewer_page":"https://www.google.com/maps/contrib/110778971346519424896/reviews?hl=en-US","Review_time":"3 years ago","Review":"","Likes":""},{"Name":"","Category":"","Rating":" 5 stars ","Number_of_Reviews":"","Address":"","Reviewer":"Zino Haro","Reviewer_page":"https://www.google.com/maps/contrib/109302055861738574387/reviews?hl=en-US","Review_time":"3 years ago","Review":"","Likes":""},{"Name":"","Category":"","Rating":" 4 stars ","Number_of_Reviews":"","Address":"","Reviewer":"Chaim Goldberg","Reviewer_page":"https://www.google.com/maps/contrib/110066037852724347105/reviews?hl=en-US","Review_time":"3 years ago","Review":"","Likes":""},{"Name":"","Category":"","Rating":" 5 stars ","Number_of_Reviews":"","Address":"","Reviewer":"Uğur Öcal","Reviewer_page":"https://www.google.com/maps/contrib/112720298156398571564/reviews?hl=en-US","Review_time":"6 months ago","Review":"","Likes":""},{"Name":"","Category":"","Rating":" 5 stars ","Number_of_Reviews":"","Address":"","Reviewer":"GERMANIA PEREZ","Reviewer_page":"https://www.google.com/maps/contrib/101552604493857682885/reviews?hl=en-US","Review_time":"a year ago","Review":"","Likes":""},{"Name":"","Category":"","Rating":" 1 star ","Number_of_Reviews":"","Address":"","Reviewer":"Gaurav Kulkarni","Reviewer_page":"https://www.google.com/maps/contrib/114529721868372070855/reviews?hl=en-US","Review_time":"a year ago","Review":"","Likes":""},{"Name":"","Category":"","Rating":" 5 stars ","Number_of_Reviews":"","Address":"","Reviewer":"Crystal (crystal nieves)","Reviewer_page":"https://www.google.com/maps/contrib/117298371861986312139/reviews?hl=en-US","Review_time":"3 years ago","Review":"","Likes":""},{"Name":"","Category":"","Rating":" 4 stars ","Number_of_Reviews":"","Address":"","Reviewer":"Vrashank Dave","Reviewer_page":"https://www.google.com/maps/contrib/116137995572174773210/reviews?hl=en-US","Review_time":"2 years ago","Review":"","Likes":""},{"Name":"","Category":"","Rating":" 3 stars ","Number_of_Reviews":"","Address":"","Reviewer":"Jason McColly","Reviewer_page":"https://www.google.com/maps/contrib/104073096237978415073/reviews?hl=en-US","Review_time":"6 years ago","Review":"","Likes":""},{"Name":"","Category":"","Rating":" 5 stars ","Number_of_Reviews":"","Address":"","Reviewer":"Fabian Repplinger","Reviewer_page":"https://www.google.com/maps/contrib/116482531787834966652/reviews?hl=en-US","Review_time":"3 years ago","Review":"","Likes":""},{"Name":"","Category":"","Rating":" 2 stars ","Number_of_Reviews":"","Address":"","Reviewer":"tetsu n","Reviewer_page":"https://www.google.com/maps/contrib/116544396053985646939/reviews?hl=en-US","Review_time":"a year ago","Review":"","Likes":""},{"Name":"","Category":"","Rating":" 4 stars ","Number_of_Reviews":"","Address":"","Reviewer":"Nadeem Khan","Reviewer_page":"https://www.google.com/maps/contrib/106203155813063838158/reviews?hl=en-US","Review_time":"a year ago","Review":"","Likes":""},{"Name":"","Category":"","Rating":" 2 stars ","Number_of_Reviews":"","Address":"","Reviewer":"三土","Reviewer_page":"https://www.google.com/maps/contrib/105109526722886644405/reviews?hl=en-US","Review_time":"3 years ago","Review":"","Likes":""},{"Name":"","Category":"","Rating":" 5 stars ","Number_of_Reviews":"","Address":"","Reviewer":"Abdul Rafay","Reviewer_page":"https://www.google.com/maps/contrib/110805646616774584019/reviews?hl=en-US","Review_time":"3 years ago","Review":"","Likes":""},{"Name":"","Category":"","Rating":" 4 stars ","Number_of_Reviews":"","Address":"","Reviewer":"Nader Babar","Reviewer_page":"https://www.google.com/maps/contrib/117364398491740723164/reviews?hl=en-US","Review_time":"2 years ago","Review":"","Likes":""},{"Name":"","Category":"","Rating":" 5 stars ","Number_of_Reviews":"","Address":"","Reviewer":"Rowen Frederick","Reviewer_page":"https://www.google.com/maps/contrib/116873061645068032783/reviews?hl=en-US","Review_time":"3 years ago","Review":"","Likes":""},{"Name":"","Category":"","Rating":" 5 stars ","Number_of_Reviews":"","Address":"","Reviewer":"김영근","Reviewer_page":"https://www.google.com/maps/contrib/101853396016088195368/reviews?hl=en-US","Review_time":"5 months ago","Review":"","Likes":""},{"Name":"","Category":"","Rating":" 5 stars ","Number_of_Reviews":"","Address":"","Reviewer":"Alex Fernando Mojica Jimenez","Reviewer_page":"https://www.google.com/maps/contrib/109551937974599419714/reviews?hl=en-US","Review_time":"3 years ago","Review":"","Likes":""},{"Name":"","Category":"","Rating":" 3 stars ","Number_of_Reviews":"","Address":"","Reviewer":"David Brwn","Reviewer_page":"https://www.google.com/maps/contrib/112008796663158155861/reviews?hl=en-US","Review_time":"3 years ago","Review":"","Likes":""},{"Name":"","Category":"","Rating":" 5 stars ","Number_of_Reviews":"","Address":"","Reviewer":"Waldo","Reviewer_page":"https://www.google.com/maps/contrib/103751856744948691591/reviews?hl=en-US","Review_time":"3 years ago","Review":"","Likes":""},{"Name":"","Category":"","Rating":" 5 stars ","Number_of_Reviews":"","Address":"","Reviewer":"Gretchen Berger","Reviewer_page":"https://www.google.com/maps/contrib/102173212809082262593/reviews?hl=en-US","Review_time":"3 years ago","Review":"","Likes":""},{"Name":"","Category":"","Rating":" 5 stars ","Number_of_Reviews":"","Address":"","Reviewer":"D J","Reviewer_page":"https://www.google.com/maps/contrib/104047348425430947753/reviews?hl=en-US","Review_time":"3 years ago","Review":"","Likes":""},{"Name":"","Category":"","Rating":" 5 stars ","Number_of_Reviews":"","Address":"","Reviewer":"Natalia De Jesus","Reviewer_page":"https://www.google.com/maps/contrib/116045307143966173360/reviews?hl=en-US","Review_time":"4 years ago","Review":"","Likes":""},{"Name":"","Category":"","Rating":" 4 stars ","Number_of_Reviews":"","Address":"","Reviewer":"Adnan Siddiqi","Reviewer_page":"https://www.google.com/maps/contrib/115191500215302096663/reviews?hl=en-US","Review_time":"2 years ago","Review":"","Likes":""},{"Name":"","Category":"","Rating":" 4 stars ","Number_of_Reviews":"","Address":"","Reviewer":"Darrell Holmes","Reviewer_page":"https://www.google.com/maps/contrib/105605312774995193823/reviews?hl=en-US","Review_time":"3 years ago","Review":"","Likes":""},{"Name":"","Category":"","Rating":" 4 stars ","Number_of_Reviews":"","Address":"","Reviewer":"Abby Stein","Reviewer_page":"https://www.google.com/maps/contrib/110491866762308720270/reviews?hl=en-US","Review_time":"4 years ago","Review":"","Likes":""},{"Name":"","Category":"","Rating":" 3 stars ","Number_of_Reviews":"","Address":"","Reviewer":"Nicole Brinson","Reviewer_page":"https://www.google.com/maps/contrib/113632620152554782672/reviews?hl=en-US","Review_time":"7 years ago","Review":"","Likes":""},{"Name":"","Category":"","Rating":" 3 stars ","Number_of_Reviews":"","Address":"","Reviewer":"Jonathan Silva","Reviewer_page":"https://www.google.com/maps/contrib/111016701281917934809/reviews?hl=en-US","Review_time":"3 years ago","Review":"","Likes":""},{"Name":"","Category":"","Rating":" 5 stars ","Number_of_Reviews":"","Address":"","Reviewer":"Amrita","Reviewer_page":"https://www.google.com/maps/contrib/111446868736003285546/reviews?hl=en-US","Review_time":"a year ago","Review":"","Likes":""},{"Name":"","Category":"","Rating":" 5 stars ","Number_of_Reviews":"","Address":"","Reviewer":"Sky Song","Reviewer_page":"https://www.google.com/maps/contrib/111836418635666693909/reviews?hl=en-US","Review_time":"5 months ago","Review":"","Likes":""},{"Name":"","Category":"","Rating":" 5 stars ","Number_of_Reviews":"","Address":"","Reviewer":"Okera C","Reviewer_page":"https://www.google.com/maps/contrib/101532633589826413753/reviews?hl=en-US","Review_time":"6 years ago","Review":"","Likes":""},{"Name":"","Category":"","Rating":" 4 stars ","Number_of_Reviews":"","Address":"","Reviewer":"Xuan L","Reviewer_page":"https://www.google.com/maps/contrib/115471803468438996540/reviews?hl=en-US","Review_time":"a year ago","Review":"","Likes":""},{"Name":"","Category":"","Rating":" 5 stars ","Number_of_Reviews":"","Address":"","Reviewer":"Abigail Dominic","Reviewer_page":"https://www.google.com/maps/contrib/114079855465987440236/reviews?hl=en-US","Review_time":"4 years ago","Review":"","Likes":""},{"Name":"","Category":"","Rating":" 4 stars ","Number_of_Reviews":"","Address":"","Reviewer":"Jakin Wu","Reviewer_page":"https://www.google.com/maps/contrib/109459997071864165170/reviews?hl=en-US","Review_time":"4 years ago","Review":"","Likes":""},{"Name":"","Category":"","Rating":" 5 stars ","Number_of_Reviews":"","Address":"","Reviewer":"Masha Danilenko","Reviewer_page":"https://www.google.com/maps/contrib/104811598343387278198/reviews?hl=en-US","Review_time":"4 years ago","Review":"","Likes":""},{"Name":"","Category":"","Rating":" 5 stars ","Number_of_Reviews":"","Address":"","Reviewer":"Sara Schifferdecker","Reviewer_page":"https://www.google.com/maps/contrib/112576744774889413134/reviews?hl=en-US","Review_time":"5 years ago","Review":"","Likes":""},{"Name":"","Category":"","Rating":" 5 stars ","Number_of_Reviews":"","Address":"","Reviewer":"Sajo Thomas","Reviewer_page":"https://www.google.com/maps/contrib/113246833892427179715/reviews?hl=en-US","Review_time":"3 years ago","Review":"","Likes":""},{"Name":"","Category":"","Rating":" 2 stars ","Number_of_Reviews":"","Address":"","Reviewer":"Adam Johnson","Reviewer_page":"https://www.google.com/maps/contrib/112277105999513214034/reviews?hl=en-US","Review_time":"5 years ago","Review":"","Likes":""},{"Name":"","Category":"","Rating":" 4 stars ","Number_of_Reviews":"","Address":"","Reviewer":"Ki Cooley Winters","Reviewer_page":"https://www.google.com/maps/contrib/106271148417252138091/reviews?hl=en-US","Review_time":"3 years ago","Review":"","Likes":""},{"Name":"","Category":"","Rating":" 5 stars ","Number_of_Reviews":"","Address":"","Reviewer":"Ken Doesschate","Reviewer_page":"https://www.google.com/maps/contrib/109637963699226528952/reviews?hl=en-US","Review_time":"3 years ago","Review":"","Likes":""},{"Name":"","Category":"","Rating":" 3 stars ","Number_of_Reviews":"","Address":"","Reviewer":"Luca Wehrstedt","Reviewer_page":"https://www.google.com/maps/contrib/111627401192530049624/reviews?hl=en-US","Review_time":"5 years ago","Review":"","Likes":""},{"Name":"","Category":"","Rating":" 4 stars ","Number_of_Reviews":"","Address":"","Reviewer":"Jessica Daniels","Reviewer_page":"https://www.google.com/maps/contrib/103415272005053549370/reviews?hl=en-US","Review_time":"3 years ago","Review":"","Likes":""},{"Name":"","Category":"","Rating":" 4 stars ","Number_of_Reviews":"","Address":"","Reviewer":"M. Natasha Reid","Reviewer_page":"https://www.google.com/maps/contrib/101678850226153618892/reviews?hl=en-US","Review_time":"3 years ago","Review":"","Likes":""},{"Name":"","Category":"","Rating":" 5 stars ","Number_of_Reviews":"","Address":"","Reviewer":"Pendik Saputro","Reviewer_page":"https://www.google.com/maps/contrib/105029971069873148146/reviews?hl=en-US","Review_time":"3 years ago","Review":"","Likes":""},{"Name":"","Category":"","Rating":" 3 stars ","Number_of_Reviews":"","Address":"","Reviewer":"Christian","Reviewer_page":"https://www.google.com/maps/contrib/117828301558889486148/reviews?hl=en-US","Review_time":"11 months ago","Review":"","Likes":""},{"Name":"","Category":"","Rating":" 5 stars ","Number_of_Reviews":"","Address":"","Reviewer":"kushal gulechha","Reviewer_page":"https://www.google.com/maps/contrib/118054529603088280242/reviews?hl=en-US","Review_time":"4 years ago","Review":"","Likes":""},{"Name":"","Category":"","Rating":" 3 stars ","Number_of_Reviews":"","Address":"","Reviewer":"Saurabh Sharma","Reviewer_page":"https://www.google.com/maps/contrib/112213117763897640887/reviews?hl=en-US","Review_time":"3 years ago","Review":"","Likes":""},{"Name":"","Category":"","Rating":" 4 stars ","Number_of_Reviews":"","Address":"","Reviewer":"Michael Gorovoy","Reviewer_page":"https://www.google.com/maps/contrib/105181160902876516446/reviews?hl=en-US","Review_time":"2 years ago","Review":"","Likes":""},{"Name":"","Category":"","Rating":" 5 stars ","Number_of_Reviews":"","Address":"","Reviewer":"Christy Pacheco","Reviewer_page":"https://www.google.com/maps/contrib/104197529890806317362/reviews?hl=en-US","Review_time":"2 years ago","Review":"","Likes":""},{"Name":"","Category":"","Rating":" 5 stars ","Number_of_Reviews":"","Address":"","Reviewer":"Marcus Unkown","Reviewer_page":"https://www.google.com/maps/contrib/104971789069632874060/reviews?hl=en-US","Review_time":"2 years ago","Review":"","Likes":""},{"Name":"","Category":"","Rating":" 5 stars ","Number_of_Reviews":"","Address":"","Reviewer":"Reza Nayebi","Reviewer_page":"https://www.google.com/maps/contrib/102965571094694309184/reviews?hl=en-US","Review_time":"8 years ago","Review":"","Likes":""},{"Name":"","Category":"","Rating":" 3 stars ","Number_of_Reviews":"","Address":"","Reviewer":"Juan Caicedo","Reviewer_page":"https://www.google.com/maps/contrib/108734427830013376195/reviews?hl=en-US","Review_time":"7 months ago","Review":"","Likes":""},{"Name":"","Category":"","Rating":" 3 stars ","Number_of_Reviews":"","Address":"","Reviewer":"Karl S","Reviewer_page":"https://www.google.com/maps/contrib/108050684483717474837/reviews?hl=en-US","Review_time":"3 years ago","Review":"","Likes":""},{"Name":"","Category":"","Rating":" 5 stars ","Number_of_Reviews":"","Address":"","Reviewer":"Baris peace","Reviewer_page":"https://www.google.com/maps/contrib/106839346531191062640/reviews?hl=en-US","Review_time":"a year ago","Review":"","Likes":""},{"Name":"","Category":"","Rating":" 2 stars ","Number_of_Reviews":"","Address":"","Reviewer":"Anubhav Vanamamalai","Reviewer_page":"https://www.google.com/maps/contrib/112891802894310124555/reviews?hl=en-US","Review_time":"3 weeks ago","Review":"","Likes":""},{"Name":"","Category":"","Rating":" 4 stars ","Number_of_Reviews":"","Address":"","Reviewer":"Hana Song","Reviewer_page":"https://www.google.com/maps/contrib/105822036573419261323/reviews?hl=en-US","Review_time":"5 years ago","Review":"","Likes":""},{"Name":"","Category":"","Rating":" 5 stars ","Number_of_Reviews":"","Address":"","Reviewer":"Nestor Wright","Reviewer_page":"https://www.google.com/maps/contrib/106594194676461325279/reviews?hl=en-US","Review_time":"5 months ago","Review":"","Likes":""},{"Name":"","Category":"","Rating":" 5 stars ","Number_of_Reviews":"","Address":"","Reviewer":"Mel Ryan","Reviewer_page":"https://www.google.com/maps/contrib/108865583212229767864/reviews?hl=en-US","Review_time":"6 years ago","Review":"","Likes":""},{"Name":"","Category":"","Rating":" 4 stars ","Number_of_Reviews":"","Address":"","Reviewer":"Maggie King","Reviewer_page":"https://www.google.com/maps/contrib/110138198086646139327/reviews?hl=en-US","Review_time":"4 years ago","Review":"","Likes":""},{"Name":"","Category":"","Rating":" 5 stars ","Number_of_Reviews":"","Address":"","Reviewer":"Katherine Cruz","Reviewer_page":"https://www.google.com/maps/contrib/106054882431293548603/reviews?hl=en-US","Review_time":"a year ago","Review":"","Likes":""},{"Name":"","Category":"","Rating":" 5 stars ","Number_of_Reviews":"","Address":"","Reviewer":"Javier Cardona","Reviewer_page":"https://www.google.com/maps/contrib/116689583637438047402/reviews?hl=en-US","Review_time":"3 years ago","Review":"","Likes":""},{"Name":"","Category":"","Rating":" 5 stars ","Number_of_Reviews":"","Address":"","Reviewer":"Jennifer “Jen” Hernandez","Reviewer_page":"https://www.google.com/maps/contrib/115035371131144182989/reviews?hl=en-US","Review_time":"4 years ago","Review":"","Likes":""},{"Name":"","Category":"","Rating":" 1 star ","Number_of_Reviews":"","Address":"","Reviewer":"lferrettidi","Reviewer_page":"https://www.google.com/maps/contrib/115947563621595467575/reviews?hl=en-US","Review_time":"3 years ago","Review":"","Likes":""},{"Name":"","Category":"","Rating":" 4 stars ","Number_of_Reviews":"","Address":"","Reviewer":"Alejandro Nunez","Reviewer_page":"https://www.google.com/maps/contrib/103051194386333361715/reviews?hl=en-US","Review_time":"2 years ago","Review":"","Likes":""},{"Name":"","Category":"","Rating":" 5 stars ","Number_of_Reviews":"","Address":"","Reviewer":"Inbal Lev-Ari","Reviewer_page":"https://www.google.com/maps/contrib/107054848231940774635/reviews?hl=en-US","Review_time":"4 years ago","Review":"","Likes":""},{"Name":"","Category":"","Rating":" 5 stars ","Number_of_Reviews":"","Address":"","Reviewer":"Roberto Bello","Reviewer_page":"https://www.google.com/maps/contrib/108209873108831093332/reviews?hl=en-US","Review_time":"10 months ago","Review":"","Likes":""},{"Name":"","Category":"","Rating":" 4 stars ","Number_of_Reviews":"","Address":"","Reviewer":"Kyle Weber","Reviewer_page":"https://www.google.com/maps/contrib/106624258813096272014/reviews?hl=en-US","Review_time":"5 years ago","Review":"","Likes":""},{"Name":"","Category":"","Rating":" 1 star ","Number_of_Reviews":"","Address":"","Reviewer":"Soraya Joseph","Reviewer_page":"https://www.google.com/maps/contrib/116361993042935505090/reviews?hl=en-US","Review_time":"11 months ago","Review":"","Likes":""},{"Name":"","Category":"","Rating":" 1 star ","Number_of_Reviews":"","Address":"","Reviewer":"heidy Conce","Reviewer_page":"https://www.google.com/maps/contrib/105722104026343740149/reviews?hl=en-US","Review_time":"3 years ago","Review":"","Likes":""},{"Name":"","Category":"","Rating":" 3 stars ","Number_of_Reviews":"","Address":"","Reviewer":"Albert Zhou","Reviewer_page":"https://www.google.com/maps/contrib/104369917422283462231/reviews?hl=en-US","Review_time":"7 years ago","Review":"","Likes":""},{"Name":"","Category":"","Rating":" 4 stars ","Number_of_Reviews":"","Address":"","Reviewer":"Jose William Cardona","Reviewer_page":"https://www.google.com/maps/contrib/111251077622047031070/reviews?hl=en-US","Review_time":"3 years ago","Review":"","Likes":""},{"Name":"","Category":"","Rating":" 5 stars ","Number_of_Reviews":"","Address":"","Reviewer":"Rochel Perlman","Reviewer_page":"https://www.google.com/maps/contrib/117267965229628580246/reviews?hl=en-US","Review_time":"6 months ago","Review":"","Likes":""},{"Name":"","Category":"","Rating":" 2 stars ","Number_of_Reviews":"","Address":"","Reviewer":"José Carpio","Reviewer_page":"https://www.google.com/maps/contrib/105035611637141181973/reviews?hl=en-US","Review_time":"6 years ago","Review":"","Likes":""},{"Name":"","Category":"","Rating":" 5 stars ","Number_of_Reviews":"","Address":"","Reviewer":"Rob “RMagnus” Jones","Reviewer_page":"https://www.google.com/maps/contrib/109081882816356572789/reviews?hl=en-US","Review_time":"2 years ago","Review":"","Likes":""},{"Name":"","Category":"","Rating":" 3 stars ","Number_of_Reviews":"","Address":"","Reviewer":"Cheng-Jih Chen","Reviewer_page":"https://www.google.com/maps/contrib/118071436364421880682/reviews?hl=en-US","Review_time":"3 years ago","Review":"","Likes":""},{"Name":"","Category":"","Rating":" 5 stars ","Number_of_Reviews":"","Address":"","Reviewer":"Joseph Ayoub","Reviewer_page":"https://www.google.com/maps/contrib/115996557930447704740/reviews?hl=en-US","Review_time":"3 years ago","Review":"","Likes":""},{"Name":"","Category":"","Rating":" 4 stars ","Number_of_Reviews":"","Address":"","Reviewer":"Darby Zelaskowski","Reviewer_page":"https://www.google.com/maps/contrib/101054118556079674506/reviews?hl=en-US","Review_time":"4 years ago","Review":"","Likes":""},{"Name":"","Category":"","Rating":" 4 stars ","Number_of_Reviews":"","Address":"","Reviewer":"Mattia Gritti","Reviewer_page":"https://www.google.com/maps/contrib/108495199974531108737/reviews?hl=en-US","Review_time":"2 years ago","Review":"","Likes":""},{"Name":"","Category":"","Rating":" 4 stars ","Number_of_Reviews":"","Address":"","Reviewer":"Fabián sandoval","Reviewer_page":"https://www.google.com/maps/contrib/115298079495859478710/reviews?hl=en-US","Review_time":"2 years ago","Review":"","Likes":""},{"Name":"","Category":"","Rating":" 5 stars ","Number_of_Reviews":"","Address":"","Reviewer":"Pía Moscoso","Reviewer_page":"https://www.google.com/maps/contrib/106459129662852553847/reviews?hl=en-US","Review_time":"3 years ago","Review":"","Likes":""},{"Name":"","Category":"","Rating":" 5 stars ","Number_of_Reviews":"","Address":"","Reviewer":"MN04 Nds","Reviewer_page":"https://www.google.com/maps/contrib/102786702883554405588/reviews?hl=en-US","Review_time":"2 years ago","Review":"","Likes":""},{"Name":"","Category":"","Rating":" 5 stars ","Number_of_Reviews":"","Address":"","Reviewer":"Michelle Akin","Reviewer_page":"https://www.google.com/maps/contrib/102152886916546520927/reviews?hl=en-US","Review_time":"7 months ago","Review":"","Likes":""},{"Name":"","Category":"","Rating":" 1 star ","Number_of_Reviews":"","Address":"","Reviewer":"aria halavati","Reviewer_page":"https://www.google.com/maps/contrib/100855718659976141509/reviews?hl=en-US","Review_time":"a year ago","Review":"","Likes":""},{"Name":"","Category":"","Rating":" 5 stars ","Number_of_Reviews":"","Address":"","Reviewer":"Carie R","Reviewer_page":"https://www.google.com/maps/contrib/106451988256840521605/reviews?hl=en-US","Review_time":"2 years ago","Review":"","Likes":""},{"Name":"","Category":"","Rating":" 5 stars ","Number_of_Reviews":"","Address":"","Reviewer":"Andrii Bondar","Reviewer_page":"https://www.google.com/maps/contrib/109790687351803535910/reviews?hl=en-US","Review_time":"2 years ago","Review":"","Likes":""},{"Name":"","Category":"","Rating":" 4 stars ","Number_of_Reviews":"","Address":"","Reviewer":"Kenny Wong","Reviewer_page":"https://www.google.com/maps/contrib/113190975869806047229/reviews?hl=en-US","Review_time":"4 years ago","Review":"","Likes":""},{"Name":"","Category":"","Rating":" 1 star ","Number_of_Reviews":"","Address":"","Reviewer":"Rich Cho","Reviewer_page":"https://www.google.com/maps/contrib/115820046179405480443/reviews?hl=en-US","Review_time":"a year ago","Review":"","Likes":""},{"Name":"","Category":"","Rating":" 3 stars ","Number_of_Reviews":"","Address":"","Reviewer":"Huzefah Umer","Reviewer_page":"https://www.google.com/maps/contrib/113345120287059921295/reviews?hl=en-US","Review_time":"4 years ago","Review":"","Likes":""},{"Name":"","Category":"","Rating":" 5 stars ","Number_of_Reviews":"","Address":"","Reviewer":"Fio McC","Reviewer_page":"https://www.google.com/maps/contrib/112146856496335200402/reviews?hl=en-US","Review_time":"a year ago","Review":"","Likes":""},{"Name":"","Category":"","Rating":" 5 stars ","Number_of_Reviews":"","Address":"","Reviewer":"wildry Rodriguez","Reviewer_page":"https://www.google.com/maps/contrib/107998224567764958951/reviews?hl=en-US","Review_time":"7 months ago","Review":"","Likes":""},{"Name":"","Category":"","Rating":" 5 stars ","Number_of_Reviews":"","Address":"","Reviewer":"Lindsay Dastrup","Reviewer_page":"https://www.google.com/maps/contrib/105556977204410861260/reviews?hl=en-US","Review_time":"2 years ago","Review":"","Likes":""},{"Name":"","Category":"","Rating":" 5 stars ","Number_of_Reviews":"","Address":"","Reviewer":"Venus Escobar","Reviewer_page":"https://www.google.com/maps/contrib/111891736197302965655/reviews?hl=en-US","Review_time":"4 years ago","Review":"","Likes":""},{"Name":"","Category":"","Rating":" 5 stars ","Number_of_Reviews":"","Address":"","Reviewer":"Tom Leo","Reviewer_page":"https://www.google.com/maps/contrib/112263958273481914970/reviews?hl=en-US","Review_time":"4 years ago","Review":"","Likes":""},{"Name":"","Category":"","Rating":" 1 star ","Number_of_Reviews":"","Address":"","Reviewer":"Chris Lu","Reviewer_page":"https://www.google.com/maps/contrib/113897800508745414504/reviews?hl=en-US","Review_time":"7 years ago","Review":"","Likes":""},{"Name":"","Category":"","Rating":" 1 star ","Number_of_Reviews":"","Address":"","Reviewer":"Yousef Babakr","Reviewer_page":"https://www.google.com/maps/contrib/102679411019303170728/reviews?hl=en-US","Review_time":"4 years ago","Review":"","Likes":""},{"Name":"","Category":"","Rating":" 5 stars ","Number_of_Reviews":"","Address":"","Reviewer":"Moshe","Reviewer_page":"https://www.google.com/maps/contrib/116090856686975001035/reviews?hl=en-US","Review_time":"4 years ago","Review":"","Likes":""},{"Name":"","Category":"","Rating":" 1 star ","Number_of_Reviews":"","Address":"","Reviewer":"Jessica Cayer","Reviewer_page":"https://www.google.com/maps/contrib/115564455519925690317/reviews?hl=en-US","Review_time":"2 years ago","Review":"","Likes":""},{"Name":"","Category":"","Rating":" 3 stars ","Number_of_Reviews":"","Address":"","Reviewer":"Palash Badjatya","Reviewer_page":"https://www.google.com/maps/contrib/114774872446602400434/reviews?hl=en-US","Review_time":"2 years ago","Review":"","Likes":""},{"Name":"","Category":"","Rating":" 3 stars ","Number_of_Reviews":"","Address":"","Reviewer":"yoki","Reviewer_page":"https://www.google.com/maps/contrib/109219585483669388392/reviews?hl=en-US","Review_time":"2 years ago","Review":"","Likes":""},{"Name":"","Category":"","Rating":" 4 stars ","Number_of_Reviews":"","Address":"","Reviewer":"Alexandra","Reviewer_page":"https://www.google.com/maps/contrib/108390171362170970061/reviews?hl=en-US","Review_time":"3 years ago","Review":"","Likes":""},{"Name":"","Category":"","Rating":" 4 stars ","Number_of_Reviews":"","Address":"","Reviewer":"Sharon Lowe","Reviewer_page":"https://www.google.com/maps/contrib/100654477514672876072/reviews?hl=en-US","Review_time":"5 months ago","Review":"","Likes":""},{"Name":"","Category":"","Rating":" 5 stars ","Number_of_Reviews":"","Address":"","Reviewer":"surendra prabhu","Reviewer_page":"https://www.google.com/maps/contrib/115587495462877603425/reviews?hl=en-US","Review_time":"2 months ago","Review":"","Likes":""},{"Name":"","Category":"","Rating":" 5 stars ","Number_of_Reviews":"","Address":"","Reviewer":"Diana Mendez","Reviewer_page":"https://www.google.com/maps/contrib/105063137232729947923/reviews?hl=en-US","Review_time":"a year ago","Review":"","Likes":""},{"Name":"","Category":"","Rating":" 5 stars ","Number_of_Reviews":"","Address":"","Reviewer":"Diana Perez","Reviewer_page":"https://www.google.com/maps/contrib/104164277139903620880/reviews?hl=en-US","Review_time":"3 years ago","Review":"","Likes":""},{"Name":"","Category":"","Rating":" 5 stars ","Number_of_Reviews":"","Address":"","Reviewer":"Ben Abrahams","Reviewer_page":"https://www.google.com/maps/contrib/112009791663248965232/reviews?hl=en-US","Review_time":"4 years ago","Review":"","Likes":""},{"Name":"","Category":"","Rating":" 3 stars ","Number_of_Reviews":"","Address":"","Reviewer":"Nelson Gomez","Reviewer_page":"https://www.google.com/maps/contrib/107136483078577839626/reviews?hl=en-US","Review_time":"6 years ago","Review":"","Likes":""}