[{"Name":"","Category":"","Rating":" 1 star ","Number_of_Reviews":"","Address":"","Reviewer":"Storm Reid","Reviewer_page":"https://www.google.com/maps/contrib/101079943244679788350/reviews?hl=en-US","Review_time":"a month ago","Review":"This is what my drink looked like in the time that it took me to walk to the chipotle next door after 2 sips","Likes":"1"},{"Name":"","Category":"","Rating":" 1 star ","Number_of_Reviews":"","Address":"","Reviewer":"elizabeth peralta","Reviewer_page":"https://www.google.com/maps/contrib/111062370525427244087/reviews?hl=en-US","Review_time":"a year ago","Review":"I was at starbucks for more than 10min waiting on a black coffee something simple and I had to leave my order behind because it wasn't done poor customer service for a Starbucks that a lot of people.go.too they should be a bit faster especially with the morning orders when people have to go to work","Likes":"1"},{"Name":"","Category":"","Rating":" 5 stars ","Number_of_Reviews":"","Address":"","Reviewer":"Reina Fuentes","Reviewer_page":"https://www.google.com/maps/contrib/118179679684136344429/reviews?hl=en-US","Review_time":"a year ago","Review":"Staff is very professional and helpful, loved my chai latte!!","Likes":""},{"Name":"","Category":"","Rating":" 4 stars ","Number_of_Reviews":"","Address":"","Reviewer":"Alexander Fu","Reviewer_page":"https://www.google.com/maps/contrib/115916023314857474231/reviews?hl=en-US","Review_time":"11 months ago","Review":"Quality of food is good but waiting times can be long.","Likes":""},{"Name":"","Category":"","Rating":" 1 star ","Number_of_Reviews":"","Address":"","Reviewer":"4514isus","Reviewer_page":"https://www.google.com/maps/contrib/107735581239750802219/reviews?hl=en-US","Review_time":"2 years ago","Review":"Its about a 30% chance they make your drink right at this starbucks. Some of the workers are really nice but some of them get annoyed at you for THEIR mistakes. I dont know what i did wrong by just ordering my drink? I get that it can be annoying if the customer makes a mistake that you have to fix but if its the other way around you really cant be mad","Likes":"2"},{"Name":"","Category":"","Rating":" 2 stars ","Number_of_Reviews":"","Address":"","Reviewer":"Renee Hernandez","Reviewer_page":"https://www.google.com/maps/contrib/102898546511778988730/reviews?hl=en-US","Review_time":"a year ago","Review":"I ordered the caramel brulee large and they gave it to me in a medium cup causing it to drip all over my jacket . I asked for a straw as instructed and they where’ out of straws which is understandable , but putting it in the wrong cup they could have said they where out of large cups if that was the case ! . Also it didn’t taste like it was supposed to . Get it together people !!","Likes":""},{"Name":"","Category":"","Rating":" 5 stars ","Number_of_Reviews":"","Address":"","Reviewer":"Luis Alberto","Reviewer_page":"https://www.google.com/maps/contrib/109299697594937125252/reviews?hl=en-US","Review_time":"a year ago","Review":"One of the best coffee","Likes":""},{"Name":"","Category":"","Rating":" 5 stars ","Number_of_Reviews":"","Address":"","Reviewer":"Jonathan M","Reviewer_page":"https://www.google.com/maps/contrib/117398347761796632277/reviews?hl=en-US","Review_time":"11 months ago","Review":"","Likes":""},{"Name":"","Category":"","Rating":" 2 stars ","Number_of_Reviews":"","Address":"","Reviewer":"Nina Horisaki-Christens","Reviewer_page":"https://www.google.com/maps/contrib/116341493055242076974/reviews?hl=en-US","Review_time":"9 months ago","Review":"","Likes":""},{"Name":"","Category":"","Rating":" 1 star ","Number_of_Reviews":"","Address":"","Reviewer":"shaker chowdhury","Reviewer_page":"https://www.google.com/maps/contrib/111194160830994844184/reviews?hl=en-US","Review_time":"6 months ago","Review":"","Likes":""},{"Name":"","Category":"","Rating":" 4 stars ","Number_of_Reviews":"","Address":"","Reviewer":"helen afuape","Reviewer_page":"https://www.google.com/maps/contrib/104142018267707863326/reviews?hl=en-US","Review_time":"5 months ago","Review":"","Likes":""},{"Name":"","Category":"","Rating":" 1 star ","Number_of_Reviews":"","Address":"","Reviewer":"Sierra Jose","Reviewer_page":"https://www.google.com/maps/contrib/112157060231033584530/reviews?hl=en-US","Review_time":"a year ago","Review":"","Likes":""},{"Name":"","Category":"","Rating":" 5 stars ","Number_of_Reviews":"","Address":"","Reviewer":"La lết ở mỹ","Reviewer_page":"https://www.google.com/maps/contrib/103183859725561446768/reviews?hl=en-US","Review_time":"3 years ago","Review":"","Likes":""},{"Name":"","Category":"","Rating":" 1 star ","Number_of_Reviews":"","Address":"","Reviewer":"מור ספיר","Reviewer_page":"https://www.google.com/maps/contrib/102082447557856205815/reviews?hl=en-US","Review_time":"2 years ago","Review":"","Likes":""},{"Name":"","Category":"","Rating":" 3 stars ","Number_of_Reviews":"","Address":"","Reviewer":"annmarie Bianchi","Reviewer_page":"https://www.google.com/maps/contrib/114474746756923679507/reviews?hl=en-US","Review_time":"a month ago","Review":"","Likes":""},{"Name":"","Category":"","Rating":" 5 stars ","Number_of_Reviews":"","Address":"","Reviewer":"Zainab Maqsood","Reviewer_page":"https://www.google.com/maps/contrib/106387874604394813165/reviews?hl=en-US","Review_time":"7 months ago","Review":"","Likes":""}