[{"Name":"","Category":"","Rating":" 5 stars ","Number_of_Reviews":"","Address":"","Reviewer":"R Wang","Reviewer_page":"https://www.google.com/maps/contrib/111165791394820350412/reviews?hl=en-US","Review_time":"3 months ago","Review":"They change the team! The woman in the register came and greeting with beautiful smile then other staffs as well. I kind of surprised in the beginning because usually I always come here, but nothing like this. Then I realize that the staffs who work today I never see they face before ( as of Friday Aug 19 around 4:00 pm) This new staff team have a lot of smiles and service mind.  I love it. I like to see them enjoy working. Thank you. All of you make my day. Keep it up good !😆","Likes":"1"},{"Name":"","Category":"","Rating":" 1 star ","Number_of_Reviews":"","Address":"","Reviewer":"mervin huezo","Reviewer_page":"https://www.google.com/maps/contrib/114229016802506337391/reviews?hl=en-US","Review_time":"a week ago","Review":"I was having coffee with my wife at 8.30 pm and all the chairs were up on the tables, they are suppose to close at 9.30 pm. We sat at one of the tables and the thin Spanish girl with reindeer on her head was very nasty and said we can sit there. We sat at another table and told us to leave at 8.55 that they were closing. We have been there many times at that time ane never treated in a a nasty tone and asked us to leave so early... she has a nasty attitude. This happen 11/9/22 at 8.30 pm","Likes":""},{"Name":"","Category":"","Rating":" 4 stars ","Number_of_Reviews":"","Address":"","Reviewer":"try","Reviewer_page":"https://www.google.com/maps/contrib/112238967335332865378/reviews?hl=en-US","Review_time":"a week ago","Review":"My white girl loves this place! Idk why 😁🌝","Likes":""},{"Name":"","Category":"","Rating":" 5 stars ","Number_of_Reviews":"","Address":"","Reviewer":"sabiq Sabit","Reviewer_page":"https://www.google.com/maps/contrib/105487982425304890797/reviews?hl=en-US","Review_time":"6 days ago","Review":"All amazing, name spelt correctly, and extra caramel in drink","Likes":""},{"Name":"","Category":"","Rating":" 3 stars ","Number_of_Reviews":"","Address":"","Reviewer":"Alex Delgado","Reviewer_page":"https://www.google.com/maps/contrib/117917359446609251240/reviews?hl=en-US","Review_time":"2 months ago","Review":"I miss the old staff the only one who's still there is this rude older woman who has this look of just complete distain for people. Out of all the people to stay. The new staff is friendly but not yet used to high traffic this location receives. I been going to this Starbucks pretty much every day before work for the last 4 months and I am now noticing the longer wait. Prior staff knew my name super friendly and we're pretty quick. Part of my thinks they might have tried to unionize and got the boot.","Likes":"1"},{"Name":"","Category":"","Rating":" 5 stars ","Number_of_Reviews":"","Address":"","Reviewer":"Yajaira Eduardo","Reviewer_page":"https://www.google.com/maps/contrib/101050970659191071143/reviews?hl=en-US","Review_time":"4 months ago","Review":"This is a great addition to our community. The staff has always been nice to me and my children.","Likes":""},{"Name":"","Category":"","Rating":" 3 stars ","Number_of_Reviews":"","Address":"","Reviewer":"Ferris Coleman","Reviewer_page":"https://www.google.com/maps/contrib/107921123032270630121/reviews?hl=en-US","Review_time":"2 months ago","Review":"I'm giving this Starbucks 3/5 because outside of the establishment is where they put the trash and make no effort at cleaning the sidewalk infront of their store it's a huge turn off. It's a very small area at the corner and wouldn't take much time to sweep and maybe pour a disinfectant for smell but they make no effort to make it more welcoming.","Likes":""},{"Name":"","Category":"","Rating":" 5 stars ","Number_of_Reviews":"","Address":"","Reviewer":"Terry Mitchelll","Reviewer_page":"https://www.google.com/maps/contrib/114711743869671100791/reviews?hl=en-US","Review_time":"2 months ago","Review":"Outstanding location. My go to when I can't get downtown.","Likes":""},{"Name":"","Category":"","Rating":" 1 star ","Number_of_Reviews":"","Address":"","Reviewer":"San Diego 2008","Reviewer_page":"https://www.google.com/maps/contrib/101365871184352902882/reviews?hl=en-US","Review_time":"4 months ago","Review":"Always busy and no matter how many people waiting on line tgere is ONLY ONE register even though at least 7 employees are available at a time.","Likes":""},{"Name":"","Category":"","Rating":" 4 stars ","Number_of_Reviews":"","Address":"","Reviewer":"Rashade Nelson","Reviewer_page":"https://www.google.com/maps/contrib/104371254806631174681/reviews?hl=en-US","Review_time":"8 months ago","Review":"Love having a Starbucks around the way, great to order ahead using the app. Staff is good and service was smooth","Likes":""},{"Name":"","Category":"","Rating":" 5 stars ","Number_of_Reviews":"","Address":"","Reviewer":"Norma A","Reviewer_page":"https://www.google.com/maps/contrib/117634584751769646355/reviews?hl=en-US","Review_time":"a year ago","Review":"Amazing and convenient. Right near the train. Very clean and nice staff!","Likes":"1"},{"Name":"","Category":"","Rating":" 2 stars ","Number_of_Reviews":"","Address":"","Reviewer":"Natalia Rodríguez","Reviewer_page":"https://www.google.com/maps/contrib/118184194907534747923/reviews?hl=en-US","Review_time":"4 months ago","Review":"I ordered on the app and then I got to the store like 10 minutes after that and they hadn't made my order. So I stood there waiting for almost 15 minutes and then when I asked she said that my order never got printed and she couldn't do anything about it. But they still charged me for it.","Likes":"1"},{"Name":"","Category":"","Rating":" 5 stars ","Number_of_Reviews":"","Address":"","Reviewer":"Franklyn Brown","Reviewer_page":"https://www.google.com/maps/contrib/102771310713660284810/reviews?hl=en-US","Review_time":"6 months ago","Review":"I haven't had a bad experience at this location once since coming here. Thank you Shaurice and team for being expedient and welcoming.","Likes":""},{"Name":"","Category":"","Rating":" 5 stars ","Number_of_Reviews":"","Address":"","Reviewer":"Elizabeth Delance-Florez","Reviewer_page":"https://www.google.com/maps/contrib/115353091683634128081/reviews?hl=en-US","Review_time":"6 months ago","Review":"Loved it, they were super busy and kept it cool and the lines running smoothly. My 1st time going to this location.","Likes":""},{"Name":"","Category":"","Rating":" 2 stars ","Number_of_Reviews":"","Address":"","Reviewer":"Yani Checo","Reviewer_page":"https://www.google.com/maps/contrib/117108529369020004302/reviews?hl=en-US","Review_time":"6 months ago","Review":"So glad Starbucks came to our neighborhood but the customer service at this location is at a bare minimum. The team lacks communication with the clients especially when it comes to mobile orders. Customers are left to battle it out to get the attention of a barista to grab their order and you’ll be lucky if you even get a smile. Would love to see a more positive energy out of this location","Likes":"3"},{"Name":"","Category":"","Rating":" 1 star ","Number_of_Reviews":"","Address":"","Reviewer":"Emma Mercado","Reviewer_page":"https://www.google.com/maps/contrib/101870262942398409402/reviews?hl=en-US","Review_time":"9 months ago","Review":"I didn't like there customer service.i asked for a black coffee with 3 sugars, got no sugar,so I helped myself ,she said next time ask for it, just don't take it. I said I'm sorry being that the sugar was at my reach and she was  helping someone else. She needs to learn people skills.","Likes":"1"},{"Name":"","Category":"","Rating":" 5 stars ","Number_of_Reviews":"","Address":"","Reviewer":"Tawana Alvarez","Reviewer_page":"https://www.google.com/maps/contrib/104050429192204573817/reviews?hl=en-US","Review_time":"5 months ago","Review":"The entire staff are WONDERFUL and SUPER friendly!","Likes":""},{"Name":"","Category":"","Rating":" 5 stars ","Number_of_Reviews":"","Address":"","Reviewer":"YVL v","Reviewer_page":"https://www.google.com/maps/contrib/104047051452326747420/reviews?hl=en-US","Review_time":"8 months ago","Review":"I get my coffee Here every morning, the staff is super friendly and fast.","Likes":"2"},{"Name":"","Category":"","Rating":" 2 stars ","Number_of_Reviews":"","Address":"","Reviewer":"Edgar Arevalo","Reviewer_page":"https://www.google.com/maps/contrib/112120977664093136805/reviews?hl=en-US","Review_time":"6 months ago","Review":"Out of all the Starbucks I've been to, this has to be the most bizarre when it comes to overall operation.  Ever since last Fall, there were random times where it's \"temporarily closed\" for the day, with no explanation whatsoever.  Now it closed early today, again with no explanation.  Why does this place randomly shut down every so often??","Likes":""},{"Name":"","Category":"","Rating":" 3 stars ","Number_of_Reviews":"","Address":"","Reviewer":"Rhonda Donkor","Reviewer_page":"https://www.google.com/maps/contrib/113974852450554927042/reviews?hl=en-US","Review_time":"2 months ago","Review":"I adore starbucks but this location has poor customer service now. They keep getting my order wrong and the drinks are always made differently by different baristas. So, sometimes my white chocolate mocha that I order every day is either watered down or either too strong depending on how it's made. So I never know if the coffee will be enjoyable if everyone preparing it makes it so differently. Also I will order a lemon pound cake and when I got back to my office it's a pumpkin loaf (i am also allergic to pumpkin) 😳 I know I should have checked my bag. But the person who handed it to me said it was lemon cake. I also gave the barista back my white choclate mocha and asked for whipped cream. Not noticing she handed it back with still no whipped cream. This also isn't just a one day thing. Usually there's a mix up every other couple days so please double check your orders.","Likes":""},{"Name":"","Category":"","Rating":" 2 stars ","Number_of_Reviews":"","Address":"","Reviewer":"Lashawn Seawell","Reviewer_page":"https://www.google.com/maps/contrib/117870212245253391123/reviews?hl=en-US","Review_time":"6 months ago","Review":"I Waited 20mins to order and another 10mins for my drink.  Avoid this location if you’re in a rush.","Likes":"2"},{"Name":"","Category":"","Rating":" 4 stars ","Number_of_Reviews":"","Address":"","Reviewer":"A Johnson","Reviewer_page":"https://www.google.com/maps/contrib/114679204137109473002/reviews?hl=en-US","Review_time":"8 months ago","Review":"Coffee was good, could be better, most of the syrup was at the bottom so at the end of the drink it was so sweet. Service was good and fast.","Likes":"1"},{"Name":"","Category":"","Rating":" 1 star ","Number_of_Reviews":"","Address":"","Reviewer":"aneuris Rodriguez","Reviewer_page":"https://www.google.com/maps/contrib/107406354914407168781/reviews?hl=en-US","Review_time":"a year ago","Review":"I am a Starbucks lover, I always get my special holding drink toasted white mocha with breve. This location made my drinks numerous of time wrong and the place is never clean. The unprofessionalism is unacceptable. This took away my experience away from me. So highly disappointed. All the reviews below me a scam. Basically they doing it them self. All the customers where complaining how horrible the drinks are. They never to be te train. This is the what Starbucks mission is all about. The proof is below.","Likes":"3"},{"Name":"","Category":"","Rating":" 3 stars ","Number_of_Reviews":"","Address":"","Reviewer":"Leo “Johnathan” Lima","Reviewer_page":"https://www.google.com/maps/contrib/102150371380155215818/reviews?hl=en-US","Review_time":"3 months ago","Review":"They are very slow in preparing a drink and food.","Likes":""},{"Name":"","Category":"","Rating":" 4 stars ","Number_of_Reviews":"","Address":"","Reviewer":"Maria Rose","Reviewer_page":"https://www.google.com/maps/contrib/112321200307501883930/reviews?hl=en-US","Review_time":"4 months ago","Review":"Took my daughters there once we won a Starbucks Juneteenth game","Likes":""},{"Name":"","Category":"","Rating":" 5 stars ","Number_of_Reviews":"","Address":"","Reviewer":"MELISSA","Reviewer_page":"https://www.google.com/maps/contrib/108290690648883533819/reviews?hl=en-US","Review_time":"6 months ago","Review":"I always enjoy going to Starbucks. I'm addicted to the almond croissant","Likes":""},{"Name":"","Category":"","Rating":" 5 stars ","Number_of_Reviews":"","Address":"","Reviewer":"Gabriel Martinez","Reviewer_page":"https://www.google.com/maps/contrib/102546852796726832755/reviews?hl=en-US","Review_time":"8 months ago","Review":"Ode my favorite Starbucks. They always get my drink right and are suspect fast.","Likes":"1"},{"Name":"","Category":"","Rating":" 5 stars ","Number_of_Reviews":"","Address":"","Reviewer":"Loretta Edie","Reviewer_page":"https://www.google.com/maps/contrib/102750672599116285658/reviews?hl=en-US","Review_time":"5 months ago","Review":"Carmel frap and the the service was excellent","Likes":""},{"Name":"","Category":"","Rating":" 5 stars ","Number_of_Reviews":"","Address":"","Reviewer":"Valerie Mercado","Reviewer_page":"https://www.google.com/maps/contrib/108368316953863786806/reviews?hl=en-US","Review_time":"a year ago","Review":"Me and my Daughter are so happy to have them in the neighborhood but what is going on? Tried to go to Starbucks to pick up my after work coffee and they have a sign up that they are temporarily closed 😭 You guys just opened!?!?","Likes":"3"},{"Name":"","Category":"","Rating":" 4 stars ","Number_of_Reviews":"","Address":"","Reviewer":"C Polanco","Reviewer_page":"https://www.google.com/maps/contrib/113794775890321215271/reviews?hl=en-US","Review_time":"9 months ago","Review":"Overall good service & a standard \"starbucks experience\".\n\nSome workers need better customer service training.","Likes":"1"},{"Name":"","Category":"","Rating":" 2 stars ","Number_of_Reviews":"","Address":"","Reviewer":"Lemuel Velez","Reviewer_page":"https://www.google.com/maps/contrib/108786386229254083607/reviews?hl=en-US","Review_time":"6 months ago","Review":"Been here 3 times. Two of those times were really good. This last time I ordered a Caramel macchiato and it was horrible. It was nothing like what I ordered before. I ordered a caramel macchiato all 3 times. The first two times they came out perfect. Had the pumps of vanilla and Caramel on the top. This last time. I ordered a large because I was so confident it was gonna be great. When I get to my location and finally took a sip. It has no Caramel and it's just coffee. It's really bad like so bad. Spent nearly 10 dollars the drink. Very disappointed. I'm gonna try one last time before I completely give up on this spot.","Likes":""},{"Name":"","Category":"","Rating":" 5 stars ","Number_of_Reviews":"","Address":"","Reviewer":"Erickson Morel","Reviewer_page":"https://www.google.com/maps/contrib/113979183476775802814/reviews?hl=en-US","Review_time":"5 months ago","Review":"The bartender  here are better than any one else in the bronx","Likes":"1"},{"Name":"","Category":"","Rating":" 1 star ","Number_of_Reviews":"","Address":"","Reviewer":"maria castillo","Reviewer_page":"https://www.google.com/maps/contrib/106113966104635912007/reviews?hl=en-US","Review_time":"10 months ago","Review":"I was happy when I found out about this location but, I've order here twice and both times my order came out tasting nothing like it's supposed to.","Likes":""},{"Name":"","Category":"","Rating":" 5 stars ","Number_of_Reviews":"","Address":"","Reviewer":"Melody Simmons","Reviewer_page":"https://www.google.com/maps/contrib/104353602091041152672/reviews?hl=en-US","Review_time":"5 months ago","Review":"What I want in any Starbucks, speed","Likes":""},{"Name":"","Category":"","Rating":" 1 star ","Number_of_Reviews":"","Address":"","Reviewer":"Rich Dollars","Reviewer_page":"https://www.google.com/maps/contrib/108348018967262021334/reviews?hl=en-US","Review_time":"7 months ago","Review":"Horrible , very rude workers they made my drink messy with coffee overflowing all over the cup. I told her how can she hand me that? She turned her back and walked away. I bought a venti and they only had the small straws. The manager didn’t even give an explanation as to why they didn’t have the appropriate straws. Guess thats the service when Starbucks is in the bronx. Never again!","Likes":"1"},{"Name":"","Category":"","Rating":" 5 stars ","Number_of_Reviews":"","Address":"","Reviewer":"Matthew Quinones","Reviewer_page":"https://www.google.com/maps/contrib/115185565157546559970/reviews?hl=en-US","Review_time":"a year ago","Review":"Super dope we finally have one here. Seems their menu is pretty limited at the moment sadly but this is cause they just opened up!","Likes":""},{"Name":"","Category":"","Rating":" 5 stars ","Number_of_Reviews":"","Address":"","Reviewer":"MARK JACKSON","Reviewer_page":"https://www.google.com/maps/contrib/105513460582129607580/reviews?hl=en-US","Review_time":"6 months ago","Review":"Nice place customer service awesome","Likes":"1"},{"Name":"","Category":"","Rating":" 5 stars ","Number_of_Reviews":"","Address":"","Reviewer":"toasted weirddude","Reviewer_page":"https://www.google.com/maps/contrib/114960225096976213310/reviews?hl=en-US","Review_time":"10 months ago","Review":"Cool place. Staff cool. Coffee good.","Likes":"1"},{"Name":"","Category":"","Rating":" 5 stars ","Number_of_Reviews":"","Address":"","Reviewer":"Glora Freeman","Reviewer_page":"https://www.google.com/maps/contrib/114692864911892347434/reviews?hl=en-US","Review_time":"a year ago","Review":"First time ever, it was amazing, the staff was nice & helped me decide what to get😊","Likes":""},{"Name":"","Category":"","Rating":" 4 stars ","Number_of_Reviews":"","Address":"","Reviewer":"D Glynn","Reviewer_page":"https://www.google.com/maps/contrib/109998776208613655752/reviews?hl=en-US","Review_time":"10 months ago","Review":"Slow at times, even when business is light. Lacks certain items when ordering. Atmosphere is good. Friendly service.","Likes":""},{"Name":"","Category":"","Rating":" 5 stars ","Number_of_Reviews":"","Address":"","Reviewer":"Linda Delgado","Reviewer_page":"https://www.google.com/maps/contrib/109617785553985491245/reviews?hl=en-US","Review_time":"7 months ago","Review":"I'm ready for summer and salted caramel iced coffee with sweet almond milk. 😍","Likes":"1"},{"Name":"","Category":"","Rating":" 4 stars ","Number_of_Reviews":"","Address":"","Reviewer":"Jo Gia","Reviewer_page":"https://www.google.com/maps/contrib/101330609706056479597/reviews?hl=en-US","Review_time":"a month ago","Review":"Healthy choices for breakfast and lunch.","Likes":""},{"Name":"","Category":"","Rating":" 5 stars ","Number_of_Reviews":"","Address":"","Reviewer":"Yaret Torres","Reviewer_page":"https://www.google.com/maps/contrib/101288711442861470631/reviews?hl=en-US","Review_time":"9 months ago","Review":"Starbucks is great coffee and they got some BUZZIN sandwiches ngl but dam pricey","Likes":""},{"Name":"","Category":"","Rating":" 5 stars ","Number_of_Reviews":"","Address":"","Reviewer":"Bruno Goodrow","Reviewer_page":"https://www.google.com/maps/contrib/114054047214592523064/reviews?hl=en-US","Review_time":"11 months ago","Review":"Besides of where our country is going Starbucks always has great coffee","Likes":""},{"Name":"","Category":"","Rating":" 5 stars ","Number_of_Reviews":"","Address":"","Reviewer":"Natasha Goodwyn","Reviewer_page":"https://www.google.com/maps/contrib/118006880749075277662/reviews?hl=en-US","Review_time":"a year ago","Review":"The staff is always so kind, helpful, and always has a smile and work well.","Likes":""},{"Name":"","Category":"","Rating":" 5 stars ","Number_of_Reviews":"","Address":"","Reviewer":"Jessy Trys","Reviewer_page":"https://www.google.com/maps/contrib/104904278439830738971/reviews?hl=en-US","Review_time":"11 months ago","Review":"Quick drinks and helped me what mobile order issue, super nice even when ridiculously busy","Likes":""},{"Name":"","Category":"","Rating":" 4 stars ","Number_of_Reviews":"","Address":"","Reviewer":"H Leon","Reviewer_page":"https://www.google.com/maps/contrib/103766006070228201977/reviews?hl=en-US","Review_time":"a year ago","Review":"Service was fast/good. The place also looks pretty good.","Likes":""},{"Name":"","Category":"","Rating":" 2 stars ","Number_of_Reviews":"","Address":"","Reviewer":"Johanny Castro Jimenez","Reviewer_page":"https://www.google.com/maps/contrib/104718658043497894931/reviews?hl=en-US","Review_time":"11 months ago","Review":"employee should be a little more nicer, just like the employees on the lower manhattan locations. some of them have really bad attitude.","Likes":"4"},{"Name":"","Category":"","Rating":" 5 stars ","Number_of_Reviews":"","Address":"","Reviewer":"Nancy Valentin","Reviewer_page":"https://www.google.com/maps/contrib/111498911203120003252/reviews?hl=en-US","Review_time":"4 months ago","Review":"Great 👍 Coffee!","Likes":""},{"Name":"","Category":"","Rating":" 4 stars ","Number_of_Reviews":"","Address":"","Reviewer":"Kevin Lin","Reviewer_page":"https://www.google.com/maps/contrib/102473751308457579652/reviews?hl=en-US","Review_time":"8 months ago","Review":"I mean it's starbucks, kinda slow in the morning.","Likes":""},{"Name":"","Category":"","Rating":" 5 stars ","Number_of_Reviews":"","Address":"","Reviewer":"Lydia Almeyda","Reviewer_page":"https://www.google.com/maps/contrib/105094165935822457551/reviews?hl=en-US","Review_time":"4 months ago","Review":"It was very good 👍 👌","Likes":""},{"Name":"","Category":"","Rating":" 5 stars ","Number_of_Reviews":"","Address":"","Reviewer":"Alberina Hoti","Reviewer_page":"https://www.google.com/maps/contrib/102903572133855330358/reviews?hl=en-US","Review_time":"9 months ago","Review":"Perfect location. Great customer service!","Likes":""},{"Name":"","Category":"","Rating":" 4 stars ","Number_of_Reviews":"","Address":"","Reviewer":"Antonio R Arroyo","Reviewer_page":"https://www.google.com/maps/contrib/105018552139418641554/reviews?hl=en-US","Review_time":"a year ago","Review":"I Think its cool now Norwood now has a Starbucks even though I miss twin donuts. Overall its pretty brand new and the size of thus place makes it more roomy and comfortable for a Starbucks.","Likes":"4"},{"Name":"","Category":"","Rating":" 5 stars ","Number_of_Reviews":"","Address":"","Reviewer":"KAI TRINIDAD","Reviewer_page":"https://www.google.com/maps/contrib/108418390699784705150/reviews?hl=en-US","Review_time":"a year ago","Review":"Malcolm was awesome. Definitely recommend this starbucks!! Thank you Malcolm for being amazing and making our day!!","Likes":""},{"Name":"","Category":"","Rating":" 2 stars ","Number_of_Reviews":"","Address":"","Reviewer":"Jocelyn B","Reviewer_page":"https://www.google.com/maps/contrib/112634729306900995484/reviews?hl=en-US","Review_time":"a year ago","Review":"Stopped by for a breakfast sandwich before work. Walked in at 7:10 AM. A short young man with glasses was behind the counter. He looked in my direction as if he was trying to decide whether to take my order. Eventually he walks over to the register to take my order. At this point me and one other customer are on line. I order a breakfast sandwich and pay.  20 minutes later as the shop is getting crowded i see customers that arrived after me getting their microwaved goods and drinks and im still waiting.  Finally I ask him about my sandwich and he says it's coming soon as he takes other orders and heats up other customer orders.  I need to make it to work on time. It shouldn't take 20 minutes to microwave a sandwich.  He finally hands me the sandwich like he could care less and without a word.\nThe barista was EXCELLENT ! She was friendly and fast. Too bad i had not ordered a drink this morning.\nWont be back here again.  Cant risk being late for work and dont want to deal with that cashier again.","Likes":"1"},{"Name":"","Category":"","Rating":" 4 stars ","Number_of_Reviews":"","Address":"","Reviewer":"Meekz 990","Reviewer_page":"https://www.google.com/maps/contrib/108844922180589707318/reviews?hl=en-US","Review_time":"a year ago","Review":"Took long but my God daughter was happy and the hibiscus tea is delish!","Likes":""},{"Name":"","Category":"","Rating":" 2 stars ","Number_of_Reviews":"","Address":"","Reviewer":"Erik Maisonette","Reviewer_page":"https://www.google.com/maps/contrib/108180879627953983768/reviews?hl=en-US","Review_time":"11 months ago","Review":"Just because it’s in the Bronx doesn't mean that the customer service has to be less than the Manhattan. unfortunately it was","Likes":"3"},{"Name":"","Category":"","Rating":" 1 star ","Number_of_Reviews":"","Address":"","Reviewer":"Jorge Gonzalez","Reviewer_page":"https://www.google.com/maps/contrib/118305770813867312457/reviews?hl=en-US","Review_time":"a year ago","Review":"Too slow, long lines, only one person attending","Likes":"1"},{"Name":"","Category":"","Rating":" 2 stars ","Number_of_Reviews":"","Address":"","Reviewer":"Sophia Welbeck","Reviewer_page":"https://www.google.com/maps/contrib/110397271079987568674/reviews?hl=en-US","Review_time":"a year ago","Review":"First off... let me say finally Starbucks found it worthy of us in Norwood to have you join the community Thank you!!!!   That being said, where is the customer service? Why is it that you don't have coins to give me back my change? 4 occasions? Come on now.... if I spend $9.12 .... find me my change so I can decide if I am giving you a tip....Today I go in (used a card) now you don't have enough straws?...only for Frappuccino orders? Now how am I going to drink my Venti Iced Caramel Macchiato after the Barista put her hands on the cover with no straw....Come on Starbucks You Have To Do Better!!!  I don't want to make the assumption that you think that you can half step in this community.... Dont take my support and dollars for granted!!! Do Better!!! DUNKIN IS RIGHT UP THE STREET!!!","Likes":"3"},{"Name":"","Category":"","Rating":" 3 stars ","Number_of_Reviews":"","Address":"","Reviewer":"Mūsā Ruiz","Reviewer_page":"https://www.google.com/maps/contrib/103950755164567454813/reviews?hl=en-US","Review_time":"9 months ago","Review":"Clean & fancy. Well run.","Likes":""},{"Name":"","Category":"","Rating":" 5 stars ","Number_of_Reviews":"","Address":"","Reviewer":"Marc Bolanos","Reviewer_page":"https://www.google.com/maps/contrib/114413121325215072300/reviews?hl=en-US","Review_time":"4 months ago","Review":"Gentrification in a box.","Likes":"1"},{"Name":"","Category":"","Rating":" 5 stars ","Number_of_Reviews":"","Address":"","Reviewer":"Que sosexi Wilson (Pinky)","Reviewer_page":"https://www.google.com/maps/contrib/114890501002548414745/reviews?hl=en-US","Review_time":"9 months ago","Review":"Loved this spot","Likes":""},{"Name":"","Category":"","Rating":" 5 stars ","Number_of_Reviews":"","Address":"","Reviewer":"Jovanna Lopez","Reviewer_page":"https://www.google.com/maps/contrib/100213896257456173033/reviews?hl=en-US","Review_time":"a year ago","Review":"Finally!","Likes":"1"},{"Name":"","Category":"","Rating":" 5 stars ","Number_of_Reviews":"","Address":"","Reviewer":"Reinaldo Knauer","Reviewer_page":"https://www.google.com/maps/contrib/108126741280624172279/reviews?hl=en-US","Review_time":"11 months ago","Review":"nice !!!!","Likes":""},{"Name":"","Category":"","Rating":" 4 stars ","Number_of_Reviews":"","Address":"","Reviewer":"dominguez reyes","Reviewer_page":"https://www.google.com/maps/contrib/101721405946777089712/reviews?hl=en-US","Review_time":"6 months ago","Review":"(Translated by Google) very good place\n\n(Original)\nMuy buen lugar","Likes":""},{"Name":"","Category":"","Rating":" 3 stars ","Number_of_Reviews":"","Address":"","Reviewer":"Voice of the Arabs","Reviewer_page":"https://www.google.com/maps/contrib/113904108617628380150/reviews?hl=en-US","Review_time":"10 months ago","Review":"(Translated by Google) Good, random area\n\n(Original)\nجيد المنطقه عشوائيه","Likes":""},{"Name":"","Category":"","Rating":" 5 stars ","Number_of_Reviews":"","Address":"","Reviewer":"juan tomas nunez Nunez","Reviewer_page":"https://www.google.com/maps/contrib/116730180206340347382/reviews?hl=en-US","Review_time":"11 months ago","Review":"(Translated by Google) Cappuchino latte!!\n\n(Original)\nCappuchino latte !!","Likes":""},{"Name":"","Category":"","Rating":" 5 stars ","Number_of_Reviews":"","Address":"","Reviewer":"Awilda Moncion","Reviewer_page":"https://www.google.com/maps/contrib/101558890924393348701/reviews?hl=en-US","Review_time":"3 weeks ago","Review":"","Likes":""},{"Name":"","Category":"","Rating":" 5 stars ","Number_of_Reviews":"","Address":"","Reviewer":"MARITZA","Reviewer_page":"https://www.google.com/maps/contrib/111158240946084368098/reviews?hl=en-US","Review_time":"3 months ago","Review":"","Likes":""},{"Name":"","Category":"","Rating":" 5 stars ","Number_of_Reviews":"","Address":"","Reviewer":"Ryan Raaum","Reviewer_page":"https://www.google.com/maps/contrib/105892243175315839968/reviews?hl=en-US","Review_time":"6 months ago","Review":"","Likes":""},{"Name":"","Category":"","Rating":" 5 stars ","Number_of_Reviews":"","Address":"","Reviewer":"Tyler Justice","Reviewer_page":"https://www.google.com/maps/contrib/105730598737625022284/reviews?hl=en-US","Review_time":"a week ago","Review":"","Likes":""},{"Name":"","Category":"","Rating":" 4 stars ","Number_of_Reviews":"","Address":"","Reviewer":"matthew murphy","Reviewer_page":"https://www.google.com/maps/contrib/115339147250168379651/reviews?hl=en-US","Review_time":"a week ago","Review":"","Likes":""},{"Name":"","Category":"","Rating":" 5 stars ","Number_of_Reviews":"","Address":"","Reviewer":"Trabajo Cuenta","Reviewer_page":"https://www.google.com/maps/contrib/101999386091068735946/reviews?hl=en-US","Review_time":"2 weeks ago","Review":"","Likes":""},{"Name":"","Category":"","Rating":" 5 stars ","Number_of_Reviews":"","Address":"","Reviewer":"SHARIF LAWSON","Reviewer_page":"https://www.google.com/maps/contrib/106760277357063408560/reviews?hl=en-US","Review_time":"a month ago","Review":"","Likes":""},{"Name":"","Category":"","Rating":" 5 stars ","Number_of_Reviews":"","Address":"","Reviewer":"Vanessa Javier de Morel","Reviewer_page":"https://www.google.com/maps/contrib/112703586334205049611/reviews?hl=en-US","Review_time":"a month ago","Review":"","Likes":""},{"Name":"","Category":"","Rating":" 4 stars ","Number_of_Reviews":"","Address":"","Reviewer":"Cheryl Jones","Reviewer_page":"https://www.google.com/maps/contrib/102480562192163822597/reviews?hl=en-US","Review_time":"a month ago","Review":"","Likes":""},{"Name":"","Category":"","Rating":" 5 stars ","Number_of_Reviews":"","Address":"","Reviewer":"Monet","Reviewer_page":"https://www.google.com/maps/contrib/103257570834359822084/reviews?hl=en-US","Review_time":"2 months ago","Review":"","Likes":""},{"Name":"","Category":"","Rating":" 4 stars ","Number_of_Reviews":"","Address":"","Reviewer":"Leona Johnson","Reviewer_page":"https://www.google.com/maps/contrib/106014806251831377181/reviews?hl=en-US","Review_time":"2 months ago","Review":"","Likes":""},{"Name":"","Category":"","Rating":" 4 stars ","Number_of_Reviews":"","Address":"","Reviewer":"Juan infante","Reviewer_page":"https://www.google.com/maps/contrib/101028616532616806658/reviews?hl=en-US","Review_time":"2 months ago","Review":"","Likes":""},{"Name":"","Category":"","Rating":" 5 stars ","Number_of_Reviews":"","Address":"","Reviewer":"Oshaeita Cuffee","Reviewer_page":"https://www.google.com/maps/contrib/102591839958960864249/reviews?hl=en-US","Review_time":"2 months ago","Review":"","Likes":""},{"Name":"","Category":"","Rating":" 5 stars ","Number_of_Reviews":"","Address":"","Reviewer":"MoonVlogz","Reviewer_page":"https://www.google.com/maps/contrib/117854621105894823716/reviews?hl=en-US","Review_time":"3 months ago","Review":"","Likes":""},{"Name":"","Category":"","Rating":" 4 stars ","Number_of_Reviews":"","Address":"","Reviewer":"Jazmin Matos-Rivera","Reviewer_page":"https://www.google.com/maps/contrib/101405365770720365625/reviews?hl=en-US","Review_time":"3 months ago","Review":"","Likes":""},{"Name":"","Category":"","Rating":" 5 stars ","Number_of_Reviews":"","Address":"","Reviewer":"Moises Felix","Reviewer_page":"https://www.google.com/maps/contrib/111271895160027218569/reviews?hl=en-US","Review_time":"3 months ago","Review":"","Likes":""},{"Name":"","Category":"","Rating":" 4 stars ","Number_of_Reviews":"","Address":"","Reviewer":"Sarita Brown","Reviewer_page":"https://www.google.com/maps/contrib/107720576265522182686/reviews?hl=en-US","Review_time":"3 months ago","Review":"","Likes":""},{"Name":"","Category":"","Rating":" 5 stars ","Number_of_Reviews":"","Address":"","Reviewer":"BxBomber2011","Reviewer_page":"https://www.google.com/maps/contrib/100575905443031996993/reviews?hl=en-US","Review_time":"4 months ago","Review":"","Likes":""},{"Name":"","Category":"","Rating":" 5 stars ","Number_of_Reviews":"","Address":"","Reviewer":"Leydi Diaz","Reviewer_page":"https://www.google.com/maps/contrib/109529901470012856886/reviews?hl=en-US","Review_time":"4 months ago","Review":"","Likes":""},{"Name":"","Category":"","Rating":" 4 stars ","Number_of_Reviews":"","Address":"","Reviewer":"RosaIsela Gonzalez","Reviewer_page":"https://www.google.com/maps/contrib/108558958797383000363/reviews?hl=en-US","Review_time":"4 months ago","Review":"","Likes":""},{"Name":"","Category":"","Rating":" 5 stars ","Number_of_Reviews":"","Address":"","Reviewer":"Steph Bandhoo","Reviewer_page":"https://www.google.com/maps/contrib/108774006640042792909/reviews?hl=en-US","Review_time":"5 months ago","Review":"","Likes":""},{"Name":"","Category":"","Rating":" 1 star ","Number_of_Reviews":"","Address":"","Reviewer":"Nemisis Kharma","Reviewer_page":"https://www.google.com/maps/contrib/103646513173511254048/reviews?hl=en-US","Review_time":"5 months ago","Review":"","Likes":""},{"Name":"","Category":"","Rating":" 4 stars ","Number_of_Reviews":"","Address":"","Reviewer":"Austin Scott","Reviewer_page":"https://www.google.com/maps/contrib/113865449413618737172/reviews?hl=en-US","Review_time":"5 months ago","Review":"","Likes":""},{"Name":"","Category":"","Rating":" 5 stars ","Number_of_Reviews":"","Address":"","Reviewer":"Marcelino Hernandez","Reviewer_page":"https://www.google.com/maps/contrib/107458916811752455923/reviews?hl=en-US","Review_time":"6 months ago","Review":"","Likes":""},{"Name":"","Category":"","Rating":" 4 stars ","Number_of_Reviews":"","Address":"","Reviewer":"Kai Ng","Reviewer_page":"https://www.google.com/maps/contrib/102885221111400702737/reviews?hl=en-US","Review_time":"6 months ago","Review":"","Likes":""},{"Name":"","Category":"","Rating":" 4 stars ","Number_of_Reviews":"","Address":"","Reviewer":"Christina Tamsukhin","Reviewer_page":"https://www.google.com/maps/contrib/114798129077589170014/reviews?hl=en-US","Review_time":"8 months ago","Review":"","Likes":""},{"Name":"","Category":"","Rating":" 5 stars ","Number_of_Reviews":"","Address":"","Reviewer":"Claudia P. Landa","Reviewer_page":"https://www.google.com/maps/contrib/102623199480452787066/reviews?hl=en-US","Review_time":"9 months ago","Review":"","Likes":""},{"Name":"","Category":"","Rating":" 4 stars ","Number_of_Reviews":"","Address":"","Reviewer":"Maria Rodriguez","Reviewer_page":"https://www.google.com/maps/contrib/117795002033762857447/reviews?hl=en-US","Review_time":"9 months ago","Review":"","Likes":""},{"Name":"","Category":"","Rating":" 4 stars ","Number_of_Reviews":"","Address":"","Reviewer":"Aaron Shapiro","Reviewer_page":"https://www.google.com/maps/contrib/112494159091046946230/reviews?hl=en-US","Review_time":"10 months ago","Review":"","Likes":""},{"Name":"","Category":"","Rating":" 3 stars ","Number_of_Reviews":"","Address":"","Reviewer":"David Forsythe","Reviewer_page":"https://www.google.com/maps/contrib/103009252820557209733/reviews?hl=en-US","Review_time":"11 months ago","Review":"","Likes":""},{"Name":"","Category":"","Rating":" 4 stars ","Number_of_Reviews":"","Address":"","Reviewer":"Tanya Acosta","Reviewer_page":"https://www.google.com/maps/contrib/114400261497369877499/reviews?hl=en-US","Review_time":"11 months ago","Review":"","Likes":""},{"Name":"","Category":"","Rating":" 4 stars ","Number_of_Reviews":"","Address":"","Reviewer":"Nicolle White","Reviewer_page":"https://www.google.com/maps/contrib/109297234950267308166/reviews?hl=en-US","Review_time":"11 months ago","Review":"","Likes":""},{"Name":"","Category":"","Rating":" 5 stars ","Number_of_Reviews":"","Address":"","Reviewer":"Jose “Joe” Rodriguez","Reviewer_page":"https://www.google.com/maps/contrib/102019702276295778856/reviews?hl=en-US","Review_time":"a year ago","Review":"","Likes":""},{"Name":"","Category":"","Rating":" 5 stars ","Number_of_Reviews":"","Address":"","Reviewer":"Usra Al Yafai","Reviewer_page":"https://www.google.com/maps/contrib/103390242131023275408/reviews?hl=en-US","Review_time":"a year ago","Review":"","Likes":""},{"Name":"","Category":"","Rating":" 4 stars ","Number_of_Reviews":"","Address":"","Reviewer":"Kahlil Goodwyn","Reviewer_page":"https://www.google.com/maps/contrib/115743224770769988753/reviews?hl=en-US","Review_time":"11 months ago","Review":"","Likes":""},{"Name":"","Category":"","Rating":" 5 stars ","Number_of_Reviews":"","Address":"","Reviewer":"Tiffany T","Reviewer_page":"https://www.google.com/maps/contrib/105791624279510241148/reviews?hl=en-US","Review_time":"2 months ago","Review":"","Likes":""},{"Name":"","Category":"","Rating":" 4 stars ","Number_of_Reviews":"","Address":"","Reviewer":"Sandra Palacios","Reviewer_page":"https://www.google.com/maps/contrib/100849503446308827308/reviews?hl=en-US","Review_time":"5 months ago","Review":"","Likes":""},{"Name":"","Category":"","Rating":" 5 stars ","Number_of_Reviews":"","Address":"","Reviewer":"Irfan Darsot","Reviewer_page":"https://www.google.com/maps/contrib/110475009774093466106/reviews?hl=en-US","Review_time":"2 months ago","Review":"","Likes":""},{"Name":"","Category":"","Rating":" 5 stars ","Number_of_Reviews":"","Address":"","Reviewer":"Maya Bishop","Reviewer_page":"https://www.google.com/maps/contrib/103396576642126011770/reviews?hl=en-US","Review_time":"a year ago","Review":"","Likes":""},{"Name":"","Category":"","Rating":" 5 stars ","Number_of_Reviews":"","Address":"","Reviewer":"Mona Misra","Reviewer_page":"https://www.google.com/maps/contrib/100379246745525500837/reviews?hl=en-US","Review_time":"11 months ago","Review":"","Likes":""},{"Name":"","Category":"","Rating":" 3 stars ","Number_of_Reviews":"","Address":"","Reviewer":"XIAH STORM","Reviewer_page":"https://www.google.com/maps/contrib/111671717439608219239/reviews?hl=en-US","Review_time":"11 months ago","Review":"","Likes":""},{"Name":"","Category":"","Rating":" 5 stars ","Number_of_Reviews":"","Address":"","Reviewer":"Numonet","Reviewer_page":"https://www.google.com/maps/contrib/117499853616081761365/reviews?hl=en-US","Review_time":"3 months ago","Review":"","Likes":""},{"Name":"","Category":"","Rating":" 5 stars ","Number_of_Reviews":"","Address":"","Reviewer":"꧁ĐȺɍꝁNɨnɉȺ꧂","Reviewer_page":"https://www.google.com/maps/contrib/116476532483781276548/reviews?hl=en-US","Review_time":"3 months ago","Review":"","Likes":""},{"Name":"","Category":"","Rating":" 5 stars ","Number_of_Reviews":"","Address":"","Reviewer":"Daniel Tobias Ramiro","Reviewer_page":"https://www.google.com/maps/contrib/113225718156905566524/reviews?hl=en-US","Review_time":"10 months ago","Review":"","Likes":""},{"Name":"","Category":"","Rating":" 5 stars ","Number_of_Reviews":"","Address":"","Reviewer":"Brandon coombs","Reviewer_page":"https://www.google.com/maps/contrib/114025947162901408892/reviews?hl=en-US","Review_time":"2 weeks ago","Review":"","Likes":""},{"Name":"","Category":"","Rating":" 5 stars ","Number_of_Reviews":"","Address":"","Reviewer":"Luis Torres","Reviewer_page":"https://www.google.com/maps/contrib/112989217191524813613/reviews?hl=en-US","Review_time":"a year ago","Review":"","Likes":""},{"Name":"","Category":"","Rating":" 5 stars ","Number_of_Reviews":"","Address":"","Reviewer":"LadySteph","Reviewer_page":"https://www.google.com/maps/contrib/107884566805138351357/reviews?hl=en-US","Review_time":"2 months ago","Review":"","Likes":""},{"Name":"","Category":"","Rating":" 3 stars ","Number_of_Reviews":"","Address":"","Reviewer":"Lyn","Reviewer_page":"https://www.google.com/maps/contrib/114528894895676155277/reviews?hl=en-US","Review_time":"3 months ago","Review":"","Likes":""},{"Name":"","Category":"","Rating":" 5 stars ","Number_of_Reviews":"","Address":"","Reviewer":"Kechia Warren","Reviewer_page":"https://www.google.com/maps/contrib/110694153655738787879/reviews?hl=en-US","Review_time":"9 months ago","Review":"","Likes":""},{"Name":"","Category":"","Rating":" 4 stars ","Number_of_Reviews":"","Address":"","Reviewer":"Jesus Caballero","Reviewer_page":"https://www.google.com/maps/contrib/114734993887034065563/reviews?hl=en-US","Review_time":"2 months ago","Review":"","Likes":""},{"Name":"","Category":"","Rating":" 5 stars ","Number_of_Reviews":"","Address":"","Reviewer":"Lisa Bharrat","Reviewer_page":"https://www.google.com/maps/contrib/111576700651973698232/reviews?hl=en-US","Review_time":"8 months ago","Review":"","Likes":""},{"Name":"","Category":"","Rating":" 4 stars ","Number_of_Reviews":"","Address":"","Reviewer":"Keki","Reviewer_page":"https://www.google.com/maps/contrib/104909528242555189520/reviews?hl=en-US","Review_time":"a year ago","Review":"","Likes":""},{"Name":"","Category":"","Rating":" 5 stars ","Number_of_Reviews":"","Address":"","Reviewer":"eddie hubbard","Reviewer_page":"https://www.google.com/maps/contrib/118175325620840914981/reviews?hl=en-US","Review_time":"a year ago","Review":"","Likes":""},{"Name":"","Category":"","Rating":" 2 stars ","Number_of_Reviews":"","Address":"","Reviewer":"P L.","Reviewer_page":"https://www.google.com/maps/contrib/110416482087658213926/reviews?hl=en-US","Review_time":"a year ago","Review":"","Likes":""},{"Name":"","Category":"","Rating":" 5 stars ","Number_of_Reviews":"","Address":"","Reviewer":"Gabriel Canelas","Reviewer_page":"https://www.google.com/maps/contrib/101041767085082342030/reviews?hl=en-US","Review_time":"a year ago","Review":"","Likes":""},{"Name":"","Category":"","Rating":" 5 stars ","Number_of_Reviews":"","Address":"","Reviewer":"Linda Echevarria","Reviewer_page":"https://www.google.com/maps/contrib/118289243596099185446/reviews?hl=en-US","Review_time":"10 months ago","Review":"","Likes":""},{"Name":"","Category":"","Rating":" 5 stars ","Number_of_Reviews":"","Address":"","Reviewer":"Austin Smith","Reviewer_page":"https://www.google.com/maps/contrib/115370262008300558028/reviews?hl=en-US","Review_time":"2 months ago","Review":"","Likes":""},{"Name":"","Category":"","Rating":" 4 stars ","Number_of_Reviews":"","Address":"","Reviewer":"Juan Coronado","Reviewer_page":"https://www.google.com/maps/contrib/114828085524045958674/reviews?hl=en-US","Review_time":"8 months ago","Review":"","Likes":""},{"Name":"","Category":"","Rating":" 4 stars ","Number_of_Reviews":"","Address":"","Reviewer":"AJ","Reviewer_page":"https://www.google.com/maps/contrib/114468372299704579624/reviews?hl=en-US","Review_time":"4 months ago","Review":"","Likes":""},{"Name":"","Category":"","Rating":" 5 stars ","Number_of_Reviews":"","Address":"","Reviewer":"Juan Enrique Toro","Reviewer_page":"https://www.google.com/maps/contrib/102541970887383293516/reviews?hl=en-US","Review_time":"3 months ago","Review":"","Likes":""},{"Name":"","Category":"","Rating":" 5 stars ","Number_of_Reviews":"","Address":"","Reviewer":"jazmin de los santos","Reviewer_page":"https://www.google.com/maps/contrib/107498403929423240129/reviews?hl=en-US","Review_time":"a day ago","Review":"","Likes":""},{"Name":"","Category":"","Rating":" 1 star ","Number_of_Reviews":"","Address":"","Reviewer":"diogenes ortiz","Reviewer_page":"https://www.google.com/maps/contrib/104319817783090527045/reviews?hl=en-US","Review_time":"9 months ago","Review":"","Likes":""},{"Name":"","Category":"","Rating":" 5 stars ","Number_of_Reviews":"","Address":"","Reviewer":"carolina santana","Reviewer_page":"https://www.google.com/maps/contrib/108430697145008595790/reviews?hl=en-US","Review_time":"a month ago","Review":"","Likes":""},{"Name":"","Category":"","Rating":" 3 stars ","Number_of_Reviews":"","Address":"","Reviewer":"Dolly Ulerio","Reviewer_page":"https://www.google.com/maps/contrib/100590854182215338889/reviews?hl=en-US","Review_time":"a year ago","Review":"","Likes":""},{"Name":"","Category":"","Rating":" 5 stars ","Number_of_Reviews":"","Address":"","Reviewer":"haider alanssari","Reviewer_page":"https://www.google.com/maps/contrib/101923585293615129704/reviews?hl=en-US","Review_time":"10 months ago","Review":"","Likes":""},{"Name":"","Category":"","Rating":" 4 stars ","Number_of_Reviews":"","Address":"","Reviewer":"Tyrone Bates","Reviewer_page":"https://www.google.com/maps/contrib/118181140747308959032/reviews?hl=en-US","Review_time":"9 months ago","Review":"","Likes":""},{"Name":"","Category":"","Rating":" 5 stars ","Number_of_Reviews":"","Address":"","Reviewer":"juju B","Reviewer_page":"https://www.google.com/maps/contrib/118301111254138413192/reviews?hl=en-US","Review_time":"3 months ago","Review":"","Likes":""},{"Name":"","Category":"","Rating":" 5 stars ","Number_of_Reviews":"","Address":"","Reviewer":"Nusrat Islam","Reviewer_page":"https://www.google.com/maps/contrib/110093928788322420743/reviews?hl=en-US","Review_time":"2 months ago","Review":"","Likes":""},{"Name":"","Category":"","Rating":" 5 stars ","Number_of_Reviews":"","Address":"","Reviewer":"Miguel Martinez","Reviewer_page":"https://www.google.com/maps/contrib/114511829207164627176/reviews?hl=en-US","Review_time":"a year ago","Review":"","Likes":""},{"Name":"","Category":"","Rating":" 4 stars ","Number_of_Reviews":"","Address":"","Reviewer":"Jessica Larosiliere","Reviewer_page":"https://www.google.com/maps/contrib/114858022432343182971/reviews?hl=en-US","Review_time":"a month ago","Review":"","Likes":""}