[{"Name":"","Category":"","Rating":" 1 star ","Number_of_Reviews":"","Address":"","Reviewer":"pxstelaesthetic","Reviewer_page":"https://www.google.com/maps/contrib/116853652560326262543/reviews?hl=en-US","Review_time":"2 weeks ago","Review":"This Starbucks SUCKS big time!!! The majority of the time that I have visited this establishment, there’s always an issue with not having any cold drinks due to not having ice!!! Why??? What is Target or Corporate doing to correct this situation. What really grinds my gears is that the staff seem to not care of losing customers due to this small issue. Something needs to be done about that. Either close it or provide better customer service!!!","Likes":""},{"Name":"","Category":"","Rating":" 1 star ","Number_of_Reviews":"","Address":"","Reviewer":"Angie T","Reviewer_page":"https://www.google.com/maps/contrib/111874738799141007674/reviews?hl=en-US","Review_time":"2 weeks ago","Review":"THIS STARBUCKS IS HORRIBLE. THEY NEVER HAVE ICE. AS SOON AS I GET ON THE LINE THEY TELL ME THERE IS NO ICE AND SELECTIVELY PICK AND CHOOSE WHEN TO SELL ICE TO PEOPLE. THIS IS OUTRAGEOUS! WITH AS MUCH MONEY STARBUCKS MAKES YOU'D THINK THEY WOULD HAVE MONEY TO ORDER A NEW ICE MACHINE. AND WHEN THEY DO HAVE ICE THEIR DRINKS ARE SUPER WATERED DOWN AND NASTY. EVERYONE I KNOW IS FED UP WITH THIS STARBUCKS AND WE ARE NEVER GOING HERE AGAIN. WE ARE GOING TO START A PETITION. LASTLY, THEY HAVE ICE AT SELECTED TIMES... TELLING ME TO RETURN AT 1. DID NOT KNOW I HAVE TO MAKE AN APPT TO GET ICE AND STAFF IS EXTREMELY UNPROFESSIONAL.","Likes":""},{"Name":"","Category":"","Rating":" 1 star ","Number_of_Reviews":"","Address":"","Reviewer":"Susana Saldivar","Reviewer_page":"https://www.google.com/maps/contrib/108773773675921763816/reviews?hl=en-US","Review_time":"2 months ago","Review":"Worst customer service and they never have ice for cold drinks. Walking into this Starbucks will make you walk out really upset.","Likes":"2"},{"Name":"","Category":"","Rating":" 1 star ","Number_of_Reviews":"","Address":"","Reviewer":"Tammy M","Reviewer_page":"https://www.google.com/maps/contrib/113718132776865481704/reviews?hl=en-US","Review_time":"a month ago","Review":"Employees at this Starbucks are really rude for no reason. They get annoyed easily. They don’t sell frappes and most of the time don’t have any ice. This Starbucks needs to be shut down. It’s a one star review on google for a reason. Don’t waste you’re time coming here.","Likes":""},{"Name":"","Category":"","Rating":" 1 star ","Number_of_Reviews":"","Address":"","Reviewer":"Jeannette Urena","Reviewer_page":"https://www.google.com/maps/contrib/118244007781454557327/reviews?hl=en-US","Review_time":"2 months ago","Review":"The WORST Starbucks I have ever seen in my life. They never have ice for cold drinks and something is always broken. The employees are NASTY and don’t have a clue as to what they are doing. Don’t waste your time coming here.","Likes":"4"},{"Name":"","Category":"","Rating":" 1 star ","Number_of_Reviews":"","Address":"","Reviewer":"J C","Reviewer_page":"https://www.google.com/maps/contrib/117107105442444079120/reviews?hl=en-US","Review_time":"2 months ago","Review":"Beware this location does not serve cold drinks. Don’t waste your time on the line.","Likes":"2"},{"Name":"","Category":"","Rating":" 1 star ","Number_of_Reviews":"","Address":"","Reviewer":"Xiomara Rodriguez","Reviewer_page":"https://www.google.com/maps/contrib/100196988930210416105/reviews?hl=en-US","Review_time":"2 months ago","Review":"It’s disappointing that every time I come here I can’t get any drink involving ice. It seems that frappes and iced drinks are the most time consuming drinks to make. It’s obvious this store is understaffed and workers are prob underpaid. This is a busy target, the Starbucks got smaller after the remodel, plus it’s the only Starbucks on the block now. So I get why there’s never any ice :(","Likes":"3"},{"Name":"","Category":"","Rating":" 5 stars ","Number_of_Reviews":"","Address":"","Reviewer":"Robert Serrano","Reviewer_page":"https://www.google.com/maps/contrib/105599309917215247168/reviews?hl=en-US","Review_time":"a month ago","Review":"Good place to sit down and not as busy as other Starbucks nearby.","Likes":""},{"Name":"","Category":"","Rating":" 1 star ","Number_of_Reviews":"","Address":"","Reviewer":"Paola Arias","Reviewer_page":"https://www.google.com/maps/contrib/110706727174534458140/reviews?hl=en-US","Review_time":"4 months ago","Review":"They never have frape and they haven't put any signs to let you know so you don't have to make the slow line they have. Waste of time","Likes":"1"},{"Name":"","Category":"","Rating":" 1 star ","Number_of_Reviews":"","Address":"","Reviewer":"Denis M","Reviewer_page":"https://www.google.com/maps/contrib/110002861849641239712/reviews?hl=en-US","Review_time":"3 months ago","Review":"They never have ice  and the place is dirty 😱😱","Likes":"2"},{"Name":"","Category":"","Rating":" 1 star ","Number_of_Reviews":"","Address":"","Reviewer":"Nelson Perdomo","Reviewer_page":"https://www.google.com/maps/contrib/116954524041959071951/reviews?hl=en-US","Review_time":"a year ago","Review":"This store is pretty trash. Every single day the manger closes early can never get a coffee.","Likes":"2"},{"Name":"","Category":"","Rating":" 1 star ","Number_of_Reviews":"","Address":"","Reviewer":"Eli Marte","Reviewer_page":"https://www.google.com/maps/contrib/102722982143703325038/reviews?hl=en-US","Review_time":"a year ago","Review":"The worst customer service.  Is sad to say but the staff doesn't pay attention to customers completely ignored them,  giving attention only to the Target staff.  A Target supervisor also completely ignoring the line of customers and going in and out of the Starbucks counter as if she was also the manager.  I personally don't like to write these comments but there has to be something done about the customer service in that specific Starbucks.","Likes":"3"},{"Name":"","Category":"","Rating":" 1 star ","Number_of_Reviews":"","Address":"","Reviewer":"Nazs","Reviewer_page":"https://www.google.com/maps/contrib/118374650266905572460/reviews?hl=en-US","Review_time":"a year ago","Review":"I am FKNG angry...today I went to Target on 225th Street, and chose to get a Starbucks drink. I am convinced my pink drink was already made and served to me. I questioned the staff but she said she had to measure it there. I have been to many Starbucks and that has never happened. Now, I was confused and rushing. After speaking to my wife and daughter, I realized the barista lied to my face and served me a soggy strawberry pink drink.","Likes":"1"},{"Name":"","Category":"","Rating":" 1 star ","Number_of_Reviews":"","Address":"","Reviewer":"Claudette Calderon","Reviewer_page":"https://www.google.com/maps/contrib/117455301332745554287/reviews?hl=en-US","Review_time":"a year ago","Review":"Never have anything in stock for a drink, always out of frapes and teas","Likes":"3"},{"Name":"","Category":"","Rating":" 1 star ","Number_of_Reviews":"","Address":"","Reviewer":"Saboor Khan","Reviewer_page":"https://www.google.com/maps/contrib/105240012278433424930/reviews?hl=en-US","Review_time":"a year ago","Review":"As of 1st July, when life is back to normal, people are traveling in subways and trains without distance, COVID is just an excuse to keep the sitting area closed.\n\nIt’s pathetic that you are keeping the area closed in the name of safety at this time and day when everything else is normal.\n\nPlease stop us using COVID as an excuse for incomplete service.","Likes":""},{"Name":"","Category":"","Rating":" 1 star ","Number_of_Reviews":"","Address":"","Reviewer":"Nikki Hernandez","Reviewer_page":"https://www.google.com/maps/contrib/112335060590753512068/reviews?hl=en-US","Review_time":"a year ago","Review":"They are always out of drinks by like 12pm","Likes":"2"},{"Name":"","Category":"","Rating":" 3 stars ","Number_of_Reviews":"","Address":"","Reviewer":"Diane Washington","Reviewer_page":"https://www.google.com/maps/contrib/109862230582739123067/reviews?hl=en-US","Review_time":"a year ago","Review":"The coffee is watered down.","Likes":""},{"Name":"","Category":"","Rating":" 1 star ","Number_of_Reviews":"","Address":"","Reviewer":"Reyna Santana","Reviewer_page":"https://www.google.com/maps/contrib/106979335584718213475/reviews?hl=en-US","Review_time":"a month ago","Review":"","Likes":""},{"Name":"","Category":"","Rating":" 1 star ","Number_of_Reviews":"","Address":"","Reviewer":"Jamilah C.","Reviewer_page":"https://www.google.com/maps/contrib/111854749064088534129/reviews?hl=en-US","Review_time":"7 months ago","Review":"","Likes":""},{"Name":"","Category":"","Rating":" 3 stars ","Number_of_Reviews":"","Address":"","Reviewer":"Doris V.","Reviewer_page":"https://www.google.com/maps/contrib/117880491170113336278/reviews?hl=en-US","Review_time":"a month ago","Review":"","Likes":""},{"Name":"","Category":"","Rating":" 4 stars ","Number_of_Reviews":"","Address":"","Reviewer":"Star martinez","Reviewer_page":"https://www.google.com/maps/contrib/112025869754516884294/reviews?hl=en-US","Review_time":"a month ago","Review":"","Likes":""}