[{"Name":"","Category":"","Rating":" 1 star ","Number_of_Reviews":"","Address":"","Reviewer":"Topher Nuzzo","Reviewer_page":"https://www.google.com/maps/contrib/117980849383367870076/reviews?hl=en-US","Review_time":"4 years ago","Review":"Do they actually have a set of hours, or do they just choose when they want to open and close? I know this is a licensed store, but they put the starbucks name to shame. The majority of their workers are horrible, and they have no clue what their doing when they make drinks. I was pleased to see they had a starbucks representative training some of their employees, but it’s clearly not working well. Definitely the worst the starbucks I’ve ever been to.","Likes":"2"},{"Name":"","Category":"","Rating":" 3 stars ","Number_of_Reviews":"","Address":"","Reviewer":"Louise Kim","Reviewer_page":"https://www.google.com/maps/contrib/112515250036901514002/reviews?hl=en-US","Review_time":"3 years ago","Review":"I wish they could recreate the drinks better. If service improves I will edit my review!!","Likes":"1"},{"Name":"","Category":"","Rating":" 1 star ","Number_of_Reviews":"","Address":"","Reviewer":"Jesus Gomez","Reviewer_page":"https://www.google.com/maps/contrib/100749079851673590757/reviews?hl=en-US","Review_time":"3 years ago","Review":"Is this Starbucks open to anyone or do you have to be a student to get a cup of coffee?","Likes":""},{"Name":"","Category":"","Rating":" 1 star ","Number_of_Reviews":"","Address":"","Reviewer":"Roi Mase","Reviewer_page":"https://www.google.com/maps/contrib/106171111201133134151/reviews?hl=en-US","Review_time":"3 years ago","Review":"Tried to charge me for a cup of water, so as a student I said no and walked away. Will not go here again.","Likes":""},{"Name":"","Category":"","Rating":" 5 stars ","Number_of_Reviews":"","Address":"","Reviewer":"Ari Forman","Reviewer_page":"https://www.google.com/maps/contrib/105511867644424494823/reviews?hl=en-US","Review_time":"3 years ago","Review":"","Likes":""},{"Name":"","Category":"","Rating":" 5 stars ","Number_of_Reviews":"","Address":"","Reviewer":"lucina manzanet","Reviewer_page":"https://www.google.com/maps/contrib/104774504661556239339/reviews?hl=en-US","Review_time":"4 years ago","Review":"","Likes":""},{"Name":"","Category":"","Rating":" 5 stars ","Number_of_Reviews":"","Address":"","Reviewer":"John Paul O'Loughlin","Reviewer_page":"https://www.google.com/maps/contrib/104364799262081121207/reviews?hl=en-US","Review_time":"3 years ago","Review":"","Likes":""}