[{"Name":"","Category":"","Rating":" 1 star ","Number_of_Reviews":"","Address":"","Reviewer":"Carmen Sanchez","Reviewer_page":"https://www.google.com/maps/contrib/112525131682879705860/reviews?hl=en-US","Review_time":"2 months ago","Review":"This Starbucks it's insane,  I just came from there and it took more than 10 minutes to place a order due to the staff is engaged in conversation with 3 staff from target for 10 minutes and the people behind me left due to the wait time.  I don't know if the person who attended me was a manager or regular employee but if this is the way they conduct business I can't imagine when   target is full of costumer and want to buy something to eat  at this Starbucks location.  Unbelievable its only 835 am  in the morning omg 😲","Likes":""},{"Name":"","Category":"","Rating":" 2 stars ","Number_of_Reviews":"","Address":"","Reviewer":"Tammy M","Reviewer_page":"https://www.google.com/maps/contrib/113718132776865481704/reviews?hl=en-US","Review_time":"2 weeks ago","Review":"There’s one girl who always messes up a sandwich order. She always forgets to put it in the oven and then I have to wait even more. Two times she’s given me the wrong sandwich and I only notice once I’m at work. There’s three barista that don’t know how to make a drink.","Likes":""},{"Name":"","Category":"","Rating":" 1 star ","Number_of_Reviews":"","Address":"","Reviewer":"jeni carino","Reviewer_page":"https://www.google.com/maps/contrib/104364479322691835242/reviews?hl=en-US","Review_time":"3 months ago","Review":"This is the worst but worse starburst ever especially when Brianna is there you will wait for a very long time and she’s rude. She has a big line and doesn’t care still has her own conversation with her other coworkers. If I can only give no star I will","Likes":""},{"Name":"","Category":"","Rating":" 3 stars ","Number_of_Reviews":"","Address":"","Reviewer":"David De Los Santos","Reviewer_page":"https://www.google.com/maps/contrib/104797049307909837815/reviews?hl=en-US","Review_time":"a year ago","Review":"Drinks are made good but their customer service and their attitude is mediocre. One or 2 are cool, but the rest not so much. It’s unfortunate and shouldn’t be acceptable. As a former starbucks employee myself (Rockefeller plaza), we should hold high regards to customers and ensure they are happy with our performance. It’s not representing myself or current and former employees who do their best to make customers happy without a harsh attitude.","Likes":"3"},{"Name":"","Category":"","Rating":" 5 stars ","Number_of_Reviews":"","Address":"","Reviewer":"Jennifer 7","Reviewer_page":"https://www.google.com/maps/contrib/115368791329578391044/reviews?hl=en-US","Review_time":"a year ago","Review":"Their coffee is always good. And when they make my order it's on point. I love that very much. The place is nice, clean. That's a plus. But I think they need help with the crowd meaning more staff on shift, of taking orders and serving the ones in the store, then dealing with the drive-thru. Because its a line during rush hr in the store. I know their is a pandemic but rush hour time the line is technically almost out the door. But its a nice starbucks.","Likes":""},{"Name":"","Category":"","Rating":" 1 star ","Number_of_Reviews":"","Address":"","Reviewer":"Sherrita Elaine","Reviewer_page":"https://www.google.com/maps/contrib/108058631391032238850/reviews?hl=en-US","Review_time":"a year ago","Review":"Was here today(03/22/21) at around 1-2pm and was honestly so off put by the piss poor customer service and choice of conversation I had to explain to the young lady while I understand you’re upset for being short staffed I as customer don’t want to hear about you having to close the store bc there isn’t enough coverage, further more I definitely don’t want my coffee being made by someone with an attitude. I literally saw this Starbucks and got excited but I will never return.","Likes":"3"},{"Name":"","Category":"","Rating":" 1 star ","Number_of_Reviews":"","Address":"","Reviewer":"Tiffany Martinez","Reviewer_page":"https://www.google.com/maps/contrib/113417471203231617484/reviews?hl=en-US","Review_time":"6 months ago","Review":"After a long walk to get there (we were craving refreshers) the staff told us they were only serving hot coffee because the “machines weren’t working“.","Likes":"2"},{"Name":"","Category":"","Rating":" 1 star ","Number_of_Reviews":"","Address":"","Reviewer":"Florangie Hernandez","Reviewer_page":"https://www.google.com/maps/contrib/114477583597417744161/reviews?hl=en-US","Review_time":"a year ago","Review":"Leo was amazing! Very nice but there was this girl working with him and she was so rudeeeee! She was disrespecting Leo and was not helping at all. She does not deserve this job! I hope the employer or owner sees this review and talks to …","Likes":"1"},{"Name":"","Category":"","Rating":" 1 star ","Number_of_Reviews":"","Address":"","Reviewer":"y v","Reviewer_page":"https://www.google.com/maps/contrib/111042322388283781915/reviews?hl=en-US","Review_time":"a year ago","Review":"If I could give this place a 0 I would rude workers that don’t get the order right but get mad when you correct them and roll there eyes. They are unorganized from the jump & don’t have anything on the menu only a few drinks.","Likes":"3"},{"Name":"","Category":"","Rating":" 1 star ","Number_of_Reviews":"","Address":"","Reviewer":"Rutii","Reviewer_page":"https://www.google.com/maps/contrib/111052184230694735495/reviews?hl=en-US","Review_time":"a year ago","Review":"Trashy!!!!!! I couldn’t make my drink the way I want it my drink had no tag the barista used a marker to name my drink instead of a tag. The drink was good but the service could’ve been way better the baristas were rude  get it together Starbucks Bronx terminal","Likes":"1"},{"Name":"","Category":"","Rating":" 1 star ","Number_of_Reviews":"","Address":"","Reviewer":"Helena C","Reviewer_page":"https://www.google.com/maps/contrib/116460914831865554581/reviews?hl=en-US","Review_time":"3 years ago","Review":"I tried several times after work just to go here because it’s the only Starbucks in the nearby area only to be told they’re not serving any beverages, already turned of the machines, whatever whatever. Although they list they’re closing time they still close an hour or so beforehand inconsistently all the time. I’d say come 3 hours before closing to guarantee you’re able to get a beverage.\n\nAlso it’s true what everyone is saying they have only one person to work cashier and do food as a line builds up.","Likes":"2"},{"Name":"","Category":"","Rating":" 1 star ","Number_of_Reviews":"","Address":"","Reviewer":"Patricia Rogers","Reviewer_page":"https://www.google.com/maps/contrib/105130462749825977179/reviews?hl=en-US","Review_time":"3 years ago","Review":"This was the worst Starbucks I have ever been to. The line was long and there was only one person on the register and one doing drinks. They both moved very slow and chatted between customers. Then I got my drink wrong. I didn’t expect to wait in line at Starbucks in Target for over 10 minutes. They need to better train their staff or have more people on the floor on. A busy Saturday afternoon.","Likes":"3"},{"Name":"","Category":"","Rating":" 3 stars ","Number_of_Reviews":"","Address":"","Reviewer":"Rosalyn Lee","Reviewer_page":"https://www.google.com/maps/contrib/112755650580897440774/reviews?hl=en-US","Review_time":"3 years ago","Review":"Good service when they first opened. Now, as they have gotten busier, staff has been giv9ng the wrong food orders and only serving 1/2 full cups of coffee. They need more starbucks training on how not to rush and get it right the first time.","Likes":"1"},{"Name":"","Category":"","Rating":" 1 star ","Number_of_Reviews":"","Address":"","Reviewer":"Luis Colon","Reviewer_page":"https://www.google.com/maps/contrib/108671441157322549099/reviews?hl=en-US","Review_time":"5 years ago","Review":"Worst ever, let me start of by saying that. Only 2 ppl were on this spot, and one guy was talking to someone other then a customer which was distracting him from doing his work, seems like it was a friend of his, omg I have never eek waited so long for a drink in my life, I'm not saying that every time I get a drink it's fast but DAMN! This was freaking crazy, they need new staff that will not be distracted by friends and while they are at work it's to work not chit-chat. Get this shop some better staff members. ASAP.","Likes":"2"},{"Name":"","Category":"","Rating":" 1 star ","Number_of_Reviews":"","Address":"","Reviewer":"Henry Nazar","Reviewer_page":"https://www.google.com/maps/contrib/108396089920819712187/reviews?hl=en-US","Review_time":"6 years ago","Review":"There is 1 person working at this starbucks on a Saturday at 3pm.  Please explain that to me? I waited online for over 15 minutes...there were only 3 people ahead of me. The only employee working there was taking orders, and making them. Unbelievable for a business that makes so much money....they need some competition, put a Dunkin donuts right next door.","Likes":"1"},{"Name":"","Category":"","Rating":" 3 stars ","Number_of_Reviews":"","Address":"","Reviewer":"Sabrina Champion","Reviewer_page":"https://www.google.com/maps/contrib/106238378848356010941/reviews?hl=en-US","Review_time":"3 years ago","Review":"Okay I was in line for about 20 minutes..but the young man name abraham that works for Starbucks did a great job keeping a smile on his face and trying his best to keep the line moving and he worked all by him self with no one but him Great job young man ...keep up the great work","Likes":"1"},{"Name":"","Category":"","Rating":" 2 stars ","Number_of_Reviews":"","Address":"","Reviewer":"C. Brown","Reviewer_page":"https://www.google.com/maps/contrib/100360586215880576709/reviews?hl=en-US","Review_time":"3 years ago","Review":"Service is always slow at this location. Also, I am not sure why this location is listed as open at 7am daily because it isn’t. I stopped by on my way to work several times between 7a-8a and they have never been open. The target store that it is located inside of doesn’t open until 8a?\nMost time there is a long line with only one person working and you can not submit mobile orders at this location.","Likes":"2"},{"Name":"","Category":"","Rating":" 1 star ","Number_of_Reviews":"","Address":"","Reviewer":"Neliba Torres","Reviewer_page":"https://www.google.com/maps/contrib/108649972073621028797/reviews?hl=en-US","Review_time":"4 years ago","Review":"Worst ever, nice ppl but they work slow, take Forever to make the drinks. And every time I come it's something they don't have.  The other day they had noticed coffee","Likes":"3"},{"Name":"","Category":"","Rating":" 3 stars ","Number_of_Reviews":"","Address":"","Reviewer":"Iris Carrasco","Reviewer_page":"https://www.google.com/maps/contrib/103344391765344996033/reviews?hl=en-US","Review_time":"a year ago","Review":"Understaffed. They only had one person to ring up and prep. Items on the shelves were disorganized and some on the floor.","Likes":""},{"Name":"","Category":"","Rating":" 4 stars ","Number_of_Reviews":"","Address":"","Reviewer":"Linda Delgado","Reviewer_page":"https://www.google.com/maps/contrib/109910183175106308747/reviews?hl=en-US","Review_time":"a year ago","Review":"Yesterday's staff was a little slow, but the coffee was very good","Likes":""},{"Name":"","Category":"","Rating":" 3 stars ","Number_of_Reviews":"","Address":"","Reviewer":"Gleiris Garcia","Reviewer_page":"https://www.google.com/maps/contrib/117695813064674121878/reviews?hl=en-US","Review_time":"a year ago","Review":"Its convenient because is right inside Target but they close early around 6:30 or so .","Likes":""},{"Name":"","Category":"","Rating":" 5 stars ","Number_of_Reviews":"","Address":"","Reviewer":"Carmen L Mojer","Reviewer_page":"https://www.google.com/maps/contrib/100779547646220328937/reviews?hl=en-US","Review_time":"a year ago","Review":"If  you want to pick up something to satisfy your appetite while you shop good to stop there","Likes":""},{"Name":"","Category":"","Rating":" 1 star ","Number_of_Reviews":"","Address":"","Reviewer":"V L","Reviewer_page":"https://www.google.com/maps/contrib/106891085573879397707/reviews?hl=en-US","Review_time":"4 years ago","Review":"I have to say this starbucks is an embarrassment to the brand. The staff is extremely unprofessional. I know this is the Bronx but starbucks needs to do better with the staff at this place.","Likes":"5"},{"Name":"","Category":"","Rating":" 1 star ","Number_of_Reviews":"","Address":"","Reviewer":"Antolina Garcia","Reviewer_page":"https://www.google.com/maps/contrib/103646474136759135228/reviews?hl=en-US","Review_time":"a year ago","Review":"Employees are miserable and they express it. The worst and hostile customer service.","Likes":"3"},{"Name":"","Category":"","Rating":" 1 star ","Number_of_Reviews":"","Address":"","Reviewer":"MeMac PRODUCTIONS","Reviewer_page":"https://www.google.com/maps/contrib/115938055498114840029/reviews?hl=en-US","Review_time":"4 years ago","Review":"This place is the worse, I waited for about 20 minutes and the employees were sitting down and did not care about the costumers waiting in line. There was two of employees and they didn’t care to attend the costumers.\nVery bad service.","Likes":"1"},{"Name":"","Category":"","Rating":" 5 stars ","Number_of_Reviews":"","Address":"","Reviewer":"Keneanna Allen","Reviewer_page":"https://www.google.com/maps/contrib/101933438324634847951/reviews?hl=en-US","Review_time":"2 years ago","Review":"Great customer service experience and your order is correct that's a plus.","Likes":""},{"Name":"","Category":"","Rating":" 5 stars ","Number_of_Reviews":"","Address":"","Reviewer":"tari pope","Reviewer_page":"https://www.google.com/maps/contrib/117878335669493533197/reviews?hl=en-US","Review_time":"a year ago","Review":"My husband loves this coffee so much Carmel frappe with extra flavor","Likes":""},{"Name":"","Category":"","Rating":" 5 stars ","Number_of_Reviews":"","Address":"","Reviewer":"Tae williams","Reviewer_page":"https://www.google.com/maps/contrib/107600241393201673238/reviews?hl=en-US","Review_time":"a year ago","Review":"Matcha lemonade was delicious","Likes":""},{"Name":"","Category":"","Rating":" 1 star ","Number_of_Reviews":"","Address":"","Reviewer":"Steve Castillo","Reviewer_page":"https://www.google.com/maps/contrib/108718794603557307514/reviews?hl=en-US","Review_time":"5 years ago","Review":"Worst Starbucks Ever! This place is the worst because many breakfast foods are unavailable and guess what, only 1 to 2 employee at a time. Please do NOT go this Starbucks.","Likes":"1"},{"Name":"","Category":"","Rating":" 2 stars ","Number_of_Reviews":"","Address":"","Reviewer":"Renell Lloyd","Reviewer_page":"https://www.google.com/maps/contrib/107335282731443235760/reviews?hl=en-US","Review_time":"a year ago","Review":"Customer service is awesome however the selection was limited.","Likes":""},{"Name":"","Category":"","Rating":" 1 star ","Number_of_Reviews":"","Address":"","Reviewer":"chrissy C.","Reviewer_page":"https://www.google.com/maps/contrib/112197730340316833085/reviews?hl=en-US","Review_time":"a year ago","Review":"Very unorganized and unprofessional children work here. Never again!!!","Likes":""},{"Name":"","Category":"","Rating":" 4 stars ","Number_of_Reviews":"","Address":"","Reviewer":"Josue Martinez","Reviewer_page":"https://www.google.com/maps/contrib/107787087750745664988/reviews?hl=en-US","Review_time":"4 years ago","Review":"Its a great place, a lot of chairs, but not my type of coffee, preffer coffee from other places.","Likes":""},{"Name":"","Category":"","Rating":" 5 stars ","Number_of_Reviews":"","Address":"","Reviewer":"Vanessa Melendez","Reviewer_page":"https://www.google.com/maps/contrib/117979675532285143240/reviews?hl=en-US","Review_time":"a year ago","Review":"Love Starbucks to bad they close the 1 in 149th street bx","Likes":""},{"Name":"","Category":"","Rating":" 1 star ","Number_of_Reviews":"","Address":"","Reviewer":"Mahmoud Mohamed","Reviewer_page":"https://www.google.com/maps/contrib/107142505266052013351/reviews?hl=en-US","Review_time":"3 years ago","Review":"Never ever seeing Starbucks ran out of coffee!\nOnly at this location","Likes":"2"},{"Name":"","Category":"","Rating":" 5 stars ","Number_of_Reviews":"","Address":"","Reviewer":"Nikki McDougal","Reviewer_page":"https://www.google.com/maps/contrib/116299963705074113491/reviews?hl=en-US","Review_time":"2 years ago","Review":"The baristas are always very pleasant.","Likes":""},{"Name":"","Category":"","Rating":" 1 star ","Number_of_Reviews":"","Address":"","Reviewer":"Hudson","Reviewer_page":"https://www.google.com/maps/contrib/106187597863331791178/reviews?hl=en-US","Review_time":"3 years ago","Review":"Way way too slow!!!! Took forever for a frapp.... only 2 people working. .. well they need 4!!!","Likes":""},{"Name":"","Category":"","Rating":" 5 stars ","Number_of_Reviews":"","Address":"","Reviewer":"Tanya Ortiz","Reviewer_page":"https://www.google.com/maps/contrib/102788438407245203499/reviews?hl=en-US","Review_time":"a year ago","Review":"Always fast , and great service. 👍","Likes":""},{"Name":"","Category":"","Rating":" 5 stars ","Number_of_Reviews":"","Address":"","Reviewer":"Jose R Garcia","Reviewer_page":"https://www.google.com/maps/contrib/102980597032087814061/reviews?hl=en-US","Review_time":"a year ago","Review":"Very nice and clean Store..","Likes":""},{"Name":"","Category":"","Rating":" 1 star ","Number_of_Reviews":"","Address":"","Reviewer":"Cheryl Collazo","Reviewer_page":"https://www.google.com/maps/contrib/102581865251172584301/reviews?hl=en-US","Review_time":"a year ago","Review":"Horrible,  lady at front desk was so rude","Likes":""},{"Name":"","Category":"","Rating":" 4 stars ","Number_of_Reviews":"","Address":"","Reviewer":"gene parks","Reviewer_page":"https://www.google.com/maps/contrib/101701874854712549040/reviews?hl=en-US","Review_time":"3 years ago","Review":"Like their goodies but I'm not a coffee drinker.","Likes":""},{"Name":"","Category":"","Rating":" 2 stars ","Number_of_Reviews":"","Address":"","Reviewer":"Rainbowgirl 12","Reviewer_page":"https://www.google.com/maps/contrib/101250428144565975277/reviews?hl=en-US","Review_time":"5 years ago","Review":"They never have mocha.Only random days.","Likes":""},{"Name":"","Category":"","Rating":" 1 star ","Number_of_Reviews":"","Address":"","Reviewer":"Ramik Williams","Reviewer_page":"https://www.google.com/maps/contrib/113204917600209362429/reviews?hl=en-US","Review_time":"a year ago","Review":"Not my favorite store.","Likes":""},{"Name":"","Category":"","Rating":" 1 star ","Number_of_Reviews":"","Address":"","Reviewer":"Evelis Camareno","Reviewer_page":"https://www.google.com/maps/contrib/108406061282291620949/reviews?hl=en-US","Review_time":"a year ago","Review":"Alot of traffic which is why I don't go","Likes":""},{"Name":"","Category":"","Rating":" 1 star ","Number_of_Reviews":"","Address":"","Reviewer":"Mj10","Reviewer_page":"https://www.google.com/maps/contrib/109035569485956691854/reviews?hl=en-US","Review_time":"3 years ago","Review":"Unbelievably slow every time I come here","Likes":""},{"Name":"","Category":"","Rating":" 5 stars ","Number_of_Reviews":"","Address":"","Reviewer":"Johnny Gutierrez","Reviewer_page":"https://www.google.com/maps/contrib/111180089044984740386/reviews?hl=en-US","Review_time":"a year ago","Review":"Safety and costumer service very professional.","Likes":""},{"Name":"","Category":"","Rating":" 5 stars ","Number_of_Reviews":"","Address":"","Reviewer":"Aisha Ivie","Reviewer_page":"https://www.google.com/maps/contrib/116568622682143565629/reviews?hl=en-US","Review_time":"a year ago","Review":"Love the drinks and the staff","Likes":""},{"Name":"","Category":"","Rating":" 1 star ","Number_of_Reviews":"","Address":"","Reviewer":"Lissette Santiago","Reviewer_page":"https://www.google.com/maps/contrib/101903811859328252898/reviews?hl=en-US","Review_time":"2 years ago","Review":"I've only passed through Starbucks only","Likes":""},{"Name":"","Category":"","Rating":" 1 star ","Number_of_Reviews":"","Address":"","Reviewer":"T S","Reviewer_page":"https://www.google.com/maps/contrib/105521771913594372240/reviews?hl=en-US","Review_time":"3 years ago","Review":"Too expensive and coffee too strong","Likes":""},{"Name":"","Category":"","Rating":" 5 stars ","Number_of_Reviews":"","Address":"","Reviewer":"johnny samaniego","Reviewer_page":"https://www.google.com/maps/contrib/115129061006799200384/reviews?hl=en-US","Review_time":"a year ago","Review":"Starbucks in side the Target Store in the Bronx.","Likes":""},{"Name":"","Category":"","Rating":" 5 stars ","Number_of_Reviews":"","Address":"","Reviewer":"Ally Papp","Reviewer_page":"https://www.google.com/maps/contrib/117414403346209250386/reviews?hl=en-US","Review_time":"a year ago","Review":"Great customer service","Likes":""},{"Name":"","Category":"","Rating":" 5 stars ","Number_of_Reviews":"","Address":"","Reviewer":"Brazi Bennet","Reviewer_page":"https://www.google.com/maps/contrib/109288255459239741967/reviews?hl=en-US","Review_time":"a year ago","Review":"A1 great workers 👏","Likes":""},{"Name":"","Category":"","Rating":" 1 star ","Number_of_Reviews":"","Address":"","Reviewer":"Kevin Rayford","Reviewer_page":"https://www.google.com/maps/contrib/113242994447888724658/reviews?hl=en-US","Review_time":"7 years ago","Review":"They open to late 8am is to late for a Starbucks to open","Likes":""},{"Name":"","Category":"","Rating":" 3 stars ","Number_of_Reviews":"","Address":"","Reviewer":"jose martinez","Reviewer_page":"https://www.google.com/maps/contrib/112067267407561767255/reviews?hl=en-US","Review_time":"3 years ago","Review":"Need to improve customer service","Likes":""},{"Name":"","Category":"","Rating":" 1 star ","Number_of_Reviews":"","Address":"","Reviewer":"Salvador Martinez","Reviewer_page":"https://www.google.com/maps/contrib/103192557079049610585/reviews?hl=en-US","Review_time":"a year ago","Review":"Too bad","Likes":""},{"Name":"","Category":"","Rating":" 5 stars ","Number_of_Reviews":"","Address":"","Reviewer":"A W P VEVO","Reviewer_page":"https://www.google.com/maps/contrib/107363021246310403633/reviews?hl=en-US","Review_time":"5 years ago","Review":"I got everything fast","Likes":""},{"Name":"","Category":"","Rating":" 5 stars ","Number_of_Reviews":"","Address":"","Reviewer":"Ja M","Reviewer_page":"https://www.google.com/maps/contrib/108868400730287110660/reviews?hl=en-US","Review_time":"3 years ago","Review":"It's Utsav Starbucks hello","Likes":""},{"Name":"","Category":"","Rating":" 5 stars ","Number_of_Reviews":"","Address":"","Reviewer":"BTTR Work","Reviewer_page":"https://www.google.com/maps/contrib/113607331011019450861/reviews?hl=en-US","Review_time":"a year ago","Review":"Cee","Likes":""},{"Name":"","Category":"","Rating":" 2 stars ","Number_of_Reviews":"","Address":"","Reviewer":"Trey Marquis","Reviewer_page":"https://www.google.com/maps/contrib/101437008531409489189/reviews?hl=en-US","Review_time":"a year ago","Review":"Unfriendly service.","Likes":""},{"Name":"","Category":"","Rating":" 5 stars ","Number_of_Reviews":"","Address":"","Reviewer":"Jacqueline Diaz","Reviewer_page":"https://www.google.com/maps/contrib/110164268921892762662/reviews?hl=en-US","Review_time":"a year ago","Review":"Great Service.....","Likes":""},{"Name":"","Category":"","Rating":" 3 stars ","Number_of_Reviews":"","Address":"","Reviewer":"Mileica Castillo","Reviewer_page":"https://www.google.com/maps/contrib/116790960242947383717/reviews?hl=en-US","Review_time":"a year ago","Review":"The cashier is rude","Likes":""},{"Name":"","Category":"","Rating":" 4 stars ","Number_of_Reviews":"","Address":"","Reviewer":"Kizzy Frenchers","Reviewer_page":"https://www.google.com/maps/contrib/116274751440883990598/reviews?hl=en-US","Review_time":"a year ago","Review":"They are slow","Likes":""},{"Name":"","Category":"","Rating":" 3 stars ","Number_of_Reviews":"","Address":"","Reviewer":"TheArts AndCraftsChannel","Reviewer_page":"https://www.google.com/maps/contrib/100574724758420516669/reviews?hl=en-US","Review_time":"a year ago","Review":"Faith","Likes":""},{"Name":"","Category":"","Rating":" 4 stars ","Number_of_Reviews":"","Address":"","Reviewer":"Maria Jimenez","Reviewer_page":"https://www.google.com/maps/contrib/113715669391364785256/reviews?hl=en-US","Review_time":"a year ago","Review":"Awsome services","Likes":""},{"Name":"","Category":"","Rating":" 5 stars ","Number_of_Reviews":"","Address":"","Reviewer":"Millie Martinez","Reviewer_page":"https://www.google.com/maps/contrib/115550841291992091513/reviews?hl=en-US","Review_time":"a year ago","Review":"My favorite","Likes":""},{"Name":"","Category":"","Rating":" 3 stars ","Number_of_Reviews":"","Address":"","Reviewer":"William Arias","Reviewer_page":"https://www.google.com/maps/contrib/116476937767983391110/reviews?hl=en-US","Review_time":"a year ago","Review":"Okay...","Likes":""},{"Name":"","Category":"","Rating":" 3 stars ","Number_of_Reviews":"","Address":"","Reviewer":"Geoffrey Martinez","Reviewer_page":"https://www.google.com/maps/contrib/108226032936055521664/reviews?hl=en-US","Review_time":"a year ago","Review":"Mediocre tbh.","Likes":""},{"Name":"","Category":"","Rating":" 3 stars ","Number_of_Reviews":"","Address":"","Reviewer":"Miriam","Reviewer_page":"https://www.google.com/maps/contrib/103854622936139303683/reviews?hl=en-US","Review_time":"3 years ago","Review":"Service is slow","Likes":""},{"Name":"","Category":"","Rating":" 5 stars ","Number_of_Reviews":"","Address":"","Reviewer":"Danny Calderon","Reviewer_page":"https://www.google.com/maps/contrib/110553086447611871443/reviews?hl=en-US","Review_time":"2 years ago","Review":"Ok","Likes":""},{"Name":"","Category":"","Rating":" 5 stars ","Number_of_Reviews":"","Address":"","Reviewer":"María Patricia Alvarez","Reviewer_page":"https://www.google.com/maps/contrib/100777067549562142941/reviews?hl=en-US","Review_time":"3 years ago","Review":"My favorite place","Likes":"1"},{"Name":"","Category":"","Rating":" 5 stars ","Number_of_Reviews":"","Address":"","Reviewer":"LIGHT BRINGER","Reviewer_page":"https://www.google.com/maps/contrib/106183715869996151106/reviews?hl=en-US","Review_time":"3 years ago","Review":"Great","Likes":""},{"Name":"","Category":"","Rating":" 5 stars ","Number_of_Reviews":"","Address":"","Reviewer":"Christopher Barrett","Reviewer_page":"https://www.google.com/maps/contrib/112892816270542649054/reviews?hl=en-US","Review_time":"2 years ago","Review":"Awesome place","Likes":""},{"Name":"","Category":"","Rating":" 4 stars ","Number_of_Reviews":"","Address":"","Reviewer":"Sheila Quinto","Reviewer_page":"https://www.google.com/maps/contrib/101702491211756665667/reviews?hl=en-US","Review_time":"6 years ago","Review":"Nice","Likes":""},{"Name":"","Category":"","Rating":" 3 stars ","Number_of_Reviews":"","Address":"","Reviewer":"Mun Sim","Reviewer_page":"https://www.google.com/maps/contrib/112631079067115977542/reviews?hl=en-US","Review_time":"3 years ago","Review":"Another SB.","Likes":""},{"Name":"","Category":"","Rating":" 5 stars ","Number_of_Reviews":"","Address":"","Reviewer":"Guadalupe Rojas","Reviewer_page":"https://www.google.com/maps/contrib/112178219363511906165/reviews?hl=en-US","Review_time":"a year ago","Review":"(Translated by Google) Coffee with exquisite and great variety to enjoy it.\n\n(Original)\nCafé con exquisito y gran variedad de disfrutarlo.","Likes":""},{"Name":"","Category":"","Rating":" 5 stars ","Number_of_Reviews":"","Address":"","Reviewer":"Miguel Martes","Reviewer_page":"https://www.google.com/maps/contrib/101316863623275837854/reviews?hl=en-US","Review_time":"2 years ago","Review":"(Translated by Google) A very nice place\n\n(Original)\nUn lugar bien agradable","Likes":""},{"Name":"","Category":"","Rating":" 5 stars ","Number_of_Reviews":"","Address":"","Reviewer":"Carlos Contreras","Reviewer_page":"https://www.google.com/maps/contrib/105462199241308791763/reviews?hl=en-US","Review_time":"a year ago","Review":"(Translated by Google) Excellent\n\n(Original)\nexcelente","Likes":""},{"Name":"","Category":"","Rating":" 5 stars ","Number_of_Reviews":"","Address":"","Reviewer":"Juan Carlos Martinez","Reviewer_page":"https://www.google.com/maps/contrib/103841930031927919762/reviews?hl=en-US","Review_time":"a year ago","Review":"(Translated by Google) Cool\n\n(Original)\nGenial","Likes":""},{"Name":"","Category":"","Rating":" 5 stars ","Number_of_Reviews":"","Address":"","Reviewer":"Junito Rivers","Reviewer_page":"https://www.google.com/maps/contrib/113988868536460388898/reviews?hl=en-US","Review_time":"a year ago","Review":"","Likes":""},{"Name":"","Category":"","Rating":" 4 stars ","Number_of_Reviews":"","Address":"","Reviewer":"Samuel Ansah","Reviewer_page":"https://www.google.com/maps/contrib/113031292348407085151/reviews?hl=en-US","Review_time":"a year ago","Review":"","Likes":""},{"Name":"","Category":"","Rating":" 1 star ","Number_of_Reviews":"","Address":"","Reviewer":"Olu Ade","Reviewer_page":"https://www.google.com/maps/contrib/112848751216785931710/reviews?hl=en-US","Review_time":"4 years ago","Review":"","Likes":""},{"Name":"","Category":"","Rating":" 4 stars ","Number_of_Reviews":"","Address":"","Reviewer":"Dallan Robinson","Reviewer_page":"https://www.google.com/maps/contrib/100553715336019426532/reviews?hl=en-US","Review_time":"a year ago","Review":"","Likes":""},{"Name":"","Category":"","Rating":" 4 stars ","Number_of_Reviews":"","Address":"","Reviewer":"JOSAFAT VERGARA","Reviewer_page":"https://www.google.com/maps/contrib/108537675750486309212/reviews?hl=en-US","Review_time":"a year ago","Review":"","Likes":""},{"Name":"","Category":"","Rating":" 5 stars ","Number_of_Reviews":"","Address":"","Reviewer":"Samuel Hasson","Reviewer_page":"https://www.google.com/maps/contrib/114784874146735667887/reviews?hl=en-US","Review_time":"a year ago","Review":"","Likes":""},{"Name":"","Category":"","Rating":" 4 stars ","Number_of_Reviews":"","Address":"","Reviewer":"Chad Boggs","Reviewer_page":"https://www.google.com/maps/contrib/106862290074830363450/reviews?hl=en-US","Review_time":"a year ago","Review":"","Likes":""},{"Name":"","Category":"","Rating":" 4 stars ","Number_of_Reviews":"","Address":"","Reviewer":"Juanita Taylor","Reviewer_page":"https://www.google.com/maps/contrib/101386626676208258662/reviews?hl=en-US","Review_time":"a year ago","Review":"","Likes":""},{"Name":"","Category":"","Rating":" 4 stars ","Number_of_Reviews":"","Address":"","Reviewer":"Anisah Little","Reviewer_page":"https://www.google.com/maps/contrib/105284095738459285547/reviews?hl=en-US","Review_time":"a year ago","Review":"","Likes":""},{"Name":"","Category":"","Rating":" 5 stars ","Number_of_Reviews":"","Address":"","Reviewer":"Eddie Pabon","Reviewer_page":"https://www.google.com/maps/contrib/114093424987389384314/reviews?hl=en-US","Review_time":"a year ago","Review":"","Likes":""},{"Name":"","Category":"","Rating":" 4 stars ","Number_of_Reviews":"","Address":"","Reviewer":"Daisy Marie Jimenez","Reviewer_page":"https://www.google.com/maps/contrib/104776325789349848817/reviews?hl=en-US","Review_time":"a year ago","Review":"","Likes":""},{"Name":"","Category":"","Rating":" 4 stars ","Number_of_Reviews":"","Address":"","Reviewer":"Benita Martinez","Reviewer_page":"https://www.google.com/maps/contrib/112546964306267388088/reviews?hl=en-US","Review_time":"a year ago","Review":"","Likes":""},{"Name":"","Category":"","Rating":" 4 stars ","Number_of_Reviews":"","Address":"","Reviewer":"Dj.Manny Manny","Reviewer_page":"https://www.google.com/maps/contrib/106332296414619090731/reviews?hl=en-US","Review_time":"a year ago","Review":"","Likes":""},{"Name":"","Category":"","Rating":" 5 stars ","Number_of_Reviews":"","Address":"","Reviewer":"Adelina Duran","Reviewer_page":"https://www.google.com/maps/contrib/117180977859061363579/reviews?hl=en-US","Review_time":"a year ago","Review":"","Likes":""},{"Name":"","Category":"","Rating":" 4 stars ","Number_of_Reviews":"","Address":"","Reviewer":"Erica Chavis","Reviewer_page":"https://www.google.com/maps/contrib/113714411332019468702/reviews?hl=en-US","Review_time":"a year ago","Review":"","Likes":""},{"Name":"","Category":"","Rating":" 5 stars ","Number_of_Reviews":"","Address":"","Reviewer":"marleny guzman","Reviewer_page":"https://www.google.com/maps/contrib/115294470322945192142/reviews?hl=en-US","Review_time":"2 years ago","Review":"","Likes":""},{"Name":"","Category":"","Rating":" 5 stars ","Number_of_Reviews":"","Address":"","Reviewer":"brian estrin","Reviewer_page":"https://www.google.com/maps/contrib/100007329168807537178/reviews?hl=en-US","Review_time":"a year ago","Review":"","Likes":""},{"Name":"","Category":"","Rating":" 3 stars ","Number_of_Reviews":"","Address":"","Reviewer":"isabella Morales","Reviewer_page":"https://www.google.com/maps/contrib/111351056307173846509/reviews?hl=en-US","Review_time":"2 years ago","Review":"","Likes":""},{"Name":"","Category":"","Rating":" 4 stars ","Number_of_Reviews":"","Address":"","Reviewer":"Darrell Franklin","Reviewer_page":"https://www.google.com/maps/contrib/100413413331987241282/reviews?hl=en-US","Review_time":"a year ago","Review":"","Likes":""},{"Name":"","Category":"","Rating":" 5 stars ","Number_of_Reviews":"","Address":"","Reviewer":"Judith Mercedes","Reviewer_page":"https://www.google.com/maps/contrib/107113785073591229072/reviews?hl=en-US","Review_time":"a year ago","Review":"","Likes":""},{"Name":"","Category":"","Rating":" 5 stars ","Number_of_Reviews":"","Address":"","Reviewer":"jemal kostava","Reviewer_page":"https://www.google.com/maps/contrib/117069465974418865124/reviews?hl=en-US","Review_time":"4 years ago","Review":"","Likes":""},{"Name":"","Category":"","Rating":" 5 stars ","Number_of_Reviews":"","Address":"","Reviewer":"Hillary Guaman","Reviewer_page":"https://www.google.com/maps/contrib/115373973606554845920/reviews?hl=en-US","Review_time":"3 years ago","Review":"","Likes":""},{"Name":"","Category":"","Rating":" 5 stars ","Number_of_Reviews":"","Address":"","Reviewer":"Karen Bodden","Reviewer_page":"https://www.google.com/maps/contrib/109174096941422575850/reviews?hl=en-US","Review_time":"a year ago","Review":"","Likes":""},{"Name":"","Category":"","Rating":" 4 stars ","Number_of_Reviews":"","Address":"","Reviewer":"Araceli Mendez","Reviewer_page":"https://www.google.com/maps/contrib/103824121100945921607/reviews?hl=en-US","Review_time":"a year ago","Review":"","Likes":""},{"Name":"","Category":"","Rating":" 5 stars ","Number_of_Reviews":"","Address":"","Reviewer":"Marie G","Reviewer_page":"https://www.google.com/maps/contrib/117205043348467857895/reviews?hl=en-US","Review_time":"a year ago","Review":"","Likes":""},{"Name":"","Category":"","Rating":" 3 stars ","Number_of_Reviews":"","Address":"","Reviewer":"Veronica Malave","Reviewer_page":"https://www.google.com/maps/contrib/115370752894624991102/reviews?hl=en-US","Review_time":"3 years ago","Review":"","Likes":""},{"Name":"","Category":"","Rating":" 4 stars ","Number_of_Reviews":"","Address":"","Reviewer":"sarpomaah Osei-tutu","Reviewer_page":"https://www.google.com/maps/contrib/104635519277312465990/reviews?hl=en-US","Review_time":"a year ago","Review":"","Likes":""},{"Name":"","Category":"","Rating":" 5 stars ","Number_of_Reviews":"","Address":"","Reviewer":"Pauline Charlton","Reviewer_page":"https://www.google.com/maps/contrib/106827637379987039751/reviews?hl=en-US","Review_time":"2 years ago","Review":"","Likes":""},{"Name":"","Category":"","Rating":" 3 stars ","Number_of_Reviews":"","Address":"","Reviewer":"Antonio R Arroyo","Reviewer_page":"https://www.google.com/maps/contrib/105018552139418641554/reviews?hl=en-US","Review_time":"a year ago","Review":"","Likes":""},{"Name":"","Category":"","Rating":" 3 stars ","Number_of_Reviews":"","Address":"","Reviewer":"Amondie Thomas","Reviewer_page":"https://www.google.com/maps/contrib/107300671231571607451/reviews?hl=en-US","Review_time":"a year ago","Review":"","Likes":""},{"Name":"","Category":"","Rating":" 3 stars ","Number_of_Reviews":"","Address":"","Reviewer":"Michael Sierra","Reviewer_page":"https://www.google.com/maps/contrib/107706012746569455189/reviews?hl=en-US","Review_time":"3 years ago","Review":"","Likes":""},{"Name":"","Category":"","Rating":" 4 stars ","Number_of_Reviews":"","Address":"","Reviewer":"Ramon Bonilla","Reviewer_page":"https://www.google.com/maps/contrib/100912352714171640731/reviews?hl=en-US","Review_time":"a year ago","Review":"","Likes":""},{"Name":"","Category":"","Rating":" 4 stars ","Number_of_Reviews":"","Address":"","Reviewer":"Lu D","Reviewer_page":"https://www.google.com/maps/contrib/118129301991281879134/reviews?hl=en-US","Review_time":"3 years ago","Review":"","Likes":""},{"Name":"","Category":"","Rating":" 4 stars ","Number_of_Reviews":"","Address":"","Reviewer":"Lesly Valdez","Reviewer_page":"https://www.google.com/maps/contrib/107540595604334640181/reviews?hl=en-US","Review_time":"a year ago","Review":"","Likes":""},{"Name":"","Category":"","Rating":" 5 stars ","Number_of_Reviews":"","Address":"","Reviewer":"Vincent Martinez","Reviewer_page":"https://www.google.com/maps/contrib/106211982100183260712/reviews?hl=en-US","Review_time":"3 years ago","Review":"","Likes":""},{"Name":"","Category":"","Rating":" 5 stars ","Number_of_Reviews":"","Address":"","Reviewer":"Rebecca V. Lewis","Reviewer_page":"https://www.google.com/maps/contrib/109249531818823724522/reviews?hl=en-US","Review_time":"a year ago","Review":"","Likes":""},{"Name":"","Category":"","Rating":" 3 stars ","Number_of_Reviews":"","Address":"","Reviewer":"Steffryz","Reviewer_page":"https://www.google.com/maps/contrib/111613656693283422358/reviews?hl=en-US","Review_time":"2 years ago","Review":"","Likes":""},{"Name":"","Category":"","Rating":" 5 stars ","Number_of_Reviews":"","Address":"","Reviewer":"Gisela Vasquez","Reviewer_page":"https://www.google.com/maps/contrib/112039076612140688043/reviews?hl=en-US","Review_time":"a year ago","Review":"","Likes":""},{"Name":"","Category":"","Rating":" 5 stars ","Number_of_Reviews":"","Address":"","Reviewer":"Michelle ABREU","Reviewer_page":"https://www.google.com/maps/contrib/114329912135135115465/reviews?hl=en-US","Review_time":"a year ago","Review":"","Likes":""},{"Name":"","Category":"","Rating":" 5 stars ","Number_of_Reviews":"","Address":"","Reviewer":"Iman Hasson","Reviewer_page":"https://www.google.com/maps/contrib/111140679235994359685/reviews?hl=en-US","Review_time":"a year ago","Review":"","Likes":""},{"Name":"","Category":"","Rating":" 5 stars ","Number_of_Reviews":"","Address":"","Reviewer":"Elizabeth Sosa","Reviewer_page":"https://www.google.com/maps/contrib/103931211514958628499/reviews?hl=en-US","Review_time":"a year ago","Review":"","Likes":""},{"Name":"","Category":"","Rating":" 5 stars ","Number_of_Reviews":"","Address":"","Reviewer":"Moe betta","Reviewer_page":"https://www.google.com/maps/contrib/109013127655213436699/reviews?hl=en-US","Review_time":"a year ago","Review":"","Likes":""},{"Name":"","Category":"","Rating":" 5 stars ","Number_of_Reviews":"","Address":"","Reviewer":"ali soto","Reviewer_page":"https://www.google.com/maps/contrib/114496349570188783046/reviews?hl=en-US","Review_time":"a year ago","Review":"","Likes":""},{"Name":"","Category":"","Rating":" 5 stars ","Number_of_Reviews":"","Address":"","Reviewer":"Laquesha Coleman","Reviewer_page":"https://www.google.com/maps/contrib/102355173917526750700/reviews?hl=en-US","Review_time":"a year ago","Review":"","Likes":""},{"Name":"","Category":"","Rating":" 1 star ","Number_of_Reviews":"","Address":"","Reviewer":"Nelson J Flores","Reviewer_page":"https://www.google.com/maps/contrib/108224409918777699007/reviews?hl=en-US","Review_time":"a year ago","Review":"","Likes":""},{"Name":"","Category":"","Rating":" 1 star ","Number_of_Reviews":"","Address":"","Reviewer":"Evy Gross","Reviewer_page":"https://www.google.com/maps/contrib/111819998843617058882/reviews?hl=en-US","Review_time":"a year ago","Review":"","Likes":""},{"Name":"","Category":"","Rating":" 3 stars ","Number_of_Reviews":"","Address":"","Reviewer":"Rosie Cunningham","Reviewer_page":"https://www.google.com/maps/contrib/114081276869651708417/reviews?hl=en-US","Review_time":"a year ago","Review":"","Likes":""},{"Name":"","Category":"","Rating":" 5 stars ","Number_of_Reviews":"","Address":"","Reviewer":"DARRIN JOHNSON","Reviewer_page":"https://www.google.com/maps/contrib/117628401760155084368/reviews?hl=en-US","Review_time":"a year ago","Review":"","Likes":""},{"Name":"","Category":"","Rating":" 3 stars ","Number_of_Reviews":"","Address":"","Reviewer":"AiiiDEN KiiiNG","Reviewer_page":"https://www.google.com/maps/contrib/105214293677015497653/reviews?hl=en-US","Review_time":"a year ago","Review":"","Likes":""},{"Name":"","Category":"","Rating":" 5 stars ","Number_of_Reviews":"","Address":"","Reviewer":"Pavarotti Amigon","Reviewer_page":"https://www.google.com/maps/contrib/100284630555574245915/reviews?hl=en-US","Review_time":"3 years ago","Review":"","Likes":""},{"Name":"","Category":"","Rating":" 2 stars ","Number_of_Reviews":"","Address":"","Reviewer":"Oliver Juarez","Reviewer_page":"https://www.google.com/maps/contrib/109439862085147549500/reviews?hl=en-US","Review_time":"a year ago","Review":"","Likes":""},{"Name":"","Category":"","Rating":" 5 stars ","Number_of_Reviews":"","Address":"","Reviewer":"Stanley Stevenson","Reviewer_page":"https://www.google.com/maps/contrib/112088417908269097205/reviews?hl=en-US","Review_time":"2 years ago","Review":"","Likes":""},{"Name":"","Category":"","Rating":" 5 stars ","Number_of_Reviews":"","Address":"","Reviewer":"M. Delgado","Reviewer_page":"https://www.google.com/maps/contrib/108346102146451327078/reviews?hl=en-US","Review_time":"a year ago","Review":"","Likes":""},{"Name":"","Category":"","Rating":" 4 stars ","Number_of_Reviews":"","Address":"","Reviewer":"Kirill Slysh","Reviewer_page":"https://www.google.com/maps/contrib/116096898295733380994/reviews?hl=en-US","Review_time":"6 years ago","Review":"","Likes":""},{"Name":"","Category":"","Rating":" 4 stars ","Number_of_Reviews":"","Address":"","Reviewer":"Manfry Martinez","Reviewer_page":"https://www.google.com/maps/contrib/112547967446686540445/reviews?hl=en-US","Review_time":"5 years ago","Review":"","Likes":""},{"Name":"","Category":"","Rating":" 5 stars ","Number_of_Reviews":"","Address":"","Reviewer":"Pamela Pressley","Reviewer_page":"https://www.google.com/maps/contrib/113201202193959341532/reviews?hl=en-US","Review_time":"3 years ago","Review":"","Likes":""},{"Name":"","Category":"","Rating":" 5 stars ","Number_of_Reviews":"","Address":"","Reviewer":"Kalissa Payton","Reviewer_page":"https://www.google.com/maps/contrib/105451425941770007833/reviews?hl=en-US","Review_time":"4 years ago","Review":"","Likes":""},{"Name":"","Category":"","Rating":" 4 stars ","Number_of_Reviews":"","Address":"","Reviewer":"Egil Kolsto","Reviewer_page":"https://www.google.com/maps/contrib/113996152410443513998/reviews?hl=en-US","Review_time":"6 months ago","Review":"","Likes":""},{"Name":"","Category":"","Rating":" 3 stars ","Number_of_Reviews":"","Address":"","Reviewer":"CeeCee B.","Reviewer_page":"https://www.google.com/maps/contrib/107377859328140112665/reviews?hl=en-US","Review_time":"a year ago","Review":"","Likes":""},{"Name":"","Category":"","Rating":" 5 stars ","Number_of_Reviews":"","Address":"","Reviewer":"Nick Angel","Reviewer_page":"https://www.google.com/maps/contrib/116247633246098271882/reviews?hl=en-US","Review_time":"a year ago","Review":"","Likes":""},{"Name":"","Category":"","Rating":" 1 star ","Number_of_Reviews":"","Address":"","Reviewer":"Andy Vivar","Reviewer_page":"https://www.google.com/maps/contrib/110035862548781042601/reviews?hl=en-US","Review_time":"a year ago","Review":"","Likes":""},{"Name":"","Category":"","Rating":" 4 stars ","Number_of_Reviews":"","Address":"","Reviewer":"C.G. Bowman","Reviewer_page":"https://www.google.com/maps/contrib/118403967041508856688/reviews?hl=en-US","Review_time":"a year ago","Review":"","Likes":""},{"Name":"","Category":"","Rating":" 3 stars ","Number_of_Reviews":"","Address":"","Reviewer":"Paul Thomas","Reviewer_page":"https://www.google.com/maps/contrib/118000059956423896652/reviews?hl=en-US","Review_time":"2 years ago","Review":"","Likes":""},{"Name":"","Category":"","Rating":" 1 star ","Number_of_Reviews":"","Address":"","Reviewer":"Cumali Badur","Reviewer_page":"https://www.google.com/maps/contrib/116654437116807233142/reviews?hl=en-US","Review_time":"4 years ago","Review":"","Likes":""},{"Name":"","Category":"","Rating":" 5 stars ","Number_of_Reviews":"","Address":"","Reviewer":"Thom Thom","Reviewer_page":"https://www.google.com/maps/contrib/116063654073391012131/reviews?hl=en-US","Review_time":"a year ago","Review":"","Likes":""},{"Name":"","Category":"","Rating":" 5 stars ","Number_of_Reviews":"","Address":"","Reviewer":"Unique Esaw","Reviewer_page":"https://www.google.com/maps/contrib/109586416940166953531/reviews?hl=en-US","Review_time":"a year ago","Review":"","Likes":""},{"Name":"","Category":"","Rating":" 4 stars ","Number_of_Reviews":"","Address":"","Reviewer":"Trina Garcia","Reviewer_page":"https://www.google.com/maps/contrib/114495745931719385687/reviews?hl=en-US","Review_time":"2 years ago","Review":"","Likes":""},{"Name":"","Category":"","Rating":" 5 stars ","Number_of_Reviews":"","Address":"","Reviewer":"King Kase","Reviewer_page":"https://www.google.com/maps/contrib/113867301298430805423/reviews?hl=en-US","Review_time":"a year ago","Review":"","Likes":""},{"Name":"","Category":"","Rating":" 5 stars ","Number_of_Reviews":"","Address":"","Reviewer":"Ivory Taylor","Reviewer_page":"https://www.google.com/maps/contrib/112343881836677859243/reviews?hl=en-US","Review_time":"a year ago","Review":"","Likes":""},{"Name":"","Category":"","Rating":" 5 stars ","Number_of_Reviews":"","Address":"","Reviewer":"Lady Kay B (Lil Baby)","Reviewer_page":"https://www.google.com/maps/contrib/117132101069172716856/reviews?hl=en-US","Review_time":"a year ago","Review":"","Likes":""},{"Name":"","Category":"","Rating":" 5 stars ","Number_of_Reviews":"","Address":"","Reviewer":"Emmanuel Garcia","Reviewer_page":"https://www.google.com/maps/contrib/110851157349077235410/reviews?hl=en-US","Review_time":"2 years ago","Review":"","Likes":""},{"Name":"","Category":"","Rating":" 5 stars ","Number_of_Reviews":"","Address":"","Reviewer":"Luis Cabrera","Reviewer_page":"https://www.google.com/maps/contrib/118391471192694563030/reviews?hl=en-US","Review_time":"a year ago","Review":"","Likes":""},{"Name":"","Category":"","Rating":" 3 stars ","Number_of_Reviews":"","Address":"","Reviewer":"GEM","Reviewer_page":"https://www.google.com/maps/contrib/115848291101853907612/reviews?hl=en-US","Review_time":"a year ago","Review":"","Likes":""},{"Name":"","Category":"","Rating":" 3 stars ","Number_of_Reviews":"","Address":"","Reviewer":"Tandi Patterson","Reviewer_page":"https://www.google.com/maps/contrib/108834538882956376042/reviews?hl=en-US","Review_time":"a year ago","Review":"","Likes":""},{"Name":"","Category":"","Rating":" 5 stars ","Number_of_Reviews":"","Address":"","Reviewer":"Kendall P","Reviewer_page":"https://www.google.com/maps/contrib/115349027777527288055/reviews?hl=en-US","Review_time":"a year ago","Review":"","Likes":""},{"Name":"","Category":"","Rating":" 5 stars ","Number_of_Reviews":"","Address":"","Reviewer":"Md Muktadir","Reviewer_page":"https://www.google.com/maps/contrib/112265080010992031931/reviews?hl=en-US","Review_time":"3 years ago","Review":"","Likes":""},{"Name":"","Category":"","Rating":" 5 stars ","Number_of_Reviews":"","Address":"","Reviewer":"Maria Castrillo","Reviewer_page":"https://www.google.com/maps/contrib/100350551133593366304/reviews?hl=en-US","Review_time":"a year ago","Review":"","Likes":""},{"Name":"","Category":"","Rating":" 4 stars ","Number_of_Reviews":"","Address":"","Reviewer":"Starlyn Garner","Reviewer_page":"https://www.google.com/maps/contrib/110975599834805569600/reviews?hl=en-US","Review_time":"3 years ago","Review":"","Likes":""},{"Name":"","Category":"","Rating":" 4 stars ","Number_of_Reviews":"","Address":"","Reviewer":"Jacqueline Hiciano","Reviewer_page":"https://www.google.com/maps/contrib/100027216325909077735/reviews?hl=en-US","Review_time":"a year ago","Review":"","Likes":""},{"Name":"","Category":"","Rating":" 5 stars ","Number_of_Reviews":"","Address":"","Reviewer":"Aazim Stepney","Reviewer_page":"https://www.google.com/maps/contrib/102695080694267355264/reviews?hl=en-US","Review_time":"a year ago","Review":"","Likes":""},{"Name":"","Category":"","Rating":" 4 stars ","Number_of_Reviews":"","Address":"","Reviewer":"Mrs. Young","Reviewer_page":"https://www.google.com/maps/contrib/106728476028876255921/reviews?hl=en-US","Review_time":"a year ago","Review":"","Likes":""},{"Name":"","Category":"","Rating":" 4 stars ","Number_of_Reviews":"","Address":"","Reviewer":"Mouhamed Diallo","Reviewer_page":"https://www.google.com/maps/contrib/102838973623293375429/reviews?hl=en-US","Review_time":"6 years ago","Review":"","Likes":""}