[{"Name":"","Category":"","Rating":" 5 stars ","Number_of_Reviews":"","Address":"","Reviewer":"Vanessa S.","Reviewer_page":"https://www.google.com/maps/contrib/111040630210582040106/reviews?hl=en-US","Review_time":"10 months ago","Review":"I live in the neighborhood and truly love this location!\nThe staff is always friendly and attentive and the cafe itself is spacious, bright and clean.\nGreat job guys 👏🏻","Likes":"3"},{"Name":"","Category":"","Rating":" 5 stars ","Number_of_Reviews":"","Address":"","Reviewer":"Takyashilah S","Reviewer_page":"https://www.google.com/maps/contrib/111936703927812189704/reviews?hl=en-US","Review_time":"8 months ago","Review":"It's so weird to know that it's Starbucks here now. The staff was friendly. I got my drink, and it was made correctly. It wasn't crowded, but people were there. I loved that they had up a board for black history month, asking you to hashtag your favorite black owned businesses. Very cool 😎 I will return when I go to the area 💚","Likes":""},{"Name":"","Category":"","Rating":" 5 stars ","Number_of_Reviews":"","Address":"","Reviewer":"Kristen L. Matulis","Reviewer_page":"https://www.google.com/maps/contrib/104210116033575546808/reviews?hl=en-US","Review_time":"2 months ago","Review":"This is a really cute Starbucks location, I found it while exploring in Brooklyn before heading to the Brooklyn Heights Promenade! They made me a nice PSL & the staff were really kind, I will definitely be back!","Likes":""},{"Name":"","Category":"","Rating":" 5 stars ","Number_of_Reviews":"","Address":"","Reviewer":"koko •","Reviewer_page":"https://www.google.com/maps/contrib/109859171405502330103/reviews?hl=en-US","Review_time":"a month ago","Review":"staff is always friendly n nice, fast & convenient pickup through app.","Likes":""},{"Name":"","Category":"","Rating":" 5 stars ","Number_of_Reviews":"","Address":"","Reviewer":"Yasmin Torres","Reviewer_page":"https://www.google.com/maps/contrib/115885809329955835076/reviews?hl=en-US","Review_time":"a year ago","Review":"I absolutely LOVE this Starbucks. They are very attentive here and the male with the fedora who made my drink was amazing. He went above and beyond and really created the best drink I ever had at Starbucks. I live in Manhattan, but I swear I want to come back just for him to make my caramel ribbon crunch. It was so divine!! He is magical.","Likes":""},{"Name":"","Category":"","Rating":" 5 stars ","Number_of_Reviews":"","Address":"","Reviewer":"shay smith","Reviewer_page":"https://www.google.com/maps/contrib/113022422204157658474/reviews?hl=en-US","Review_time":"a year ago","Review":"I came into Starbucks for the usual and was greeted by a wonderful barista by the name of Sam who illuminated an aura of enthusiasm and politeness. When making my order, she was fast and precise with the transaction. Better yet, she wrote my name down correctly. We need more people like her.","Likes":""},{"Name":"","Category":"","Rating":" 5 stars ","Number_of_Reviews":"","Address":"","Reviewer":"Brøøkė Łÿńń","Reviewer_page":"https://www.google.com/maps/contrib/115339596657326833186/reviews?hl=en-US","Review_time":"a year ago","Review":"I go here to pick up my morning coffee, I’m usually greeted by my favorite barista Sam. She always has such a lively attitude that just sets the tone for the rest of my day. Her suggestions are always top tier and knows just what I’d like to drink. I really appreciate that she remembers me and my taste in beverages, this really makes me feel welcomed to go back to this location.","Likes":""},{"Name":"","Category":"","Rating":" 5 stars ","Number_of_Reviews":"","Address":"","Reviewer":"Deyana","Reviewer_page":"https://www.google.com/maps/contrib/110773697753833979788/reviews?hl=en-US","Review_time":"a year ago","Review":"I’ve been back to work since the end of June and I absolutely adore this Starbucks since it is off the A train and around the corner from My job. The staff are super friendly and refreshing during this weird times. I try to be respectful of …","Likes":""},{"Name":"","Category":"","Rating":" 1 star ","Number_of_Reviews":"","Address":"","Reviewer":"Farah","Reviewer_page":"https://www.google.com/maps/contrib/113242912976151113365/reviews?hl=en-US","Review_time":"a month ago","Review":"will not let you use the bathroom even if you buy something","Likes":""},{"Name":"","Category":"","Rating":" 5 stars ","Number_of_Reviews":"","Address":"","Reviewer":"BONOKI","Reviewer_page":"https://www.google.com/maps/contrib/102856968785415863587/reviews?hl=en-US","Review_time":"a year ago","Review":"this statement may not makes sense: spacious yet cozy.\nthis locale, in my opinion, is in a quite part of Downtown Brooklyn. unless you are familiar with the area, you already know this. & its next to subway station where the BAD video was recorded. so thats a big plus.\nstaff very friendly & patient from what i saw on my visit. & as i stated in the beginning, its very spacious, not so much due to the current state of things, but of the high ceiling & openness of the layout. yet, with limited seating, & lack of bathroom usage, it feel cozy.\nso in future, if you find yourself in shopping & hanging about Downtown Brooklyn, in need of Cold Coconut Matcha in quite place, follow Google Maps to Starbuck on corner of Hoyt & Schermmerhorn.","Likes":""},{"Name":"","Category":"","Rating":" 4 stars ","Number_of_Reviews":"","Address":"","Reviewer":"Rahna Bethea","Reviewer_page":"https://www.google.com/maps/contrib/104199002156192770822/reviews?hl=en-US","Review_time":"9 months ago","Review":"This location was clean spacious with a courteous staff. There is seating available but I would say keep it brief for because of obvious current climate 😉.","Likes":""},{"Name":"","Category":"","Rating":" 5 stars ","Number_of_Reviews":"","Address":"","Reviewer":"Mohammad Mohammad","Reviewer_page":"https://www.google.com/maps/contrib/111538343920508791376/reviews?hl=en-US","Review_time":"2 years ago","Review":"Extremely professional and super friendly staff. Im a regular here not jist for the coffee but the staff always put a smile on my face. Especially when working from home in this pandemic, i need a break. Coming to grab my coffee from this Starbucks os my only way of getting some socializing.\n\nOn Saturday around noon, the Starbucks app was busted and couldn't make an order. The barista RJ gave me complementary coffee and snack free of charge. This shows how caring this Starbucks to their loyal customers.\n\nI love this Starbucks","Likes":""},{"Name":"","Category":"","Rating":" 5 stars ","Number_of_Reviews":"","Address":"","Reviewer":"Shelley Rodriguez","Reviewer_page":"https://www.google.com/maps/contrib/109172188391400725792/reviews?hl=en-US","Review_time":"8 months ago","Review":"These baristas know what they're doing making these drinks with extra love.  Music selection is great too","Likes":""},{"Name":"","Category":"","Rating":" 1 star ","Number_of_Reviews":"","Address":"","Reviewer":"Tim Kent","Reviewer_page":"https://www.google.com/maps/contrib/101407809160550409349/reviews?hl=en-US","Review_time":"a year ago","Review":"Very inconsistent. Mobile order is often turned off due to understaffing, however when I went in to order at 7:45, there were 3 workers behind the counter but the store was still closed. Pretty sure they open at 7.","Likes":""},{"Name":"","Category":"","Rating":" 5 stars ","Number_of_Reviews":"","Address":"","Reviewer":"mowshe K","Reviewer_page":"https://www.google.com/maps/contrib/107034625695333397590/reviews?hl=en-US","Review_time":"2 months ago","Review":"excellent staff","Likes":"1"},{"Name":"","Category":"","Rating":" 5 stars ","Number_of_Reviews":"","Address":"","Reviewer":"Yais Pena","Reviewer_page":"https://www.google.com/maps/contrib/103439761054055350249/reviews?hl=en-US","Review_time":"a year ago","Review":"Gee is my favorite barista! He always gets my drinks right ! Great customer service. Absolutely love him !","Likes":"1"},{"Name":"","Category":"","Rating":" 1 star ","Number_of_Reviews":"","Address":"","Reviewer":"Joey C","Reviewer_page":"https://www.google.com/maps/contrib/101612836743250060293/reviews?hl=en-US","Review_time":"2 years ago","Review":"Slowest Starbucks I have ever been to. They don’t care about your drink. Mobile order 30 minutes in advance. God Speed","Likes":"1"},{"Name":"","Category":"","Rating":" 5 stars ","Number_of_Reviews":"","Address":"","Reviewer":"Rafih Halyma Abiola","Reviewer_page":"https://www.google.com/maps/contrib/104344776298936446900/reviews?hl=en-US","Review_time":"9 months ago","Review":"Beautiful environment...you can't go wrong with Starbucks coffees 👍","Likes":""},{"Name":"","Category":"","Rating":" 5 stars ","Number_of_Reviews":"","Address":"","Reviewer":"Brian","Reviewer_page":"https://www.google.com/maps/contrib/114938465128452730291/reviews?hl=en-US","Review_time":"a year ago","Review":"Great store. Great staff. Always on point and tentative to each customer as expected for a Starbucks.","Likes":""},{"Name":"","Category":"","Rating":" 5 stars ","Number_of_Reviews":"","Address":"","Reviewer":"Naz Samandarova","Reviewer_page":"https://www.google.com/maps/contrib/111019254931085013614/reviews?hl=en-US","Review_time":"a year ago","Review":"Ordered mobile pickup, it was ready in a few minutes. The barista who handed it to me was very nice","Likes":""},{"Name":"","Category":"","Rating":" 5 stars ","Number_of_Reviews":"","Address":"","Reviewer":"frances figueroa","Reviewer_page":"https://www.google.com/maps/contrib/105367564734286321011/reviews?hl=en-US","Review_time":"3 years ago","Review":"I commute from NJ to Port Authority so the Starbucks at Port Authority South Wing 625 Eighth Avenue during my morning commute is a JUNGLE compared to this location at 45 Hoyt Street & Schermerhorn St. It's about time they opened up a Starbucks near the A line and I order ahead of time using my mobile app so it's ready by the time I arrive at the store. I used to have to order at the 395 Flatbush Ave Extension in Brooklyn and that just made no sense cause I had to then walk back towards Hoyt to get to work.","Likes":""},{"Name":"","Category":"","Rating":" 5 stars ","Number_of_Reviews":"","Address":"","Reviewer":"Cindy C","Reviewer_page":"https://www.google.com/maps/contrib/113792878104357782243/reviews?hl=en-US","Review_time":"a year ago","Review":"Friendly staff, always smiles and greets!! All the other Starbucks should be like this too.","Likes":""},{"Name":"","Category":"","Rating":" 5 stars ","Number_of_Reviews":"","Address":"","Reviewer":"Marlene Cintron","Reviewer_page":"https://www.google.com/maps/contrib/104443089188194156774/reviews?hl=en-US","Review_time":"a year ago","Review":"Absolutely my favorite location in the downtown brooklyn area. I go there almost everyday. They are friendly and quick.","Likes":"1"},{"Name":"","Category":"","Rating":" 1 star ","Number_of_Reviews":"","Address":"","Reviewer":"Kazandra Jimenez","Reviewer_page":"https://www.google.com/maps/contrib/117175729169551703747/reviews?hl=en-US","Review_time":"2 years ago","Review":"This was by far the worst experience ever . After telling the male employee that he made my drink incorrectly and he just slammed the cup into the sink saying the customer is right while slamming my items giving nothing but attitude horrible just horrible","Likes":""},{"Name":"","Category":"","Rating":" 5 stars ","Number_of_Reviews":"","Address":"","Reviewer":"Amy Victoria McEwen","Reviewer_page":"https://www.google.com/maps/contrib/103350279620218702240/reviews?hl=en-US","Review_time":"2 years ago","Review":"A brand new Starbucks which has opened up on Hoyt Street, just a few feet away from the entrance to the A Train station, Hoyt Schermerhorn.  What a blessing to get off the extremely crowded A Train and run to this Starbucks for a delicious cup of coffee, and a feeling of rejuvenation and sanity!","Likes":""},{"Name":"","Category":"","Rating":" 5 stars ","Number_of_Reviews":"","Address":"","Reviewer":"Sarah Cioffi","Reviewer_page":"https://www.google.com/maps/contrib/103218128149794337141/reviews?hl=en-US","Review_time":"5 months ago","Review":"The staff here is excellent!","Likes":""},{"Name":"","Category":"","Rating":" 5 stars ","Number_of_Reviews":"","Address":"","Reviewer":"Carlos Brisketberlin","Reviewer_page":"https://www.google.com/maps/contrib/117114627927300134951/reviews?hl=en-US","Review_time":"a week ago","Review":"Nice place","Likes":""},{"Name":"","Category":"","Rating":" 5 stars ","Number_of_Reviews":"","Address":"","Reviewer":"Juan Ruiz","Reviewer_page":"https://www.google.com/maps/contrib/118114466197076429737/reviews?hl=en-US","Review_time":"a year ago","Review":"Excellent service!  Truly appreciate attention to detail and more importantly, world class customer experience.","Likes":""},{"Name":"","Category":"","Rating":" 5 stars ","Number_of_Reviews":"","Address":"","Reviewer":"Briana Mercado","Reviewer_page":"https://www.google.com/maps/contrib/115832416131235099049/reviews?hl=en-US","Review_time":"a year ago","Review":"Love this location, really clean & the customer service is really good.","Likes":""},{"Name":"","Category":"","Rating":" 5 stars ","Number_of_Reviews":"","Address":"","Reviewer":"Thomas Kielich","Reviewer_page":"https://www.google.com/maps/contrib/111650391476966110033/reviews?hl=en-US","Review_time":"3 years ago","Review":"It's a Starbucks. Hate Starbucks? You'll hate this place too. But for the rest of us, it's a brand new location as of mid-August 2019, conveniently located right above an MTA stop.","Likes":"2"},{"Name":"","Category":"","Rating":" 1 star ","Number_of_Reviews":"","Address":"","Reviewer":"Randy Lundi","Reviewer_page":"https://www.google.com/maps/contrib/100825945165186759432/reviews?hl=en-US","Review_time":"a year ago","Review":"Extremely slow location. Waited 15 minutes for a latte not once but twice.","Likes":""},{"Name":"","Category":"","Rating":" 5 stars ","Number_of_Reviews":"","Address":"","Reviewer":"Bernadette Kowlessar","Reviewer_page":"https://www.google.com/maps/contrib/110663605231713352209/reviews?hl=en-US","Review_time":"a year ago","Review":"The service atmosphere ad coffee was excellent","Likes":""},{"Name":"","Category":"","Rating":" 4 stars ","Number_of_Reviews":"","Address":"","Reviewer":"Maria Cole","Reviewer_page":"https://www.google.com/maps/contrib/115658895795180591811/reviews?hl=en-US","Review_time":"8 months ago","Review":"The server were exceptionally nice","Likes":""},{"Name":"","Category":"","Rating":" 5 stars ","Number_of_Reviews":"","Address":"","Reviewer":"B. Lesa Carter","Reviewer_page":"https://www.google.com/maps/contrib/113002348224350419758/reviews?hl=en-US","Review_time":"2 years ago","Review":"They remember the special I had b4 the pandemic.... great","Likes":""},{"Name":"","Category":"","Rating":" 5 stars ","Number_of_Reviews":"","Address":"","Reviewer":"Mora","Reviewer_page":"https://www.google.com/maps/contrib/104059831558582946589/reviews?hl=en-US","Review_time":"9 months ago","Review":"Best Toasted White Mocha 🥰","Likes":""},{"Name":"","Category":"","Rating":" 5 stars ","Number_of_Reviews":"","Address":"","Reviewer":"Dorothy Kelley","Reviewer_page":"https://www.google.com/maps/contrib/118020039051469278171/reviews?hl=en-US","Review_time":"10 months ago","Review":"Best batista and staff ever!!!","Likes":""},{"Name":"","Category":"","Rating":" 5 stars ","Number_of_Reviews":"","Address":"","Reviewer":"Finesse Ingram","Reviewer_page":"https://www.google.com/maps/contrib/107049708548862599518/reviews?hl=en-US","Review_time":"a year ago","Review":"They were ok nuttin special","Likes":""},{"Name":"","Category":"","Rating":" 5 stars ","Number_of_Reviews":"","Address":"","Reviewer":"Vincenzo “Vin Chenz”","Reviewer_page":"https://www.google.com/maps/contrib/109113975134525203240/reviews?hl=en-US","Review_time":"2 years ago","Review":"Got a hot tip about a pineapple matcha before it dropped.","Likes":""},{"Name":"","Category":"","Rating":" 5 stars ","Number_of_Reviews":"","Address":"","Reviewer":"Joshua Chandradat","Reviewer_page":"https://www.google.com/maps/contrib/110636343171446344683/reviews?hl=en-US","Review_time":"2 years ago","Review":"The best Starbucks and they are so nice!!!!!","Likes":""},{"Name":"","Category":"","Rating":" 5 stars ","Number_of_Reviews":"","Address":"","Reviewer":"Karlene Ashby","Reviewer_page":"https://www.google.com/maps/contrib/103616172227608190783/reviews?hl=en-US","Review_time":"7 months ago","Review":"Very clean customer service is great","Likes":""},{"Name":"","Category":"","Rating":" 5 stars ","Number_of_Reviews":"","Address":"","Reviewer":"Jaryee Cooper","Reviewer_page":"https://www.google.com/maps/contrib/115895096631364378160/reviews?hl=en-US","Review_time":"3 years ago","Review":"Customer service is really great, beautiful store!","Likes":""},{"Name":"","Category":"","Rating":" 2 stars ","Number_of_Reviews":"","Address":"","Reviewer":"Jean Chris Romulus","Reviewer_page":"https://www.google.com/maps/contrib/101398639310052545557/reviews?hl=en-US","Review_time":"5 months ago","Review":"Slow and chatty","Likes":""},{"Name":"","Category":"","Rating":" 5 stars ","Number_of_Reviews":"","Address":"","Reviewer":"Leai Davis","Reviewer_page":"https://www.google.com/maps/contrib/115686099963424091892/reviews?hl=en-US","Review_time":"a year ago","Review":"friendly staff! Great service","Likes":""},{"Name":"","Category":"","Rating":" 5 stars ","Number_of_Reviews":"","Address":"","Reviewer":"shatara foster","Reviewer_page":"https://www.google.com/maps/contrib/100420812197295250548/reviews?hl=en-US","Review_time":"a year ago","Review":"Quiet, clean and friendly","Likes":""},{"Name":"","Category":"","Rating":" 5 stars ","Number_of_Reviews":"","Address":"","Reviewer":"Scherece O","Reviewer_page":"https://www.google.com/maps/contrib/109365451864252210575/reviews?hl=en-US","Review_time":"2 years ago","Review":"Great place to relax and unwind","Likes":""},{"Name":"","Category":"","Rating":" 1 star ","Number_of_Reviews":"","Address":"","Reviewer":"Annie Nangoo","Reviewer_page":"https://www.google.com/maps/contrib/114814027083923213102/reviews?hl=en-US","Review_time":"2 years ago","Review":"My drink was weak and tasteless","Likes":""},{"Name":"","Category":"","Rating":" 3 stars ","Number_of_Reviews":"","Address":"","Reviewer":"PR","Reviewer_page":"https://www.google.com/maps/contrib/112209291326361530501/reviews?hl=en-US","Review_time":"3 years ago","Review":"Not bad. Dirty bathroom.","Likes":""},{"Name":"","Category":"","Rating":" 5 stars ","Number_of_Reviews":"","Address":"","Reviewer":"Chicago Boi","Reviewer_page":"https://www.google.com/maps/contrib/100958535695808451837/reviews?hl=en-US","Review_time":"a year ago","Review":"Lovely","Likes":""},{"Name":"","Category":"","Rating":" 5 stars ","Number_of_Reviews":"","Address":"","Reviewer":"angel nieves","Reviewer_page":"https://www.google.com/maps/contrib/116907782297286272789/reviews?hl=en-US","Review_time":"a year ago","Review":"Excellent","Likes":""},{"Name":"","Category":"","Rating":" 5 stars ","Number_of_Reviews":"","Address":"","Reviewer":"Jli Corralejo","Reviewer_page":"https://www.google.com/maps/contrib/102179268387685984840/reviews?hl=en-US","Review_time":"a year ago","Review":"(Translated by Google) It's a good place to get good coffee and some goodies.\n\n(Original)\nEs un buen lugar para conseguir un buen café y algunas golosinas.","Likes":""},{"Name":"","Category":"","Rating":" 5 stars ","Number_of_Reviews":"","Address":"","Reviewer":"ora ben yoram","Reviewer_page":"https://www.google.com/maps/contrib/115439724565679473559/reviews?hl=en-US","Review_time":"2 years ago","Review":"(Translated by Google) The coffee at Star Bucks is great as always. Pleasant atmosphere\n\n(Original)\nהקפה בסטאר באקס נהדר כתמיד. אוירה נעימה","Likes":""},{"Name":"","Category":"","Rating":" 5 stars ","Number_of_Reviews":"","Address":"","Reviewer":"Amber Wilson","Reviewer_page":"https://www.google.com/maps/contrib/110269091687696561411/reviews?hl=en-US","Review_time":"5 months ago","Review":"","Likes":""},{"Name":"","Category":"","Rating":" 5 stars ","Number_of_Reviews":"","Address":"","Reviewer":"Silvia Lantigua Santos","Reviewer_page":"https://www.google.com/maps/contrib/111911074819738300820/reviews?hl=en-US","Review_time":"2 years ago","Review":"(Translated by Google) I love it 🥰🥰🥰\n\n(Original)\nMe encanta 🥰🥰🥰","Likes":""},{"Name":"","Category":"","Rating":" 4 stars ","Number_of_Reviews":"","Address":"","Reviewer":"Christopher Haley","Reviewer_page":"https://www.google.com/maps/contrib/100005119437309946201/reviews?hl=en-US","Review_time":"a year ago","Review":"","Likes":""},{"Name":"","Category":"","Rating":" 5 stars ","Number_of_Reviews":"","Address":"","Reviewer":"Daphne Valerio","Reviewer_page":"https://www.google.com/maps/contrib/105148739254187624942/reviews?hl=en-US","Review_time":"a year ago","Review":"","Likes":""},{"Name":"","Category":"","Rating":" 5 stars ","Number_of_Reviews":"","Address":"","Reviewer":"Kanda Cummings","Reviewer_page":"https://www.google.com/maps/contrib/115860029707651860264/reviews?hl=en-US","Review_time":"a year ago","Review":"","Likes":""},{"Name":"","Category":"","Rating":" 5 stars ","Number_of_Reviews":"","Address":"","Reviewer":"Princess Zalika","Reviewer_page":"https://www.google.com/maps/contrib/100434773773557299728/reviews?hl=en-US","Review_time":"7 months ago","Review":"","Likes":""},{"Name":"","Category":"","Rating":" 5 stars ","Number_of_Reviews":"","Address":"","Reviewer":"rodolfo pino adrian","Reviewer_page":"https://www.google.com/maps/contrib/115528829768180256877/reviews?hl=en-US","Review_time":"a year ago","Review":"","Likes":""},{"Name":"","Category":"","Rating":" 5 stars ","Number_of_Reviews":"","Address":"","Reviewer":"Elina G","Reviewer_page":"https://www.google.com/maps/contrib/105869574123375026368/reviews?hl=en-US","Review_time":"5 months ago","Review":"","Likes":""},{"Name":"","Category":"","Rating":" 5 stars ","Number_of_Reviews":"","Address":"","Reviewer":"Suhyun Jung","Reviewer_page":"https://www.google.com/maps/contrib/113153516562998321348/reviews?hl=en-US","Review_time":"2 years ago","Review":"","Likes":""},{"Name":"","Category":"","Rating":" 4 stars ","Number_of_Reviews":"","Address":"","Reviewer":"Chris Ward","Reviewer_page":"https://www.google.com/maps/contrib/100330109896224860598/reviews?hl=en-US","Review_time":"2 years ago","Review":"","Likes":""},{"Name":"","Category":"","Rating":" 3 stars ","Number_of_Reviews":"","Address":"","Reviewer":"Paul","Reviewer_page":"https://www.google.com/maps/contrib/100472932387684094724/reviews?hl=en-US","Review_time":"2 years ago","Review":"","Likes":""},{"Name":"","Category":"","Rating":" 5 stars ","Number_of_Reviews":"","Address":"","Reviewer":"iYamar Fall","Reviewer_page":"https://www.google.com/maps/contrib/104071122209726978321/reviews?hl=en-US","Review_time":"2 years ago","Review":"","Likes":""},{"Name":"","Category":"","Rating":" 5 stars ","Number_of_Reviews":"","Address":"","Reviewer":"Shiely Anacaya-Babate","Reviewer_page":"https://www.google.com/maps/contrib/102208868070706946715/reviews?hl=en-US","Review_time":"a year ago","Review":"","Likes":""},{"Name":"","Category":"","Rating":" 4 stars ","Number_of_Reviews":"","Address":"","Reviewer":"Danson Tang","Reviewer_page":"https://www.google.com/maps/contrib/113373232398585864414/reviews?hl=en-US","Review_time":"2 years ago","Review":"","Likes":""},{"Name":"","Category":"","Rating":" 5 stars ","Number_of_Reviews":"","Address":"","Reviewer":"Tiffany B","Reviewer_page":"https://www.google.com/maps/contrib/106197695003903116510/reviews?hl=en-US","Review_time":"a year ago","Review":"","Likes":""},{"Name":"","Category":"","Rating":" 5 stars ","Number_of_Reviews":"","Address":"","Reviewer":"kayode dagbo","Reviewer_page":"https://www.google.com/maps/contrib/110241494740632502864/reviews?hl=en-US","Review_time":"2 years ago","Review":"","Likes":""},{"Name":"","Category":"","Rating":" 5 stars ","Number_of_Reviews":"","Address":"","Reviewer":"Gabrijela Galic","Reviewer_page":"https://www.google.com/maps/contrib/103118377784938600070/reviews?hl=en-US","Review_time":"10 months ago","Review":"","Likes":""},{"Name":"","Category":"","Rating":" 5 stars ","Number_of_Reviews":"","Address":"","Reviewer":"The Travelling “RJ” Bhuiyans","Reviewer_page":"https://www.google.com/maps/contrib/104150459445812698123/reviews?hl=en-US","Review_time":"2 years ago","Review":"","Likes":""},{"Name":"","Category":"","Rating":" 5 stars ","Number_of_Reviews":"","Address":"","Reviewer":"Kenny Tan","Reviewer_page":"https://www.google.com/maps/contrib/117278204890289842567/reviews?hl=en-US","Review_time":"2 years ago","Review":"","Likes":""},{"Name":"","Category":"","Rating":" 1 star ","Number_of_Reviews":"","Address":"","Reviewer":"Hayes Lord","Reviewer_page":"https://www.google.com/maps/contrib/109807609154938361922/reviews?hl=en-US","Review_time":"11 months ago","Review":"","Likes":""},{"Name":"","Category":"","Rating":" 4 stars ","Number_of_Reviews":"","Address":"","Reviewer":"Jeroen Bastiaans","Reviewer_page":"https://www.google.com/maps/contrib/106908558363352168904/reviews?hl=en-US","Review_time":"a year ago","Review":"","Likes":""},{"Name":"","Category":"","Rating":" 5 stars ","Number_of_Reviews":"","Address":"","Reviewer":"Alex G","Reviewer_page":"https://www.google.com/maps/contrib/109038608638291645733/reviews?hl=en-US","Review_time":"2 years ago","Review":"","Likes":""},{"Name":"","Category":"","Rating":" 5 stars ","Number_of_Reviews":"","Address":"","Reviewer":"Kenya Nelson","Reviewer_page":"https://www.google.com/maps/contrib/104140804938074968474/reviews?hl=en-US","Review_time":"11 months ago","Review":"","Likes":""},{"Name":"","Category":"","Rating":" 5 stars ","Number_of_Reviews":"","Address":"","Reviewer":"Adam E. Chetrit","Reviewer_page":"https://www.google.com/maps/contrib/106783548106119006137/reviews?hl=en-US","Review_time":"2 years ago","Review":"","Likes":""},{"Name":"","Category":"","Rating":" 5 stars ","Number_of_Reviews":"","Address":"","Reviewer":"Huzefa jawadwala","Reviewer_page":"https://www.google.com/maps/contrib/110061189546094799888/reviews?hl=en-US","Review_time":"2 years ago","Review":"","Likes":""},{"Name":"","Category":"","Rating":" 5 stars ","Number_of_Reviews":"","Address":"","Reviewer":"Dimitri Loutan","Reviewer_page":"https://www.google.com/maps/contrib/102222066357204771002/reviews?hl=en-US","Review_time":"a year ago","Review":"","Likes":""},{"Name":"","Category":"","Rating":" 5 stars ","Number_of_Reviews":"","Address":"","Reviewer":"luis quijada","Reviewer_page":"https://www.google.com/maps/contrib/111459909009961716184/reviews?hl=en-US","Review_time":"2 years ago","Review":"","Likes":""},{"Name":"","Category":"","Rating":" 5 stars ","Number_of_Reviews":"","Address":"","Reviewer":"M. Delgado","Reviewer_page":"https://www.google.com/maps/contrib/108346102146451327078/reviews?hl=en-US","Review_time":"2 years ago","Review":"","Likes":""},{"Name":"","Category":"","Rating":" 3 stars ","Number_of_Reviews":"","Address":"","Reviewer":"Jim Cullip","Reviewer_page":"https://www.google.com/maps/contrib/111072486512504114016/reviews?hl=en-US","Review_time":"2 years ago","Review":"","Likes":""},{"Name":"","Category":"","Rating":" 4 stars ","Number_of_Reviews":"","Address":"","Reviewer":"DAR","Reviewer_page":"https://www.google.com/maps/contrib/115059301268714041617/reviews?hl=en-US","Review_time":"2 years ago","Review":"","Likes":""},{"Name":"","Category":"","Rating":" 5 stars ","Number_of_Reviews":"","Address":"","Reviewer":"Sebastian Winkler","Reviewer_page":"https://www.google.com/maps/contrib/111596555572049094553/reviews?hl=en-US","Review_time":"5 months ago","Review":"","Likes":""},{"Name":"","Category":"","Rating":" 5 stars ","Number_of_Reviews":"","Address":"","Reviewer":"Angie Phillips","Reviewer_page":"https://www.google.com/maps/contrib/118112918866109386143/reviews?hl=en-US","Review_time":"4 months ago","Review":"","Likes":""},{"Name":"","Category":"","Rating":" 5 stars ","Number_of_Reviews":"","Address":"","Reviewer":"Frédéric Bou","Reviewer_page":"https://www.google.com/maps/contrib/117538395473071588910/reviews?hl=en-US","Review_time":"2 years ago","Review":"","Likes":""},{"Name":"","Category":"","Rating":" 5 stars ","Number_of_Reviews":"","Address":"","Reviewer":"Nk Bendeck","Reviewer_page":"https://www.google.com/maps/contrib/105619565376926487921/reviews?hl=en-US","Review_time":"2 years ago","Review":"","Likes":""},{"Name":"","Category":"","Rating":" 5 stars ","Number_of_Reviews":"","Address":"","Reviewer":"Harcher Batravil","Reviewer_page":"https://www.google.com/maps/contrib/113804726661010361960/reviews?hl=en-US","Review_time":"2 years ago","Review":"","Likes":""},{"Name":"","Category":"","Rating":" 3 stars ","Number_of_Reviews":"","Address":"","Reviewer":"Lordmegatron 84","Reviewer_page":"https://www.google.com/maps/contrib/116716634204937125232/reviews?hl=en-US","Review_time":"2 years ago","Review":"","Likes":""},{"Name":"","Category":"","Rating":" 5 stars ","Number_of_Reviews":"","Address":"","Reviewer":"Shekeithra McLamb","Reviewer_page":"https://www.google.com/maps/contrib/101091399469006405589/reviews?hl=en-US","Review_time":"2 years ago","Review":"","Likes":""},{"Name":"","Category":"","Rating":" 5 stars ","Number_of_Reviews":"","Address":"","Reviewer":"Dana Crawford","Reviewer_page":"https://www.google.com/maps/contrib/106551955475598551042/reviews?hl=en-US","Review_time":"2 years ago","Review":"","Likes":""},{"Name":"","Category":"","Rating":" 3 stars ","Number_of_Reviews":"","Address":"","Reviewer":"Gundam08thTeam","Reviewer_page":"https://www.google.com/maps/contrib/102080912464266108321/reviews?hl=en-US","Review_time":"a month ago","Review":"","Likes":""},{"Name":"","Category":"","Rating":" 4 stars ","Number_of_Reviews":"","Address":"","Reviewer":"Diamond Long","Reviewer_page":"https://www.google.com/maps/contrib/105064141240439028729/reviews?hl=en-US","Review_time":"2 years ago","Review":"","Likes":""},{"Name":"","Category":"","Rating":" 5 stars ","Number_of_Reviews":"","Address":"","Reviewer":"Eunice Evans","Reviewer_page":"https://www.google.com/maps/contrib/111200431030139782918/reviews?hl=en-US","Review_time":"a year ago","Review":"","Likes":""},{"Name":"","Category":"","Rating":" 5 stars ","Number_of_Reviews":"","Address":"","Reviewer":"Sardor Z","Reviewer_page":"https://www.google.com/maps/contrib/106223484950777994332/reviews?hl=en-US","Review_time":"8 months ago","Review":"","Likes":""},{"Name":"","Category":"","Rating":" 5 stars ","Number_of_Reviews":"","Address":"","Reviewer":"林彤","Reviewer_page":"https://www.google.com/maps/contrib/100960075154189988287/reviews?hl=en-US","Review_time":"3 years ago","Review":"","Likes":""},{"Name":"","Category":"","Rating":" 4 stars ","Number_of_Reviews":"","Address":"","Reviewer":"rambo4337","Reviewer_page":"https://www.google.com/maps/contrib/114109073444828559260/reviews?hl=en-US","Review_time":"2 years ago","Review":"","Likes":""},{"Name":"","Category":"","Rating":" 4 stars ","Number_of_Reviews":"","Address":"","Reviewer":"Lance Smith","Reviewer_page":"https://www.google.com/maps/contrib/102335446906008062748/reviews?hl=en-US","Review_time":"2 years ago","Review":"","Likes":""},{"Name":"","Category":"","Rating":" 4 stars ","Number_of_Reviews":"","Address":"","Reviewer":"R J","Reviewer_page":"https://www.google.com/maps/contrib/107979749803235079721/reviews?hl=en-US","Review_time":"2 years ago","Review":"","Likes":""},{"Name":"","Category":"","Rating":" 5 stars ","Number_of_Reviews":"","Address":"","Reviewer":"Ginet Rodriguez","Reviewer_page":"https://www.google.com/maps/contrib/112011867285406782381/reviews?hl=en-US","Review_time":"a year ago","Review":"","Likes":""},{"Name":"","Category":"","Rating":" 4 stars ","Number_of_Reviews":"","Address":"","Reviewer":"Miss K S","Reviewer_page":"https://www.google.com/maps/contrib/115371989112527875325/reviews?hl=en-US","Review_time":"3 years ago","Review":"","Likes":""},{"Name":"","Category":"","Rating":" 4 stars ","Number_of_Reviews":"","Address":"","Reviewer":"Josefina Urena","Reviewer_page":"https://www.google.com/maps/contrib/104994004714009022907/reviews?hl=en-US","Review_time":"a year ago","Review":"","Likes":""},{"Name":"","Category":"","Rating":" 5 stars ","Number_of_Reviews":"","Address":"","Reviewer":"Anastasia Walker","Reviewer_page":"https://www.google.com/maps/contrib/112174324321155385463/reviews?hl=en-US","Review_time":"2 years ago","Review":"","Likes":""}