[{"Name":"","Category":"","Rating":" 5 stars ","Number_of_Reviews":"","Address":"","Reviewer":"Li S","Reviewer_page":"https://www.google.com/maps/contrib/115509122902912419984/reviews?hl=en-US","Review_time":"2 months ago","Review":"Update: Another quick, smooth ordering experience. My Iced Chai latte was excellent\n\nUpdate: Had a very nice experience here, today. Upping my review to 5 stars. Maybe they got new management because someone (who seemed like they were in charge, and was wearing different attair than the baristas) asked me for clarification on my drink and then explained how I could order it later, to ensure I'd get exactly the decaf light mocha iced latte that I wanted.\n\nA very nice spacious Starbucks. Good service, though I waited a bit longer than expected. Also, I'm not sure if this Starbucks would have much cozy-seating (Covid aside), but that seemed a little lacking.","Likes":""},{"Name":"","Category":"","Rating":" 5 stars ","Number_of_Reviews":"","Address":"","Reviewer":"Amenah Ahmad","Reviewer_page":"https://www.google.com/maps/contrib/115470550124599217546/reviews?hl=en-US","Review_time":"2 weeks ago","Review":"My Favorite starbucks ❤️❤️ and Oh my how beautiful they made it look for the holidays 😍","Likes":"3"},{"Name":"","Category":"","Rating":" 5 stars ","Number_of_Reviews":"","Address":"","Reviewer":"Salma Bravo","Reviewer_page":"https://www.google.com/maps/contrib/106033064427183494179/reviews?hl=en-US","Review_time":"a week ago","Review":"I’m always here and I love how friendly the staff is. Recently I ordered an iced drink but they accidentally made it hot, Joe took it back no problem and Ivone made my drink to perfection. Love coming here, it’s always so welcoming.","Likes":""},{"Name":"","Category":"","Rating":" 5 stars ","Number_of_Reviews":"","Address":"","Reviewer":"Gyorgy Molnar","Reviewer_page":"https://www.google.com/maps/contrib/113751278269539279935/reviews?hl=en-US","Review_time":"2 months ago","Review":"Cool, clean and super fast\nThe staff is always kind","Likes":""},{"Name":"","Category":"","Rating":" 3 stars ","Number_of_Reviews":"","Address":"","Reviewer":"Eric Li","Reviewer_page":"https://www.google.com/maps/contrib/113630097148912829905/reviews?hl=en-US","Review_time":"5 months ago","Review":"The coffee and croissant were ok, there were universally vaked and distributed everywhere, so I know what to expect. The staff doesn’t seem want to enjoy working here, and doesn’t care when my croissant was ordered-she just press a few buttons and left. I didn’t even know which scanner am I supposed to use to pay. And long after my coffee was ready, my croissant was not even unpacked for heating. Finally, I spend 12 minutes for one cup of coffee and one croissant. There were only four people waiting in the store (lots of mobile order though)","Likes":""},{"Name":"","Category":"","Rating":" 5 stars ","Number_of_Reviews":"","Address":"","Reviewer":"Anabanana","Reviewer_page":"https://www.google.com/maps/contrib/113734011881723773988/reviews?hl=en-US","Review_time":"5 months ago","Review":"I dont know why there’s so many bad reviews but this Starbucks is great!! The employees are really nice and work fast. The location has a lot of customers so yea the wait time can be a little long but I’ve never had problems.","Likes":"1"},{"Name":"","Category":"","Rating":" 1 star ","Number_of_Reviews":"","Address":"","Reviewer":"Светлана Авезов","Reviewer_page":"https://www.google.com/maps/contrib/109554472991952491348/reviews?hl=en-US","Review_time":"2 months ago","Review":"I am very upset.  I am a regular customer of this coffee, I wanted to use the bathroom and was not allowed to.  It is very inconvenient when you can not use all the services.","Likes":"1"},{"Name":"","Category":"","Rating":" 3 stars ","Number_of_Reviews":"","Address":"","Reviewer":"ret bet","Reviewer_page":"https://www.google.com/maps/contrib/115399282685556321340/reviews?hl=en-US","Review_time":"a month ago","Review":"Great coffee. But somehow the customer restroom disappeared overnight. No restroom here anymore!","Likes":""},{"Name":"","Category":"","Rating":" 2 stars ","Number_of_Reviews":"","Address":"","Reviewer":"HUSSAIN H","Reviewer_page":"https://www.google.com/maps/contrib/105211822158949703266/reviews?hl=en-US","Review_time":"5 months ago","Review":"This Starbucks is horrible. Everyday they make up their own time. No mobile orders, slow employees. It’s like a mismanaged Dunkin 😑. For the location, this should be a lot more better …","Likes":"2"},{"Name":"","Category":"","Rating":" 1 star ","Number_of_Reviews":"","Address":"","Reviewer":"Dana Chernova","Reviewer_page":"https://www.google.com/maps/contrib/117926308984844785915/reviews?hl=en-US","Review_time":"a month ago","Review":"Idk what’s the issue here but they are constantly making drinks diluted. The drinks are made wrong every single time. Once or twice but every time is just wrong.","Likes":""},{"Name":"","Category":"","Rating":" 1 star ","Number_of_Reviews":"","Address":"","Reviewer":"Zhanna Kazitskaya","Reviewer_page":"https://www.google.com/maps/contrib/115897966788050437435/reviews?hl=en-US","Review_time":"7 months ago","Review":"Worst, worst and worst!!! Waiting time for warm up Cheese Danish 25 minutes!!!! And then just put product on the desk without your name. Like you have check your order by yourself. Is it best service for customer?","Likes":""},{"Name":"","Category":"","Rating":" 1 star ","Number_of_Reviews":"","Address":"","Reviewer":"Nina Bedoidze","Reviewer_page":"https://www.google.com/maps/contrib/112239489559804428265/reviews?hl=en-US","Review_time":"5 months ago","Review":"Horrible Starbucks! special manager was unprofessional he don't realy know how to provide the coffee to the the customers. if you explain steel ..!😡🤬","Likes":""},{"Name":"","Category":"","Rating":" 1 star ","Number_of_Reviews":"","Address":"","Reviewer":"Denny Solo","Reviewer_page":"https://www.google.com/maps/contrib/114615320157622709066/reviews?hl=en-US","Review_time":"6 months ago","Review":"Constantly closes in the middle of the day. Now on the weekend too? Management should either investigate or make an apologetic notice. I am not relying on this location anymore after so many constant walkings into the closed door.","Likes":"1"},{"Name":"","Category":"","Rating":" 1 star ","Number_of_Reviews":"","Address":"","Reviewer":"Caroline Freeman","Reviewer_page":"https://www.google.com/maps/contrib/118054220769681201205/reviews?hl=en-US","Review_time":"9 months ago","Review":"Not the worst location, and yet had to wait 23 minutes for strawberry acai. Somehow, people who made orders 5-7 minutes later received their drinks before me. Barista got my drink incorrectly, and when I mentioned that I was waiting for that drink for 23 minutes, he just throw some tantrum. Unsolicited advice: if you hate that job why bother?","Likes":""},{"Name":"","Category":"","Rating":" 1 star ","Number_of_Reviews":"","Address":"","Reviewer":"Char H","Reviewer_page":"https://www.google.com/maps/contrib/111272718656824733768/reviews?hl=en-US","Review_time":"7 months ago","Review":"Bruhh.. just close down or hire some more staff ain’t no way fast food should be this slow. NO WAYYYYY!!! The staff doesn’t seem to take initiative. Maybe it’s not their fault but something’s gotta give.","Likes":"1"},{"Name":"","Category":"","Rating":" 4 stars ","Number_of_Reviews":"","Address":"","Reviewer":"Dave Hays","Reviewer_page":"https://www.google.com/maps/contrib/100227537552379499374/reviews?hl=en-US","Review_time":"a year ago","Review":"Even with all the disadvantages, I have a positive attitude towards this network. I love their coffee, although the waiting time for my order sometimes exceeds all limits.","Likes":"1"},{"Name":"","Category":"","Rating":" 1 star ","Number_of_Reviews":"","Address":"","Reviewer":"Milana Sugaipova","Reviewer_page":"https://www.google.com/maps/contrib/108443252982532665297/reviews?hl=en-US","Review_time":"a year ago","Review":"This is the WORST STARBUCKS EVER! First off all, the waiting time there incredible long, even when there is almost no people. few weeks ago when I was there, they forgot to give me my order, so I was waiting for my order there like forever, but it’s ok, I thoughts, sometimes it happens. And today I was there with my mom in N95 masks, unlike workers who wearing just rugs masks, which according to CDC doesn’t help prevent COVID, so my mom, who has health problems with her back, suddenly felt pain, because she was standing too long, waiting for her tea, so she set down on the corner of the chair, where there was no one, few people were waiting for their coffee infront of the exit, and they were ok with the old lady sitting for a minute on the corner of the chair, so one of the employee gently ask her to not sit there, I explained him, that she had pain, we just pick up the tea and leave right away, then,another employee ( I believe higher in position) ask her again not sitting there explaining that this is their policy and of course my mum got up right away despite of the pain, continued waiting for her tea standing up. Of course you can say that this is your policy, but not in this situation and  you definitely forgot the policy of being a nice person. Had a horrible experience there, would not recommended to my family and friends","Likes":"4"},{"Name":"","Category":"","Rating":" 5 stars ","Number_of_Reviews":"","Address":"","Reviewer":"Liana Davidoff","Reviewer_page":"https://www.google.com/maps/contrib/109148754760957261014/reviews?hl=en-US","Review_time":"a year ago","Review":"This is your typical Starbucks with normal to longer wait times. However, the staff at this specific location are super chill and friendly, making the slightly longer wait tolerable. I’d say in comparison to many of the Starbucks locations, this one wins.","Likes":"1"},{"Name":"","Category":"","Rating":" 1 star ","Number_of_Reviews":"","Address":"","Reviewer":"Sufyan Hameed","Reviewer_page":"https://www.google.com/maps/contrib/114648757389894449567/reviews?hl=en-US","Review_time":"a year ago","Review":"I try not to post bad reviews, the service was great, the coffee was just terrible. I saw the Staff having a hard time keeping up, so I was trying to be patient. It’s sad that after all that, the coffee went straight to the trash after I walked out.","Likes":"4"},{"Name":"","Category":"","Rating":" 5 stars ","Number_of_Reviews":"","Address":"","Reviewer":"Naima Brown","Reviewer_page":"https://www.google.com/maps/contrib/102640255631473210804/reviews?hl=en-US","Review_time":"6 months ago","Review":"Great Service, Has an area to sit and they are very fast with your order.","Likes":""},{"Name":"","Category":"","Rating":" 1 star ","Number_of_Reviews":"","Address":"","Reviewer":"Niyah B","Reviewer_page":"https://www.google.com/maps/contrib/111326993622944823087/reviews?hl=en-US","Review_time":"a year ago","Review":"I ordered a caramel macc. Ice coffee. I received a drink that was white in color and tasted like milk and caramel no coffee. I was asked if I wanted to order another drink became thats how the drink is made. I insisted I've ordered the drink a million times and it should be brown not white. The drink was remade the same way and I just got a refund. Disgusting the lady making the drinks didn't listen to my instructions and just gave me what she wanted to.","Likes":"1"},{"Name":"","Category":"","Rating":" 1 star ","Number_of_Reviews":"","Address":"","Reviewer":"Di NewYorkCity","Reviewer_page":"https://www.google.com/maps/contrib/118049927905848935382/reviews?hl=en-US","Review_time":"a year ago","Review":"Ordered Very Berry Hibiscus, and they didn't even warn me that they didn't have blackberries before I paid. Tasted like water. I wouldn't even write a review, but it's happening for the 2nd time in 1 week😒","Likes":"3"},{"Name":"","Category":"","Rating":" 4 stars ","Number_of_Reviews":"","Address":"","Reviewer":"Brian Fok","Reviewer_page":"https://www.google.com/maps/contrib/108224951088248071900/reviews?hl=en-US","Review_time":"a year ago","Review":"Staff is friendly and chill. This location is also very clean and tidy unlike some other locations. Drinks come at a regular and average pace. Not too fast, but not too long.","Likes":"2"},{"Name":"","Category":"","Rating":" 5 stars ","Number_of_Reviews":"","Address":"","Reviewer":"La-Damian Corrielant","Reviewer_page":"https://www.google.com/maps/contrib/113353925222896575154/reviews?hl=en-US","Review_time":"6 months ago","Review":"It was great I loved it. Will definitely come back for some more excitement.","Likes":"1"},{"Name":"","Category":"","Rating":" 1 star ","Number_of_Reviews":"","Address":"","Reviewer":"Jhonny Marin","Reviewer_page":"https://www.google.com/maps/contrib/106124065348745698601/reviews?hl=en-US","Review_time":"a year ago","Review":"Staff looks like they can’t keep up, had to wait 40 minutes just to order then I finally am taking my time to eat breakfast and They told me no sitting inside if I don’t have a vaccine card.","Likes":"4"},{"Name":"","Category":"","Rating":" 2 stars ","Number_of_Reviews":"","Address":"","Reviewer":"WD NA","Reviewer_page":"https://www.google.com/maps/contrib/113759181051509575078/reviews?hl=en-US","Review_time":"a year ago","Review":"I was there no long ago, ordered for pickup, took over 20mins. They seemed be making orders placed in person and only when I asked about it for more than 3 times to finally get my drink.","Likes":""},{"Name":"","Category":"","Rating":" 5 stars ","Number_of_Reviews":"","Address":"","Reviewer":"Asha Singh","Reviewer_page":"https://www.google.com/maps/contrib/110632553638923748618/reviews?hl=en-US","Review_time":"a year ago","Review":"Our favorite Barista at this location is Tiny. She is so sweet and friendly. She just puts a smile on your face. She is the best!!!","Likes":"7"},{"Name":"","Category":"","Rating":" 1 star ","Number_of_Reviews":"","Address":"","Reviewer":"Katharine Ng","Reviewer_page":"https://www.google.com/maps/contrib/116704199751335667533/reviews?hl=en-US","Review_time":"a year ago","Review":"The tall store manager is so fake . She doesnt know how to do her job… she doesnt know how to make half the drinks … like she needs to get training","Likes":"4"},{"Name":"","Category":"","Rating":" 5 stars ","Number_of_Reviews":"","Address":"","Reviewer":"Maria Polovetcs","Reviewer_page":"https://www.google.com/maps/contrib/116499571824924093515/reviews?hl=en-US","Review_time":"a year ago","Review":"REALLY GOOD CUSTOMER SERVICE,\nMade sure the customers were safe, when there was a drunk man in the shop and evacuated us!!! Really recommend 💜💜💜","Likes":""},{"Name":"","Category":"","Rating":" 5 stars ","Number_of_Reviews":"","Address":"","Reviewer":"Mariah Lee","Reviewer_page":"https://www.google.com/maps/contrib/109055324574213590767/reviews?hl=en-US","Review_time":"3 months ago","Review":"Great staff! Fast service!","Likes":""},{"Name":"","Category":"","Rating":" 1 star ","Number_of_Reviews":"","Address":"","Reviewer":"Erica Ananyan","Reviewer_page":"https://www.google.com/maps/contrib/105349059298282351178/reviews?hl=en-US","Review_time":"a year ago","Review":"cashier was so rude, waited 20 minutes for a cup of water, i asked for ice and didnt get any. it even said “add ice” on the label.","Likes":""},{"Name":"","Category":"","Rating":" 5 stars ","Number_of_Reviews":"","Address":"","Reviewer":"Yeliz baraç","Reviewer_page":"https://www.google.com/maps/contrib/100050275221061037307/reviews?hl=en-US","Review_time":"a year ago","Review":"Love the coffee of Starbucks and there is a barista over there her name is Joey she is helpful and lovely. Suck a nice worker makes your day and world hopefull . Thanks joeyyy","Likes":"4"},{"Name":"","Category":"","Rating":" 4 stars ","Number_of_Reviews":"","Address":"","Reviewer":"Eddie Rosen","Reviewer_page":"https://www.google.com/maps/contrib/115119347812672181970/reviews?hl=en-US","Review_time":"a year ago","Review":"Nice coz nstore new and clean . Friendly staff make good drinks. Not as many choices.as a regular starbucks yet","Likes":""},{"Name":"","Category":"","Rating":" 5 stars ","Number_of_Reviews":"","Address":"","Reviewer":"Will Lam","Reviewer_page":"https://www.google.com/maps/contrib/102435987334081268249/reviews?hl=en-US","Review_time":"9 months ago","Review":"Dark roast is all I get. Hard to mess that up. SB is still my favorite coffee","Likes":"1"},{"Name":"","Category":"","Rating":" 5 stars ","Number_of_Reviews":"","Address":"","Reviewer":"Sergey US","Reviewer_page":"https://www.google.com/maps/contrib/106981243604871599703/reviews?hl=en-US","Review_time":"2 months ago","Review":"Cold Brew - is the best!","Likes":""},{"Name":"","Category":"","Rating":" 4 stars ","Number_of_Reviews":"","Address":"","Reviewer":"Me.Truth","Reviewer_page":"https://www.google.com/maps/contrib/109382017367954898661/reviews?hl=en-US","Review_time":"a year ago","Review":"Clean place and nice employees but sometimes they don’t mix sweet syrup well :(","Likes":"3"},{"Name":"","Category":"","Rating":" 5 stars ","Number_of_Reviews":"","Address":"","Reviewer":"Roxana Guerra","Reviewer_page":"https://www.google.com/maps/contrib/118244766414544607541/reviews?hl=en-US","Review_time":"a year ago","Review":"Great Place. Nice staff, good drinks,  good location, nice interior (but can't linger bc of Covid, no sitting inside).","Likes":"1"},{"Name":"","Category":"","Rating":" 5 stars ","Number_of_Reviews":"","Address":"","Reviewer":"Mark Chavez","Reviewer_page":"https://www.google.com/maps/contrib/112074286313740795288/reviews?hl=en-US","Review_time":"a year ago","Review":"Nice place, good coffee. Very nice staff: friendly, smiling.","Likes":"1"},{"Name":"","Category":"","Rating":" 5 stars ","Number_of_Reviews":"","Address":"","Reviewer":"Gladys Rodríguez Pitre","Reviewer_page":"https://www.google.com/maps/contrib/111034165816554108055/reviews?hl=en-US","Review_time":"a year ago","Review":"Clean location and friendly staff.\n\nMy cousins just visited and they had a positive experience.\n\nThey recommend the Mocha Cookie Crumbles frapachino.","Likes":"1"},{"Name":"","Category":"","Rating":" 1 star ","Number_of_Reviews":"","Address":"","Reviewer":"Vladlen Bondarenko","Reviewer_page":"https://www.google.com/maps/contrib/115634871821837889809/reviews?hl=en-US","Review_time":"a year ago","Review":"It was very and very slow, missed my order! Workers talked me to complain to Starbucks not to them. Ridiculous!","Likes":"1"},{"Name":"","Category":"","Rating":" 5 stars ","Number_of_Reviews":"","Address":"","Reviewer":"Liz Centeno","Reviewer_page":"https://www.google.com/maps/contrib/118329120655774611211/reviews?hl=en-US","Review_time":"a year ago","Review":"Ordered the new strawberry funnel cake with almond milk...delicious 😋","Likes":"1"},{"Name":"","Category":"","Rating":" 1 star ","Number_of_Reviews":"","Address":"","Reviewer":"Inna Vlas","Reviewer_page":"https://www.google.com/maps/contrib/104997685457277191700/reviews?hl=en-US","Review_time":"a year ago","Review":"Can not make simple drinks nice way… always taste gross","Likes":"2"},{"Name":"","Category":"","Rating":" 1 star ","Number_of_Reviews":"","Address":"","Reviewer":"Sangye Norbu","Reviewer_page":"https://www.google.com/maps/contrib/104282084896389971657/reviews?hl=en-US","Review_time":"2 years ago","Review":"They took 9 minutes to give a regular hot coffee. Uuumm... look like they r very slow like tortle.","Likes":"1"},{"Name":"","Category":"","Rating":" 1 star ","Number_of_Reviews":"","Address":"","Reviewer":"Davron Magametov","Reviewer_page":"https://www.google.com/maps/contrib/106537770574680540568/reviews?hl=en-US","Review_time":"a year ago","Review":"Worst service ever !\nAlways minimum 20 minutes you just waiting on the line !\nAnd also they don’t wearing face masks !\nAnd rude costumer service","Likes":""},{"Name":"","Category":"","Rating":" 1 star ","Number_of_Reviews":"","Address":"","Reviewer":"Hair Extensions","Reviewer_page":"https://www.google.com/maps/contrib/114459498337437921355/reviews?hl=en-US","Review_time":"a year ago","Review":"ordered iced matcha latte after literally 3 sips I had just ice left","Likes":""},{"Name":"","Category":"","Rating":" 5 stars ","Number_of_Reviews":"","Address":"","Reviewer":"Lidia Strouk","Reviewer_page":"https://www.google.com/maps/contrib/107957281677865675561/reviews?hl=en-US","Review_time":"a year ago","Review":"Wonderful customer service at this location.  Coffee is good.","Likes":""},{"Name":"","Category":"","Rating":" 1 star ","Number_of_Reviews":"","Address":"","Reviewer":"Ilana German","Reviewer_page":"https://www.google.com/maps/contrib/106789984340008325782/reviews?hl=en-US","Review_time":"a year ago","Review":"Large coffee that I ordered was terrible, no taste of coffee at all, feels like there was only almond milk in it.","Likes":""},{"Name":"","Category":"","Rating":" 3 stars ","Number_of_Reviews":"","Address":"","Reviewer":"Joyce Coco","Reviewer_page":"https://www.google.com/maps/contrib/104181476109990911229/reviews?hl=en-US","Review_time":"a year ago","Review":"Had caramel macchiato and chocolate chip cookie as mid afternoon pick me up.","Likes":""},{"Name":"","Category":"","Rating":" 5 stars ","Number_of_Reviews":"","Address":"","Reviewer":"Ray rich","Reviewer_page":"https://www.google.com/maps/contrib/112568355675097919265/reviews?hl=en-US","Review_time":"a year ago","Review":"As always  this is my favorite  place  for starbuck  not all starbuck are the same give them a try.","Likes":""},{"Name":"","Category":"","Rating":" 3 stars ","Number_of_Reviews":"","Address":"","Reviewer":"Kamila Project Page","Reviewer_page":"https://www.google.com/maps/contrib/104464929170527191255/reviews?hl=en-US","Review_time":"a year ago","Review":"Order was supposed to be ready at 9:20, was only given to us at 9:35","Likes":""},{"Name":"","Category":"","Rating":" 5 stars ","Number_of_Reviews":"","Address":"","Reviewer":"Halima Halina","Reviewer_page":"https://www.google.com/maps/contrib/109841322201614296032/reviews?hl=en-US","Review_time":"a year ago","Review":"Great customer service with clean atmosphere 😎😎 Good Job guys 😊😊","Likes":"2"},{"Name":"","Category":"","Rating":" 1 star ","Number_of_Reviews":"","Address":"","Reviewer":"Archil Maisuradze","Reviewer_page":"https://www.google.com/maps/contrib/102282447237722055646/reviews?hl=en-US","Review_time":"a year ago","Review":"Uber Eats orders never ready and they take forever.","Likes":""},{"Name":"","Category":"","Rating":" 5 stars ","Number_of_Reviews":"","Address":"","Reviewer":"Mikey I","Reviewer_page":"https://www.google.com/maps/contrib/116126187479622921827/reviews?hl=en-US","Review_time":"4 months ago","Review":"Always enjoy visiting.","Likes":""},{"Name":"","Category":"","Rating":" 3 stars ","Number_of_Reviews":"","Address":"","Reviewer":"FISH_ IN_COAT","Reviewer_page":"https://www.google.com/maps/contrib/100460362523297470994/reviews?hl=en-US","Review_time":"a year ago","Review":"The coffee is ok but way too expensive","Likes":"1"},{"Name":"","Category":"","Rating":" 4 stars ","Number_of_Reviews":"","Address":"","Reviewer":"C L","Reviewer_page":"https://www.google.com/maps/contrib/117983778280135511590/reviews?hl=en-US","Review_time":"7 months ago","Review":"Very busy location. Kind staff!","Likes":""},{"Name":"","Category":"","Rating":" 1 star ","Number_of_Reviews":"","Address":"","Reviewer":"Fernando C.","Reviewer_page":"https://www.google.com/maps/contrib/102683654611297541728/reviews?hl=en-US","Review_time":"a year ago","Review":"Takes 20 minutes to start making 1 drink. Unacceptable.","Likes":""},{"Name":"","Category":"","Rating":" 5 stars ","Number_of_Reviews":"","Address":"","Reviewer":"Sharon Kwan","Reviewer_page":"https://www.google.com/maps/contrib/109486283706867720758/reviews?hl=en-US","Review_time":"2 years ago","Review":"The lady cashier was great to communicate with and the best attitude.","Likes":"1"},{"Name":"","Category":"","Rating":" 1 star ","Number_of_Reviews":"","Address":"","Reviewer":"Joy Lipkin","Reviewer_page":"https://www.google.com/maps/contrib/108989662214152013181/reviews?hl=en-US","Review_time":"a year ago","Review":"The one on Nostrand Ave and Neck Road closes early. Why?","Likes":""},{"Name":"","Category":"","Rating":" 5 stars ","Number_of_Reviews":"","Address":"","Reviewer":"Nicole Bersenev","Reviewer_page":"https://www.google.com/maps/contrib/114523029823439323787/reviews?hl=en-US","Review_time":"2 years ago","Review":"Friendly staff, fast service great teas","Likes":"2"},{"Name":"","Category":"","Rating":" 3 stars ","Number_of_Reviews":"","Address":"","Reviewer":"Lion","Reviewer_page":"https://www.google.com/maps/contrib/115965610141948491986/reviews?hl=en-US","Review_time":"a year ago","Review":"Waited at least 20 minutes for an iced black.","Likes":""},{"Name":"","Category":"","Rating":" 5 stars ","Number_of_Reviews":"","Address":"","Reviewer":"Ozoda Aripova","Reviewer_page":"https://www.google.com/maps/contrib/115224524919830352906/reviews?hl=en-US","Review_time":"2 years ago","Review":"Staff is always friendly. Good team job.","Likes":""},{"Name":"","Category":"","Rating":" 1 star ","Number_of_Reviews":"","Address":"","Reviewer":"Eleonora Berger","Reviewer_page":"https://www.google.com/maps/contrib/102438841036375480539/reviews?hl=en-US","Review_time":"a year ago","Review":"It’s not open from 6 am like this states.","Likes":"1"},{"Name":"","Category":"","Rating":" 4 stars ","Number_of_Reviews":"","Address":"","Reviewer":"Tanvir Ahmad","Reviewer_page":"https://www.google.com/maps/contrib/105453126255330063591/reviews?hl=en-US","Review_time":"a year ago","Review":"Decent place for take out","Likes":""},{"Name":"","Category":"","Rating":" 5 stars ","Number_of_Reviews":"","Address":"","Reviewer":"Katherine Yurevich","Reviewer_page":"https://www.google.com/maps/contrib/113796874476774478271/reviews?hl=en-US","Review_time":"2 years ago","Review":"Learned my name and my drink :) super friendly","Likes":"1"},{"Name":"","Category":"","Rating":" 1 star ","Number_of_Reviews":"","Address":"","Reviewer":"Dior Matyakubov","Reviewer_page":"https://www.google.com/maps/contrib/100314820303993750222/reviews?hl=en-US","Review_time":"a year ago","Review":"The midget that works\nin the store is so disrespectful","Likes":""},{"Name":"","Category":"","Rating":" 5 stars ","Number_of_Reviews":"","Address":"","Reviewer":"dawn magras","Reviewer_page":"https://www.google.com/maps/contrib/106745948118517162196/reviews?hl=en-US","Review_time":"a year ago","Review":"Very nice stafff love it there","Likes":""},{"Name":"","Category":"","Rating":" 5 stars ","Number_of_Reviews":"","Address":"","Reviewer":"Ethan Terry","Reviewer_page":"https://www.google.com/maps/contrib/107638882452832324656/reviews?hl=en-US","Review_time":"6 months ago","Review":"Nice","Likes":""},{"Name":"","Category":"","Rating":" 5 stars ","Number_of_Reviews":"","Address":"","Reviewer":"Aleksandr Baranov","Reviewer_page":"https://www.google.com/maps/contrib/108978689108731713655/reviews?hl=en-US","Review_time":"a year ago","Review":"Good place for coffee break.","Likes":"1"},{"Name":"","Category":"","Rating":" 5 stars ","Number_of_Reviews":"","Address":"","Reviewer":"Alex A.C","Reviewer_page":"https://www.google.com/maps/contrib/106629095710277361328/reviews?hl=en-US","Review_time":"7 months ago","Review":"Very good service","Likes":""},{"Name":"","Category":"","Rating":" 1 star ","Number_of_Reviews":"","Address":"","Reviewer":"Law Office","Reviewer_page":"https://www.google.com/maps/contrib/102886182306112464094/reviews?hl=en-US","Review_time":"6 months ago","Review":"The slowest starbucks","Likes":""},{"Name":"","Category":"","Rating":" 5 stars ","Number_of_Reviews":"","Address":"","Reviewer":"Sheila Longchamp","Reviewer_page":"https://www.google.com/maps/contrib/110435212915550384063/reviews?hl=en-US","Review_time":"8 months ago","Review":"That Tall Store Manager is AMAZING!!!","Likes":"1"},{"Name":"","Category":"","Rating":" 1 star ","Number_of_Reviews":"","Address":"","Reviewer":"GMX GROUP","Reviewer_page":"https://www.google.com/maps/contrib/117261771755760912330/reviews?hl=en-US","Review_time":"a year ago","Review":"Don't care about delivery guys!","Likes":"1"},{"Name":"","Category":"","Rating":" 5 stars ","Number_of_Reviews":"","Address":"","Reviewer":"Sherali Islomov","Reviewer_page":"https://www.google.com/maps/contrib/110515300900157608421/reviews?hl=en-US","Review_time":"9 months ago","Review":"I like starbucks","Likes":""},{"Name":"","Category":"","Rating":" 5 stars ","Number_of_Reviews":"","Address":"","Reviewer":"Joseph Eckna","Reviewer_page":"https://www.google.com/maps/contrib/100695174530476815221/reviews?hl=en-US","Review_time":"10 months ago","Review":"Great workers","Likes":""},{"Name":"","Category":"","Rating":" 5 stars ","Number_of_Reviews":"","Address":"","Reviewer":"Vadim","Reviewer_page":"https://www.google.com/maps/contrib/110792875415327775727/reviews?hl=en-US","Review_time":"10 months ago","Review":"Good","Likes":""},{"Name":"","Category":"","Rating":" 5 stars ","Number_of_Reviews":"","Address":"","Reviewer":"Mandie Clo","Reviewer_page":"https://www.google.com/maps/contrib/110628621634866899176/reviews?hl=en-US","Review_time":"2 years ago","Review":"joey is too nice","Likes":"5"},{"Name":"","Category":"","Rating":" 5 stars ","Number_of_Reviews":"","Address":"","Reviewer":"Tariq Shakeel","Reviewer_page":"https://www.google.com/maps/contrib/107123826286676051175/reviews?hl=en-US","Review_time":"a year ago","Review":"Starbuck is best","Likes":""},{"Name":"","Category":"","Rating":" 5 stars ","Number_of_Reviews":"","Address":"","Reviewer":"TheAnatoly1","Reviewer_page":"https://www.google.com/maps/contrib/112186212504696186770/reviews?hl=en-US","Review_time":"7 months ago","Review":"Good latte","Likes":""},{"Name":"","Category":"","Rating":" 1 star ","Number_of_Reviews":"","Address":"","Reviewer":"Yaren Kurtuldu","Reviewer_page":"https://www.google.com/maps/contrib/112097488336584261726/reviews?hl=en-US","Review_time":"a year ago","Review":"Horrible service","Likes":""},{"Name":"","Category":"","Rating":" 4 stars ","Number_of_Reviews":"","Address":"","Reviewer":"Amel R","Reviewer_page":"https://www.google.com/maps/contrib/108205829880731028352/reviews?hl=en-US","Review_time":"2 years ago","Review":"Clean","Likes":""},{"Name":"","Category":"","Rating":" 5 stars ","Number_of_Reviews":"","Address":"","Reviewer":"Ibrahim El-sheshtawy","Reviewer_page":"https://www.google.com/maps/contrib/114600751167139215769/reviews?hl=en-US","Review_time":"2 years ago","Review":"Professional","Likes":"1"},{"Name":"","Category":"","Rating":" 5 stars ","Number_of_Reviews":"","Address":"","Reviewer":"Guillermo Zavala","Reviewer_page":"https://www.google.com/maps/contrib/100185765274891579381/reviews?hl=en-US","Review_time":"a year ago","Review":"(Translated by Google) Very good service\n\n(Original)\nMuy buen servicio","Likes":""},{"Name":"","Category":"","Rating":" 3 stars ","Number_of_Reviews":"","Address":"","Reviewer":"Luis Aranda","Reviewer_page":"https://www.google.com/maps/contrib/114115734846313415604/reviews?hl=en-US","Review_time":"a year ago","Review":"(Translated by Google) They have very bad service. Discrimination against Latinos.\n\n(Original)\nTienen muy mal servicio.  Discriminación a los latinos.","Likes":"2"},{"Name":"","Category":"","Rating":" 5 stars ","Number_of_Reviews":"","Address":"","Reviewer":"Константин Снытко","Reviewer_page":"https://www.google.com/maps/contrib/113029687282882133150/reviews?hl=en-US","Review_time":"9 months ago","Review":"(Translated by Google) Favorite Starbucks in Brooklyn\n\n(Original)\nЛюбимый Старбакс в Бруклине","Likes":""},{"Name":"","Category":"","Rating":" 5 stars ","Number_of_Reviews":"","Address":"","Reviewer":"Elizbar Lomidze","Reviewer_page":"https://www.google.com/maps/contrib/112451926048017738157/reviews?hl=en-US","Review_time":"a week ago","Review":"","Likes":""},{"Name":"","Category":"","Rating":" 5 stars ","Number_of_Reviews":"","Address":"","Reviewer":"Kenny Rivera","Reviewer_page":"https://www.google.com/maps/contrib/111546309899870623276/reviews?hl=en-US","Review_time":"3 weeks ago","Review":"","Likes":""},{"Name":"","Category":"","Rating":" 5 stars ","Number_of_Reviews":"","Address":"","Reviewer":"patrycja maslak","Reviewer_page":"https://www.google.com/maps/contrib/113571823113781308841/reviews?hl=en-US","Review_time":"a month ago","Review":"","Likes":""},{"Name":"","Category":"","Rating":" 3 stars ","Number_of_Reviews":"","Address":"","Reviewer":"Петро Стрийняк","Reviewer_page":"https://www.google.com/maps/contrib/110236863977011336221/reviews?hl=en-US","Review_time":"2 months ago","Review":"","Likes":""},{"Name":"","Category":"","Rating":" 5 stars ","Number_of_Reviews":"","Address":"","Reviewer":"Judy Einstoss","Reviewer_page":"https://www.google.com/maps/contrib/111945191859693408093/reviews?hl=en-US","Review_time":"5 months ago","Review":"","Likes":""},{"Name":"","Category":"","Rating":" 5 stars ","Number_of_Reviews":"","Address":"","Reviewer":"Levan DIDEBULIDZE","Reviewer_page":"https://www.google.com/maps/contrib/104238242697725773282/reviews?hl=en-US","Review_time":"7 months ago","Review":"","Likes":""},{"Name":"","Category":"","Rating":" 5 stars ","Number_of_Reviews":"","Address":"","Reviewer":"Jine M Roque","Reviewer_page":"https://www.google.com/maps/contrib/113989320699138484330/reviews?hl=en-US","Review_time":"9 months ago","Review":"","Likes":""},{"Name":"","Category":"","Rating":" 5 stars ","Number_of_Reviews":"","Address":"","Reviewer":"Nikolai Berezhnitskuy","Reviewer_page":"https://www.google.com/maps/contrib/113876104469442305710/reviews?hl=en-US","Review_time":"10 months ago","Review":"","Likes":""},{"Name":"","Category":"","Rating":" 4 stars ","Number_of_Reviews":"","Address":"","Reviewer":"Александр Журкевич","Reviewer_page":"https://www.google.com/maps/contrib/104629319299104613395/reviews?hl=en-US","Review_time":"11 months ago","Review":"","Likes":""},{"Name":"","Category":"","Rating":" 4 stars ","Number_of_Reviews":"","Address":"","Reviewer":"Eytan Karlin","Reviewer_page":"https://www.google.com/maps/contrib/105748620144441869113/reviews?hl=en-US","Review_time":"a year ago","Review":"","Likes":""},{"Name":"","Category":"","Rating":" 3 stars ","Number_of_Reviews":"","Address":"","Reviewer":"richard chao","Reviewer_page":"https://www.google.com/maps/contrib/109143603861544299143/reviews?hl=en-US","Review_time":"a year ago","Review":"","Likes":""},{"Name":"","Category":"","Rating":" 5 stars ","Number_of_Reviews":"","Address":"","Reviewer":"Gold well Professional Industry","Reviewer_page":"https://www.google.com/maps/contrib/111553523487546064952/reviews?hl=en-US","Review_time":"a year ago","Review":"","Likes":""},{"Name":"","Category":"","Rating":" 5 stars ","Number_of_Reviews":"","Address":"","Reviewer":"Holguer Aman","Reviewer_page":"https://www.google.com/maps/contrib/100927270891859113935/reviews?hl=en-US","Review_time":"a year ago","Review":"","Likes":""},{"Name":"","Category":"","Rating":" 5 stars ","Number_of_Reviews":"","Address":"","Reviewer":"MoneyG**","Reviewer_page":"https://www.google.com/maps/contrib/109152719283982248277/reviews?hl=en-US","Review_time":"a year ago","Review":"","Likes":""},{"Name":"","Category":"","Rating":" 3 stars ","Number_of_Reviews":"","Address":"","Reviewer":"Yevgeniy Shandler","Reviewer_page":"https://www.google.com/maps/contrib/105816140906235011924/reviews?hl=en-US","Review_time":"a year ago","Review":"","Likes":""},{"Name":"","Category":"","Rating":" 5 stars ","Number_of_Reviews":"","Address":"","Reviewer":"Shane Kusterman","Reviewer_page":"https://www.google.com/maps/contrib/101132688006191450518/reviews?hl=en-US","Review_time":"a year ago","Review":"","Likes":""},{"Name":"","Category":"","Rating":" 4 stars ","Number_of_Reviews":"","Address":"","Reviewer":"Luis Martinez","Reviewer_page":"https://www.google.com/maps/contrib/117340075744310275594/reviews?hl=en-US","Review_time":"a year ago","Review":"","Likes":""},{"Name":"","Category":"","Rating":" 4 stars ","Number_of_Reviews":"","Address":"","Reviewer":"Albert Haggerty","Reviewer_page":"https://www.google.com/maps/contrib/103480544613670360644/reviews?hl=en-US","Review_time":"11 months ago","Review":"","Likes":""},{"Name":"","Category":"","Rating":" 3 stars ","Number_of_Reviews":"","Address":"","Reviewer":"Yuriy B","Reviewer_page":"https://www.google.com/maps/contrib/110115779448821548606/reviews?hl=en-US","Review_time":"a year ago","Review":"","Likes":""},{"Name":"","Category":"","Rating":" 4 stars ","Number_of_Reviews":"","Address":"","Reviewer":"Pepe Quintana","Reviewer_page":"https://www.google.com/maps/contrib/112411581019486423049/reviews?hl=en-US","Review_time":"a year ago","Review":"","Likes":""},{"Name":"","Category":"","Rating":" 5 stars ","Number_of_Reviews":"","Address":"","Reviewer":"Ace Yim","Reviewer_page":"https://www.google.com/maps/contrib/112121298068344673054/reviews?hl=en-US","Review_time":"2 years ago","Review":"","Likes":""},{"Name":"","Category":"","Rating":" 3 stars ","Number_of_Reviews":"","Address":"","Reviewer":"Krispy Kman","Reviewer_page":"https://www.google.com/maps/contrib/106164528065714587746/reviews?hl=en-US","Review_time":"a year ago","Review":"","Likes":""},{"Name":"","Category":"","Rating":" 5 stars ","Number_of_Reviews":"","Address":"","Reviewer":"Jina Koffi","Reviewer_page":"https://www.google.com/maps/contrib/102955115623976953317/reviews?hl=en-US","Review_time":"a month ago","Review":"","Likes":""},{"Name":"","Category":"","Rating":" 5 stars ","Number_of_Reviews":"","Address":"","Reviewer":"Tony Caputo","Reviewer_page":"https://www.google.com/maps/contrib/110561194337932681447/reviews?hl=en-US","Review_time":"a year ago","Review":"","Likes":""},{"Name":"","Category":"","Rating":" 1 star ","Number_of_Reviews":"","Address":"","Reviewer":"Eugen Vessel","Reviewer_page":"https://www.google.com/maps/contrib/105719390688157502562/reviews?hl=en-US","Review_time":"a year ago","Review":"","Likes":""},{"Name":"","Category":"","Rating":" 5 stars ","Number_of_Reviews":"","Address":"","Reviewer":"Aisha Aisha","Reviewer_page":"https://www.google.com/maps/contrib/109384060696770621158/reviews?hl=en-US","Review_time":"a year ago","Review":"","Likes":""},{"Name":"","Category":"","Rating":" 5 stars ","Number_of_Reviews":"","Address":"","Reviewer":"Kristina Petrychenko","Reviewer_page":"https://www.google.com/maps/contrib/115655022433389374588/reviews?hl=en-US","Review_time":"a year ago","Review":"","Likes":""},{"Name":"","Category":"","Rating":" 5 stars ","Number_of_Reviews":"","Address":"","Reviewer":"Yeva Dombrovska","Reviewer_page":"https://www.google.com/maps/contrib/110033586962556045049/reviews?hl=en-US","Review_time":"a year ago","Review":"","Likes":""},{"Name":"","Category":"","Rating":" 5 stars ","Number_of_Reviews":"","Address":"","Reviewer":"Shahzoda Sh","Reviewer_page":"https://www.google.com/maps/contrib/110389877503437316921/reviews?hl=en-US","Review_time":"2 years ago","Review":"","Likes":""},{"Name":"","Category":"","Rating":" 1 star ","Number_of_Reviews":"","Address":"","Reviewer":"Alena A","Reviewer_page":"https://www.google.com/maps/contrib/111251999793485415869/reviews?hl=en-US","Review_time":"a year ago","Review":"","Likes":""},{"Name":"","Category":"","Rating":" 5 stars ","Number_of_Reviews":"","Address":"","Reviewer":"Ammar Saleh","Reviewer_page":"https://www.google.com/maps/contrib/100592868888843520931/reviews?hl=en-US","Review_time":"a year ago","Review":"","Likes":""},{"Name":"","Category":"","Rating":" 5 stars ","Number_of_Reviews":"","Address":"","Reviewer":"Taylor Litwin","Reviewer_page":"https://www.google.com/maps/contrib/107467765359720365776/reviews?hl=en-US","Review_time":"2 years ago","Review":"","Likes":""},{"Name":"","Category":"","Rating":" 5 stars ","Number_of_Reviews":"","Address":"","Reviewer":"Ness Madeb","Reviewer_page":"https://www.google.com/maps/contrib/103841875372008023202/reviews?hl=en-US","Review_time":"a year ago","Review":"","Likes":""},{"Name":"","Category":"","Rating":" 5 stars ","Number_of_Reviews":"","Address":"","Reviewer":"Edward Heifetz","Reviewer_page":"https://www.google.com/maps/contrib/110779820326111204753/reviews?hl=en-US","Review_time":"2 years ago","Review":"","Likes":""},{"Name":"","Category":"","Rating":" 1 star ","Number_of_Reviews":"","Address":"","Reviewer":"Artem Kovtun","Reviewer_page":"https://www.google.com/maps/contrib/117505759596384027798/reviews?hl=en-US","Review_time":"9 months ago","Review":"","Likes":""},{"Name":"","Category":"","Rating":" 5 stars ","Number_of_Reviews":"","Address":"","Reviewer":"Rusudan Tetrashvili","Reviewer_page":"https://www.google.com/maps/contrib/112034366412829545735/reviews?hl=en-US","Review_time":"7 months ago","Review":"","Likes":""},{"Name":"","Category":"","Rating":" 5 stars ","Number_of_Reviews":"","Address":"","Reviewer":"Alek Mal","Reviewer_page":"https://www.google.com/maps/contrib/117728544142816425950/reviews?hl=en-US","Review_time":"a year ago","Review":"","Likes":""},{"Name":"","Category":"","Rating":" 5 stars ","Number_of_Reviews":"","Address":"","Reviewer":"Andrey Novikov","Reviewer_page":"https://www.google.com/maps/contrib/112060732898600177933/reviews?hl=en-US","Review_time":"a year ago","Review":"","Likes":""},{"Name":"","Category":"","Rating":" 5 stars ","Number_of_Reviews":"","Address":"","Reviewer":"Moni Pulatova","Reviewer_page":"https://www.google.com/maps/contrib/100304715343719570985/reviews?hl=en-US","Review_time":"9 months ago","Review":"","Likes":""},{"Name":"","Category":"","Rating":" 5 stars ","Number_of_Reviews":"","Address":"","Reviewer":"Maksim Mikhalichau","Reviewer_page":"https://www.google.com/maps/contrib/107559080802586462490/reviews?hl=en-US","Review_time":"2 months ago","Review":"","Likes":""},{"Name":"","Category":"","Rating":" 5 stars ","Number_of_Reviews":"","Address":"","Reviewer":"Artur Shalmiyev","Reviewer_page":"https://www.google.com/maps/contrib/113604191013367625403/reviews?hl=en-US","Review_time":"a year ago","Review":"","Likes":""},{"Name":"","Category":"","Rating":" 4 stars ","Number_of_Reviews":"","Address":"","Reviewer":"Bao Tu Cen","Reviewer_page":"https://www.google.com/maps/contrib/118080798970324563027/reviews?hl=en-US","Review_time":"a year ago","Review":"","Likes":""},{"Name":"","Category":"","Rating":" 1 star ","Number_of_Reviews":"","Address":"","Reviewer":"Aziz Akbarov","Reviewer_page":"https://www.google.com/maps/contrib/111179358417950928491/reviews?hl=en-US","Review_time":"a year ago","Review":"","Likes":""},{"Name":"","Category":"","Rating":" 5 stars ","Number_of_Reviews":"","Address":"","Reviewer":"Amirjon Salokhiddinov","Reviewer_page":"https://www.google.com/maps/contrib/113758095153236526403/reviews?hl=en-US","Review_time":"6 months ago","Review":"","Likes":""},{"Name":"","Category":"","Rating":" 5 stars ","Number_of_Reviews":"","Address":"","Reviewer":"Kate Kirunikon","Reviewer_page":"https://www.google.com/maps/contrib/108129913489678894443/reviews?hl=en-US","Review_time":"2 months ago","Review":"","Likes":""},{"Name":"","Category":"","Rating":" 5 stars ","Number_of_Reviews":"","Address":"","Reviewer":"Malika Djurakulova","Reviewer_page":"https://www.google.com/maps/contrib/117401184322589822752/reviews?hl=en-US","Review_time":"7 months ago","Review":"","Likes":""},{"Name":"","Category":"","Rating":" 5 stars ","Number_of_Reviews":"","Address":"","Reviewer":"Olena Khrystenko","Reviewer_page":"https://www.google.com/maps/contrib/111629076054393699886/reviews?hl=en-US","Review_time":"6 months ago","Review":"","Likes":""},{"Name":"","Category":"","Rating":" 5 stars ","Number_of_Reviews":"","Address":"","Reviewer":"Mikhail Brezgunov","Reviewer_page":"https://www.google.com/maps/contrib/107335878819479924156/reviews?hl=en-US","Review_time":"a week ago","Review":"","Likes":""},{"Name":"","Category":"","Rating":" 1 star ","Number_of_Reviews":"","Address":"","Reviewer":"Willis Wong","Reviewer_page":"https://www.google.com/maps/contrib/114192355700760909846/reviews?hl=en-US","Review_time":"a year ago","Review":"","Likes":""},{"Name":"","Category":"","Rating":" 5 stars ","Number_of_Reviews":"","Address":"","Reviewer":"Anna Ashikhmin","Reviewer_page":"https://www.google.com/maps/contrib/103036830711842211835/reviews?hl=en-US","Review_time":"a year ago","Review":"","Likes":""},{"Name":"","Category":"","Rating":" 3 stars ","Number_of_Reviews":"","Address":"","Reviewer":"Биллура Мусаева","Reviewer_page":"https://www.google.com/maps/contrib/112195575422469471230/reviews?hl=en-US","Review_time":"2 months ago","Review":"","Likes":""},{"Name":"","Category":"","Rating":" 5 stars ","Number_of_Reviews":"","Address":"","Reviewer":"gela ioseliani","Reviewer_page":"https://www.google.com/maps/contrib/107224474139128542955/reviews?hl=en-US","Review_time":"a year ago","Review":"","Likes":""},{"Name":"","Category":"","Rating":" 5 stars ","Number_of_Reviews":"","Address":"","Reviewer":"Alisa","Reviewer_page":"https://www.google.com/maps/contrib/106535753169083759145/reviews?hl=en-US","Review_time":"8 months ago","Review":"","Likes":""},{"Name":"","Category":"","Rating":" 1 star ","Number_of_Reviews":"","Address":"","Reviewer":"Flatbush Kicks","Reviewer_page":"https://www.google.com/maps/contrib/105360123828422442303/reviews?hl=en-US","Review_time":"10 months ago","Review":"","Likes":""},{"Name":"","Category":"","Rating":" 4 stars ","Number_of_Reviews":"","Address":"","Reviewer":"Khairullo Sharipov","Reviewer_page":"https://www.google.com/maps/contrib/109120546101432319360/reviews?hl=en-US","Review_time":"a year ago","Review":"","Likes":""},{"Name":"","Category":"","Rating":" 5 stars ","Number_of_Reviews":"","Address":"","Reviewer":"Aaron S","Reviewer_page":"https://www.google.com/maps/contrib/118342685480297853058/reviews?hl=en-US","Review_time":"2 days ago","Review":"","Likes":""},{"Name":"","Category":"","Rating":" 5 stars ","Number_of_Reviews":"","Address":"","Reviewer":"Juliya Reznikova","Reviewer_page":"https://www.google.com/maps/contrib/112027105167137637468/reviews?hl=en-US","Review_time":"a month ago","Review":"","Likes":""},{"Name":"","Category":"","Rating":" 5 stars ","Number_of_Reviews":"","Address":"","Reviewer":"Julia Ranev","Reviewer_page":"https://www.google.com/maps/contrib/114427135374446259754/reviews?hl=en-US","Review_time":"a year ago","Review":"","Likes":""},{"Name":"","Category":"","Rating":" 1 star ","Number_of_Reviews":"","Address":"","Reviewer":"Rostyslav kravchenko","Reviewer_page":"https://www.google.com/maps/contrib/116627750695868886509/reviews?hl=en-US","Review_time":"2 years ago","Review":"","Likes":""},{"Name":"","Category":"","Rating":" 5 stars ","Number_of_Reviews":"","Address":"","Reviewer":"Tornike Baidoshvili","Reviewer_page":"https://www.google.com/maps/contrib/108302917617133208505/reviews?hl=en-US","Review_time":"a month ago","Review":"","Likes":""},{"Name":"","Category":"","Rating":" 1 star ","Number_of_Reviews":"","Address":"","Reviewer":"Surush Ubaydi","Reviewer_page":"https://www.google.com/maps/contrib/116924403933005075947/reviews?hl=en-US","Review_time":"a year ago","Review":"","Likes":""},{"Name":"","Category":"","Rating":" 5 stars ","Number_of_Reviews":"","Address":"","Reviewer":"P John","Reviewer_page":"https://www.google.com/maps/contrib/106126645771426037924/reviews?hl=en-US","Review_time":"5 months ago","Review":"","Likes":""},{"Name":"","Category":"","Rating":" 5 stars ","Number_of_Reviews":"","Address":"","Reviewer":"rowaida_0","Reviewer_page":"https://www.google.com/maps/contrib/107175587053258560311/reviews?hl=en-US","Review_time":"2 years ago","Review":"","Likes":""},{"Name":"","Category":"","Rating":" 5 stars ","Number_of_Reviews":"","Address":"","Reviewer":"Anton K","Reviewer_page":"https://www.google.com/maps/contrib/104078899826627475076/reviews?hl=en-US","Review_time":"a year ago","Review":"","Likes":""},{"Name":"","Category":"","Rating":" 5 stars ","Number_of_Reviews":"","Address":"","Reviewer":"Dominick DT","Reviewer_page":"https://www.google.com/maps/contrib/117735445919939273790/reviews?hl=en-US","Review_time":"2 months ago","Review":"","Likes":""},{"Name":"","Category":"","Rating":" 4 stars ","Number_of_Reviews":"","Address":"","Reviewer":"Denis Andreyev","Reviewer_page":"https://www.google.com/maps/contrib/101188130668049627899/reviews?hl=en-US","Review_time":"a year ago","Review":"","Likes":""},{"Name":"","Category":"","Rating":" 3 stars ","Number_of_Reviews":"","Address":"","Reviewer":"Zumrad Yuldasheva","Reviewer_page":"https://www.google.com/maps/contrib/117459870704667289356/reviews?hl=en-US","Review_time":"2 months ago","Review":"","Likes":""},{"Name":"","Category":"","Rating":" 1 star ","Number_of_Reviews":"","Address":"","Reviewer":"M.W.M Raquel","Reviewer_page":"https://www.google.com/maps/contrib/106523653288563759761/reviews?hl=en-US","Review_time":"2 years ago","Review":"","Likes":""},{"Name":"","Category":"","Rating":" 4 stars ","Number_of_Reviews":"","Address":"","Reviewer":"Stephanie Clemente","Reviewer_page":"https://www.google.com/maps/contrib/100365418498920922887/reviews?hl=en-US","Review_time":"a year ago","Review":"","Likes":""},{"Name":"","Category":"","Rating":" 5 stars ","Number_of_Reviews":"","Address":"","Reviewer":"Selbi Atayeva","Reviewer_page":"https://www.google.com/maps/contrib/114937719158827238100/reviews?hl=en-US","Review_time":"a year ago","Review":"","Likes":""},{"Name":"","Category":"","Rating":" 5 stars ","Number_of_Reviews":"","Address":"","Reviewer":"Lidia Marukyan","Reviewer_page":"https://www.google.com/maps/contrib/114070530129029067715/reviews?hl=en-US","Review_time":"2 years ago","Review":"","Likes":""},{"Name":"","Category":"","Rating":" 4 stars ","Number_of_Reviews":"","Address":"","Reviewer":"Anum Ansar","Reviewer_page":"https://www.google.com/maps/contrib/110665842587608168290/reviews?hl=en-US","Review_time":"a year ago","Review":"","Likes":""},{"Name":"","Category":"","Rating":" 3 stars ","Number_of_Reviews":"","Address":"","Reviewer":"Michael Bartolo","Reviewer_page":"https://www.google.com/maps/contrib/106341459736429992998/reviews?hl=en-US","Review_time":"a year ago","Review":"","Likes":""},{"Name":"","Category":"","Rating":" 5 stars ","Number_of_Reviews":"","Address":"","Reviewer":"confused child","Reviewer_page":"https://www.google.com/maps/contrib/109599662854953668468/reviews?hl=en-US","Review_time":"a year ago","Review":"","Likes":""},{"Name":"","Category":"","Rating":" 5 stars ","Number_of_Reviews":"","Address":"","Reviewer":"Nixon Leon","Reviewer_page":"https://www.google.com/maps/contrib/101515686513399872669/reviews?hl=en-US","Review_time":"a year ago","Review":"","Likes":""},{"Name":"","Category":"","Rating":" 2 stars ","Number_of_Reviews":"","Address":"","Reviewer":"Samantha Edwards","Reviewer_page":"https://www.google.com/maps/contrib/100254436185824332560/reviews?hl=en-US","Review_time":"a year ago","Review":"","Likes":""}