[{"Name":"","Category":"","Rating":" 1 star ","Number_of_Reviews":"","Address":"","Reviewer":"A Gong","Reviewer_page":"https://www.google.com/maps/contrib/111035845374776727647/reviews?hl=en-US","Review_time":"3 weeks ago","Review":"Had a rough morning. A bit under the weather, so I wore mask. Went in for a cup of coffee to relax. Tried to order the new fall drink. I pointed to the poster behind the cashier while ordering. The response was just rude. Repeatedly said she cannot hear me. While I was pointing to the poster, she didn't even attempt to acknowledge I was interested in the product posted behind her.\n\nI tried to go in to get relax. The experience just got my morning worse!\n\n---------------------------------------------------------------------------------\n\n(Follow up after Owner's response)\n\nI don't think the service I received followed the Starbucks service training. It would be hard for me to believe that Starbucks doesn't have training for frontline service staff. If the trainings were not practiced, more suggestions are in vain.\n\nFeedback:\n1. Simply, Her attitude. Her tone sounded unfriendly and impatient.\n2. She interrupted my second attempt with more impatient.\n3. She completed ignored my nonverbal message.\n\nI felt like I was in a rough neighborhood bodega.","Likes":""},{"Name":"","Category":"","Rating":" 5 stars ","Number_of_Reviews":"","Address":"","Reviewer":"Parsa Mujadedy","Reviewer_page":"https://www.google.com/maps/contrib/111007159453908397453/reviews?hl=en-US","Review_time":"a month ago","Review":"super down to earth staff, very welcoming. ordered thru the App and had my cold brew ready to go at the exact time. love the service here always","Likes":""},{"Name":"","Category":"","Rating":" 3 stars ","Number_of_Reviews":"","Address":"","Reviewer":"Chi Chi","Reviewer_page":"https://www.google.com/maps/contrib/114986625223108268851/reviews?hl=en-US","Review_time":"2 months ago","Review":"I ordered a special Frappuccino and received a regular cream Frappuccino. I even asked prior to picking it up if the ingredients were in it like the white mocha and the attendant said yes. To my dismay it was an overpriced milkshake. This is the 2nd time my order was incorrect at this site. I think ill stay away.","Likes":""},{"Name":"","Category":"","Rating":" 5 stars ","Number_of_Reviews":"","Address":"","Reviewer":"Stacy Sobel","Reviewer_page":"https://www.google.com/maps/contrib/108650412476406110334/reviews?hl=en-US","Review_time":"a month ago","Review":"Needed a place to wait for someone and it was really cold and windy out. Headed to this Starbucks and got a delicious coffee.","Likes":""},{"Name":"","Category":"","Rating":" 5 stars ","Number_of_Reviews":"","Address":"","Reviewer":"Jennifer Rae","Reviewer_page":"https://www.google.com/maps/contrib/111067165506231635588/reviews?hl=en-US","Review_time":"5 years ago","Review":"Friendly, efficient staff. Spacious open layout with great full sun on the corner. All of the seating options: wall bench seats, window barstools, espresso barstools, single comfy chairs, plenty of 2seater tables by the windows. They packed in as many outlets as possible. Next to FDNY HQ and NYPD, so they are frequently here.","Likes":""},{"Name":"","Category":"","Rating":" 5 stars ","Number_of_Reviews":"","Address":"","Reviewer":"Shoa Zaidi","Reviewer_page":"https://www.google.com/maps/contrib/106334389152012896936/reviews?hl=en-US","Review_time":"7 months ago","Review":"the staff here is amazing! They always say good morning and go above and beyond to make sure you are taken care of! Love this Starbucks and I come here every morning!","Likes":""},{"Name":"","Category":"","Rating":" 1 star ","Number_of_Reviews":"","Address":"","Reviewer":"Jose Martinez","Reviewer_page":"https://www.google.com/maps/contrib/117671341056455249048/reviews?hl=en-US","Review_time":"7 months ago","Review":"I'm sorry but the coffee & espresso has no flavor. It all tastes like hot water and for the price it's disappointing.  Any flavor of WaWa coffee is far better.","Likes":"1"},{"Name":"","Category":"","Rating":" 2 stars ","Number_of_Reviews":"","Address":"","Reviewer":"Elizabeth Avila","Reviewer_page":"https://www.google.com/maps/contrib/100970118443009930929/reviews?hl=en-US","Review_time":"a year ago","Review":"This Starbucks is probably the slowest I’ve ever been to and I certainly won’t go back, I’m thankful it’s not my regulate location.  8:00 am when things should be jumping and moving along it took 10 minutes to make a latte. Not busy with …","Likes":"1"},{"Name":"","Category":"","Rating":" 5 stars ","Number_of_Reviews":"","Address":"","Reviewer":"Sean Daly","Reviewer_page":"https://www.google.com/maps/contrib/100894549720351148851/reviews?hl=en-US","Review_time":"a year ago","Review":"The barista ringing me up was super nice and went out of their way to complement me and make small talk which really cheered me up after a kinda cruddy morning. I've always loved the staff at Starbucks probably bc they're around my age but this is definitely one of the best experiences I've had with a staff there. It makes me wanna apply just so I can hang out with people like that more often. Hope whoever was so nice to me earlier sees this and pats themself on the back.","Likes":"1"},{"Name":"","Category":"","Rating":" 1 star ","Number_of_Reviews":"","Address":"","Reviewer":"blush blu","Reviewer_page":"https://www.google.com/maps/contrib/103940739159276133033/reviews?hl=en-US","Review_time":"a year ago","Review":"Keep the same energy! Will not be returning to Starbucks. I had a mobile order and was behind a white man to grab mine- he grabbed a bag, his order and left. I proceeded to do the same, when I got the bag the light skin, heavy set woman said \"don't do that again! we'll grab the bag for you\"... Why didn't you say the same thing to the white man? You were standing right there and saw him.... RACIAL DISPARITY!","Likes":"8"},{"Name":"","Category":"","Rating":" 5 stars ","Number_of_Reviews":"","Address":"","Reviewer":"Mz. Conflict'd","Reviewer_page":"https://www.google.com/maps/contrib/107320955262585634548/reviews?hl=en-US","Review_time":"11 months ago","Review":"Dont know y but I like the vibe I get wen I go here. Staff is very friendly. Very popular place. Near precinct. A Lil wait time. Mask required. Dine in. Various selections to pick from.","Likes":""},{"Name":"","Category":"","Rating":" 4 stars ","Number_of_Reviews":"","Address":"","Reviewer":"Rita Crespo","Reviewer_page":"https://www.google.com/maps/contrib/112912299172729047680/reviews?hl=en-US","Review_time":"6 months ago","Review":"Somewhat crowded but my drink was .are quick certainly a 1st,","Likes":""},{"Name":"","Category":"","Rating":" 5 stars ","Number_of_Reviews":"","Address":"","Reviewer":"Sean Conquest","Reviewer_page":"https://www.google.com/maps/contrib/112374610517261076081/reviews?hl=en-US","Review_time":"3 years ago","Review":"This location has a lot of space for studying with a variety of sitting spaces. This location has large windows. Is always clean and we'll stocked. This location charges for sauces and syrup and does accept the happy hour deals. Occasionally you will have younger kids come in hangout and be loud, downside to this place is that loud noises do echo.","Likes":"1"},{"Name":"","Category":"","Rating":" 1 star ","Number_of_Reviews":"","Address":"","Reviewer":"charlene c","Reviewer_page":"https://www.google.com/maps/contrib/103601031168425103685/reviews?hl=en-US","Review_time":"5 years ago","Review":"Months ago I would get my drinks from here but just recently I definitely stop coming here. They're were plenty of new workers that were hired and that's when it became a problem. When I ask politely to use the restroom, they denied my service to do so while one of the new workers laughed at in front of my face. These are the kind of people they hire now? Great.","Likes":"1"},{"Name":"","Category":"","Rating":" 3 stars ","Number_of_Reviews":"","Address":"","Reviewer":"Judy Jackson","Reviewer_page":"https://www.google.com/maps/contrib/108676589252149671957/reviews?hl=en-US","Review_time":"5 years ago","Review":"Would have given 4 except for the old woman that brings her dog in. The dog was barking when I was there before and I just left because the dog was shaking putting dander in the air and it had an unpleasant odor. I understand that service dogs are allowed without question, but some take advantage without regard to others. Otherwise its one of my favorite Starbucks.","Likes":""},{"Name":"","Category":"","Rating":" 2 stars ","Number_of_Reviews":"","Address":"","Reviewer":"Matt Arnold","Reviewer_page":"https://www.google.com/maps/contrib/115357958705473659078/reviews?hl=en-US","Review_time":"5 years ago","Review":"Painful Starbucks experience. Slow, disinterested service by what seems to be an overstaffed location.\n\nOn the plus side, it is quite​ spacious and seldom seems full, making it a great place to study, read, or actually sit and have a conversation over coffee. Take the good when the bad, but once you get your drink order, this is a pretty decent Starbucks location.","Likes":""},{"Name":"","Category":"","Rating":" 4 stars ","Number_of_Reviews":"","Address":"","Reviewer":"Oscar gonzalez","Reviewer_page":"https://www.google.com/maps/contrib/104202341969691935892/reviews?hl=en-US","Review_time":"4 years ago","Review":"Always seems like they need more staff.  Service is OK but at times it seems to take forever.  I know everyone wants there specialty coffee,  and it takes time,  but why should I wait that long for a regular coffee.  I'm a quick customer,  just have me it the door quickly.  Those that want extra everything know they will wait. Waiting another 15 seconds while I get my cup of Joe is not so bad.  Me waiting 5 minutes is terrible.  But coffee is still good hence the high score.","Likes":""},{"Name":"","Category":"","Rating":" 5 stars ","Number_of_Reviews":"","Address":"","Reviewer":"Jennifer Rocks","Reviewer_page":"https://www.google.com/maps/contrib/101678209616158642869/reviews?hl=en-US","Review_time":"a year ago","Review":"Service is almost always great sometimes their super busy on the weekends so I highly recommend  that you order before going in.","Likes":""},{"Name":"","Category":"","Rating":" 4 stars ","Number_of_Reviews":"","Address":"","Reviewer":"Storage For Steven","Reviewer_page":"https://www.google.com/maps/contrib/113832394323226293554/reviews?hl=en-US","Review_time":"3 years ago","Review":"Friendly employees. Drinks give me a good caffeine buzz. Great place to do work in...except that sometimes hoodlums and beggars and little brats come in and mess everything for everyone. Could of been 5 stars. So close.","Likes":""},{"Name":"","Category":"","Rating":" 5 stars ","Number_of_Reviews":"","Address":"","Reviewer":"Stuart I","Reviewer_page":"https://www.google.com/maps/contrib/101525462364748408014/reviews?hl=en-US","Review_time":"8 months ago","Review":"Haven't had a morning Starbucks in awhile. Thank you and it is always a pleasure to see Olive!","Likes":""},{"Name":"","Category":"","Rating":" 3 stars ","Number_of_Reviews":"","Address":"","Reviewer":"Carlos Rodriguez","Reviewer_page":"https://www.google.com/maps/contrib/116731439555691883659/reviews?hl=en-US","Review_time":"a year ago","Review":"The location is great for one they are luckily next to a police  station  and few tall buildings..enough  business to keep thing running smoothly....I'd say my favorite drink are sold out about 65% of the time .....but ...MY BIG ISSUE HERE IS THE TIME THEY CLOSE DOORS .. AND MOBILE ORDER SERVICE GET TURNED OFF A WHOLE HOUR BEFORE  THEY CLOSE DOWN ...MY DRINKS ..ARE NOT ALWAYS MADE TO SATISFACTION....MOST WORKER ARE FRIENDLY.... IN DOOR SITTING WELL..LETS SAY THEY LOVE THE FACT COVID CAME AROUND SOO THWY DON'T HAVE TO DOO EXTRA WORK TO CLEAN TABLES.. EVEN A TABLE OUTSIDE ON NICE DAYS WOULD HELP ..BUT NOT EVEN THAT...SEEM TO ME THE PLACE HAS A SELFISH VIBE ..","Likes":"1"},{"Name":"","Category":"","Rating":" 1 star ","Number_of_Reviews":"","Address":"","Reviewer":"K Y","Reviewer_page":"https://www.google.com/maps/contrib/104674051311638650787/reviews?hl=en-US","Review_time":"3 years ago","Review":"Oh yeah, those who say they are \"nice\", yeah their job is to provide customer service. The fat lady who works on 1:30 PM should be fired. Horrible people, badmouthing behind people's backs and they don't even try to hide it. Would not trust such people to make your drink. Think about the hygiene. Honestly, I was a fool. Fast food places hire uneducated adults who drop out most likely because of personality issues. Paying money for their food/drink just supports their cause. Never again.","Likes":""},{"Name":"","Category":"","Rating":" 1 star ","Number_of_Reviews":"","Address":"","Reviewer":"Chris Flanagan","Reviewer_page":"https://www.google.com/maps/contrib/100369196633879547064/reviews?hl=en-US","Review_time":"3 years ago","Review":"This place is often dirty and has become a homeless encampment. There was some lady in there the other day stealing sugar packets and telling her friend she had tuberculosis. The employees no longer put milk out because these drug addicts steal it. I have seen at least two couples get asked by employees to stop having sex in the bathroom. This place is gross.","Likes":"1"},{"Name":"","Category":"","Rating":" 1 star ","Number_of_Reviews":"","Address":"","Reviewer":"kao ring","Reviewer_page":"https://www.google.com/maps/contrib/112548535512928872805/reviews?hl=en-US","Review_time":"6 years ago","Review":"Few days ago, I ordered decaf, but they made with regular coffee. I asked to make new one with decaf, and wait for 10 min, asked them again, she said \"I gave to you!\"\nI ordered from mobile, so they don't mistake that what I thought, went to pick up, they even didn't realize they had mobile order. Waiting for 20 min, she gave me just a cup of water, but not my order. Asked them again, she said \"I gave to you!\"\nIs there any ghost or something living in this Starbucks??","Likes":""},{"Name":"","Category":"","Rating":" 5 stars ","Number_of_Reviews":"","Address":"","Reviewer":"PHILIP RIVERA","Reviewer_page":"https://www.google.com/maps/contrib/116173270031082118280/reviews?hl=en-US","Review_time":"4 years ago","Review":"Starbucks has always been a place where I enjoyed myself they always have something new and delicious. Any Starbucks will always get 5 stars from me. Peace and love from up above enjoy. 1","Likes":""},{"Name":"","Category":"","Rating":" 1 star ","Number_of_Reviews":"","Address":"","Reviewer":"Laurel Stearns","Reviewer_page":"https://www.google.com/maps/contrib/112303844902728806074/reviews?hl=en-US","Review_time":"5 years ago","Review":"This place was very dirty! Bathroom had dirty sanitary napkins on the floor. Tried to buy baked goods (several different ones and multiples of each in the case) and was told that they were display only. Huh?! Pass by this Starbucks if you're smart!","Likes":""},{"Name":"","Category":"","Rating":" 2 stars ","Number_of_Reviews":"","Address":"","Reviewer":"Dust Smioa","Reviewer_page":"https://www.google.com/maps/contrib/109626029928175960060/reviews?hl=en-US","Review_time":"6 years ago","Review":"Genuinely the worst Starbucks in NYC in terms of service.  It's always empty and yet they are chronically out of coffee and fill orders at a glacial pace.  One of their many tricks to avoid work: if customer orders, say, Pike. and they are out, they will slyly give you blonde or dark and hope you didn't notice.  They will keep at it until called out and then grudgingly make more coffee.  More than half the employees here have never made eye contact with a customer.\n\nNotable pluses: two free bathrooms that are amazingly clean.  Nice outdoor space on the sidewalk.  Plenty of seating most days indoors.","Likes":"1"},{"Name":"","Category":"","Rating":" 5 stars ","Number_of_Reviews":"","Address":"","Reviewer":"Reagan Drew Selby","Reviewer_page":"https://www.google.com/maps/contrib/112501173411802052212/reviews?hl=en-US","Review_time":"2 years ago","Review":"I am not one to publish reviews unless there has been exceptionally poor or exceptionally above average service. I have been to this location 3 times lately, and nothing is ever perfect, but the staff members make sure that my experience is! Thank you guys!","Likes":""},{"Name":"","Category":"","Rating":" 1 star ","Number_of_Reviews":"","Address":"","Reviewer":"Rob Anderson","Reviewer_page":"https://www.google.com/maps/contrib/101141685954735033077/reviews?hl=en-US","Review_time":"5 years ago","Review":"One of the worst Starbucks in the city. Dont mobile order because they will always forget to do those. There will be four people behind the counter, 2 people in line, and somehow you’ll still have to wait 10 minutes.","Likes":""},{"Name":"","Category":"","Rating":" 5 stars ","Number_of_Reviews":"","Address":"","Reviewer":"Greg Gibson","Reviewer_page":"https://www.google.com/maps/contrib/109770446282429694128/reviews?hl=en-US","Review_time":"6 years ago","Review":"This Starbuck's is literally built INTO my building, so it's hard for me NOT to go there pretty much every chance I get. They are super friendly though. Never had any issues with them.","Likes":""},{"Name":"","Category":"","Rating":" 1 star ","Number_of_Reviews":"","Address":"","Reviewer":"Sean McSherry","Reviewer_page":"https://www.google.com/maps/contrib/111305605164466996696/reviews?hl=en-US","Review_time":"5 years ago","Review":"Very understaffed Starbucks with only one barista and one cashier. Took nearly a half hour for a tall latte to be made. I came here orginally to avoid the overcrowded one by NYU Tandon. This location is less crowded yes, the service, just as someone who and just as terrible. For any prospective entrepreneurs reading this. The barriers to entry for a new hip coffee shop are incredibly low. The only thing you need to set yourselves apart is fast and efficient service. If no one else seizes this opportunity I will.","Likes":""},{"Name":"","Category":"","Rating":" 2 stars ","Number_of_Reviews":"","Address":"","Reviewer":"Brad Homa","Reviewer_page":"https://www.google.com/maps/contrib/106427506410867194183/reviews?hl=en-US","Review_time":"6 years ago","Review":"Usually a somewhat friendly staff, but quality and speed aren't strong at this store.  Perhaps no one is being trained, but in the half-dozen times I've visited over the past 18 months, this place has been (unfortunately) consistent.","Likes":""},{"Name":"","Category":"","Rating":" 1 star ","Number_of_Reviews":"","Address":"","Reviewer":"Max Armstrong","Reviewer_page":"https://www.google.com/maps/contrib/117349413608312003982/reviews?hl=en-US","Review_time":"a year ago","Review":"Multiple food  orders with spreads  no forks in any of them. Go to jay street they will take care of you. Never doing this again 😒","Likes":"1"},{"Name":"","Category":"","Rating":" 3 stars ","Number_of_Reviews":"","Address":"","Reviewer":"Leisha Elguera","Reviewer_page":"https://www.google.com/maps/contrib/104140286295828459168/reviews?hl=en-US","Review_time":"3 years ago","Review":"I like this particular store but it seems to never be opened when really needed in the mornings or late evenings. Not sure when the open time changed to 6am, but I sure needed a latte to get through my 530am drive home.","Likes":""},{"Name":"","Category":"","Rating":" 3 stars ","Number_of_Reviews":"","Address":"","Reviewer":"Dennis Tang","Reviewer_page":"https://www.google.com/maps/contrib/106275686246972370250/reviews?hl=en-US","Review_time":"5 years ago","Review":"Fast service. Accurate in fulfilling drink orders. I gave 3 stars because it can be a little cleaner and they run out of drink ingredients.","Likes":""},{"Name":"","Category":"","Rating":" 1 star ","Number_of_Reviews":"","Address":"","Reviewer":"Mac Dots","Reviewer_page":"https://www.google.com/maps/contrib/107175998290334827089/reviews?hl=en-US","Review_time":"a year ago","Review":"I wanted a strawberry Frappuccino with coffee they sold it to me with out coffee then lied and said the strawberry Frappuccino comes without coffee I have to ask for it","Likes":""},{"Name":"","Category":"","Rating":" 5 stars ","Number_of_Reviews":"","Address":"","Reviewer":"Colleen Pelech","Reviewer_page":"https://www.google.com/maps/contrib/104295099295496430573/reviews?hl=en-US","Review_time":"5 years ago","Review":"Seems like a normal Starbucks they let you use the bathroom and they don't complain if you got a group of people and some buy stuff and some bring food/bev from outside","Likes":""},{"Name":"","Category":"","Rating":" 3 stars ","Number_of_Reviews":"","Address":"","Reviewer":"Denise Gant","Reviewer_page":"https://www.google.com/maps/contrib/115912055364293628215/reviews?hl=en-US","Review_time":"5 months ago","Review":"Hate all the dogs that they bring into this one,but love my drinks.","Likes":""},{"Name":"","Category":"","Rating":" 2 stars ","Number_of_Reviews":"","Address":"","Reviewer":"Braden Nielson","Reviewer_page":"https://www.google.com/maps/contrib/100630400992204177588/reviews?hl=en-US","Review_time":"6 years ago","Review":"This isn't the best Starbucks. The location is convenient, but the workers rush through their work and make bland drinks. That's been my experience here.","Likes":""},{"Name":"","Category":"","Rating":" 1 star ","Number_of_Reviews":"","Address":"","Reviewer":"Nour alzahim","Reviewer_page":"https://www.google.com/maps/contrib/117053034791958153860/reviews?hl=en-US","Review_time":"5 years ago","Review":"They're closed and it's not even 9!\nHowever, I like the atmosphere there, I usually grab my laptop and work there! But I was very surprised that they're closed at an early night!","Likes":"1"},{"Name":"","Category":"","Rating":" 4 stars ","Number_of_Reviews":"","Address":"","Reviewer":"Marilyn Courtney","Reviewer_page":"https://www.google.com/maps/contrib/103489523893471010925/reviews?hl=en-US","Review_time":"4 years ago","Review":"Quiet atmosphere to have a cup of coffee and pastry if your pallet is craving something sweet. Convenient location.","Likes":""},{"Name":"","Category":"","Rating":" 5 stars ","Number_of_Reviews":"","Address":"","Reviewer":"James Crawford","Reviewer_page":"https://www.google.com/maps/contrib/110247065296164525376/reviews?hl=en-US","Review_time":"6 years ago","Review":"The staff were extremely friendly and honest. I gave the cashier an extra dollar for my purchase by mistake, and she gave it back. Thank you!","Likes":""},{"Name":"","Category":"","Rating":" 3 stars ","Number_of_Reviews":"","Address":"","Reviewer":"Rich Brome","Reviewer_page":"https://www.google.com/maps/contrib/105272637545241396960/reviews?hl=en-US","Review_time":"2 years ago","Review":"Understaffed and slow during the morning rush. Even ordering ahead with mobile, you may wait 15 minutes for your order.","Likes":"2"},{"Name":"","Category":"","Rating":" 5 stars ","Number_of_Reviews":"","Address":"","Reviewer":"Amy Arensberg","Reviewer_page":"https://www.google.com/maps/contrib/114782774450306239505/reviews?hl=en-US","Review_time":"6 years ago","Review":"I have been going to this location since the day they opened. The staff are always friendly and make great suggestions for new drinks to try.","Likes":""},{"Name":"","Category":"","Rating":" 5 stars ","Number_of_Reviews":"","Address":"","Reviewer":"Johnny M","Reviewer_page":"https://www.google.com/maps/contrib/115588697634993431152/reviews?hl=en-US","Review_time":"5 years ago","Review":"I'm in love with starbucks, just not their prices.  This one is okay though.  Pretty good service and all.","Likes":""},{"Name":"","Category":"","Rating":" 5 stars ","Number_of_Reviews":"","Address":"","Reviewer":"Alexander Valdez","Reviewer_page":"https://www.google.com/maps/contrib/111366738005445788301/reviews?hl=en-US","Review_time":"a year ago","Review":"Everyone who work is friendly. It a beautiful place to hang out with family or friends","Likes":""},{"Name":"","Category":"","Rating":" 3 stars ","Number_of_Reviews":"","Address":"","Reviewer":"Brandy Bora","Reviewer_page":"https://www.google.com/maps/contrib/114455630560507018743/reviews?hl=en-US","Review_time":"6 years ago","Review":"Great space but the service in unbelievably poor. The staff are all very nice and friendly but orders are always incorrect or skipped or taste off.","Likes":""},{"Name":"","Category":"","Rating":" 3 stars ","Number_of_Reviews":"","Address":"","Reviewer":"Captncrunchmunch3.0 Sunnydaze","Reviewer_page":"https://www.google.com/maps/contrib/118017048971543852148/reviews?hl=en-US","Review_time":"a year ago","Review":"Quick and efficient . ..I usually pre-order when it's available..","Likes":""},{"Name":"","Category":"","Rating":" 5 stars ","Number_of_Reviews":"","Address":"","Reviewer":"Jonathan “silverPSFANBOY4LIFE” Davis","Reviewer_page":"https://www.google.com/maps/contrib/110301491180682573233/reviews?hl=en-US","Review_time":"2 years ago","Review":"Staff was very professional and the and the place is very useful for working or relaxing to a nice cup of coffee.","Likes":""},{"Name":"","Category":"","Rating":" 4 stars ","Number_of_Reviews":"","Address":"","Reviewer":"Lincoln C. Chinnery","Reviewer_page":"https://www.google.com/maps/contrib/106958818949493448187/reviews?hl=en-US","Review_time":"a year ago","Review":"As soon as they learn to spell my name correctly I'll give them 5 stars.","Likes":""},{"Name":"","Category":"","Rating":" 5 stars ","Number_of_Reviews":"","Address":"","Reviewer":"Princess Campbell","Reviewer_page":"https://www.google.com/maps/contrib/115778205193857992795/reviews?hl=en-US","Review_time":"a year ago","Review":"Makes exactly what you ordered. Also provides mobile ordering thats a quick in-out service.","Likes":""},{"Name":"","Category":"","Rating":" 3 stars ","Number_of_Reviews":"","Address":"","Reviewer":"Jasmine G","Reviewer_page":"https://www.google.com/maps/contrib/114526980032807628559/reviews?hl=en-US","Review_time":"4 years ago","Review":"slow Wi-Fi bathroom was dirty and the counter where u get sugar  was also not kept clean customer service is okay as well they need to improve","Likes":""},{"Name":"","Category":"","Rating":" 5 stars ","Number_of_Reviews":"","Address":"","Reviewer":"P. J.","Reviewer_page":"https://www.google.com/maps/contrib/104398654814717636890/reviews?hl=en-US","Review_time":"4 years ago","Review":"The Platinum Street Starbucks on Gold Street - great neighbors and great service thanks to Carlos, Andrew, Tiara, Francis, Tyrone, Madison and their partners.","Likes":""},{"Name":"","Category":"","Rating":" 5 stars ","Number_of_Reviews":"","Address":"","Reviewer":"Michelle Espin","Reviewer_page":"https://www.google.com/maps/contrib/104982627210426184495/reviews?hl=en-US","Review_time":"2 years ago","Review":"Excellent customer service, went there on a Saturday and this young lady(didnt catch her name, only her description ) She was a gem and I appreciated her to the fullest!!!!!!!!!!","Likes":"1"},{"Name":"","Category":"","Rating":" 3 stars ","Number_of_Reviews":"","Address":"","Reviewer":"Denise","Reviewer_page":"https://www.google.com/maps/contrib/115007296741998269474/reviews?hl=en-US","Review_time":"5 years ago","Review":"Staff not particularly friendly but lots of seating and  good hours.","Likes":""},{"Name":"","Category":"","Rating":" 5 stars ","Number_of_Reviews":"","Address":"","Reviewer":"Salmon King","Reviewer_page":"https://www.google.com/maps/contrib/113055725110925175653/reviews?hl=en-US","Review_time":"10 months ago","Review":"I love they lemon and mint tea","Likes":""},{"Name":"","Category":"","Rating":" 5 stars ","Number_of_Reviews":"","Address":"","Reviewer":"Paul Cannon","Reviewer_page":"https://www.google.com/maps/contrib/107925473644043481429/reviews?hl=en-US","Review_time":"3 years ago","Review":"Really great Starbucks.  Generally not packed but probably they are just that efficient","Likes":""},{"Name":"","Category":"","Rating":" 4 stars ","Number_of_Reviews":"","Address":"","Reviewer":"Lakim Reed","Reviewer_page":"https://www.google.com/maps/contrib/114933117811220234661/reviews?hl=en-US","Review_time":"4 years ago","Review":"The food is wonderful, great obvanance the staff is very respectful and a very clean environment.","Likes":""},{"Name":"","Category":"","Rating":" 5 stars ","Number_of_Reviews":"","Address":"","Reviewer":"Trae Higgs","Reviewer_page":"https://www.google.com/maps/contrib/114305222625524529729/reviews?hl=en-US","Review_time":"7 years ago","Review":"Beautiful and spacious Starbucks w/ friendly staff.  Plenty of seating and charging outlets.","Likes":""},{"Name":"","Category":"","Rating":" 2 stars ","Number_of_Reviews":"","Address":"","Reviewer":"Hyper X","Reviewer_page":"https://www.google.com/maps/contrib/111757979814387672924/reviews?hl=en-US","Review_time":"4 years ago","Review":"Seemed like never clean the whole place well. Would not recommend going to this Starbucks location.","Likes":""},{"Name":"","Category":"","Rating":" 4 stars ","Number_of_Reviews":"","Address":"","Reviewer":"Jenny Nunez","Reviewer_page":"https://www.google.com/maps/contrib/101864939174637812666/reviews?hl=en-US","Review_time":"a year ago","Review":"They got 2 orders wrong not happy with the services  😕","Likes":""},{"Name":"","Category":"","Rating":" 2 stars ","Number_of_Reviews":"","Address":"","Reviewer":"Daniel C","Reviewer_page":"https://www.google.com/maps/contrib/108128182968639250242/reviews?hl=en-US","Review_time":"5 years ago","Review":"This is one of the worst Starbucks I have been to. It's dirty and the service is extremely slow.","Likes":"1"},{"Name":"","Category":"","Rating":" 4 stars ","Number_of_Reviews":"","Address":"","Reviewer":"Hudi Kowalsky","Reviewer_page":"https://www.google.com/maps/contrib/111485542878753707585/reviews?hl=en-US","Review_time":"6 years ago","Review":"A bit slower than some other Starbucks. Friendly staff. Strange crowd at times","Likes":""},{"Name":"","Category":"","Rating":" 4 stars ","Number_of_Reviews":"","Address":"","Reviewer":"M F","Reviewer_page":"https://www.google.com/maps/contrib/107901815365096151056/reviews?hl=en-US","Review_time":"4 years ago","Review":"Professional. Clean area. But the line gets too long sometimes. Not enough people behind the counter.","Likes":""},{"Name":"","Category":"","Rating":" 4 stars ","Number_of_Reviews":"","Address":"","Reviewer":"Andrew Reid","Reviewer_page":"https://www.google.com/maps/contrib/108111686332625793592/reviews?hl=en-US","Review_time":"4 years ago","Review":"Great place to relax or do some work or hang out with friends and has great staff","Likes":""},{"Name":"","Category":"","Rating":" 3 stars ","Number_of_Reviews":"","Address":"","Reviewer":"Emily Hsieh","Reviewer_page":"https://www.google.com/maps/contrib/108772284080878298903/reviews?hl=en-US","Review_time":"a year ago","Review":"Baristas sorta ignore you, not particularly friendly","Likes":""},{"Name":"","Category":"","Rating":" 4 stars ","Number_of_Reviews":"","Address":"","Reviewer":"leisa gibson","Reviewer_page":"https://www.google.com/maps/contrib/116476576879778511947/reviews?hl=en-US","Review_time":"4 years ago","Review":"Good place for coffee and a charge (if u need)!!","Likes":"1"},{"Name":"","Category":"","Rating":" 5 stars ","Number_of_Reviews":"","Address":"","Reviewer":"Darien George","Reviewer_page":"https://www.google.com/maps/contrib/110809597885727152810/reviews?hl=en-US","Review_time":"3 years ago","Review":"Dave the cashier is the goat and this is one starbucks I'll normall go out of my way to come to","Likes":""},{"Name":"","Category":"","Rating":" 1 star ","Number_of_Reviews":"","Address":"","Reviewer":"nico allix","Reviewer_page":"https://www.google.com/maps/contrib/108895718601293109693/reviews?hl=en-US","Review_time":"4 years ago","Review":"Rude staff, dirty bathroom and all trash were full...only good point : coffee was good","Likes":""},{"Name":"","Category":"","Rating":" 4 stars ","Number_of_Reviews":"","Address":"","Reviewer":"John Delgado","Reviewer_page":"https://www.google.com/maps/contrib/106762695782302338881/reviews?hl=en-US","Review_time":"3 years ago","Review":"Starbucks coffee the best! This place is clean and friendly","Likes":""},{"Name":"","Category":"","Rating":" 3 stars ","Number_of_Reviews":"","Address":"","Reviewer":"Orlando Muniz","Reviewer_page":"https://www.google.com/maps/contrib/114341295975448118034/reviews?hl=en-US","Review_time":"4 years ago","Review":"No the best coffee I've tasted, but that's my opinion.","Likes":""},{"Name":"","Category":"","Rating":" 4 stars ","Number_of_Reviews":"","Address":"","Reviewer":"Brian Morgan","Reviewer_page":"https://www.google.com/maps/contrib/112724547475908539637/reviews?hl=en-US","Review_time":"3 years ago","Review":"Had the nitro cold brew - good stuff. Friendly people here","Likes":""},{"Name":"","Category":"","Rating":" 5 stars ","Number_of_Reviews":"","Address":"","Reviewer":"Frederick Bryant","Reviewer_page":"https://www.google.com/maps/contrib/108303716437879972752/reviews?hl=en-US","Review_time":"6 years ago","Review":"Since I first opened and now great service nice atmosphere","Likes":""},{"Name":"","Category":"","Rating":" 4 stars ","Number_of_Reviews":"","Address":"","Reviewer":"kyle cato","Reviewer_page":"https://www.google.com/maps/contrib/117983783310136498996/reviews?hl=en-US","Review_time":"3 years ago","Review":"It was well clean just bathroom didnt had toilet paper","Likes":""},{"Name":"","Category":"","Rating":" 5 stars ","Number_of_Reviews":"","Address":"","Reviewer":"Adam Jones","Reviewer_page":"https://www.google.com/maps/contrib/103105341773961387880/reviews?hl=en-US","Review_time":"a year ago","Review":"It's a Starbucks.  Nice staff","Likes":""},{"Name":"","Category":"","Rating":" 2 stars ","Number_of_Reviews":"","Address":"","Reviewer":"Jim Pope","Reviewer_page":"https://www.google.com/maps/contrib/110134858197569456094/reviews?hl=en-US","Review_time":"4 years ago","Review":"dirty store. waited 10 minutes to find out the sandwich I paid for was out of stock","Likes":""},{"Name":"","Category":"","Rating":" 4 stars ","Number_of_Reviews":"","Address":"","Reviewer":"Danutta Webb","Reviewer_page":"https://www.google.com/maps/contrib/114268763238630363904/reviews?hl=en-US","Review_time":"3 years ago","Review":"Friendly staff and clean seating areas, as well as bathrooms.","Likes":""},{"Name":"","Category":"","Rating":" 5 stars ","Number_of_Reviews":"","Address":"","Reviewer":"shaberia crowder","Reviewer_page":"https://www.google.com/maps/contrib/110971114794984632456/reviews?hl=en-US","Review_time":"5 years ago","Review":"Relaxing atmosphere good prices and friendly staff","Likes":""},{"Name":"","Category":"","Rating":" 4 stars ","Number_of_Reviews":"","Address":"","Reviewer":"Jalke Visser","Reviewer_page":"https://www.google.com/maps/contrib/103133094271554738476/reviews?hl=en-US","Review_time":"3 years ago","Review":"Love it!","Likes":"1"},{"Name":"","Category":"","Rating":" 4 stars ","Number_of_Reviews":"","Address":"","Reviewer":"rob","Reviewer_page":"https://www.google.com/maps/contrib/101850460807213704401/reviews?hl=en-US","Review_time":"5 years ago","Review":"Hey, it's Starbucks.  Either you love it or hate it.","Likes":""},{"Name":"","Category":"","Rating":" 3 stars ","Number_of_Reviews":"","Address":"","Reviewer":"Dmitry L","Reviewer_page":"https://www.google.com/maps/contrib/114639080495893974195/reviews?hl=en-US","Review_time":"7 years ago","Review":"great quite place to work during the day.","Likes":""},{"Name":"","Category":"","Rating":" 3 stars ","Number_of_Reviews":"","Address":"","Reviewer":"Cheyna Brand (Official)","Reviewer_page":"https://www.google.com/maps/contrib/103140815180748454584/reviews?hl=en-US","Review_time":"5 years ago","Review":"Coffee full of grind. Nice staff though.","Likes":""},{"Name":"","Category":"","Rating":" 5 stars ","Number_of_Reviews":"","Address":"","Reviewer":"Deanne Griswa","Reviewer_page":"https://www.google.com/maps/contrib/112367679671839538967/reviews?hl=en-US","Review_time":"a year ago","Review":"Staff is friendly and attentive.","Likes":""},{"Name":"","Category":"","Rating":" 5 stars ","Number_of_Reviews":"","Address":"","Reviewer":"Calum McMillan","Reviewer_page":"https://www.google.com/maps/contrib/104105964887268042996/reviews?hl=en-US","Review_time":"6 years ago","Review":"Big location. Employees were friendly and helpful.","Likes":""},{"Name":"","Category":"","Rating":" 5 stars ","Number_of_Reviews":"","Address":"","Reviewer":"Aditya Pokuri","Reviewer_page":"https://www.google.com/maps/contrib/114432787180169060055/reviews?hl=en-US","Review_time":"6 months ago","Review":"It's Starbucks man,","Likes":""},{"Name":"","Category":"","Rating":" 4 stars ","Number_of_Reviews":"","Address":"","Reviewer":"Peter Neumaier","Reviewer_page":"https://www.google.com/maps/contrib/116564628507654955683/reviews?hl=en-US","Review_time":"3 years ago","Review":"Good brew. Quick service.","Likes":"1"},{"Name":"","Category":"","Rating":" 5 stars ","Number_of_Reviews":"","Address":"","Reviewer":"Jada Lott","Reviewer_page":"https://www.google.com/maps/contrib/117757635286143288044/reviews?hl=en-US","Review_time":"a year ago","Review":"Very fast and so polite","Likes":""},{"Name":"","Category":"","Rating":" 5 stars ","Number_of_Reviews":"","Address":"","Reviewer":"LATOYA McCULLUM","Reviewer_page":"https://www.google.com/maps/contrib/112628926919835970345/reviews?hl=en-US","Review_time":"4 years ago","Review":"Very Nice People. And very friendly staff","Likes":""},{"Name":"","Category":"","Rating":" 3 stars ","Number_of_Reviews":"","Address":"","Reviewer":"John Gray (Christian)","Reviewer_page":"https://www.google.com/maps/contrib/110315131983936939390/reviews?hl=en-US","Review_time":"7 months ago","Review":"Slow and sarcastic employees","Likes":""},{"Name":"","Category":"","Rating":" 5 stars ","Number_of_Reviews":"","Address":"","Reviewer":"Cyprenia Cabarris","Reviewer_page":"https://www.google.com/maps/contrib/100221497535702970055/reviews?hl=en-US","Review_time":"3 years ago","Review":"Starbucks is a lifesaver on a busy shopping day🏃‍♂️💃","Likes":""},{"Name":"","Category":"","Rating":" 5 stars ","Number_of_Reviews":"","Address":"","Reviewer":"Kera Mansfield","Reviewer_page":"https://www.google.com/maps/contrib/103823222127111101652/reviews?hl=en-US","Review_time":"2 years ago","Review":"Fast service and good drinks","Likes":""},{"Name":"","Category":"","Rating":" 5 stars ","Number_of_Reviews":"","Address":"","Reviewer":"Leon Ng","Reviewer_page":"https://www.google.com/maps/contrib/100662570890228490694/reviews?hl=en-US","Review_time":"3 years ago","Review":"Very nice environment and convenient location","Likes":""},{"Name":"","Category":"","Rating":" 5 stars ","Number_of_Reviews":"","Address":"","Reviewer":"Darsh Gogari","Reviewer_page":"https://www.google.com/maps/contrib/113593335637137228510/reviews?hl=en-US","Review_time":"4 years ago","Review":"Nice place to read book with a coffee","Likes":"1"},{"Name":"","Category":"","Rating":" 5 stars ","Number_of_Reviews":"","Address":"","Reviewer":"Nick Öhrberg","Reviewer_page":"https://www.google.com/maps/contrib/108075002156722626253/reviews?hl=en-US","Review_time":"6 years ago","Review":"Large, well decorated, and outdoor seating","Likes":""},{"Name":"","Category":"","Rating":" 1 star ","Number_of_Reviews":"","Address":"","Reviewer":"Amber Stewart","Reviewer_page":"https://www.google.com/maps/contrib/109591193184541816183/reviews?hl=en-US","Review_time":"5 years ago","Review":"They don't accept Starbucks Rewards.","Likes":""},{"Name":"","Category":"","Rating":" 3 stars ","Number_of_Reviews":"","Address":"","Reviewer":"Oscar Gonzalez","Reviewer_page":"https://www.google.com/maps/contrib/101999714743396592733/reviews?hl=en-US","Review_time":"6 years ago","Review":"Consistent.  Slow service but consistent product.","Likes":""},{"Name":"","Category":"","Rating":" 5 stars ","Number_of_Reviews":"","Address":"","Reviewer":"Natalie torres","Reviewer_page":"https://www.google.com/maps/contrib/118076401429392180002/reviews?hl=en-US","Review_time":"a year ago","Review":"Fast and friendly service!","Likes":""},{"Name":"","Category":"","Rating":" 5 stars ","Number_of_Reviews":"","Address":"","Reviewer":"Diana Karina","Reviewer_page":"https://www.google.com/maps/contrib/100315849026486805689/reviews?hl=en-US","Review_time":"3 years ago","Review":"Amazing service. Friendly staff.","Likes":""},{"Name":"","Category":"","Rating":" 5 stars ","Number_of_Reviews":"","Address":"","Reviewer":"Joshua Masia","Reviewer_page":"https://www.google.com/maps/contrib/105677211466725112069/reviews?hl=en-US","Review_time":"6 years ago","Review":"Helpful staff, good drinks.","Likes":""},{"Name":"","Category":"","Rating":" 3 stars ","Number_of_Reviews":"","Address":"","Reviewer":"waters6755","Reviewer_page":"https://www.google.com/maps/contrib/100357415766815309852/reviews?hl=en-US","Review_time":"6 years ago","Review":"Staff member disrespected my drink choice","Likes":""},{"Name":"","Category":"","Rating":" 5 stars ","Number_of_Reviews":"","Address":"","Reviewer":"Ellen Brown-Rahman","Reviewer_page":"https://www.google.com/maps/contrib/111712640731834880805/reviews?hl=en-US","Review_time":"4 years ago","Review":"Very Spacious, and Refreshing Starbucks!","Likes":""},{"Name":"","Category":"","Rating":" 5 stars ","Number_of_Reviews":"","Address":"","Reviewer":"Deborah Cantie","Reviewer_page":"https://www.google.com/maps/contrib/106157315001766670070/reviews?hl=en-US","Review_time":"3 years ago","Review":"Love the hospitality of the staff as always","Likes":""},{"Name":"","Category":"","Rating":" 1 star ","Number_of_Reviews":"","Address":"","Reviewer":"Frankie Guzikowski","Reviewer_page":"https://www.google.com/maps/contrib/107159133611236399536/reviews?hl=en-US","Review_time":"3 years ago","Review":"Closed over an hour early Friday 3/29","Likes":""},{"Name":"","Category":"","Rating":" 5 stars ","Number_of_Reviews":"","Address":"","Reviewer":"Ricardo Lafontaine","Reviewer_page":"https://www.google.com/maps/contrib/114129674009130706920/reviews?hl=en-US","Review_time":"3 years ago","Review":"Awesomely  good coffee  !","Likes":""},{"Name":"","Category":"","Rating":" 5 stars ","Number_of_Reviews":"","Address":"","Reviewer":"LaVerne Fields","Reviewer_page":"https://www.google.com/maps/contrib/109236071835200175488/reviews?hl=en-US","Review_time":"4 years ago","Review":"Nice store 4 coffee or tea!!!","Likes":"1"},{"Name":"","Category":"","Rating":" 4 stars ","Number_of_Reviews":"","Address":"","Reviewer":"Conrad Dean","Reviewer_page":"https://www.google.com/maps/contrib/111558915060452096795/reviews?hl=en-US","Review_time":"5 years ago","Review":"Edward Tufte works on his Powerpoints here.","Likes":""},{"Name":"","Category":"","Rating":" 4 stars ","Number_of_Reviews":"","Address":"","Reviewer":"Dmytro","Reviewer_page":"https://www.google.com/maps/contrib/108414624788967046304/reviews?hl=en-US","Review_time":"6 years ago","Review":"Quiet place, a lot of cops ;))","Likes":""},{"Name":"","Category":"","Rating":" 4 stars ","Number_of_Reviews":"","Address":"","Reviewer":"Vincent Macoin","Reviewer_page":"https://www.google.com/maps/contrib/101503759342675714676/reviews?hl=en-US","Review_time":"5 years ago","Review":"Good place with kind employees.","Likes":""},{"Name":"","Category":"","Rating":" 5 stars ","Number_of_Reviews":"","Address":"","Reviewer":"Ryan Choice","Reviewer_page":"https://www.google.com/maps/contrib/101955808038766135552/reviews?hl=en-US","Review_time":"a year ago","Review":"Starbucks is always the best","Likes":""},{"Name":"","Category":"","Rating":" 5 stars ","Number_of_Reviews":"","Address":"","Reviewer":"Zachary Granger","Reviewer_page":"https://www.google.com/maps/contrib/112294679531120489313/reviews?hl=en-US","Review_time":"3 years ago","Review":"Flip resets were off the chain","Likes":""},{"Name":"","Category":"","Rating":" 5 stars ","Number_of_Reviews":"","Address":"","Reviewer":"Juju","Reviewer_page":"https://www.google.com/maps/contrib/105026094950039042953/reviews?hl=en-US","Review_time":"10 months ago","Review":"Fye","Likes":""},{"Name":"","Category":"","Rating":" 5 stars ","Number_of_Reviews":"","Address":"","Reviewer":"michiimania","Reviewer_page":"https://www.google.com/maps/contrib/114920476792288340506/reviews?hl=en-US","Review_time":"4 years ago","Review":"A great place to hang out","Likes":""},{"Name":"","Category":"","Rating":" 1 star ","Number_of_Reviews":"","Address":"","Reviewer":"Robert Rokicki","Reviewer_page":"https://www.google.com/maps/contrib/107531714309607729638/reviews?hl=en-US","Review_time":"4 years ago","Review":"Bathroom are always out of service.","Likes":""},{"Name":"","Category":"","Rating":" 1 star ","Number_of_Reviews":"","Address":"","Reviewer":"Hrair Seropian","Reviewer_page":"https://www.google.com/maps/contrib/111544036163134588527/reviews?hl=en-US","Review_time":"5 years ago","Review":"Possibly the worst Starbucks in the world.","Likes":""},{"Name":"","Category":"","Rating":" 2 stars ","Number_of_Reviews":"","Address":"","Reviewer":"Vanessa Kennedy","Reviewer_page":"https://www.google.com/maps/contrib/100158300685539455738/reviews?hl=en-US","Review_time":"6 years ago","Review":"Too busy n no outlets","Likes":"1"},{"Name":"","Category":"","Rating":" 5 stars ","Number_of_Reviews":"","Address":"","Reviewer":"Maybeailssa","Reviewer_page":"https://www.google.com/maps/contrib/109877855595844740580/reviews?hl=en-US","Review_time":"3 years ago","Review":"I got a my special raspberry","Likes":""},{"Name":"","Category":"","Rating":" 5 stars ","Number_of_Reviews":"","Address":"","Reviewer":"Lydia Figueroa","Reviewer_page":"https://www.google.com/maps/contrib/110716384109302784259/reviews?hl=en-US","Review_time":"a year ago","Review":"Picked up a refresher and croissants","Likes":""},{"Name":"","Category":"","Rating":" 5 stars ","Number_of_Reviews":"","Address":"","Reviewer":"Sofy Alvarez","Reviewer_page":"https://www.google.com/maps/contrib/100633478026369238288/reviews?hl=en-US","Review_time":"6 years ago","Review":"Perfect for doing homework 👍","Likes":""},{"Name":"","Category":"","Rating":" 5 stars ","Number_of_Reviews":"","Address":"","Reviewer":"Keith Facc","Reviewer_page":"https://www.google.com/maps/contrib/105495535431200000790/reviews?hl=en-US","Review_time":"5 years ago","Review":"It Starbucks, not much more to be said","Likes":""},{"Name":"","Category":"","Rating":" 2 stars ","Number_of_Reviews":"","Address":"","Reviewer":"Karl Green","Reviewer_page":"https://www.google.com/maps/contrib/105480014957260298953/reviews?hl=en-US","Review_time":"5 years ago","Review":"Poor WiFi signal","Likes":""},{"Name":"","Category":"","Rating":" 5 stars ","Number_of_Reviews":"","Address":"","Reviewer":"Saudia Mohammed","Reviewer_page":"https://www.google.com/maps/contrib/115882258293968127166/reviews?hl=en-US","Review_time":"3 years ago","Review":"I love Starbucks","Likes":""},{"Name":"","Category":"","Rating":" 5 stars ","Number_of_Reviews":"","Address":"","Reviewer":"Chris Esau","Reviewer_page":"https://www.google.com/maps/contrib/115475593280264576976/reviews?hl=en-US","Review_time":"3 years ago","Review":"Nice location for a Starbucks","Likes":""},{"Name":"","Category":"","Rating":" 5 stars ","Number_of_Reviews":"","Address":"","Reviewer":"D James","Reviewer_page":"https://www.google.com/maps/contrib/104802251825424645850/reviews?hl=en-US","Review_time":"2 years ago","Review":"Great","Likes":""},{"Name":"","Category":"","Rating":" 4 stars ","Number_of_Reviews":"","Address":"","Reviewer":"Roland Bellwald","Reviewer_page":"https://www.google.com/maps/contrib/111012091341405159183/reviews?hl=en-US","Review_time":"6 years ago","Review":"Lives up to the expectations","Likes":""},{"Name":"","Category":"","Rating":" 5 stars ","Number_of_Reviews":"","Address":"","Reviewer":"Margarita Martinez","Reviewer_page":"https://www.google.com/maps/contrib/109161455453433351470/reviews?hl=en-US","Review_time":"4 years ago","Review":"Great","Likes":""},{"Name":"","Category":"","Rating":" 5 stars ","Number_of_Reviews":"","Address":"","Reviewer":"Unknown Person","Reviewer_page":"https://www.google.com/maps/contrib/104734028712977788773/reviews?hl=en-US","Review_time":"4 years ago","Review":"Love the coffee","Likes":""},{"Name":"","Category":"","Rating":" 5 stars ","Number_of_Reviews":"","Address":"","Reviewer":"Sara Key","Reviewer_page":"https://www.google.com/maps/contrib/115801625784073856553/reviews?hl=en-US","Review_time":"a year ago","Review":"Good coffee","Likes":"1"},{"Name":"","Category":"","Rating":" 5 stars ","Number_of_Reviews":"","Address":"","Reviewer":"Michael B. Rasmussen (mbernholdt)","Reviewer_page":"https://www.google.com/maps/contrib/108133711603356067962/reviews?hl=en-US","Review_time":"5 years ago","Review":"Great service","Likes":""},{"Name":"","Category":"","Rating":" 4 stars ","Number_of_Reviews":"","Address":"","Reviewer":"D Re","Reviewer_page":"https://www.google.com/maps/contrib/110275577446897982394/reviews?hl=en-US","Review_time":"3 years ago","Review":"Coffee is worth it","Likes":""},{"Name":"","Category":"","Rating":" 4 stars ","Number_of_Reviews":"","Address":"","Reviewer":"Oh Mini","Reviewer_page":"https://www.google.com/maps/contrib/101162425421522211816/reviews?hl=en-US","Review_time":"6 years ago","Review":"Good","Likes":""},{"Name":"","Category":"","Rating":" 5 stars ","Number_of_Reviews":"","Address":"","Reviewer":"Trim Hyseni","Reviewer_page":"https://www.google.com/maps/contrib/101100313772131674384/reviews?hl=en-US","Review_time":"4 years ago","Review":"Best coffees","Likes":""},{"Name":"","Category":"","Rating":" 5 stars ","Number_of_Reviews":"","Address":"","Reviewer":"Philip Rivera","Reviewer_page":"https://www.google.com/maps/contrib/105718642045771938906/reviews?hl=en-US","Review_time":"5 years ago","Review":"Love Starbucks","Likes":""},{"Name":"","Category":"","Rating":" 5 stars ","Number_of_Reviews":"","Address":"","Reviewer":"Will Mill","Reviewer_page":"https://www.google.com/maps/contrib/111646142454181271094/reviews?hl=en-US","Review_time":"6 years ago","Review":"Good store","Likes":""},{"Name":"","Category":"","Rating":" 3 stars ","Number_of_Reviews":"","Address":"","Reviewer":"Charles Betancourt","Reviewer_page":"https://www.google.com/maps/contrib/102132706008732233824/reviews?hl=en-US","Review_time":"3 years ago","Review":"Pop","Likes":""},{"Name":"","Category":"","Rating":" 3 stars ","Number_of_Reviews":"","Address":"","Reviewer":"Test Kim","Reviewer_page":"https://www.google.com/maps/contrib/116928669975954957070/reviews?hl=en-US","Review_time":"6 years ago","Review":"Good","Likes":""},{"Name":"","Category":"","Rating":" 3 stars ","Number_of_Reviews":"","Address":"","Reviewer":"Sharon Suite","Reviewer_page":"https://www.google.com/maps/contrib/101400669811378437505/reviews?hl=en-US","Review_time":"5 years ago","Review":"Pleasant service","Likes":""},{"Name":"","Category":"","Rating":" 1 star ","Number_of_Reviews":"","Address":"","Reviewer":"pinny cohen","Reviewer_page":"https://www.google.com/maps/contrib/107299855148461598670/reviews?hl=en-US","Review_time":"6 years ago","Review":"Slow service","Likes":""},{"Name":"","Category":"","Rating":" 5 stars ","Number_of_Reviews":"","Address":"","Reviewer":"MK conveniencebrokerage","Reviewer_page":"https://www.google.com/maps/contrib/115123544871643812666/reviews?hl=en-US","Review_time":"3 years ago","Review":"Good place","Likes":""},{"Name":"","Category":"","Rating":" 4 stars ","Number_of_Reviews":"","Address":"","Reviewer":"Haotian Cai","Reviewer_page":"https://www.google.com/maps/contrib/103677069942377480803/reviews?hl=en-US","Review_time":"5 years ago","Review":"Nice people","Likes":""},{"Name":"","Category":"","Rating":" 5 stars ","Number_of_Reviews":"","Address":"","Reviewer":"Renee Levitt","Reviewer_page":"https://www.google.com/maps/contrib/118164301501294534138/reviews?hl=en-US","Review_time":"4 years ago","Review":"I like it.","Likes":""},{"Name":"","Category":"","Rating":" 4 stars ","Number_of_Reviews":"","Address":"","Reviewer":"Raymond Li","Reviewer_page":"https://www.google.com/maps/contrib/115166008356953126331/reviews?hl=en-US","Review_time":"5 years ago","Review":"Cozy place","Likes":""},{"Name":"","Category":"","Rating":" 2 stars ","Number_of_Reviews":"","Address":"","Reviewer":"Anastasia Fedchenko","Reviewer_page":"https://www.google.com/maps/contrib/113622188326378226550/reviews?hl=en-US","Review_time":"2 days ago","Review":"No toilet paper, no soap, wet and stinky floor, homeless people. The staff is not happy and I had to repeat my order three times and in order for them memorize that I want single espresso shot in my latte.","Likes":""},{"Name":"","Category":"","Rating":" 5 stars ","Number_of_Reviews":"","Address":"","Reviewer":"Oliver Portes","Reviewer_page":"https://www.google.com/maps/contrib/114665932336360470998/reviews?hl=en-US","Review_time":"6 years ago","Review":"(Translated by Google) Enjoy good coffee and sit relaxed\n\n(Original)\nDisfrutar de un buen café y sentarse relajado","Likes":""},{"Name":"","Category":"","Rating":" 5 stars ","Number_of_Reviews":"","Address":"","Reviewer":"wilma solorzano","Reviewer_page":"https://www.google.com/maps/contrib/117192925708165580242/reviews?hl=en-US","Review_time":"3 years ago","Review":"(Translated by Google) A break is good after walking the Brooklyn Bridge, having a coffee, a chocolate or something else\n\n(Original)\nUn descanso cae bien después de caminar el Brooklyn Bridge, tomar un café un chocolate o algo más","Likes":""},{"Name":"","Category":"","Rating":" 3 stars ","Number_of_Reviews":"","Address":"","Reviewer":"Mariana M","Reviewer_page":"https://www.google.com/maps/contrib/108469071989290949206/reviews?hl=en-US","Review_time":"5 years ago","Review":"(Translated by Google) Well located for a short break, with a beautiful view.\n\n(Original)\nBien ubicado para tomar un breve descanso, con linda  vista.","Likes":""},{"Name":"","Category":"","Rating":" 5 stars ","Number_of_Reviews":"","Address":"","Reviewer":"Paulo Vasconcellos","Reviewer_page":"https://www.google.com/maps/contrib/104977433316380812913/reviews?hl=en-US","Review_time":"2 years ago","Review":"(Translated by Google) Located in the Brooklin, NY neighborhood, good stop for a coffee.\n\n(Original)\nSituada no bairro do Brooklin, NY, boa parada para um café.","Likes":""},{"Name":"","Category":"","Rating":" 3 stars ","Number_of_Reviews":"","Address":"","Reviewer":"richard de Géradon","Reviewer_page":"https://www.google.com/maps/contrib/114585513508437242643/reviews?hl=en-US","Review_time":"5 years ago","Review":"(Translated by Google) Coffee acceptable but too much music\n\n(Original)\nCafé acceptable mais trop de musiques","Likes":""},{"Name":"","Category":"","Rating":" 5 stars ","Number_of_Reviews":"","Address":"","Reviewer":"Desirea Collado","Reviewer_page":"https://www.google.com/maps/contrib/112791928666032252890/reviews?hl=en-US","Review_time":"2 years ago","Review":"(Translated by Google) Love here\n\n(Original)\nLove itt","Likes":""},{"Name":"","Category":"","Rating":" 5 stars ","Number_of_Reviews":"","Address":"","Reviewer":"Housdaye Sow","Reviewer_page":"https://www.google.com/maps/contrib/110163821570642765517/reviews?hl=en-US","Review_time":"7 months ago","Review":"(Translated by Google) too slow\n\n(Original)\nTrops lent","Likes":""},{"Name":"","Category":"","Rating":" 1 star ","Number_of_Reviews":"","Address":"","Reviewer":"Alex .B","Reviewer_page":"https://www.google.com/maps/contrib/105523657020985220318/reviews?hl=en-US","Review_time":"3 years ago","Review":"(Translated by Google) Closes the toilets 1h before closing ...\n\n(Original)\nFerme les toilettes 1h avant la fermeture...","Likes":""},{"Name":"","Category":"","Rating":" 4 stars ","Number_of_Reviews":"","Address":"","Reviewer":"Mathieu Lachance","Reviewer_page":"https://www.google.com/maps/contrib/115233657757777014200/reviews?hl=en-US","Review_time":"4 weeks ago","Review":"","Likes":""},{"Name":"","Category":"","Rating":" 5 stars ","Number_of_Reviews":"","Address":"","Reviewer":"Gladys Castro","Reviewer_page":"https://www.google.com/maps/contrib/105192855564245092060/reviews?hl=en-US","Review_time":"3 years ago","Review":"(Translated by Google) Always good!\n\n(Original)\nSiempre bueno!","Likes":""},{"Name":"","Category":"","Rating":" 5 stars ","Number_of_Reviews":"","Address":"","Reviewer":"Robert D","Reviewer_page":"https://www.google.com/maps/contrib/115189759850113417605/reviews?hl=en-US","Review_time":"a month ago","Review":"","Likes":""},{"Name":"","Category":"","Rating":" 4 stars ","Number_of_Reviews":"","Address":"","Reviewer":"Tonya Moore","Reviewer_page":"https://www.google.com/maps/contrib/100617332075613460146/reviews?hl=en-US","Review_time":"3 months ago","Review":"","Likes":""},{"Name":"","Category":"","Rating":" 5 stars ","Number_of_Reviews":"","Address":"","Reviewer":"Nayeem Mian Siddique","Reviewer_page":"https://www.google.com/maps/contrib/113467112550237685324/reviews?hl=en-US","Review_time":"4 years ago","Review":"Yumzzzz!$$!","Likes":""},{"Name":"","Category":"","Rating":" 4 stars ","Number_of_Reviews":"","Address":"","Reviewer":"YooNix","Reviewer_page":"https://www.google.com/maps/contrib/110072102700971559560/reviews?hl=en-US","Review_time":"6 months ago","Review":"","Likes":""},{"Name":"","Category":"","Rating":" 4 stars ","Number_of_Reviews":"","Address":"","Reviewer":"Gin Cheng","Reviewer_page":"https://www.google.com/maps/contrib/108258196585193780670/reviews?hl=en-US","Review_time":"9 months ago","Review":"","Likes":""},{"Name":"","Category":"","Rating":" 5 stars ","Number_of_Reviews":"","Address":"","Reviewer":"Mary Romero","Reviewer_page":"https://www.google.com/maps/contrib/101256970695627708531/reviews?hl=en-US","Review_time":"9 months ago","Review":"","Likes":""},{"Name":"","Category":"","Rating":" 5 stars ","Number_of_Reviews":"","Address":"","Reviewer":"Eunice Evans","Reviewer_page":"https://www.google.com/maps/contrib/111200431030139782918/reviews?hl=en-US","Review_time":"9 months ago","Review":"","Likes":""},{"Name":"","Category":"","Rating":" 5 stars ","Number_of_Reviews":"","Address":"","Reviewer":"Heather Britten","Reviewer_page":"https://www.google.com/maps/contrib/107727612076413730765/reviews?hl=en-US","Review_time":"10 months ago","Review":"","Likes":""},{"Name":"","Category":"","Rating":" 4 stars ","Number_of_Reviews":"","Address":"","Reviewer":"Brian Soohoo","Reviewer_page":"https://www.google.com/maps/contrib/104418372373165198221/reviews?hl=en-US","Review_time":"a year ago","Review":"","Likes":""},{"Name":"","Category":"","Rating":" 5 stars ","Number_of_Reviews":"","Address":"","Reviewer":"Jermaine Brown","Reviewer_page":"https://www.google.com/maps/contrib/103849931902552214230/reviews?hl=en-US","Review_time":"a year ago","Review":"","Likes":""},{"Name":"","Category":"","Rating":" 4 stars ","Number_of_Reviews":"","Address":"","Reviewer":"Solomon Johnson","Reviewer_page":"https://www.google.com/maps/contrib/105654416265665524510/reviews?hl=en-US","Review_time":"a year ago","Review":"","Likes":""},{"Name":"","Category":"","Rating":" 4 stars ","Number_of_Reviews":"","Address":"","Reviewer":"Ibrahim AlZabin","Reviewer_page":"https://www.google.com/maps/contrib/101414482886684900509/reviews?hl=en-US","Review_time":"4 years ago","Review":"(Translated by Google) coffee house\n\n(Original)\nبيت القهوة","Likes":""},{"Name":"","Category":"","Rating":" 5 stars ","Number_of_Reviews":"","Address":"","Reviewer":"Gregory Keras","Reviewer_page":"https://www.google.com/maps/contrib/114542349249122084740/reviews?hl=en-US","Review_time":"6 years ago","Review":"","Likes":""},{"Name":"","Category":"","Rating":" 5 stars ","Number_of_Reviews":"","Address":"","Reviewer":"Tatiyana Smith","Reviewer_page":"https://www.google.com/maps/contrib/110997730157537065139/reviews?hl=en-US","Review_time":"3 years ago","Review":"","Likes":""},{"Name":"","Category":"","Rating":" 4 stars ","Number_of_Reviews":"","Address":"","Reviewer":"Miguel Dang","Reviewer_page":"https://www.google.com/maps/contrib/108354076060624732016/reviews?hl=en-US","Review_time":"4 years ago","Review":"","Likes":""},{"Name":"","Category":"","Rating":" 4 stars ","Number_of_Reviews":"","Address":"","Reviewer":"Valarie Ramos","Reviewer_page":"https://www.google.com/maps/contrib/115213638997562044362/reviews?hl=en-US","Review_time":"5 years ago","Review":"","Likes":""},{"Name":"","Category":"","Rating":" 5 stars ","Number_of_Reviews":"","Address":"","Reviewer":"Adnad Elmazi","Reviewer_page":"https://www.google.com/maps/contrib/117630738018504304874/reviews?hl=en-US","Review_time":"3 years ago","Review":"","Likes":""},{"Name":"","Category":"","Rating":" 1 star ","Number_of_Reviews":"","Address":"","Reviewer":"antonio castillo","Reviewer_page":"https://www.google.com/maps/contrib/115518505228184900001/reviews?hl=en-US","Review_time":"4 years ago","Review":"","Likes":""},{"Name":"","Category":"","Rating":" 1 star ","Number_of_Reviews":"","Address":"","Reviewer":"Clay Priest","Reviewer_page":"https://www.google.com/maps/contrib/108723997834447484423/reviews?hl=en-US","Review_time":"4 years ago","Review":"","Likes":""},{"Name":"","Category":"","Rating":" 3 stars ","Number_of_Reviews":"","Address":"","Reviewer":"Ahmed Sajib","Reviewer_page":"https://www.google.com/maps/contrib/103333474640379923901/reviews?hl=en-US","Review_time":"2 years ago","Review":"","Likes":""},{"Name":"","Category":"","Rating":" 5 stars ","Number_of_Reviews":"","Address":"","Reviewer":"Amanda “Ms. Unique” S.","Reviewer_page":"https://www.google.com/maps/contrib/107599129121295006746/reviews?hl=en-US","Review_time":"3 years ago","Review":"","Likes":""},{"Name":"","Category":"","Rating":" 5 stars ","Number_of_Reviews":"","Address":"","Reviewer":"Igor Lyutin","Reviewer_page":"https://www.google.com/maps/contrib/116224941016507609754/reviews?hl=en-US","Review_time":"7 years ago","Review":"","Likes":""},{"Name":"","Category":"","Rating":" 5 stars ","Number_of_Reviews":"","Address":"","Reviewer":"Enrique Suarez","Reviewer_page":"https://www.google.com/maps/contrib/104733930302833001011/reviews?hl=en-US","Review_time":"2 years ago","Review":"","Likes":""},{"Name":"","Category":"","Rating":" 4 stars ","Number_of_Reviews":"","Address":"","Reviewer":"Pedro Quinones","Reviewer_page":"https://www.google.com/maps/contrib/113620483034855562655/reviews?hl=en-US","Review_time":"5 years ago","Review":"","Likes":""},{"Name":"","Category":"","Rating":" 5 stars ","Number_of_Reviews":"","Address":"","Reviewer":"Relly Hood","Reviewer_page":"https://www.google.com/maps/contrib/100530624344267410158/reviews?hl=en-US","Review_time":"a year ago","Review":"","Likes":""},{"Name":"","Category":"","Rating":" 1 star ","Number_of_Reviews":"","Address":"","Reviewer":"Wong天生","Reviewer_page":"https://www.google.com/maps/contrib/109412263354220255650/reviews?hl=en-US","Review_time":"2 years ago","Review":"","Likes":""},{"Name":"","Category":"","Rating":" 5 stars ","Number_of_Reviews":"","Address":"","Reviewer":"Ede Kovács","Reviewer_page":"https://www.google.com/maps/contrib/112538781922284143677/reviews?hl=en-US","Review_time":"3 years ago","Review":"","Likes":""},{"Name":"","Category":"","Rating":" 4 stars ","Number_of_Reviews":"","Address":"","Reviewer":"Ekta Patel (Hakunamaekta)","Reviewer_page":"https://www.google.com/maps/contrib/105088107134344459495/reviews?hl=en-US","Review_time":"5 years ago","Review":"","Likes":""},{"Name":"","Category":"","Rating":" 4 stars ","Number_of_Reviews":"","Address":"","Reviewer":"Rani Shah","Reviewer_page":"https://www.google.com/maps/contrib/116803307347548488543/reviews?hl=en-US","Review_time":"4 years ago","Review":"","Likes":""},{"Name":"","Category":"","Rating":" 4 stars ","Number_of_Reviews":"","Address":"","Reviewer":"christopher pratt","Reviewer_page":"https://www.google.com/maps/contrib/111583825575200809677/reviews?hl=en-US","Review_time":"11 months ago","Review":"","Likes":""},{"Name":"","Category":"","Rating":" 5 stars ","Number_of_Reviews":"","Address":"","Reviewer":"Juan Oropeza","Reviewer_page":"https://www.google.com/maps/contrib/107999344711353036042/reviews?hl=en-US","Review_time":"2 years ago","Review":"","Likes":""},{"Name":"","Category":"","Rating":" 5 stars ","Number_of_Reviews":"","Address":"","Reviewer":"Nick Velic","Reviewer_page":"https://www.google.com/maps/contrib/116103485473466082172/reviews?hl=en-US","Review_time":"2 years ago","Review":"","Likes":""},{"Name":"","Category":"","Rating":" 4 stars ","Number_of_Reviews":"","Address":"","Reviewer":"Stephen Chopra","Reviewer_page":"https://www.google.com/maps/contrib/103922725692150152411/reviews?hl=en-US","Review_time":"3 years ago","Review":"","Likes":""},{"Name":"","Category":"","Rating":" 5 stars ","Number_of_Reviews":"","Address":"","Reviewer":"Grant R","Reviewer_page":"https://www.google.com/maps/contrib/110339998466185197390/reviews?hl=en-US","Review_time":"3 years ago","Review":"","Likes":""},{"Name":"","Category":"","Rating":" 5 stars ","Number_of_Reviews":"","Address":"","Reviewer":"Farhan","Reviewer_page":"https://www.google.com/maps/contrib/103453559536373060807/reviews?hl=en-US","Review_time":"9 months ago","Review":"","Likes":""},{"Name":"","Category":"","Rating":" 4 stars ","Number_of_Reviews":"","Address":"","Reviewer":"vered sh","Reviewer_page":"https://www.google.com/maps/contrib/107387807822449403489/reviews?hl=en-US","Review_time":"a year ago","Review":"","Likes":""},{"Name":"","Category":"","Rating":" 5 stars ","Number_of_Reviews":"","Address":"","Reviewer":"Brian Sanders","Reviewer_page":"https://www.google.com/maps/contrib/108195786671479604134/reviews?hl=en-US","Review_time":"a year ago","Review":"","Likes":""},{"Name":"","Category":"","Rating":" 5 stars ","Number_of_Reviews":"","Address":"","Reviewer":"Marina Rivas","Reviewer_page":"https://www.google.com/maps/contrib/110890042652882942519/reviews?hl=en-US","Review_time":"2 years ago","Review":"","Likes":""},{"Name":"","Category":"","Rating":" 5 stars ","Number_of_Reviews":"","Address":"","Reviewer":"Francesca Green","Reviewer_page":"https://www.google.com/maps/contrib/115687578312787219144/reviews?hl=en-US","Review_time":"3 years ago","Review":"","Likes":""},{"Name":"","Category":"","Rating":" 4 stars ","Number_of_Reviews":"","Address":"","Reviewer":"Sandra Belalcazar","Reviewer_page":"https://www.google.com/maps/contrib/118004154078917781629/reviews?hl=en-US","Review_time":"2 years ago","Review":"","Likes":""},{"Name":"","Category":"","Rating":" 1 star ","Number_of_Reviews":"","Address":"","Reviewer":"Damien Scott Martinez","Reviewer_page":"https://www.google.com/maps/contrib/100827111526330577012/reviews?hl=en-US","Review_time":"4 years ago","Review":"","Likes":""},{"Name":"","Category":"","Rating":" 5 stars ","Number_of_Reviews":"","Address":"","Reviewer":"Pete Breza","Reviewer_page":"https://www.google.com/maps/contrib/118385878967963051922/reviews?hl=en-US","Review_time":"a year ago","Review":"","Likes":""},{"Name":"","Category":"","Rating":" 4 stars ","Number_of_Reviews":"","Address":"","Reviewer":"Gulfam Ahmad","Reviewer_page":"https://www.google.com/maps/contrib/112773626456175035138/reviews?hl=en-US","Review_time":"3 years ago","Review":"","Likes":""},{"Name":"","Category":"","Rating":" 5 stars ","Number_of_Reviews":"","Address":"","Reviewer":"Andrew Sherman","Reviewer_page":"https://www.google.com/maps/contrib/117809043526522493990/reviews?hl=en-US","Review_time":"3 years ago","Review":"","Likes":""},{"Name":"","Category":"","Rating":" 5 stars ","Number_of_Reviews":"","Address":"","Reviewer":"Chris Randolph","Reviewer_page":"https://www.google.com/maps/contrib/110820009256162037142/reviews?hl=en-US","Review_time":"3 years ago","Review":"","Likes":""},{"Name":"","Category":"","Rating":" 5 stars ","Number_of_Reviews":"","Address":"","Reviewer":"Kenya Carrington","Reviewer_page":"https://www.google.com/maps/contrib/112886132443307178699/reviews?hl=en-US","Review_time":"5 years ago","Review":"","Likes":""},{"Name":"","Category":"","Rating":" 3 stars ","Number_of_Reviews":"","Address":"","Reviewer":"Chris Gu","Reviewer_page":"https://www.google.com/maps/contrib/118281540495880571370/reviews?hl=en-US","Review_time":"6 years ago","Review":"","Likes":""},{"Name":"","Category":"","Rating":" 4 stars ","Number_of_Reviews":"","Address":"","Reviewer":"adrian kuqi","Reviewer_page":"https://www.google.com/maps/contrib/100947525791013387694/reviews?hl=en-US","Review_time":"4 years ago","Review":"","Likes":""},{"Name":"","Category":"","Rating":" 4 stars ","Number_of_Reviews":"","Address":"","Reviewer":"MIKIKO KITANI","Reviewer_page":"https://www.google.com/maps/contrib/117746315916988594117/reviews?hl=en-US","Review_time":"5 years ago","Review":"","Likes":""},{"Name":"","Category":"","Rating":" 4 stars ","Number_of_Reviews":"","Address":"","Reviewer":"Red 7887","Reviewer_page":"https://www.google.com/maps/contrib/115631926367454983179/reviews?hl=en-US","Review_time":"2 years ago","Review":"","Likes":""},{"Name":"","Category":"","Rating":" 5 stars ","Number_of_Reviews":"","Address":"","Reviewer":"Kobesystem","Reviewer_page":"https://www.google.com/maps/contrib/111873943991778397846/reviews?hl=en-US","Review_time":"9 months ago","Review":"","Likes":""},{"Name":"","Category":"","Rating":" 3 stars ","Number_of_Reviews":"","Address":"","Reviewer":"Walter Capobianco","Reviewer_page":"https://www.google.com/maps/contrib/102098124715524643621/reviews?hl=en-US","Review_time":"5 years ago","Review":"","Likes":""},{"Name":"","Category":"","Rating":" 2 stars ","Number_of_Reviews":"","Address":"","Reviewer":"Tiago Luchini","Reviewer_page":"https://www.google.com/maps/contrib/101962529857578716576/reviews?hl=en-US","Review_time":"3 years ago","Review":"","Likes":""},{"Name":"","Category":"","Rating":" 4 stars ","Number_of_Reviews":"","Address":"","Reviewer":"Jermaine Roane","Reviewer_page":"https://www.google.com/maps/contrib/105323892020454719087/reviews?hl=en-US","Review_time":"3 years ago","Review":"","Likes":""},{"Name":"","Category":"","Rating":" 3 stars ","Number_of_Reviews":"","Address":"","Reviewer":"Joel Tappin","Reviewer_page":"https://www.google.com/maps/contrib/112252123570814719110/reviews?hl=en-US","Review_time":"3 years ago","Review":"","Likes":""},{"Name":"","Category":"","Rating":" 5 stars ","Number_of_Reviews":"","Address":"","Reviewer":"Theresa Giovinni","Reviewer_page":"https://www.google.com/maps/contrib/105864126337630888740/reviews?hl=en-US","Review_time":"a year ago","Review":"","Likes":""},{"Name":"","Category":"","Rating":" 5 stars ","Number_of_Reviews":"","Address":"","Reviewer":"Mordechai Maxwell","Reviewer_page":"https://www.google.com/maps/contrib/114463106979777623460/reviews?hl=en-US","Review_time":"5 months ago","Review":"","Likes":""},{"Name":"","Category":"","Rating":" 5 stars ","Number_of_Reviews":"","Address":"","Reviewer":"Adam E. Chetrit","Reviewer_page":"https://www.google.com/maps/contrib/106783548106119006137/reviews?hl=en-US","Review_time":"2 years ago","Review":"","Likes":""},{"Name":"","Category":"","Rating":" 5 stars ","Number_of_Reviews":"","Address":"","Reviewer":"Jennifer Montano","Reviewer_page":"https://www.google.com/maps/contrib/109966015639539394569/reviews?hl=en-US","Review_time":"4 years ago","Review":"","Likes":""},{"Name":"","Category":"","Rating":" 1 star ","Number_of_Reviews":"","Address":"","Reviewer":"Andre François","Reviewer_page":"https://www.google.com/maps/contrib/111612802397611694871/reviews?hl=en-US","Review_time":"4 years ago","Review":"","Likes":""},{"Name":"","Category":"","Rating":" 5 stars ","Number_of_Reviews":"","Address":"","Reviewer":"Luis “SiR_Mez” Espinosa","Reviewer_page":"https://www.google.com/maps/contrib/114481931688500463290/reviews?hl=en-US","Review_time":"4 years ago","Review":"","Likes":""},{"Name":"","Category":"","Rating":" 4 stars ","Number_of_Reviews":"","Address":"","Reviewer":"Alexandr Bohler","Reviewer_page":"https://www.google.com/maps/contrib/106869339405087755940/reviews?hl=en-US","Review_time":"a year ago","Review":"","Likes":""},{"Name":"","Category":"","Rating":" 4 stars ","Number_of_Reviews":"","Address":"","Reviewer":"zahra steele","Reviewer_page":"https://www.google.com/maps/contrib/103411374763866614287/reviews?hl=en-US","Review_time":"4 years ago","Review":"","Likes":""},{"Name":"","Category":"","Rating":" 4 stars ","Number_of_Reviews":"","Address":"","Reviewer":"M Girkinger","Reviewer_page":"https://www.google.com/maps/contrib/105801338161022136516/reviews?hl=en-US","Review_time":"4 years ago","Review":"","Likes":""},{"Name":"","Category":"","Rating":" 1 star ","Number_of_Reviews":"","Address":"","Reviewer":"Christian Has","Reviewer_page":"https://www.google.com/maps/contrib/114483447239590365419/reviews?hl=en-US","Review_time":"4 years ago","Review":"","Likes":""},{"Name":"","Category":"","Rating":" 4 stars ","Number_of_Reviews":"","Address":"","Reviewer":"Alex Davydov","Reviewer_page":"https://www.google.com/maps/contrib/108578688057602801706/reviews?hl=en-US","Review_time":"4 years ago","Review":"","Likes":""},{"Name":"","Category":"","Rating":" 3 stars ","Number_of_Reviews":"","Address":"","Reviewer":"Hobie Choi","Reviewer_page":"https://www.google.com/maps/contrib/100556199858214918433/reviews?hl=en-US","Review_time":"4 years ago","Review":"","Likes":""},{"Name":"","Category":"","Rating":" 4 stars ","Number_of_Reviews":"","Address":"","Reviewer":"pedro malo","Reviewer_page":"https://www.google.com/maps/contrib/108362901222477167165/reviews?hl=en-US","Review_time":"3 years ago","Review":"","Likes":""},{"Name":"","Category":"","Rating":" 5 stars ","Number_of_Reviews":"","Address":"","Reviewer":"EMPRESS LIONESS","Reviewer_page":"https://www.google.com/maps/contrib/102691383689883257612/reviews?hl=en-US","Review_time":"2 years ago","Review":"","Likes":""},{"Name":"","Category":"","Rating":" 5 stars ","Number_of_Reviews":"","Address":"","Reviewer":"Rayann Holloway","Reviewer_page":"https://www.google.com/maps/contrib/100159079976575681737/reviews?hl=en-US","Review_time":"3 years ago","Review":"","Likes":""},{"Name":"","Category":"","Rating":" 4 stars ","Number_of_Reviews":"","Address":"","Reviewer":"Krystal Carlton","Reviewer_page":"https://www.google.com/maps/contrib/110411016828010513676/reviews?hl=en-US","Review_time":"3 years ago","Review":"","Likes":""},{"Name":"","Category":"","Rating":" 5 stars ","Number_of_Reviews":"","Address":"","Reviewer":"Melissa Dowling-Singletary","Reviewer_page":"https://www.google.com/maps/contrib/106206297560112293333/reviews?hl=en-US","Review_time":"11 months ago","Review":"","Likes":""},{"Name":"","Category":"","Rating":" 3 stars ","Number_of_Reviews":"","Address":"","Reviewer":"Gina DeJesus","Reviewer_page":"https://www.google.com/maps/contrib/109082487385721428728/reviews?hl=en-US","Review_time":"4 years ago","Review":"","Likes":""},{"Name":"","Category":"","Rating":" 4 stars ","Number_of_Reviews":"","Address":"","Reviewer":"Rashid Aziz","Reviewer_page":"https://www.google.com/maps/contrib/115930326171495025016/reviews?hl=en-US","Review_time":"4 years ago","Review":"","Likes":""},{"Name":"","Category":"","Rating":" 4 stars ","Number_of_Reviews":"","Address":"","Reviewer":"S L","Reviewer_page":"https://www.google.com/maps/contrib/118260203854521856497/reviews?hl=en-US","Review_time":"4 years ago","Review":"","Likes":""},{"Name":"","Category":"","Rating":" 4 stars ","Number_of_Reviews":"","Address":"","Reviewer":"irieman","Reviewer_page":"https://www.google.com/maps/contrib/114754768321762441489/reviews?hl=en-US","Review_time":"4 years ago","Review":"","Likes":""},{"Name":"","Category":"","Rating":" 4 stars ","Number_of_Reviews":"","Address":"","Reviewer":"Victor Altamirano","Reviewer_page":"https://www.google.com/maps/contrib/105624996383337055884/reviews?hl=en-US","Review_time":"6 years ago","Review":"","Likes":""},{"Name":"","Category":"","Rating":" 4 stars ","Number_of_Reviews":"","Address":"","Reviewer":"Niels Dettenbach","Reviewer_page":"https://www.google.com/maps/contrib/118425912158937083355/reviews?hl=en-US","Review_time":"2 years ago","Review":"","Likes":""},{"Name":"","Category":"","Rating":" 4 stars ","Number_of_Reviews":"","Address":"","Reviewer":"Clarissa Arocena","Reviewer_page":"https://www.google.com/maps/contrib/111734166498482383590/reviews?hl=en-US","Review_time":"4 years ago","Review":"","Likes":""},{"Name":"","Category":"","Rating":" 5 stars ","Number_of_Reviews":"","Address":"","Reviewer":"Valle Cru","Reviewer_page":"https://www.google.com/maps/contrib/109619648439385269988/reviews?hl=en-US","Review_time":"3 years ago","Review":"","Likes":""},{"Name":"","Category":"","Rating":" 4 stars ","Number_of_Reviews":"","Address":"","Reviewer":"Lappy 5432","Reviewer_page":"https://www.google.com/maps/contrib/100959095811266782613/reviews?hl=en-US","Review_time":"3 years ago","Review":"","Likes":""},{"Name":"","Category":"","Rating":" 4 stars ","Number_of_Reviews":"","Address":"","Reviewer":"Molly Chin","Reviewer_page":"https://www.google.com/maps/contrib/102370044103318060600/reviews?hl=en-US","Review_time":"3 years ago","Review":"","Likes":""},{"Name":"","Category":"","Rating":" 3 stars ","Number_of_Reviews":"","Address":"","Reviewer":"Masum Billah","Reviewer_page":"https://www.google.com/maps/contrib/111618302776040013320/reviews?hl=en-US","Review_time":"4 weeks ago","Review":"","Likes":""},{"Name":"","Category":"","Rating":" 4 stars ","Number_of_Reviews":"","Address":"","Reviewer":"Chris Chaponot","Reviewer_page":"https://www.google.com/maps/contrib/111758854603136888549/reviews?hl=en-US","Review_time":"4 years ago","Review":"","Likes":""},{"Name":"","Category":"","Rating":" 4 stars ","Number_of_Reviews":"","Address":"","Reviewer":"Kathy Crespo","Reviewer_page":"https://www.google.com/maps/contrib/115147883501762944032/reviews?hl=en-US","Review_time":"5 years ago","Review":"","Likes":""},{"Name":"","Category":"","Rating":" 5 stars ","Number_of_Reviews":"","Address":"","Reviewer":"Nathan Gammie","Reviewer_page":"https://www.google.com/maps/contrib/108000772940174920344/reviews?hl=en-US","Review_time":"6 years ago","Review":"","Likes":""},{"Name":"","Category":"","Rating":" 5 stars ","Number_of_Reviews":"","Address":"","Reviewer":"Antoine Harrison","Reviewer_page":"https://www.google.com/maps/contrib/102491739264021336196/reviews?hl=en-US","Review_time":"7 months ago","Review":"","Likes":""},{"Name":"","Category":"","Rating":" 4 stars ","Number_of_Reviews":"","Address":"","Reviewer":"Rosina Sang","Reviewer_page":"https://www.google.com/maps/contrib/116161806125009956465/reviews?hl=en-US","Review_time":"2 years ago","Review":"","Likes":""},{"Name":"","Category":"","Rating":" 2 stars ","Number_of_Reviews":"","Address":"","Reviewer":"Monique Welters","Reviewer_page":"https://www.google.com/maps/contrib/106711230077267453340/reviews?hl=en-US","Review_time":"4 years ago","Review":"","Likes":""},{"Name":"","Category":"","Rating":" 5 stars ","Number_of_Reviews":"","Address":"","Reviewer":"Joker Hellvice","Reviewer_page":"https://www.google.com/maps/contrib/105077641379332900907/reviews?hl=en-US","Review_time":"a year ago","Review":"","Likes":""},{"Name":"","Category":"","Rating":" 5 stars ","Number_of_Reviews":"","Address":"","Reviewer":"Cameron Campbell","Reviewer_page":"https://www.google.com/maps/contrib/115032599270968531101/reviews?hl=en-US","Review_time":"4 years ago","Review":"","Likes":""},{"Name":"","Category":"","Rating":" 5 stars ","Number_of_Reviews":"","Address":"","Reviewer":"Lakahia McCloud","Reviewer_page":"https://www.google.com/maps/contrib/112539223791989190668/reviews?hl=en-US","Review_time":"a year ago","Review":"","Likes":""},{"Name":"","Category":"","Rating":" 3 stars ","Number_of_Reviews":"","Address":"","Reviewer":"Julia Prause","Reviewer_page":"https://www.google.com/maps/contrib/113065633332935212579/reviews?hl=en-US","Review_time":"4 years ago","Review":"","Likes":""},{"Name":"","Category":"","Rating":" 5 stars ","Number_of_Reviews":"","Address":"","Reviewer":"Raymond Johnson","Reviewer_page":"https://www.google.com/maps/contrib/104351175021963265320/reviews?hl=en-US","Review_time":"a year ago","Review":"","Likes":""},{"Name":"","Category":"","Rating":" 3 stars ","Number_of_Reviews":"","Address":"","Reviewer":"Tyler Watts","Reviewer_page":"https://www.google.com/maps/contrib/114938625943494153953/reviews?hl=en-US","Review_time":"3 years ago","Review":"","Likes":""},{"Name":"","Category":"","Rating":" 5 stars ","Number_of_Reviews":"","Address":"","Reviewer":"Elissa Perryyoung","Reviewer_page":"https://www.google.com/maps/contrib/100318624496176254904/reviews?hl=en-US","Review_time":"5 months ago","Review":"","Likes":""},{"Name":"","Category":"","Rating":" 1 star ","Number_of_Reviews":"","Address":"","Reviewer":"Scott Simpson","Reviewer_page":"https://www.google.com/maps/contrib/113618061645350119207/reviews?hl=en-US","Review_time":"4 years ago","Review":"","Likes":""},{"Name":"","Category":"","Rating":" 4 stars ","Number_of_Reviews":"","Address":"","Reviewer":"Pranesh Rao","Reviewer_page":"https://www.google.com/maps/contrib/112755063827870039889/reviews?hl=en-US","Review_time":"3 years ago","Review":"","Likes":""},{"Name":"","Category":"","Rating":" 5 stars ","Number_of_Reviews":"","Address":"","Reviewer":"Steven Zhang","Reviewer_page":"https://www.google.com/maps/contrib/109393506174809655424/reviews?hl=en-US","Review_time":"4 years ago","Review":"","Likes":""},{"Name":"","Category":"","Rating":" 5 stars ","Number_of_Reviews":"","Address":"","Reviewer":"Jean Jeans","Reviewer_page":"https://www.google.com/maps/contrib/115727874454809244437/reviews?hl=en-US","Review_time":"2 years ago","Review":"","Likes":""},{"Name":"","Category":"","Rating":" 5 stars ","Number_of_Reviews":"","Address":"","Reviewer":"Collin Tennant","Reviewer_page":"https://www.google.com/maps/contrib/109126828268748901380/reviews?hl=en-US","Review_time":"3 years ago","Review":"","Likes":""},{"Name":"","Category":"","Rating":" 4 stars ","Number_of_Reviews":"","Address":"","Reviewer":"RaySoMadeYT","Reviewer_page":"https://www.google.com/maps/contrib/113975251292919067372/reviews?hl=en-US","Review_time":"3 years ago","Review":"","Likes":""},{"Name":"","Category":"","Rating":" 5 stars ","Number_of_Reviews":"","Address":"","Reviewer":"Sharif Ullah","Reviewer_page":"https://www.google.com/maps/contrib/104627502063439193605/reviews?hl=en-US","Review_time":"4 years ago","Review":"","Likes":""},{"Name":"","Category":"","Rating":" 5 stars ","Number_of_Reviews":"","Address":"","Reviewer":"Patrice Ruel","Reviewer_page":"https://www.google.com/maps/contrib/106754560011919105056/reviews?hl=en-US","Review_time":"3 years ago","Review":"","Likes":""},{"Name":"","Category":"","Rating":" 5 stars ","Number_of_Reviews":"","Address":"","Reviewer":"Ali Majed","Reviewer_page":"https://www.google.com/maps/contrib/113834703506349297832/reviews?hl=en-US","Review_time":"a year ago","Review":"","Likes":""},{"Name":"","Category":"","Rating":" 4 stars ","Number_of_Reviews":"","Address":"","Reviewer":"Richard Robinson","Reviewer_page":"https://www.google.com/maps/contrib/115600301649961189471/reviews?hl=en-US","Review_time":"5 years ago","Review":"","Likes":""},{"Name":"","Category":"","Rating":" 3 stars ","Number_of_Reviews":"","Address":"","Reviewer":"Mr. A","Reviewer_page":"https://www.google.com/maps/contrib/113035620192628215770/reviews?hl=en-US","Review_time":"4 years ago","Review":"","Likes":""},{"Name":"","Category":"","Rating":" 5 stars ","Number_of_Reviews":"","Address":"","Reviewer":"Randy Delacruz","Reviewer_page":"https://www.google.com/maps/contrib/108906266614293881668/reviews?hl=en-US","Review_time":"3 years ago","Review":"","Likes":""},{"Name":"","Category":"","Rating":" 4 stars ","Number_of_Reviews":"","Address":"","Reviewer":"Erianny Lopez Ortiz","Reviewer_page":"https://www.google.com/maps/contrib/112651399122388063444/reviews?hl=en-US","Review_time":"3 years ago","Review":"","Likes":""},{"Name":"","Category":"","Rating":" 5 stars ","Number_of_Reviews":"","Address":"","Reviewer":"Johanny Vargas","Reviewer_page":"https://www.google.com/maps/contrib/108212857715521791354/reviews?hl=en-US","Review_time":"2 days ago","Review":"","Likes":""},{"Name":"","Category":"","Rating":" 5 stars ","Number_of_Reviews":"","Address":"","Reviewer":"JOE ROSADO","Reviewer_page":"https://www.google.com/maps/contrib/104779338661602265030/reviews?hl=en-US","Review_time":"5 years ago","Review":"","Likes":""},{"Name":"","Category":"","Rating":" 5 stars ","Number_of_Reviews":"","Address":"","Reviewer":"Sebastian Farias","Reviewer_page":"https://www.google.com/maps/contrib/104478987000700255444/reviews?hl=en-US","Review_time":"2 years ago","Review":"","Likes":""},{"Name":"","Category":"","Rating":" 4 stars ","Number_of_Reviews":"","Address":"","Reviewer":"Vaibhav Lodha","Reviewer_page":"https://www.google.com/maps/contrib/112830079787964388300/reviews?hl=en-US","Review_time":"4 years ago","Review":"","Likes":""},{"Name":"","Category":"","Rating":" 5 stars ","Number_of_Reviews":"","Address":"","Reviewer":"Sharon Groman","Reviewer_page":"https://www.google.com/maps/contrib/111591018315696325388/reviews?hl=en-US","Review_time":"5 years ago","Review":"","Likes":""},{"Name":"","Category":"","Rating":" 5 stars ","Number_of_Reviews":"","Address":"","Reviewer":"sandra wynter","Reviewer_page":"https://www.google.com/maps/contrib/102180889253234525130/reviews?hl=en-US","Review_time":"3 years ago","Review":"","Likes":""},{"Name":"","Category":"","Rating":" 5 stars ","Number_of_Reviews":"","Address":"","Reviewer":"Shanna Pelzer","Reviewer_page":"https://www.google.com/maps/contrib/100432432652395911007/reviews?hl=en-US","Review_time":"3 years ago","Review":"","Likes":""},{"Name":"","Category":"","Rating":" 3 stars ","Number_of_Reviews":"","Address":"","Reviewer":"Charles Boulton","Reviewer_page":"https://www.google.com/maps/contrib/111610144122414580384/reviews?hl=en-US","Review_time":"2 months ago","Review":"","Likes":""},{"Name":"","Category":"","Rating":" 4 stars ","Number_of_Reviews":"","Address":"","Reviewer":"Steven","Reviewer_page":"https://www.google.com/maps/contrib/110486947758113943184/reviews?hl=en-US","Review_time":"5 years ago","Review":"","Likes":""},{"Name":"","Category":"","Rating":" 3 stars ","Number_of_Reviews":"","Address":"","Reviewer":"Steven Manon","Reviewer_page":"https://www.google.com/maps/contrib/117641665924900100737/reviews?hl=en-US","Review_time":"6 years ago","Review":"","Likes":""},{"Name":"","Category":"","Rating":" 5 stars ","Number_of_Reviews":"","Address":"","Reviewer":"Tails Gameing","Reviewer_page":"https://www.google.com/maps/contrib/114739440895072947512/reviews?hl=en-US","Review_time":"2 years ago","Review":"","Likes":""},{"Name":"","Category":"","Rating":" 3 stars ","Number_of_Reviews":"","Address":"","Reviewer":"Jared Barreto","Reviewer_page":"https://www.google.com/maps/contrib/111293931543472953291/reviews?hl=en-US","Review_time":"4 years ago","Review":"","Likes":""},{"Name":"","Category":"","Rating":" 4 stars ","Number_of_Reviews":"","Address":"","Reviewer":"Suanne Lee","Reviewer_page":"https://www.google.com/maps/contrib/104106861700096584296/reviews?hl=en-US","Review_time":"4 years ago","Review":"","Likes":""},{"Name":"","Category":"","Rating":" 5 stars ","Number_of_Reviews":"","Address":"","Reviewer":"Andrea Nelson","Reviewer_page":"https://www.google.com/maps/contrib/113222020212242063022/reviews?hl=en-US","Review_time":"6 years ago","Review":"","Likes":""},{"Name":"","Category":"","Rating":" 5 stars ","Number_of_Reviews":"","Address":"","Reviewer":"Ashley Hammond","Reviewer_page":"https://www.google.com/maps/contrib/114038229772961351369/reviews?hl=en-US","Review_time":"2 years ago","Review":"","Likes":""},{"Name":"","Category":"","Rating":" 5 stars ","Number_of_Reviews":"","Address":"","Reviewer":"j skinn","Reviewer_page":"https://www.google.com/maps/contrib/100850278832272018636/reviews?hl=en-US","Review_time":"2 years ago","Review":"","Likes":""},{"Name":"","Category":"","Rating":" 5 stars ","Number_of_Reviews":"","Address":"","Reviewer":"Joel Knights","Reviewer_page":"https://www.google.com/maps/contrib/118421636344290774580/reviews?hl=en-US","Review_time":"3 years ago","Review":"","Likes":""},{"Name":"","Category":"","Rating":" 5 stars ","Number_of_Reviews":"","Address":"","Reviewer":"Alexa Mart","Reviewer_page":"https://www.google.com/maps/contrib/117493269589350872269/reviews?hl=en-US","Review_time":"a year ago","Review":"","Likes":""},{"Name":"","Category":"","Rating":" 5 stars ","Number_of_Reviews":"","Address":"","Reviewer":"Mohamed Al Binali","Reviewer_page":"https://www.google.com/maps/contrib/116965812842486863510/reviews?hl=en-US","Review_time":"3 years ago","Review":"","Likes":""},{"Name":"","Category":"","Rating":" 5 stars ","Number_of_Reviews":"","Address":"","Reviewer":"Christine Morel","Reviewer_page":"https://www.google.com/maps/contrib/109338767888400817126/reviews?hl=en-US","Review_time":"5 years ago","Review":"","Likes":""},{"Name":"","Category":"","Rating":" 4 stars ","Number_of_Reviews":"","Address":"","Reviewer":"Camilo Dominguez","Reviewer_page":"https://www.google.com/maps/contrib/107695854508304041625/reviews?hl=en-US","Review_time":"3 years ago","Review":"","Likes":""},{"Name":"","Category":"","Rating":" 5 stars ","Number_of_Reviews":"","Address":"","Reviewer":"Dominick Vellucci","Reviewer_page":"https://www.google.com/maps/contrib/116345219794599247988/reviews?hl=en-US","Review_time":"3 years ago","Review":"","Likes":""},{"Name":"","Category":"","Rating":" 3 stars ","Number_of_Reviews":"","Address":"","Reviewer":"Andi","Reviewer_page":"https://www.google.com/maps/contrib/106740961233342201474/reviews?hl=en-US","Review_time":"4 years ago","Review":"","Likes":""}