[{"Name":"","Category":"","Rating":" 5 stars ","Number_of_Reviews":"","Address":"","Reviewer":"Remi C","Reviewer_page":"https://www.google.com/maps/contrib/101901453844177835859/reviews?hl=en-US","Review_time":"3 months ago","Review":"The cutest Starbucks location I've been to! It has a sweet, local coffee shop vibe and the baristas always greet me with a smile. No bathroom, and only high top seating, but I love stopping at this Starbucks whenever I'm in Park Slope to grab a quick coffee or sweet treat. Right on the F/G train at 7th Ave./9th St. station so it's super convenient. My drinks always come out delicious and perfectly made! ☕🥐","Likes":"3"},{"Name":"","Category":"","Rating":" 1 star ","Number_of_Reviews":"","Address":"","Reviewer":"Junaid Saeed","Reviewer_page":"https://www.google.com/maps/contrib/109225328478297597075/reviews?hl=en-US","Review_time":"10 months ago","Review":"Whoever is packing the Uber eats order need to do a better job!!! Before sealing the package for delivery please check to see if the drinks are sealed properly please. This is like the 4th time I  usually don’t write reviews but the store needs to do a better job. My impossible breakfast sandwich is all soggy because my cold brew spilled all over the sandwich thanks @Starbucks","Likes":"3"},{"Name":"","Category":"","Rating":" 1 star ","Number_of_Reviews":"","Address":"","Reviewer":"Violet Gatti","Reviewer_page":"https://www.google.com/maps/contrib/106121033956239883150/reviews?hl=en-US","Review_time":"2 months ago","Review":"They were making mobile orders first. So there were 20 drinks waiting to be picked up with the customer not even there yet. But when you go in store, they don’t even try to make your drink until at least 25 minutes in. I was there for a good 20 minutes, but I had to leave because it was taking so long. Really disappointed.","Likes":""},{"Name":"","Category":"","Rating":" 3 stars ","Number_of_Reviews":"","Address":"","Reviewer":"James Poulos","Reviewer_page":"https://www.google.com/maps/contrib/109091495934841189746/reviews?hl=en-US","Review_time":"6 months ago","Review":"This is a very convenient and well located Starbucks when I need a drink in this area. It is ideally located at the F subway stop entrance on 7th Avenue in Park Slope .  Other than convenience, and great drinks, including Nitro, there are some shortcomings.\n\nThe facade is deceivingly enormous, and conjures up images of a cavernous cafe, that will have plenty of seating and such. Nevertheless, that is not the case. I always wonder why the door is where it is , and upon entering ,  notice that there is a teeny bar -stool corner , that can accommodate about 4 people. Service is very good, but there is NO RESTROOM, so I can’t sit a spell and do some writing or chat with a friend. NO restroom makes it a more , “ grab and go” coffee bar rather than a cafe.\n\nThere are a couple of cafe tables outside, which makes it nice to sit a bit , and take a break , if by chance there’s an opening.\n\nGenerally , great spot to grab a drink , but not the comfortable relaxing haven that Starbucks were originally set up to be.\n\nDeal breaker … though… NO RESTROOM.","Likes":"2"},{"Name":"","Category":"","Rating":" 4 stars ","Number_of_Reviews":"","Address":"","Reviewer":"Mak Williams","Reviewer_page":"https://www.google.com/maps/contrib/105052898247625425854/reviews?hl=en-US","Review_time":"a year ago","Review":"You will enjoy any beverage made at this location, they follow details & make everything delicious 😋","Likes":""},{"Name":"","Category":"","Rating":" 5 stars ","Number_of_Reviews":"","Address":"","Reviewer":"Abigail Rodriguez","Reviewer_page":"https://www.google.com/maps/contrib/113914570088192764886/reviews?hl=en-US","Review_time":"6 months ago","Review":"Hello , I come everyday for a matcha iced latte , although I stopped going , therefore when I decided to go for it I find myself with the surprise that’s there’s no matcha , kind staff , very helpful , a lady had me try one of there other coffees I really needed it for a double shift , can you guys send an email or something like that it would be helpful . I do love Starbucks because of you guys .","Likes":""},{"Name":"","Category":"","Rating":" 1 star ","Number_of_Reviews":"","Address":"","Reviewer":"Joel Onofre","Reviewer_page":"https://www.google.com/maps/contrib/104065124444725682553/reviews?hl=en-US","Review_time":"a month ago","Review":"I made an order and I was there for more than 25 minutes they never did it I had to ask for my money","Likes":""},{"Name":"","Category":"","Rating":" 5 stars ","Number_of_Reviews":"","Address":"","Reviewer":"Gabrielle Sheridan","Reviewer_page":"https://www.google.com/maps/contrib/117635656063464136394/reviews?hl=en-US","Review_time":"5 months ago","Review":"Great costumer service. Staff is friendly. Limited seating.","Likes":""},{"Name":"","Category":"","Rating":" 5 stars ","Number_of_Reviews":"","Address":"","Reviewer":"Laura Montemarano","Reviewer_page":"https://www.google.com/maps/contrib/106893946008129314061/reviews?hl=en-US","Review_time":"5 months ago","Review":"Excellent n received 2 free coffees","Likes":""},{"Name":"","Category":"","Rating":" 5 stars ","Number_of_Reviews":"","Address":"","Reviewer":"Ronald Tang","Reviewer_page":"https://www.google.com/maps/contrib/109030724692215852673/reviews?hl=en-US","Review_time":"a year ago","Review":"Conveniently above the F/G train so whenever I'm in the neighborhood I come here and I'm always satisfied with the service. Espresso comes out fast and tastes great! Will come often!","Likes":""},{"Name":"","Category":"","Rating":" 1 star ","Number_of_Reviews":"","Address":"","Reviewer":"A J M","Reviewer_page":"https://www.google.com/maps/contrib/114366519771096809503/reviews?hl=en-US","Review_time":"3 years ago","Review":"Often out of specialty items (today it was almond milk and peppermint syrup), which may not be the fault of the location itself, but the customer service is beyond lacking. No greeting or response, it seems like a genuine burden to make my drink. Today I requested a refund after my drink couldn't be made and not only did I get push back, it took 3 people - none of whom addressed me directly - and 10 minutes. Taking my business local - there are a lot of options in the area.","Likes":""},{"Name":"","Category":"","Rating":" 5 stars ","Number_of_Reviews":"","Address":"","Reviewer":"Leslie Huesca","Reviewer_page":"https://www.google.com/maps/contrib/102078700641467505054/reviews?hl=en-US","Review_time":"a year ago","Review":"I love this Starbucks but I wish it had a restroom my 2 year old daughter needed to pee and the worker told me that there's no public restroom it's 2021 Starbuck owner I think it's time to build a restroom in there ok.","Likes":"1"},{"Name":"","Category":"","Rating":" 4 stars ","Number_of_Reviews":"","Address":"","Reviewer":"Aerin Franklin","Reviewer_page":"https://www.google.com/maps/contrib/113450677696702067755/reviews?hl=en-US","Review_time":"4 years ago","Review":"This place is pretty small, not the best Starbucks around. No public bathroom. Ok service. The food is pretty good; it's a Starbucks so judge accordingly. (This is seasonal only, but you have to try the pumpkin bread- moist and delicious.) Enjoy.","Likes":"1"},{"Name":"","Category":"","Rating":" 5 stars ","Number_of_Reviews":"","Address":"","Reviewer":"Veronica Ellis","Reviewer_page":"https://www.google.com/maps/contrib/106233197593955508868/reviews?hl=en-US","Review_time":"3 years ago","Review":"This Barnes and Noble bookstore/Starbucks Cafe is my go-to spot while at work. I love browsing the aisles of books and cards, checking out the latest magazines or seeing toddlers in story time groups. The staff is always helpful when I can’t find something and will gladly order it for me. My colleagues love the coffee and no less than two coffee runs are made EVERY day. The cafe makes the most amazing timberline soup with little packs of soda crackers. It’s my favorite lol. The desserts offer a great afternoon pick-me-up when you need a sugar boost.","Likes":"1"},{"Name":"","Category":"","Rating":" 1 star ","Number_of_Reviews":"","Address":"","Reviewer":"Dillon Jackman","Reviewer_page":"https://www.google.com/maps/contrib/114372708721131874906/reviews?hl=en-US","Review_time":"4 years ago","Review":"Staff are super friendly and polite when you place you order. It stops there.\nStaff making drinks do not follow instructions on the cup. Which surprises me since they print out the stickers with any special instructions on it rather than scribbling it on the cup. When drink is made wrong staff are rude and delay correcting that mistake by at least a few minutes. This includes when they use the wrong kind of milk. They are unhelpful and ungrateful. And a few times I’ve watched them stop making a locally ordered drink and leave it for three minutes half done while they make the new mobile orders that just came in. No sense of proper queue for drink order.","Likes":"2"},{"Name":"","Category":"","Rating":" 2 stars ","Number_of_Reviews":"","Address":"","Reviewer":"Stephanie Sutherland","Reviewer_page":"https://www.google.com/maps/contrib/110964698893584799915/reviews?hl=en-US","Review_time":"5 years ago","Review":"The slowest Starbucks I've ever been to.  Three different times I've had to walk out because they were taking so long, even with only 2 or 3 people ahead of me. Nice staff but incredibly slow; completely unreliable when you're in a hurry.","Likes":"1"},{"Name":"","Category":"","Rating":" 1 star ","Number_of_Reviews":"","Address":"","Reviewer":"Al Bloom","Reviewer_page":"https://www.google.com/maps/contrib/116098036337383276858/reviews?hl=en-US","Review_time":"10 months ago","Review":"Employee with a bad attitude shouldn't be working here for instance will check your vaccination card if your not nice to her and others come in and don't check theirs.","Likes":""},{"Name":"","Category":"","Rating":" 5 stars ","Number_of_Reviews":"","Address":"","Reviewer":"topel laster","Reviewer_page":"https://www.google.com/maps/contrib/113055956986189930348/reviews?hl=en-US","Review_time":"a year ago","Review":"At the heart of park slope at a major city bus hub in the Subway station so playstation so afternoons and the Robin one is will always be busy however the service varies someday it's fast someday it can be patient","Likes":""},{"Name":"","Category":"","Rating":" 1 star ","Number_of_Reviews":"","Address":"","Reviewer":"N. Y.","Reviewer_page":"https://www.google.com/maps/contrib/117121629203781386664/reviews?hl=en-US","Review_time":"3 years ago","Review":"Horrible. I ordered a matcha chai tea,they did charge me and kept me waiting for 20 min. When I wondered if it were in the works they weren't able to locate the order ticket. Not were they aware of this item on the menu. Instead they gave me a green tea.\nGuys, do NOT lcharge before you specify a desired item from a customer.\nThanks.","Likes":"1"},{"Name":"","Category":"","Rating":" 2 stars ","Number_of_Reviews":"","Address":"","Reviewer":"Luis Pereira","Reviewer_page":"https://www.google.com/maps/contrib/115939166916200719305/reviews?hl=en-US","Review_time":"5 years ago","Review":"Not Restroom. Not tables inside, only a Long bar.","Likes":"1"},{"Name":"","Category":"","Rating":" 3 stars ","Number_of_Reviews":"","Address":"","Reviewer":"Corey Powell","Reviewer_page":"https://www.google.com/maps/contrib/110337041053859181296/reviews?hl=en-US","Review_time":"3 years ago","Review":"It's a Starbucks with no bathroom and no low tables. They never have blonde roast and they often forget to put out or refill the milk. WiFi has been broken for weeks. One plus: a small outdoor seating area, though it's right by the traffic.","Likes":""},{"Name":"","Category":"","Rating":" 5 stars ","Number_of_Reviews":"","Address":"","Reviewer":"Kowa Watson","Reviewer_page":"https://www.google.com/maps/contrib/100448908560690353819/reviews?hl=en-US","Review_time":"a year ago","Review":"Im hear almost everyday  most of the service is ok trish on the other hand always gives attitude and is rude to costumers Trish gets orders wrong  and takes her slow time getting orders out joel on the other hand always sweet goes above and beyond  with his costumer service and if ur a regular makes sure he starts  your drink when u walk threw the door joel should be management because  without  him there the service  is completely  trash","Likes":""},{"Name":"","Category":"","Rating":" 3 stars ","Number_of_Reviews":"","Address":"","Reviewer":"Latoya Small","Reviewer_page":"https://www.google.com/maps/contrib/112762024785132533205/reviews?hl=en-US","Review_time":"3 years ago","Review":"Basic costumer service from a jaded millennial\nThe particular drink i wanted was not available.\nThe young man was such a jerk about helping me order a substitute drink. No smiles. No \"have a nice day\" is the first time i ever left a Starbucks feeling that way.","Likes":""},{"Name":"","Category":"","Rating":" 4 stars ","Number_of_Reviews":"","Address":"","Reviewer":"Mark Prutsalis","Reviewer_page":"https://www.google.com/maps/contrib/102741446089545666184/reviews?hl=en-US","Review_time":"5 years ago","Review":"Don't know why they had to give up half the square footage of this huge corner storefront to back room storage and kitchen.  It makes the place much smaller than it could have been.  More seating would have been valued.  The products remain, as always, Starbuckian.  You can't go wrong when you need a coffee fix.","Likes":"2"},{"Name":"","Category":"","Rating":" 5 stars ","Number_of_Reviews":"","Address":"","Reviewer":"Naomi Gladstien","Reviewer_page":"https://www.google.com/maps/contrib/104216050416249042001/reviews?hl=en-US","Review_time":"4 years ago","Review":"Leslie and Jayden are amazing baristas! They always make us laugh and brighten up our days while making our drinks fast and delicious! Plus they make every customer feel like their favorite customer :)\nPark slope has grown fond of them!!!","Likes":""},{"Name":"","Category":"","Rating":" 4 stars ","Number_of_Reviews":"","Address":"","Reviewer":"Alex Weinberger (Alexcchip)","Reviewer_page":"https://www.google.com/maps/contrib/104347606385910982402/reviews?hl=en-US","Review_time":"4 years ago","Review":"Great place for relaxing working. Baristas after very nice here. The only down side about this place is the music. If you are trying to work in a quiet place them this is not the place. But if your done get distracted when working this would be a five star for you. 👍","Likes":""},{"Name":"","Category":"","Rating":" 3 stars ","Number_of_Reviews":"","Address":"","Reviewer":"Cody Snider","Reviewer_page":"https://www.google.com/maps/contrib/106652820835275342059/reviews?hl=en-US","Review_time":"3 years ago","Review":"The staff is fast and friendly. Not the best coffee in the area, but far from bad. If you need a coffee for the train, go for it here.\n\nThe music at this place is consistently terrible and loud, last thing I want to hear when I'm trying to kick back with a coffee and get work done is some club rap or, I kid you not, mariachi.\n\nI usually end up going for Colson a block down (9th St and 6th Ave). Better coffee, faster internet and background music that doesn't suck. Not to mention KILLER pastries.","Likes":""},{"Name":"","Category":"","Rating":" 1 star ","Number_of_Reviews":"","Address":"","Reviewer":"Osiris Duarte","Reviewer_page":"https://www.google.com/maps/contrib/106461150536763848408/reviews?hl=en-US","Review_time":"4 years ago","Review":"I had an issue with my order. I love your Chicken Quinoa Protein bowl.\nI placed my order online to be picked up,when I arrived to pick it up,nobody seem  to know anything about it. It had happened twice already,but the last time the excuse they gave me was unacceptable. Two employees told me that because they weren't there at the time I placed my order they had no idea about my order. I told them that even thou I placed it online and nobody was there somebody should be aware of it.  I can say that they were very friendly. I wa s offered a replacement or a refund. I got a little upset and decided to get the refund. I wil try again that particuar store. Thank you for taking your time to  reading this comment.","Likes":""},{"Name":"","Category":"","Rating":" 2 stars ","Number_of_Reviews":"","Address":"","Reviewer":"Beau23 Luv","Reviewer_page":"https://www.google.com/maps/contrib/115055839798089970945/reviews?hl=en-US","Review_time":"a year ago","Review":"I rate this place 5 by mistake. I thought I was rating for the one on Atlantic Mall. I haven't been there in a while maybe it change. But, Atlantic mall Starbucks in Target as well as downstairs behind bath and body works are the best.","Likes":""},{"Name":"","Category":"","Rating":" 5 stars ","Number_of_Reviews":"","Address":"","Reviewer":"Jeffrey Rozman","Reviewer_page":"https://www.google.com/maps/contrib/116890497769207595290/reviews?hl=en-US","Review_time":"a year ago","Review":"Best Starbucks in park slope. Friendly. Always gets my order right. Best customer service from a Starbucks ive had in years. Very loyal to this location","Likes":""},{"Name":"","Category":"","Rating":" 2 stars ","Number_of_Reviews":"","Address":"","Reviewer":"Miguel Tufino","Reviewer_page":"https://www.google.com/maps/contrib/116464005350467817967/reviews?hl=en-US","Review_time":"2 years ago","Review":"Lazy employees! They serve you in a reasonable manner when an manager is on site otherwise the don't treat you well. Am not asking for free coffee!! AM PAYING FOR IT.","Likes":"2"},{"Name":"","Category":"","Rating":" 5 stars ","Number_of_Reviews":"","Address":"","Reviewer":"Susan Elliott","Reviewer_page":"https://www.google.com/maps/contrib/115392717919471189522/reviews?hl=en-US","Review_time":"a year ago","Review":"Great staff. Pleasant place. Excellent coffee. They always get it right.","Likes":""},{"Name":"","Category":"","Rating":" 5 stars ","Number_of_Reviews":"","Address":"","Reviewer":"Diana Pereira","Reviewer_page":"https://www.google.com/maps/contrib/101748419982578223550/reviews?hl=en-US","Review_time":"2 years ago","Review":"The staff here is so friendly. They go above and beyond to make sure you get exactly what you want and to make you feel like a valued customer.","Likes":""},{"Name":"","Category":"","Rating":" 5 stars ","Number_of_Reviews":"","Address":"","Reviewer":"Sara M","Reviewer_page":"https://www.google.com/maps/contrib/106818682088795021837/reviews?hl=en-US","Review_time":"a year ago","Review":"really nice staff! always the sweetest and my order comes super fast!","Likes":""},{"Name":"","Category":"","Rating":" 4 stars ","Number_of_Reviews":"","Address":"","Reviewer":"Honey Tea","Reviewer_page":"https://www.google.com/maps/contrib/115279411295392542020/reviews?hl=en-US","Review_time":"2 years ago","Review":"Starbucks is a good coffee shop with delicious drinks and desserts! But the problem if that some things are a bit over priced! Atleast in my opinion.","Likes":"1"},{"Name":"","Category":"","Rating":" 1 star ","Number_of_Reviews":"","Address":"","Reviewer":"Tiwana Lewis (VIPSexylimodrver)","Reviewer_page":"https://www.google.com/maps/contrib/116262116981400100769/reviews?hl=en-US","Review_time":"a year ago","Review":"I probably won't return, Only 1 employee was expediting the Drinks! My ice wasn't crushed enough, very disappointing!","Likes":""},{"Name":"","Category":"","Rating":" 4 stars ","Number_of_Reviews":"","Address":"","Reviewer":"Robert Rodriguez","Reviewer_page":"https://www.google.com/maps/contrib/105512804843086213936/reviews?hl=en-US","Review_time":"2 weeks ago","Review":"Very kind staff.","Likes":""},{"Name":"","Category":"","Rating":" 1 star ","Number_of_Reviews":"","Address":"","Reviewer":"Xochihuah Xolotl","Reviewer_page":"https://www.google.com/maps/contrib/114357109380866115818/reviews?hl=en-US","Review_time":"5 years ago","Review":"gave me dairy when I asked for soy the first time I came. asked for regular hot coco and gave me peppermint. I hate writing reviews but they messed up the only two times I've been there.","Likes":""},{"Name":"","Category":"","Rating":" 5 stars ","Number_of_Reviews":"","Address":"","Reviewer":"CRAWFFORD JAMESON","Reviewer_page":"https://www.google.com/maps/contrib/110742969300703799211/reviews?hl=en-US","Review_time":"3 years ago","Review":"Wish I would have asked the young man's name who made my Smores Frappuchino. It was Delicious 😋!! They didn't havr Cupcake Flavor but he made the Smores Frappuchino Scrumptious😄","Likes":"1"},{"Name":"","Category":"","Rating":" 5 stars ","Number_of_Reviews":"","Address":"","Reviewer":"Tony Jones","Reviewer_page":"https://www.google.com/maps/contrib/111510726678735241390/reviews?hl=en-US","Review_time":"2 years ago","Review":"Strabucks was business as usual great customer service great coffee and pastries but coming here everyday can be quite expensive so now its more if an treat than a everyday staple","Likes":""},{"Name":"","Category":"","Rating":" 1 star ","Number_of_Reviews":"","Address":"","Reviewer":"Y W","Reviewer_page":"https://www.google.com/maps/contrib/103360129106609624103/reviews?hl=en-US","Review_time":"3 years ago","Review":"unfortunately I had to pay for my coffee with coins - that’s all I had on me.  smug entitled barista did a passive aggressive coffee spill on me and then gave me a wet paper towel to dry myself off.  brat","Likes":"1"},{"Name":"","Category":"","Rating":" 4 stars ","Number_of_Reviews":"","Address":"","Reviewer":"Julien Gaudemer","Reviewer_page":"https://www.google.com/maps/contrib/107535871327467688726/reviews?hl=en-US","Review_time":"5 years ago","Review":"A very nice place, the cashier was nice and did not \"stressed\" us like in other Starbucks (like fast foods). Some of the recipes were not available when we went on unfortunatly.","Likes":""},{"Name":"","Category":"","Rating":" 5 stars ","Number_of_Reviews":"","Address":"","Reviewer":"Joseph Monroe","Reviewer_page":"https://www.google.com/maps/contrib/108533474449528385355/reviews?hl=en-US","Review_time":"6 years ago","Review":"Excellent service. I have ordered the wrong drink on two occasions and they rreplaced my drnk with no problems.The manager is very helpful.No waiting!!Love the new Starbucks!","Likes":""},{"Name":"","Category":"","Rating":" 3 stars ","Number_of_Reviews":"","Address":"","Reviewer":"maxine littell","Reviewer_page":"https://www.google.com/maps/contrib/103065086096781297463/reviews?hl=en-US","Review_time":"a year ago","Review":"Good food, like every other Starbucks, but their always out of strawberries","Likes":""},{"Name":"","Category":"","Rating":" 5 stars ","Number_of_Reviews":"","Address":"","Reviewer":"Ashley Galan","Reviewer_page":"https://www.google.com/maps/contrib/110681521435737386042/reviews?hl=en-US","Review_time":"3 years ago","Review":"Friendly, professional, and fast service. Staff are very attentive when it comes to keeping things clean. In and out in less than 10 minutes...","Likes":""},{"Name":"","Category":"","Rating":" 4 stars ","Number_of_Reviews":"","Address":"","Reviewer":"Ray rich","Reviewer_page":"https://www.google.com/maps/contrib/112568355675097919265/reviews?hl=en-US","Review_time":"8 months ago","Review":"The cashier  was pleasant  and my order was perfect!!!","Likes":"1"},{"Name":"","Category":"","Rating":" 5 stars ","Number_of_Reviews":"","Address":"","Reviewer":"Jennifer Hirano","Reviewer_page":"https://www.google.com/maps/contrib/104244000575998550235/reviews?hl=en-US","Review_time":"5 years ago","Review":"Not nearly as crowded compared to other Starbucks in the neighborhood (also a lot less seating) so you can usually get in and out pretty quickly.","Likes":"1"},{"Name":"","Category":"","Rating":" 1 star ","Number_of_Reviews":"","Address":"","Reviewer":"Tauhid Bulbul","Reviewer_page":"https://www.google.com/maps/contrib/112690850355335230296/reviews?hl=en-US","Review_time":"3 years ago","Review":"Worst Starbucks service in park slope. I asked for half and half twice and barista gave a bad attitude and asked me leave the store if don’t have patient to wait. shaking my head!","Likes":"3"},{"Name":"","Category":"","Rating":" 2 stars ","Number_of_Reviews":"","Address":"","Reviewer":"Kevin White","Reviewer_page":"https://www.google.com/maps/contrib/106020101450012174652/reviews?hl=en-US","Review_time":"2 years ago","Review":"One of the worse Starbucks I've been too. Employees don't really care what going on. No one really there yet no one could be bothered that there was no milk at the counter for coffee. Just a really long wait for no reason.","Likes":""},{"Name":"","Category":"","Rating":" 1 star ","Number_of_Reviews":"","Address":"","Reviewer":"Jason Wise","Reviewer_page":"https://www.google.com/maps/contrib/108374502274327342143/reviews?hl=en-US","Review_time":"4 years ago","Review":"As usual poor service and terrible coffee, especially that which they call \"almond milk.\" Coworker enjoyed one of those diabetic coma drinks...","Likes":""},{"Name":"","Category":"","Rating":" 4 stars ","Number_of_Reviews":"","Address":"","Reviewer":"Luis Gonzalez, Jr.","Reviewer_page":"https://www.google.com/maps/contrib/110245616198413557932/reviews?hl=en-US","Review_time":"3 years ago","Review":"Typical Starbucks situated in trendy Park Slope on 7th Av. and 9th Street. Offering all types of mouthwatering delights and drinks to stimulate your tastebuds. From 2Pm-4Pm you will find it slighly crowded catering to the local school crowd.","Likes":""},{"Name":"","Category":"","Rating":" 5 stars ","Number_of_Reviews":"","Address":"","Reviewer":"Carmen Polese","Reviewer_page":"https://www.google.com/maps/contrib/112883237307332981503/reviews?hl=en-US","Review_time":"2 years ago","Review":"The young guy that made the coffee was very nice and had great customer service and the coffee was great.","Likes":""},{"Name":"","Category":"","Rating":" 5 stars ","Number_of_Reviews":"","Address":"","Reviewer":"Carolina Alonso","Reviewer_page":"https://www.google.com/maps/contrib/107337732860423302848/reviews?hl=en-US","Review_time":"a year ago","Review":"I like an extra dry cappuccino and these guys nailed it.  Thanks Starbucks barristas!","Likes":""},{"Name":"","Category":"","Rating":" 5 stars ","Number_of_Reviews":"","Address":"","Reviewer":"IFTEKHARUL ALAM RUMMAN","Reviewer_page":"https://www.google.com/maps/contrib/114859956382316493553/reviews?hl=en-US","Review_time":"9 months ago","Review":"excellwnt service as always the starbucks does!!! 😍","Likes":""},{"Name":"","Category":"","Rating":" 3 stars ","Number_of_Reviews":"","Address":"","Reviewer":"Jeff Yablon","Reviewer_page":"https://www.google.com/maps/contrib/107656876763618847422/reviews?hl=en-US","Review_time":"6 years ago","Review":"Least \"come in and sit friendly\" Starbucks with enough room to support that I've ever seen.","Likes":""},{"Name":"","Category":"","Rating":" 1 star ","Number_of_Reviews":"","Address":"","Reviewer":"jose miranda","Reviewer_page":"https://www.google.com/maps/contrib/108973374665974933346/reviews?hl=en-US","Review_time":"2 years ago","Review":"Most overrated coffee house in America. You can get better tasting coffee at a quarter of the price at 7/11","Likes":"1"},{"Name":"","Category":"","Rating":" 5 stars ","Number_of_Reviews":"","Address":"","Reviewer":"Jade Bonica","Reviewer_page":"https://www.google.com/maps/contrib/112428867126340661855/reviews?hl=en-US","Review_time":"5 years ago","Review":"Small Starbucks but really cozy and friendly, accommodating staff. They always get the order right and are willing to make anything you suggest.","Likes":"1"},{"Name":"","Category":"","Rating":" 1 star ","Number_of_Reviews":"","Address":"","Reviewer":"james scarpa","Reviewer_page":"https://www.google.com/maps/contrib/114111328709314360218/reviews?hl=en-US","Review_time":"4 years ago","Review":"I have went here and there is terrible customer service and also I ordered a mocha frappe and also a double chocolate chip frappe for my friend and I was charged for both but they only gave me the mocha frappe and they then said they will not refund it and they did not give me the drink","Likes":""},{"Name":"","Category":"","Rating":" 4 stars ","Number_of_Reviews":"","Address":"","Reviewer":"Jeanmarie Boben","Reviewer_page":"https://www.google.com/maps/contrib/111531477936889556820/reviews?hl=en-US","Review_time":"3 years ago","Review":"Consistently good cup of coffee anywhere in the world. I admire the ability to be consistent continuously — across the world.","Likes":"2"},{"Name":"","Category":"","Rating":" 1 star ","Number_of_Reviews":"","Address":"","Reviewer":"Huy Dang","Reviewer_page":"https://www.google.com/maps/contrib/115469476129643683185/reviews?hl=en-US","Review_time":"a year ago","Review":"The guy hands me a dirty cup with whipped creamed around it after it was all over his hand. Yikes.","Likes":""},{"Name":"","Category":"","Rating":" 5 stars ","Number_of_Reviews":"","Address":"","Reviewer":"George Washington","Reviewer_page":"https://www.google.com/maps/contrib/112489690849301011435/reviews?hl=en-US","Review_time":"11 months ago","Review":"Prefect location and super friendly greetings every time!*****","Likes":""},{"Name":"","Category":"","Rating":" 5 stars ","Number_of_Reviews":"","Address":"","Reviewer":"Drew Beresford","Reviewer_page":"https://www.google.com/maps/contrib/101947914038969375200/reviews?hl=en-US","Review_time":"5 years ago","Review":"It's Starbucks, uniformity is their business model, and this location is not an exception, although seating is very limited.","Likes":"1"},{"Name":"","Category":"","Rating":" 1 star ","Number_of_Reviews":"","Address":"","Reviewer":"Renata Berkova","Reviewer_page":"https://www.google.com/maps/contrib/115082526015489392798/reviews?hl=en-US","Review_time":"a year ago","Review":"I ordered a Latte and found out it only was a regular coffee when I got to work.","Likes":""},{"Name":"","Category":"","Rating":" 4 stars ","Number_of_Reviews":"","Address":"","Reviewer":"AJ I","Reviewer_page":"https://www.google.com/maps/contrib/116604458115134614395/reviews?hl=en-US","Review_time":"4 years ago","Review":"Really great staff. It’s a Starbucks so coffee-wise it’s exactly what you would think.","Likes":""},{"Name":"","Category":"","Rating":" 4 stars ","Number_of_Reviews":"","Address":"","Reviewer":"Jamare Miranda","Reviewer_page":"https://www.google.com/maps/contrib/100944921492151509168/reviews?hl=en-US","Review_time":"2 years ago","Review":"Always good coffee and friendly staff.  Music good selection but loud.","Likes":""},{"Name":"","Category":"","Rating":" 4 stars ","Number_of_Reviews":"","Address":"","Reviewer":"Abilene Castillo","Reviewer_page":"https://www.google.com/maps/contrib/103029187006114688690/reviews?hl=en-US","Review_time":"4 years ago","Review":"Nice selection of products but don't order during lunch time. You might be waiting a while.","Likes":""},{"Name":"","Category":"","Rating":" 5 stars ","Number_of_Reviews":"","Address":"","Reviewer":"Simon Li","Reviewer_page":"https://www.google.com/maps/contrib/104987264362118994304/reviews?hl=en-US","Review_time":"a year ago","Review":"quick transaction. got what i needed. good service","Likes":""},{"Name":"","Category":"","Rating":" 5 stars ","Number_of_Reviews":"","Address":"","Reviewer":"Amelia Mercado","Reviewer_page":"https://www.google.com/maps/contrib/109688635232361647142/reviews?hl=en-US","Review_time":"5 years ago","Review":"They make very good expresso shot and the service is great the people are very polite my favorite person is diana","Likes":""},{"Name":"","Category":"","Rating":" 4 stars ","Number_of_Reviews":"","Address":"","Reviewer":"David W","Reviewer_page":"https://www.google.com/maps/contrib/117490607693266482575/reviews?hl=en-US","Review_time":"5 years ago","Review":"Fast accurate and friendly service at this Starbucks.  Not much seating and no bathroom is the downside.","Likes":"1"},{"Name":"","Category":"","Rating":" 4 stars ","Number_of_Reviews":"","Address":"","Reviewer":"Barbara de Campos","Reviewer_page":"https://www.google.com/maps/contrib/113492930750678137828/reviews?hl=en-US","Review_time":"5 years ago","Review":"This place does not have a bathroom. There is limited seating. But, the service is great.","Likes":"2"},{"Name":"","Category":"","Rating":" 4 stars ","Number_of_Reviews":"","Address":"","Reviewer":"Drea Kreth","Reviewer_page":"https://www.google.com/maps/contrib/114153916010035099727/reviews?hl=en-US","Review_time":"5 years ago","Review":"Very friendly baristas!  Excellent coffee  (sometimes it's not even though it's a chain)","Likes":""},{"Name":"","Category":"","Rating":" 1 star ","Number_of_Reviews":"","Address":"","Reviewer":"Libby Rosa","Reviewer_page":"https://www.google.com/maps/contrib/115943521865650142295/reviews?hl=en-US","Review_time":"5 years ago","Review":"They don't allow customers to use the restroom at this location. Even in an emergency - definitely a crime to not allow this for paying customers.","Likes":"1"},{"Name":"","Category":"","Rating":" 5 stars ","Number_of_Reviews":"","Address":"","Reviewer":"Sara Fox","Reviewer_page":"https://www.google.com/maps/contrib/108889029953118765407/reviews?hl=en-US","Review_time":"2 years ago","Review":"Super friendly staff and always get my order right.","Likes":""},{"Name":"","Category":"","Rating":" 4 stars ","Number_of_Reviews":"","Address":"","Reviewer":"Ryan Lin","Reviewer_page":"https://www.google.com/maps/contrib/102797935987252154976/reviews?hl=en-US","Review_time":"2 years ago","Review":"very convenient but is a bit dirty sometimes. think they have renovtions recently !","Likes":""},{"Name":"","Category":"","Rating":" 5 stars ","Number_of_Reviews":"","Address":"","Reviewer":"Lidia Carmona","Reviewer_page":"https://www.google.com/maps/contrib/107975899614027339654/reviews?hl=en-US","Review_time":"3 years ago","Review":"They have good drinks and the customer service is great","Likes":""},{"Name":"","Category":"","Rating":" 5 stars ","Number_of_Reviews":"","Address":"","Reviewer":"Gwendolyn Eccleston","Reviewer_page":"https://www.google.com/maps/contrib/103104187255771174937/reviews?hl=en-US","Review_time":"4 years ago","Review":"All I need to say is that the people there are Amazing so welcoming and have great manners.","Likes":""},{"Name":"","Category":"","Rating":" 5 stars ","Number_of_Reviews":"","Address":"","Reviewer":"P Sh","Reviewer_page":"https://www.google.com/maps/contrib/115572217238394824933/reviews?hl=en-US","Review_time":"4 years ago","Review":"Cool starbucks,nice and quiet.\nProfessionsl and nice staff.\nCoffee super tasty.","Likes":""},{"Name":"","Category":"","Rating":" 1 star ","Number_of_Reviews":"","Address":"","Reviewer":"Andy Semedic","Reviewer_page":"https://www.google.com/maps/contrib/114854327009675986222/reviews?hl=en-US","Review_time":"4 years ago","Review":"Very rude service from the skinny young smart mouthed African American dude. I'm the customer not your co-worker.","Likes":"1"},{"Name":"","Category":"","Rating":" 4 stars ","Number_of_Reviews":"","Address":"","Reviewer":"Erik Von Ploennies","Reviewer_page":"https://www.google.com/maps/contrib/101831456360575770914/reviews?hl=en-US","Review_time":"4 years ago","Review":"Convenient corner location for Park Slope at F-train 7th Ave.  A little small and not much seating","Likes":"2"},{"Name":"","Category":"","Rating":" 3 stars ","Number_of_Reviews":"","Address":"","Reviewer":"Marc Smithsonian","Reviewer_page":"https://www.google.com/maps/contrib/105949275287707083129/reviews?hl=en-US","Review_time":"4 years ago","Review":"STARBUCKS is that very special place for regular stuff to drink, New world time for some innovation.","Likes":""},{"Name":"","Category":"","Rating":" 2 stars ","Number_of_Reviews":"","Address":"","Reviewer":"Soze Guy Traore","Reviewer_page":"https://www.google.com/maps/contrib/116494032028774074350/reviews?hl=en-US","Review_time":"4 years ago","Review":"No restrooms, can't believe it! I bought my coffee and want to use the restroom but no way...","Likes":"1"},{"Name":"","Category":"","Rating":" 1 star ","Number_of_Reviews":"","Address":"","Reviewer":"Adrian","Reviewer_page":"https://www.google.com/maps/contrib/115970727759666804665/reviews?hl=en-US","Review_time":"3 years ago","Review":"Worst Starbucks. Refuse to reload Starbucks card because it freezes computer. Have a issue with larger orders.","Likes":""},{"Name":"","Category":"","Rating":" 5 stars ","Number_of_Reviews":"","Address":"","Reviewer":"Nazrul Islam","Reviewer_page":"https://www.google.com/maps/contrib/103536104965052273326/reviews?hl=en-US","Review_time":"7 months ago","Review":"Hot coffee is good","Likes":""},{"Name":"","Category":"","Rating":" 4 stars ","Number_of_Reviews":"","Address":"","Reviewer":"Chris M","Reviewer_page":"https://www.google.com/maps/contrib/107102473536824138811/reviews?hl=en-US","Review_time":"4 years ago","Review":"Only thing that keeps them from 5 stars is there's no bothroom, and i guess no place for one either.","Likes":"2"},{"Name":"","Category":"","Rating":" 3 stars ","Number_of_Reviews":"","Address":"","Reviewer":"Douglas Ennis","Reviewer_page":"https://www.google.com/maps/contrib/111051311411004707699/reviews?hl=en-US","Review_time":"3 years ago","Review":"Staff is disinterested and unfriendly no public restroom... How can you have a cafe without a restroom!!","Likes":"2"},{"Name":"","Category":"","Rating":" 4 stars ","Number_of_Reviews":"","Address":"","Reviewer":"Leeta Gato","Reviewer_page":"https://www.google.com/maps/contrib/115748203638620031897/reviews?hl=en-US","Review_time":"5 years ago","Review":"Friendly staff. I like what they have done to the interior. Fast service.","Likes":""},{"Name":"","Category":"","Rating":" 5 stars ","Number_of_Reviews":"","Address":"","Reviewer":"Dr. Merita Jackson Hinds","Reviewer_page":"https://www.google.com/maps/contrib/113778895289991677668/reviews?hl=en-US","Review_time":"a year ago","Review":"Wonderful I was able to practice MASK TALK!","Likes":""},{"Name":"","Category":"","Rating":" 5 stars ","Number_of_Reviews":"","Address":"","Reviewer":"Kritika Sethi","Reviewer_page":"https://www.google.com/maps/contrib/108799947844604992385/reviews?hl=en-US","Review_time":"a year ago","Review":"Very pretty location, great staff","Likes":""},{"Name":"","Category":"","Rating":" 5 stars ","Number_of_Reviews":"","Address":"","Reviewer":"Suzanne Marquard","Reviewer_page":"https://www.google.com/maps/contrib/109924036478718246138/reviews?hl=en-US","Review_time":"3 years ago","Review":"Good service although no bathroom here.","Likes":"1"},{"Name":"","Category":"","Rating":" 4 stars ","Number_of_Reviews":"","Address":"","Reviewer":"Aron Ringel","Reviewer_page":"https://www.google.com/maps/contrib/112454437191524063846/reviews?hl=en-US","Review_time":"5 years ago","Review":"Very unique Starbucks location and quick service","Likes":""},{"Name":"","Category":"","Rating":" 5 stars ","Number_of_Reviews":"","Address":"","Reviewer":"Rabiul Hossain","Reviewer_page":"https://www.google.com/maps/contrib/115112236247970182460/reviews?hl=en-US","Review_time":"5 years ago","Review":"Clean n quick, doesn't have lots sitting option","Likes":"1"},{"Name":"","Category":"","Rating":" 5 stars ","Number_of_Reviews":"","Address":"","Reviewer":"Kebiinu Q","Reviewer_page":"https://www.google.com/maps/contrib/106512700324919280819/reviews?hl=en-US","Review_time":"5 years ago","Review":"Staff is dope, it's always clean, just be wary of coming in during the afternoon! The sea of kids...","Likes":""},{"Name":"","Category":"","Rating":" 4 stars ","Number_of_Reviews":"","Address":"","Reviewer":"Hudi Kowalsky","Reviewer_page":"https://www.google.com/maps/contrib/111485542878753707585/reviews?hl=en-US","Review_time":"5 years ago","Review":"Fairly new Starbucks location friendly staff. Pretty cramped","Likes":""},{"Name":"","Category":"","Rating":" 5 stars ","Number_of_Reviews":"","Address":"","Reviewer":"Samantha Rose","Reviewer_page":"https://www.google.com/maps/contrib/104377775492399828257/reviews?hl=en-US","Review_time":"3 years ago","Review":"The drinks are so good and I love it","Likes":""},{"Name":"","Category":"","Rating":" 5 stars ","Number_of_Reviews":"","Address":"","Reviewer":"Jonathan Romankiewicz","Reviewer_page":"https://www.google.com/maps/contrib/107202413246047043630/reviews?hl=en-US","Review_time":"3 years ago","Review":"love those fruity drinks with real pieces of fruit","Likes":""},{"Name":"","Category":"","Rating":" 5 stars ","Number_of_Reviews":"","Address":"","Reviewer":"netsfan 718","Reviewer_page":"https://www.google.com/maps/contrib/113508333008591370172/reviews?hl=en-US","Review_time":"4 years ago","Review":"We need one on every corner I love Starbucks","Likes":""},{"Name":"","Category":"","Rating":" 5 stars ","Number_of_Reviews":"","Address":"","Reviewer":"PJ Tricky","Reviewer_page":"https://www.google.com/maps/contrib/103043251546072265698/reviews?hl=en-US","Review_time":"4 years ago","Review":"Normal Starbucks. Service was good and very fast.","Likes":""},{"Name":"","Category":"","Rating":" 5 stars ","Number_of_Reviews":"","Address":"","Reviewer":"Ayman Makhalfa","Reviewer_page":"https://www.google.com/maps/contrib/107225714866952564492/reviews?hl=en-US","Review_time":"a year ago","Review":"Best coffee you ever want","Likes":""},{"Name":"","Category":"","Rating":" 5 stars ","Number_of_Reviews":"","Address":"","Reviewer":"Norah B13","Reviewer_page":"https://www.google.com/maps/contrib/112272991202096004351/reviews?hl=en-US","Review_time":"5 years ago","Review":"I love the coffee and tea here 😍","Likes":"1"},{"Name":"","Category":"","Rating":" 5 stars ","Number_of_Reviews":"","Address":"","Reviewer":"Lana Svetlana","Reviewer_page":"https://www.google.com/maps/contrib/114290432001662823924/reviews?hl=en-US","Review_time":"3 years ago","Review":"Great location with nitro and outdoor seating","Likes":""},{"Name":"","Category":"","Rating":" 1 star ","Number_of_Reviews":"","Address":"","Reviewer":"Clare Curry","Reviewer_page":"https://www.google.com/maps/contrib/103244564912219324596/reviews?hl=en-US","Review_time":"3 years ago","Review":"No bathroom or WiFi so no point in going here","Likes":"2"},{"Name":"","Category":"","Rating":" 4 stars ","Number_of_Reviews":"","Address":"","Reviewer":"Max Semkiv","Reviewer_page":"https://www.google.com/maps/contrib/117570498013516462432/reviews?hl=en-US","Review_time":"4 years ago","Review":"A little expensive but really delicious coffee and danish","Likes":""},{"Name":"","Category":"","Rating":" 1 star ","Number_of_Reviews":"","Address":"","Reviewer":"Pablo de la Vega","Reviewer_page":"https://www.google.com/maps/contrib/113452827857529866303/reviews?hl=en-US","Review_time":"3 years ago","Review":"Always makes a drink that i didn’t order","Likes":"1"},{"Name":"","Category":"","Rating":" 5 stars ","Number_of_Reviews":"","Address":"","Reviewer":"Alexis Amezcua","Reviewer_page":"https://www.google.com/maps/contrib/101931577890247748264/reviews?hl=en-US","Review_time":"a year ago","Review":"I love the cinnamon dolce latte","Likes":""},{"Name":"","Category":"","Rating":" 5 stars ","Number_of_Reviews":"","Address":"","Reviewer":"Farwa Ismail","Reviewer_page":"https://www.google.com/maps/contrib/116888988987479602515/reviews?hl=en-US","Review_time":"2 years ago","Review":"Great music and friendly staff","Likes":""},{"Name":"","Category":"","Rating":" 3 stars ","Number_of_Reviews":"","Address":"","Reviewer":"SHERRI GRIFFIN","Reviewer_page":"https://www.google.com/maps/contrib/114240591751257721566/reviews?hl=en-US","Review_time":"2 months ago","Review":"⭐⭐😁😁","Likes":"1"},{"Name":"","Category":"","Rating":" 5 stars ","Number_of_Reviews":"","Address":"","Reviewer":"Денис Коцман","Reviewer_page":"https://www.google.com/maps/contrib/103876843061006424860/reviews?hl=en-US","Review_time":"5 years ago","Review":"It's a nice place with friendly stuff!!!!","Likes":""},{"Name":"","Category":"","Rating":" 3 stars ","Number_of_Reviews":"","Address":"","Reviewer":"Felicia Wood","Reviewer_page":"https://www.google.com/maps/contrib/101482239915604632258/reviews?hl=en-US","Review_time":"2 years ago","Review":"Ok but no  bathroom for customers..","Likes":""},{"Name":"","Category":"","Rating":" 5 stars ","Number_of_Reviews":"","Address":"","Reviewer":"Donna Werner","Reviewer_page":"https://www.google.com/maps/contrib/109217626944863201761/reviews?hl=en-US","Review_time":"3 years ago","Review":"I rarely have anything negative to say about Starbucks","Likes":""},{"Name":"","Category":"","Rating":" 5 stars ","Number_of_Reviews":"","Address":"","Reviewer":"Chris Warner","Reviewer_page":"https://www.google.com/maps/contrib/101907786913006171731/reviews?hl=en-US","Review_time":"4 years ago","Review":"Great location, friendly staff.","Likes":""},{"Name":"","Category":"","Rating":" 5 stars ","Number_of_Reviews":"","Address":"","Reviewer":"Roxy Rodriguez","Reviewer_page":"https://www.google.com/maps/contrib/108823352363556633592/reviews?hl=en-US","Review_time":"3 years ago","Review":"I luv they coffee","Likes":""},{"Name":"","Category":"","Rating":" 5 stars ","Number_of_Reviews":"","Address":"","Reviewer":"jennifer cox","Reviewer_page":"https://www.google.com/maps/contrib/111503512439439089514/reviews?hl=en-US","Review_time":"a year ago","Review":"Great customer service.","Likes":""},{"Name":"","Category":"","Rating":" 5 stars ","Number_of_Reviews":"","Address":"","Reviewer":"Lori Maloney","Reviewer_page":"https://www.google.com/maps/contrib/112856367380273936821/reviews?hl=en-US","Review_time":"2 years ago","Review":"Great service...nice people!","Likes":""},{"Name":"","Category":"","Rating":" 1 star ","Number_of_Reviews":"","Address":"","Reviewer":"ismail. hossain","Reviewer_page":"https://www.google.com/maps/contrib/113004249778540033623/reviews?hl=en-US","Review_time":"3 years ago","Review":"No customer restroom at are all.","Likes":"1"},{"Name":"","Category":"","Rating":" 5 stars ","Number_of_Reviews":"","Address":"","Reviewer":"libby mccomb","Reviewer_page":"https://www.google.com/maps/contrib/107440743049373934719/reviews?hl=en-US","Review_time":"5 years ago","Review":"Always super fast service.","Likes":""},{"Name":"","Category":"","Rating":" 1 star ","Number_of_Reviews":"","Address":"","Reviewer":"Scott Kleinberg","Reviewer_page":"https://www.google.com/maps/contrib/107048308239777445040/reviews?hl=en-US","Review_time":"4 years ago","Review":"I do not recommend this location.","Likes":"1"},{"Name":"","Category":"","Rating":" 5 stars ","Number_of_Reviews":"","Address":"","Reviewer":"Kushal Kadaba","Reviewer_page":"https://www.google.com/maps/contrib/111008658729935419732/reviews?hl=en-US","Review_time":"4 years ago","Review":"The barista made a good suggestion.","Likes":""},{"Name":"","Category":"","Rating":" 5 stars ","Number_of_Reviews":"","Address":"","Reviewer":"JOSE TLATELPA","Reviewer_page":"https://www.google.com/maps/contrib/101469539185920810731/reviews?hl=en-US","Review_time":"a year ago","Review":"Iza Vibe Out Here...🙂","Likes":""},{"Name":"","Category":"","Rating":" 5 stars ","Number_of_Reviews":"","Address":"","Reviewer":"Mohamed Bireir Jr.","Reviewer_page":"https://www.google.com/maps/contrib/100730489253057497892/reviews?hl=en-US","Review_time":"2 years ago","Review":"Very nice coffee","Likes":""},{"Name":"","Category":"","Rating":" 5 stars ","Number_of_Reviews":"","Address":"","Reviewer":"Nelson Hernandez","Reviewer_page":"https://www.google.com/maps/contrib/108855240993507506200/reviews?hl=en-US","Review_time":"3 years ago","Review":"Great service and good  people","Likes":""},{"Name":"","Category":"","Rating":" 5 stars ","Number_of_Reviews":"","Address":"","Reviewer":"Stephen Wraspir","Reviewer_page":"https://www.google.com/maps/contrib/111907579391943882955/reviews?hl=en-US","Review_time":"5 years ago","Review":"Great staff and good location","Likes":"1"},{"Name":"","Category":"","Rating":" 4 stars ","Number_of_Reviews":"","Address":"","Reviewer":"Silvia Tenempaguay","Reviewer_page":"https://www.google.com/maps/contrib/103170434742275869837/reviews?hl=en-US","Review_time":"3 years ago","Review":"Great green tea latte","Likes":""},{"Name":"","Category":"","Rating":" 5 stars ","Number_of_Reviews":"","Address":"","Reviewer":"Monica Rosenfeld","Reviewer_page":"https://www.google.com/maps/contrib/117937697303952278785/reviews?hl=en-US","Review_time":"3 years ago","Review":"Very clean and friendly staff.","Likes":""},{"Name":"","Category":"","Rating":" 3 stars ","Number_of_Reviews":"","Address":"","Reviewer":"César Augusto González G.","Reviewer_page":"https://www.google.com/maps/contrib/117125530609874537413/reviews?hl=en-US","Review_time":"3 years ago","Review":"Too much ice on my lemonade 😏","Likes":""},{"Name":"","Category":"","Rating":" 5 stars ","Number_of_Reviews":"","Address":"","Reviewer":"Danny Grand","Reviewer_page":"https://www.google.com/maps/contrib/108285390944853850435/reviews?hl=en-US","Review_time":"a year ago","Review":"The best coffee ☕","Likes":""},{"Name":"","Category":"","Rating":" 1 star ","Number_of_Reviews":"","Address":"","Reviewer":"Carla Smith","Reviewer_page":"https://www.google.com/maps/contrib/117320665673096491524/reviews?hl=en-US","Review_time":"3 years ago","Review":"I didn't go to Starbucks","Likes":""},{"Name":"","Category":"","Rating":" 2 stars ","Number_of_Reviews":"","Address":"","Reviewer":"Zachary Ehrlich","Reviewer_page":"https://www.google.com/maps/contrib/114771055382789057270/reviews?hl=en-US","Review_time":"3 years ago","Review":"I don’t care for Starbucks","Likes":"1"},{"Name":"","Category":"","Rating":" 5 stars ","Number_of_Reviews":"","Address":"","Reviewer":"Denise Kent","Reviewer_page":"https://www.google.com/maps/contrib/116230293242637762645/reviews?hl=en-US","Review_time":"4 years ago","Review":"Chi tea latte with almond milk, to die for","Likes":""},{"Name":"","Category":"","Rating":" 4 stars ","Number_of_Reviews":"","Address":"","Reviewer":"Tendai Rukobo","Reviewer_page":"https://www.google.com/maps/contrib/116230410261734520773/reviews?hl=en-US","Review_time":"5 years ago","Review":"Not a lot of seating space.","Likes":""},{"Name":"","Category":"","Rating":" 4 stars ","Number_of_Reviews":"","Address":"","Reviewer":"John Peters","Reviewer_page":"https://www.google.com/maps/contrib/108108675214179703800/reviews?hl=en-US","Review_time":"4 years ago","Review":"Very fast service.","Likes":""}