[{"Name":"","Category":"","Rating":" 3 stars ","Number_of_Reviews":"","Address":"","Reviewer":"Samantha Negron","Reviewer_page":"https://www.google.com/maps/contrib/102070063486347545289/reviews?hl=en-US","Review_time":"3 months ago","Review":"Found my recent experience very disappointing. I asked for a water with fruit inclusions and was asked by bar staff\"what am i looking at?\" Then to be told to redo my order and get charged for a tea when it was not a tea. I didn't work at starbucks to get beat in the head for an extra 3 dollars for water with inclusions that i already paid 3 dollars for. Won't be coming to this location again. Rather make the walk down to Hoyt.","Likes":""},{"Name":"","Category":"","Rating":" 2 stars ","Number_of_Reviews":"","Address":"","Reviewer":"Maria Sellars","Reviewer_page":"https://www.google.com/maps/contrib/110574557647502872689/reviews?hl=en-US","Review_time":"2 months ago","Review":"They are the worst I order my drink waiting at least 5-6 mins people come after me and get there drinks. So I say I'm I invisible the guy says I take the tickets as they come ok so you skip me and took other people. NOT Going back","Likes":""},{"Name":"","Category":"","Rating":" 5 stars ","Number_of_Reviews":"","Address":"","Reviewer":"Mo Guerlain","Reviewer_page":"https://www.google.com/maps/contrib/112065738002801577601/reviews?hl=en-US","Review_time":"a year ago","Review":"friendly staff and always smiling which makes you want to come back","Likes":""},{"Name":"","Category":"","Rating":" 5 stars ","Number_of_Reviews":"","Address":"","Reviewer":"shatara foster","Reviewer_page":"https://www.google.com/maps/contrib/100420812197295250548/reviews?hl=en-US","Review_time":"2 weeks ago","Review":"One of the only Starbucks in the are that had pumpkin muffins available. Also no lines.","Likes":""},{"Name":"","Category":"","Rating":" 5 stars ","Number_of_Reviews":"","Address":"","Reviewer":"Dylan Murphy","Reviewer_page":"https://www.google.com/maps/contrib/103402400992001719544/reviews?hl=en-US","Review_time":"5 months ago","Review":"The coffee shop you know and love. A newer store with bright front window and a great crew serving the favorite coffee. A must see.","Likes":"1"},{"Name":"","Category":"","Rating":" 5 stars ","Number_of_Reviews":"","Address":"","Reviewer":"Audrie Neaves","Reviewer_page":"https://www.google.com/maps/contrib/110473470266881232614/reviews?hl=en-US","Review_time":"a year ago","Review":"Most of the time the employees aren’t very friendly. Today 11/11 around 10:45 am the two employees were slammed but were so friendly and kind, it made my day. I wish I would’ve gotten their names, I will definitely be back!","Likes":""},{"Name":"","Category":"","Rating":" 1 star ","Number_of_Reviews":"","Address":"","Reviewer":"J ಠ_ಠ","Reviewer_page":"https://www.google.com/maps/contrib/108801358065606012419/reviews?hl=en-US","Review_time":"a year ago","Review":"I ordered a Vanilla Iced coffee and it tasted so bitter it was un drinkable. Not only that, but they left like 20% of the cup empty which is unacceptable. I threw it out, what a waste of money, don’t ever come here.","Likes":""},{"Name":"","Category":"","Rating":" 5 stars ","Number_of_Reviews":"","Address":"","Reviewer":"gabe pierre","Reviewer_page":"https://www.google.com/maps/contrib/116979614644640828290/reviews?hl=en-US","Review_time":"a year ago","Review":"lovely staff who always try to remember my name cause i work nearby so i come in pretty often!!! the holiday decor looks great :) <3","Likes":""},{"Name":"","Category":"","Rating":" 5 stars ","Number_of_Reviews":"","Address":"","Reviewer":"Astrid","Reviewer_page":"https://www.google.com/maps/contrib/111650199165315427645/reviews?hl=en-US","Review_time":"a month ago","Review":"My drink was yummy","Likes":""},{"Name":"","Category":"","Rating":" 5 stars ","Number_of_Reviews":"","Address":"","Reviewer":"John Mitchell","Reviewer_page":"https://www.google.com/maps/contrib/106403146606324819709/reviews?hl=en-US","Review_time":"3 weeks ago","Review":"Number one spot get coffee","Likes":""},{"Name":"","Category":"","Rating":" 5 stars ","Number_of_Reviews":"","Address":"","Reviewer":"LíghtWõlf","Reviewer_page":"https://www.google.com/maps/contrib/106219594122361080843/reviews?hl=en-US","Review_time":"a year ago","Review":"This Starbucks was the best in Brooklyn that I have been in, they was so kind and this place was clean and the staff was so courteous.\nGO TO THIS ONE!!","Likes":""},{"Name":"","Category":"","Rating":" 2 stars ","Number_of_Reviews":"","Address":"","Reviewer":"Nia _smile","Reviewer_page":"https://www.google.com/maps/contrib/101894732322273795588/reviews?hl=en-US","Review_time":"a year ago","Review":"They had no gloves on and was slamming the ingredients all over the place . There hands were everywhere and not one sanitizer in sight !!! no gloves so insensitive during this time !!!!!!!","Likes":""},{"Name":"","Category":"","Rating":" 5 stars ","Number_of_Reviews":"","Address":"","Reviewer":"Pedro Polo","Reviewer_page":"https://www.google.com/maps/contrib/111942575175231101035/reviews?hl=en-US","Review_time":"a year ago","Review":"Great compassionate people, to allow for to give out ,Cold ice water.","Likes":""},{"Name":"","Category":"","Rating":" 5 stars ","Number_of_Reviews":"","Address":"","Reviewer":"janice Brown","Reviewer_page":"https://www.google.com/maps/contrib/103184311047172483205/reviews?hl=en-US","Review_time":"10 months ago","Review":"Nothing like a great cup of macha and a vibrant staff.","Likes":""},{"Name":"","Category":"","Rating":" 1 star ","Number_of_Reviews":"","Address":"","Reviewer":"Lika Red","Reviewer_page":"https://www.google.com/maps/contrib/100051901986433835940/reviews?hl=en-US","Review_time":"a year ago","Review":"I ordered coffee without sugar and with caramel, they made milk with sugar. It was terrible 😡","Likes":""},{"Name":"","Category":"","Rating":" 1 star ","Number_of_Reviews":"","Address":"","Reviewer":"Wesley Joseph","Reviewer_page":"https://www.google.com/maps/contrib/110953995643762435690/reviews?hl=en-US","Review_time":"a year ago","Review":"When i visited there was ants running on the countertop. Management sucks and just poorly constructed.","Likes":""},{"Name":"","Category":"","Rating":" 1 star ","Number_of_Reviews":"","Address":"","Reviewer":"Marisol Rojas","Reviewer_page":"https://www.google.com/maps/contrib/100745114439081879289/reviews?hl=en-US","Review_time":"a year ago","Review":"Poor management. Horrible staff they’re just not friendly at all.","Likes":""},{"Name":"","Category":"","Rating":" 5 stars ","Number_of_Reviews":"","Address":"","Reviewer":"Monica Ortega","Reviewer_page":"https://www.google.com/maps/contrib/114240641582896950811/reviews?hl=en-US","Review_time":"9 months ago","Review":"Great service, quiet and very clean","Likes":""},{"Name":"","Category":"","Rating":" 5 stars ","Number_of_Reviews":"","Address":"","Reviewer":"andrew nelson","Reviewer_page":"https://www.google.com/maps/contrib/106115959753778731355/reviews?hl=en-US","Review_time":"a year ago","Review":"The people who work here are so nice!!","Likes":""},{"Name":"","Category":"","Rating":" 5 stars ","Number_of_Reviews":"","Address":"","Reviewer":"Manaurys Suazo","Reviewer_page":"https://www.google.com/maps/contrib/101537929210162830636/reviews?hl=en-US","Review_time":"7 months ago","Review":"Nice clean","Likes":""},{"Name":"","Category":"","Rating":" 3 stars ","Number_of_Reviews":"","Address":"","Reviewer":"Kenneth Jones","Reviewer_page":"https://www.google.com/maps/contrib/102538515057643979268/reviews?hl=en-US","Review_time":"7 months ago","Review":"Their nice","Likes":""},{"Name":"","Category":"","Rating":" 5 stars ","Number_of_Reviews":"","Address":"","Reviewer":"Kendrick Wider","Reviewer_page":"https://www.google.com/maps/contrib/113430383775501235053/reviews?hl=en-US","Review_time":"9 months ago","Review":"Convenient location","Likes":""},{"Name":"","Category":"","Rating":" 5 stars ","Number_of_Reviews":"","Address":"","Reviewer":"Cesar Rodriguez","Reviewer_page":"https://www.google.com/maps/contrib/112094534996308452538/reviews?hl=en-US","Review_time":"10 months ago","Review":"(Translated by Google) Tasty rich coffee\n\n(Original)\nCafe rico sabroso","Likes":""},{"Name":"","Category":"","Rating":" 5 stars ","Number_of_Reviews":"","Address":"","Reviewer":"Jerry Vargas","Reviewer_page":"https://www.google.com/maps/contrib/118207404781759606632/reviews?hl=en-US","Review_time":"a year ago","Review":"(Translated by Google) Excellent service\n\n(Original)\nExcelente servicio","Likes":""},{"Name":"","Category":"","Rating":" 5 stars ","Number_of_Reviews":"","Address":"","Reviewer":"Louie Leung","Reviewer_page":"https://www.google.com/maps/contrib/108406357050899040938/reviews?hl=en-US","Review_time":"2 weeks ago","Review":"","Likes":""},{"Name":"","Category":"","Rating":" 5 stars ","Number_of_Reviews":"","Address":"","Reviewer":"Terence D. Towler","Reviewer_page":"https://www.google.com/maps/contrib/115092156765299272601/reviews?hl=en-US","Review_time":"a month ago","Review":"","Likes":""},{"Name":"","Category":"","Rating":" 5 stars ","Number_of_Reviews":"","Address":"","Reviewer":"Blake Soule","Reviewer_page":"https://www.google.com/maps/contrib/103905868344591925340/reviews?hl=en-US","Review_time":"3 weeks ago","Review":"","Likes":""},{"Name":"","Category":"","Rating":" 4 stars ","Number_of_Reviews":"","Address":"","Reviewer":"A W","Reviewer_page":"https://www.google.com/maps/contrib/116968782766780533873/reviews?hl=en-US","Review_time":"3 months ago","Review":"","Likes":""},{"Name":"","Category":"","Rating":" 5 stars ","Number_of_Reviews":"","Address":"","Reviewer":"Jose Gabriel","Reviewer_page":"https://www.google.com/maps/contrib/111299044412844183119/reviews?hl=en-US","Review_time":"a year ago","Review":"👍","Likes":""},{"Name":"","Category":"","Rating":" 5 stars ","Number_of_Reviews":"","Address":"","Reviewer":"Kecia O'Neal","Reviewer_page":"https://www.google.com/maps/contrib/103270604095051454498/reviews?hl=en-US","Review_time":"5 months ago","Review":"","Likes":""},{"Name":"","Category":"","Rating":" 5 stars ","Number_of_Reviews":"","Address":"","Reviewer":"Suhila Masarewh","Reviewer_page":"https://www.google.com/maps/contrib/105634088849800379226/reviews?hl=en-US","Review_time":"a year ago","Review":"(Translated by Google) nice\n\n(Original)\nراىع","Likes":""},{"Name":"","Category":"","Rating":" 5 stars ","Number_of_Reviews":"","Address":"","Reviewer":"Della Simpson","Reviewer_page":"https://www.google.com/maps/contrib/107263160025477445095/reviews?hl=en-US","Review_time":"6 months ago","Review":"","Likes":""},{"Name":"","Category":"","Rating":" 5 stars ","Number_of_Reviews":"","Address":"","Reviewer":"Akintimehin Abimbola","Reviewer_page":"https://www.google.com/maps/contrib/105756441093075010266/reviews?hl=en-US","Review_time":"7 months ago","Review":"","Likes":""},{"Name":"","Category":"","Rating":" 5 stars ","Number_of_Reviews":"","Address":"","Reviewer":"Leo Hidalgo","Reviewer_page":"https://www.google.com/maps/contrib/105330994423847217131/reviews?hl=en-US","Review_time":"8 months ago","Review":"","Likes":""},{"Name":"","Category":"","Rating":" 4 stars ","Number_of_Reviews":"","Address":"","Reviewer":"Sorniel M Davila","Reviewer_page":"https://www.google.com/maps/contrib/105130630638418019063/reviews?hl=en-US","Review_time":"9 months ago","Review":"","Likes":""},{"Name":"","Category":"","Rating":" 5 stars ","Number_of_Reviews":"","Address":"","Reviewer":"Danielle Rye (Dani)","Reviewer_page":"https://www.google.com/maps/contrib/109378261520851546996/reviews?hl=en-US","Review_time":"a year ago","Review":"","Likes":""},{"Name":"","Category":"","Rating":" 4 stars ","Number_of_Reviews":"","Address":"","Reviewer":"Andy Ward","Reviewer_page":"https://www.google.com/maps/contrib/117555502912438034595/reviews?hl=en-US","Review_time":"a year ago","Review":"","Likes":""},{"Name":"","Category":"","Rating":" 4 stars ","Number_of_Reviews":"","Address":"","Reviewer":"DIONNE “FLUFFY” MIMS","Reviewer_page":"https://www.google.com/maps/contrib/100286798812017973513/reviews?hl=en-US","Review_time":"a year ago","Review":"","Likes":""},{"Name":"","Category":"","Rating":" 4 stars ","Number_of_Reviews":"","Address":"","Reviewer":"Rasheena Morris","Reviewer_page":"https://www.google.com/maps/contrib/110461227445038262751/reviews?hl=en-US","Review_time":"a year ago","Review":"","Likes":""},{"Name":"","Category":"","Rating":" 5 stars ","Number_of_Reviews":"","Address":"","Reviewer":"Zachary Wilson","Reviewer_page":"https://www.google.com/maps/contrib/104051913456952585502/reviews?hl=en-US","Review_time":"9 months ago","Review":"","Likes":""},{"Name":"","Category":"","Rating":" 5 stars ","Number_of_Reviews":"","Address":"","Reviewer":"Seth Flicker","Reviewer_page":"https://www.google.com/maps/contrib/109308673916489045197/reviews?hl=en-US","Review_time":"a year ago","Review":"","Likes":""},{"Name":"","Category":"","Rating":" 1 star ","Number_of_Reviews":"","Address":"","Reviewer":"Patrick Finnen","Reviewer_page":"https://www.google.com/maps/contrib/105579395907665533111/reviews?hl=en-US","Review_time":"a year ago","Review":"","Likes":""},{"Name":"","Category":"","Rating":" 3 stars ","Number_of_Reviews":"","Address":"","Reviewer":"Mish Match","Reviewer_page":"https://www.google.com/maps/contrib/113039341850074659685/reviews?hl=en-US","Review_time":"a year ago","Review":"","Likes":""},{"Name":"","Category":"","Rating":" 5 stars ","Number_of_Reviews":"","Address":"","Reviewer":"Joey","Reviewer_page":"https://www.google.com/maps/contrib/115552837937198261169/reviews?hl=en-US","Review_time":"a year ago","Review":"","Likes":""},{"Name":"","Category":"","Rating":" 5 stars ","Number_of_Reviews":"","Address":"","Reviewer":"Adrian Zamora","Reviewer_page":"https://www.google.com/maps/contrib/118100705527288190133/reviews?hl=en-US","Review_time":"5 months ago","Review":"","Likes":""},{"Name":"","Category":"","Rating":" 1 star ","Number_of_Reviews":"","Address":"","Reviewer":"Angeline Perez","Reviewer_page":"https://www.google.com/maps/contrib/113087835114305147707/reviews?hl=en-US","Review_time":"7 months ago","Review":"","Likes":""},{"Name":"","Category":"","Rating":" 5 stars ","Number_of_Reviews":"","Address":"","Reviewer":"Vilma Reyes","Reviewer_page":"https://www.google.com/maps/contrib/102669484522591705666/reviews?hl=en-US","Review_time":"a year ago","Review":"","Likes":""},{"Name":"","Category":"","Rating":" 5 stars ","Number_of_Reviews":"","Address":"","Reviewer":"Carlos Mora","Reviewer_page":"https://www.google.com/maps/contrib/101510074436106618047/reviews?hl=en-US","Review_time":"6 months ago","Review":"","Likes":""},{"Name":"","Category":"","Rating":" 5 stars ","Number_of_Reviews":"","Address":"","Reviewer":"litle cat","Reviewer_page":"https://www.google.com/maps/contrib/106805111306115552850/reviews?hl=en-US","Review_time":"11 months ago","Review":"","Likes":""},{"Name":"","Category":"","Rating":" 5 stars ","Number_of_Reviews":"","Address":"","Reviewer":"Practice Process","Reviewer_page":"https://www.google.com/maps/contrib/100574006373569810126/reviews?hl=en-US","Review_time":"11 months ago","Review":"","Likes":""},{"Name":"","Category":"","Rating":" 5 stars ","Number_of_Reviews":"","Address":"","Reviewer":"Jessica MArtinez","Reviewer_page":"https://www.google.com/maps/contrib/116213050716005558403/reviews?hl=en-US","Review_time":"a year ago","Review":"","Likes":""},{"Name":"","Category":"","Rating":" 5 stars ","Number_of_Reviews":"","Address":"","Reviewer":"Jina Koffi","Reviewer_page":"https://www.google.com/maps/contrib/102955115623976953317/reviews?hl=en-US","Review_time":"a year ago","Review":"","Likes":""},{"Name":"","Category":"","Rating":" 3 stars ","Number_of_Reviews":"","Address":"","Reviewer":"Sabina Mrkulic","Reviewer_page":"https://www.google.com/maps/contrib/113049468885348688496/reviews?hl=en-US","Review_time":"a year ago","Review":"","Likes":""},{"Name":"","Category":"","Rating":" 5 stars ","Number_of_Reviews":"","Address":"","Reviewer":"Matthew H","Reviewer_page":"https://www.google.com/maps/contrib/111451524095196782952/reviews?hl=en-US","Review_time":"7 months ago","Review":"","Likes":""},{"Name":"","Category":"","Rating":" 3 stars ","Number_of_Reviews":"","Address":"","Reviewer":"Lashawn Collymore","Reviewer_page":"https://www.google.com/maps/contrib/101829542326604161335/reviews?hl=en-US","Review_time":"a year ago","Review":"","Likes":""},{"Name":"","Category":"","Rating":" 4 stars ","Number_of_Reviews":"","Address":"","Reviewer":"Sammy Hamdan","Reviewer_page":"https://www.google.com/maps/contrib/101988949028232739348/reviews?hl=en-US","Review_time":"7 months ago","Review":"","Likes":""},{"Name":"","Category":"","Rating":" 5 stars ","Number_of_Reviews":"","Address":"","Reviewer":"mario webster","Reviewer_page":"https://www.google.com/maps/contrib/112746040759505129504/reviews?hl=en-US","Review_time":"a year ago","Review":"","Likes":""},{"Name":"","Category":"","Rating":" 5 stars ","Number_of_Reviews":"","Address":"","Reviewer":"Burak Sancakdar","Reviewer_page":"https://www.google.com/maps/contrib/109142584562227479959/reviews?hl=en-US","Review_time":"a year ago","Review":"","Likes":""}