[{"Name":"","Category":"","Rating":" 1 star ","Number_of_Reviews":"","Address":"","Reviewer":"Bing Shi","Reviewer_page":"https://www.google.com/maps/contrib/104183107163162910954/reviews?hl=en-US","Review_time":"7 months ago","Review":"I went to get a cup of coffee, they sold out of most of the milk selections. So I choose coconut milk.I waited 10 mins for a half filled flat white. I literally pay extra for venti and got air. Well done Starbucks, that’s how you train your staff to prep customer’s drink? Will not come back for this location anymore.","Likes":"1"},{"Name":"","Category":"","Rating":" 4 stars ","Number_of_Reviews":"","Address":"","Reviewer":"AJ Studios Inquires","Reviewer_page":"https://www.google.com/maps/contrib/103336224893179572051/reviews?hl=en-US","Review_time":"a month ago","Review":"The vibes are always there. From the music to the employees. Most times I got there during rush hour. In order to not miss my cut off time for out lunch I have to order ahead because it's usually so busy. However employees are cool but they just need more staff because it can get pretty crowded.","Likes":""},{"Name":"","Category":"","Rating":" 1 star ","Number_of_Reviews":"","Address":"","Reviewer":"Tina Lee","Reviewer_page":"https://www.google.com/maps/contrib/107039829975335319401/reviews?hl=en-US","Review_time":"2 months ago","Review":"There needs to be some kind of hygiene protocol here. The barista used the lid of a trash can to compact the trash. He even wiggled the trash liquid covered lid right in front of the espresso machine. He rinsed his two fingers of one hand - no soap! And went straight back to making more coffee.\n\nThe employees seem overloaded. They need more people working here.","Likes":""},{"Name":"","Category":"","Rating":" 4 stars ","Number_of_Reviews":"","Address":"","Reviewer":"Vincent Chen","Reviewer_page":"https://www.google.com/maps/contrib/105823338037542619544/reviews?hl=en-US","Review_time":"a week ago","Review":"11/05/2022:\nStarbuck service has improved since I assume newer employees improved their personnels, assuming they took my word to give me better service, like my drinks are quicker than usual, on Saturday morning, where my last Saturday visit before pandemic March 7, 2020, I waited 10 minutes for my order.","Likes":""},{"Name":"","Category":"","Rating":" 5 stars ","Number_of_Reviews":"","Address":"","Reviewer":"Danielle DiMaggio","Reviewer_page":"https://www.google.com/maps/contrib/102383733311532268337/reviews?hl=en-US","Review_time":"6 months ago","Review":"My go to Starbucks location to grab coffee before I head to work. The employees are always very sweet despite always being super busy with the work and NYU school crowd. I suggest mobile ordering to avoid the lines. Thanks for everything guys!!","Likes":""},{"Name":"","Category":"","Rating":" 5 stars ","Number_of_Reviews":"","Address":"","Reviewer":"Casey Plett","Reviewer_page":"https://www.google.com/maps/contrib/103896996607642189051/reviews?hl=en-US","Review_time":"3 weeks ago","Review":"All good but nowhere to sit down---Google Gods, give me a way to suggest an edit, let none make the mistakes I inadvertently have!","Likes":""},{"Name":"","Category":"","Rating":" 1 star ","Number_of_Reviews":"","Address":"","Reviewer":"Bernard Gomes","Reviewer_page":"https://www.google.com/maps/contrib/113509811857137840630/reviews?hl=en-US","Review_time":"3 years ago","Review":"This was a second miss at this location now. It used to be good but however they gave me the completely wrong order! I ordered salted caramel and instead they gave me a Chocolate milkshake! My friend also got the wrong order. It's better to avoid this location when its crowded.","Likes":"1"},{"Name":"","Category":"","Rating":" 1 star ","Number_of_Reviews":"","Address":"","Reviewer":"Cheryl I","Reviewer_page":"https://www.google.com/maps/contrib/112582316499471086298/reviews?hl=en-US","Review_time":"4 years ago","Review":"I can still feel that \"Urge-To-Kill\" rising... LOLOLOL! My only hope is that someone might find some amusement from my review, and be adequately warned to stay away. That would somewhat salvage my experience~ Anyways, here is my tale of woe:\n\nIt's a busy location and there are only standing tables, looks clean and normal enough. The line moved briskly. After waiting a while, I witnessed the barista picking up an empty grande cup, filling it with Almond Milk.  He then headed to the wall counter and proceeded to PLOP A MEASUREMENT OF MATCHA POWDER IN THE CUP. Barely shaking it, big clumps of matcha floating like disgusting balls of water moss, he places it on the counter. He was perhaps too guilty to give eye contact at my despairing face.\n\nIf you ever had the misfortune of trying to drink one of these abominations, you would know it's like drinking Almond Milk with Matcha Boogers. Yuck! Pictures attached.\n\nI never felt inclined to write a review for Starbucks until yesterday at 1pm, but that barista deserved this completely. Hate might be too strong a word to express my feeling for you...but something close to it, like...a...loathing. Yesyes. Have a heart for a thirsty gal why don't you?!\n\nIt took 20mins of gentle shaking (to prevent spillage) to get a semblance of what my beverage was supposed to look like.\n\nI was in too much of a hurry to ask for a remake. He seemed to have made coffee beverages normally enough. That discrimination against tea drinkers though, haha! Look, I love the taste of coffee, but it gives me heart palpitations and makes my hands shake, so give me a break alright? xD","Likes":"2"},{"Name":"","Category":"","Rating":" 4 stars ","Number_of_Reviews":"","Address":"","Reviewer":"Taylor Weber","Reviewer_page":"https://www.google.com/maps/contrib/101950462802665283592/reviews?hl=en-US","Review_time":"2 months ago","Review":"This place is always incredibly busy but the baristas are always friendly & efficient.","Likes":""},{"Name":"","Category":"","Rating":" 1 star ","Number_of_Reviews":"","Address":"","Reviewer":"Heaven","Reviewer_page":"https://www.google.com/maps/contrib/117841966116892884172/reviews?hl=en-US","Review_time":"a year ago","Review":"The worst Starbucks I ever went to I ordered 2 cups of coffee paid all this money for a very expensive cup of ice, Literally two sips of coffee the drink was done..There was so much ice in my cup that when I put the straw in to try to stir …","Likes":"1"},{"Name":"","Category":"","Rating":" 1 star ","Number_of_Reviews":"","Address":"","Reviewer":"Michael Sauter","Reviewer_page":"https://www.google.com/maps/contrib/102706257876110733864/reviews?hl=en-US","Review_time":"a week ago","Review":"Always order the same drink and somehow it’s a new drink every single time….baffles me","Likes":""},{"Name":"","Category":"","Rating":" 5 stars ","Number_of_Reviews":"","Address":"","Reviewer":"Venkata subramaniam S","Reviewer_page":"https://www.google.com/maps/contrib/106236175658921748065/reviews?hl=en-US","Review_time":"4 years ago","Review":"Try to Complete your Brooklyn bridge trip with a cup of coffee in this shop it will be surely more enjoyable","Likes":"3"},{"Name":"","Category":"","Rating":" 3 stars ","Number_of_Reviews":"","Address":"","Reviewer":"Chantal Mota","Reviewer_page":"https://www.google.com/maps/contrib/106413720804239689773/reviews?hl=en-US","Review_time":"8 months ago","Review":"I really like the drinks there, I only buy lemonades and Frappuccinos, but they are getting more and more expensive, and when you have a drink made, they never make it the way you want. I pay for extras things and they never put them.","Likes":""},{"Name":"","Category":"","Rating":" 1 star ","Number_of_Reviews":"","Address":"","Reviewer":"Shaniqua","Reviewer_page":"https://www.google.com/maps/contrib/106815503990340819276/reviews?hl=en-US","Review_time":"a year ago","Review":"I ordered at 2:45pm and didn't walk out til almost 20 minutes later!! They pick and choose who order they will fulfill first. Everyone who came after, received they order and had left before me... and it was more than 5 people.  The barista checked for the items  that I wanted, by the time my order was dealt with it was no longer available!!","Likes":""},{"Name":"","Category":"","Rating":" 1 star ","Number_of_Reviews":"","Address":"","Reviewer":"David Jimenez","Reviewer_page":"https://www.google.com/maps/contrib/112610042350418020025/reviews?hl=en-US","Review_time":"a year ago","Review":"Not only was the wait too long for 5 customers, the orders was not in order. I had asked for an upside-down quad caramel machiato frap. Worst drink ever. My drink was poured in two separate cups, it was watered-down, caramel wasn't put, and the taste of the extra 2 shots was lacking. Definitely not Starbucks standard.","Likes":""},{"Name":"","Category":"","Rating":" 5 stars ","Number_of_Reviews":"","Address":"","Reviewer":"Nancy New York","Reviewer_page":"https://www.google.com/maps/contrib/105736231423389208774/reviews?hl=en-US","Review_time":"a year ago","Review":"Staff is friendly and helpful. It's always very busy, so I'd suggest ordering online before you arrive. Tables and chairs are outdoors, so you can sip your coffee and people-watch if you have the time.","Likes":""},{"Name":"","Category":"","Rating":" 1 star ","Number_of_Reviews":"","Address":"","Reviewer":"Tameka Moore","Reviewer_page":"https://www.google.com/maps/contrib/108930047538888616806/reviews?hl=en-US","Review_time":"a year ago","Review":"I went here today 10/06 and I ordered a pumpkin spice latte venti.I’m not sure if the person taking my order didn’t hear me correctly but I was given a grande.Anyways I told the guy who made my drink that I ordered a venti.Instead of apologizing for the misunderstanding he was so rude.He was like “well you were charged for a grande” and then he just walked away from me.So I told him I wanted a venti and I proceeded to pay extra for the venti.He made me a venti drink and handed it to me.I said “Thank you so much” and he ignored me and just handed me the drink.Starbucks is know for their  great customer service and friendly staff.I was so shocked today by the behavior of that staff member.He needs to go get more training and leave the job if he doesn’t like it.Starbucks has a great reputation,that staff member doesn’t represent anything that Starbucks stands for! First time writing a review about any business but I had to because I was so baffled by what happened today.","Likes":""},{"Name":"","Category":"","Rating":" 2 stars ","Number_of_Reviews":"","Address":"","Reviewer":"Pleasant pisces T. J","Reviewer_page":"https://www.google.com/maps/contrib/116187516327372879438/reviews?hl=en-US","Review_time":"a year ago","Review":"Extremely slow, no one is at one station. Takes over 15 min to get food. Just chaotic in there, some workers are cheery while others seem overwhelmed and stressed.","Likes":""},{"Name":"","Category":"","Rating":" 3 stars ","Number_of_Reviews":"","Address":"","Reviewer":"nae nae A","Reviewer_page":"https://www.google.com/maps/contrib/105385268365941080692/reviews?hl=en-US","Review_time":"10 months ago","Review":"Workers need to be retrained to sharpen their  listening skills!! I asked for butter for my bagel, I received cream cheese !","Likes":""},{"Name":"","Category":"","Rating":" 1 star ","Number_of_Reviews":"","Address":"","Reviewer":"Joshua Masia","Reviewer_page":"https://www.google.com/maps/contrib/105677211466725112069/reviews?hl=en-US","Review_time":"4 years ago","Review":"Consistently a problematic Starbucks. They run out of basic goods and basically treat it like it is your fault for not calling ahead. They give priority to online orders, which backs up their process, they forget orders and have me waiting for 20 to 30 minutes. In that time they serve many people and run out of my order. I've on multiple occasions needed a refund because of these various issues. Unorganized and unable to prioritize. That is this Starbucks. I will never be returning.\n\nThey once yelled across me for trying to buy a hungry homeless man some food. If you want to politely ask him to leave, you can after, but don't turn things into major issues for no reason. People of all walks of life should be treated with respect.\n\nOriginally gave them this review and 4 stars: They sometimes neglect iced teas and shakes because they get overwhelmed by specialty coffee order. Weakness I see in a bunch of crowded Starbucks.","Likes":"4"},{"Name":"","Category":"","Rating":" 1 star ","Number_of_Reviews":"","Address":"","Reviewer":"David C","Reviewer_page":"https://www.google.com/maps/contrib/109715998142076482796/reviews?hl=en-US","Review_time":"4 years ago","Review":"Easily the slowest Starbucks I've been to.  We ordered 3 drinks, it was at least 5 minutes between each drink being served.  One was messed up... But even THAT was fixed before the last drink came out!  I'd avoid this location if possible.","Likes":"2"},{"Name":"","Category":"","Rating":" 3 stars ","Number_of_Reviews":"","Address":"","Reviewer":"Quentin Hodges","Reviewer_page":"https://www.google.com/maps/contrib/106294995540909039160/reviews?hl=en-US","Review_time":"6 years ago","Review":"The line is always long in the morning, but this location manages it pretty well. I have had my order messed up on a couple of occasions but it's usually quickly resolved.\n\nToday I ordered the croissant morning bun sandwich (not the official name).\n\nThe croissant bun was delicious and flaky and the sandwich was nice and hot. Sadly I got it to go and didn't have jelly at my desk. The bacon was absolute perfection. The egg was egg. A pricey but tasty breakfast treat.","Likes":""},{"Name":"","Category":"","Rating":" 4 stars ","Number_of_Reviews":"","Address":"","Reviewer":"Nerd Storm Production LLC","Reviewer_page":"https://www.google.com/maps/contrib/103455370114794520688/reviews?hl=en-US","Review_time":"4 years ago","Review":"The people here do a great job. Located right around the Brooklyn Courts and Brooklyn DAs office this spot is always busy. The amount of customers coming to this location never seems to stop. Despite all that the staff manage the flow. I never have to wait to long to get my order and my order never seems to be incorrect. The teamwork at this location is spot on. The flow is smooth and the work is proper. So I tip my hat to them for always performing at 110%.","Likes":"1"},{"Name":"","Category":"","Rating":" 1 star ","Number_of_Reviews":"","Address":"","Reviewer":"Cassandra","Reviewer_page":"https://www.google.com/maps/contrib/111172901444375862360/reviews?hl=en-US","Review_time":"3 years ago","Review":"If cou want to wait 30 mins for your order then this is where its at. Even mobile ordrrs were waiting. There should always be all hands on deck in the mornings, there was one person on the register and one person on bar and 30 people waiting for drinks at 8am yeah right. The manager started doing shift change and the employees got confused. NOT professional!","Likes":"2"},{"Name":"","Category":"","Rating":" 1 star ","Number_of_Reviews":"","Address":"","Reviewer":"Sean McSherry","Reviewer_page":"https://www.google.com/maps/contrib/111305605164466996696/reviews?hl=en-US","Review_time":"5 years ago","Review":"I guess terrible service is what I deserve for choosing corporate coffee over a smaller local shop. Last time I was here I waited a full ten minutes for a small coffee. I did however receive my everything bagel with cream cheese (sans cream cheese until I had to ask for it) seriously how hard is it to get my goddamn order right the first time. Everyone before and after got amazing service and was in and out. Without fail everytime I come here I'm treated poorly. Never again this is infuriating. Any positive review is a rare one off occurrence. As the multiple times I've visited this Starbucks it has never failed to disappoint me.","Likes":"2"},{"Name":"","Category":"","Rating":" 3 stars ","Number_of_Reviews":"","Address":"","Reviewer":"Peter Yuen","Reviewer_page":"https://www.google.com/maps/contrib/102877184769753683639/reviews?hl=en-US","Review_time":"3 years ago","Review":"Decent size Starbucks. However they took away all the interior seating (not sure why, maybe due to overcrowding during the busy hours or it's the crowd themselves).  I went on a raining day and sitting outside wasn't an option. Also compare to the other Starbucks in the boroughs, don't expect them to be your quickest run.","Likes":""},{"Name":"","Category":"","Rating":" 1 star ","Number_of_Reviews":"","Address":"","Reviewer":"Lisa England","Reviewer_page":"https://www.google.com/maps/contrib/105067068821218130123/reviews?hl=en-US","Review_time":"5 years ago","Review":"Staff more interested in talking among themselves then serving. Was waiting to order and got totally ignored. Walked out. Worst experience in a Starbucks for a longtime. Staff were moaning their tips got stolen - amazed anyone would give them any id the service I got was typical","Likes":"2"},{"Name":"","Category":"","Rating":" 5 stars ","Number_of_Reviews":"","Address":"","Reviewer":"Sagrey Turjo","Reviewer_page":"https://www.google.com/maps/contrib/115302847606670752187/reviews?hl=en-US","Review_time":"5 years ago","Review":"Nice place. The service is pretty quick.  Stuffs are very helpful as well.","Likes":""},{"Name":"","Category":"","Rating":" 1 star ","Number_of_Reviews":"","Address":"","Reviewer":"Yan Ma","Reviewer_page":"https://www.google.com/maps/contrib/103533568108723671914/reviews?hl=en-US","Review_time":"4 years ago","Review":"This is definitely one of the worst, if not the worst, Starbucks that I've been to. Slowest service, staff never care, most of them would just ignore customers. There's one or two friendly staff that you would probably run into once in a year. They forgot your order, don't answer you when you ask. They are just fortunate with the location to have that much of business.","Likes":"2"},{"Name":"","Category":"","Rating":" 2 stars ","Number_of_Reviews":"","Address":"","Reviewer":"Paul Smith","Reviewer_page":"https://www.google.com/maps/contrib/107220180062390676491/reviews?hl=en-US","Review_time":"5 years ago","Review":"It's a bit disappointing when you order a drink via the Starbucks app, only to arrive and find the store still locked 15 minutes after it was due to open. Stood in the cold waiting until the drink was prepared and subsequently served to me outside, at which time the doors were once again locked.","Likes":""},{"Name":"","Category":"","Rating":" 1 star ","Number_of_Reviews":"","Address":"","Reviewer":"Le Yan","Reviewer_page":"https://www.google.com/maps/contrib/108540257600436418310/reviews?hl=en-US","Review_time":"4 years ago","Review":"Slowest Starbucks I’ve ever had. Waited 20 mins for a smoothie, and nobody lines in front of me. Stuffs only care about their inside jokes. They made my drink wrong 2 times and I did not get an apology.","Likes":"2"},{"Name":"","Category":"","Rating":" 4 stars ","Number_of_Reviews":"","Address":"","Reviewer":"James Rose","Reviewer_page":"https://www.google.com/maps/contrib/100693235170416561853/reviews?hl=en-US","Review_time":"6 years ago","Review":"A reliable starbucks that is EXTREMELY busy during rush hour in the morning...meaning line all the way to the door. They are efficient though and you are rarely waiting long. The baristas are generally pretty friendly and if you are a regular, they will know your drink within a week or so.","Likes":""},{"Name":"","Category":"","Rating":" 4 stars ","Number_of_Reviews":"","Address":"","Reviewer":"Amy Arensberg","Reviewer_page":"https://www.google.com/maps/contrib/114782774450306239505/reviews?hl=en-US","Review_time":"6 years ago","Review":"Same great quality as all other Starbucks, but I don't enjoy hanging out as much at this location and usually get my order to go. The newer location nearby is still crowded but more cozy for hanging out over a cup of coffee.","Likes":""},{"Name":"","Category":"","Rating":" 1 star ","Number_of_Reviews":"","Address":"","Reviewer":"Marcela Romero","Reviewer_page":"https://www.google.com/maps/contrib/113843885979450513012/reviews?hl=en-US","Review_time":"a year ago","Review":"Today was HORRIBLE service. The two women in there must be having the worst day ever and it’s only 730am. The attitude is unnecessary and unprofessional. I should have just walked over to Gold st location instead.","Likes":""},{"Name":"","Category":"","Rating":" 5 stars ","Number_of_Reviews":"","Address":"","Reviewer":"Margaret Nieves","Reviewer_page":"https://www.google.com/maps/contrib/103214029049966475112/reviews?hl=en-US","Review_time":"10 months ago","Review":"Place is clean, the server was sweet and they were fast  with my order","Likes":""},{"Name":"","Category":"","Rating":" 5 stars ","Number_of_Reviews":"","Address":"","Reviewer":"Leatrice Taylor","Reviewer_page":"https://www.google.com/maps/contrib/105068460493897187590/reviews?hl=en-US","Review_time":"4 months ago","Review":"Peaceful location! Great service!","Likes":""},{"Name":"","Category":"","Rating":" 3 stars ","Number_of_Reviews":"","Address":"","Reviewer":"Michelle Fraser","Reviewer_page":"https://www.google.com/maps/contrib/104704038551524633180/reviews?hl=en-US","Review_time":"3 years ago","Review":"I'm being honest, you have great drinks! But it's too much sugar in these drinks. I'm sorry but I can't afford to drink with that much sugar every day, so I don't buy here but once a blue moon.","Likes":""},{"Name":"","Category":"","Rating":" 1 star ","Number_of_Reviews":"","Address":"","Reviewer":"monette bovell","Reviewer_page":"https://www.google.com/maps/contrib/108906508683210922279/reviews?hl=en-US","Review_time":"4 years ago","Review":"I tried to shy away from a review but after this last order this is ridiculous. I ordered a small hot coco and ended up hearing my name called for an ice latte. Maybe if the music was lowers down they can actually hear.","Likes":"1"},{"Name":"","Category":"","Rating":" 1 star ","Number_of_Reviews":"","Address":"","Reviewer":"Johanna Caceres","Reviewer_page":"https://www.google.com/maps/contrib/118031655846694621578/reviews?hl=en-US","Review_time":"4 years ago","Review":"The barista making my drink just now, didn't even tell me my drink was ready.I ordered a raspberry frapp and it was just sitting there. I didnt know it was mine becuase it looked like a caramel frappe. (I've never ordered a rasp frapp ever,  which by the way tasted like medicine.) She was rude didn't even answer me when I asked her if she got my order, the cashier had to tell me that was my drink. And I know she heard me. Mind you she had her friend sitting by the coffee bar talking straight non sense . I felt like telling her something but I was with my child and didn't want to loose it...","Likes":"1"},{"Name":"","Category":"","Rating":" 1 star ","Number_of_Reviews":"","Address":"","Reviewer":"R S","Reviewer_page":"https://www.google.com/maps/contrib/104322146219761113913/reviews?hl=en-US","Review_time":"3 years ago","Review":"Waited 15 minutes for a cold brew and had to ask for a refund after I noticed their cold brew tap was down (no one told me!). Who knows how long more they would have made me wait for 🤷🏻‍♀️","Likes":"2"},{"Name":"","Category":"","Rating":" 1 star ","Number_of_Reviews":"","Address":"","Reviewer":"Anjoli Castro","Reviewer_page":"https://www.google.com/maps/contrib/105522568211470398579/reviews?hl=en-US","Review_time":"7 years ago","Review":"Always the longest line. Never fails. Saturday mornings still a long line. 2 ppl work at the front. No toilet paper in bathroom. Pleasant servers but it shouldn't take me 15mins for a cup of coffee","Likes":""},{"Name":"","Category":"","Rating":" 4 stars ","Number_of_Reviews":"","Address":"","Reviewer":"Erick Washington CEM EMT-B SAR Tech II","Reviewer_page":"https://www.google.com/maps/contrib/109418093907693018014/reviews?hl=en-US","Review_time":"3 years ago","Review":"The service at this Starbucks in Harlem is  one of the best much better than some of the Starbucks that I've visited. It's busy and is very community-based no black people getting the police called on them","Likes":""},{"Name":"","Category":"","Rating":" 3 stars ","Number_of_Reviews":"","Address":"","Reviewer":"Leesa Johnson","Reviewer_page":"https://www.google.com/maps/contrib/116680076066372958581/reviews?hl=en-US","Review_time":"4 years ago","Review":"I was up near the counter getting ready to order but the guy near the register left to fix someone else's order.About five workers walked past me and didn't mind to ask me what I wanted.Then someone finally came.I asked for a chocolate chip muffin.I asked for it to be warmed.It took them TWENTY FREAKING MINUTES TO HEAT UP A MUFFIN!You could have just put the muffin in the microwave or the in the oven for like 3 minutes and it would have been fine.Omg.","Likes":"1"},{"Name":"","Category":"","Rating":" 3 stars ","Number_of_Reviews":"","Address":"","Reviewer":"Greg Nice","Reviewer_page":"https://www.google.com/maps/contrib/104285270293453921144/reviews?hl=en-US","Review_time":"a year ago","Review":"Long time waiting for my hot chocolate only to get the wrong order and they wanted me to wait even longer for the correct order as if I don't have a schedule to keep","Likes":""},{"Name":"","Category":"","Rating":" 1 star ","Number_of_Reviews":"","Address":"","Reviewer":"KAMI NO SEGI","Reviewer_page":"https://www.google.com/maps/contrib/101479690699304482281/reviews?hl=en-US","Review_time":"6 years ago","Review":"Worst staff and starbuck I'd ever attendend to, I bought 4 starbuck drinks and I told them to give them cold , the first two ones came hot and they exchanged it but I waited like 10mins standing there and when I told them, they gave me the drinks but they did it in a rush and with less than usual, like they didn't trust me. The chestnut one, they didnt even gave me chestnut, like seriously? This is a scam, don't come to this starbucks","Likes":"1"},{"Name":"","Category":"","Rating":" 2 stars ","Number_of_Reviews":"","Address":"","Reviewer":"Jay Kim","Reviewer_page":"https://www.google.com/maps/contrib/107877600856259351679/reviews?hl=en-US","Review_time":"8 years ago","Review":"This Starbucks is conveniently located in Metrotech, but has the worst customer service of any SB location I've been to in the city.  Workers are not friendly and always look unhappy.  I know it's a busy location, but the customer service is similarly poor on a quiet weekend afternoon.  Would rather walk farther to the new locations on Flatbush and Fulton Street.","Likes":""},{"Name":"","Category":"","Rating":" 2 stars ","Number_of_Reviews":"","Address":"","Reviewer":"K K","Reviewer_page":"https://www.google.com/maps/contrib/108777308550662792174/reviews?hl=en-US","Review_time":"4 years ago","Review":"Nothing special about this Starbucks, super small, not too much space to sit. The lines are long and the service is super slow. This is just another example of a franchise store run without  any care for the customer or the business. The location of this place make it possible for it to get business, any other location, this store would have closed long time ago.","Likes":""},{"Name":"","Category":"","Rating":" 1 star ","Number_of_Reviews":"","Address":"","Reviewer":"Amanda -","Reviewer_page":"https://www.google.com/maps/contrib/108127393302437497038/reviews?hl=en-US","Review_time":"a year ago","Review":"too hectic. i spend my whole 20 minute break time waiting for my order. not stopping here again","Likes":""},{"Name":"","Category":"","Rating":" 1 star ","Number_of_Reviews":"","Address":"","Reviewer":"Lu Wang","Reviewer_page":"https://www.google.com/maps/contrib/101524115461589591299/reviews?hl=en-US","Review_time":"4 years ago","Review":"Super super super slow, only 3 customers, takes forever to get my drink, would never come again!!!! The employees just don’t care and talking and make things very slow!!","Likes":"2"},{"Name":"","Category":"","Rating":" 4 stars ","Number_of_Reviews":"","Address":"","Reviewer":"Karina Brown","Reviewer_page":"https://www.google.com/maps/contrib/101175512506302664764/reviews?hl=en-US","Review_time":"2 years ago","Review":"The lemon slice cake was actually good and I did enjoy the multigrain bagel.  Good flavor and texture with both confectioners.","Likes":""},{"Name":"","Category":"","Rating":" 3 stars ","Number_of_Reviews":"","Address":"","Reviewer":"Joseph Erskine (Joe)","Reviewer_page":"https://www.google.com/maps/contrib/106574131395012072102/reviews?hl=en-US","Review_time":"8 years ago","Review":"Slower than most Starbucks, but much faster than the Dunkin' Donuts a couple of blocks away on Jay Street near Willoughby. The quality of the drinks is not as good as some of the other Starbucks locations I've been to in Manhattan and on Long Island.","Likes":""},{"Name":"","Category":"","Rating":" 1 star ","Number_of_Reviews":"","Address":"","Reviewer":"W H","Reviewer_page":"https://www.google.com/maps/contrib/103590176768037854153/reviews?hl=en-US","Review_time":"5 years ago","Review":"Always a huge line and I can't say many times they messed up my order and if you go back to ask for it to be corrected they tend to get \"snappy\" and one time even refused to do so avoid this store horrible  customer service","Likes":"1"},{"Name":"","Category":"","Rating":" 1 star ","Number_of_Reviews":"","Address":"","Reviewer":"Yevheniy “Eugene” Sheremeta","Reviewer_page":"https://www.google.com/maps/contrib/111202778854461875918/reviews?hl=en-US","Review_time":"5 years ago","Review":"Very bad service. Don't know what they are doing but they totally messed up my midnight mint mocca frappucino. I had to return it for refund, that is how bad it was.It happened at the location 6 Metrotech in Brooklyn , NY. Service is terrible, very rude personell, that literally don't care about customers. I wasted 20 minutes in line, just to be so disappointed and disgusted","Likes":"1"},{"Name":"","Category":"","Rating":" 1 star ","Number_of_Reviews":"","Address":"","Reviewer":"Damali R","Reviewer_page":"https://www.google.com/maps/contrib/116863083051152469846/reviews?hl=en-US","Review_time":"3 years ago","Review":"I am an avid Starbucks drinker and since this Starbucks is near my job I always come here. for the past week they have been getting my order wrong.. if they get the order wrong and the customer complains they talk about the customers..never ever coming back","Likes":""},{"Name":"","Category":"","Rating":" 4 stars ","Number_of_Reviews":"","Address":"","Reviewer":"Ikhtiyor Djuraev","Reviewer_page":"https://www.google.com/maps/contrib/114739233177615219013/reviews?hl=en-US","Review_time":"7 years ago","Review":"Just needs little more workers in the morning shift. I waited over 10 minutes for my beverage. Overall, good service.","Likes":""},{"Name":"","Category":"","Rating":" 2 stars ","Number_of_Reviews":"","Address":"","Reviewer":"Jess H","Reviewer_page":"https://www.google.com/maps/contrib/104395362275321571502/reviews?hl=en-US","Review_time":"3 years ago","Review":"Only order here if you have 25+ minutes to waste, or will not order mobile. They take at least 10 extra minutes for mobile orders. Not worth being late to work/class.","Likes":""},{"Name":"","Category":"","Rating":" 2 stars ","Number_of_Reviews":"","Address":"","Reviewer":"Alex Montilla","Reviewer_page":"https://www.google.com/maps/contrib/117699297200073356629/reviews?hl=en-US","Review_time":"7 months ago","Review":"I won't be back to this place... The long long wait is unacceptable!","Likes":"1"},{"Name":"","Category":"","Rating":" 4 stars ","Number_of_Reviews":"","Address":"","Reviewer":"S. Fils","Reviewer_page":"https://www.google.com/maps/contrib/100280965716826002235/reviews?hl=en-US","Review_time":"5 years ago","Review":"This store close to my job so 5 days a week I ordered there from the app. Never had to stayed on line and the store always clean. 1 or 3 homeless people but it’s NY after all","Likes":""},{"Name":"","Category":"","Rating":" 1 star ","Number_of_Reviews":"","Address":"","Reviewer":"David Hudson","Reviewer_page":"https://www.google.com/maps/contrib/118052056454768610901/reviews?hl=en-US","Review_time":"6 years ago","Review":"This is by far the worst Starbucks I've ever been to.  They wouldn't even let me use the bathroom after spending $10 on a sandwich and cup of coffee.  I had to run out to use the bathroom at the Marriott Hotel! It was a complete nightmare!!!","Likes":""},{"Name":"","Category":"","Rating":" 4 stars ","Number_of_Reviews":"","Address":"","Reviewer":"Ethan Sequeira","Reviewer_page":"https://www.google.com/maps/contrib/103126818188644297697/reviews?hl=en-US","Review_time":"11 months ago","Review":"Fast, Gave us the wrong order, friendly, overpriced as always. . .","Likes":""},{"Name":"","Category":"","Rating":" 4 stars ","Number_of_Reviews":"","Address":"","Reviewer":"Paulette Cortijo","Reviewer_page":"https://www.google.com/maps/contrib/115834631779988818281/reviews?hl=en-US","Review_time":"3 years ago","Review":"Starbucks is a nice place to visit if your in a coffee mood or to grab a quick snack with any of your favorite drinks they are offering I recommend the strawberry and hibiscus drink it's refreshing and it a good too 🍓🍓🥤🥤","Likes":"1"},{"Name":"","Category":"","Rating":" 4 stars ","Number_of_Reviews":"","Address":"","Reviewer":"Mz. Conflict'd","Reviewer_page":"https://www.google.com/maps/contrib/107320955262585634548/reviews?hl=en-US","Review_time":"a year ago","Review":"As always very friendly service n staff.. Good prices n a selection you can pick from","Likes":""},{"Name":"","Category":"","Rating":" 5 stars ","Number_of_Reviews":"","Address":"","Reviewer":"Antonio Rosas","Reviewer_page":"https://www.google.com/maps/contrib/117377328640974423537/reviews?hl=en-US","Review_time":"3 years ago","Review":"Morning rush and still was able to get my coffee in 10 min. Pretty good with the service too.","Likes":""},{"Name":"","Category":"","Rating":" 5 stars ","Number_of_Reviews":"","Address":"","Reviewer":"NYEINCHAN KYAW","Reviewer_page":"https://www.google.com/maps/contrib/110412658479148938862/reviews?hl=en-US","Review_time":"5 years ago","Review":"They have charging docks built inside the Tables. How cool ! Plus it's not that crowded so i always find a spot to sit.","Likes":""},{"Name":"","Category":"","Rating":" 1 star ","Number_of_Reviews":"","Address":"","Reviewer":"Curt Rempel","Reviewer_page":"https://www.google.com/maps/contrib/103623657447696316358/reviews?hl=en-US","Review_time":"5 years ago","Review":"I guess the store hours are a rough guideline. Almost 20 minutes late and still not open. Don't come early you might be wasting your time.","Likes":""},{"Name":"","Category":"","Rating":" 1 star ","Number_of_Reviews":"","Address":"","Reviewer":"Andrew Mattson","Reviewer_page":"https://www.google.com/maps/contrib/111683261480478180890/reviews?hl=en-US","Review_time":"4 years ago","Review":"They do not hustle in this place. Half the staff walks around with their head up their ass and I’ve been a Starbucks gold member for 6 years so I have been to many Starbucks but this is the slowest ever.","Likes":""},{"Name":"","Category":"","Rating":" 3 stars ","Number_of_Reviews":"","Address":"","Reviewer":"Tai_Love “Tai”","Reviewer_page":"https://www.google.com/maps/contrib/110519117091439363807/reviews?hl=en-US","Review_time":"5 years ago","Review":"As with many  Starbucks location the coffee is good but this location is small and cramped with not enough outlets also very crowed. Not a place I recommend if your studying or short on time.","Likes":"1"},{"Name":"","Category":"","Rating":" 1 star ","Number_of_Reviews":"","Address":"","Reviewer":"Ang","Reviewer_page":"https://www.google.com/maps/contrib/103744922566994139620/reviews?hl=en-US","Review_time":"a year ago","Review":"Get ready to wait 25 minutes for a coffee. Only 2 baristas on a busy Monday morning.","Likes":"1"},{"Name":"","Category":"","Rating":" 1 star ","Number_of_Reviews":"","Address":"","Reviewer":"Frankie Guzikowski","Reviewer_page":"https://www.google.com/maps/contrib/107159133611236399536/reviews?hl=en-US","Review_time":"3 years ago","Review":"I only go here because it’s close to NYU Tandon. Always takes too long and never ceases to impress me with taking my order down incorrectly.","Likes":"2"},{"Name":"","Category":"","Rating":" 3 stars ","Number_of_Reviews":"","Address":"","Reviewer":"Kelley Belgrave","Reviewer_page":"https://www.google.com/maps/contrib/115225484909870141830/reviews?hl=en-US","Review_time":"2 years ago","Review":"Drink was made to my liking","Likes":""},{"Name":"","Category":"","Rating":" 2 stars ","Number_of_Reviews":"","Address":"","Reviewer":"Vanessa Kennedy","Reviewer_page":"https://www.google.com/maps/contrib/108810446185600871969/reviews?hl=en-US","Review_time":"5 years ago","Review":"If I don't dress fly they think I'm a dealer addict etc n judge me n ask me 2 leave. They can keep their $5 coffee!!!!","Likes":""},{"Name":"","Category":"","Rating":" 5 stars ","Number_of_Reviews":"","Address":"","Reviewer":"Basil Masood","Reviewer_page":"https://www.google.com/maps/contrib/108173848040568501019/reviews?hl=en-US","Review_time":"3 years ago","Review":"Its like any other Starbucks. The staff is friendly and the service is fast and efficient.","Likes":""},{"Name":"","Category":"","Rating":" 5 stars ","Number_of_Reviews":"","Address":"","Reviewer":"Jeff Sams","Reviewer_page":"https://www.google.com/maps/contrib/100089792350028015052/reviews?hl=en-US","Review_time":"3 years ago","Review":"Great service with a smile at this location. Thank you, Starbucks. You are always an excellent experience!","Likes":""},{"Name":"","Category":"","Rating":" 2 stars ","Number_of_Reviews":"","Address":"","Reviewer":"Esther Ruiz","Reviewer_page":"https://www.google.com/maps/contrib/108928233669716835133/reviews?hl=en-US","Review_time":"6 years ago","Review":"Very poorly run during peek hours. Why it took two minutes to get a coffee and ten to get a pastry I'll never know.","Likes":""},{"Name":"","Category":"","Rating":" 1 star ","Number_of_Reviews":"","Address":"","Reviewer":"Eugene Sheremeta","Reviewer_page":"https://www.google.com/maps/contrib/102783531220697249524/reviews?hl=en-US","Review_time":"5 years ago","Review":"Terrible experience. Very rude and mean personnel. Messed up my frappucino to the point that I had to return it for refund after one sip. Will never buy at this particular place again. Disgusting....","Likes":"1"},{"Name":"","Category":"","Rating":" 1 star ","Number_of_Reviews":"","Address":"","Reviewer":"eric r","Reviewer_page":"https://www.google.com/maps/contrib/104787257925872340518/reviews?hl=en-US","Review_time":"4 years ago","Review":"3 out of 4 times out of stock for the gluten-free sandwiches. Starbucks has become so unreliable","Likes":"1"},{"Name":"","Category":"","Rating":" 2 stars ","Number_of_Reviews":"","Address":"","Reviewer":"John R","Reviewer_page":"https://www.google.com/maps/contrib/115135428671856549588/reviews?hl=en-US","Review_time":"7 years ago","Review":"This is the only Starbucks that I've been to that doesn't fill it up to the top. Always come out disappointed, either the drink is diluted or they don't fill the cup properly.","Likes":""},{"Name":"","Category":"","Rating":" 1 star ","Number_of_Reviews":"","Address":"","Reviewer":"Melissa Stagg","Reviewer_page":"https://www.google.com/maps/contrib/101457154726709387343/reviews?hl=en-US","Review_time":"3 years ago","Review":"Slow. They are working on only the mobile orders and not even interacting with the customers that are in actual store ordering. Staff on this date were rude and not making eye contact.","Likes":"1"},{"Name":"","Category":"","Rating":" 5 stars ","Number_of_Reviews":"","Address":"","Reviewer":"Denise Gant","Reviewer_page":"https://www.google.com/maps/contrib/115912055364293628215/reviews?hl=en-US","Review_time":"a year ago","Review":"It's Starbucks,  you don't get the regular escape experience but you get your drink and food.","Likes":""},{"Name":"","Category":"","Rating":" 4 stars ","Number_of_Reviews":"","Address":"","Reviewer":"Ali DeCesare","Reviewer_page":"https://www.google.com/maps/contrib/101050140380458158538/reviews?hl=en-US","Review_time":"4 years ago","Review":"Always super packed but the staff gets drinks out fast and are nice.","Likes":""},{"Name":"","Category":"","Rating":" 1 star ","Number_of_Reviews":"","Address":"","Reviewer":"Mo Guerlain","Reviewer_page":"https://www.google.com/maps/contrib/112065738002801577601/reviews?hl=en-US","Review_time":"2 years ago","Review":"At 6.40 morning I get my money back because they don’t have sugar , ridiculous","Likes":""},{"Name":"","Category":"","Rating":" 1 star ","Number_of_Reviews":"","Address":"","Reviewer":"JoyH1989","Reviewer_page":"https://www.google.com/maps/contrib/110054552256881425624/reviews?hl=en-US","Review_time":"4 years ago","Review":"First time I had coffee here it was grand, now the coffee is awful. I wont blame Starbucks though, but would blame the person in charge.","Likes":"2"},{"Name":"","Category":"","Rating":" 2 stars ","Number_of_Reviews":"","Address":"","Reviewer":"Behlor Santi","Reviewer_page":"https://www.google.com/maps/contrib/114753359199768706326/reviews?hl=en-US","Review_time":"6 years ago","Review":"The baristas yell at homeless-looking people, order them to leave. Only come to this Starbucks if you look like you have a job, or you're white.","Likes":""},{"Name":"","Category":"","Rating":" 1 star ","Number_of_Reviews":"","Address":"","Reviewer":"Sahniyah (Barbie)","Reviewer_page":"https://www.google.com/maps/contrib/107668653872027645945/reviews?hl=en-US","Review_time":"3 years ago","Review":"I waited a half of an hour for a vanilla bean frappuccino and cake pop and I paid a whole 8 dollars","Likes":""},{"Name":"","Category":"","Rating":" 5 stars ","Number_of_Reviews":"","Address":"","Reviewer":"Rillseductive","Reviewer_page":"https://www.google.com/maps/contrib/102469255812948742020/reviews?hl=en-US","Review_time":"a year ago","Review":"Service was quick & staff was professional _ curious","Likes":""},{"Name":"","Category":"","Rating":" 1 star ","Number_of_Reviews":"","Address":"","Reviewer":"Shalom P","Reviewer_page":"https://www.google.com/maps/contrib/102508868512941690896/reviews?hl=en-US","Review_time":"5 years ago","Review":"Worse costumer service the guy who serve me drink he give me a cup spilling all over and he didn't even bother to clean it up and he just say clean it yourself I won't spect this kind of service from Starbucks","Likes":""},{"Name":"","Category":"","Rating":" 5 stars ","Number_of_Reviews":"","Address":"","Reviewer":"Princess Campbell","Reviewer_page":"https://www.google.com/maps/contrib/115778205193857992795/reviews?hl=en-US","Review_time":"2 years ago","Review":"Less people short lines and best of all everything comes out fast.","Likes":""},{"Name":"","Category":"","Rating":" 1 star ","Number_of_Reviews":"","Address":"","Reviewer":"a e","Reviewer_page":"https://www.google.com/maps/contrib/116632250453171297715/reviews?hl=en-US","Review_time":"3 years ago","Review":"The personal ( new personal) not trained enough. Im order cappuchino and get steam milk","Likes":""},{"Name":"","Category":"","Rating":" 5 stars ","Number_of_Reviews":"","Address":"","Reviewer":"Geo Hernandez","Reviewer_page":"https://www.google.com/maps/contrib/117572441689895784934/reviews?hl=en-US","Review_time":"3 years ago","Review":"Always busy but definitely a good starbucks to get a cupbof joee","Likes":""},{"Name":"","Category":"","Rating":" 5 stars ","Number_of_Reviews":"","Address":"","Reviewer":"Mario Lima","Reviewer_page":"https://www.google.com/maps/contrib/116899171000676158731/reviews?hl=en-US","Review_time":"5 years ago","Review":"Very nice service , gets a bit packed , but there's more around the area.","Likes":""},{"Name":"","Category":"","Rating":" 3 stars ","Number_of_Reviews":"","Address":"","Reviewer":"Kiki Love","Reviewer_page":"https://www.google.com/maps/contrib/115316717197963093594/reviews?hl=en-US","Review_time":"2 years ago","Review":"This Starbucks is efficient and accurate. The ambiance inside is grab and go.","Likes":""},{"Name":"","Category":"","Rating":" 1 star ","Number_of_Reviews":"","Address":"","Reviewer":"Jacky","Reviewer_page":"https://www.google.com/maps/contrib/111915219835689639245/reviews?hl=en-US","Review_time":"3 years ago","Review":"When to starbucks today I ordered  a Venti ice coffee and had to wait 15 minutes for it.","Likes":"1"},{"Name":"","Category":"","Rating":" 4 stars ","Number_of_Reviews":"","Address":"","Reviewer":"Max B.","Reviewer_page":"https://www.google.com/maps/contrib/111518336088490080715/reviews?hl=en-US","Review_time":"4 years ago","Review":"Great service and staff, but they messed up with the renovation and now there are no seats, it seems like they worry more about the online orders.","Likes":""},{"Name":"","Category":"","Rating":" 1 star ","Number_of_Reviews":"","Address":"","Reviewer":"Asif Iqbal","Reviewer_page":"https://www.google.com/maps/contrib/113766854705695954223/reviews?hl=en-US","Review_time":"5 years ago","Review":"Most of times they are out of milk and sugar when you asked them they give you run- around and not a clean store.","Likes":""},{"Name":"","Category":"","Rating":" 1 star ","Number_of_Reviews":"","Address":"","Reviewer":"Pinhan Zhao","Reviewer_page":"https://www.google.com/maps/contrib/105743154609996816296/reviews?hl=en-US","Review_time":"a month ago","Review":"slow as shete","Likes":""},{"Name":"","Category":"","Rating":" 1 star ","Number_of_Reviews":"","Address":"","Reviewer":"Rob Anderson","Reviewer_page":"https://www.google.com/maps/contrib/101141685954735033077/reviews?hl=en-US","Review_time":"5 years ago","Review":"Brutal service. One person behind the counter taking orders, ringing people up, and making the drinks doesn’t cut it.","Likes":"1"},{"Name":"","Category":"","Rating":" 1 star ","Number_of_Reviews":"","Address":"","Reviewer":"Lindsay Einhorn","Reviewer_page":"https://www.google.com/maps/contrib/110138642387180615968/reviews?hl=en-US","Review_time":"3 years ago","Review":"20 min wait for my drink after order, never again!","Likes":""},{"Name":"","Category":"","Rating":" 5 stars ","Number_of_Reviews":"","Address":"","Reviewer":"Quensi J","Reviewer_page":"https://www.google.com/maps/contrib/102199391554312313391/reviews?hl=en-US","Review_time":"2 years ago","Review":"They're super quick. Even in rush hour.","Likes":""},{"Name":"","Category":"","Rating":" 3 stars ","Number_of_Reviews":"","Address":"","Reviewer":"M A","Reviewer_page":"https://www.google.com/maps/contrib/104244078945765650737/reviews?hl=en-US","Review_time":"3 years ago","Review":"Convenient location, but could get a bit crowded, so I usu go to the nearby store","Likes":""},{"Name":"","Category":"","Rating":" 4 stars ","Number_of_Reviews":"","Address":"","Reviewer":"A. H.","Reviewer_page":"https://www.google.com/maps/contrib/108632153878903308899/reviews?hl=en-US","Review_time":"6 years ago","Review":"Always packed, but the line goes quick and the service is friendly as can be.","Likes":""},{"Name":"","Category":"","Rating":" 4 stars ","Number_of_Reviews":"","Address":"","Reviewer":"CJ Cook","Reviewer_page":"https://www.google.com/maps/contrib/104550296108149843215/reviews?hl=en-US","Review_time":"a year ago","Review":"Great music playing while I wait for my drinks","Likes":""},{"Name":"","Category":"","Rating":" 3 stars ","Number_of_Reviews":"","Address":"","Reviewer":"Drew Zangle","Reviewer_page":"https://www.google.com/maps/contrib/115784292182565190162/reviews?hl=en-US","Review_time":"10 years ago","Review":"Always very crowded. You are better off finding another location or settling in to wait 30 minutes.","Likes":""},{"Name":"","Category":"","Rating":" 5 stars ","Number_of_Reviews":"","Address":"","Reviewer":"Abigail Briones","Reviewer_page":"https://www.google.com/maps/contrib/113074681348989482292/reviews?hl=en-US","Review_time":"3 years ago","Review":"Overall great, just that this place gets super packed!","Likes":""},{"Name":"","Category":"","Rating":" 1 star ","Number_of_Reviews":"","Address":"","Reviewer":"Aseel Hassan","Reviewer_page":"https://www.google.com/maps/contrib/104358776740375682716/reviews?hl=en-US","Review_time":"3 years ago","Review":"It took me a half an hour to get a frappuccino at 6:30 pm","Likes":""},{"Name":"","Category":"","Rating":" 5 stars ","Number_of_Reviews":"","Address":"","Reviewer":"GLORIA LEONARD","Reviewer_page":"https://www.google.com/maps/contrib/108144148856244715469/reviews?hl=en-US","Review_time":"4 years ago","Review":"I love the way they make my matcha green tea latte.","Likes":""},{"Name":"","Category":"","Rating":" 1 star ","Number_of_Reviews":"","Address":"","Reviewer":"Maisha Ahmad","Reviewer_page":"https://www.google.com/maps/contrib/102075303227675943304/reviews?hl=en-US","Review_time":"2 years ago","Review":"Horrible customer service and unprofessional attitude  is prominent in all the associates :(","Likes":""},{"Name":"","Category":"","Rating":" 3 stars ","Number_of_Reviews":"","Address":"","Reviewer":"Crystal Allen","Reviewer_page":"https://www.google.com/maps/contrib/117277511375532858726/reviews?hl=en-US","Review_time":"8 months ago","Review":"Service is really slow.","Likes":""},{"Name":"","Category":"","Rating":" 5 stars ","Number_of_Reviews":"","Address":"","Reviewer":"Ricardo Beaussejour","Reviewer_page":"https://www.google.com/maps/contrib/109707970537462555404/reviews?hl=en-US","Review_time":"a year ago","Review":"Fast, orderly and the baristas are always upbeat","Likes":""},{"Name":"","Category":"","Rating":" 1 star ","Number_of_Reviews":"","Address":"","Reviewer":"Peter Mann","Reviewer_page":"https://www.google.com/maps/contrib/103657060445380375038/reviews?hl=en-US","Review_time":"4 years ago","Review":"40 minutes  For  A chai Frappuccino unbelievably slow and rude barristas!","Likes":"1"},{"Name":"","Category":"","Rating":" 4 stars ","Number_of_Reviews":"","Address":"","Reviewer":"William","Reviewer_page":"https://www.google.com/maps/contrib/113095049411348762731/reviews?hl=en-US","Review_time":"2 years ago","Review":"Great but service is always slow, even with the mobile app.","Likes":""},{"Name":"","Category":"","Rating":" 5 stars ","Number_of_Reviews":"","Address":"","Reviewer":"Charlotte H","Reviewer_page":"https://www.google.com/maps/contrib/100336698930082160994/reviews?hl=en-US","Review_time":"3 years ago","Review":"Fast service and the cashier spelled my name correct","Likes":""},{"Name":"","Category":"","Rating":" 5 stars ","Number_of_Reviews":"","Address":"","Reviewer":"Ariagna Antigua","Reviewer_page":"https://www.google.com/maps/contrib/111722276521361119374/reviews?hl=en-US","Review_time":"5 years ago","Review":"The service is usually pretty quick.  The staff is nice.","Likes":""},{"Name":"","Category":"","Rating":" 3 stars ","Number_of_Reviews":"","Address":"","Reviewer":"J","Reviewer_page":"https://www.google.com/maps/contrib/111934554425504467318/reviews?hl=en-US","Review_time":"5 years ago","Review":"Cozy good fresh coffee. Don't really like the music selection.","Likes":"3"},{"Name":"","Category":"","Rating":" 4 stars ","Number_of_Reviews":"","Address":"","Reviewer":"Michelle Fraser","Reviewer_page":"https://www.google.com/maps/contrib/104083225664180771757/reviews?hl=en-US","Review_time":"3 years ago","Review":"Good coffee, a little pricey, but still good.","Likes":""},{"Name":"","Category":"","Rating":" 3 stars ","Number_of_Reviews":"","Address":"","Reviewer":"Erik Mace","Reviewer_page":"https://www.google.com/maps/contrib/115473598566119575524/reviews?hl=en-US","Review_time":"9 years ago","Review":"This Starbucks might have the rudest/least complement baristas in the city. Which is saying a lot.","Likes":""},{"Name":"","Category":"","Rating":" 2 stars ","Number_of_Reviews":"","Address":"","Reviewer":"Snehaa Ganesan","Reviewer_page":"https://www.google.com/maps/contrib/110341903247200858413/reviews?hl=en-US","Review_time":"2 years ago","Review":"Bad service! Nobody to hand out drinks that are ready.","Likes":"3"},{"Name":"","Category":"","Rating":" 1 star ","Number_of_Reviews":"","Address":"","Reviewer":"Patbro Bro","Reviewer_page":"https://www.google.com/maps/contrib/104084809649166752482/reviews?hl=en-US","Review_time":"5 years ago","Review":"I have to agree with these one star regrets, the overall customer disservice, made food disgusting and attitude negative","Likes":"1"},{"Name":"","Category":"","Rating":" 4 stars ","Number_of_Reviews":"","Address":"","Reviewer":"Miranda Baboolal","Reviewer_page":"https://www.google.com/maps/contrib/106755748571838603569/reviews?hl=en-US","Review_time":"3 years ago","Review":"Good service, but no real seating","Likes":""},{"Name":"","Category":"","Rating":" 2 stars ","Number_of_Reviews":"","Address":"","Reviewer":"Jafar Jaffery","Reviewer_page":"https://www.google.com/maps/contrib/102791641656498537167/reviews?hl=en-US","Review_time":"2 years ago","Review":"Very unorganized, takes forever to get your order to you","Likes":""},{"Name":"","Category":"","Rating":" 5 stars ","Number_of_Reviews":"","Address":"","Reviewer":"P. J.","Reviewer_page":"https://www.google.com/maps/contrib/104398654814717636890/reviews?hl=en-US","Review_time":"5 years ago","Review":"Real people.  Real coffee.  Say, Hello, to Sam in the corner, watching videos on his phone.   You are now in Brooklyn!","Likes":""},{"Name":"","Category":"","Rating":" 4 stars ","Number_of_Reviews":"","Address":"","Reviewer":"Joe Messina","Reviewer_page":"https://www.google.com/maps/contrib/112708902447329560823/reviews?hl=en-US","Review_time":"5 years ago","Review":"Nice Starbucks, but it gets quite busy as it covers multiple schools.","Likes":""},{"Name":"","Category":"","Rating":" 1 star ","Number_of_Reviews":"","Address":"","Reviewer":"christine","Reviewer_page":"https://www.google.com/maps/contrib/116301539526941341839/reviews?hl=en-US","Review_time":"4 years ago","Review":"IVE WAITED OVER 30 MINUTES FOR A TEA THAT TAKES LESS THAN 5 MINUTES TO MAKE THIS IS ANNOYING ME I NEED TO GET HOME I JUST WANTED A TEA WHEN ITS 90 DEGREES OUT !","Likes":"2"},{"Name":"","Category":"","Rating":" 3 stars ","Number_of_Reviews":"","Address":"","Reviewer":"Christopher Brooklyn","Reviewer_page":"https://www.google.com/maps/contrib/108299584324209206683/reviews?hl=en-US","Review_time":"4 years ago","Review":"It's a Starbucks.... it's the same everywhere....I actually think I saw another Starbucks.. while on line...IN A STARBUCKS","Likes":"1"},{"Name":"","Category":"","Rating":" 3 stars ","Number_of_Reviews":"","Address":"","Reviewer":"Gregory Stemkowski","Reviewer_page":"https://www.google.com/maps/contrib/111663870341728841210/reviews?hl=en-US","Review_time":"9 years ago","Review":"Slowest Starbucks I've ever been in. 20 min cup of coffee.","Likes":""},{"Name":"","Category":"","Rating":" 1 star ","Number_of_Reviews":"","Address":"","Reviewer":"Hayat Kısa","Reviewer_page":"https://www.google.com/maps/contrib/109692573407284123594/reviews?hl=en-US","Review_time":"3 years ago","Review":"So slow work, with not hot (even not warm) coffee!","Likes":"2"},{"Name":"","Category":"","Rating":" 1 star ","Number_of_Reviews":"","Address":"","Reviewer":"Jonathan Rodriguez","Reviewer_page":"https://www.google.com/maps/contrib/110807808942323865497/reviews?hl=en-US","Review_time":"4 years ago","Review":"Super expensive. Bring back the old school diners and decent price places.","Likes":"1"},{"Name":"","Category":"","Rating":" 4 stars ","Number_of_Reviews":"","Address":"","Reviewer":"Tughlok Siddiquee","Reviewer_page":"https://www.google.com/maps/contrib/113334636078780934730/reviews?hl=en-US","Review_time":"3 years ago","Review":"Looks great\nBut always late","Likes":""},{"Name":"","Category":"","Rating":" 5 stars ","Number_of_Reviews":"","Address":"","Reviewer":"Maureen Tucker-Ricketts","Reviewer_page":"https://www.google.com/maps/contrib/108826442719716400355/reviews?hl=en-US","Review_time":"4 years ago","Review":"Great, but wait time is too long","Likes":""},{"Name":"","Category":"","Rating":" 5 stars ","Number_of_Reviews":"","Address":"","Reviewer":"Sharon Grafton","Reviewer_page":"https://www.google.com/maps/contrib/102614917379492124419/reviews?hl=en-US","Review_time":"4 years ago","Review":"Great staff and service. Love Kim.","Likes":""},{"Name":"","Category":"","Rating":" 3 stars ","Number_of_Reviews":"","Address":"","Reviewer":"Jasmine G","Reviewer_page":"https://www.google.com/maps/contrib/114526980032807628559/reviews?hl=en-US","Review_time":"3 years ago","Review":"No seating smh customer service  is okay","Likes":""},{"Name":"","Category":"","Rating":" 5 stars ","Number_of_Reviews":"","Address":"","Reviewer":"ronald “all american boy” wingate","Reviewer_page":"https://www.google.com/maps/contrib/109548217230330986324/reviews?hl=en-US","Review_time":"2 years ago","Review":"Neat, but no sitting arraignments.","Likes":""},{"Name":"","Category":"","Rating":" 5 stars ","Number_of_Reviews":"","Address":"","Reviewer":"Veronica Cordido","Reviewer_page":"https://www.google.com/maps/contrib/110382059875434617353/reviews?hl=en-US","Review_time":"9 months ago","Review":"Delicious Caramel Macchiato","Likes":""},{"Name":"","Category":"","Rating":" 3 stars ","Number_of_Reviews":"","Address":"","Reviewer":"Nilesh Samanta","Reviewer_page":"https://www.google.com/maps/contrib/115283105455354413469/reviews?hl=en-US","Review_time":"6 years ago","Review":"Good place to get a cup before class.","Likes":""},{"Name":"","Category":"","Rating":" 5 stars ","Number_of_Reviews":"","Address":"","Reviewer":"TAMMI COHN","Reviewer_page":"https://www.google.com/maps/contrib/117600429160515505776/reviews?hl=en-US","Review_time":"4 years ago","Review":"Excellent service, friendly Baristas!","Likes":""},{"Name":"","Category":"","Rating":" 5 stars ","Number_of_Reviews":"","Address":"","Reviewer":"Ross Reisman","Reviewer_page":"https://www.google.com/maps/contrib/101250909892843770052/reviews?hl=en-US","Review_time":"a year ago","Review":"New Apple drink is fire","Likes":""},{"Name":"","Category":"","Rating":" 5 stars ","Number_of_Reviews":"","Address":"","Reviewer":"kushal mistri","Reviewer_page":"https://www.google.com/maps/contrib/103935790649988683450/reviews?hl=en-US","Review_time":"3 years ago","Review":"As always, they are the best in business.","Likes":""},{"Name":"","Category":"","Rating":" 5 stars ","Number_of_Reviews":"","Address":"","Reviewer":"Lisa Turner","Reviewer_page":"https://www.google.com/maps/contrib/111098491413699226662/reviews?hl=en-US","Review_time":"3 years ago","Review":"Great for a quick snack or meal","Likes":""},{"Name":"","Category":"","Rating":" 4 stars ","Number_of_Reviews":"","Address":"","Reviewer":"Hamoud Alhawiti","Reviewer_page":"https://www.google.com/maps/contrib/112734209174433253954/reviews?hl=en-US","Review_time":"5 years ago","Review":"Great","Likes":"1"},{"Name":"","Category":"","Rating":" 5 stars ","Number_of_Reviews":"","Address":"","Reviewer":"Robert Carlo","Reviewer_page":"https://www.google.com/maps/contrib/111274998824532618415/reviews?hl=en-US","Review_time":"a year ago","Review":"Always fast and professional","Likes":""},{"Name":"","Category":"","Rating":" 5 stars ","Number_of_Reviews":"","Address":"","Reviewer":"Greg Rosenberg","Reviewer_page":"https://www.google.com/maps/contrib/106048882242402855446/reviews?hl=en-US","Review_time":"5 years ago","Review":"Everyone is nice, fast and professional.","Likes":""},{"Name":"","Category":"","Rating":" 4 stars ","Number_of_Reviews":"","Address":"","Reviewer":"Aditi Bhatty","Reviewer_page":"https://www.google.com/maps/contrib/111513035507666782027/reviews?hl=en-US","Review_time":"a year ago","Review":"Amazing drinks.","Likes":""},{"Name":"","Category":"","Rating":" 1 star ","Number_of_Reviews":"","Address":"","Reviewer":"兮兮","Reviewer_page":"https://www.google.com/maps/contrib/114659308375472800896/reviews?hl=en-US","Review_time":"5 years ago","Review":"worst starbucks service ever","Likes":"1"},{"Name":"","Category":"","Rating":" 3 stars ","Number_of_Reviews":"","Address":"","Reviewer":"Yevgeniy Shandler","Reviewer_page":"https://www.google.com/maps/contrib/105816140906235011924/reviews?hl=en-US","Review_time":"5 years ago","Review":"The is always a line and half an hour wait.","Likes":""},{"Name":"","Category":"","Rating":" 1 star ","Number_of_Reviews":"","Address":"","Reviewer":"Kelly -","Reviewer_page":"https://www.google.com/maps/contrib/111612440009266614350/reviews?hl=en-US","Review_time":"3 years ago","Review":"They take forever and they are rude","Likes":"1"},{"Name":"","Category":"","Rating":" 5 stars ","Number_of_Reviews":"","Address":"","Reviewer":"Laurina","Reviewer_page":"https://www.google.com/maps/contrib/108341205236649545322/reviews?hl=en-US","Review_time":"a year ago","Review":"Best coffee in the world","Likes":""},{"Name":"","Category":"","Rating":" 4 stars ","Number_of_Reviews":"","Address":"","Reviewer":"Pier Moore","Reviewer_page":"https://www.google.com/maps/contrib/105042547829671297334/reviews?hl=en-US","Review_time":"3 years ago","Review":"Long lines...good coffee","Likes":""},{"Name":"","Category":"","Rating":" 5 stars ","Number_of_Reviews":"","Address":"","Reviewer":"Jio Bodega","Reviewer_page":"https://www.google.com/maps/contrib/104206380403962825728/reviews?hl=en-US","Review_time":"a year ago","Review":"Great service as always","Likes":""},{"Name":"","Category":"","Rating":" 5 stars ","Number_of_Reviews":"","Address":"","Reviewer":"Dennis Carr","Reviewer_page":"https://www.google.com/maps/contrib/116628209068697849072/reviews?hl=en-US","Review_time":"4 years ago","Review":"The place you can buy a coffee","Likes":""},{"Name":"","Category":"","Rating":" 5 stars ","Number_of_Reviews":"","Address":"","Reviewer":"David Francis","Reviewer_page":"https://www.google.com/maps/contrib/114346540825759205070/reviews?hl=en-US","Review_time":"4 years ago","Review":"Central place to stop and get great coffee","Likes":""},{"Name":"","Category":"","Rating":" 5 stars ","Number_of_Reviews":"","Address":"","Reviewer":"Medical Office","Reviewer_page":"https://www.google.com/maps/contrib/112400958925997585578/reviews?hl=en-US","Review_time":"a year ago","Review":"Love coffe","Likes":""},{"Name":"","Category":"","Rating":" 2 stars ","Number_of_Reviews":"","Address":"","Reviewer":"Frankie Fu","Reviewer_page":"https://www.google.com/maps/contrib/102402259828096687876/reviews?hl=en-US","Review_time":"6 years ago","Review":"uncaring service, bad looking drinks.","Likes":""},{"Name":"","Category":"","Rating":" 4 stars ","Number_of_Reviews":"","Address":"","Reviewer":"carl tabor","Reviewer_page":"https://www.google.com/maps/contrib/103458058598329835059/reviews?hl=en-US","Review_time":"6 years ago","Review":"Ok Starbucks. Line almost all the time.","Likes":""},{"Name":"","Category":"","Rating":" 5 stars ","Number_of_Reviews":"","Address":"","Reviewer":"Cristiana Bodnariuc","Reviewer_page":"https://www.google.com/maps/contrib/102721302235602347886/reviews?hl=en-US","Review_time":"3 years ago","Review":"Great friendly staff :)","Likes":""},{"Name":"","Category":"","Rating":" 5 stars ","Number_of_Reviews":"","Address":"","Reviewer":"Rachel Dietrich","Reviewer_page":"https://www.google.com/maps/contrib/110585018329783696491/reviews?hl=en-US","Review_time":"3 years ago","Review":"Café food is amazing","Likes":""},{"Name":"","Category":"","Rating":" 5 stars ","Number_of_Reviews":"","Address":"","Reviewer":"Ron Tehrani","Reviewer_page":"https://www.google.com/maps/contrib/107953719035925405016/reviews?hl=en-US","Review_time":"3 years ago","Review":"Amazing quality sandwiches","Likes":""},{"Name":"","Category":"","Rating":" 4 stars ","Number_of_Reviews":"","Address":"","Reviewer":"Brock Seymour","Reviewer_page":"https://www.google.com/maps/contrib/101161519308340964251/reviews?hl=en-US","Review_time":"3 years ago","Review":"Always good for lattes","Likes":""},{"Name":"","Category":"","Rating":" 5 stars ","Number_of_Reviews":"","Address":"","Reviewer":"Rising Phoenix","Reviewer_page":"https://www.google.com/maps/contrib/116674103860592471097/reviews?hl=en-US","Review_time":"2 years ago","Review":"Good pumpkin latte","Likes":""},{"Name":"","Category":"","Rating":" 4 stars ","Number_of_Reviews":"","Address":"","Reviewer":"Conrad Dean","Reviewer_page":"https://www.google.com/maps/contrib/111558915060452096795/reviews?hl=en-US","Review_time":"5 years ago","Review":"You can drink here","Likes":""},{"Name":"","Category":"","Rating":" 5 stars ","Number_of_Reviews":"","Address":"","Reviewer":"Sourav Jaiswal","Reviewer_page":"https://www.google.com/maps/contrib/104757679699845112090/reviews?hl=en-US","Review_time":"3 years ago","Review":"Excellent coffee ☕","Likes":""},{"Name":"","Category":"","Rating":" 4 stars ","Number_of_Reviews":"","Address":"","Reviewer":"Tommy De Schryver","Reviewer_page":"https://www.google.com/maps/contrib/108391594954005967910/reviews?hl=en-US","Review_time":"3 years ago","Review":"Good Coffee offcourse","Likes":""},{"Name":"","Category":"","Rating":" 5 stars ","Number_of_Reviews":"","Address":"","Reviewer":"Claire Bird","Reviewer_page":"https://www.google.com/maps/contrib/113638833081114107038/reviews?hl=en-US","Review_time":"5 years ago","Review":"Great customer service!!!","Likes":""},{"Name":"","Category":"","Rating":" 5 stars ","Number_of_Reviews":"","Address":"","Reviewer":"Tee Tee","Reviewer_page":"https://www.google.com/maps/contrib/104857996658071064465/reviews?hl=en-US","Review_time":"5 years ago","Review":"Love it.","Likes":""},{"Name":"","Category":"","Rating":" 5 stars ","Number_of_Reviews":"","Address":"","Reviewer":"Matthew Murphy","Reviewer_page":"https://www.google.com/maps/contrib/105188865703964720616/reviews?hl=en-US","Review_time":"4 years ago","Review":"Best Starbucks in Brooklyn!!","Likes":""},{"Name":"","Category":"","Rating":" 1 star ","Number_of_Reviews":"","Address":"","Reviewer":"Maria Plochocki","Reviewer_page":"https://www.google.com/maps/contrib/101983050926444749071/reviews?hl=en-US","Review_time":"a year ago","Review":"They suck.","Likes":""},{"Name":"","Category":"","Rating":" 4 stars ","Number_of_Reviews":"","Address":"","Reviewer":"Shelly Walters","Reviewer_page":"https://www.google.com/maps/contrib/113878128039480886705/reviews?hl=en-US","Review_time":"3 years ago","Review":"Excellent coffee","Likes":""},{"Name":"","Category":"","Rating":" 1 star ","Number_of_Reviews":"","Address":"","Reviewer":"Rod Vincent","Reviewer_page":"https://www.google.com/maps/contrib/113792706452129629480/reviews?hl=en-US","Review_time":"4 years ago","Review":"Didn't go to Starbucks","Likes":""},{"Name":"","Category":"","Rating":" 5 stars ","Number_of_Reviews":"","Address":"","Reviewer":"Barbara Payne","Reviewer_page":"https://www.google.com/maps/contrib/113988954357841988822/reviews?hl=en-US","Review_time":"2 years ago","Review":"Price extremely high","Likes":""},{"Name":"","Category":"","Rating":" 5 stars ","Number_of_Reviews":"","Address":"","Reviewer":"Rakim Allah","Reviewer_page":"https://www.google.com/maps/contrib/100313943159292815541/reviews?hl=en-US","Review_time":"3 years ago","Review":"Excellent experience","Likes":""},{"Name":"","Category":"","Rating":" 5 stars ","Number_of_Reviews":"","Address":"","Reviewer":"Marisol Hernandez","Reviewer_page":"https://www.google.com/maps/contrib/109084096636038449654/reviews?hl=en-US","Review_time":"a year ago","Review":"Good coffee","Likes":"1"},{"Name":"","Category":"","Rating":" 5 stars ","Number_of_Reviews":"","Address":"","Reviewer":"Kirill Chashin","Reviewer_page":"https://www.google.com/maps/contrib/108927566627577460407/reviews?hl=en-US","Review_time":"5 years ago","Review":"Just a regular Starbucks","Likes":""},{"Name":"","Category":"","Rating":" 4 stars ","Number_of_Reviews":"","Address":"","Reviewer":"Will Lee","Reviewer_page":"https://www.google.com/maps/contrib/115678258443065622782/reviews?hl=en-US","Review_time":"6 years ago","Review":"Clean and neat Starbucks","Likes":""},{"Name":"","Category":"","Rating":" 4 stars ","Number_of_Reviews":"","Address":"","Reviewer":"kojo thompson","Reviewer_page":"https://www.google.com/maps/contrib/112143496364090096071/reviews?hl=en-US","Review_time":"3 years ago","Review":"Good service","Likes":""},{"Name":"","Category":"","Rating":" 5 stars ","Number_of_Reviews":"","Address":"","Reviewer":"Melinda Woods","Reviewer_page":"https://www.google.com/maps/contrib/113389779762681924389/reviews?hl=en-US","Review_time":"3 years ago","Review":"favorite","Likes":""},{"Name":"","Category":"","Rating":" 4 stars ","Number_of_Reviews":"","Address":"","Reviewer":"Angela Inman","Reviewer_page":"https://www.google.com/maps/contrib/116241621841050509678/reviews?hl=en-US","Review_time":"3 years ago","Review":"It was wonderful","Likes":""},{"Name":"","Category":"","Rating":" 5 stars ","Number_of_Reviews":"","Address":"","Reviewer":"Bow Street Runner","Reviewer_page":"https://www.google.com/maps/contrib/116176427657042570216/reviews?hl=en-US","Review_time":"3 years ago","Review":"Cool","Likes":""},{"Name":"","Category":"","Rating":" 5 stars ","Number_of_Reviews":"","Address":"","Reviewer":"Antonio Salamanca","Reviewer_page":"https://www.google.com/maps/contrib/106333607153628756928/reviews?hl=en-US","Review_time":"3 years ago","Review":"Good as always!!!","Likes":""},{"Name":"","Category":"","Rating":" 1 star ","Number_of_Reviews":"","Address":"","Reviewer":"s seo","Reviewer_page":"https://www.google.com/maps/contrib/114569702869084040726/reviews?hl=en-US","Review_time":"3 years ago","Review":"Bad service","Likes":"2"},{"Name":"","Category":"","Rating":" 5 stars ","Number_of_Reviews":"","Address":"","Reviewer":"Fares Darkal","Reviewer_page":"https://www.google.com/maps/contrib/112589867650295961028/reviews?hl=en-US","Review_time":"5 years ago","Review":"Omg awesome","Likes":""},{"Name":"","Category":"","Rating":" 4 stars ","Number_of_Reviews":"","Address":"","Reviewer":"Syed Shabir Hussain","Reviewer_page":"https://www.google.com/maps/contrib/112698621401492889997/reviews?hl=en-US","Review_time":"a year ago","Review":"🔥🔥","Likes":""},{"Name":"","Category":"","Rating":" 5 stars ","Number_of_Reviews":"","Address":"","Reviewer":"Margarita Martinez","Reviewer_page":"https://www.google.com/maps/contrib/109161455453433351470/reviews?hl=en-US","Review_time":"3 years ago","Review":"Great","Likes":""},{"Name":"","Category":"","Rating":" 5 stars ","Number_of_Reviews":"","Address":"","Reviewer":"Noel Sanchez","Reviewer_page":"https://www.google.com/maps/contrib/115940236412441661042/reviews?hl=en-US","Review_time":"2 years ago","Review":"Love coffee","Likes":""},{"Name":"","Category":"","Rating":" 3 stars ","Number_of_Reviews":"","Address":"","Reviewer":"Leya Sandoval","Reviewer_page":"https://www.google.com/maps/contrib/113774781501725433506/reviews?hl=en-US","Review_time":"4 years ago","Review":"Slow service","Likes":""},{"Name":"","Category":"","Rating":" 5 stars ","Number_of_Reviews":"","Address":"","Reviewer":"Amir Bhuiyan","Reviewer_page":"https://www.google.com/maps/contrib/100591829065018938480/reviews?hl=en-US","Review_time":"3 years ago","Review":"Friendly baristas","Likes":""},{"Name":"","Category":"","Rating":" 1 star ","Number_of_Reviews":"","Address":"","Reviewer":"Ique Atoen","Reviewer_page":"https://www.google.com/maps/contrib/110626245162249021683/reviews?hl=en-US","Review_time":"4 years ago","Review":"It sucks yo","Likes":""},{"Name":"","Category":"","Rating":" 4 stars ","Number_of_Reviews":"","Address":"","Reviewer":"michael Panas","Reviewer_page":"https://www.google.com/maps/contrib/108360103901529543937/reviews?hl=en-US","Review_time":"3 years ago","Review":"Great place","Likes":""},{"Name":"","Category":"","Rating":" 5 stars ","Number_of_Reviews":"","Address":"","Reviewer":"Ovadia Mor","Reviewer_page":"https://www.google.com/maps/contrib/100332546191724988079/reviews?hl=en-US","Review_time":"3 years ago","Review":"Giving to the community..","Likes":""},{"Name":"","Category":"","Rating":" 3 stars ","Number_of_Reviews":"","Address":"","Reviewer":"Jean Michel","Reviewer_page":"https://www.google.com/maps/contrib/115282146766488391493/reviews?hl=en-US","Review_time":"3 years ago","Review":"Same everywhere.","Likes":""},{"Name":"","Category":"","Rating":" 2 stars ","Number_of_Reviews":"","Address":"","Reviewer":"Coffee Ace","Reviewer_page":"https://www.google.com/maps/contrib/111099767540331574728/reviews?hl=en-US","Review_time":"5 years ago","Review":"crowd","Likes":""},{"Name":"","Category":"","Rating":" 2 stars ","Number_of_Reviews":"","Address":"","Reviewer":"Ruchie Shrivastava","Reviewer_page":"https://www.google.com/maps/contrib/109617292242942535921/reviews?hl=en-US","Review_time":"3 years ago","Review":"It was okay","Likes":""},{"Name":"","Category":"","Rating":" 1 star ","Number_of_Reviews":"","Address":"","Reviewer":"Gayle THOMAS","Reviewer_page":"https://www.google.com/maps/contrib/107098976933406056890/reviews?hl=en-US","Review_time":"3 years ago","Review":"Nasty bathroom","Likes":""},{"Name":"","Category":"","Rating":" 1 star ","Number_of_Reviews":"","Address":"","Reviewer":"T J Holub","Reviewer_page":"https://www.google.com/maps/contrib/103884686764252505478/reviews?hl=en-US","Review_time":"6 years ago","Review":"Uncaring service","Likes":""},{"Name":"","Category":"","Rating":" 1 star ","Number_of_Reviews":"","Address":"","Reviewer":"Dylan T.","Reviewer_page":"https://www.google.com/maps/contrib/111708848441429968682/reviews?hl=en-US","Review_time":"a day ago","Review":"Always under staffed.","Likes":""},{"Name":"","Category":"","Rating":" 3 stars ","Number_of_Reviews":"","Address":"","Reviewer":"PATRICIO IGNACIO SOTO TORO","Reviewer_page":"https://www.google.com/maps/contrib/113876964376149431043/reviews?hl=en-US","Review_time":"9 months ago","Review":"(Translated by Google) Same as everywhere, expensive... nothing new... They have wifi. Is this crazy the staff is a bit rough\n\n(Original)\nIgual que en todos lados, caro.. nada nuevo... Tienen wifi. Es este loca el personal es un poco tosco","Likes":""},{"Name":"","Category":"","Rating":" 1 star ","Number_of_Reviews":"","Address":"","Reviewer":"Yuliya Buzhynskaya","Reviewer_page":"https://www.google.com/maps/contrib/118394363912961533574/reviews?hl=en-US","Review_time":"2 years ago","Review":"(Translated by Google) Disgusting cappuccino. Disgusting service. Spent time. I returned the order.\nNew order and half a glass of foam. Disgusting\n\n(Original)\nОтвратителеный капучино. Отвратительный сервис. Потраченное время. Вернула заказ.\nНовый заказ и пол стакана пены. Отвратительно","Likes":""},{"Name":"","Category":"","Rating":" 5 stars ","Number_of_Reviews":"","Address":"","Reviewer":"Vanessa Paolini","Reviewer_page":"https://www.google.com/maps/contrib/108612600629448951700/reviews?hl=en-US","Review_time":"a year ago","Review":"(Translated by Google) It is right outside the subway at jay st station. Always people flowing. Only tables outside.\n\n(Original)\nEsta justo a la salida del metro en la estación jay st. Siempre gente fluyendo. Solo mesas afuera.","Likes":""},{"Name":"","Category":"","Rating":" 5 stars ","Number_of_Reviews":"","Address":"","Reviewer":"Francisco A. Morales Rodríguez","Reviewer_page":"https://www.google.com/maps/contrib/107738712496190713173/reviews?hl=en-US","Review_time":"3 years ago","Review":"(Translated by Google) I love good coffee, and good breakfast sandwiches. For those reasons, I love going to Starbucks to enjoy those things. 👍🏻👍🏻\n\n(Original)\nMe encanta el buen café, y los buenos sandwich de desayuno. Por esas razones es que me encanta ir a Starbucks a disfrutar de esas cosas. 👍🏻👍🏻","Likes":""},{"Name":"","Category":"","Rating":" 4 stars ","Number_of_Reviews":"","Address":"","Reviewer":"Kendrah Martinez","Reviewer_page":"https://www.google.com/maps/contrib/116359215026953288039/reviews?hl=en-US","Review_time":"a year ago","Review":"(Translated by Google) Expect a lot, but good food.\n\n(Original)\nEspere mucho, pero comida buena.","Likes":""},{"Name":"","Category":"","Rating":" 5 stars ","Number_of_Reviews":"","Address":"","Reviewer":"ivis rafael reyes pinedaa","Reviewer_page":"https://www.google.com/maps/contrib/110065746815536944055/reviews?hl=en-US","Review_time":"a year ago","Review":"(Translated by Google) You know the best coffee in the world\n\n(Original)\nUds saben el mejor café del mundo","Likes":""},{"Name":"","Category":"","Rating":" 4 stars ","Number_of_Reviews":"","Address":"","Reviewer":"Luis Santos","Reviewer_page":"https://www.google.com/maps/contrib/112097909141571049573/reviews?hl=en-US","Review_time":"4 years ago","Review":"(Translated by Google) There is no bathroom for customers 😕 great service.\n\n(Original)\nNo hay baño para los clientes 😕 la atención genial.","Likes":""},{"Name":"","Category":"","Rating":" 5 stars ","Number_of_Reviews":"","Address":"","Reviewer":"Suhas Kurup","Reviewer_page":"https://www.google.com/maps/contrib/109384205806676143845/reviews?hl=en-US","Review_time":"5 years ago","Review":"Not as good as Caffè Bene.","Likes":""},{"Name":"","Category":"","Rating":" 5 stars ","Number_of_Reviews":"","Address":"","Reviewer":"Olivia Gutierrez","Reviewer_page":"https://www.google.com/maps/contrib/116932129051617470399/reviews?hl=en-US","Review_time":"3 years ago","Review":"(Translated by Google) Very interesting and very cute attractive\n\n(Original)\nMuy interesante y atractivo muy lindo","Likes":""},{"Name":"","Category":"","Rating":" 1 star ","Number_of_Reviews":"","Address":"","Reviewer":"Claudio Esposito","Reviewer_page":"https://www.google.com/maps/contrib/114614086771214678387/reviews?hl=en-US","Review_time":"3 years ago","Review":"(Translated by Google) He didn't have a bathroom ...\n\n(Original)\nNon aveva il bagno...","Likes":"1"},{"Name":"","Category":"","Rating":" 4 stars ","Number_of_Reviews":"","Address":"","Reviewer":"Edie Williams","Reviewer_page":"https://www.google.com/maps/contrib/112767541556714213399/reviews?hl=en-US","Review_time":"3 weeks ago","Review":"","Likes":""},{"Name":"","Category":"","Rating":" 3 stars ","Number_of_Reviews":"","Address":"","Reviewer":"tiny toney","Reviewer_page":"https://www.google.com/maps/contrib/115846391137789570340/reviews?hl=en-US","Review_time":"2 weeks ago","Review":"","Likes":""},{"Name":"","Category":"","Rating":" 5 stars ","Number_of_Reviews":"","Address":"","Reviewer":"L. Gurganious","Reviewer_page":"https://www.google.com/maps/contrib/115409375538758901514/reviews?hl=en-US","Review_time":"3 months ago","Review":"","Likes":""},{"Name":"","Category":"","Rating":" 4 stars ","Number_of_Reviews":"","Address":"","Reviewer":"Will Jeter","Reviewer_page":"https://www.google.com/maps/contrib/114677755322574592208/reviews?hl=en-US","Review_time":"3 months ago","Review":"","Likes":""},{"Name":"","Category":"","Rating":" 1 star ","Number_of_Reviews":"","Address":"","Reviewer":"Hüseyin Öztürkalan","Reviewer_page":"https://www.google.com/maps/contrib/117999818439217121497/reviews?hl=en-US","Review_time":"3 years ago","Review":"(Translated by Google) So bad ....\n\n(Original)\nSo bad....","Likes":""},{"Name":"","Category":"","Rating":" 4 stars ","Number_of_Reviews":"","Address":"","Reviewer":"Diana Calixte","Reviewer_page":"https://www.google.com/maps/contrib/110640844660130177618/reviews?hl=en-US","Review_time":"7 months ago","Review":"","Likes":""},{"Name":"","Category":"","Rating":" 3 stars ","Number_of_Reviews":"","Address":"","Reviewer":"Rafael Pérez","Reviewer_page":"https://www.google.com/maps/contrib/109028161321379139928/reviews?hl=en-US","Review_time":"4 years ago","Review":"Normal","Likes":""},{"Name":"","Category":"","Rating":" 5 stars ","Number_of_Reviews":"","Address":"","Reviewer":"Venus Escobar","Reviewer_page":"https://www.google.com/maps/contrib/111891736197302965655/reviews?hl=en-US","Review_time":"9 months ago","Review":"","Likes":""},{"Name":"","Category":"","Rating":" 4 stars ","Number_of_Reviews":"","Address":"","Reviewer":"Mayri Berrezueta","Reviewer_page":"https://www.google.com/maps/contrib/111710594230812751154/reviews?hl=en-US","Review_time":"9 months ago","Review":"","Likes":""},{"Name":"","Category":"","Rating":" 5 stars ","Number_of_Reviews":"","Address":"","Reviewer":"Jenny Tsang","Reviewer_page":"https://www.google.com/maps/contrib/106168619449691434619/reviews?hl=en-US","Review_time":"9 months ago","Review":"","Likes":""},{"Name":"","Category":"","Rating":" 4 stars ","Number_of_Reviews":"","Address":"","Reviewer":"jonathan gautreaux","Reviewer_page":"https://www.google.com/maps/contrib/104561974851053650096/reviews?hl=en-US","Review_time":"a year ago","Review":"","Likes":""},{"Name":"","Category":"","Rating":" 5 stars ","Number_of_Reviews":"","Address":"","Reviewer":"LaTonya Lewis","Reviewer_page":"https://www.google.com/maps/contrib/100317557458585993597/reviews?hl=en-US","Review_time":"a year ago","Review":"","Likes":""},{"Name":"","Category":"","Rating":" 4 stars ","Number_of_Reviews":"","Address":"","Reviewer":"Baheru Mengistu","Reviewer_page":"https://www.google.com/maps/contrib/105660245529202629795/reviews?hl=en-US","Review_time":"a year ago","Review":"","Likes":""},{"Name":"","Category":"","Rating":" 4 stars ","Number_of_Reviews":"","Address":"","Reviewer":"Darrell Parks","Reviewer_page":"https://www.google.com/maps/contrib/106399917399810525465/reviews?hl=en-US","Review_time":"3 years ago","Review":"","Likes":""},{"Name":"","Category":"","Rating":" 5 stars ","Number_of_Reviews":"","Address":"","Reviewer":"Anthony Guadeloupe","Reviewer_page":"https://www.google.com/maps/contrib/106189435377861721739/reviews?hl=en-US","Review_time":"3 years ago","Review":"","Likes":""},{"Name":"","Category":"","Rating":" 5 stars ","Number_of_Reviews":"","Address":"","Reviewer":"Alex","Reviewer_page":"https://www.google.com/maps/contrib/107080461895460255462/reviews?hl=en-US","Review_time":"2 years ago","Review":"","Likes":""},{"Name":"","Category":"","Rating":" 5 stars ","Number_of_Reviews":"","Address":"","Reviewer":"Matthew Emrich","Reviewer_page":"https://www.google.com/maps/contrib/112571520548003892140/reviews?hl=en-US","Review_time":"a year ago","Review":"","Likes":""},{"Name":"","Category":"","Rating":" 5 stars ","Number_of_Reviews":"","Address":"","Reviewer":"Ruslan Jamburia","Reviewer_page":"https://www.google.com/maps/contrib/115651075433321158952/reviews?hl=en-US","Review_time":"2 years ago","Review":"","Likes":""},{"Name":"","Category":"","Rating":" 5 stars ","Number_of_Reviews":"","Address":"","Reviewer":"Girish Khadke","Reviewer_page":"https://www.google.com/maps/contrib/114357165904824544112/reviews?hl=en-US","Review_time":"2 years ago","Review":"","Likes":""},{"Name":"","Category":"","Rating":" 4 stars ","Number_of_Reviews":"","Address":"","Reviewer":"Kasun Perera","Reviewer_page":"https://www.google.com/maps/contrib/103097479058697332986/reviews?hl=en-US","Review_time":"a year ago","Review":"","Likes":""},{"Name":"","Category":"","Rating":" 4 stars ","Number_of_Reviews":"","Address":"","Reviewer":"Sheyna Kellman","Reviewer_page":"https://www.google.com/maps/contrib/115503584999976855973/reviews?hl=en-US","Review_time":"2 years ago","Review":"","Likes":""},{"Name":"","Category":"","Rating":" 3 stars ","Number_of_Reviews":"","Address":"","Reviewer":"Prathyusha Vempa","Reviewer_page":"https://www.google.com/maps/contrib/110949601021800117632/reviews?hl=en-US","Review_time":"10 months ago","Review":"","Likes":""},{"Name":"","Category":"","Rating":" 4 stars ","Number_of_Reviews":"","Address":"","Reviewer":"Taneen Swindell","Reviewer_page":"https://www.google.com/maps/contrib/105711520823523868065/reviews?hl=en-US","Review_time":"3 years ago","Review":"","Likes":""},{"Name":"","Category":"","Rating":" 4 stars ","Number_of_Reviews":"","Address":"","Reviewer":"Soan Vazquez (LillyVee)","Reviewer_page":"https://www.google.com/maps/contrib/105623688136743557066/reviews?hl=en-US","Review_time":"5 years ago","Review":"","Likes":""},{"Name":"","Category":"","Rating":" 4 stars ","Number_of_Reviews":"","Address":"","Reviewer":"Iman Hosseini","Reviewer_page":"https://www.google.com/maps/contrib/109961565175362903226/reviews?hl=en-US","Review_time":"3 years ago","Review":"","Likes":""},{"Name":"","Category":"","Rating":" 5 stars ","Number_of_Reviews":"","Address":"","Reviewer":"Jose Santana","Reviewer_page":"https://www.google.com/maps/contrib/101653210843027727247/reviews?hl=en-US","Review_time":"3 years ago","Review":"","Likes":""},{"Name":"","Category":"","Rating":" 4 stars ","Number_of_Reviews":"","Address":"","Reviewer":"stephanie richardson","Reviewer_page":"https://www.google.com/maps/contrib/103982689395698547604/reviews?hl=en-US","Review_time":"a year ago","Review":"","Likes":""},{"Name":"","Category":"","Rating":" 5 stars ","Number_of_Reviews":"","Address":"","Reviewer":"Dee Lou","Reviewer_page":"https://www.google.com/maps/contrib/115235095982330979549/reviews?hl=en-US","Review_time":"4 years ago","Review":"","Likes":""},{"Name":"","Category":"","Rating":" 3 stars ","Number_of_Reviews":"","Address":"","Reviewer":"A J Hall","Reviewer_page":"https://www.google.com/maps/contrib/114987156220555508495/reviews?hl=en-US","Review_time":"3 years ago","Review":"","Likes":""},{"Name":"","Category":"","Rating":" 3 stars ","Number_of_Reviews":"","Address":"","Reviewer":"Jim Cordista","Reviewer_page":"https://www.google.com/maps/contrib/113941242334393544759/reviews?hl=en-US","Review_time":"3 years ago","Review":"","Likes":""},{"Name":"","Category":"","Rating":" 4 stars ","Number_of_Reviews":"","Address":"","Reviewer":"Gucci king","Reviewer_page":"https://www.google.com/maps/contrib/103965338097238276445/reviews?hl=en-US","Review_time":"a year ago","Review":"","Likes":""},{"Name":"","Category":"","Rating":" 4 stars ","Number_of_Reviews":"","Address":"","Reviewer":"diego lopez","Reviewer_page":"https://www.google.com/maps/contrib/108873542350636695866/reviews?hl=en-US","Review_time":"3 years ago","Review":"","Likes":""},{"Name":"","Category":"","Rating":" 1 star ","Number_of_Reviews":"","Address":"","Reviewer":"charles Clarke","Reviewer_page":"https://www.google.com/maps/contrib/102325804969929274528/reviews?hl=en-US","Review_time":"2 years ago","Review":"","Likes":""},{"Name":"","Category":"","Rating":" 3 stars ","Number_of_Reviews":"","Address":"","Reviewer":"Arnela Kusundzija","Reviewer_page":"https://www.google.com/maps/contrib/102723216623733520820/reviews?hl=en-US","Review_time":"3 years ago","Review":"","Likes":""},{"Name":"","Category":"","Rating":" 5 stars ","Number_of_Reviews":"","Address":"","Reviewer":"Heidi Le","Reviewer_page":"https://www.google.com/maps/contrib/112654841629887901342/reviews?hl=en-US","Review_time":"3 years ago","Review":"","Likes":""},{"Name":"","Category":"","Rating":" 5 stars ","Number_of_Reviews":"","Address":"","Reviewer":"Tanay R","Reviewer_page":"https://www.google.com/maps/contrib/116341759478067671623/reviews?hl=en-US","Review_time":"2 years ago","Review":"","Likes":""},{"Name":"","Category":"","Rating":" 5 stars ","Number_of_Reviews":"","Address":"","Reviewer":"deborah monlux","Reviewer_page":"https://www.google.com/maps/contrib/116964783140049083891/reviews?hl=en-US","Review_time":"6 months ago","Review":"","Likes":""},{"Name":"","Category":"","Rating":" 4 stars ","Number_of_Reviews":"","Address":"","Reviewer":"Abhishek R","Reviewer_page":"https://www.google.com/maps/contrib/106118862565684206949/reviews?hl=en-US","Review_time":"4 years ago","Review":"","Likes":""},{"Name":"","Category":"","Rating":" 4 stars ","Number_of_Reviews":"","Address":"","Reviewer":"Jessica Colon","Reviewer_page":"https://www.google.com/maps/contrib/114010618268702018207/reviews?hl=en-US","Review_time":"4 years ago","Review":"","Likes":""},{"Name":"","Category":"","Rating":" 5 stars ","Number_of_Reviews":"","Address":"","Reviewer":"Naigam Bhatt","Reviewer_page":"https://www.google.com/maps/contrib/103425997780845730903/reviews?hl=en-US","Review_time":"a year ago","Review":"","Likes":""},{"Name":"","Category":"","Rating":" 3 stars ","Number_of_Reviews":"","Address":"","Reviewer":"Virinchi Roy Surabhi","Reviewer_page":"https://www.google.com/maps/contrib/117490710265403632713/reviews?hl=en-US","Review_time":"3 years ago","Review":"","Likes":""},{"Name":"","Category":"","Rating":" 5 stars ","Number_of_Reviews":"","Address":"","Reviewer":"Nateya Perry","Reviewer_page":"https://www.google.com/maps/contrib/101008212549707348437/reviews?hl=en-US","Review_time":"8 months ago","Review":"","Likes":""},{"Name":"","Category":"","Rating":" 5 stars ","Number_of_Reviews":"","Address":"","Reviewer":"Krystal Carlton","Reviewer_page":"https://www.google.com/maps/contrib/110411016828010513676/reviews?hl=en-US","Review_time":"2 years ago","Review":"","Likes":""},{"Name":"","Category":"","Rating":" 3 stars ","Number_of_Reviews":"","Address":"","Reviewer":"maria c portacio","Reviewer_page":"https://www.google.com/maps/contrib/113769500013696184363/reviews?hl=en-US","Review_time":"3 years ago","Review":"","Likes":""},{"Name":"","Category":"","Rating":" 4 stars ","Number_of_Reviews":"","Address":"","Reviewer":"Brian Cairo","Reviewer_page":"https://www.google.com/maps/contrib/116511805611870751539/reviews?hl=en-US","Review_time":"4 years ago","Review":"","Likes":""},{"Name":"","Category":"","Rating":" 2 stars ","Number_of_Reviews":"","Address":"","Reviewer":"Luis Ortiz","Reviewer_page":"https://www.google.com/maps/contrib/114897947323567626157/reviews?hl=en-US","Review_time":"a year ago","Review":"","Likes":""},{"Name":"","Category":"","Rating":" 5 stars ","Number_of_Reviews":"","Address":"","Reviewer":"Ashley Hammond","Reviewer_page":"https://www.google.com/maps/contrib/114038229772961351369/reviews?hl=en-US","Review_time":"2 years ago","Review":"","Likes":""},{"Name":"","Category":"","Rating":" 1 star ","Number_of_Reviews":"","Address":"","Reviewer":"kavin shah","Reviewer_page":"https://www.google.com/maps/contrib/110802874830249862974/reviews?hl=en-US","Review_time":"4 years ago","Review":"","Likes":""},{"Name":"","Category":"","Rating":" 5 stars ","Number_of_Reviews":"","Address":"","Reviewer":"Odalys Mendez","Reviewer_page":"https://www.google.com/maps/contrib/106487039773500735617/reviews?hl=en-US","Review_time":"4 years ago","Review":"","Likes":""},{"Name":"","Category":"","Rating":" 5 stars ","Number_of_Reviews":"","Address":"","Reviewer":"Angela Lima","Reviewer_page":"https://www.google.com/maps/contrib/110943026368360020894/reviews?hl=en-US","Review_time":"5 years ago","Review":"","Likes":""},{"Name":"","Category":"","Rating":" 4 stars ","Number_of_Reviews":"","Address":"","Reviewer":"Magic 17171","Reviewer_page":"https://www.google.com/maps/contrib/115263157507053177363/reviews?hl=en-US","Review_time":"3 years ago","Review":"","Likes":""},{"Name":"","Category":"","Rating":" 4 stars ","Number_of_Reviews":"","Address":"","Reviewer":"Victoria Buitrago","Reviewer_page":"https://www.google.com/maps/contrib/109452918601918183537/reviews?hl=en-US","Review_time":"2 years ago","Review":"","Likes":""},{"Name":"","Category":"","Rating":" 5 stars ","Number_of_Reviews":"","Address":"","Reviewer":"Linrui Zhang","Reviewer_page":"https://www.google.com/maps/contrib/116085910483692304037/reviews?hl=en-US","Review_time":"3 years ago","Review":"","Likes":""},{"Name":"","Category":"","Rating":" 4 stars ","Number_of_Reviews":"","Address":"","Reviewer":"Khushnaseeb Ali","Reviewer_page":"https://www.google.com/maps/contrib/118444969038805321243/reviews?hl=en-US","Review_time":"3 years ago","Review":"","Likes":""},{"Name":"","Category":"","Rating":" 3 stars ","Number_of_Reviews":"","Address":"","Reviewer":"Omar Albarghouty","Reviewer_page":"https://www.google.com/maps/contrib/114181133522610455187/reviews?hl=en-US","Review_time":"3 years ago","Review":"","Likes":""},{"Name":"","Category":"","Rating":" 4 stars ","Number_of_Reviews":"","Address":"","Reviewer":"Zhen Hua Lin","Reviewer_page":"https://www.google.com/maps/contrib/110724047794794078093/reviews?hl=en-US","Review_time":"4 years ago","Review":"","Likes":""},{"Name":"","Category":"","Rating":" 5 stars ","Number_of_Reviews":"","Address":"","Reviewer":"Manny Patole","Reviewer_page":"https://www.google.com/maps/contrib/106460420137630591464/reviews?hl=en-US","Review_time":"a year ago","Review":"","Likes":""},{"Name":"","Category":"","Rating":" 3 stars ","Number_of_Reviews":"","Address":"","Reviewer":"Yolanda Jimenez","Reviewer_page":"https://www.google.com/maps/contrib/112858307434392859568/reviews?hl=en-US","Review_time":"4 years ago","Review":"","Likes":""},{"Name":"","Category":"","Rating":" 5 stars ","Number_of_Reviews":"","Address":"","Reviewer":"Rosie R","Reviewer_page":"https://www.google.com/maps/contrib/110778055072016889409/reviews?hl=en-US","Review_time":"2 years ago","Review":"","Likes":""},{"Name":"","Category":"","Rating":" 5 stars ","Number_of_Reviews":"","Address":"","Reviewer":"La cocina de Sandra. Divina","Reviewer_page":"https://www.google.com/maps/contrib/106384391432446770843/reviews?hl=en-US","Review_time":"2 years ago","Review":"","Likes":""},{"Name":"","Category":"","Rating":" 3 stars ","Number_of_Reviews":"","Address":"","Reviewer":"Smearypopcorn3","Reviewer_page":"https://www.google.com/maps/contrib/116884230667343902521/reviews?hl=en-US","Review_time":"a year ago","Review":"","Likes":""},{"Name":"","Category":"","Rating":" 5 stars ","Number_of_Reviews":"","Address":"","Reviewer":"Neko Hardy","Reviewer_page":"https://www.google.com/maps/contrib/112399370241445734341/reviews?hl=en-US","Review_time":"a year ago","Review":"","Likes":""},{"Name":"","Category":"","Rating":" 5 stars ","Number_of_Reviews":"","Address":"","Reviewer":"Giselly G","Reviewer_page":"https://www.google.com/maps/contrib/102589884817195746577/reviews?hl=en-US","Review_time":"a year ago","Review":"","Likes":""},{"Name":"","Category":"","Rating":" 3 stars ","Number_of_Reviews":"","Address":"","Reviewer":"Sorniel M Davila","Reviewer_page":"https://www.google.com/maps/contrib/105130630638418019063/reviews?hl=en-US","Review_time":"3 years ago","Review":"","Likes":""},{"Name":"","Category":"","Rating":" 5 stars ","Number_of_Reviews":"","Address":"","Reviewer":"Dora Summers","Reviewer_page":"https://www.google.com/maps/contrib/114445438714210104638/reviews?hl=en-US","Review_time":"2 years ago","Review":"","Likes":""},{"Name":"","Category":"","Rating":" 4 stars ","Number_of_Reviews":"","Address":"","Reviewer":"James Witherspoon","Reviewer_page":"https://www.google.com/maps/contrib/112144013646255079188/reviews?hl=en-US","Review_time":"2 years ago","Review":"","Likes":""},{"Name":"","Category":"","Rating":" 5 stars ","Number_of_Reviews":"","Address":"","Reviewer":"Liliana Garcia","Reviewer_page":"https://www.google.com/maps/contrib/116629212920668006966/reviews?hl=en-US","Review_time":"a year ago","Review":"","Likes":""},{"Name":"","Category":"","Rating":" 3 stars ","Number_of_Reviews":"","Address":"","Reviewer":"GuoChao Xia","Reviewer_page":"https://www.google.com/maps/contrib/111582179557648303336/reviews?hl=en-US","Review_time":"4 years ago","Review":"","Likes":""}