[{"Name":"","Category":"","Rating":" 5 stars ","Number_of_Reviews":"","Address":"","Reviewer":"Nik Walker","Reviewer_page":"https://www.google.com/maps/contrib/115472559624362427012/reviews?hl=en-US","Review_time":"4 months ago","Review":"The baristas are amazing friendly and attentive!! The supervisor Kim is a jewel!!! Go visit my girls Alexia and Bianca I can’t wait for Jayniah to return!! Love these ladies","Likes":""},{"Name":"","Category":"","Rating":" 5 stars ","Number_of_Reviews":"","Address":"","Reviewer":"Burak Dirlik","Reviewer_page":"https://www.google.com/maps/contrib/113464465016062950290/reviews?hl=en-US","Review_time":"4 months ago","Review":"I Live on the block and I go to this Starbucks every morning. My experience is always amazing especially with Mia she is an amazing barista and also an amazing person. She is always welcoming and a huge sweet heart. I wish every Starbucks had a Mia like the one that works here.","Likes":""},{"Name":"","Category":"","Rating":" 3 stars ","Number_of_Reviews":"","Address":"","Reviewer":"Aziz Zakirov","Reviewer_page":"https://www.google.com/maps/contrib/101358534711294108374/reviews?hl=en-US","Review_time":"3 years ago","Review":"Anyone pay attention please! The cashier said Starbucks is closed @ 7:27pm\n\nToday june 15th, 4:20pm Starbucks was closed.\n\nBut they make delicious drinks!”\nThat is why I want this Starbucks worked more hours","Likes":"3"},{"Name":"","Category":"","Rating":" 5 stars ","Number_of_Reviews":"","Address":"","Reviewer":"Vika Karabinosh","Reviewer_page":"https://www.google.com/maps/contrib/115675087437028779555/reviews?hl=en-US","Review_time":"4 months ago","Review":"Love this place ,always good coffee, especially Mia,she makes the perfect coffee,always friendly with a smile on her face😌😌","Likes":""},{"Name":"","Category":"","Rating":" 1 star ","Number_of_Reviews":"","Address":"","Reviewer":"GioJung","Reviewer_page":"https://www.google.com/maps/contrib/117151262608671785655/reviews?hl=en-US","Review_time":"4 months ago","Review":"Skinny girl named by mia i think, hates the world ... rudest service nomination in starbucks she would win for sure !","Likes":"1"},{"Name":"","Category":"","Rating":" 1 star ","Number_of_Reviews":"","Address":"","Reviewer":"J. H","Reviewer_page":"https://www.google.com/maps/contrib/100380265382093166549/reviews?hl=en-US","Review_time":"a year ago","Review":"Very ratchet. The blkgirl there was mad rude. Walked in at 8:10pm thought they were open but nope! Either the hours are incorrect or they’re skimming hours and “closing early” but getting paid. Waited on line when someone could have came over and said they were closed earlier on. Horrible service for this neighborhood, I expected more. Ew.","Likes":""},{"Name":"","Category":"","Rating":" 1 star ","Number_of_Reviews":"","Address":"","Reviewer":"Tiger Bear","Reviewer_page":"https://www.google.com/maps/contrib/102455026055175146499/reviews?hl=en-US","Review_time":"2 years ago","Review":"Terrible customer service at this Starbucks on Friday, November 29 at 4:55pm.  In addition to both of the employees being rude to multiple customers, they charged me for the wrong sized drink, refused to process a refund, and then refused to provide milk for my espresso even after I explained that the milk at the service bar had not been replaced.  Please get these awful staff off of your payroll!  I will never come back to this Starbucks and this experience has me seriously questioning my loyalty to this brand.","Likes":"3"},{"Name":"","Category":"","Rating":" 1 star ","Number_of_Reviews":"","Address":"","Reviewer":"Sherzod Barakaev","Reviewer_page":"https://www.google.com/maps/contrib/112251123899594937355/reviews?hl=en-US","Review_time":"a year ago","Review":"Lazy stuff. They will intentionally mess up your order so that you don’t come anymore. Once, I ordered a drink with “light ice”, and told the guy twice; he intentionally filled my cup with ice. Couple times I wanted to order Pike Place coffee (the standard one) in the morning, but every time the “don’t have it”.","Likes":"5"},{"Name":"","Category":"","Rating":" 1 star ","Number_of_Reviews":"","Address":"","Reviewer":"Kairat Tajibayev","Reviewer_page":"https://www.google.com/maps/contrib/106002671042524128163/reviews?hl=en-US","Review_time":"3 years ago","Review":"I had a bad experience in this Starbucks. Came 2 times. And in both was staying for 5 minutes until somebody come to me and serve while 3 of servers were doing something not paying attention seeing that Im waiting for assistance. And also i got a coffee and asked for regular cup of water that I got a rude answer “you gotta buy water , we are not corporate”!!! Insane!","Likes":"1"},{"Name":"","Category":"","Rating":" 1 star ","Number_of_Reviews":"","Address":"","Reviewer":"John Tanios","Reviewer_page":"https://www.google.com/maps/contrib/102270819946835846279/reviews?hl=en-US","Review_time":"2 years ago","Review":"Very poor customer service. Not only they don't wanna work, the girl behind the counter was arguing with me that she gave me green tea while the liquid was clearly red!\n\nClosing time says 7:30 but they kicked everyone out at 7:00!","Likes":"3"},{"Name":"","Category":"","Rating":" 1 star ","Number_of_Reviews":"","Address":"","Reviewer":"ANELIA","Reviewer_page":"https://www.google.com/maps/contrib/106840071028022985418/reviews?hl=en-US","Review_time":"3 years ago","Review":"If I could give 0 stars I would. The worst experience,  worst customer service. It happened few times already  but today was  unacceptable!\nBefore making drinks she put her fingers inside of the cups and starts making it. When I say I don’t want it. She starts yelling “get out”","Likes":"4"},{"Name":"","Category":"","Rating":" 1 star ","Number_of_Reviews":"","Address":"","Reviewer":"G M","Reviewer_page":"https://www.google.com/maps/contrib/111584551793630677595/reviews?hl=en-US","Review_time":"2 years ago","Review":"Very poor service. I tried many times not to write a complaint, but every time Starbucks doesn’t know how to make coffee, they just give us milk tasteless without anything. I would like superiors to check, very rude employees who work at Starbucks. Very very bad👎🏻👎🏻👎🏻👎🏻👎🏻👎🏻 12/09/2019 9:41 am","Likes":"1"},{"Name":"","Category":"","Rating":" 1 star ","Number_of_Reviews":"","Address":"","Reviewer":"Vincent Mak","Reviewer_page":"https://www.google.com/maps/contrib/109864354250105617354/reviews?hl=en-US","Review_time":"2 years ago","Review":"Horrible customer service , I was in front of the counter and no ones there and I saw a lady sitting inside the room then she came out because she spotted me. She had no enthusiasm while taking my order, I ordered my food and I got my food. She didn’t even speak at all while taking my order, she gave me my food without saying anything not even thank you. She also threw the food in front of me. What a bad experience.","Likes":"1"},{"Name":"","Category":"","Rating":" 1 star ","Number_of_Reviews":"","Address":"","Reviewer":"Lisa Hardy","Reviewer_page":"https://www.google.com/maps/contrib/118179368539435289351/reviews?hl=en-US","Review_time":"2 years ago","Review":"Horrible customer service. I asked for a cup of water for my thirsty son. Was told they don’t do that there. They are very unprofessional and lack proper customer service. I once had a barista yell “what do you want” while preparing another customer’s order. I ignored her thinking she wasn’t talking to me. Only for her to yell it again lol","Likes":""},{"Name":"","Category":"","Rating":" 1 star ","Number_of_Reviews":"","Address":"","Reviewer":"Leo Fiorica","Reviewer_page":"https://www.google.com/maps/contrib/104175860927449920752/reviews?hl=en-US","Review_time":"3 years ago","Review":"On two occasions the cafe was very slow. On my second visit the barista was unfriendly, came from the kitchen with suds still on her hands. They didn’t have the size coffee I wanted, I had to buy it at a larger size and the coffee wasn’t ready. Will try avoiding this place.","Likes":"1"},{"Name":"","Category":"","Rating":" 1 star ","Number_of_Reviews":"","Address":"","Reviewer":"Gila A","Reviewer_page":"https://www.google.com/maps/contrib/112207108199426699879/reviews?hl=en-US","Review_time":"a year ago","Review":"Lazy staff with attitude problems. Cashier didn’t greet me and didn’t speak a single word to me. So rude, don’t know who the hell hired anyone that works there.","Likes":""},{"Name":"","Category":"","Rating":" 1 star ","Number_of_Reviews":"","Address":"","Reviewer":"Michael Israel Pesso","Reviewer_page":"https://www.google.com/maps/contrib/116389172018257565358/reviews?hl=en-US","Review_time":"2 years ago","Review":"Listen if your going to have an attitude than this job is not meant for you. Plus $7 for a medium iced latte!? What kind of perks is Starbucks taking?","Likes":""},{"Name":"","Category":"","Rating":" 1 star ","Number_of_Reviews":"","Address":"","Reviewer":"Tiko Bakashvili","Reviewer_page":"https://www.google.com/maps/contrib/100393228324205398823/reviews?hl=en-US","Review_time":"a year ago","Review":"Why it is closed at 8pm when Google map shows 10pm????? When u search for the opened Starbucks, drive to the location and it's closed earlier!!! Change the time window on Google or change the staff!!!","Likes":""},{"Name":"","Category":"","Rating":" 1 star ","Number_of_Reviews":"","Address":"","Reviewer":"Sheila Kanellis","Reviewer_page":"https://www.google.com/maps/contrib/109252754015594832867/reviews?hl=en-US","Review_time":"2 years ago","Review":"Such horrible customer service, never have I ever seen a nice barrista at this location. If you’re gonna have an attitude then don’t work.","Likes":""},{"Name":"","Category":"","Rating":" 1 star ","Number_of_Reviews":"","Address":"","Reviewer":"Dabeer","Reviewer_page":"https://www.google.com/maps/contrib/101348156886686802936/reviews?hl=en-US","Review_time":"3 years ago","Review":"Walked in on Tuesday 4th June. Asked for 3 different drinks and was told they don’t have them 😳 with the associate having a rude attitude and no apologies whatsoever","Likes":"2"},{"Name":"","Category":"","Rating":" 1 star ","Number_of_Reviews":"","Address":"","Reviewer":"ASHYA MARIA SANCHEZ","Reviewer_page":"https://www.google.com/maps/contrib/102962215420077895410/reviews?hl=en-US","Review_time":"a year ago","Review":"Does not close at 10.. went there 15 min before and they were closed !","Likes":""},{"Name":"","Category":"","Rating":" 5 stars ","Number_of_Reviews":"","Address":"","Reviewer":"Soly Alwaya","Reviewer_page":"https://www.google.com/maps/contrib/112765038883613631932/reviews?hl=en-US","Review_time":"6 months ago","Review":"Taste very good very nice and fast","Likes":""},{"Name":"","Category":"","Rating":" 5 stars ","Number_of_Reviews":"","Address":"","Reviewer":"Faigee Sash","Reviewer_page":"https://www.google.com/maps/contrib/115389924025741342554/reviews?hl=en-US","Review_time":"a year ago","Review":"Staff where very friendly and caring. Went out to make the customers very happy.","Likes":""},{"Name":"","Category":"","Rating":" 5 stars ","Number_of_Reviews":"","Address":"","Reviewer":"Sinatra Young","Reviewer_page":"https://www.google.com/maps/contrib/109941687183369723471/reviews?hl=en-US","Review_time":"11 months ago","Review":"Service was very fast and coffee was very good","Likes":""},{"Name":"","Category":"","Rating":" 1 star ","Number_of_Reviews":"","Address":"","Reviewer":"anna grefenshteyn","Reviewer_page":"https://www.google.com/maps/contrib/111239712012408831453/reviews?hl=en-US","Review_time":"3 years ago","Review":"Everything would be great ,,,, if not for a customer service,,,, Went to a store couple of times , both times Alexis was not friendly and rude,,,,","Likes":"3"},{"Name":"","Category":"","Rating":" 1 star ","Number_of_Reviews":"","Address":"","Reviewer":"Ammar masood","Reviewer_page":"https://www.google.com/maps/contrib/116154290393568922255/reviews?hl=en-US","Review_time":"a year ago","Review":"I went there after an hour drive ,found out they are already closed two hours earlier, should fix their time online","Likes":""},{"Name":"","Category":"","Rating":" 1 star ","Number_of_Reviews":"","Address":"","Reviewer":"Karolina Shchehorieva","Reviewer_page":"https://www.google.com/maps/contrib/101356916038512304181/reviews?hl=en-US","Review_time":"a year ago","Review":"Update the working hours please. I was there at 9 am and it was still closed","Likes":"1"},{"Name":"","Category":"","Rating":" 2 stars ","Number_of_Reviews":"","Address":"","Reviewer":"Katerina Zavalnyk","Reviewer_page":"https://www.google.com/maps/contrib/102474618669219908077/reviews?hl=en-US","Review_time":"3 years ago","Review":"The staff is very unfriendly. Very long lines. And quite often it's closed during daytime with no reason at all","Likes":"1"},{"Name":"","Category":"","Rating":" 1 star ","Number_of_Reviews":"","Address":"","Reviewer":"Yady Arias","Reviewer_page":"https://www.google.com/maps/contrib/105154375083196774570/reviews?hl=en-US","Review_time":"2 years ago","Review":"People are really rude Like is my It’s not my fault that you see your self in the mirror before you going to work","Likes":"1"},{"Name":"","Category":"","Rating":" 5 stars ","Number_of_Reviews":"","Address":"","Reviewer":"Ethan Terry","Reviewer_page":"https://www.google.com/maps/contrib/107638882452832324656/reviews?hl=en-US","Review_time":"4 weeks ago","Review":"Great","Likes":""},{"Name":"","Category":"","Rating":" 1 star ","Number_of_Reviews":"","Address":"","Reviewer":"Irina Chernikova","Reviewer_page":"https://www.google.com/maps/contrib/107991762358985390790/reviews?hl=en-US","Review_time":"a year ago","Review":"The door is closed. \"You can order only in the car\"- they told me","Likes":""},{"Name":"","Category":"","Rating":" 5 stars ","Number_of_Reviews":"","Address":"","Reviewer":"Allen Thomas","Reviewer_page":"https://www.google.com/maps/contrib/110800510005448101729/reviews?hl=en-US","Review_time":"a year ago","Review":"Very jolly staff, good service","Likes":""},{"Name":"","Category":"","Rating":" 5 stars ","Number_of_Reviews":"","Address":"","Reviewer":"Sharon Aga","Reviewer_page":"https://www.google.com/maps/contrib/106085700386327778933/reviews?hl=en-US","Review_time":"11 months ago","Review":"Always quick and easy :)!","Likes":""},{"Name":"","Category":"","Rating":" 1 star ","Number_of_Reviews":"","Address":"","Reviewer":"daisy quinche","Reviewer_page":"https://www.google.com/maps/contrib/107842248949252334698/reviews?hl=en-US","Review_time":"2 years ago","Review":"Rude employees ! Need better customer service !","Likes":""},{"Name":"","Category":"","Rating":" 5 stars ","Number_of_Reviews":"","Address":"","Reviewer":"Abraham Khubeseryan","Reviewer_page":"https://www.google.com/maps/contrib/116175012820320664881/reviews?hl=en-US","Review_time":"a year ago","Review":"🥰","Likes":""},{"Name":"","Category":"","Rating":" 5 stars ","Number_of_Reviews":"","Address":"","Reviewer":"moshe levinson","Reviewer_page":"https://www.google.com/maps/contrib/111397944333990879459/reviews?hl=en-US","Review_time":"a year ago","Review":"needs more locations in Brooklyn","Likes":""},{"Name":"","Category":"","Rating":" 5 stars ","Number_of_Reviews":"","Address":"","Reviewer":"Yehia Hussien","Reviewer_page":"https://www.google.com/maps/contrib/103869902717914290901/reviews?hl=en-US","Review_time":"a year ago","Review":"all time excellent","Likes":""},{"Name":"","Category":"","Rating":" 1 star ","Number_of_Reviews":"","Address":"","Reviewer":"Y Z","Reviewer_page":"https://www.google.com/maps/contrib/110982314281534926819/reviews?hl=en-US","Review_time":"3 years ago","Review":"The worst customer service!!!","Likes":"1"},{"Name":"","Category":"","Rating":" 5 stars ","Number_of_Reviews":"","Address":"","Reviewer":"Alexander Lukyanov","Reviewer_page":"https://www.google.com/maps/contrib/109504873360376523788/reviews?hl=en-US","Review_time":"4 years ago","Review":"New Starbucks right inside target","Likes":""},{"Name":"","Category":"","Rating":" 1 star ","Number_of_Reviews":"","Address":"","Reviewer":"Ulanbek Shaidullaev","Reviewer_page":"https://www.google.com/maps/contrib/103168382319108898062/reviews?hl=en-US","Review_time":"3 years ago","Review":"Lazy workers very lazy","Likes":"1"},{"Name":"","Category":"","Rating":" 4 stars ","Number_of_Reviews":"","Address":"","Reviewer":"Armando Nicolas PJ","Reviewer_page":"https://www.google.com/maps/contrib/116845062844708946824/reviews?hl=en-US","Review_time":"2 years ago","Review":"","Likes":""},{"Name":"","Category":"","Rating":" 5 stars ","Number_of_Reviews":"","Address":"","Reviewer":"Natalia US","Reviewer_page":"https://www.google.com/maps/contrib/117191114279545246851/reviews?hl=en-US","Review_time":"4 years ago","Review":"(Translated by Google) Clean and light\n\n(Original)\nЧисто и светло","Likes":"2"},{"Name":"","Category":"","Rating":" 5 stars ","Number_of_Reviews":"","Address":"","Reviewer":"Jemal Agayeva","Reviewer_page":"https://www.google.com/maps/contrib/103381248774016364401/reviews?hl=en-US","Review_time":"10 months ago","Review":"","Likes":""},{"Name":"","Category":"","Rating":" 5 stars ","Number_of_Reviews":"","Address":"","Reviewer":"Strawberry","Reviewer_page":"https://www.google.com/maps/contrib/110281572589582015809/reviews?hl=en-US","Review_time":"3 years ago","Review":"","Likes":""},{"Name":"","Category":"","Rating":" 5 stars ","Number_of_Reviews":"","Address":"","Reviewer":"Diana Ka","Reviewer_page":"https://www.google.com/maps/contrib/100859485114829454396/reviews?hl=en-US","Review_time":"4 years ago","Review":"","Likes":""},{"Name":"","Category":"","Rating":" 1 star ","Number_of_Reviews":"","Address":"","Reviewer":"Leila Kim","Reviewer_page":"https://www.google.com/maps/contrib/111190693780855922017/reviews?hl=en-US","Review_time":"3 years ago","Review":"","Likes":""},{"Name":"","Category":"","Rating":" 1 star ","Number_of_Reviews":"","Address":"","Reviewer":"Mariami Peranidze","Reviewer_page":"https://www.google.com/maps/contrib/104694753629684429669/reviews?hl=en-US","Review_time":"3 years ago","Review":"","Likes":""},{"Name":"","Category":"","Rating":" 1 star ","Number_of_Reviews":"","Address":"","Reviewer":"B 787","Reviewer_page":"https://www.google.com/maps/contrib/110851686669449029926/reviews?hl=en-US","Review_time":"2 years ago","Review":"","Likes":""},{"Name":"","Category":"","Rating":" 5 stars ","Number_of_Reviews":"","Address":"","Reviewer":"James B","Reviewer_page":"https://www.google.com/maps/contrib/100877341894863487913/reviews?hl=en-US","Review_time":"2 years ago","Review":"","Likes":""},{"Name":"","Category":"","Rating":" 1 star ","Number_of_Reviews":"","Address":"","Reviewer":"Jacob D","Reviewer_page":"https://www.google.com/maps/contrib/106672750937331152010/reviews?hl=en-US","Review_time":"a year ago","Review":"","Likes":""},{"Name":"","Category":"","Rating":" 5 stars ","Number_of_Reviews":"","Address":"","Reviewer":"Julia H","Reviewer_page":"https://www.google.com/maps/contrib/110196466978999828316/reviews?hl=en-US","Review_time":"3 years ago","Review":"","Likes":""},{"Name":"","Category":"","Rating":" 5 stars ","Number_of_Reviews":"","Address":"","Reviewer":"Siera Lynne","Reviewer_page":"https://www.google.com/maps/contrib/110492710317226617264/reviews?hl=en-US","Review_time":"a year ago","Review":"","Likes":""},{"Name":"","Category":"","Rating":" 5 stars ","Number_of_Reviews":"","Address":"","Reviewer":"Hana Vucetovic","Reviewer_page":"https://www.google.com/maps/contrib/103315735404446842869/reviews?hl=en-US","Review_time":"3 years ago","Review":"","Likes":""}