[{"Name":"","Category":"","Rating":" 5 stars ","Number_of_Reviews":"","Address":"","Reviewer":"Mo Guerlain","Reviewer_page":"https://www.google.com/maps/contrib/112065738002801577601/reviews?hl=en-US","Review_time":"a year ago","Review":"they are very nice and their coffee taste Good 👍","Likes":""},{"Name":"","Category":"","Rating":" 1 star ","Number_of_Reviews":"","Address":"","Reviewer":"Chuyi Wang","Reviewer_page":"https://www.google.com/maps/contrib/106047470595553320594/reviews?hl=en-US","Review_time":"4 months ago","Review":"As rude as they don’t do an interview before hire a person. worst service ever in USA🤮","Likes":"1"},{"Name":"","Category":"","Rating":" 1 star ","Number_of_Reviews":"","Address":"","Reviewer":"Fahmeda Akther","Reviewer_page":"https://www.google.com/maps/contrib/104997512786087959107/reviews?hl=en-US","Review_time":"6 months ago","Review":"Its \"open\" but when you get there, it's CLOSED AND EMPTY!","Likes":""},{"Name":"","Category":"","Rating":" 1 star ","Number_of_Reviews":"","Address":"","Reviewer":"Koi Lingo","Reviewer_page":"https://www.google.com/maps/contrib/105503288492268025486/reviews?hl=en-US","Review_time":"6 months ago","Review":"Rude and always shuts down like an hour earlier than posted","Likes":"1"},{"Name":"","Category":"","Rating":" 1 star ","Number_of_Reviews":"","Address":"","Reviewer":"Dixi GameS","Reviewer_page":"https://www.google.com/maps/contrib/112933006946891462067/reviews?hl=en-US","Review_time":"7 months ago","Review":"Out of laziness they deny the Frappuccino lousy service 😞","Likes":""},{"Name":"","Category":"","Rating":" 1 star ","Number_of_Reviews":"","Address":"","Reviewer":"Ariel Lopez","Reviewer_page":"https://www.google.com/maps/contrib/102058540127215803120/reviews?hl=en-US","Review_time":"2 years ago","Review":"Online it says you guys close at 9:00pm I got here at 8:40 and some lady said we close early today. I work for Starbucks and I know that we only close early on holidays.","Likes":"3"},{"Name":"","Category":"","Rating":" 1 star ","Number_of_Reviews":"","Address":"","Reviewer":"Marlene Cintron","Reviewer_page":"https://www.google.com/maps/contrib/104443089188194156774/reviews?hl=en-US","Review_time":"3 years ago","Review":"I don't understand why your hours are stated to close @ 9p, yet it is 835p and you're already closed. Makes no sense. I went out of my way to come here & I can't get serviced because you are closed already. Never ordering from this location. Get your damn hours right.","Likes":"3"},{"Name":"","Category":"","Rating":" 1 star ","Number_of_Reviews":"","Address":"","Reviewer":"Scarlett Jazz","Reviewer_page":"https://www.google.com/maps/contrib/110207901948041175765/reviews?hl=en-US","Review_time":"a year ago","Review":"Just in case anyone is looking for an official Starbucks and NOT a licensed starbucks- this is a LICENSED starbucks in target in city point mall.","Likes":"3"},{"Name":"","Category":"","Rating":" 1 star ","Number_of_Reviews":"","Address":"","Reviewer":"Sarah Priem","Reviewer_page":"https://www.google.com/maps/contrib/108135649627232996298/reviews?hl=en-US","Review_time":"2 years ago","Review":"The lack of hygiene at this place made me cancel my order. This place was so bad I wondered if I was being pranked.","Likes":"2"},{"Name":"","Category":"","Rating":" 3 stars ","Number_of_Reviews":"","Address":"","Reviewer":"Omar Albarghouty","Reviewer_page":"https://www.google.com/maps/contrib/114181133522610455187/reviews?hl=en-US","Review_time":"3 years ago","Review":"I'm not sure if they serve coffee or water with a taste of coffee. 😂","Likes":"1"},{"Name":"","Category":"","Rating":" 1 star ","Number_of_Reviews":"","Address":"","Reviewer":"F S","Reviewer_page":"https://www.google.com/maps/contrib/107569440440802491792/reviews?hl=en-US","Review_time":"2 years ago","Review":"Unfortunate unwelcoming employees and dirty place. Seems like the employees don't want to be there.","Likes":"5"},{"Name":"","Category":"","Rating":" 5 stars ","Number_of_Reviews":"","Address":"","Reviewer":"Princess Lovely","Reviewer_page":"https://www.google.com/maps/contrib/113377872347662825010/reviews?hl=en-US","Review_time":"a year ago","Review":"I love it Starbucks cappuccino","Likes":"1"},{"Name":"","Category":"","Rating":" 1 star ","Number_of_Reviews":"","Address":"","Reviewer":"misha vince","Reviewer_page":"https://www.google.com/maps/contrib/103287742286573090331/reviews?hl=en-US","Review_time":"a year ago","Review":"It’s close","Likes":""},{"Name":"","Category":"","Rating":" 3 stars ","Number_of_Reviews":"","Address":"","Reviewer":"Armando Nicolas PJ","Reviewer_page":"https://www.google.com/maps/contrib/116845062844708946824/reviews?hl=en-US","Review_time":"3 years ago","Review":"","Likes":""},{"Name":"","Category":"","Rating":" 1 star ","Number_of_Reviews":"","Address":"","Reviewer":"Maurice Flanagan","Reviewer_page":"https://www.google.com/maps/contrib/107466058377002297938/reviews?hl=en-US","Review_time":"3 years ago","Review":"","Likes":""},{"Name":"","Category":"","Rating":" 1 star ","Number_of_Reviews":"","Address":"","Reviewer":"Grace Vlaha","Reviewer_page":"https://www.google.com/maps/contrib/108284461825403429373/reviews?hl=en-US","Review_time":"3 years ago","Review":"","Likes":""},{"Name":"","Category":"","Rating":" 5 stars ","Number_of_Reviews":"","Address":"","Reviewer":"Nana Gilashvili","Reviewer_page":"https://www.google.com/maps/contrib/104077120735246285256/reviews?hl=en-US","Review_time":"2 years ago","Review":"","Likes":""},{"Name":"","Category":"","Rating":" 5 stars ","Number_of_Reviews":"","Address":"","Reviewer":"Sarah Jo","Reviewer_page":"https://www.google.com/maps/contrib/100793066999730681653/reviews?hl=en-US","Review_time":"10 months ago","Review":"","Likes":""},{"Name":"","Category":"","Rating":" 2 stars ","Number_of_Reviews":"","Address":"","Reviewer":"Jafar Alkhafaji","Reviewer_page":"https://www.google.com/maps/contrib/109781362810121168470/reviews?hl=en-US","Review_time":"3 years ago","Review":"","Likes":""},{"Name":"","Category":"","Rating":" 1 star ","Number_of_Reviews":"","Address":"","Reviewer":"Jean-Christophe Dehalu","Reviewer_page":"https://www.google.com/maps/contrib/107749800599066804986/reviews?hl=en-US","Review_time":"3 years ago","Review":"","Likes":""}