[{"Name":"","Category":"","Rating":" 1 star ","Number_of_Reviews":"","Address":"","Reviewer":"Nathan Nurse","Reviewer_page":"https://www.google.com/maps/contrib/108345691414262535701/reviews?hl=en-US","Review_time":"3 weeks ago","Review":"Probably shouldn’t be listed on the map since it isn’t for the gen pop","Likes":""},{"Name":"","Category":"","Rating":" 1 star ","Number_of_Reviews":"","Address":"","Reviewer":"Rio Felix","Reviewer_page":"https://www.google.com/maps/contrib/107982581542976358335/reviews?hl=en-US","Review_time":"7 months ago","Review":"This location isn't open to the public, it's just for people who work in the Metrotech Building. Security turned me away","Likes":"11"},{"Name":"","Category":"","Rating":" 1 star ","Number_of_Reviews":"","Address":"","Reviewer":"Ayon Ibrahim","Reviewer_page":"https://www.google.com/maps/contrib/110012719935861402065/reviews?hl=en-US","Review_time":"3 months ago","Review":"Can’t access!","Likes":""},{"Name":"","Category":"","Rating":" 5 stars ","Number_of_Reviews":"","Address":"","Reviewer":"D Hernandez","Reviewer_page":"https://www.google.com/maps/contrib/112330062801329827783/reviews?hl=en-US","Review_time":"2 months ago","Review":"Best Starbucks! Best team!","Likes":""},{"Name":"","Category":"","Rating":" 1 star ","Number_of_Reviews":"","Address":"","Reviewer":"Khushbu Patel","Reviewer_page":"https://www.google.com/maps/contrib/114501647003285974765/reviews?hl=en-US","Review_time":"a year ago","Review":"It’s closed.","Likes":""},{"Name":"","Category":"","Rating":" 1 star ","Number_of_Reviews":"","Address":"","Reviewer":"Lauren Foley","Reviewer_page":"https://www.google.com/maps/contrib/102437705285852076934/reviews?hl=en-US","Review_time":"6 months ago","Review":"Not a Starbucks","Likes":""}