[{"Name":"","Category":"","Rating":" 1 star ","Number_of_Reviews":"","Address":"","Reviewer":"Queen Tashí","Reviewer_page":"https://www.google.com/maps/contrib/112086680165006957957/reviews?hl=en-US","Review_time":"a week ago","Review":"The location does not follow the guidelines of business. Online it states the business closes at 8. I arrived at 7:25 and the manager rudely told me they close at 8 on only Special Occasion Days. I drove 30mins to this location after attempting to call before arriving, but no answer to business line. Don’t waste your time. Staff is ghetto and obnoxiously rude to not only me other patrons that passed as well.","Likes":"1"},{"Name":"","Category":"","Rating":" 3 stars ","Number_of_Reviews":"","Address":"","Reviewer":"Merline Rameau","Reviewer_page":"https://www.google.com/maps/contrib/117598064308055806552/reviews?hl=en-US","Review_time":"4 months ago","Review":"Located on the second floor inside macys. Place is small and closes around 7 p.","Likes":""},{"Name":"","Category":"","Rating":" 1 star ","Number_of_Reviews":"","Address":"","Reviewer":"Maor Minch","Reviewer_page":"https://www.google.com/maps/contrib/109931442647960450509/reviews?hl=en-US","Review_time":"5 months ago","Review":"Unfortunately the unprofessionalism is disturbing. Extremely slow service and the Baristas there are legitimately annoying. This entire Mall including Starbucks food establishments are a crack up joke and this establishment including Kings Plaza makes me laugh. Starbucks in KP Macys are a outcry compared to more professional Starbucks locations","Likes":""},{"Name":"","Category":"","Rating":" 1 star ","Number_of_Reviews":"","Address":"","Reviewer":"Riz On","Reviewer_page":"https://www.google.com/maps/contrib/110673119332307157474/reviews?hl=en-US","Review_time":"6 months ago","Review":"Wish I could give no stars. This place has turned into an absolute joke. Charging extra cause I asked for light ice in my drink? Come I’m already paying over 6$ for a drink. Won’t be seeing you again. Taking my business elsewhere.","Likes":"2"},{"Name":"","Category":"","Rating":" 1 star ","Number_of_Reviews":"","Address":"","Reviewer":"Sarvarbek Karimov","Reviewer_page":"https://www.google.com/maps/contrib/100508479236990529246/reviews?hl=en-US","Review_time":"10 months ago","Review":"This starbucks is not organized maneger is too slow he doesnt have any change in the register even for 20$ bills he tells you always when you come up to register sometimes line can be longsi he needs to be ready for the moning for the day with changes. If you can not manege it just quit!!!","Likes":""},{"Name":"","Category":"","Rating":" 2 stars ","Number_of_Reviews":"","Address":"","Reviewer":"Jahzara Janella","Reviewer_page":"https://www.google.com/maps/contrib/113666425134133164238/reviews?hl=en-US","Review_time":"2 months ago","Review":"I honestly find that it’s too slow.. they need more people and try to pick up the place","Likes":""},{"Name":"","Category":"","Rating":" 1 star ","Number_of_Reviews":"","Address":"","Reviewer":"Yoli Dannie","Reviewer_page":"https://www.google.com/maps/contrib/106129730944159447633/reviews?hl=en-US","Review_time":"11 months ago","Review":"Horrible service! It was so packed so I had to park my baby and the stroller on the side so we weren’t sandwiched in with people. After waiting for 25 mins for one coffee I asked if he can move the coffee over a little so I didn’t have to walk through a bunch of people. He said YOU HAVE TO GET IT YOURSELF! Nasty rude!","Likes":""},{"Name":"","Category":"","Rating":"","Number_of_Reviews":"","Address":"","Reviewer":"","Reviewer_page":"","Review_time":"","Review":"","Likes":""},{"Name":"","Category":"","Rating":" 1 star ","Number_of_Reviews":"","Address":"","Reviewer":"Mohamed Bireir Jr.","Reviewer_page":"https://www.google.com/maps/contrib/100730489253057497892/reviews?hl=en-US","Review_time":"a year ago","Review":"The rudest Starbucks in all of Brooklyn area. No respect to customers no regard to anything. So he asked to put my name on the cup and I said don’t put any name . All the sudden my order came and he wrote no name on it or John . That was very disrespectful and I think the manager should do something about it.","Likes":"2"},{"Name":"","Category":"","Rating":" 1 star ","Number_of_Reviews":"","Address":"","Reviewer":"Redovane Laafar","Reviewer_page":"https://www.google.com/maps/contrib/107463715709555926319/reviews?hl=en-US","Review_time":"5 years ago","Review":"Imagine Starbucks coffee with pike coffee taste like water and without fresh brewed dark roast coffee. All that you will find it at this location. Young employee. No customer service experience. Senior employee try to lie about the coffee freshness when asked. Please owner of this place I know it got so busy but at least keep Starbucks coffee prestige in mind.\nAt the end I was forced to drink coffee taste like water. Thank you Starbucks.","Likes":"1"},{"Name":"","Category":"","Rating":" 1 star ","Number_of_Reviews":"","Address":"","Reviewer":"lamisha everett","Reviewer_page":"https://www.google.com/maps/contrib/110130298169864965541/reviews?hl=en-US","Review_time":"4 years ago","Review":"This dang place was so dirty and nasty my order was all messed up it had lumps all in it. I had ask for coconut milk and he gave me almond milk which I don't drank because I'm allergic to it. Thank God my sister tasted it first.  The young man did not want to remake my order and I paid a lot of money for, I really don't appreciate it. I had to buy my drank over again and it was still nasty. The counters was so dirty. There was no straws I had to get a MacDonald straw in order to have my drank that was super nasty. That young man was rude to me. I will be contacting corporate about this Starbucks it needs to be shut down for real.","Likes":""},{"Name":"","Category":"","Rating":" 1 star ","Number_of_Reviews":"","Address":"","Reviewer":"khrystyna b","Reviewer_page":"https://www.google.com/maps/contrib/101745753330024205671/reviews?hl=en-US","Review_time":"6 months ago","Review":"This place charges you 50c for “less ice” in your drink. Seriously????!!!! That is ridiculous!!!! Will not go back here.","Likes":"1"},{"Name":"","Category":"","Rating":" 5 stars ","Number_of_Reviews":"","Address":"","Reviewer":"BONOKI","Reviewer_page":"https://www.google.com/maps/contrib/102856968785415863587/reviews?hl=en-US","Review_time":"2 years ago","Review":"...dont know why it took Starbuck so long to occupy that spot after Chuck Full O' Nuts left. it's in a great location when you walk into Kings Plaza main lobby. i like the open feel of it.\nif you're lucky there could be a crew of three working in such a small work area but they do work fast to complete your order, depending it isn't a complex frappuccino or latte beverage...","Likes":""},{"Name":"","Category":"","Rating":" 1 star ","Number_of_Reviews":"","Address":"","Reviewer":"Lotoya Scott","Reviewer_page":"https://www.google.com/maps/contrib/115505031098362209651/reviews?hl=en-US","Review_time":"10 months ago","Review":"Poor customer service..unprofessional barista he is short skinny and Asian worst person ever ..he should be kept in the store room","Likes":""},{"Name":"","Category":"","Rating":" 5 stars ","Number_of_Reviews":"","Address":"","Reviewer":"Natalia US","Reviewer_page":"https://www.google.com/maps/contrib/117191114279545246851/reviews?hl=en-US","Review_time":"3 years ago","Review":"Nice, good service","Likes":"3"},{"Name":"","Category":"","Rating":" 1 star ","Number_of_Reviews":"","Address":"","Reviewer":"Vitali Bonga","Reviewer_page":"https://www.google.com/maps/contrib/106270558274950067601/reviews?hl=en-US","Review_time":"3 years ago","Review":"4 employees there, 2 people in line in front of me and spent about 10-15 minutes to get my drinks. Chatting about week-end plans and how horrible \"Birdbox\" was , is not what are you getting paid for.","Likes":""},{"Name":"","Category":"","Rating":" 1 star ","Number_of_Reviews":"","Address":"","Reviewer":"Olivia C","Reviewer_page":"https://www.google.com/maps/contrib/115527564534936487040/reviews?hl=en-US","Review_time":"9 years ago","Review":"Not a good location. When the mall opens  early at 9:22 am I should be able to walk into Starbucks and get a cup of coffee.\nNext time please an unattached location should be considered. Back to Panera's I now go....","Likes":""},{"Name":"","Category":"","Rating":" 2 stars ","Number_of_Reviews":"","Address":"","Reviewer":"M L","Reviewer_page":"https://www.google.com/maps/contrib/111224586059906474011/reviews?hl=en-US","Review_time":"3 years ago","Review":"Coffee  is  great but staffer can be the worst .... it took me 10 mins to get a grande black coffee bc an employee was on the phone","Likes":""},{"Name":"","Category":"","Rating":" 1 star ","Number_of_Reviews":"","Address":"","Reviewer":"Huma Khalid","Reviewer_page":"https://www.google.com/maps/contrib/114691318332509402695/reviews?hl=en-US","Review_time":"4 years ago","Review":"The coffee taste was very bad too pricy for such a bad taste waited tooo long beside that when i said to that black girl it doesn’t even have any taste nasty attitude of her and she was staring at me","Likes":"2"},{"Name":"","Category":"","Rating":" 3 stars ","Number_of_Reviews":"","Address":"","Reviewer":"Josie Borrero","Reviewer_page":"https://www.google.com/maps/contrib/100989711238682777040/reviews?hl=en-US","Review_time":"3 years ago","Review":"Service is usually slow...coffee is ok....better at other Starbucks locations","Likes":""},{"Name":"","Category":"","Rating":" 4 stars ","Number_of_Reviews":"","Address":"","Reviewer":"Joyce Coco","Reviewer_page":"https://www.google.com/maps/contrib/104181476109990911229/reviews?hl=en-US","Review_time":"3 years ago","Review":"Enjoyed my caramel macchiato. Really good. Baristas in this location always make a good drink.","Likes":""},{"Name":"","Category":"","Rating":" 4 stars ","Number_of_Reviews":"","Address":"","Reviewer":"Galyna Shulimova","Reviewer_page":"https://www.google.com/maps/contrib/102722867082074647938/reviews?hl=en-US","Review_time":"4 years ago","Review":"Standard Starbucks cafe but good to have this one in Kings Plaza Mall","Likes":""},{"Name":"","Category":"","Rating":" 1 star ","Number_of_Reviews":"","Address":"","Reviewer":"Dilshodbekov O.","Reviewer_page":"https://www.google.com/maps/contrib/111198106966351797283/reviews?hl=en-US","Review_time":"11 months ago","Review":"5:30 pm ends work.  this is called work irresponsibility.","Likes":""},{"Name":"","Category":"","Rating":" 4 stars ","Number_of_Reviews":"","Address":"","Reviewer":"Tricia Bless","Reviewer_page":"https://www.google.com/maps/contrib/109865412095765831400/reviews?hl=en-US","Review_time":"3 years ago","Review":"I love the refreshers. The staff was great. Greeted us warmly & was pleasant","Likes":""},{"Name":"","Category":"","Rating":" 2 stars ","Number_of_Reviews":"","Address":"","Reviewer":"Thomas Brown","Reviewer_page":"https://www.google.com/maps/contrib/105095845149571568941/reviews?hl=en-US","Review_time":"5 years ago","Review":"I am sorry the coffee in satisfactory put the service not there.","Likes":""},{"Name":"","Category":"","Rating":" 5 stars ","Number_of_Reviews":"","Address":"","Reviewer":"Erica Alexander","Reviewer_page":"https://www.google.com/maps/contrib/106576981717050198502/reviews?hl=en-US","Review_time":"2 years ago","Review":"We love our Starbucks and the friendly staff","Likes":""},{"Name":"","Category":"","Rating":" 3 stars ","Number_of_Reviews":"","Address":"","Reviewer":"Jurell Benjamin","Reviewer_page":"https://www.google.com/maps/contrib/104506564096703260734/reviews?hl=en-US","Review_time":"3 years ago","Review":"Both location in Kings Plaza do not have the cheese snack pack :'(","Likes":""},{"Name":"","Category":"","Rating":" 1 star ","Number_of_Reviews":"","Address":"","Reviewer":"Laura Franco","Reviewer_page":"https://www.google.com/maps/contrib/110433360056237888950/reviews?hl=en-US","Review_time":"10 months ago","Review":"Horrible service, horrible drinks","Likes":""},{"Name":"","Category":"","Rating":" 5 stars ","Number_of_Reviews":"","Address":"","Reviewer":"anthony ajamy","Reviewer_page":"https://www.google.com/maps/contrib/108044190443072247532/reviews?hl=en-US","Review_time":"3 years ago","Review":"Great location in mall, staff is friendly and efficient.","Likes":""},{"Name":"","Category":"","Rating":" 5 stars ","Number_of_Reviews":"","Address":"","Reviewer":"clive rennie","Reviewer_page":"https://www.google.com/maps/contrib/105857774275475978920/reviews?hl=en-US","Review_time":"2 years ago","Review":"Caffe latte with 3 espresso shots gets me going","Likes":""},{"Name":"","Category":"","Rating":" 1 star ","Number_of_Reviews":"","Address":"","Reviewer":"Tiffany Walker","Reviewer_page":"https://www.google.com/maps/contrib/108871267583500310219/reviews?hl=en-US","Review_time":"5 years ago","Review":"Rude staff .. especially if your a worker at one of the stores just asking for water","Likes":""},{"Name":"","Category":"","Rating":" 5 stars ","Number_of_Reviews":"","Address":"","Reviewer":"Sinatra Young","Reviewer_page":"https://www.google.com/maps/contrib/109941687183369723471/reviews?hl=en-US","Review_time":"3 years ago","Review":"The best coffee I have in a while","Likes":""},{"Name":"","Category":"","Rating":" 5 stars ","Number_of_Reviews":"","Address":"","Reviewer":"JOSE NIEVES","Reviewer_page":"https://www.google.com/maps/contrib/110454924934725790617/reviews?hl=en-US","Review_time":"2 years ago","Review":"Very clean and kindful baristsa","Likes":""},{"Name":"","Category":"","Rating":" 2 stars ","Number_of_Reviews":"","Address":"","Reviewer":"Farjad Zaghi","Reviewer_page":"https://www.google.com/maps/contrib/115066194419869421392/reviews?hl=en-US","Review_time":"6 years ago","Review":"it is brooklyn an no parking and yet the service is slow","Likes":""},{"Name":"","Category":"","Rating":" 5 stars ","Number_of_Reviews":"","Address":"","Reviewer":"Phillip Boyd","Reviewer_page":"https://www.google.com/maps/contrib/118421740494512231057/reviews?hl=en-US","Review_time":"2 years ago","Review":"Quiet and clean service is nice","Likes":"1"},{"Name":"","Category":"","Rating":" 5 stars ","Number_of_Reviews":"","Address":"","Reviewer":"RAFAEL NAZARIO","Reviewer_page":"https://www.google.com/maps/contrib/113426625465431450565/reviews?hl=en-US","Review_time":"3 years ago","Review":"Their coffee is fresh.","Likes":""},{"Name":"","Category":"","Rating":" 3 stars ","Number_of_Reviews":"","Address":"","Reviewer":"kevin flynn jr","Reviewer_page":"https://www.google.com/maps/contrib/110988498279900050548/reviews?hl=en-US","Review_time":"5 years ago","Review":"Overpriced cofee and bad service","Likes":""},{"Name":"","Category":"","Rating":" 5 stars ","Number_of_Reviews":"","Address":"","Reviewer":"Tara Young","Reviewer_page":"https://www.google.com/maps/contrib/111203288968221698710/reviews?hl=en-US","Review_time":"3 years ago","Review":"Fast and great customer service.","Likes":""},{"Name":"","Category":"","Rating":" 5 stars ","Number_of_Reviews":"","Address":"","Reviewer":"war titans drift 7890","Reviewer_page":"https://www.google.com/maps/contrib/103506703259647585719/reviews?hl=en-US","Review_time":"3 years ago","Review":"Delicious coffee and cheese Danish","Likes":""},{"Name":"","Category":"","Rating":" 2 stars ","Number_of_Reviews":"","Address":"","Reviewer":"Niveen Wadi","Reviewer_page":"https://www.google.com/maps/contrib/100529605940347899121/reviews?hl=en-US","Review_time":"3 years ago","Review":"Its nice  . Friendly people","Likes":""},{"Name":"","Category":"","Rating":" 3 stars ","Number_of_Reviews":"","Address":"","Reviewer":"Chaim Pollak","Reviewer_page":"https://www.google.com/maps/contrib/110740302894357035373/reviews?hl=en-US","Review_time":"3 years ago","Review":"Very clean","Likes":""},{"Name":"","Category":"","Rating":" 3 stars ","Number_of_Reviews":"","Address":"","Reviewer":"Darcelle Gilbert","Reviewer_page":"https://www.google.com/maps/contrib/115941336497797094854/reviews?hl=en-US","Review_time":"3 years ago","Review":"They were trying to rob us","Likes":""},{"Name":"","Category":"","Rating":" 5 stars ","Number_of_Reviews":"","Address":"","Reviewer":"J L","Reviewer_page":"https://www.google.com/maps/contrib/100908089761118725445/reviews?hl=en-US","Review_time":"3 years ago","Review":"Great coffee","Likes":""},{"Name":"","Category":"","Rating":" 1 star ","Number_of_Reviews":"","Address":"","Reviewer":"Nemo Express Inc","Reviewer_page":"https://www.google.com/maps/contrib/103183355667735379268/reviews?hl=en-US","Review_time":"2 years ago","Review":"Nasty service","Likes":""},{"Name":"","Category":"","Rating":" 5 stars ","Number_of_Reviews":"","Address":"","Reviewer":"Khasan Kudratov","Reviewer_page":"https://www.google.com/maps/contrib/102426419207190328978/reviews?hl=en-US","Review_time":"3 years ago","Review":"Nice place,","Likes":"1"},{"Name":"","Category":"","Rating":" 5 stars ","Number_of_Reviews":"","Address":"","Reviewer":"robert shelton","Reviewer_page":"https://www.google.com/maps/contrib/109876755099842040052/reviews?hl=en-US","Review_time":"4 years ago","Review":"The coffee","Likes":""},{"Name":"","Category":"","Rating":" 5 stars ","Number_of_Reviews":"","Address":"","Reviewer":"זהבי סבג","Reviewer_page":"https://www.google.com/maps/contrib/107034903351735418918/reviews?hl=en-US","Review_time":"3 years ago","Review":"(Translated by Google) Starbucks is love!\n\n(Original)\nסטרבקס זה אהבה !","Likes":""},{"Name":"","Category":"","Rating":" 4 stars ","Number_of_Reviews":"","Address":"","Reviewer":"mario zambrano","Reviewer_page":"https://www.google.com/maps/contrib/108205051909111244540/reviews?hl=en-US","Review_time":"3 years ago","Review":"(Translated by Google) Very good coffee and excellent service\n\n(Original)\nCafé muy bueno y excelente servicio","Likes":""},{"Name":"","Category":"","Rating":" 5 stars ","Number_of_Reviews":"","Address":"","Reviewer":"Maiya Kim","Reviewer_page":"https://www.google.com/maps/contrib/110207374841274388468/reviews?hl=en-US","Review_time":"3 years ago","Review":"(Translated by Google) World brand !!! Great coffee\n\n(Original)\nМировой бренд!!! Отличный кофе","Likes":""},{"Name":"","Category":"","Rating":" 5 stars ","Number_of_Reviews":"","Address":"","Reviewer":"Armando Olivares","Reviewer_page":"https://www.google.com/maps/contrib/100211405182927889722/reviews?hl=en-US","Review_time":"3 years ago","Review":"(Translated by Google) I love Starbucks\n\n(Original)\nMe encanta Starbucks","Likes":""},{"Name":"","Category":"","Rating":" 4 stars ","Number_of_Reviews":"","Address":"","Reviewer":"Ancyl S","Reviewer_page":"https://www.google.com/maps/contrib/105329986047739963077/reviews?hl=en-US","Review_time":"6 years ago","Review":"","Likes":""},{"Name":"","Category":"","Rating":" 3 stars ","Number_of_Reviews":"","Address":"","Reviewer":"Justin Eala","Reviewer_page":"https://www.google.com/maps/contrib/118330752650928116206/reviews?hl=en-US","Review_time":"3 years ago","Review":"","Likes":""},{"Name":"","Category":"","Rating":" 5 stars ","Number_of_Reviews":"","Address":"","Reviewer":"Chanaz Hinds","Reviewer_page":"https://www.google.com/maps/contrib/107043059788039234866/reviews?hl=en-US","Review_time":"3 years ago","Review":"","Likes":""},{"Name":"","Category":"","Rating":" 5 stars ","Number_of_Reviews":"","Address":"","Reviewer":"Moira Lamb","Reviewer_page":"https://www.google.com/maps/contrib/100810257163518157769/reviews?hl=en-US","Review_time":"3 years ago","Review":"","Likes":""},{"Name":"","Category":"","Rating":" 5 stars ","Number_of_Reviews":"","Address":"","Reviewer":"b tillock","Reviewer_page":"https://www.google.com/maps/contrib/104201529026467301159/reviews?hl=en-US","Review_time":"3 years ago","Review":"","Likes":""},{"Name":"","Category":"","Rating":" 5 stars ","Number_of_Reviews":"","Address":"","Reviewer":"Shoshanah Kresin","Reviewer_page":"https://www.google.com/maps/contrib/113553222662969593620/reviews?hl=en-US","Review_time":"3 years ago","Review":"","Likes":""},{"Name":"","Category":"","Rating":" 4 stars ","Number_of_Reviews":"","Address":"","Reviewer":"Rushena","Reviewer_page":"https://www.google.com/maps/contrib/104637253563166013372/reviews?hl=en-US","Review_time":"3 years ago","Review":"","Likes":""},{"Name":"","Category":"","Rating":" 5 stars ","Number_of_Reviews":"","Address":"","Reviewer":"Tyesha M","Reviewer_page":"https://www.google.com/maps/contrib/117352844935329805409/reviews?hl=en-US","Review_time":"3 years ago","Review":"","Likes":""},{"Name":"","Category":"","Rating":" 1 star ","Number_of_Reviews":"","Address":"","Reviewer":"LTD merqani","Reviewer_page":"https://www.google.com/maps/contrib/112399054301771089096/reviews?hl=en-US","Review_time":"3 months ago","Review":"","Likes":""},{"Name":"","Category":"","Rating":" 3 stars ","Number_of_Reviews":"","Address":"","Reviewer":"King Yatta","Reviewer_page":"https://www.google.com/maps/contrib/112130132084772738527/reviews?hl=en-US","Review_time":"3 years ago","Review":"","Likes":""},{"Name":"","Category":"","Rating":" 1 star ","Number_of_Reviews":"","Address":"","Reviewer":"Daisy Romero","Reviewer_page":"https://www.google.com/maps/contrib/100998006076004157279/reviews?hl=en-US","Review_time":"5 years ago","Review":"","Likes":""},{"Name":"","Category":"","Rating":" 5 stars ","Number_of_Reviews":"","Address":"","Reviewer":"Prince Quinland","Reviewer_page":"https://www.google.com/maps/contrib/113394304357889688230/reviews?hl=en-US","Review_time":"2 years ago","Review":"","Likes":""},{"Name":"","Category":"","Rating":" 2 stars ","Number_of_Reviews":"","Address":"","Reviewer":"Caitlyn F (ur mom)","Reviewer_page":"https://www.google.com/maps/contrib/116794157872392315344/reviews?hl=en-US","Review_time":"3 years ago","Review":"","Likes":""},{"Name":"","Category":"","Rating":" 5 stars ","Number_of_Reviews":"","Address":"","Reviewer":"Hindy Norensberg","Reviewer_page":"https://www.google.com/maps/contrib/111441864821028803853/reviews?hl=en-US","Review_time":"3 years ago","Review":"","Likes":""},{"Name":"","Category":"","Rating":" 5 stars ","Number_of_Reviews":"","Address":"","Reviewer":"Elisha Rubinstein","Reviewer_page":"https://www.google.com/maps/contrib/113170306126392247673/reviews?hl=en-US","Review_time":"3 years ago","Review":"","Likes":""},{"Name":"","Category":"","Rating":" 4 stars ","Number_of_Reviews":"","Address":"","Reviewer":"Tyler Videos","Reviewer_page":"https://www.google.com/maps/contrib/105454016977033612765/reviews?hl=en-US","Review_time":"2 years ago","Review":"","Likes":""},{"Name":"","Category":"","Rating":" 4 stars ","Number_of_Reviews":"","Address":"","Reviewer":"Amarante Mercharles","Reviewer_page":"https://www.google.com/maps/contrib/114222290627754900578/reviews?hl=en-US","Review_time":"4 years ago","Review":"","Likes":""},{"Name":"","Category":"","Rating":" 4 stars ","Number_of_Reviews":"","Address":"","Reviewer":"Bryanna Rose","Reviewer_page":"https://www.google.com/maps/contrib/112344837979838976997/reviews?hl=en-US","Review_time":"2 years ago","Review":"","Likes":""},{"Name":"","Category":"","Rating":" 4 stars ","Number_of_Reviews":"","Address":"","Reviewer":"John","Reviewer_page":"https://www.google.com/maps/contrib/106926722551645327519/reviews?hl=en-US","Review_time":"2 years ago","Review":"","Likes":""},{"Name":"","Category":"","Rating":" 5 stars ","Number_of_Reviews":"","Address":"","Reviewer":"Dona Mack","Reviewer_page":"https://www.google.com/maps/contrib/117460366597710267705/reviews?hl=en-US","Review_time":"3 years ago","Review":"","Likes":""},{"Name":"","Category":"","Rating":" 3 stars ","Number_of_Reviews":"","Address":"","Reviewer":"Yaakov Gelb","Reviewer_page":"https://www.google.com/maps/contrib/113100526480429413546/reviews?hl=en-US","Review_time":"3 years ago","Review":"","Likes":""},{"Name":"","Category":"","Rating":" 5 stars ","Number_of_Reviews":"","Address":"","Reviewer":"Braulio Onofte","Reviewer_page":"https://www.google.com/maps/contrib/114272625922966397942/reviews?hl=en-US","Review_time":"3 years ago","Review":"","Likes":""},{"Name":"","Category":"","Rating":" 5 stars ","Number_of_Reviews":"","Address":"","Reviewer":"Mendele Cohen","Reviewer_page":"https://www.google.com/maps/contrib/113677390451287050899/reviews?hl=en-US","Review_time":"3 years ago","Review":"","Likes":""},{"Name":"","Category":"","Rating":" 5 stars ","Number_of_Reviews":"","Address":"","Reviewer":"Shamar Mars","Reviewer_page":"https://www.google.com/maps/contrib/110982304426025952964/reviews?hl=en-US","Review_time":"3 years ago","Review":"","Likes":""},{"Name":"","Category":"","Rating":" 4 stars ","Number_of_Reviews":"","Address":"","Reviewer":"jiame","Reviewer_page":"https://www.google.com/maps/contrib/110304928866040115151/reviews?hl=en-US","Review_time":"3 years ago","Review":"","Likes":""},{"Name":"","Category":"","Rating":" 5 stars ","Number_of_Reviews":"","Address":"","Reviewer":"Obianuju Ibe","Reviewer_page":"https://www.google.com/maps/contrib/101471593091736032469/reviews?hl=en-US","Review_time":"2 years ago","Review":"","Likes":""},{"Name":"","Category":"","Rating":" 5 stars ","Number_of_Reviews":"","Address":"","Reviewer":"Mauriceau Samuel-Hull","Reviewer_page":"https://www.google.com/maps/contrib/100150326935012704225/reviews?hl=en-US","Review_time":"3 years ago","Review":"","Likes":""},{"Name":"","Category":"","Rating":" 4 stars ","Number_of_Reviews":"","Address":"","Reviewer":"Olivia A.","Reviewer_page":"https://www.google.com/maps/contrib/110861399763348277919/reviews?hl=en-US","Review_time":"4 years ago","Review":"","Likes":""},{"Name":"","Category":"","Rating":" 3 stars ","Number_of_Reviews":"","Address":"","Reviewer":"Cassadi Charles","Reviewer_page":"https://www.google.com/maps/contrib/117960849047969746917/reviews?hl=en-US","Review_time":"3 years ago","Review":"","Likes":""},{"Name":"","Category":"","Rating":" 5 stars ","Number_of_Reviews":"","Address":"","Reviewer":"Miriam Diamant","Reviewer_page":"https://www.google.com/maps/contrib/113782926885321451417/reviews?hl=en-US","Review_time":"3 years ago","Review":"","Likes":""},{"Name":"","Category":"","Rating":" 5 stars ","Number_of_Reviews":"","Address":"","Reviewer":"Rae","Reviewer_page":"https://www.google.com/maps/contrib/115948075358118905404/reviews?hl=en-US","Review_time":"3 years ago","Review":"","Likes":""},{"Name":"","Category":"","Rating":" 3 stars ","Number_of_Reviews":"","Address":"","Reviewer":"Befut Global","Reviewer_page":"https://www.google.com/maps/contrib/108157163315714081285/reviews?hl=en-US","Review_time":"3 years ago","Review":"","Likes":""},{"Name":"","Category":"","Rating":" 5 stars ","Number_of_Reviews":"","Address":"","Reviewer":"Cammie Cammie","Reviewer_page":"https://www.google.com/maps/contrib/105809654654036801960/reviews?hl=en-US","Review_time":"3 years ago","Review":"","Likes":""},{"Name":"","Category":"","Rating":" 4 stars ","Number_of_Reviews":"","Address":"","Reviewer":"Marsha D.","Reviewer_page":"https://www.google.com/maps/contrib/115008987388379408055/reviews?hl=en-US","Review_time":"4 years ago","Review":"","Likes":""},{"Name":"","Category":"","Rating":" 2 stars ","Number_of_Reviews":"","Address":"","Reviewer":"Yvette S","Reviewer_page":"https://www.google.com/maps/contrib/107789686528225475101/reviews?hl=en-US","Review_time":"10 months ago","Review":"","Likes":""},{"Name":"","Category":"","Rating":" 5 stars ","Number_of_Reviews":"","Address":"","Reviewer":"Zhamilya Bayeva","Reviewer_page":"https://www.google.com/maps/contrib/118209761537724659992/reviews?hl=en-US","Review_time":"3 years ago","Review":"","Likes":""},{"Name":"","Category":"","Rating":" 4 stars ","Number_of_Reviews":"","Address":"","Reviewer":"Sin Faery","Reviewer_page":"https://www.google.com/maps/contrib/111138145364491506216/reviews?hl=en-US","Review_time":"6 years ago","Review":"","Likes":""},{"Name":"","Category":"","Rating":" 5 stars ","Number_of_Reviews":"","Address":"","Reviewer":"Dee Aulakh","Reviewer_page":"https://www.google.com/maps/contrib/112133628153562984021/reviews?hl=en-US","Review_time":"4 months ago","Review":"","Likes":""},{"Name":"","Category":"","Rating":" 5 stars ","Number_of_Reviews":"","Address":"","Reviewer":"汪晓煦","Reviewer_page":"https://www.google.com/maps/contrib/114036849153353981195/reviews?hl=en-US","Review_time":"7 years ago","Review":"","Likes":""},{"Name":"","Category":"","Rating":" 5 stars ","Number_of_Reviews":"","Address":"","Reviewer":"leptopi1","Reviewer_page":"https://www.google.com/maps/contrib/107775911147319799049/reviews?hl=en-US","Review_time":"4 years ago","Review":"","Likes":""},{"Name":"","Category":"","Rating":" 4 stars ","Number_of_Reviews":"","Address":"","Reviewer":"Anne Hontiveros Rendon","Reviewer_page":"https://www.google.com/maps/contrib/102513315483270093700/reviews?hl=en-US","Review_time":"3 years ago","Review":"","Likes":""},{"Name":"","Category":"","Rating":" 4 stars ","Number_of_Reviews":"","Address":"","Reviewer":"Lisa Schmerz","Reviewer_page":"https://www.google.com/maps/contrib/111599883870917559263/reviews?hl=en-US","Review_time":"3 years ago","Review":"","Likes":""},{"Name":"","Category":"","Rating":" 1 star ","Number_of_Reviews":"","Address":"","Reviewer":"Armen Petrosyan","Reviewer_page":"https://www.google.com/maps/contrib/117232986105843887849/reviews?hl=en-US","Review_time":"8 months ago","Review":"","Likes":""},{"Name":"","Category":"","Rating":" 3 stars ","Number_of_Reviews":"","Address":"","Reviewer":"Yvonne Forrester","Reviewer_page":"https://www.google.com/maps/contrib/102331016872595282169/reviews?hl=en-US","Review_time":"3 years ago","Review":"","Likes":""},{"Name":"","Category":"","Rating":" 5 stars ","Number_of_Reviews":"","Address":"","Reviewer":"KittyMel Khaos","Reviewer_page":"https://www.google.com/maps/contrib/115536535566474761567/reviews?hl=en-US","Review_time":"2 years ago","Review":"","Likes":""},{"Name":"","Category":"","Rating":" 5 stars ","Number_of_Reviews":"","Address":"","Reviewer":"Gaby Candido","Reviewer_page":"https://www.google.com/maps/contrib/109964942495310747976/reviews?hl=en-US","Review_time":"3 years ago","Review":"","Likes":""},{"Name":"","Category":"","Rating":" 5 stars ","Number_of_Reviews":"","Address":"","Reviewer":"Joseph West","Reviewer_page":"https://www.google.com/maps/contrib/117241707391256245333/reviews?hl=en-US","Review_time":"4 years ago","Review":"","Likes":""},{"Name":"","Category":"","Rating":" 1 star ","Number_of_Reviews":"","Address":"","Reviewer":"Kymone Gray","Reviewer_page":"https://www.google.com/maps/contrib/113174879693355350205/reviews?hl=en-US","Review_time":"6 years ago","Review":"","Likes":""},{"Name":"","Category":"","Rating":" 5 stars ","Number_of_Reviews":"","Address":"","Reviewer":"Ingrid Layne","Reviewer_page":"https://www.google.com/maps/contrib/105266312903580240167/reviews?hl=en-US","Review_time":"3 years ago","Review":"","Likes":""},{"Name":"","Category":"","Rating":" 4 stars ","Number_of_Reviews":"","Address":"","Reviewer":"Zair","Reviewer_page":"https://www.google.com/maps/contrib/109340401984371640398/reviews?hl=en-US","Review_time":"a year ago","Review":"","Likes":""},{"Name":"","Category":"","Rating":" 1 star ","Number_of_Reviews":"","Address":"","Reviewer":"Rich Mansour","Reviewer_page":"https://www.google.com/maps/contrib/116015490818768831966/reviews?hl=en-US","Review_time":"2 years ago","Review":"","Likes":""},{"Name":"","Category":"","Rating":" 5 stars ","Number_of_Reviews":"","Address":"","Reviewer":"rash walker","Reviewer_page":"https://www.google.com/maps/contrib/115507771193616594049/reviews?hl=en-US","Review_time":"6 years ago","Review":"","Likes":""},{"Name":"","Category":"","Rating":" 4 stars ","Number_of_Reviews":"","Address":"","Reviewer":"Nicole London","Reviewer_page":"https://www.google.com/maps/contrib/108725117087598920040/reviews?hl=en-US","Review_time":"3 years ago","Review":"","Likes":""},{"Name":"","Category":"","Rating":" 1 star ","Number_of_Reviews":"","Address":"","Reviewer":"Arthur Benjamin","Reviewer_page":"https://www.google.com/maps/contrib/113408242132213634104/reviews?hl=en-US","Review_time":"4 years ago","Review":"","Likes":""},{"Name":"","Category":"","Rating":" 3 stars ","Number_of_Reviews":"","Address":"","Reviewer":"Steffryz","Reviewer_page":"https://www.google.com/maps/contrib/111613656693283422358/reviews?hl=en-US","Review_time":"2 years ago","Review":"","Likes":""},{"Name":"","Category":"","Rating":" 4 stars ","Number_of_Reviews":"","Address":"","Reviewer":"Aurora Parkinson","Reviewer_page":"https://www.google.com/maps/contrib/113289411429790147449/reviews?hl=en-US","Review_time":"3 years ago","Review":"","Likes":""},{"Name":"","Category":"","Rating":" 5 stars ","Number_of_Reviews":"","Address":"","Reviewer":"Itzel I","Reviewer_page":"https://www.google.com/maps/contrib/109944716183871726204/reviews?hl=en-US","Review_time":"6 years ago","Review":"","Likes":""},{"Name":"","Category":"","Rating":" 4 stars ","Number_of_Reviews":"","Address":"","Reviewer":"K. Guadeloupe","Reviewer_page":"https://www.google.com/maps/contrib/114001786704904986657/reviews?hl=en-US","Review_time":"3 years ago","Review":"","Likes":""},{"Name":"","Category":"","Rating":" 1 star ","Number_of_Reviews":"","Address":"","Reviewer":"Terrell Edwards","Reviewer_page":"https://www.google.com/maps/contrib/111459924739883139218/reviews?hl=en-US","Review_time":"4 years ago","Review":"","Likes":""},{"Name":"","Category":"","Rating":" 4 stars ","Number_of_Reviews":"","Address":"","Reviewer":"Dlilah Luv","Reviewer_page":"https://www.google.com/maps/contrib/111048548279836814931/reviews?hl=en-US","Review_time":"2 years ago","Review":"","Likes":""},{"Name":"","Category":"","Rating":" 5 stars ","Number_of_Reviews":"","Address":"","Reviewer":"Sue Antoine","Reviewer_page":"https://www.google.com/maps/contrib/104546658528471409859/reviews?hl=en-US","Review_time":"3 years ago","Review":"","Likes":""},{"Name":"","Category":"","Rating":" 4 stars ","Number_of_Reviews":"","Address":"","Reviewer":"Julio Av (SS4JULIO)","Reviewer_page":"https://www.google.com/maps/contrib/118342997311649499989/reviews?hl=en-US","Review_time":"3 years ago","Review":"","Likes":""},{"Name":"","Category":"","Rating":" 5 stars ","Number_of_Reviews":"","Address":"","Reviewer":"Vara K","Reviewer_page":"https://www.google.com/maps/contrib/100348260671512240121/reviews?hl=en-US","Review_time":"3 years ago","Review":"","Likes":""},{"Name":"","Category":"","Rating":" 5 stars ","Number_of_Reviews":"","Address":"","Reviewer":"Evette Adragna","Reviewer_page":"https://www.google.com/maps/contrib/112564488401595608360/reviews?hl=en-US","Review_time":"3 years ago","Review":"","Likes":""}