[{"Name":"","Category":"","Rating":" 5 stars ","Number_of_Reviews":"","Address":"","Reviewer":"Karry-Ann Morris","Reviewer_page":"https://www.google.com/maps/contrib/112783510105913898786/reviews?hl=en-US","Review_time":"a week ago","Review":"On this past Tuesday I stopped at the Starbucks on Nostrand and  Ave U branch in Brooklyn NY where I had the pleasure of being served by Joe. He was absolutely amazing and his customer service was impressive. Keep doing what you do Joe service  with a smile","Likes":"1"},{"Name":"","Category":"","Rating":" 5 stars ","Number_of_Reviews":"","Address":"","Reviewer":"Regina Gavagan","Reviewer_page":"https://www.google.com/maps/contrib/116635731939325461478/reviews?hl=en-US","Review_time":"a month ago","Review":"Honestly the best Starbucks in the area. Everyone here remembers me and my dog. The workers here are always so friendly, and my drinks are always great. It feels like the workers have a great dynamic going on, and if by chance they are out of an item or ingredient I want, they suggest a drink that’ll work for me which always hits the spot. Coming to this Starbucks is the highlight of my day, and as a former Dunkin fanatic, I never thought I would say that.","Likes":"1"},{"Name":"","Category":"","Rating":" 1 star ","Number_of_Reviews":"","Address":"","Reviewer":"Olecia Brown","Reviewer_page":"https://www.google.com/maps/contrib/110650567264159147091/reviews?hl=en-US","Review_time":"3 months ago","Review":"Wish I could give 0, don't know what side of the this young lady woke up on but it shouldn't have been thrown on me.\nI entered walked up to the register Said good morning she looked dead in my eyes and walked away I waited she came back to the register I said good morning again she just stood there and didn't answer then said how can I help you, I said good morning for the millionth time and the way she responded is as though I choked it out of her.\nShe was rude.","Likes":"1"},{"Name":"","Category":"","Rating":" 5 stars ","Number_of_Reviews":"","Address":"","Reviewer":"Yaser Al","Reviewer_page":"https://www.google.com/maps/contrib/114433188502891071606/reviews?hl=en-US","Review_time":"a month ago","Review":"The coffee is good but what makes this place special is the staff, especially Rossa and Joe they are always professional, kind and welcoming and make a great iced flat white. I’ve been going to this location since they opened and I’ve come to look forward to going there not so much for the coffee anymore. I highly recommend this location Rossa your the best and Joe of course I’ll take the extra vanilla sweet foam 😁","Likes":"2"},{"Name":"","Category":"","Rating":" 1 star ","Number_of_Reviews":"","Address":"","Reviewer":"Y S","Reviewer_page":"https://www.google.com/maps/contrib/101731256375607498166/reviews?hl=en-US","Review_time":"2 months ago","Review":"Very unprofessional crew in this store. However like the most Starbucks stores. Before I've had a bad experience with Starbucks. But I've decided to give them a one chance more, but it was to no purpose. I wish I could put 0.","Likes":""},{"Name":"","Category":"","Rating":" 5 stars ","Number_of_Reviews":"","Address":"","Reviewer":"Shokhboz Komilov","Reviewer_page":"https://www.google.com/maps/contrib/102928695242153255916/reviews?hl=en-US","Review_time":"2 weeks ago","Review":"Amazing service. I’m coming to this place twice a day from Bay Ridge and I like this place. Employees are the BEST, especially Joe. Thank you🙏👍✊","Likes":"3"},{"Name":"","Category":"","Rating":" 5 stars ","Number_of_Reviews":"","Address":"","Reviewer":"Albert Haggerty","Reviewer_page":"https://www.google.com/maps/contrib/103480544613670360644/reviews?hl=en-US","Review_time":"4 months ago","Review":"Such gracious hosts! They even gave us a discount for messing up our order and gave us a free drink on top of that!  Clearly understands the needs of the customer.","Likes":""},{"Name":"","Category":"","Rating":"","Number_of_Reviews":"","Address":"","Reviewer":"","Reviewer_page":"","Review_time":"","Review":"","Likes":""},{"Name":"","Category":"","Rating":" 5 stars ","Number_of_Reviews":"","Address":"","Reviewer":"Olesya Alekseeva -Saranskaya (OLESENKA)","Reviewer_page":"https://www.google.com/maps/contrib/107801135816448968074/reviews?hl=en-US","Review_time":"7 months ago","Review":"good place convenient location. because it is located at the intersection of many bus stops and paths, I was there a couple of times when changing from bus 36 to b3. good workers i think . Welcoming and cheerful.yesterday they were in a hurry to get to the bus, I didn’t forget my wallet there when I started looking for the metro card, I found that I didn’t have a wallet, I ran to a coffee shop, I hope that it was there, the workers immediately recognized me and returned me It was very nice .\nDrive thru.(although I don't have a car😹😹😹) Yes, in my opinion there is 1 minus a big no restroom, at least I didn’t find it 😽😽😹)","Likes":"2"},{"Name":"","Category":"","Rating":" 5 stars ","Number_of_Reviews":"","Address":"","Reviewer":"Jacqueline S","Reviewer_page":"https://www.google.com/maps/contrib/109841947554572436628/reviews?hl=en-US","Review_time":"8 months ago","Review":"NY is probably a place you get served mostly attitude and customer service is a lost art, however this particular Starbucks serves coffee and sunshine because that's what you feel speaking to the staff. I had the pleasure of being served by Brittney who  through the drive through window had such a great energy and continued it through my whole interaction. Best starbucks hands down. The manager was just as pleasant love it here. They deserve a raise from corporate honestly haven't had service like that here in NY in quite some time. Good people do exist right at this Starbucks.","Likes":""},{"Name":"","Category":"","Rating":" 1 star ","Number_of_Reviews":"","Address":"","Reviewer":"Maple T","Reviewer_page":"https://www.google.com/maps/contrib/109142928041351261685/reviews?hl=en-US","Review_time":"2 months ago","Review":"Terrible customer service. No one wanted to care about the customer. Waited almost an hour to get an mobile order and finally didn’t get what I ordered!","Likes":""},{"Name":"","Category":"","Rating":" 5 stars ","Number_of_Reviews":"","Address":"","Reviewer":"farah ghaffar","Reviewer_page":"https://www.google.com/maps/contrib/114153830884940304503/reviews?hl=en-US","Review_time":"3 weeks ago","Review":"Joe demonstrates excellent customer service, he makes my day everytime i come!!","Likes":"2"},{"Name":"","Category":"","Rating":" 1 star ","Number_of_Reviews":"","Address":"","Reviewer":"Melis Kaygisiz","Reviewer_page":"https://www.google.com/maps/contrib/102249507680889266451/reviews?hl=en-US","Review_time":"8 months ago","Review":"It was pretty busy which is normal but they had no cake pops and they said they had no fraps. I never experienced this in any Starbucks. I ordered a hot latte instead and I wasn’t provided a sleeve. I asked her for one and the employee said “we’re not supposed to provide sleeves for a small drink” REALLY Starbucks??? So we should burn if we get a small size?? Make it make sense honestly. Shame on the CEO.","Likes":""},{"Name":"","Category":"","Rating":" 1 star ","Number_of_Reviews":"","Address":"","Reviewer":"Door Tech Garage Door","Reviewer_page":"https://www.google.com/maps/contrib/106835435018195495935/reviews?hl=en-US","Review_time":"4 weeks ago","Review":"They close when they want even though it says on the door, closes at 7pm and online on their google my business page. Rude and inconsiderate.","Likes":""},{"Name":"","Category":"","Rating":" 1 star ","Number_of_Reviews":"","Address":"","Reviewer":"Marcello Sigillo","Reviewer_page":"https://www.google.com/maps/contrib/110697630193027431586/reviews?hl=en-US","Review_time":"6 months ago","Review":"I came here 10am about to go through the drive thru never service I came again another day 2pm drive thru closed again now I came today at 3:30 closed how do you make business I’ve worked at Starbucks and you guys are shot with your service only opened a year and no one works lol see ya 👎👎👎👎👎👎","Likes":""},{"Name":"","Category":"","Rating":" 5 stars ","Number_of_Reviews":"","Address":"","Reviewer":"Arjay P","Reviewer_page":"https://www.google.com/maps/contrib/100238394904583489902/reviews?hl=en-US","Review_time":"9 months ago","Review":"Amazing service! The gentleman at the drive thru told me it'll be the best Pink Drink I'll ever taste in my life and made me taste it right there lol. It was so good I circled around and ordered another one! Awesome staff!!","Likes":""},{"Name":"","Category":"","Rating":" 5 stars ","Number_of_Reviews":"","Address":"","Reviewer":"Dawn Jackson","Reviewer_page":"https://www.google.com/maps/contrib/115492626300257850123/reviews?hl=en-US","Review_time":"5 months ago","Review":"Iced Carmel macciato\nMt Starbucks Birthday Drink","Likes":""},{"Name":"","Category":"","Rating":" 1 star ","Number_of_Reviews":"","Address":"","Reviewer":"Mommna’s Life","Reviewer_page":"https://www.google.com/maps/contrib/109052619622650769983/reviews?hl=en-US","Review_time":"a year ago","Review":"The staff are unfriendly, when I came in no one was at the register to take my order. after thinking about it one of the staff came to take my order with an unfriendly vibe. Now I only leave reviews if I'm left with a really good experience or a really bad one. I ordered a mango dragon fruit with light lemonade and a light scoop of dragon fruit flakes, the cashier responded with \"wait what\" at least 4 times before taking the order, she insisted i added water instead of more of the other juice to make up for the lack of lemonade. This has never happened before at any other location. They always make the drink just right. I thought my order would be good since she looked like she got it, but when I left and took a sip I realized that the drink had almost no flavor, it was very watered down. I ended up throwing the drink away. I didn't even go back to complain because I did not want to deal with the lady again I could tell she has a bad attitude. Oh also 3 other customers returned back to the store while I was waiting for my order because something was wrong with their order. If I could give this place 0 stars I would. Never going to this location again, unless they change the staff ....","Likes":"5"},{"Name":"","Category":"","Rating":" 5 stars ","Number_of_Reviews":"","Address":"","Reviewer":"Elizabeth “Liz” M","Reviewer_page":"https://www.google.com/maps/contrib/109381303266289692996/reviews?hl=en-US","Review_time":"4 months ago","Review":"Easily accessible and drive thru pretty quick very clean inside store nice workers","Likes":""},{"Name":"","Category":"","Rating":" 1 star ","Number_of_Reviews":"","Address":"","Reviewer":"Dmitry Sheps","Reviewer_page":"https://www.google.com/maps/contrib/112139503247461462092/reviews?hl=en-US","Review_time":"6 months ago","Review":"They ran out of straws but forget to mention it before I placed an order for cold drinks, and just mentioned it when I already paid and they were giving me my order.","Likes":""},{"Name":"","Category":"","Rating":" 3 stars ","Number_of_Reviews":"","Address":"","Reviewer":"Robert Kerman","Reviewer_page":"https://www.google.com/maps/contrib/117820343853574273996/reviews?hl=en-US","Review_time":"a year ago","Review":"I have been to many Starbucks locations in the NYC area. Sadly, their Baristas may be overwhelmed by the volume of orders that they have to prepare. This leads to errors in the drinks.\nI ordered a Caramel Frappuccino yesterday that was all coffee & no caramel flavor. I had to throw it away.\nI call the Corporate number & they usually refund my account. I appreciate their cooperation but the answer may be in better training for their staff members.","Likes":"1"},{"Name":"","Category":"","Rating":" 5 stars ","Number_of_Reviews":"","Address":"","Reviewer":"Ziraddin Kazimli","Reviewer_page":"https://www.google.com/maps/contrib/112669811651885575078/reviews?hl=en-US","Review_time":"4 months ago","Review":"Staff is amazing.  They’re so kind nd friendly.","Likes":""},{"Name":"","Category":"","Rating":" 1 star ","Number_of_Reviews":"","Address":"","Reviewer":"Aleksey Z.","Reviewer_page":"https://www.google.com/maps/contrib/116549269198570978535/reviews?hl=en-US","Review_time":"2 years ago","Review":"We were excited to finally see Starbucks in our area, and had a chance to visit it today. We pulled into drive-through and stopped behind a vehicle which was next to ordering station. We waited like this for about 8-10 (!) minutes, not moving even an inch. We didn't hear people in front placing any order, just saw their window opening and closing few times. When they moved forward, we proceeded to the ordering station. There were three vehicles in front of us with first picking up an order. We waited another 5 (!) minutes at the ordering station without anybody talking to us. Each vehicle in front of us spent considerable amount of time at the pick-up window, so we started to wonder if ordering station works at all. When last vehicle in front was leaving, we pulled to the pick-up window without placing an order. To our surprise, someone started talking at the ordering station to a person behind us! Then, window opened and associate asked if we placed an order. I explained that I waited there for several minutes and pulled in assuming station is not operational. Guess what? Associate asked us to go drive around and start all over! We left completely. I'm surely not coming back to this location in the nearest future, or ever.","Likes":"1"},{"Name":"","Category":"","Rating":" 1 star ","Number_of_Reviews":"","Address":"","Reviewer":"Anthony Capone DeLeon","Reviewer_page":"https://www.google.com/maps/contrib/107881363551803090281/reviews?hl=en-US","Review_time":"a year ago","Review":"Starbucks on Nostrand Ave is horrible. Bad management. There's times I have to wait 20 minutes for my drink. Worse on the drive thru. They're always out of certain products like caramel. I mean who runs out of caramel... Needs better management across the board.","Likes":"1"},{"Name":"","Category":"","Rating":" 1 star ","Number_of_Reviews":"","Address":"","Reviewer":"Susan Cohen","Reviewer_page":"https://www.google.com/maps/contrib/112234185158300130579/reviews?hl=en-US","Review_time":"a year ago","Review":"They are often out of food items. They were out of caramel.Yesterday,  they had no ice. It has not been a good experience the last couple of times I have gone.","Likes":"1"},{"Name":"","Category":"","Rating":" 5 stars ","Number_of_Reviews":"","Address":"","Reviewer":"rosie ftiha","Reviewer_page":"https://www.google.com/maps/contrib/111706924763304882744/reviews?hl=en-US","Review_time":"a year ago","Review":"Joe and Aberlyn best baristas!!!\nThey made my drinks to perfection and let me know what’s good to order from the new menu. Very helpful and nice !! Friendly baristas made my night ;)","Likes":"2"},{"Name":"","Category":"","Rating":" 1 star ","Number_of_Reviews":"","Address":"","Reviewer":"Jonathan Wong","Reviewer_page":"https://www.google.com/maps/contrib/105582275098321601525/reviews?hl=en-US","Review_time":"a year ago","Review":"Store closes earlier than stated time. Starbucks app stated they close at 1800. Tried to order ahead at 1710, was told to order in store. Got to the store at about 1720. Doors are lock. The counter girls pay no attention to you other than saying they're close, I would understand if I was knocking 5 min before 1800 but I was about an hour ahead of closing time, this is the second time this happen, I let the first time slide a few weeks ago.","Likes":"2"},{"Name":"","Category":"","Rating":" 5 stars ","Number_of_Reviews":"","Address":"","Reviewer":"Linda Fauz","Reviewer_page":"https://www.google.com/maps/contrib/114176564965402147033/reviews?hl=en-US","Review_time":"2 months ago","Review":"Joe is the best!!! Will always come back to this location!","Likes":"2"},{"Name":"","Category":"","Rating":" 1 star ","Number_of_Reviews":"","Address":"","Reviewer":"Carmelo Portera","Reviewer_page":"https://www.google.com/maps/contrib/103031811338672839935/reviews?hl=en-US","Review_time":"a year ago","Review":"I work near this location and been in there a couple of time every time I order a cappuccino or latte you can’t even taste the coffee it taste like warm milk I can only assume that the person is using the same coffee grinds over and over instead of using fresh coffee grinds. Don’t recommend this location.","Likes":""},{"Name":"","Category":"","Rating":" 1 star ","Number_of_Reviews":"","Address":"","Reviewer":"MinasGamingZ","Reviewer_page":"https://www.google.com/maps/contrib/101896302873734605570/reviews?hl=en-US","Review_time":"11 months ago","Review":"I was a loyal customer at this location ever since they opened. But one morning that all changed when a rude batista ended up closing the drive through  window in my face. Early mornings are rush hours for me and I'm sure for everyone else. When I ordered my coffee and went to the window to retrieve it, I noticed something was wrong with it even before I took a sip( I always get the same coffee so I know how it's supposed to look) so I end up asking her \" what happened to my coffee \" she turned around and spoke to the other barista I'm assuming to ask my question. She must of told her something un professional, and that is when the window got closed in my face. Since I'm in a rush as stated earlier, I was not able to stick around to find out what is going on. I definitely would have given them a piece of my mind at that point!. Unfortunately I had to get to work, I was infuriated and ended up calling starbucks themselves and got my refund and then some. Over all I haven't returned to this location in almost two months now and I plan on keeping it that way since generally I had to tell them to re make my coffee at least once every time. A simple shaken espresso! But they know how to make those frozen drinks with whipped cream that are more complicated, just not a shaken espresso 😑🙄","Likes":""},{"Name":"","Category":"","Rating":" 5 stars ","Number_of_Reviews":"","Address":"","Reviewer":"Justin Mercado (Bloodydarn)","Reviewer_page":"https://www.google.com/maps/contrib/111463269574828314794/reviews?hl=en-US","Review_time":"a year ago","Review":"The staff is very friendly no matter how busy.","Likes":""},{"Name":"","Category":"","Rating":" 5 stars ","Number_of_Reviews":"","Address":"","Reviewer":"Bing Xia","Reviewer_page":"https://www.google.com/maps/contrib/112958279201594971048/reviews?hl=en-US","Review_time":"9 months ago","Review":"Love the drive through quick and easy same great taste of Starbucks","Likes":""},{"Name":"","Category":"","Rating":" 5 stars ","Number_of_Reviews":"","Address":"","Reviewer":"Farida Alieva","Reviewer_page":"https://www.google.com/maps/contrib/107527808329456733068/reviews?hl=en-US","Review_time":"a year ago","Review":"Quick and efficient and clean (they are following the cdc guidelines)\nWorkers are hospitable and smiling","Likes":""},{"Name":"","Category":"","Rating":" 1 star ","Number_of_Reviews":"","Address":"","Reviewer":"Alexandria Martelli","Reviewer_page":"https://www.google.com/maps/contrib/110473124219134154869/reviews?hl=en-US","Review_time":"a year ago","Review":"This place is constantly closed. It’s a Tuesday afternoon @2:56 and once again they are closed. They said they are understaffed. Not sure why they can’t hire more staff especially if they have the customer base. What’s the point of having a business here if you’re never open to serve the community?","Likes":"3"},{"Name":"","Category":"","Rating":" 5 stars ","Number_of_Reviews":"","Address":"","Reviewer":"Dr. Who Time Lord","Reviewer_page":"https://www.google.com/maps/contrib/106736871141171038140/reviews?hl=en-US","Review_time":"a year ago","Review":"Friendly staff, fast service.","Likes":""},{"Name":"","Category":"","Rating":" 5 stars ","Number_of_Reviews":"","Address":"","Reviewer":"Joyce Coco","Reviewer_page":"https://www.google.com/maps/contrib/104181476109990911229/reviews?hl=en-US","Review_time":"a year ago","Review":"2 Baristas, both working very quickly and efficiently. My beverages have been very good.","Likes":""},{"Name":"","Category":"","Rating":" 5 stars ","Number_of_Reviews":"","Address":"","Reviewer":"stiles douglas","Reviewer_page":"https://www.google.com/maps/contrib/117532744551281753449/reviews?hl=en-US","Review_time":"4 months ago","Review":"Great early morning staff..","Likes":""},{"Name":"","Category":"","Rating":" 1 star ","Number_of_Reviews":"","Address":"","Reviewer":"joe Halpern","Reviewer_page":"https://www.google.com/maps/contrib/103191226490852699192/reviews?hl=en-US","Review_time":"3 weeks ago","Review":"Always out of stock of items","Likes":""},{"Name":"","Category":"","Rating":" 5 stars ","Number_of_Reviews":"","Address":"","Reviewer":"Grisha B","Reviewer_page":"https://www.google.com/maps/contrib/107353444186921430932/reviews?hl=en-US","Review_time":"a year ago","Review":"Joe blessed it with extra caramel. Good starbucks 5/5","Likes":"2"},{"Name":"","Category":"","Rating":" 5 stars ","Number_of_Reviews":"","Address":"","Reviewer":"Olusanya Kemi","Reviewer_page":"https://www.google.com/maps/contrib/115328374760776824279/reviews?hl=en-US","Review_time":"8 months ago","Review":"Good place to buy breakfast lunch and dinner it a delicious experience","Likes":""},{"Name":"","Category":"","Rating":" 1 star ","Number_of_Reviews":"","Address":"","Reviewer":"E Sharp","Reviewer_page":"https://www.google.com/maps/contrib/103775483032107767289/reviews?hl=en-US","Review_time":"a year ago","Review":"Horrible costumer sevice. Annoying people, working as someone is pointing a gun on them.\n\nAlso place constantly closed . Why???\nJust shout out the whole thing and go gardening 🧑‍🌾.","Likes":"1"},{"Name":"","Category":"","Rating":" 5 stars ","Number_of_Reviews":"","Address":"","Reviewer":"Rosie Toyola","Reviewer_page":"https://www.google.com/maps/contrib/107626245653273111575/reviews?hl=en-US","Review_time":"2 years ago","Review":"Staff was extremely courteous and friendly and went out of way to engage w customers in a friendly manner even just in greeting and farewell.","Likes":""},{"Name":"","Category":"","Rating":" 5 stars ","Number_of_Reviews":"","Address":"","Reviewer":"Joe Gambardella","Reviewer_page":"https://www.google.com/maps/contrib/107944005057824374434/reviews?hl=en-US","Review_time":"a year ago","Review":"This store provides excellent customer service demonstrations on both a daily and consistent basis!","Likes":"1"},{"Name":"","Category":"","Rating":" 5 stars ","Number_of_Reviews":"","Address":"","Reviewer":"Kiera Fitzpatrick","Reviewer_page":"https://www.google.com/maps/contrib/113418389230499689979/reviews?hl=en-US","Review_time":"a year ago","Review":"Love the people at this Starbucks location.  The staff is very friendly!","Likes":"1"},{"Name":"","Category":"","Rating":" 2 stars ","Number_of_Reviews":"","Address":"","Reviewer":"Deanna Fiore","Reviewer_page":"https://www.google.com/maps/contrib/112671667824880896704/reviews?hl=en-US","Review_time":"a year ago","Review":"The drive through and the store are closed at 12:30pm even though it states they are open till 6pm.","Likes":"1"},{"Name":"","Category":"","Rating":" 5 stars ","Number_of_Reviews":"","Address":"","Reviewer":"J","Reviewer_page":"https://www.google.com/maps/contrib/104659360820205439892/reviews?hl=en-US","Review_time":"a year ago","Review":"It’s a Starbucks what are you expecting from a review? Probably more packed than the average one since it’s by the trains and buses though","Likes":""},{"Name":"","Category":"","Rating":" 1 star ","Number_of_Reviews":"","Address":"","Reviewer":"Kevin Yuksekol","Reviewer_page":"https://www.google.com/maps/contrib/104908026760086186946/reviews?hl=en-US","Review_time":"9 months ago","Review":"Place or drive through  is always closed before posted closing time","Likes":""},{"Name":"","Category":"","Rating":" 1 star ","Number_of_Reviews":"","Address":"","Reviewer":"Adeel A","Reviewer_page":"https://www.google.com/maps/contrib/106491753878252538077/reviews?hl=en-US","Review_time":"2 years ago","Review":"This is a new Starbucks but it’s going to close down soon because  rude employees never use mask and very rude and made my stuff wrong when you tell them they just like something else !!!!","Likes":""},{"Name":"","Category":"","Rating":" 5 stars ","Number_of_Reviews":"","Address":"","Reviewer":"Russel Mills","Reviewer_page":"https://www.google.com/maps/contrib/103563756717002361696/reviews?hl=en-US","Review_time":"2 years ago","Review":"Starbucks is blessing us with all these drive thrus. They got like 4 of em in Brooklyn","Likes":""},{"Name":"","Category":"","Rating":" 4 stars ","Number_of_Reviews":"","Address":"","Reviewer":"Mike Akyuz","Reviewer_page":"https://www.google.com/maps/contrib/101480337498620731869/reviews?hl=en-US","Review_time":"a year ago","Review":"Friendly staff. Drive thru. Order prepared in fair amt of time.","Likes":""},{"Name":"","Category":"","Rating":" 5 stars ","Number_of_Reviews":"","Address":"","Reviewer":"mowshe K","Reviewer_page":"https://www.google.com/maps/contrib/107034625695333397590/reviews?hl=en-US","Review_time":"5 months ago","Review":"Just gotta pull up- fab","Likes":"1"},{"Name":"","Category":"","Rating":" 5 stars ","Number_of_Reviews":"","Address":"","Reviewer":"Sarah Levy","Reviewer_page":"https://www.google.com/maps/contrib/105153879601215418879/reviews?hl=en-US","Review_time":"3 weeks ago","Review":"JOE IS THE BEST!!!","Likes":"2"},{"Name":"","Category":"","Rating":" 2 stars ","Number_of_Reviews":"","Address":"","Reviewer":"David Zinger","Reviewer_page":"https://www.google.com/maps/contrib/103833551294722477177/reviews?hl=en-US","Review_time":"a year ago","Review":"It took about 20 minutes to get my drink and not even during the busy hours.","Likes":"1"},{"Name":"","Category":"","Rating":" 5 stars ","Number_of_Reviews":"","Address":"","Reviewer":"Michelle Viola","Reviewer_page":"https://www.google.com/maps/contrib/102414674384713488327/reviews?hl=en-US","Review_time":"a year ago","Review":"Black tea with lemon aid is the bomb.","Likes":""},{"Name":"","Category":"","Rating":" 5 stars ","Number_of_Reviews":"","Address":"","Reviewer":"salman waheed","Reviewer_page":"https://www.google.com/maps/contrib/107563330208870640049/reviews?hl=en-US","Review_time":"9 months ago","Review":"Dragon fruit with lemonade …. All day","Likes":""},{"Name":"","Category":"","Rating":" 1 star ","Number_of_Reviews":"","Address":"","Reviewer":"Ulanbek Shaidullaev","Reviewer_page":"https://www.google.com/maps/contrib/103168382319108898062/reviews?hl=en-US","Review_time":"2 years ago","Review":"On google closing time is 6 pm but it always closed at 5 pm.","Likes":"2"},{"Name":"","Category":"","Rating":" 4 stars ","Number_of_Reviews":"","Address":"","Reviewer":"Yvette Nelson","Reviewer_page":"https://www.google.com/maps/contrib/108285980987047050003/reviews?hl=en-US","Review_time":"a year ago","Review":"Welcoming staff","Likes":""},{"Name":"","Category":"","Rating":" 5 stars ","Number_of_Reviews":"","Address":"","Reviewer":"judith baird","Reviewer_page":"https://www.google.com/maps/contrib/113928195122259086271/reviews?hl=en-US","Review_time":"6 months ago","Review":"Service was great","Likes":""},{"Name":"","Category":"","Rating":" 5 stars ","Number_of_Reviews":"","Address":"","Reviewer":"Salman Iftikhar","Reviewer_page":"https://www.google.com/maps/contrib/105204510402334139223/reviews?hl=en-US","Review_time":"a year ago","Review":"Quick and awesome customer service","Likes":""},{"Name":"","Category":"","Rating":" 5 stars ","Number_of_Reviews":"","Address":"","Reviewer":"T J","Reviewer_page":"https://www.google.com/maps/contrib/115163284841929828236/reviews?hl=en-US","Review_time":"a year ago","Review":"Great customer service 👏","Likes":"1"},{"Name":"","Category":"","Rating":" 5 stars ","Number_of_Reviews":"","Address":"","Reviewer":"Waqas butt","Reviewer_page":"https://www.google.com/maps/contrib/104760484577893990080/reviews?hl=en-US","Review_time":"a year ago","Review":"good place for a fresh coffee","Likes":""},{"Name":"","Category":"","Rating":" 5 stars ","Number_of_Reviews":"","Address":"","Reviewer":"rachel adler","Reviewer_page":"https://www.google.com/maps/contrib/104051213853412121992/reviews?hl=en-US","Review_time":"2 years ago","Review":"Awesome Vibe,awesome service","Likes":""},{"Name":"","Category":"","Rating":" 5 stars ","Number_of_Reviews":"","Address":"","Reviewer":"Kateryna Baranovych","Reviewer_page":"https://www.google.com/maps/contrib/114129904824540213899/reviews?hl=en-US","Review_time":"9 months ago","Review":"Great place !","Likes":""},{"Name":"","Category":"","Rating":" 5 stars ","Number_of_Reviews":"","Address":"","Reviewer":"TRANSPORTER","Reviewer_page":"https://www.google.com/maps/contrib/117068498892999795493/reviews?hl=en-US","Review_time":"a year ago","Review":"Great people","Likes":""},{"Name":"","Category":"","Rating":" 5 stars ","Number_of_Reviews":"","Address":"","Reviewer":"H S","Reviewer_page":"https://www.google.com/maps/contrib/117845032141511291419/reviews?hl=en-US","Review_time":"a year ago","Review":"Awesome","Likes":""},{"Name":"","Category":"","Rating":" 5 stars ","Number_of_Reviews":"","Address":"","Reviewer":"Nate N","Reviewer_page":"https://www.google.com/maps/contrib/106661292607836774252/reviews?hl=en-US","Review_time":"a year ago","Review":"Great coffee","Likes":""},{"Name":"","Category":"","Rating":" 3 stars ","Number_of_Reviews":"","Address":"","Reviewer":"Miguel Soto","Reviewer_page":"https://www.google.com/maps/contrib/108960866699793072661/reviews?hl=en-US","Review_time":"a year ago","Review":"Close today","Likes":""},{"Name":"","Category":"","Rating":" 5 stars ","Number_of_Reviews":"","Address":"","Reviewer":"Moji Hashmi","Reviewer_page":"https://www.google.com/maps/contrib/109293965026486385537/reviews?hl=en-US","Review_time":"2 years ago","Review":"Fast service","Likes":""},{"Name":"","Category":"","Rating":" 5 stars ","Number_of_Reviews":"","Address":"","Reviewer":"Mary Andrews","Reviewer_page":"https://www.google.com/maps/contrib/111510628725759217278/reviews?hl=en-US","Review_time":"a day ago","Review":"I'm a new Starbucks visitor and I have only had 3 drinks. Dragon fruit drink, mango drink and the pink drink.","Likes":""},{"Name":"","Category":"","Rating":" 4 stars ","Number_of_Reviews":"","Address":"","Reviewer":"Elizbar Lomidze","Reviewer_page":"https://www.google.com/maps/contrib/112451926048017738157/reviews?hl=en-US","Review_time":"a month ago","Review":"(Translated by Google) Fine\n\n(Original)\nНормально","Likes":""},{"Name":"","Category":"","Rating":" 4 stars ","Number_of_Reviews":"","Address":"","Reviewer":"Husya Musaev","Reviewer_page":"https://www.google.com/maps/contrib/117903818929699851060/reviews?hl=en-US","Review_time":"2 weeks ago","Review":"","Likes":""},{"Name":"","Category":"","Rating":" 3 stars ","Number_of_Reviews":"","Address":"","Reviewer":"Howard Stone","Reviewer_page":"https://www.google.com/maps/contrib/114938432519027432620/reviews?hl=en-US","Review_time":"2 weeks ago","Review":"","Likes":""},{"Name":"","Category":"","Rating":" 5 stars ","Number_of_Reviews":"","Address":"","Reviewer":"Tornike Baidoshvili","Reviewer_page":"https://www.google.com/maps/contrib/108302917617133208505/reviews?hl=en-US","Review_time":"a month ago","Review":"","Likes":""},{"Name":"","Category":"","Rating":" 5 stars ","Number_of_Reviews":"","Address":"","Reviewer":"Linda Baxter","Reviewer_page":"https://www.google.com/maps/contrib/105799443173323646990/reviews?hl=en-US","Review_time":"a month ago","Review":"","Likes":""},{"Name":"","Category":"","Rating":" 5 stars ","Number_of_Reviews":"","Address":"","Reviewer":"Felicia Franklin","Reviewer_page":"https://www.google.com/maps/contrib/109335291447942627117/reviews?hl=en-US","Review_time":"a month ago","Review":"","Likes":""},{"Name":"","Category":"","Rating":" 5 stars ","Number_of_Reviews":"","Address":"","Reviewer":"Navruz Shukroev","Reviewer_page":"https://www.google.com/maps/contrib/110179585306532175501/reviews?hl=en-US","Review_time":"3 months ago","Review":"","Likes":""},{"Name":"","Category":"","Rating":" 4 stars ","Number_of_Reviews":"","Address":"","Reviewer":"Joseph Zygnerski","Reviewer_page":"https://www.google.com/maps/contrib/109959134946435819108/reviews?hl=en-US","Review_time":"2 months ago","Review":"","Likes":""},{"Name":"","Category":"","Rating":" 5 stars ","Number_of_Reviews":"","Address":"","Reviewer":"M","Reviewer_page":"https://www.google.com/maps/contrib/109575187656707947616/reviews?hl=en-US","Review_time":"5 months ago","Review":"","Likes":""},{"Name":"","Category":"","Rating":" 5 stars ","Number_of_Reviews":"","Address":"","Reviewer":"Eva Steinmetz","Reviewer_page":"https://www.google.com/maps/contrib/101926387854977927856/reviews?hl=en-US","Review_time":"6 months ago","Review":"","Likes":""},{"Name":"","Category":"","Rating":" 5 stars ","Number_of_Reviews":"","Address":"","Reviewer":"Janet Fraser","Reviewer_page":"https://www.google.com/maps/contrib/102605123154699638560/reviews?hl=en-US","Review_time":"6 months ago","Review":"","Likes":""},{"Name":"","Category":"","Rating":" 5 stars ","Number_of_Reviews":"","Address":"","Reviewer":"Mark Halpert","Reviewer_page":"https://www.google.com/maps/contrib/117880890452886964518/reviews?hl=en-US","Review_time":"8 months ago","Review":"","Likes":""},{"Name":"","Category":"","Rating":" 5 stars ","Number_of_Reviews":"","Address":"","Reviewer":"jacqueline henriquez","Reviewer_page":"https://www.google.com/maps/contrib/106304139656203041916/reviews?hl=en-US","Review_time":"8 months ago","Review":"","Likes":""},{"Name":"","Category":"","Rating":" 5 stars ","Number_of_Reviews":"","Address":"","Reviewer":"Richard Rios","Reviewer_page":"https://www.google.com/maps/contrib/104157285913309351129/reviews?hl=en-US","Review_time":"8 months ago","Review":"","Likes":""},{"Name":"","Category":"","Rating":" 5 stars ","Number_of_Reviews":"","Address":"","Reviewer":"Sardor Z","Reviewer_page":"https://www.google.com/maps/contrib/106223484950777994332/reviews?hl=en-US","Review_time":"9 months ago","Review":"","Likes":""},{"Name":"","Category":"","Rating":" 4 stars ","Number_of_Reviews":"","Address":"","Reviewer":"Musarrat Chowdhury","Reviewer_page":"https://www.google.com/maps/contrib/104432635190738764277/reviews?hl=en-US","Review_time":"a year ago","Review":"","Likes":""},{"Name":"","Category":"","Rating":" 5 stars ","Number_of_Reviews":"","Address":"","Reviewer":"Nancy Boccuzzi","Reviewer_page":"https://www.google.com/maps/contrib/104767935372171219586/reviews?hl=en-US","Review_time":"a year ago","Review":"","Likes":""},{"Name":"","Category":"","Rating":" 4 stars ","Number_of_Reviews":"","Address":"","Reviewer":"Cynthia Smith","Reviewer_page":"https://www.google.com/maps/contrib/103346795876672767753/reviews?hl=en-US","Review_time":"a year ago","Review":"","Likes":""},{"Name":"","Category":"","Rating":" 4 stars ","Number_of_Reviews":"","Address":"","Reviewer":"Sammy Hamdan","Reviewer_page":"https://www.google.com/maps/contrib/101988949028232739348/reviews?hl=en-US","Review_time":"a year ago","Review":"","Likes":""},{"Name":"","Category":"","Rating":" 5 stars ","Number_of_Reviews":"","Address":"","Reviewer":"Jose Vargas","Reviewer_page":"https://www.google.com/maps/contrib/113047502117595359602/reviews?hl=en-US","Review_time":"7 months ago","Review":"","Likes":""},{"Name":"","Category":"","Rating":" 4 stars ","Number_of_Reviews":"","Address":"","Reviewer":"Chris Brown","Reviewer_page":"https://www.google.com/maps/contrib/117654900900632613982/reviews?hl=en-US","Review_time":"a year ago","Review":"","Likes":""},{"Name":"","Category":"","Rating":" 4 stars ","Number_of_Reviews":"","Address":"","Reviewer":"Sarah Campbell","Reviewer_page":"https://www.google.com/maps/contrib/112707955434217021238/reviews?hl=en-US","Review_time":"a year ago","Review":"","Likes":""},{"Name":"","Category":"","Rating":" 5 stars ","Number_of_Reviews":"","Address":"","Reviewer":"Faruk Gursoy","Reviewer_page":"https://www.google.com/maps/contrib/103922944486443972258/reviews?hl=en-US","Review_time":"a year ago","Review":"","Likes":""},{"Name":"","Category":"","Rating":" 5 stars ","Number_of_Reviews":"","Address":"","Reviewer":"jose vargas","Reviewer_page":"https://www.google.com/maps/contrib/100166456163451511049/reviews?hl=en-US","Review_time":"a month ago","Review":"","Likes":""},{"Name":"","Category":"","Rating":" 3 stars ","Number_of_Reviews":"","Address":"","Reviewer":"T J (TJ)","Reviewer_page":"https://www.google.com/maps/contrib/103913021292740678060/reviews?hl=en-US","Review_time":"6 months ago","Review":"","Likes":""},{"Name":"","Category":"","Rating":" 5 stars ","Number_of_Reviews":"","Address":"","Reviewer":"LuckynationX4","Reviewer_page":"https://www.google.com/maps/contrib/113219966077945437120/reviews?hl=en-US","Review_time":"6 months ago","Review":"","Likes":""},{"Name":"","Category":"","Rating":" 1 star ","Number_of_Reviews":"","Address":"","Reviewer":"Joe Cash","Reviewer_page":"https://www.google.com/maps/contrib/100284110734288458887/reviews?hl=en-US","Review_time":"a year ago","Review":"","Likes":""},{"Name":"","Category":"","Rating":" 4 stars ","Number_of_Reviews":"","Address":"","Reviewer":"Marie Van Nostrand","Reviewer_page":"https://www.google.com/maps/contrib/102710508084204181495/reviews?hl=en-US","Review_time":"11 months ago","Review":"","Likes":""},{"Name":"","Category":"","Rating":" 5 stars ","Number_of_Reviews":"","Address":"","Reviewer":"Michael Levin","Reviewer_page":"https://www.google.com/maps/contrib/103815199603525219358/reviews?hl=en-US","Review_time":"7 months ago","Review":"","Likes":""},{"Name":"","Category":"","Rating":" 5 stars ","Number_of_Reviews":"","Address":"","Reviewer":"Jorge Diaz","Reviewer_page":"https://www.google.com/maps/contrib/100694052725954033206/reviews?hl=en-US","Review_time":"a year ago","Review":"","Likes":""},{"Name":"","Category":"","Rating":" 1 star ","Number_of_Reviews":"","Address":"","Reviewer":"Leonid Abramsky","Reviewer_page":"https://www.google.com/maps/contrib/102632829744296730174/reviews?hl=en-US","Review_time":"4 days ago","Review":"","Likes":""},{"Name":"","Category":"","Rating":" 1 star ","Number_of_Reviews":"","Address":"","Reviewer":"Kings Diagnostics","Reviewer_page":"https://www.google.com/maps/contrib/115216911753551751239/reviews?hl=en-US","Review_time":"6 months ago","Review":"","Likes":""},{"Name":"","Category":"","Rating":" 5 stars ","Number_of_Reviews":"","Address":"","Reviewer":"Denis","Reviewer_page":"https://www.google.com/maps/contrib/115293560678867269599/reviews?hl=en-US","Review_time":"a year ago","Review":"","Likes":""},{"Name":"","Category":"","Rating":" 5 stars ","Number_of_Reviews":"","Address":"","Reviewer":"Everardo Macuilcielo","Reviewer_page":"https://www.google.com/maps/contrib/117150674446256998109/reviews?hl=en-US","Review_time":"a year ago","Review":"","Likes":""},{"Name":"","Category":"","Rating":" 5 stars ","Number_of_Reviews":"","Address":"","Reviewer":"Ryann Torres","Reviewer_page":"https://www.google.com/maps/contrib/111283595478765656339/reviews?hl=en-US","Review_time":"a year ago","Review":"","Likes":""},{"Name":"","Category":"","Rating":" 5 stars ","Number_of_Reviews":"","Address":"","Reviewer":"Anastasia G","Reviewer_page":"https://www.google.com/maps/contrib/104776924683252018324/reviews?hl=en-US","Review_time":"6 months ago","Review":"","Likes":""},{"Name":"","Category":"","Rating":" 5 stars ","Number_of_Reviews":"","Address":"","Reviewer":"Hudi Kowalsky","Reviewer_page":"https://www.google.com/maps/contrib/111485542878753707585/reviews?hl=en-US","Review_time":"a year ago","Review":"","Likes":""},{"Name":"","Category":"","Rating":" 4 stars ","Number_of_Reviews":"","Address":"","Reviewer":"KCasey H","Reviewer_page":"https://www.google.com/maps/contrib/107990346807522074723/reviews?hl=en-US","Review_time":"a year ago","Review":"","Likes":""},{"Name":"","Category":"","Rating":" 5 stars ","Number_of_Reviews":"","Address":"","Reviewer":"Norine Williams","Reviewer_page":"https://www.google.com/maps/contrib/117232667084041641446/reviews?hl=en-US","Review_time":"8 months ago","Review":"","Likes":""},{"Name":"","Category":"","Rating":" 5 stars ","Number_of_Reviews":"","Address":"","Reviewer":"Jenni G","Reviewer_page":"https://www.google.com/maps/contrib/113183914103184471776/reviews?hl=en-US","Review_time":"2 years ago","Review":"","Likes":""},{"Name":"","Category":"","Rating":" 5 stars ","Number_of_Reviews":"","Address":"","Reviewer":"Jaccir's Shop","Reviewer_page":"https://www.google.com/maps/contrib/113800091009505766334/reviews?hl=en-US","Review_time":"2 years ago","Review":"","Likes":""},{"Name":"","Category":"","Rating":" 4 stars ","Number_of_Reviews":"","Address":"","Reviewer":"Frank Roggio","Reviewer_page":"https://www.google.com/maps/contrib/106302015464366929172/reviews?hl=en-US","Review_time":"a year ago","Review":"","Likes":""},{"Name":"","Category":"","Rating":" 4 stars ","Number_of_Reviews":"","Address":"","Reviewer":"Boris Mashkevich","Reviewer_page":"https://www.google.com/maps/contrib/113861441156975991224/reviews?hl=en-US","Review_time":"a year ago","Review":"","Likes":""},{"Name":"","Category":"","Rating":" 5 stars ","Number_of_Reviews":"","Address":"","Reviewer":"Artem Bondarev","Reviewer_page":"https://www.google.com/maps/contrib/102428417442721321683/reviews?hl=en-US","Review_time":"5 months ago","Review":"","Likes":""},{"Name":"","Category":"","Rating":" 4 stars ","Number_of_Reviews":"","Address":"","Reviewer":"Tobias Garcia","Reviewer_page":"https://www.google.com/maps/contrib/101519615366452949666/reviews?hl=en-US","Review_time":"2 months ago","Review":"","Likes":""},{"Name":"","Category":"","Rating":" 5 stars ","Number_of_Reviews":"","Address":"","Reviewer":"Glenroy Manderson","Reviewer_page":"https://www.google.com/maps/contrib/114668463857819669589/reviews?hl=en-US","Review_time":"8 months ago","Review":"","Likes":""},{"Name":"","Category":"","Rating":" 5 stars ","Number_of_Reviews":"","Address":"","Reviewer":"David Martinez","Reviewer_page":"https://www.google.com/maps/contrib/115787323768446614169/reviews?hl=en-US","Review_time":"a year ago","Review":"","Likes":""},{"Name":"","Category":"","Rating":" 4 stars ","Number_of_Reviews":"","Address":"","Reviewer":"faheem aftab","Reviewer_page":"https://www.google.com/maps/contrib/100039931981601869058/reviews?hl=en-US","Review_time":"9 months ago","Review":"","Likes":""},{"Name":"","Category":"","Rating":" 4 stars ","Number_of_Reviews":"","Address":"","Reviewer":"Andrew Chao","Reviewer_page":"https://www.google.com/maps/contrib/104905092362572181921/reviews?hl=en-US","Review_time":"2 years ago","Review":"","Likes":""},{"Name":"","Category":"","Rating":" 5 stars ","Number_of_Reviews":"","Address":"","Reviewer":"Katherine B","Reviewer_page":"https://www.google.com/maps/contrib/116128455846515470658/reviews?hl=en-US","Review_time":"2 years ago","Review":"","Likes":""},{"Name":"","Category":"","Rating":" 5 stars ","Number_of_Reviews":"","Address":"","Reviewer":"Benjamin Ruvinov","Reviewer_page":"https://www.google.com/maps/contrib/114747202178698110172/reviews?hl=en-US","Review_time":"a year ago","Review":"","Likes":""},{"Name":"","Category":"","Rating":" 5 stars ","Number_of_Reviews":"","Address":"","Reviewer":"Rosalyn Lee","Reviewer_page":"https://www.google.com/maps/contrib/112755650580897440774/reviews?hl=en-US","Review_time":"4 months ago","Review":"","Likes":""},{"Name":"","Category":"","Rating":" 5 stars ","Number_of_Reviews":"","Address":"","Reviewer":"dina n","Reviewer_page":"https://www.google.com/maps/contrib/110289456200270528967/reviews?hl=en-US","Review_time":"a year ago","Review":"","Likes":""},{"Name":"","Category":"","Rating":" 1 star ","Number_of_Reviews":"","Address":"","Reviewer":"Leon Harary","Reviewer_page":"https://www.google.com/maps/contrib/106960246856827545287/reviews?hl=en-US","Review_time":"a year ago","Review":"","Likes":""},{"Name":"","Category":"","Rating":" 5 stars ","Number_of_Reviews":"","Address":"","Reviewer":"Abu Adel","Reviewer_page":"https://www.google.com/maps/contrib/109881395294092537433/reviews?hl=en-US","Review_time":"8 months ago","Review":"","Likes":""},{"Name":"","Category":"","Rating":" 4 stars ","Number_of_Reviews":"","Address":"","Reviewer":"Empress Natural","Reviewer_page":"https://www.google.com/maps/contrib/113641940774408396616/reviews?hl=en-US","Review_time":"a year ago","Review":"","Likes":""},{"Name":"","Category":"","Rating":" 1 star ","Number_of_Reviews":"","Address":"","Reviewer":"Ricky9","Reviewer_page":"https://www.google.com/maps/contrib/101601387408781893513/reviews?hl=en-US","Review_time":"a year ago","Review":"","Likes":""},{"Name":"","Category":"","Rating":" 5 stars ","Number_of_Reviews":"","Address":"","Reviewer":"Eliso Arjevanidze","Reviewer_page":"https://www.google.com/maps/contrib/112039107894373597444/reviews?hl=en-US","Review_time":"8 months ago","Review":"","Likes":""},{"Name":"","Category":"","Rating":" 4 stars ","Number_of_Reviews":"","Address":"","Reviewer":"Frank Roggio","Reviewer_page":"https://www.google.com/maps/contrib/111739252670626552697/reviews?hl=en-US","Review_time":"a year ago","Review":"","Likes":""},{"Name":"","Category":"","Rating":" 5 stars ","Number_of_Reviews":"","Address":"","Reviewer":"June Obrien","Reviewer_page":"https://www.google.com/maps/contrib/103822517861986525933/reviews?hl=en-US","Review_time":"a year ago","Review":"","Likes":""},{"Name":"","Category":"","Rating":" 5 stars ","Number_of_Reviews":"","Address":"","Reviewer":"Nathan Kabariti","Reviewer_page":"https://www.google.com/maps/contrib/101769688608876035237/reviews?hl=en-US","Review_time":"2 years ago","Review":"","Likes":""},{"Name":"","Category":"","Rating":" 5 stars ","Number_of_Reviews":"","Address":"","Reviewer":"Rachel Mizrahi","Reviewer_page":"https://www.google.com/maps/contrib/112994622597571452681/reviews?hl=en-US","Review_time":"a year ago","Review":"","Likes":""},{"Name":"","Category":"","Rating":" 5 stars ","Number_of_Reviews":"","Address":"","Reviewer":"Zarrina Khafizova","Reviewer_page":"https://www.google.com/maps/contrib/108804387148633472716/reviews?hl=en-US","Review_time":"a year ago","Review":"","Likes":""}