[{"Name":"","Category":"","Rating":" 5 stars ","Number_of_Reviews":"","Address":"","Reviewer":"Princess Danielle","Reviewer_page":"https://www.google.com/maps/contrib/117227349488763323525/reviews?hl=en-US","Review_time":"a year ago","Review":"Great clean place that isn’t too busy. The staff is friendly and the Starbucks is a good size, they even have indoor seating. I would recommend going here for takeout or to dine in.","Likes":""},{"Name":"","Category":"","Rating":" 1 star ","Number_of_Reviews":"","Address":"","Reviewer":"Binh Nguyen","Reviewer_page":"https://www.google.com/maps/contrib/116272384522329861161/reviews?hl=en-US","Review_time":"2 months ago","Review":"I rarely gave bad reviews unless the service is really bad. The black lady was so grumpy when taking my order ( sorry I couldn’t see her name). But thats okay as long as I get my drink. Everyone has bad days, I get it. I ordered a drink then she asked “hot?” I said “no, cold please”. She still gave me a hot drink. When I requested an exchange, she gave me an attitude and kept insisting that I said “yes” when she asked me if I wanted it hot. When did I say yes?? If I said yes, why would I mentioned “cold”? If you don’t hear my answer, you should have asked one more time. You just don’t care and want to get it over with. I don’t need you to be all smiley but at least don’t treat your customers like they own you something.","Likes":""},{"Name":"","Category":"","Rating":" 1 star ","Number_of_Reviews":"","Address":"","Reviewer":"Jin Lee","Reviewer_page":"https://www.google.com/maps/contrib/116125112744923658446/reviews?hl=en-US","Review_time":"a week ago","Review":"Worst Starbucks . 10-15 mins for a coffee in the morning even if there is no one inside due to pickup orders . Also music as loud as a bar so no phone calls inside are possible .\n\nStarbucks - you need more locations in the area. Furthermore the employees here have the worst attitude of any coffee shop . All need to be fired . I left a bad review about the music and environment but today was the last straw with the employees . I live practically on top of this store and I will never support such rudeness. This is not the first time , it’s consistent feeling that the employees truly hate you","Likes":"1"},{"Name":"","Category":"","Rating":" 1 star ","Number_of_Reviews":"","Address":"","Reviewer":"K B","Reviewer_page":"https://www.google.com/maps/contrib/117719389562085011609/reviews?hl=en-US","Review_time":"a week ago","Review":"I’m here nearly every morning and get the same thing : doppio over ice . This morning there was maybe one giant cube In the cup and the espresso had melted it down entirely so it was now an americano . All I did was ask for more ice and the barista gave me such attitude I asked for a refund and left . First she gave me a hard time about me asking for more ice , then .. She refused to remake my drink . It was not the drink it was her rotten vibe . This is not the first time I have gotten completely sour , rude or flat out mean service here . Not only that I walked out with two gift cards in my hand for $4. Didn’t offer much of an apology . It must happen here that often . Terribly managed Starbucks .","Likes":""},{"Name":"","Category":"","Rating":" 3 stars ","Number_of_Reviews":"","Address":"","Reviewer":"Many Attitudes of Dennis","Reviewer_page":"https://www.google.com/maps/contrib/107899952789538734749/reviews?hl=en-US","Review_time":"a year ago","Review":"⭐⭐stars for the coffee (tall pike roast w/ H-n-H & 2 sugars) + ⭐ star for restroom available to public (so many places are willing to take your post-c*vid cash but still have c*vid-related closed bathroom policies in effect). I purchased food (brownie) & drink for my companion. She described Starbucks (in general I guess) as \"overrated\" and said on a scale of 1 to 5 the coffee rated a 2 (which shocked me because I could've gone across the street to the corner store bodega and got a ⭐⭐1/2 star cup of coffee for $1 as opposed to paying $3 for a tall, which when adjusted for truth in advertising is actually a small).","Likes":""},{"Name":"","Category":"","Rating":" 3 stars ","Number_of_Reviews":"","Address":"","Reviewer":"Keyanna Hobbs","Reviewer_page":"https://www.google.com/maps/contrib/117581574042029483638/reviews?hl=en-US","Review_time":"5 months ago","Review":"I order from here via Uber Eats pretty frequently. These people NEVER provide straws for the cold drinks and it’s very irritating. There’s no option on Uber to request this aside from the option at check out but they don’t even follow that request for utensils and whatnot.","Likes":"2"},{"Name":"","Category":"","Rating":" 1 star ","Number_of_Reviews":"","Address":"","Reviewer":"Jayronn Miller","Reviewer_page":"https://www.google.com/maps/contrib/100620438785987187130/reviews?hl=en-US","Review_time":"5 months ago","Review":"Drinks hardly made correctly. Hate to be “that person” but usually whenever I come to this location they have to make it a couple times over for it to be correct. It’s frustrating. This location and the one on broadway and Marcus Garvey Blvd by the hospital are the 2 worst in Brooklyn. Sorry but just speaking the truth.","Likes":"3"},{"Name":"","Category":"","Rating":" 1 star ","Number_of_Reviews":"","Address":"","Reviewer":"G C","Reviewer_page":"https://www.google.com/maps/contrib/107153055246718485879/reviews?hl=en-US","Review_time":"a week ago","Review":"Employees here do not care . They are very rude and inconsiderate . I rarely order complicated drinks and even with pick up the orders are often wrong . I receive attitude here no matter what , very little consideration given .","Likes":""},{"Name":"","Category":"","Rating":" 3 stars ","Number_of_Reviews":"","Address":"","Reviewer":"Mensur Kosumi","Reviewer_page":"https://www.google.com/maps/contrib/100504255136636251963/reviews?hl=en-US","Review_time":"2 months ago","Review":"Nightclub or Coffeeshop? Based on the music sound level you won't know if you are in a nightclub or coffeeshop. Way way too loud. Everything else is good.","Likes":"1"},{"Name":"","Category":"","Rating":" 2 stars ","Number_of_Reviews":"","Address":"","Reviewer":"Halim Faruqi","Reviewer_page":"https://www.google.com/maps/contrib/114203535533723894881/reviews?hl=en-US","Review_time":"a month ago","Review":"Not a very friendly staff.  We would appreciate a little politeness","Likes":"2"},{"Name":"","Category":"","Rating":" 4 stars ","Number_of_Reviews":"","Address":"","Reviewer":"Joy Brown","Reviewer_page":"https://www.google.com/maps/contrib/101407108695511981481/reviews?hl=en-US","Review_time":"7 months ago","Review":"I was expecting a little bit more organization and safety protocols with  pick up orders.  There was a little wait for my pick up order which I wasn't  expecting.   Also there was way too many pick up orders waiting to be picked up which is why I didn't understand why I had to wait so long for mine.  It didn't have enough extra caramel.","Likes":""},{"Name":"","Category":"","Rating":" 5 stars ","Number_of_Reviews":"","Address":"","Reviewer":"Justin Dash","Reviewer_page":"https://www.google.com/maps/contrib/103238374224201833106/reviews?hl=en-US","Review_time":"3 months ago","Review":"Clean, friendly and efficient.","Likes":"2"},{"Name":"","Category":"","Rating":" 1 star ","Number_of_Reviews":"","Address":"","Reviewer":"T H","Reviewer_page":"https://www.google.com/maps/contrib/103590537213963270761/reviews?hl=en-US","Review_time":"10 months ago","Review":"It’s 10:25am on a sunday and the store isn’t opened like the sign says they should be.","Likes":""},{"Name":"","Category":"","Rating":" 5 stars ","Number_of_Reviews":"","Address":"","Reviewer":"Shayna Nelson","Reviewer_page":"https://www.google.com/maps/contrib/113413465401272337279/reviews?hl=en-US","Review_time":"2 months ago","Review":"Excellent staff they are what makes it great here !","Likes":""},{"Name":"","Category":"","Rating":" 1 star ","Number_of_Reviews":"","Address":"","Reviewer":"Tim Kent","Reviewer_page":"https://www.google.com/maps/contrib/101407809160550409349/reviews?hl=en-US","Review_time":"a year ago","Review":"We stood in line with our 6 lb puppy before ordering. He was carried the entire time. After we placed our order an paid, the manager asked us if he was a service dog, and then told us dogs weren’t allowed.\n\nI didn’t really appreciate it since they saw us standing in line and waited for us to pay before scolding us. Dogs aren’t allowed, but the manager had no problem barking at us like a junk yard dog.\n\nThe Starbucks location we normally go to is very welcoming to dogs, and even make him a “puppycino.” I think we’ll stick with that one.","Likes":""},{"Name":"","Category":"","Rating":" 3 stars ","Number_of_Reviews":"","Address":"","Reviewer":"Andrea Vasquez","Reviewer_page":"https://www.google.com/maps/contrib/100921436568505452259/reviews?hl=en-US","Review_time":"a year ago","Review":"The person taking the order seemed more interested in singing along with the radio than getting the order correct. As a result, the order was incorrect. The barista on the other hand was very pleasant and professional.","Likes":""},{"Name":"","Category":"","Rating":" 1 star ","Number_of_Reviews":"","Address":"","Reviewer":"Subhmani Singh","Reviewer_page":"https://www.google.com/maps/contrib/103029223224449430232/reviews?hl=en-US","Review_time":"10 months ago","Review":"Has your store been getting any phone calls this week? Apparently, your number has been forwarded to my house, and your calls are coming to my house. We've been trying to get this resolved, and even called Starbucks corporate office, but no one seems to know how to cancel the call forward. Someone, please help!","Likes":"1"},{"Name":"","Category":"","Rating":" 1 star ","Number_of_Reviews":"","Address":"","Reviewer":"Spencer Herman","Reviewer_page":"https://www.google.com/maps/contrib/106247100186622147370/reviews?hl=en-US","Review_time":"a year ago","Review":"Don’t go here. dont waste your time. I live down the street and it’s supposed to be\nconvenient. But the place is NEVER OPEN. There is always a sign on the door that says, “sorry we had to close at 1 today :(“ and when it is open, it takes 15 minutes to get a coffee even if you’re the ONLY ONE IN THERE. expect to be ignored by the staff and when not ignored, given a serous attitude. This is not a one off. It happens every single time I go and when my friends go without me.","Likes":"3"},{"Name":"","Category":"","Rating":" 5 stars ","Number_of_Reviews":"","Address":"","Reviewer":"Engery Cesar","Reviewer_page":"https://www.google.com/maps/contrib/114179776897233366671/reviews?hl=en-US","Review_time":"8 months ago","Review":"Loveeeee Starbucks I must admit the taste is way more consistent than Dunkin Doughnuts   coffee for sure!","Likes":""},{"Name":"","Category":"","Rating":" 5 stars ","Number_of_Reviews":"","Address":"","Reviewer":"Denise Gant","Reviewer_page":"https://www.google.com/maps/contrib/115912055364293628215/reviews?hl=en-US","Review_time":"2 months ago","Review":"Nice and clean.   Nice customer service.   They really remember the regulars.","Likes":""},{"Name":"","Category":"","Rating":" 3 stars ","Number_of_Reviews":"","Address":"","Reviewer":"Bryan V","Reviewer_page":"https://www.google.com/maps/contrib/103280149292318881190/reviews?hl=en-US","Review_time":"3 years ago","Review":"Sometimes staff friendly and sometimes cranky. I had to ask for milk since containers were not available at usual spot. Guy was annoyed he had to get milk from fridge. Also please tidy up once in a while! One of the dirtiest Starbucks around.","Likes":""},{"Name":"","Category":"","Rating":" 4 stars ","Number_of_Reviews":"","Address":"","Reviewer":"Matt zebroski","Reviewer_page":"https://www.google.com/maps/contrib/100743246936155750382/reviews?hl=en-US","Review_time":"3 years ago","Review":"Lots of seats. Tons of power outlets. Nice light during the day. Pretty utilitarian as far as decor but if you have to get some stuff done it's a good option. Nice staff.","Likes":""},{"Name":"","Category":"","Rating":" 3 stars ","Number_of_Reviews":"","Address":"","Reviewer":"Katlyn Mccray","Reviewer_page":"https://www.google.com/maps/contrib/109226264770243140498/reviews?hl=en-US","Review_time":"3 years ago","Review":"Usually pretty great but it says on the door and online that they close at 9 but at 8:30 you can not order anything the lights are already off they are done. 9pm means 9 not 830 please update hours if this is the case.","Likes":""},{"Name":"","Category":"","Rating":" 1 star ","Number_of_Reviews":"","Address":"","Reviewer":"Stacey Hines","Reviewer_page":"https://www.google.com/maps/contrib/117465154133516244240/reviews?hl=en-US","Review_time":"3 years ago","Review":"Love the hibiscus tea, but are pets allowed in this food establishment? The pets were at the counter with the beverages being picked up. Does the law allow animals in restaurants now?  And the manager says that he has no right to ask if these animals are service animals. Too much of a potential for germs being spread and no respect for the customer who felt uncomfortable sharing there food space with animals.","Likes":"2"},{"Name":"","Category":"","Rating":" 4 stars ","Number_of_Reviews":"","Address":"","Reviewer":"Andrea Guscott","Reviewer_page":"https://www.google.com/maps/contrib/115305490573254904282/reviews?hl=en-US","Review_time":"a year ago","Review":"This place is always nice and clean. They do a great job with the drinks here.","Likes":""},{"Name":"","Category":"","Rating":" 5 stars ","Number_of_Reviews":"","Address":"","Reviewer":"J T","Reviewer_page":"https://www.google.com/maps/contrib/115608360113849383825/reviews?hl=en-US","Review_time":"4 weeks ago","Review":"Friendly workers!","Likes":""},{"Name":"","Category":"","Rating":" 1 star ","Number_of_Reviews":"","Address":"","Reviewer":"Britney Ulloa","Reviewer_page":"https://www.google.com/maps/contrib/100229518337705722476/reviews?hl=en-US","Review_time":"3 years ago","Review":"i bought a vanilla bean frappe. And i was not satisfied with my order. It tasted like milk and sugar. After i told them they told me there was nothing they could do. And i spent $6.87. Very disappointed DO NOT recommend to anyone save your money. Point blank period","Likes":"2"},{"Name":"","Category":"","Rating":" 1 star ","Number_of_Reviews":"","Address":"","Reviewer":"Bryan Sanchez","Reviewer_page":"https://www.google.com/maps/contrib/116318243359593160543/reviews?hl=en-US","Review_time":"a year ago","Review":"I go to Starbucks locations all over the city but this has to be by far the worst one. They hire some of the worst people here who don’t want to work here at all. If you don’t want to work here quit!","Likes":"3"},{"Name":"","Category":"","Rating":" 1 star ","Number_of_Reviews":"","Address":"","Reviewer":"Krystal Silva","Reviewer_page":"https://www.google.com/maps/contrib/112816694920322617385/reviews?hl=en-US","Review_time":"2 years ago","Review":"Horrible Service. If You Want A Cup Of Just Foam With A Splash Of Coffee This Is The Place To Go Smh. There should be no reason why I’m paying 6 dollars for a cup of foam when I asked for coffee. Never ordering from this place again. I’m over Starbucks and all there BS!","Likes":"2"},{"Name":"","Category":"","Rating":" 5 stars ","Number_of_Reviews":"","Address":"","Reviewer":"Blue Sweater","Reviewer_page":"https://www.google.com/maps/contrib/118225603576131173533/reviews?hl=en-US","Review_time":"3 years ago","Review":"don’t focus on the old reviews, this place is so friendly! i was little short on money and they gave me a drink for free. great place to work as well.","Likes":""},{"Name":"","Category":"","Rating":" 5 stars ","Number_of_Reviews":"","Address":"","Reviewer":"R Jones","Reviewer_page":"https://www.google.com/maps/contrib/108806302557353238802/reviews?hl=en-US","Review_time":"a year ago","Review":"Great service I need a refreshing cold non caffeine  beverage there very helpful with suggestions","Likes":""},{"Name":"","Category":"","Rating":" 3 stars ","Number_of_Reviews":"","Address":"","Reviewer":"Mike Fatah","Reviewer_page":"https://www.google.com/maps/contrib/114248548091039168972/reviews?hl=en-US","Review_time":"a year ago","Review":"They're ok, the counter people were saying in between themselves, loudly, and with explicit words used. They did not even seem to care the customers were there","Likes":""},{"Name":"","Category":"","Rating":" 5 stars ","Number_of_Reviews":"","Address":"","Reviewer":"Tiff Slā","Reviewer_page":"https://www.google.com/maps/contrib/104492060833186403817/reviews?hl=en-US","Review_time":"a year ago","Review":"It was very clean organized, busy but good. Staff was very courteous and helpful.","Likes":""},{"Name":"","Category":"","Rating":" 5 stars ","Number_of_Reviews":"","Address":"","Reviewer":"Ralph Fontanez","Reviewer_page":"https://www.google.com/maps/contrib/111031435470896780784/reviews?hl=en-US","Review_time":"2 years ago","Review":"Helped me out when I ordered wrong. It’s the little things that count. My go to Starbucks. Always ready quickly and barely a wait.","Likes":""},{"Name":"","Category":"","Rating":" 4 stars ","Number_of_Reviews":"","Address":"","Reviewer":"Ashley R.","Reviewer_page":"https://www.google.com/maps/contrib/112706442319653420804/reviews?hl=en-US","Review_time":"2 years ago","Review":"Big space, near the G train. Gentrification area, employees are pleasant, pretty clean and organized. Near a few doctor offices, apartment buildings and playgrounds.","Likes":"1"},{"Name":"","Category":"","Rating":" 4 stars ","Number_of_Reviews":"","Address":"","Reviewer":"Batuhan Ugurtan","Reviewer_page":"https://www.google.com/maps/contrib/108932204126887158228/reviews?hl=en-US","Review_time":"3 years ago","Review":"Staff was really good. Toilets were clean.","Likes":""},{"Name":"","Category":"","Rating":" 1 star ","Number_of_Reviews":"","Address":"","Reviewer":"Jaiden Wood","Reviewer_page":"https://www.google.com/maps/contrib/112925870525254149375/reviews?hl=en-US","Review_time":"4 years ago","Review":"Absolutely unaccomadating to needs of students. Muffins not toasted as requested. Staff has extremely poor attitude. Small selection of goods.","Likes":"4"},{"Name":"","Category":"","Rating":" 5 stars ","Number_of_Reviews":"","Address":"","Reviewer":"lionessofjudah1","Reviewer_page":"https://www.google.com/maps/contrib/101702211242382695818/reviews?hl=en-US","Review_time":"3 years ago","Review":"Great Starbucks location. Nice ambiance. I purchased coffee and whole wheat bagel. Employees here are exceptionally nice.","Likes":""},{"Name":"","Category":"","Rating":" 1 star ","Number_of_Reviews":"","Address":"","Reviewer":"Yao Wang","Reviewer_page":"https://www.google.com/maps/contrib/114965252276674409720/reviews?hl=en-US","Review_time":"3 years ago","Review":"Says they open at 6 on Mondays. But door is still locked with employees inside at 7:15..... walked 10 minutes to get coffee for nothing.","Likes":""},{"Name":"","Category":"","Rating":" 1 star ","Number_of_Reviews":"","Address":"","Reviewer":"Kévin Junior","Reviewer_page":"https://www.google.com/maps/contrib/101043559303403118760/reviews?hl=en-US","Review_time":"3 years ago","Review":"Your baristas are lazy and unprofessional no milk everytime ,  you need to ask them every day so that they refill it with attitude and i purchased a hot coffee but it was cold because it was the last cup I guess they should at least make new one even if it's slow!!!!!","Likes":"2"},{"Name":"","Category":"","Rating":" 5 stars ","Number_of_Reviews":"","Address":"","Reviewer":"Colin Jamron","Reviewer_page":"https://www.google.com/maps/contrib/116341672601536892078/reviews?hl=en-US","Review_time":"3 years ago","Review":"A huge improvement from the (now out of business) Starbucks on Myrtle. Staff are friendly and helpful, coffee made well. Worth a visit!","Likes":"1"},{"Name":"","Category":"","Rating":" 2 stars ","Number_of_Reviews":"","Address":"","Reviewer":"sink man","Reviewer_page":"https://www.google.com/maps/contrib/108868997288136198601/reviews?hl=en-US","Review_time":"a year ago","Review":"Came in for coffee, left with a tape worm in my lower intestine. The coffee was pretty good though.","Likes":"1"},{"Name":"","Category":"","Rating":" 4 stars ","Number_of_Reviews":"","Address":"","Reviewer":"Rochell Hinton","Reviewer_page":"https://www.google.com/maps/contrib/114666468996702634652/reviews?hl=en-US","Review_time":"a year ago","Review":"This place never fails! The staff is always nice and attentive.","Likes":""},{"Name":"","Category":"","Rating":" 5 stars ","Number_of_Reviews":"","Address":"","Reviewer":"Samsul Khan","Reviewer_page":"https://www.google.com/maps/contrib/112492290667615625297/reviews?hl=en-US","Review_time":"3 years ago","Review":"Good environment. Good employees behave. Lots of spaces. Clean everything. Restroom clean. Lovely place.","Likes":"1"},{"Name":"","Category":"","Rating":" 3 stars ","Number_of_Reviews":"","Address":"","Reviewer":"Queenie Noir","Reviewer_page":"https://www.google.com/maps/contrib/117275086857934744468/reviews?hl=en-US","Review_time":"3 years ago","Review":"5 stars for  the employees, the building is cute but the new location is hard to get it. It was more convenient when it was on Myrtle.","Likes":"2"},{"Name":"","Category":"","Rating":" 1 star ","Number_of_Reviews":"","Address":"","Reviewer":"Yiii M","Reviewer_page":"https://www.google.com/maps/contrib/114254569362350453225/reviews?hl=en-US","Review_time":"3 years ago","Review":"Terrible service. Two black women talk and dance in the back and don’t care about you. The worst Starbuck I've ever been. Will never go again.","Likes":"1"},{"Name":"","Category":"","Rating":" 3 stars ","Number_of_Reviews":"","Address":"","Reviewer":"Gary Brutus","Reviewer_page":"https://www.google.com/maps/contrib/107095460974195157281/reviews?hl=en-US","Review_time":"6 months ago","Review":"The service there is extremely slow.","Likes":""},{"Name":"","Category":"","Rating":" 5 stars ","Number_of_Reviews":"","Address":"","Reviewer":"Ebony reynolds","Reviewer_page":"https://www.google.com/maps/contrib/104303796667609310156/reviews?hl=en-US","Review_time":"8 months ago","Review":"Friendly staff clean and big inside 😁","Likes":""},{"Name":"","Category":"","Rating":" 5 stars ","Number_of_Reviews":"","Address":"","Reviewer":"Ingrid Hilliard","Reviewer_page":"https://www.google.com/maps/contrib/117718036302117845627/reviews?hl=en-US","Review_time":"a year ago","Review":"My neighborhood Starbucks! Love it here and love the friendly barristas. My Americano is always on point!","Likes":""},{"Name":"","Category":"","Rating":" 4 stars ","Number_of_Reviews":"","Address":"","Reviewer":"Reddick Bowman","Reviewer_page":"https://www.google.com/maps/contrib/106549331306625310350/reviews?hl=en-US","Review_time":"3 years ago","Review":"Employees friendly and helpful, regular coffee ordered; prices a bit steep..","Likes":""},{"Name":"","Category":"","Rating":" 5 stars ","Number_of_Reviews":"","Address":"","Reviewer":"Jeremy Or Jermaine","Reviewer_page":"https://www.google.com/maps/contrib/115129710575434824773/reviews?hl=en-US","Review_time":"3 years ago","Review":"Coffee is always satisfactory never a problem and very convenient location not easy for some to see Tho","Likes":""},{"Name":"","Category":"","Rating":" 5 stars ","Number_of_Reviews":"","Address":"","Reviewer":"R. Patricia Cooke","Reviewer_page":"https://www.google.com/maps/contrib/101653655339613893615/reviews?hl=en-US","Review_time":"3 years ago","Review":"For a Starbucks the layout was nice a spacious. The service was pretty good too.","Likes":""},{"Name":"","Category":"","Rating":" 3 stars ","Number_of_Reviews":"","Address":"","Reviewer":"Radiah Hill","Reviewer_page":"https://www.google.com/maps/contrib/105230050973204055323/reviews?hl=en-US","Review_time":"5 months ago","Review":"The coffee was ok...","Likes":""},{"Name":"","Category":"","Rating":" 4 stars ","Number_of_Reviews":"","Address":"","Reviewer":"Jeff The Barber LG.","Reviewer_page":"https://www.google.com/maps/contrib/102263161192591124508/reviews?hl=en-US","Review_time":"3 years ago","Review":"Very nice. Spacious..you can actually think and sip coffee and nibble on a muffin.","Likes":""},{"Name":"","Category":"","Rating":" 5 stars ","Number_of_Reviews":"","Address":"","Reviewer":"Skilyn Leon","Reviewer_page":"https://www.google.com/maps/contrib/105666823811424039588/reviews?hl=en-US","Review_time":"3 years ago","Review":"Great place to get work done. Also great service. Friendly staff and great food and beverages.","Likes":""},{"Name":"","Category":"","Rating":" 4 stars ","Number_of_Reviews":"","Address":"","Reviewer":"Zerelease Hall","Reviewer_page":"https://www.google.com/maps/contrib/102968385082705161208/reviews?hl=en-US","Review_time":"3 years ago","Review":"Just make sure you count your money and pay him exact amount of your order, known to cheat customers.","Likes":""},{"Name":"","Category":"","Rating":" 1 star ","Number_of_Reviews":"","Address":"","Reviewer":"Suedatt Singh","Reviewer_page":"https://www.google.com/maps/contrib/105875540782436637876/reviews?hl=en-US","Review_time":"10 months ago","Review":"Tel.  Number is not working. Can the manager of this store contact me.","Likes":""},{"Name":"","Category":"","Rating":" 5 stars ","Number_of_Reviews":"","Address":"","Reviewer":"Ruby C","Reviewer_page":"https://www.google.com/maps/contrib/112091667177281078431/reviews?hl=en-US","Review_time":"2 months ago","Review":"Awesome service!","Likes":""},{"Name":"","Category":"","Rating":" 1 star ","Number_of_Reviews":"","Address":"","Reviewer":"Luis Mascareno","Reviewer_page":"https://www.google.com/maps/contrib/117448584630601404947/reviews?hl=en-US","Review_time":"2 years ago","Review":"30 min for 2 hot lattes and 2 chocolate croissant.\n\nWorst service ever.","Likes":"1"},{"Name":"","Category":"","Rating":" 5 stars ","Number_of_Reviews":"","Address":"","Reviewer":"Brian B.","Reviewer_page":"https://www.google.com/maps/contrib/106928975624689567363/reviews?hl=en-US","Review_time":"3 years ago","Review":"Great place to get work done. Pretty clean and staff here are nice.","Likes":""},{"Name":"","Category":"","Rating":" 2 stars ","Number_of_Reviews":"","Address":"","Reviewer":"Saidou Ba","Reviewer_page":"https://www.google.com/maps/contrib/108787688346250903000/reviews?hl=en-US","Review_time":"3 years ago","Review":"The coffee always smells like lotion. The service takes forever . It was not a good experience for me","Likes":""},{"Name":"","Category":"","Rating":" 1 star ","Number_of_Reviews":"","Address":"","Reviewer":"Wonchun Che","Reviewer_page":"https://www.google.com/maps/contrib/105540044340195130989/reviews?hl=en-US","Review_time":"a year ago","Review":"This location is getting worse","Likes":""},{"Name":"","Category":"","Rating":" 5 stars ","Number_of_Reviews":"","Address":"","Reviewer":"Ralph Parrilla","Reviewer_page":"https://www.google.com/maps/contrib/107076136246981912809/reviews?hl=en-US","Review_time":"3 years ago","Review":"Excellent coffee excellent service excellent location excellent excellent spacers nice and big and say nice good surroundings","Likes":""},{"Name":"","Category":"","Rating":" 3 stars ","Number_of_Reviews":"","Address":"","Reviewer":"Mohamed Bireir Jr.","Reviewer_page":"https://www.google.com/maps/contrib/100730489253057497892/reviews?hl=en-US","Review_time":"3 years ago","Review":"Not bad . Just employees seems in a rush and the store was not even busy","Likes":""},{"Name":"","Category":"","Rating":" 5 stars ","Number_of_Reviews":"","Address":"","Reviewer":"Dhiraj Kumar","Reviewer_page":"https://www.google.com/maps/contrib/106930606655968942798/reviews?hl=en-US","Review_time":"3 years ago","Review":"Best hangout spot with good music all the time, pretty spacious.","Likes":""},{"Name":"","Category":"","Rating":" 5 stars ","Number_of_Reviews":"","Address":"","Reviewer":"Christal Robbins","Reviewer_page":"https://www.google.com/maps/contrib/116705433693313455246/reviews?hl=en-US","Review_time":"2 years ago","Review":"GR8T DRINK I TRIED THE SALTED CARAMEL FRAPPE...I SEE HOW FOLKS GET ADDICTED...GOOD SERVICE.","Likes":""},{"Name":"","Category":"","Rating":" 4 stars ","Number_of_Reviews":"","Address":"","Reviewer":"ursula13112@gmail.com Atherley","Reviewer_page":"https://www.google.com/maps/contrib/117131153206411690036/reviews?hl=en-US","Review_time":"3 years ago","Review":"I have visited numerous starbucks, this one is the most efficient and consistent.","Likes":""},{"Name":"","Category":"","Rating":" 5 stars ","Number_of_Reviews":"","Address":"","Reviewer":"Y Schiff","Reviewer_page":"https://www.google.com/maps/contrib/101330618596067592997/reviews?hl=en-US","Review_time":"2 months ago","Review":"Great vibe!","Likes":""},{"Name":"","Category":"","Rating":" 5 stars ","Number_of_Reviews":"","Address":"","Reviewer":"tanya joyner","Reviewer_page":"https://www.google.com/maps/contrib/105625817580688258050/reviews?hl=en-US","Review_time":"2 years ago","Review":"One of My favorite spots in this neighborhood and the service is great","Likes":""},{"Name":"","Category":"","Rating":" 5 stars ","Number_of_Reviews":"","Address":"","Reviewer":"Luciano Miranda","Reviewer_page":"https://www.google.com/maps/contrib/109858164534028374914/reviews?hl=en-US","Review_time":"3 years ago","Review":"Great coffee, very nice food options.","Likes":""},{"Name":"","Category":"","Rating":" 5 stars ","Number_of_Reviews":"","Address":"","Reviewer":"Rehman Majid","Reviewer_page":"https://www.google.com/maps/contrib/107930484460725269058/reviews?hl=en-US","Review_time":"7 months ago","Review":"Great guys Cool place 👍","Likes":""},{"Name":"","Category":"","Rating":" 5 stars ","Number_of_Reviews":"","Address":"","Reviewer":"Maurice Foster","Reviewer_page":"https://www.google.com/maps/contrib/114572864224432260012/reviews?hl=en-US","Review_time":"6 months ago","Review":"Great service.","Likes":""},{"Name":"","Category":"","Rating":" 5 stars ","Number_of_Reviews":"","Address":"","Reviewer":"Olena Ivanitska","Reviewer_page":"https://www.google.com/maps/contrib/103121690783686573018/reviews?hl=en-US","Review_time":"a year ago","Review":"Delicious coffee and a great stuff.","Likes":""},{"Name":"","Category":"","Rating":" 5 stars ","Number_of_Reviews":"","Address":"","Reviewer":"Dallas Dean","Reviewer_page":"https://www.google.com/maps/contrib/105404075572345382592/reviews?hl=en-US","Review_time":"3 years ago","Review":"Very nice new Starbucks with 2 bathrooms","Likes":"2"},{"Name":"","Category":"","Rating":" 5 stars ","Number_of_Reviews":"","Address":"","Reviewer":"Amine Meflah","Reviewer_page":"https://www.google.com/maps/contrib/107118854419302869346/reviews?hl=en-US","Review_time":"3 years ago","Review":"Very quiet place,","Likes":""},{"Name":"","Category":"","Rating":" 1 star ","Number_of_Reviews":"","Address":"","Reviewer":"DIONNE “FLUFFY” MIMS","Reviewer_page":"https://www.google.com/maps/contrib/100286798812017973513/reviews?hl=en-US","Review_time":"3 years ago","Review":"THEIR COLOR BLIND,FILLED AN APPLICATION OUT,THE MANAGER ASKED ME MY NAME JUS SO HE COULD KNOW WHAT APPLICATION TO LOOK OVER...","Likes":""},{"Name":"","Category":"","Rating":" 5 stars ","Number_of_Reviews":"","Address":"","Reviewer":"Guillermo Gonzalez","Reviewer_page":"https://www.google.com/maps/contrib/100589948896565914540/reviews?hl=en-US","Review_time":"3 years ago","Review":"Gentrification alert! 🚨 thank G’d there a Starbucks in the hood. :)","Likes":"1"},{"Name":"","Category":"","Rating":" 5 stars ","Number_of_Reviews":"","Address":"","Reviewer":"Cathy-Ann Williams","Reviewer_page":"https://www.google.com/maps/contrib/113590500455797725184/reviews?hl=en-US","Review_time":"3 years ago","Review":"Very friendly and pleasant baristas","Likes":""},{"Name":"","Category":"","Rating":" 5 stars ","Number_of_Reviews":"","Address":"","Reviewer":"Alfred L C","Reviewer_page":"https://www.google.com/maps/contrib/101707158016197620416/reviews?hl=en-US","Review_time":"3 years ago","Review":"Good Atmosphere,  great Service","Likes":""},{"Name":"","Category":"","Rating":" 5 stars ","Number_of_Reviews":"","Address":"","Reviewer":"Lovell R!l3y","Reviewer_page":"https://www.google.com/maps/contrib/118105998871095152868/reviews?hl=en-US","Review_time":"a year ago","Review":"Very nice","Likes":""},{"Name":"","Category":"","Rating":" 5 stars ","Number_of_Reviews":"","Address":"","Reviewer":"Jordan Ⴟ","Reviewer_page":"https://www.google.com/maps/contrib/114491544930155716582/reviews?hl=en-US","Review_time":"a year ago","Review":"Very helpful and kind staff.","Likes":""},{"Name":"","Category":"","Rating":" 5 stars ","Number_of_Reviews":"","Address":"","Reviewer":"Benzion Krausz","Reviewer_page":"https://www.google.com/maps/contrib/100003188709307869361/reviews?hl=en-US","Review_time":"3 years ago","Review":"Nice friendly clean place.","Likes":"2"},{"Name":"","Category":"","Rating":" 4 stars ","Number_of_Reviews":"","Address":"","Reviewer":"Abbie Ray","Reviewer_page":"https://www.google.com/maps/contrib/109589772964493983717/reviews?hl=en-US","Review_time":"2 years ago","Review":"The employees are friendly and helpful","Likes":""},{"Name":"","Category":"","Rating":" 4 stars ","Number_of_Reviews":"","Address":"","Reviewer":"DAILY ARSLAN","Reviewer_page":"https://www.google.com/maps/contrib/100833057048924672882/reviews?hl=en-US","Review_time":"8 months ago","Review":"Cheese danish delicious","Likes":""},{"Name":"","Category":"","Rating":" 5 stars ","Number_of_Reviews":"","Address":"","Reviewer":"Maria King","Reviewer_page":"https://www.google.com/maps/contrib/110350212130481984629/reviews?hl=en-US","Review_time":"2 years ago","Review":"Great place, great staff and friendly!","Likes":""},{"Name":"","Category":"","Rating":" 5 stars ","Number_of_Reviews":"","Address":"","Reviewer":"zussman schwartz","Reviewer_page":"https://www.google.com/maps/contrib/107229154836431158683/reviews?hl=en-US","Review_time":"3 years ago","Review":"Nice new place, quick service","Likes":""},{"Name":"","Category":"","Rating":" 5 stars ","Number_of_Reviews":"","Address":"","Reviewer":"Daniela Andino","Reviewer_page":"https://www.google.com/maps/contrib/100450062655827624474/reviews?hl=en-US","Review_time":"2 years ago","Review":"One of my favorite places to be.","Likes":""},{"Name":"","Category":"","Rating":" 5 stars ","Number_of_Reviews":"","Address":"","Reviewer":"Joe Cruz","Reviewer_page":"https://www.google.com/maps/contrib/108209284829890073614/reviews?hl=en-US","Review_time":"2 years ago","Review":"Very polite staff.","Likes":""},{"Name":"","Category":"","Rating":" 5 stars ","Number_of_Reviews":"","Address":"","Reviewer":"Freedom Cordner","Reviewer_page":"https://www.google.com/maps/contrib/106636290920001971535/reviews?hl=en-US","Review_time":"3 years ago","Review":"They're playing SOCA. I rest my case.","Likes":""},{"Name":"","Category":"","Rating":" 1 star ","Number_of_Reviews":"","Address":"","Reviewer":"Mohammad Nemeh","Reviewer_page":"https://www.google.com/maps/contrib/109237720359288955854/reviews?hl=en-US","Review_time":"a year ago","Review":"Very bad","Likes":""},{"Name":"","Category":"","Rating":" 5 stars ","Number_of_Reviews":"","Address":"","Reviewer":"MsCherrydollface","Reviewer_page":"https://www.google.com/maps/contrib/111764545979553975654/reviews?hl=en-US","Review_time":"3 years ago","Review":"Very comfortable and relaxing!","Likes":""},{"Name":"","Category":"","Rating":" 5 stars ","Number_of_Reviews":"","Address":"","Reviewer":"charmaine alleyne","Reviewer_page":"https://www.google.com/maps/contrib/115309754023926272183/reviews?hl=en-US","Review_time":"a year ago","Review":"Nice clean and friendly","Likes":""},{"Name":"","Category":"","Rating":" 5 stars ","Number_of_Reviews":"","Address":"","Reviewer":"Cola Zhang","Reviewer_page":"https://www.google.com/maps/contrib/109700370705180420429/reviews?hl=en-US","Review_time":"2 years ago","Review":"I was spending some weekends there, like there.","Likes":"1"},{"Name":"","Category":"","Rating":" 5 stars ","Number_of_Reviews":"","Address":"","Reviewer":"Natty and Daddy Show","Reviewer_page":"https://www.google.com/maps/contrib/109418305671617879335/reviews?hl=en-US","Review_time":"3 years ago","Review":"Black & White Mocha. To. Die. For","Likes":""},{"Name":"","Category":"","Rating":" 4 stars ","Number_of_Reviews":"","Address":"","Reviewer":"Joe Petty","Reviewer_page":"https://www.google.com/maps/contrib/109197327285389500378/reviews?hl=en-US","Review_time":"11 months ago","Review":"Great atmosphere","Likes":""},{"Name":"","Category":"","Rating":" 5 stars ","Number_of_Reviews":"","Address":"","Reviewer":"Boris Sterin","Reviewer_page":"https://www.google.com/maps/contrib/100774318644438893503/reviews?hl=en-US","Review_time":"3 years ago","Review":"Up to par","Likes":""},{"Name":"","Category":"","Rating":" 5 stars ","Number_of_Reviews":"","Address":"","Reviewer":"Christian Elibert","Reviewer_page":"https://www.google.com/maps/contrib/114342009173187434003/reviews?hl=en-US","Review_time":"2 years ago","Review":"Great customer service","Likes":""},{"Name":"","Category":"","Rating":" 5 stars ","Number_of_Reviews":"","Address":"","Reviewer":"Mabel Wong","Reviewer_page":"https://www.google.com/maps/contrib/113872791621638360990/reviews?hl=en-US","Review_time":"2 years ago","Review":"Cozy.","Likes":""},{"Name":"","Category":"","Rating":" 5 stars ","Number_of_Reviews":"","Address":"","Reviewer":"Kyra Feng","Reviewer_page":"https://www.google.com/maps/contrib/101332903647099833624/reviews?hl=en-US","Review_time":"4 years ago","Review":"super nice staff","Likes":""},{"Name":"","Category":"","Rating":" 1 star ","Number_of_Reviews":"","Address":"","Reviewer":"Revamp English","Reviewer_page":"https://www.google.com/maps/contrib/102221693120573816291/reviews?hl=en-US","Review_time":"2 years ago","Review":"Too much plastic!","Likes":""},{"Name":"","Category":"","Rating":" 5 stars ","Number_of_Reviews":"","Address":"","Reviewer":"Salma A","Reviewer_page":"https://www.google.com/maps/contrib/102420887091797514788/reviews?hl=en-US","Review_time":"3 years ago","Review":"The best trips","Likes":""},{"Name":"","Category":"","Rating":" 5 stars ","Number_of_Reviews":"","Address":"","Reviewer":"Chelesta Feaster","Reviewer_page":"https://www.google.com/maps/contrib/108788536876047534858/reviews?hl=en-US","Review_time":"2 years ago","Review":"Excellent service","Likes":""},{"Name":"","Category":"","Rating":" 1 star ","Number_of_Reviews":"","Address":"","Reviewer":"Seiji Carpenter","Reviewer_page":"https://www.google.com/maps/contrib/106717996360490104133/reviews?hl=en-US","Review_time":"3 years ago","Review":"why is starbucks here","Likes":"3"},{"Name":"","Category":"","Rating":" 4 stars ","Number_of_Reviews":"","Address":"","Reviewer":"Sherice Coleman","Reviewer_page":"https://www.google.com/maps/contrib/104759205822523003206/reviews?hl=en-US","Review_time":"3 years ago","Review":"!👍","Likes":""},{"Name":"","Category":"","Rating":" 5 stars ","Number_of_Reviews":"","Address":"","Reviewer":"B. Couture Vibes Nyc","Reviewer_page":"https://www.google.com/maps/contrib/105288505185555493663/reviews?hl=en-US","Review_time":"2 years ago","Review":"Calm","Likes":""},{"Name":"","Category":"","Rating":" 5 stars ","Number_of_Reviews":"","Address":"","Reviewer":"Brian Melaragno","Reviewer_page":"https://www.google.com/maps/contrib/104054070933895553924/reviews?hl=en-US","Review_time":"a year ago","Review":"Friendly staff","Likes":""},{"Name":"","Category":"","Rating":" 2 stars ","Number_of_Reviews":"","Address":"","Reviewer":"Jesus Campos","Reviewer_page":"https://www.google.com/maps/contrib/110233761419015525164/reviews?hl=en-US","Review_time":"3 years ago","Review":"Rude","Likes":""},{"Name":"","Category":"","Rating":" 5 stars ","Number_of_Reviews":"","Address":"","Reviewer":"Albert Nti","Reviewer_page":"https://www.google.com/maps/contrib/110950231682790792803/reviews?hl=en-US","Review_time":"2 years ago","Review":"Calm setting .","Likes":""},{"Name":"","Category":"","Rating":" 5 stars ","Number_of_Reviews":"","Address":"","Reviewer":"Luca Terrassan","Reviewer_page":"https://www.google.com/maps/contrib/110783480531297050254/reviews?hl=en-US","Review_time":"a year ago","Review":"(Translated by Google) Clean shop. Staff very kind.\nInside there is not a lot of place to eat, there is not a wide choice of food, like in other Starbucks. On the other hand, they are extremely fast in preparing orders.\n\n(Original)\nNegozio pulito. Personale gentilissimo.\nAll'interno non c'è moltissimo posto per mangiare, non c'è un'ampia scelta sul cibo, come negli altri Starbucks. Di contro sono estremamente veloci nella preparazione degli ordini.","Likes":"1"},{"Name":"","Category":"","Rating":" 1 star ","Number_of_Reviews":"","Address":"","Reviewer":"Lissa Cueto","Reviewer_page":"https://www.google.com/maps/contrib/107015485092363060112/reviews?hl=en-US","Review_time":"2 months ago","Review":"(Translated by Google) The coffee always tastes horrible. I order it hot and they bring it to me cold. They bother me if I complain about the service.\n\n(Original)\nEl café siempre  sabe horrible  lo pido caliente  y me lo llevan frío aparte se molestan si me quejo del servicio","Likes":"1"},{"Name":"","Category":"","Rating":" 5 stars ","Number_of_Reviews":"","Address":"","Reviewer":"rosa Vazquez","Reviewer_page":"https://www.google.com/maps/contrib/102952066005463660631/reviews?hl=en-US","Review_time":"2 months ago","Review":"(Translated by Google) Friendly staff a spacious and clean place\n\n(Original)\nAmable personal un lugar amplio y limpio","Likes":""},{"Name":"","Category":"","Rating":" 5 stars ","Number_of_Reviews":"","Address":"","Reviewer":"Alejandro Avila","Reviewer_page":"https://www.google.com/maps/contrib/106910205809402347457/reviews?hl=en-US","Review_time":"2 years ago","Review":"(Translated by Google) I am lucky I always receive the best attention hehe I love starbucks\n\n(Original)\nsoy afortunado siempre recibo la mejor atencion jejje me encanta starbucks","Likes":""},{"Name":"","Category":"","Rating":" 4 stars ","Number_of_Reviews":"","Address":"","Reviewer":"A.D. Efrain Mendoza (el pelos)","Reviewer_page":"https://www.google.com/maps/contrib/113431992742433984341/reviews?hl=en-US","Review_time":"3 years ago","Review":"(Translated by Google) A good place to have a coffee or take one of the delicious juices they sell there\n\n(Original)\nUn buen lugar para tomar un café o tomar un de los jugos deliciosos que venden ahí","Likes":""},{"Name":"","Category":"","Rating":" 5 stars ","Number_of_Reviews":"","Address":"","Reviewer":"krystal Trujillo","Reviewer_page":"https://www.google.com/maps/contrib/104550927368398963103/reviews?hl=en-US","Review_time":"2 weeks ago","Review":"","Likes":""},{"Name":"","Category":"","Rating":" 5 stars ","Number_of_Reviews":"","Address":"","Reviewer":"Damian Lamson","Reviewer_page":"https://www.google.com/maps/contrib/103955746976171147710/reviews?hl=en-US","Review_time":"a month ago","Review":"","Likes":""},{"Name":"","Category":"","Rating":" 4 stars ","Number_of_Reviews":"","Address":"","Reviewer":"??????","Reviewer_page":"https://www.google.com/maps/contrib/103462599328709826063/reviews?hl=en-US","Review_time":"2 months ago","Review":"","Likes":""},{"Name":"","Category":"","Rating":" 4 stars ","Number_of_Reviews":"","Address":"","Reviewer":"Jillian Bain","Reviewer_page":"https://www.google.com/maps/contrib/108126870761546090239/reviews?hl=en-US","Review_time":"5 months ago","Review":"","Likes":""},{"Name":"","Category":"","Rating":" 5 stars ","Number_of_Reviews":"","Address":"","Reviewer":"Carla Hollingsworth","Reviewer_page":"https://www.google.com/maps/contrib/112859043894949909045/reviews?hl=en-US","Review_time":"6 months ago","Review":"","Likes":""},{"Name":"","Category":"","Rating":" 5 stars ","Number_of_Reviews":"","Address":"","Reviewer":"yanky herbst","Reviewer_page":"https://www.google.com/maps/contrib/112935167038471917379/reviews?hl=en-US","Review_time":"7 months ago","Review":"","Likes":""},{"Name":"","Category":"","Rating":" 4 stars ","Number_of_Reviews":"","Address":"","Reviewer":"Desiree d","Reviewer_page":"https://www.google.com/maps/contrib/116607160083778642575/reviews?hl=en-US","Review_time":"a year ago","Review":"","Likes":""},{"Name":"","Category":"","Rating":" 5 stars ","Number_of_Reviews":"","Address":"","Reviewer":"Suzan Johnson","Reviewer_page":"https://www.google.com/maps/contrib/112680709662716156194/reviews?hl=en-US","Review_time":"a year ago","Review":"","Likes":""},{"Name":"","Category":"","Rating":" 5 stars ","Number_of_Reviews":"","Address":"","Reviewer":"A. Kasper","Reviewer_page":"https://www.google.com/maps/contrib/105224527714317557925/reviews?hl=en-US","Review_time":"a year ago","Review":"","Likes":""},{"Name":"","Category":"","Rating":" 3 stars ","Number_of_Reviews":"","Address":"","Reviewer":"Nikko De","Reviewer_page":"https://www.google.com/maps/contrib/102558854207543093855/reviews?hl=en-US","Review_time":"6 months ago","Review":"","Likes":""},{"Name":"","Category":"","Rating":" 5 stars ","Number_of_Reviews":"","Address":"","Reviewer":"Jessica Dirks","Reviewer_page":"https://www.google.com/maps/contrib/109719537200995228032/reviews?hl=en-US","Review_time":"3 years ago","Review":"","Likes":""},{"Name":"","Category":"","Rating":" 4 stars ","Number_of_Reviews":"","Address":"","Reviewer":"Michael Yusim","Reviewer_page":"https://www.google.com/maps/contrib/105972956010491794471/reviews?hl=en-US","Review_time":"11 months ago","Review":"","Likes":""},{"Name":"","Category":"","Rating":" 5 stars ","Number_of_Reviews":"","Address":"","Reviewer":"Jaye Suede","Reviewer_page":"https://www.google.com/maps/contrib/110538260728228212616/reviews?hl=en-US","Review_time":"3 years ago","Review":"","Likes":""},{"Name":"","Category":"","Rating":" 5 stars ","Number_of_Reviews":"","Address":"","Reviewer":"JR 23","Reviewer_page":"https://www.google.com/maps/contrib/110071812970491624987/reviews?hl=en-US","Review_time":"3 years ago","Review":"","Likes":""},{"Name":"","Category":"","Rating":" 4 stars ","Number_of_Reviews":"","Address":"","Reviewer":"Pamela Rhoad","Reviewer_page":"https://www.google.com/maps/contrib/101414468762242804009/reviews?hl=en-US","Review_time":"3 years ago","Review":"","Likes":""},{"Name":"","Category":"","Rating":" 5 stars ","Number_of_Reviews":"","Address":"","Reviewer":"ASHYA MARIA SANCHEZ","Reviewer_page":"https://www.google.com/maps/contrib/102962215420077895410/reviews?hl=en-US","Review_time":"a year ago","Review":"","Likes":""},{"Name":"","Category":"","Rating":" 5 stars ","Number_of_Reviews":"","Address":"","Reviewer":"CJ CC","Reviewer_page":"https://www.google.com/maps/contrib/114616916582485940556/reviews?hl=en-US","Review_time":"3 years ago","Review":"","Likes":""},{"Name":"","Category":"","Rating":" 5 stars ","Number_of_Reviews":"","Address":"","Reviewer":"Alan Shurafa","Reviewer_page":"https://www.google.com/maps/contrib/101776657822883045532/reviews?hl=en-US","Review_time":"5 months ago","Review":"","Likes":""},{"Name":"","Category":"","Rating":" 5 stars ","Number_of_Reviews":"","Address":"","Reviewer":"Mia Lopez","Reviewer_page":"https://www.google.com/maps/contrib/106909403524406252859/reviews?hl=en-US","Review_time":"3 years ago","Review":"","Likes":""},{"Name":"","Category":"","Rating":" 5 stars ","Number_of_Reviews":"","Address":"","Reviewer":"Joel Fleischman","Reviewer_page":"https://www.google.com/maps/contrib/105446266787448116921/reviews?hl=en-US","Review_time":"2 years ago","Review":"","Likes":""},{"Name":"","Category":"","Rating":" 5 stars ","Number_of_Reviews":"","Address":"","Reviewer":"Michael V","Reviewer_page":"https://www.google.com/maps/contrib/112822062447774397824/reviews?hl=en-US","Review_time":"2 years ago","Review":"","Likes":""},{"Name":"","Category":"","Rating":" 5 stars ","Number_of_Reviews":"","Address":"","Reviewer":"Julio Escalera","Reviewer_page":"https://www.google.com/maps/contrib/112093434032747219007/reviews?hl=en-US","Review_time":"2 years ago","Review":"","Likes":""},{"Name":"","Category":"","Rating":" 5 stars ","Number_of_Reviews":"","Address":"","Reviewer":"M Davis","Reviewer_page":"https://www.google.com/maps/contrib/112593710138392116316/reviews?hl=en-US","Review_time":"a year ago","Review":"","Likes":""},{"Name":"","Category":"","Rating":" 5 stars ","Number_of_Reviews":"","Address":"","Reviewer":"solomon wieder","Reviewer_page":"https://www.google.com/maps/contrib/107560770401874297141/reviews?hl=en-US","Review_time":"a year ago","Review":"","Likes":""},{"Name":"","Category":"","Rating":" 4 stars ","Number_of_Reviews":"","Address":"","Reviewer":"Julia Lewin","Reviewer_page":"https://www.google.com/maps/contrib/100644601088283044446/reviews?hl=en-US","Review_time":"5 months ago","Review":"","Likes":""},{"Name":"","Category":"","Rating":" 5 stars ","Number_of_Reviews":"","Address":"","Reviewer":"Soham Pisat","Reviewer_page":"https://www.google.com/maps/contrib/103051732528946959136/reviews?hl=en-US","Review_time":"3 years ago","Review":"","Likes":""},{"Name":"","Category":"","Rating":" 3 stars ","Number_of_Reviews":"","Address":"","Reviewer":"Nathaniel","Reviewer_page":"https://www.google.com/maps/contrib/104906131726849880134/reviews?hl=en-US","Review_time":"3 years ago","Review":"","Likes":""},{"Name":"","Category":"","Rating":" 5 stars ","Number_of_Reviews":"","Address":"","Reviewer":"Marie Breland","Reviewer_page":"https://www.google.com/maps/contrib/110290155570040363297/reviews?hl=en-US","Review_time":"5 months ago","Review":"","Likes":""},{"Name":"","Category":"","Rating":" 4 stars ","Number_of_Reviews":"","Address":"","Reviewer":"Ihor Matlakh","Reviewer_page":"https://www.google.com/maps/contrib/100542724587443025668/reviews?hl=en-US","Review_time":"3 years ago","Review":"","Likes":""},{"Name":"","Category":"","Rating":" 4 stars ","Number_of_Reviews":"","Address":"","Reviewer":"Ivan Azevedo","Reviewer_page":"https://www.google.com/maps/contrib/116590899311015463986/reviews?hl=en-US","Review_time":"3 years ago","Review":"","Likes":""},{"Name":"","Category":"","Rating":" 5 stars ","Number_of_Reviews":"","Address":"","Reviewer":"julia armstrong","Reviewer_page":"https://www.google.com/maps/contrib/102125813833107485517/reviews?hl=en-US","Review_time":"5 months ago","Review":"","Likes":""},{"Name":"","Category":"","Rating":" 5 stars ","Number_of_Reviews":"","Address":"","Reviewer":"Ty McMillan","Reviewer_page":"https://www.google.com/maps/contrib/116435113436345155415/reviews?hl=en-US","Review_time":"3 years ago","Review":"","Likes":""},{"Name":"","Category":"","Rating":" 5 stars ","Number_of_Reviews":"","Address":"","Reviewer":"Alex Navasardyan","Reviewer_page":"https://www.google.com/maps/contrib/113073013180120704164/reviews?hl=en-US","Review_time":"2 years ago","Review":"","Likes":""},{"Name":"","Category":"","Rating":" 5 stars ","Number_of_Reviews":"","Address":"","Reviewer":"Casey O'Connor","Reviewer_page":"https://www.google.com/maps/contrib/111187537340086796228/reviews?hl=en-US","Review_time":"9 months ago","Review":"","Likes":""},{"Name":"","Category":"","Rating":" 5 stars ","Number_of_Reviews":"","Address":"","Reviewer":"Jung Yoon Park","Reviewer_page":"https://www.google.com/maps/contrib/109218790920129190011/reviews?hl=en-US","Review_time":"a year ago","Review":"","Likes":""},{"Name":"","Category":"","Rating":" 5 stars ","Number_of_Reviews":"","Address":"","Reviewer":"Day Ll","Reviewer_page":"https://www.google.com/maps/contrib/114348090327076642078/reviews?hl=en-US","Review_time":"4 months ago","Review":"","Likes":""},{"Name":"","Category":"","Rating":" 1 star ","Number_of_Reviews":"","Address":"","Reviewer":"Kartie","Reviewer_page":"https://www.google.com/maps/contrib/115341161491976451016/reviews?hl=en-US","Review_time":"3 years ago","Review":"","Likes":""},{"Name":"","Category":"","Rating":" 3 stars ","Number_of_Reviews":"","Address":"","Reviewer":"Anita Folkerth","Reviewer_page":"https://www.google.com/maps/contrib/103384144615489207552/reviews?hl=en-US","Review_time":"3 years ago","Review":"","Likes":""},{"Name":"","Category":"","Rating":" 3 stars ","Number_of_Reviews":"","Address":"","Reviewer":"Luis Ortiz","Reviewer_page":"https://www.google.com/maps/contrib/114897947323567626157/reviews?hl=en-US","Review_time":"a year ago","Review":"","Likes":""},{"Name":"","Category":"","Rating":" 5 stars ","Number_of_Reviews":"","Address":"","Reviewer":"qucumber rose","Reviewer_page":"https://www.google.com/maps/contrib/107148742163697666193/reviews?hl=en-US","Review_time":"2 years ago","Review":"","Likes":""},{"Name":"","Category":"","Rating":" 5 stars ","Number_of_Reviews":"","Address":"","Reviewer":"Hazam ALjahmi","Reviewer_page":"https://www.google.com/maps/contrib/118076942188649678897/reviews?hl=en-US","Review_time":"3 years ago","Review":"","Likes":""},{"Name":"","Category":"","Rating":" 4 stars ","Number_of_Reviews":"","Address":"","Reviewer":"Mike Murray","Reviewer_page":"https://www.google.com/maps/contrib/105332258173298611054/reviews?hl=en-US","Review_time":"3 years ago","Review":"","Likes":""},{"Name":"","Category":"","Rating":" 5 stars ","Number_of_Reviews":"","Address":"","Reviewer":"Spartan Fitness","Reviewer_page":"https://www.google.com/maps/contrib/114941158778399940471/reviews?hl=en-US","Review_time":"a year ago","Review":"","Likes":""},{"Name":"","Category":"","Rating":" 4 stars ","Number_of_Reviews":"","Address":"","Reviewer":"Jerry Zajac","Reviewer_page":"https://www.google.com/maps/contrib/116353899712688897796/reviews?hl=en-US","Review_time":"3 years ago","Review":"","Likes":""},{"Name":"","Category":"","Rating":" 4 stars ","Number_of_Reviews":"","Address":"","Reviewer":"Rocktar Rock","Reviewer_page":"https://www.google.com/maps/contrib/102618096270399789332/reviews?hl=en-US","Review_time":"3 years ago","Review":"","Likes":""},{"Name":"","Category":"","Rating":" 1 star ","Number_of_Reviews":"","Address":"","Reviewer":"Pamela Wang","Reviewer_page":"https://www.google.com/maps/contrib/107517942292141205976/reviews?hl=en-US","Review_time":"4 years ago","Review":"","Likes":""},{"Name":"","Category":"","Rating":" 3 stars ","Number_of_Reviews":"","Address":"","Reviewer":"GULLY","Reviewer_page":"https://www.google.com/maps/contrib/117763713515925674903/reviews?hl=en-US","Review_time":"3 years ago","Review":"","Likes":""},{"Name":"","Category":"","Rating":" 5 stars ","Number_of_Reviews":"","Address":"","Reviewer":"Rivky Jey","Reviewer_page":"https://www.google.com/maps/contrib/103746208498905625886/reviews?hl=en-US","Review_time":"a year ago","Review":"","Likes":""},{"Name":"","Category":"","Rating":" 5 stars ","Number_of_Reviews":"","Address":"","Reviewer":"Kecia O'Neal","Reviewer_page":"https://www.google.com/maps/contrib/103270604095051454498/reviews?hl=en-US","Review_time":"3 years ago","Review":"","Likes":""},{"Name":"","Category":"","Rating":" 5 stars ","Number_of_Reviews":"","Address":"","Reviewer":"Delaney Taylor","Reviewer_page":"https://www.google.com/maps/contrib/113137566434130803027/reviews?hl=en-US","Review_time":"3 years ago","Review":"","Likes":""},{"Name":"","Category":"","Rating":" 3 stars ","Number_of_Reviews":"","Address":"","Reviewer":"Samuel Banks","Reviewer_page":"https://www.google.com/maps/contrib/107331601471711289664/reviews?hl=en-US","Review_time":"7 months ago","Review":"","Likes":""},{"Name":"","Category":"","Rating":" 5 stars ","Number_of_Reviews":"","Address":"","Reviewer":"Veronica Gardin","Reviewer_page":"https://www.google.com/maps/contrib/113862941586936203091/reviews?hl=en-US","Review_time":"3 years ago","Review":"","Likes":""},{"Name":"","Category":"","Rating":" 5 stars ","Number_of_Reviews":"","Address":"","Reviewer":"Daniel Litwack","Reviewer_page":"https://www.google.com/maps/contrib/105704616640203531455/reviews?hl=en-US","Review_time":"2 years ago","Review":"","Likes":""},{"Name":"","Category":"","Rating":" 5 stars ","Number_of_Reviews":"","Address":"","Reviewer":"Coral Crayon","Reviewer_page":"https://www.google.com/maps/contrib/113687855429585057369/reviews?hl=en-US","Review_time":"3 years ago","Review":"","Likes":""},{"Name":"","Category":"","Rating":" 5 stars ","Number_of_Reviews":"","Address":"","Reviewer":"Gertie laine Turenne","Reviewer_page":"https://www.google.com/maps/contrib/108136975681642745277/reviews?hl=en-US","Review_time":"5 months ago","Review":"","Likes":""},{"Name":"","Category":"","Rating":" 5 stars ","Number_of_Reviews":"","Address":"","Reviewer":"Joseph Schwartz","Reviewer_page":"https://www.google.com/maps/contrib/110408123243199425130/reviews?hl=en-US","Review_time":"a year ago","Review":"","Likes":""},{"Name":"","Category":"","Rating":" 4 stars ","Number_of_Reviews":"","Address":"","Reviewer":"Kevin B","Reviewer_page":"https://www.google.com/maps/contrib/104904445912174588778/reviews?hl=en-US","Review_time":"3 years ago","Review":"","Likes":""},{"Name":"","Category":"","Rating":" 2 stars ","Number_of_Reviews":"","Address":"","Reviewer":"Veronica","Reviewer_page":"https://www.google.com/maps/contrib/114139406971826879570/reviews?hl=en-US","Review_time":"3 years ago","Review":"","Likes":""},{"Name":"","Category":"","Rating":" 5 stars ","Number_of_Reviews":"","Address":"","Reviewer":"Jacquelyne Feile","Reviewer_page":"https://www.google.com/maps/contrib/101921114878131592985/reviews?hl=en-US","Review_time":"3 years ago","Review":"","Likes":""},{"Name":"","Category":"","Rating":" 5 stars ","Number_of_Reviews":"","Address":"","Reviewer":"Nassim White","Reviewer_page":"https://www.google.com/maps/contrib/115694549477080730571/reviews?hl=en-US","Review_time":"3 years ago","Review":"","Likes":""},{"Name":"","Category":"","Rating":" 4 stars ","Number_of_Reviews":"","Address":"","Reviewer":"Jane Jane","Reviewer_page":"https://www.google.com/maps/contrib/105266256334979546058/reviews?hl=en-US","Review_time":"8 months ago","Review":"","Likes":""},{"Name":"","Category":"","Rating":" 5 stars ","Number_of_Reviews":"","Address":"","Reviewer":"Rita Poli","Reviewer_page":"https://www.google.com/maps/contrib/101591566479540127751/reviews?hl=en-US","Review_time":"2 years ago","Review":"","Likes":""},{"Name":"","Category":"","Rating":" 5 stars ","Number_of_Reviews":"","Address":"","Reviewer":"Ryan Hsieh","Reviewer_page":"https://www.google.com/maps/contrib/115271456130838082364/reviews?hl=en-US","Review_time":"3 years ago","Review":"","Likes":""},{"Name":"","Category":"","Rating":" 4 stars ","Number_of_Reviews":"","Address":"","Reviewer":"Fernando Rincón","Reviewer_page":"https://www.google.com/maps/contrib/106817526402923322070/reviews?hl=en-US","Review_time":"6 months ago","Review":"","Likes":""},{"Name":"","Category":"","Rating":" 3 stars ","Number_of_Reviews":"","Address":"","Reviewer":"Chris Smith","Reviewer_page":"https://www.google.com/maps/contrib/116402184476685054431/reviews?hl=en-US","Review_time":"10 months ago","Review":"","Likes":""},{"Name":"","Category":"","Rating":" 4 stars ","Number_of_Reviews":"","Address":"","Reviewer":"Michael Yusim","Reviewer_page":"https://www.google.com/maps/contrib/114368989416206987641/reviews?hl=en-US","Review_time":"11 months ago","Review":"","Likes":""},{"Name":"","Category":"","Rating":" 5 stars ","Number_of_Reviews":"","Address":"","Reviewer":"Jessica Maldonado","Reviewer_page":"https://www.google.com/maps/contrib/111717619014468073835/reviews?hl=en-US","Review_time":"2 months ago","Review":"","Likes":""},{"Name":"","Category":"","Rating":" 4 stars ","Number_of_Reviews":"","Address":"","Reviewer":"Brenda Fair Alexander","Reviewer_page":"https://www.google.com/maps/contrib/110761946598910828793/reviews?hl=en-US","Review_time":"3 years ago","Review":"","Likes":""},{"Name":"","Category":"","Rating":" 5 stars ","Number_of_Reviews":"","Address":"","Reviewer":"E I","Reviewer_page":"https://www.google.com/maps/contrib/116812751637338151131/reviews?hl=en-US","Review_time":"4 years ago","Review":"","Likes":""},{"Name":"","Category":"","Rating":" 5 stars ","Number_of_Reviews":"","Address":"","Reviewer":"Nur Asri","Reviewer_page":"https://www.google.com/maps/contrib/105164435791585023696/reviews?hl=en-US","Review_time":"2 years ago","Review":"","Likes":""},{"Name":"","Category":"","Rating":" 5 stars ","Number_of_Reviews":"","Address":"","Reviewer":"Dovy Knopfler","Reviewer_page":"https://www.google.com/maps/contrib/105075930987993299447/reviews?hl=en-US","Review_time":"a year ago","Review":"","Likes":""},{"Name":"","Category":"","Rating":" 2 stars ","Number_of_Reviews":"","Address":"","Reviewer":"Ethan Turner","Reviewer_page":"https://www.google.com/maps/contrib/107747103140413595057/reviews?hl=en-US","Review_time":"2 years ago","Review":"","Likes":""},{"Name":"","Category":"","Rating":" 5 stars ","Number_of_Reviews":"","Address":"","Reviewer":"Jerome B","Reviewer_page":"https://www.google.com/maps/contrib/107979972663008389805/reviews?hl=en-US","Review_time":"3 years ago","Review":"","Likes":""},{"Name":"","Category":"","Rating":" 4 stars ","Number_of_Reviews":"","Address":"","Reviewer":"P. Alexis","Reviewer_page":"https://www.google.com/maps/contrib/101550867905598639125/reviews?hl=en-US","Review_time":"5 months ago","Review":"","Likes":""},{"Name":"","Category":"","Rating":" 4 stars ","Number_of_Reviews":"","Address":"","Reviewer":"Yunek Watkins","Reviewer_page":"https://www.google.com/maps/contrib/105931924964547607788/reviews?hl=en-US","Review_time":"2 years ago","Review":"","Likes":""},{"Name":"","Category":"","Rating":" 5 stars ","Number_of_Reviews":"","Address":"","Reviewer":"Satoyaa Kingg","Reviewer_page":"https://www.google.com/maps/contrib/104837534845425087396/reviews?hl=en-US","Review_time":"3 years ago","Review":"","Likes":""},{"Name":"","Category":"","Rating":" 3 stars ","Number_of_Reviews":"","Address":"","Reviewer":"Martin Grimwood","Reviewer_page":"https://www.google.com/maps/contrib/104512633121431638272/reviews?hl=en-US","Review_time":"2 years ago","Review":"","Likes":""},{"Name":"","Category":"","Rating":" 1 star ","Number_of_Reviews":"","Address":"","Reviewer":"Panagis Polyzois","Reviewer_page":"https://www.google.com/maps/contrib/112719689466507025781/reviews?hl=en-US","Review_time":"6 months ago","Review":"","Likes":""},{"Name":"","Category":"","Rating":" 5 stars ","Number_of_Reviews":"","Address":"","Reviewer":"Tim Queenan (TQ)","Reviewer_page":"https://www.google.com/maps/contrib/105276502254027740724/reviews?hl=en-US","Review_time":"2 years ago","Review":"","Likes":""},{"Name":"","Category":"","Rating":" 3 stars ","Number_of_Reviews":"","Address":"","Reviewer":"Talk Toomii","Reviewer_page":"https://www.google.com/maps/contrib/112693834321551509939/reviews?hl=en-US","Review_time":"a year ago","Review":"","Likes":""},{"Name":"","Category":"","Rating":" 3 stars ","Number_of_Reviews":"","Address":"","Reviewer":"Mohsen Aly","Reviewer_page":"https://www.google.com/maps/contrib/113026276140931537797/reviews?hl=en-US","Review_time":"3 years ago","Review":"","Likes":""},{"Name":"","Category":"","Rating":" 5 stars ","Number_of_Reviews":"","Address":"","Reviewer":"Angie Reyes","Reviewer_page":"https://www.google.com/maps/contrib/111572792351893941170/reviews?hl=en-US","Review_time":"3 years ago","Review":"","Likes":""},{"Name":"","Category":"","Rating":" 1 star ","Number_of_Reviews":"","Address":"","Reviewer":"Harrison Shore","Reviewer_page":"https://www.google.com/maps/contrib/117392087959572329511/reviews?hl=en-US","Review_time":"a year ago","Review":"","Likes":""},{"Name":"","Category":"","Rating":" 4 stars ","Number_of_Reviews":"","Address":"","Reviewer":"Lindsay Einhorn","Reviewer_page":"https://www.google.com/maps/contrib/110138642387180615968/reviews?hl=en-US","Review_time":"a year ago","Review":"","Likes":""},{"Name":"","Category":"","Rating":" 4 stars ","Number_of_Reviews":"","Address":"","Reviewer":"Anibal Galindo","Reviewer_page":"https://www.google.com/maps/contrib/105817550256321747334/reviews?hl=en-US","Review_time":"2 years ago","Review":"","Likes":""},{"Name":"","Category":"","Rating":" 5 stars ","Number_of_Reviews":"","Address":"","Reviewer":"Victoria Copeland","Reviewer_page":"https://www.google.com/maps/contrib/115627337279397842868/reviews?hl=en-US","Review_time":"2 years ago","Review":"","Likes":""},{"Name":"","Category":"","Rating":" 5 stars ","Number_of_Reviews":"","Address":"","Reviewer":"KuyaShiznit","Reviewer_page":"https://www.google.com/maps/contrib/116598904266262936420/reviews?hl=en-US","Review_time":"2 years ago","Review":"","Likes":""},{"Name":"","Category":"","Rating":" 5 stars ","Number_of_Reviews":"","Address":"","Reviewer":"Vernita Ellison-Brown","Reviewer_page":"https://www.google.com/maps/contrib/114045778089972061607/reviews?hl=en-US","Review_time":"2 years ago","Review":"","Likes":""},{"Name":"","Category":"","Rating":" 5 stars ","Number_of_Reviews":"","Address":"","Reviewer":"Chad Bennett","Reviewer_page":"https://www.google.com/maps/contrib/116139207734968812259/reviews?hl=en-US","Review_time":"3 years ago","Review":"","Likes":""},{"Name":"","Category":"","Rating":" 2 stars ","Number_of_Reviews":"","Address":"","Reviewer":"Mora","Reviewer_page":"https://www.google.com/maps/contrib/104059831558582946589/reviews?hl=en-US","Review_time":"a year ago","Review":"","Likes":""},{"Name":"","Category":"","Rating":" 5 stars ","Number_of_Reviews":"","Address":"","Reviewer":"David Gestetner","Reviewer_page":"https://www.google.com/maps/contrib/117490139976481923713/reviews?hl=en-US","Review_time":"3 years ago","Review":"","Likes":""},{"Name":"","Category":"","Rating":" 4 stars ","Number_of_Reviews":"","Address":"","Reviewer":"Dan Thompson","Reviewer_page":"https://www.google.com/maps/contrib/109102076150295627564/reviews?hl=en-US","Review_time":"3 years ago","Review":"","Likes":""},{"Name":"","Category":"","Rating":" 5 stars ","Number_of_Reviews":"","Address":"","Reviewer":"Chesky Schlesinger","Reviewer_page":"https://www.google.com/maps/contrib/100570489572919006890/reviews?hl=en-US","Review_time":"2 years ago","Review":"","Likes":""},{"Name":"","Category":"","Rating":" 4 stars ","Number_of_Reviews":"","Address":"","Reviewer":"Rosina Sang","Reviewer_page":"https://www.google.com/maps/contrib/116161806125009956465/reviews?hl=en-US","Review_time":"2 years ago","Review":"","Likes":""},{"Name":"","Category":"","Rating":" 5 stars ","Number_of_Reviews":"","Address":"","Reviewer":"leilani henry","Reviewer_page":"https://www.google.com/maps/contrib/103458931543025100025/reviews?hl=en-US","Review_time":"2 years ago","Review":"","Likes":""},{"Name":"","Category":"","Rating":" 3 stars ","Number_of_Reviews":"","Address":"","Reviewer":"Darryl Dodd","Reviewer_page":"https://www.google.com/maps/contrib/112218526859497278292/reviews?hl=en-US","Review_time":"a year ago","Review":"","Likes":""},{"Name":"","Category":"","Rating":" 4 stars ","Number_of_Reviews":"","Address":"","Reviewer":"Yoav Barshad","Reviewer_page":"https://www.google.com/maps/contrib/118301671479059610739/reviews?hl=en-US","Review_time":"9 months ago","Review":"","Likes":""},{"Name":"","Category":"","Rating":" 4 stars ","Number_of_Reviews":"","Address":"","Reviewer":"Swaroop Shankar","Reviewer_page":"https://www.google.com/maps/contrib/102636121831018243733/reviews?hl=en-US","Review_time":"3 years ago","Review":"","Likes":""},{"Name":"","Category":"","Rating":" 5 stars ","Number_of_Reviews":"","Address":"","Reviewer":"Vitoria Borges","Reviewer_page":"https://www.google.com/maps/contrib/104590604974769863946/reviews?hl=en-US","Review_time":"2 months ago","Review":"","Likes":""},{"Name":"","Category":"","Rating":" 5 stars ","Number_of_Reviews":"","Address":"","Reviewer":"TY TRIOMPH!#1","Reviewer_page":"https://www.google.com/maps/contrib/116042631183561803435/reviews?hl=en-US","Review_time":"a year ago","Review":"","Likes":""},{"Name":"","Category":"","Rating":" 5 stars ","Number_of_Reviews":"","Address":"","Reviewer":"Janai Lassiter","Reviewer_page":"https://www.google.com/maps/contrib/109915077268404068665/reviews?hl=en-US","Review_time":"3 years ago","Review":"","Likes":""},{"Name":"","Category":"","Rating":" 5 stars ","Number_of_Reviews":"","Address":"","Reviewer":"Sherri Shake","Reviewer_page":"https://www.google.com/maps/contrib/117098948682815541333/reviews?hl=en-US","Review_time":"6 months ago","Review":"","Likes":""},{"Name":"","Category":"","Rating":" 4 stars ","Number_of_Reviews":"","Address":"","Reviewer":"Trinity","Reviewer_page":"https://www.google.com/maps/contrib/102932553701865460004/reviews?hl=en-US","Review_time":"3 years ago","Review":"","Likes":""},{"Name":"","Category":"","Rating":" 5 stars ","Number_of_Reviews":"","Address":"","Reviewer":"Xiran Zhang","Reviewer_page":"https://www.google.com/maps/contrib/100872905964469573944/reviews?hl=en-US","Review_time":"3 years ago","Review":"","Likes":""},{"Name":"","Category":"","Rating":" 1 star ","Number_of_Reviews":"","Address":"","Reviewer":"Siddharth C","Reviewer_page":"https://www.google.com/maps/contrib/112854508264642239576/reviews?hl=en-US","Review_time":"a year ago","Review":"","Likes":""},{"Name":"","Category":"","Rating":" 5 stars ","Number_of_Reviews":"","Address":"","Reviewer":"Krystal Hinds-dunbar","Reviewer_page":"https://www.google.com/maps/contrib/103891498658372104630/reviews?hl=en-US","Review_time":"a year ago","Review":"","Likes":""},{"Name":"","Category":"","Rating":" 5 stars ","Number_of_Reviews":"","Address":"","Reviewer":"Diana fernandez mahon","Reviewer_page":"https://www.google.com/maps/contrib/103325530628822817761/reviews?hl=en-US","Review_time":"3 years ago","Review":"","Likes":""},{"Name":"","Category":"","Rating":" 3 stars ","Number_of_Reviews":"","Address":"","Reviewer":"Clifford Superville","Reviewer_page":"https://www.google.com/maps/contrib/112138896744733974593/reviews?hl=en-US","Review_time":"3 years ago","Review":"","Likes":""},{"Name":"","Category":"","Rating":" 5 stars ","Number_of_Reviews":"","Address":"","Reviewer":"Elizabeth massalee","Reviewer_page":"https://www.google.com/maps/contrib/107371629150111213617/reviews?hl=en-US","Review_time":"a year ago","Review":"","Likes":""},{"Name":"","Category":"","Rating":" 5 stars ","Number_of_Reviews":"","Address":"","Reviewer":"Kristen Hershinson","Reviewer_page":"https://www.google.com/maps/contrib/113746895830578657099/reviews?hl=en-US","Review_time":"a year ago","Review":"","Likes":""},{"Name":"","Category":"","Rating":" 5 stars ","Number_of_Reviews":"","Address":"","Reviewer":"Lingyun Chen","Reviewer_page":"https://www.google.com/maps/contrib/108257592467101731895/reviews?hl=en-US","Review_time":"3 years ago","Review":"","Likes":""},{"Name":"","Category":"","Rating":" 4 stars ","Number_of_Reviews":"","Address":"","Reviewer":"nicolany","Reviewer_page":"https://www.google.com/maps/contrib/109245874715495706461/reviews?hl=en-US","Review_time":"3 months ago","Review":"","Likes":""},{"Name":"","Category":"","Rating":" 5 stars ","Number_of_Reviews":"","Address":"","Reviewer":"Anthony Coker","Reviewer_page":"https://www.google.com/maps/contrib/100490905434663536746/reviews?hl=en-US","Review_time":"5 months ago","Review":"","Likes":""},{"Name":"","Category":"","Rating":" 5 stars ","Number_of_Reviews":"","Address":"","Reviewer":"RGF nation","Reviewer_page":"https://www.google.com/maps/contrib/110358266621292925007/reviews?hl=en-US","Review_time":"2 years ago","Review":"","Likes":""},{"Name":"","Category":"","Rating":" 5 stars ","Number_of_Reviews":"","Address":"","Reviewer":"Wei Chu Chen","Reviewer_page":"https://www.google.com/maps/contrib/106664658264302636488/reviews?hl=en-US","Review_time":"3 years ago","Review":"","Likes":""}