[{"Name":"","Category":"","Rating":" 5 stars ","Number_of_Reviews":"","Address":"","Reviewer":"Patrice Banks","Reviewer_page":"https://www.google.com/maps/contrib/107661451271705880224/reviews?hl=en-US","Review_time":"2 months ago","Review":"They introduced me to brown sugar Expresso's and my mornings have been better 🥰✨ I like the crew that's there now and they always have a smile when they see me! Can't wait to get one tomorrow 😊","Likes":""},{"Name":"","Category":"","Rating":" 1 star ","Number_of_Reviews":"","Address":"","Reviewer":"Devika Agasen","Reviewer_page":"https://www.google.com/maps/contrib/110326913886208767143/reviews?hl=en-US","Review_time":"4 months ago","Review":"The worst worst Starbucks.. the staffs are rude .. secondly they get pay to do nothing .. every day I go in there at 6:10 pm because of traffic from work ,, they close at 8 but when I go they refuses to make me anything .. they are like we closing soon nn we stop making Frappuccino and we only have lemonade.. like you get pay to work up to 8 why would you close off at 6.. that’s totally nonsense. They are the worst .. don’t ever recommend going there","Likes":"1"},{"Name":"","Category":"","Rating":" 1 star ","Number_of_Reviews":"","Address":"","Reviewer":"SFW Enterprise","Reviewer_page":"https://www.google.com/maps/contrib/108065459359745355557/reviews?hl=en-US","Review_time":"4 months ago","Review":"I dont usually make posts but my past 4 times visiting this Starbucks has left a sour taste in my mouth. There is a short young lady who always has a terrible attitude when helping customers. The last time I went there she made a drink that was missing whipped cream and when i told her she rolled her eyes, and took it up, clearly upset, then gave it back to us. I didn't get any straws so I asked her and she didnt even acknowledge me, she just threw the straws on the countertop and walked away. Furthermore, she instructs the cashiers not to take orders for any coffee or drink that's requires using the machine past 6pm. She clearly needs to be trained properly in customer service because I have never experienced such horrible service from anywhere else in all of Brooklyn and that says a lot.","Likes":"1"},{"Name":"","Category":"","Rating":" 5 stars ","Number_of_Reviews":"","Address":"","Reviewer":"Alina Sarkisyan","Reviewer_page":"https://www.google.com/maps/contrib/100281947574305531806/reviews?hl=en-US","Review_time":"4 months ago","Review":"Yes, there are rude and unkind baristas there - I will not deny that. HOWEVER, there are amazing ones. Mia and Josh are both INCREDIBLE. So sweet and kind and polite and RESPECTFUL. Always smiling, doing their job quickly and efficiently, kind to their customers, etc. If you don't like something, they will make sure to make it right for you. They always try their best. They treat you like people. I have become very good friends with them. It's always a pleasure seeing them. I am grateful for them. I honestly think they deserve a promotion and/or raise. I love these two! If you guys are reading this, see you soon, Josh and Mia :)","Likes":""},{"Name":"","Category":"","Rating":" 1 star ","Number_of_Reviews":"","Address":"","Reviewer":"Talha Islam","Reviewer_page":"https://www.google.com/maps/contrib/111358665411383328482/reviews?hl=en-US","Review_time":"6 months ago","Review":"Went around 8 15 in the evening. Place closes at 9. No one answered at drive thru 🤦🏻‍♂️ 🤷🏼‍♂️  Starbucks is great. Not this one.","Likes":"1"},{"Name":"","Category":"","Rating":" 1 star ","Number_of_Reviews":"","Address":"","Reviewer":"Jenny R","Reviewer_page":"https://www.google.com/maps/contrib/114459234981200604582/reviews?hl=en-US","Review_time":"11 months ago","Review":"This place is the worst! Always out of everything and best part they open whenever they want. 11:30am or even 12pm. Don't you think people want coffee in early morning? Not sure whos managing this place but not a good look STARBUCKS.","Likes":""},{"Name":"","Category":"","Rating":" 1 star ","Number_of_Reviews":"","Address":"","Reviewer":"Gabriel Harris","Reviewer_page":"https://www.google.com/maps/contrib/102349236435474796240/reviews?hl=en-US","Review_time":"2 months ago","Review":"This Starbucks is gone. It’s not just closed, it’s gone!","Likes":""},{"Name":"","Category":"","Rating":" 1 star ","Number_of_Reviews":"","Address":"","Reviewer":"Crystal Renee","Reviewer_page":"https://www.google.com/maps/contrib/109659582812145142404/reviews?hl=en-US","Review_time":"a year ago","Review":"This Starbucks is the absolute worst. They only have one person working at any given time and you wait on the line for 10 mins, then wait for your food for just as long. It’s horrible. Not to mention the customers that want their drinks made in some magical way with no regard for anyone else. THE WORST!!!","Likes":""},{"Name":"","Category":"","Rating":" 3 stars ","Number_of_Reviews":"","Address":"","Reviewer":"sally Cruz","Reviewer_page":"https://www.google.com/maps/contrib/109066961630875924301/reviews?hl=en-US","Review_time":"a year ago","Review":"Drinks are great, staff is friendly, however, service takes time due to only 1 employee working. They are understaffed. Most Starbucks I visit have someone at register and another making drinks....","Likes":""},{"Name":"","Category":"","Rating":" 1 star ","Number_of_Reviews":"","Address":"","Reviewer":"Willidean Echols","Reviewer_page":"https://www.google.com/maps/contrib/116331778903423592945/reviews?hl=en-US","Review_time":"a year ago","Review":"This Starbucks in Target on King's Highway is the worst It's never open Hands up to Chris  when he is there he make anything you order he make it with loveI just want to know why they are never openY'all need to get somebody that's willing to come to work everyday","Likes":""},{"Name":"","Category":"","Rating":" 1 star ","Number_of_Reviews":"","Address":"","Reviewer":"Ray & Shay","Reviewer_page":"https://www.google.com/maps/contrib/101506103251046072947/reviews?hl=en-US","Review_time":"a year ago","Review":"They only have 1 person working I waited 30 mins for my food and drink and he got my order wrong I’m highly upset he ain’t even know how to make the drink I wanted I’m never coming back don’t waste your time .","Likes":"1"},{"Name":"","Category":"","Rating":" 2 stars ","Number_of_Reviews":"","Address":"","Reviewer":"Robert Rodes","Reviewer_page":"https://www.google.com/maps/contrib/114114704025023683395/reviews?hl=en-US","Review_time":"a year ago","Review":"The drinks are always on point but be careful about Coming in the morning they don’t have a set schedule some days they open up at 9 AM some days they open up at 12 noon during the week but once somebody decides to show up for work things are always pretty good","Likes":"1"},{"Name":"","Category":"","Rating":" 5 stars ","Number_of_Reviews":"","Address":"","Reviewer":"Erik Armenta","Reviewer_page":"https://www.google.com/maps/contrib/104163375804021389544/reviews?hl=en-US","Review_time":"8 months ago","Review":"Best quality drinks made by Chris! All the other low stars are because they weren’t made by her.","Likes":""},{"Name":"","Category":"","Rating":" 5 stars ","Number_of_Reviews":"","Address":"","Reviewer":"Brian Williams","Reviewer_page":"https://www.google.com/maps/contrib/109267144952599272412/reviews?hl=en-US","Review_time":"a year ago","Review":"I love going to this store all the works are great but there is one person that stand out the most his name is Chris is the best very nice great customer Survice very helpful what a great person with a big personality what get me the most he live in queens and work in Brooklyn and makes it to work all the time he never let you down when is his shift Great job Chris","Likes":"1"},{"Name":"","Category":"","Rating":" 1 star ","Number_of_Reviews":"","Address":"","Reviewer":"Lorena Ayala","Reviewer_page":"https://www.google.com/maps/contrib/114715640269289632137/reviews?hl=en-US","Review_time":"a year ago","Review":"Rude customer service after I got my Tea 🍵 I try to seat with my friend and they ask for ask lo leave cause the closed at 5pm.","Likes":"1"},{"Name":"","Category":"","Rating":" 1 star ","Number_of_Reviews":"","Address":"","Reviewer":"Deena","Reviewer_page":"https://www.google.com/maps/contrib/100875780641961184714/reviews?hl=en-US","Review_time":"a year ago","Review":"Where is the starbucks ?because i definitely dont see it 🤷🏽‍♀️","Likes":"2"},{"Name":"","Category":"","Rating":" 1 star ","Number_of_Reviews":"","Address":"","Reviewer":"Phillip Labissiere","Reviewer_page":"https://www.google.com/maps/contrib/106286126181944664069/reviews?hl=en-US","Review_time":"a year ago","Review":"There’s no Starbucks here","Likes":""},{"Name":"","Category":"","Rating":" 1 star ","Number_of_Reviews":"","Address":"","Reviewer":"Krystle Delgado","Reviewer_page":"https://www.google.com/maps/contrib/108769755819374927980/reviews?hl=en-US","Review_time":"a year ago","Review":"There's no Starbucks here","Likes":""},{"Name":"","Category":"","Rating":" 3 stars ","Number_of_Reviews":"","Address":"","Reviewer":"upton williams","Reviewer_page":"https://www.google.com/maps/contrib/106413770705256990336/reviews?hl=en-US","Review_time":"a year ago","Review":"Said the location was open but it was actually closed at 6.30pm on a Sunday","Likes":"1"},{"Name":"","Category":"","Rating":" 1 star ","Number_of_Reviews":"","Address":"","Reviewer":"Myar Dandash","Reviewer_page":"https://www.google.com/maps/contrib/100569198922606222193/reviews?hl=en-US","Review_time":"a year ago","Review":"There's no Starbucks there","Likes":""},{"Name":"","Category":"","Rating":" 1 star ","Number_of_Reviews":"","Address":"","Reviewer":"Jasmin Boyd","Reviewer_page":"https://www.google.com/maps/contrib/100577975164164614394/reviews?hl=en-US","Review_time":"a year ago","Review":"There is no Starbucks here","Likes":""},{"Name":"","Category":"","Rating":" 2 stars ","Number_of_Reviews":"","Address":"","Reviewer":"mahmud rahman","Reviewer_page":"https://www.google.com/maps/contrib/109167407325858636793/reviews?hl=en-US","Review_time":"a year ago","Review":"Bad attitude lady…","Likes":""},{"Name":"","Category":"","Rating":" 1 star ","Number_of_Reviews":"","Address":"","Reviewer":"J Bradshaw","Reviewer_page":"https://www.google.com/maps/contrib/114213540588757394035/reviews?hl=en-US","Review_time":"a year ago","Review":"No Starbucks there","Likes":""},{"Name":"","Category":"","Rating":" 4 stars ","Number_of_Reviews":"","Address":"","Reviewer":"Joe Petty","Reviewer_page":"https://www.google.com/maps/contrib/109197327285389500378/reviews?hl=en-US","Review_time":"11 months ago","Review":"Great!","Likes":""},{"Name":"","Category":"","Rating":" 5 stars ","Number_of_Reviews":"","Address":"","Reviewer":"Rj Lighting","Reviewer_page":"https://www.google.com/maps/contrib/103161761985808163171/reviews?hl=en-US","Review_time":"10 months ago","Review":"","Likes":""},{"Name":"","Category":"","Rating":" 5 stars ","Number_of_Reviews":"","Address":"","Reviewer":"Tatyana saint-gerard","Reviewer_page":"https://www.google.com/maps/contrib/104565293822385258131/reviews?hl=en-US","Review_time":"a year ago","Review":"","Likes":""},{"Name":"","Category":"","Rating":" 5 stars ","Number_of_Reviews":"","Address":"","Reviewer":"Ravann St Victor","Reviewer_page":"https://www.google.com/maps/contrib/112292646279619952929/reviews?hl=en-US","Review_time":"a year ago","Review":"","Likes":""},{"Name":"","Category":"","Rating":" 5 stars ","Number_of_Reviews":"","Address":"","Reviewer":"Melisa Hamilton","Reviewer_page":"https://www.google.com/maps/contrib/111186969508457198480/reviews?hl=en-US","Review_time":"a year ago","Review":"","Likes":""},{"Name":"","Category":"","Rating":" 5 stars ","Number_of_Reviews":"","Address":"","Reviewer":"Myaa Lewis","Reviewer_page":"https://www.google.com/maps/contrib/103502100511083782320/reviews?hl=en-US","Review_time":"a year ago","Review":"","Likes":""},{"Name":"","Category":"","Rating":" 4 stars ","Number_of_Reviews":"","Address":"","Reviewer":"Baris peace","Reviewer_page":"https://www.google.com/maps/contrib/106839346531191062640/reviews?hl=en-US","Review_time":"a year ago","Review":"","Likes":""},{"Name":"","Category":"","Rating":" 5 stars ","Number_of_Reviews":"","Address":"","Reviewer":"Ms .T Blagrove","Reviewer_page":"https://www.google.com/maps/contrib/107894354440929518718/reviews?hl=en-US","Review_time":"10 months ago","Review":"","Likes":""},{"Name":"","Category":"","Rating":" 5 stars ","Number_of_Reviews":"","Address":"","Reviewer":"Rachel Mizrahi","Reviewer_page":"https://www.google.com/maps/contrib/112994622597571452681/reviews?hl=en-US","Review_time":"a year ago","Review":"","Likes":""},{"Name":"","Category":"","Rating":" 1 star ","Number_of_Reviews":"","Address":"","Reviewer":"Lidia Smart","Reviewer_page":"https://www.google.com/maps/contrib/113158243083201457264/reviews?hl=en-US","Review_time":"8 months ago","Review":"","Likes":""}