[{"Name":"","Category":"","Rating":" 2 stars ","Number_of_Reviews":"","Address":"","Reviewer":"Vfxff Ggggi","Reviewer_page":"https://www.google.com/maps/contrib/112050908797695678805/reviews?hl=en-US","Review_time":"4 months ago","Review":"i come nearly every day and they always tell me they r closed even though their closing time is usually 8 and sometimes i come an entire hour earlier. understandable if they close a few mins ahead sometimes but literally 30 mins before is unacceptable because atp just change ur closing time. u should be open for as long as it says or maybe a few mins before. 30 mins, 20 mins, 10 mins before closing= open. they have turned me down every single time except once and i will not lie that once they made a rlly good pink drink. if u come here just know there’s another starbucks about a block away not far and u should try ur chances with them (they close earlier sometimes but not quite often)","Likes":""},{"Name":"","Category":"","Rating":" 1 star ","Number_of_Reviews":"","Address":"","Reviewer":"Sharon Pemberton","Reviewer_page":"https://www.google.com/maps/contrib/102506155803648489674/reviews?hl=en-US","Review_time":"5 months ago","Review":"I was shopping in Target. I wanted a drink or even a cup of ice water it was a very hot day. Came by about 4:15 the lady behind the counter said they were closed. Sat down a bit and saw about 4 or 5 more customers in the span of 5 minutes that were all turned away even tho it said close at 8pm online.\nI REALLY THINK THWY SHOULD CLOSE IT DOWN ITS USELESS TO THE SHOPPERS.","Likes":""},{"Name":"","Category":"","Rating":" 4 stars ","Number_of_Reviews":"","Address":"","Reviewer":"Anna Kassymova","Reviewer_page":"https://www.google.com/maps/contrib/100131590703034724212/reviews?hl=en-US","Review_time":"3 years ago","Review":"I was very husgry and decided to take some snack here but the choice was so poor and not everything was in stock. The tables were mostly occupied not by Starbucks customers and the floor was not clean.","Likes":"1"},{"Name":"","Category":"","Rating":" 1 star ","Number_of_Reviews":"","Address":"","Reviewer":"Samantha Johnson","Reviewer_page":"https://www.google.com/maps/contrib/113462117828110230026/reviews?hl=en-US","Review_time":"a year ago","Review":"Whenever I come to this Starbucks anymore there is always one person working. So it becomes an overall frustrating experience for not only the employees, but for the customers as well. Also the people have never been very nice here. As a person who works in customer server I know how draining and hard it can be, but some days the people are especially rude. Today I ordered a green tea and the girl working behind the counter had me repeat it three times, rolled her eyes, and then proceeded to still get it wrong! She was so nasty that I didn't feel like I could send it back so I just took it, even though it wasn't what I wanted. I just hate going here anymore. Where are the managers? Why is there only one person working? It's such a miserable starbucks. DON'T GO HERE!","Likes":"1"},{"Name":"","Category":"","Rating":" 1 star ","Number_of_Reviews":"","Address":"","Reviewer":"Rose Canela","Reviewer_page":"https://www.google.com/maps/contrib/100942987891334875551/reviews?hl=en-US","Review_time":"2 months ago","Review":"Came in by 6:45pm nobody was at the counter, when somebody finally came in by 7:12pm she said it was closed but it’s said online it closed at 8pm. Disappointed","Likes":""},{"Name":"","Category":"","Rating":" 1 star ","Number_of_Reviews":"","Address":"","Reviewer":"lucas lucas","Reviewer_page":"https://www.google.com/maps/contrib/110842955112487395243/reviews?hl=en-US","Review_time":"2 months ago","Review":"They close 4:30 pm today 8/21 one more stupid place","Likes":""},{"Name":"","Category":"","Rating":" 1 star ","Number_of_Reviews":"","Address":"","Reviewer":"Lani","Reviewer_page":"https://www.google.com/maps/contrib/109743219604939795333/reviews?hl=en-US","Review_time":"7 months ago","Review":"If I could give zero stars ? I WOULD. Customer service is very disgusting and they are very lucky I had the patience today. They will never get a dime out of me","Likes":"1"},{"Name":"","Category":"","Rating":" 1 star ","Number_of_Reviews":"","Address":"","Reviewer":"Reuel (Imrockinvans)","Reviewer_page":"https://www.google.com/maps/contrib/117852018366951243438/reviews?hl=en-US","Review_time":"a year ago","Review":"Worst service ever not only once but on multiple  occasions.. closing time is 9pm .. but after 8pm don’t expect to get anything other than reg coffee… and they’re slow as hell… lattes aren’t even up to standard either.","Likes":"1"},{"Name":"","Category":"","Rating":" 1 star ","Number_of_Reviews":"","Address":"","Reviewer":"Merjema Ćeman","Reviewer_page":"https://www.google.com/maps/contrib/118148932718770122193/reviews?hl=en-US","Review_time":"a year ago","Review":"Employee known as sherry ? TOO MUCH ATTITUDE AND ALWAYS FIGHTING WITH CUSTOMERS ? Today she decided it was my turn even though I am always nice to her?! WHY DOES SHE WORK THERE IF SHE HATES HER JOB? MOST OF THE TIME THE EMPLOYEES THERE IN GENERAL HAVE AN ATTITUDE AND MAKE UNNECESSARY COMMENTS AND HALF THE TIME THINGS ARE OUT OF STOCK ! @starbucks please don’t shame your name with locations and employees as such! I FOR ONE HATE SPENDING MY MONEY AND HAVING MY MOOD RUINED BY PEOPLE WHO HATE THEIR OWN LIVES! SO TIRED OF THIS DURING A PANDEMIC WHEN LIFE IS HARD ENOUGH! I WORK WITH CUSTOMER SERVICE AND HAVE DEALT WITH ALL KINDS OF PEOPLE BUT THIS IS JUST RIDICULOUS!","Likes":"2"},{"Name":"","Category":"","Rating":" 1 star ","Number_of_Reviews":"","Address":"","Reviewer":"Amara L.","Reviewer_page":"https://www.google.com/maps/contrib/114202089648753016009/reviews?hl=en-US","Review_time":"7 months ago","Review":"Ever since they hired new people this place has not been the same! If I could give it zero stars I would.The people are extra rude and don’t know how to make a drink properly, train these people. And they are not clean what so ever! They need to shut down and try again because it’s ridiculous and DISGUSTING","Likes":"2"},{"Name":"","Category":"","Rating":" 1 star ","Number_of_Reviews":"","Address":"","Reviewer":"Lin-Yu Wen","Reviewer_page":"https://www.google.com/maps/contrib/100679149151456090970/reviews?hl=en-US","Review_time":"4 years ago","Review":"I am a gold card member and am supposed to get a tea drink refill in the same location for free.  On July 7th around 4:15pm, a staff in the afternoon shift didn't know how to refill my drink by my gold card for free. Instead, she asked me to pay 54 cents in cash. I was unhappy. The other staff was yelling \"You have to show receipt in order to get refill.\" I told her I come to this Starbucks everyday and always get free refill for tea by my gold card without my receipt.  After I paid 54 cents, I asked the first staff to add $20 on my gold card from my credit card. She responded me she doesn't know how to do that! Isn't staff trained to be able to perform tasks? I was very very disappointed how rude and how unprofessional this afternoon staff are!","Likes":"7"},{"Name":"","Category":"","Rating":" 1 star ","Number_of_Reviews":"","Address":"","Reviewer":"Joselyn Vargas","Reviewer_page":"https://www.google.com/maps/contrib/100014113055442168820/reviews?hl=en-US","Review_time":"2 years ago","Review":"Everything I asked for they didn’t have. No croissants, no banana bread , no reduced turkey sandwich !! At the end decided to use my rewards and she said I needed to tell her at the beginning because now she has to re do everything ! First of I’ve never been told that at any startbucks. I always tell them last with no problem ! Horrible place.","Likes":"3"},{"Name":"","Category":"","Rating":" 1 star ","Number_of_Reviews":"","Address":"","Reviewer":"Fields Beads Handmade Jewelery","Reviewer_page":"https://www.google.com/maps/contrib/101382485705131141103/reviews?hl=en-US","Review_time":"2 years ago","Review":"The worst Starbucks franchise, 2 black nasty women, didn't have napkins, when asked to get us some, her replied was they had them in the back and to go to the pizza to get napkins from there. I said but I purchased at Starbucks not at the pizza. They were doing absolutely norhing, they were 2 unpleasant women. We should boiycot this Starbucks until they get pleaseant workers. Sad because you go out to enjoy your cup of coffee and have this nasty employees. For that reason no stars deserved.","Likes":""},{"Name":"","Category":"","Rating":" 1 star ","Number_of_Reviews":"","Address":"","Reviewer":"Em Knee","Reviewer_page":"https://www.google.com/maps/contrib/114068632857767576180/reviews?hl=en-US","Review_time":"3 years ago","Review":"First and last time here. 20 minute wait for someone to appear to the front counter, which still had open registers. After the wait, two employees, one with a green starbucks apron and the other with a black shirt, both stating they are closed, 30 minutes before closing time. What happen to making income and customer service? The individuals had no interest to take care of their customers, as no explanation was given other then, \"We have other things to do, we're closed\". I asked why, they said because we are. Worst way of talking to someone interested in spending at a place that brings those employees income, and my word of mouth will be unpleasant for that manager. 6/14/2019 @ 8:36 pm.","Likes":"1"},{"Name":"","Category":"","Rating":" 1 star ","Number_of_Reviews":"","Address":"","Reviewer":"Colby Bastien","Reviewer_page":"https://www.google.com/maps/contrib/109880595446588227133/reviews?hl=en-US","Review_time":"2 years ago","Review":"I have never written a bad review before but this one is needed. Very nasty cashier and barista. Impatient and irritated. You are not doing the customers a favor, they pay for the food and service. Please quit your job if you hate it so much.","Likes":"3"},{"Name":"","Category":"","Rating":" 1 star ","Number_of_Reviews":"","Address":"","Reviewer":"Mohamed Ismail","Reviewer_page":"https://www.google.com/maps/contrib/117623989548886303952/reviews?hl=en-US","Review_time":"11 months ago","Review":"Says they are open till 9, but wouldn’t take my order when I came in at 8. I saw them take someone else’s order after I left 😐","Likes":""},{"Name":"","Category":"","Rating":" 1 star ","Number_of_Reviews":"","Address":"","Reviewer":"Trishana Bryan","Reviewer_page":"https://www.google.com/maps/contrib/113330987310265883658/reviews?hl=en-US","Review_time":"3 years ago","Review":"The girl in there the chubby one is so rude u ask for a cup of water or a cup of ice and she throw it in a small paper cup. I have never been to a Starbucks before and they give u water or ice in a paper cup. I was so disappointed when I go to Starbucks everyday and spend so much money and you come to your own neighborhood and get ppl like that. Smh.","Likes":"1"},{"Name":"","Category":"","Rating":" 1 star ","Number_of_Reviews":"","Address":"","Reviewer":"Smoover Than You","Reviewer_page":"https://www.google.com/maps/contrib/107153754071863966531/reviews?hl=en-US","Review_time":"a year ago","Review":"Third time ordering from them on Uber eats and each time has been RIDICULOUSLY delayed, 1-2 hours after and then cancelled. Horrible.","Likes":""},{"Name":"","Category":"","Rating":" 5 stars ","Number_of_Reviews":"","Address":"","Reviewer":"DJ CHOCOLATE","Reviewer_page":"https://www.google.com/maps/contrib/118053414050065955397/reviews?hl=en-US","Review_time":"a year ago","Review":"The cashier in the front desk out standing she was very friendly 1st ever going into Starbucks and I don't even drink coffee but it was for my #daughter I do and for my #daughter so my experience in the Starbucks makes me want to go every day I can't make this up in my #fivioforeign voice","Likes":""},{"Name":"","Category":"","Rating":" 3 stars ","Number_of_Reviews":"","Address":"","Reviewer":"Tammy Arstin","Reviewer_page":"https://www.google.com/maps/contrib/105804616741254007041/reviews?hl=en-US","Review_time":"6 years ago","Review":"Their service is okay but their drinks are not always made the same as in the other chains. For example, a caramel machiato, I noticed, has consistently tasted like mocha. Completely different than what a caramel machiato normally tastes like.","Likes":""},{"Name":"","Category":"","Rating":" 1 star ","Number_of_Reviews":"","Address":"","Reviewer":"Mohamed Bireir Jr.","Reviewer_page":"https://www.google.com/maps/contrib/100730489253057497892/reviews?hl=en-US","Review_time":"3 years ago","Review":"This is the worst Starbucks ever. That black employee is very very rude and she don't want to serve customers and she talk smart .\nThe corporate should watch this location more often.","Likes":"2"},{"Name":"","Category":"","Rating":" 5 stars ","Number_of_Reviews":"","Address":"","Reviewer":"Matti Sali","Reviewer_page":"https://www.google.com/maps/contrib/112618927121069610491/reviews?hl=en-US","Review_time":"a year ago","Review":"Britney and the other girl in the drive through are the best baristas we appreciate you & the hard work!","Likes":""},{"Name":"","Category":"","Rating":" 5 stars ","Number_of_Reviews":"","Address":"","Reviewer":"Daisy E. Ramos","Reviewer_page":"https://www.google.com/maps/contrib/113536599049143669870/reviews?hl=en-US","Review_time":"9 months ago","Review":"The workers are straight to the point and genuinely nice without emphasizing it.","Likes":""},{"Name":"","Category":"","Rating":" 4 stars ","Number_of_Reviews":"","Address":"","Reviewer":"Jasmine H","Reviewer_page":"https://www.google.com/maps/contrib/104731006993930939215/reviews?hl=en-US","Review_time":"2 years ago","Review":"They let me charge my phone I had too much luggage. Even got a free medium soy latte","Likes":""},{"Name":"","Category":"","Rating":" 1 star ","Number_of_Reviews":"","Address":"","Reviewer":"shimon bineth","Reviewer_page":"https://www.google.com/maps/contrib/108977864300363255213/reviews?hl=en-US","Review_time":"3 years ago","Review":"This is not the usual Starbucks it’s Horrible don’t go there never","Likes":"2"},{"Name":"","Category":"","Rating":" 1 star ","Number_of_Reviews":"","Address":"","Reviewer":"a b","Reviewer_page":"https://www.google.com/maps/contrib/117810360302554592282/reviews?hl=en-US","Review_time":"a year ago","Review":"Says they open at 8 but they telling me they won't be open til 930","Likes":""},{"Name":"","Category":"","Rating":" 1 star ","Number_of_Reviews":"","Address":"","Reviewer":"Chavi Bineth","Reviewer_page":"https://www.google.com/maps/contrib/100408801243561482856/reviews?hl=en-US","Review_time":"3 years ago","Review":"They don’t have the regular Starbucks stuff\nHorrible","Likes":""},{"Name":"","Category":"","Rating":" 1 star ","Number_of_Reviews":"","Address":"","Reviewer":"Lola Ogundiran","Reviewer_page":"https://www.google.com/maps/contrib/113615864220328793428/reviews?hl=en-US","Review_time":"4 years ago","Review":"Poor quality coffee, which i ended up throwing out. The lady working sunday morning was not pleasant to deal with.","Likes":""},{"Name":"","Category":"","Rating":" 1 star ","Number_of_Reviews":"","Address":"","Reviewer":"Екатерина Овчинникова","Reviewer_page":"https://www.google.com/maps/contrib/105094774240862265153/reviews?hl=en-US","Review_time":"2 years ago","Review":"Awful place, disgusting workers, very toxic, closed before the working hours were over, took off the bage and never said her name, please take an action","Likes":""},{"Name":"","Category":"","Rating":" 3 stars ","Number_of_Reviews":"","Address":"","Reviewer":"Natalia US","Reviewer_page":"https://www.google.com/maps/contrib/117191114279545246851/reviews?hl=en-US","Review_time":"3 years ago","Review":"frappuccino is not always available, they never have new beverages from the menu , they never opened on the time","Likes":"4"},{"Name":"","Category":"","Rating":" 2 stars ","Number_of_Reviews":"","Address":"","Reviewer":"Nova","Reviewer_page":"https://www.google.com/maps/contrib/111306416349502662927/reviews?hl=en-US","Review_time":"5 years ago","Review":"The coffee is good, but they're never open when I need it.","Likes":""},{"Name":"","Category":"","Rating":" 5 stars ","Number_of_Reviews":"","Address":"","Reviewer":"Stephanie Gray","Reviewer_page":"https://www.google.com/maps/contrib/114742963470718966001/reviews?hl=en-US","Review_time":"4 years ago","Review":"Love it. Fresh foods, awesome pastries, made your way coffee drinks.","Likes":""},{"Name":"","Category":"","Rating":" 1 star ","Number_of_Reviews":"","Address":"","Reviewer":"Gil Censits","Reviewer_page":"https://www.google.com/maps/contrib/102342639349402982361/reviews?hl=en-US","Review_time":"3 years ago","Review":"Girl behind the counter let us wait in line until we got to the register then told us she was going on break and left.","Likes":""},{"Name":"","Category":"","Rating":" 1 star ","Number_of_Reviews":"","Address":"","Reviewer":"Topo Ardillo","Reviewer_page":"https://www.google.com/maps/contrib/106805270147782218332/reviews?hl=en-US","Review_time":"a year ago","Review":"The all the parts this is the worst need people who know how to prepare","Likes":""},{"Name":"","Category":"","Rating":" 4 stars ","Number_of_Reviews":"","Address":"","Reviewer":"Nina Floyd","Reviewer_page":"https://www.google.com/maps/contrib/106344242671933398731/reviews?hl=en-US","Review_time":"3 years ago","Review":"Nice people always get my coffee right !","Likes":""},{"Name":"","Category":"","Rating":" 1 star ","Number_of_Reviews":"","Address":"","Reviewer":"Cats O","Reviewer_page":"https://www.google.com/maps/contrib/105753868776626804966/reviews?hl=en-US","Review_time":"2 years ago","Review":"Got here at 8pm on Saturday and they said that they are closed!","Likes":""},{"Name":"","Category":"","Rating":" 3 stars ","Number_of_Reviews":"","Address":"","Reviewer":"Criss Bella","Reviewer_page":"https://www.google.com/maps/contrib/113539060090419885127/reviews?hl=en-US","Review_time":"3 years ago","Review":"Waited almost 20 mins for a ham&cheese crossaint","Likes":""},{"Name":"","Category":"","Rating":" 1 star ","Number_of_Reviews":"","Address":"","Reviewer":"Nicole Grimes","Reviewer_page":"https://www.google.com/maps/contrib/113198192292052649317/reviews?hl=en-US","Review_time":"2 years ago","Review":"Only one barista, taking orders and making drinks😖","Likes":""},{"Name":"","Category":"","Rating":" 5 stars ","Number_of_Reviews":"","Address":"","Reviewer":"sonia rowerobinson","Reviewer_page":"https://www.google.com/maps/contrib/112117572813377614390/reviews?hl=en-US","Review_time":"a year ago","Review":"Got some reasonable boots on sale","Likes":""},{"Name":"","Category":"","Rating":" 1 star ","Number_of_Reviews":"","Address":"","Reviewer":"Tahirha M.","Reviewer_page":"https://www.google.com/maps/contrib/117179259008973945302/reviews?hl=en-US","Review_time":"3 years ago","Review":"Says  they open at 8am. They actually open at 10a","Likes":"1"},{"Name":"","Category":"","Rating":" 3 stars ","Number_of_Reviews":"","Address":"","Reviewer":"Marianna Schwartsman","Reviewer_page":"https://www.google.com/maps/contrib/104042046151282829078/reviews?hl=en-US","Review_time":"2 years ago","Review":"Slow.. Rude but the coffee is good","Likes":""},{"Name":"","Category":"","Rating":" 4 stars ","Number_of_Reviews":"","Address":"","Reviewer":"Sifat Siddique","Reviewer_page":"https://www.google.com/maps/contrib/110818368770944924061/reviews?hl=en-US","Review_time":"6 years ago","Review":"Usual Starbucks quality. However, the location is not very accessible","Likes":""},{"Name":"","Category":"","Rating":" 1 star ","Number_of_Reviews":"","Address":"","Reviewer":"RDS","Reviewer_page":"https://www.google.com/maps/contrib/116854445749548463681/reviews?hl=en-US","Review_time":"5 years ago","Review":"Terribly overpriced burned coffee served with an attitude","Likes":"2"},{"Name":"","Category":"","Rating":" 5 stars ","Number_of_Reviews":"","Address":"","Reviewer":"Val Farrell","Reviewer_page":"https://www.google.com/maps/contrib/111877056585646514453/reviews?hl=en-US","Review_time":"a year ago","Review":"Very fast and friendly","Likes":""},{"Name":"","Category":"","Rating":" 5 stars ","Number_of_Reviews":"","Address":"","Reviewer":"Rayquan Ethridge","Reviewer_page":"https://www.google.com/maps/contrib/104341634576376544821/reviews?hl=en-US","Review_time":"a year ago","Review":"I been there before!","Likes":""},{"Name":"","Category":"","Rating":" 5 stars ","Number_of_Reviews":"","Address":"","Reviewer":"Max Laboy","Reviewer_page":"https://www.google.com/maps/contrib/101585146396722946729/reviews?hl=en-US","Review_time":"4 years ago","Review":"Always a great cup","Likes":""},{"Name":"","Category":"","Rating":" 1 star ","Number_of_Reviews":"","Address":"","Reviewer":"Nathan Levy","Reviewer_page":"https://www.google.com/maps/contrib/102224540666365749832/reviews?hl=en-US","Review_time":"2 years ago","Review":"worst Starbucks in NYC","Likes":""},{"Name":"","Category":"","Rating":" 5 stars ","Number_of_Reviews":"","Address":"","Reviewer":"Marilyn Askew","Reviewer_page":"https://www.google.com/maps/contrib/104122599207533413713/reviews?hl=en-US","Review_time":"4 years ago","Review":"Great customer service","Likes":""},{"Name":"","Category":"","Rating":" 5 stars ","Number_of_Reviews":"","Address":"","Reviewer":"Shira Parnes","Reviewer_page":"https://www.google.com/maps/contrib/117722575440826765387/reviews?hl=en-US","Review_time":"3 years ago","Review":"Coffee was amazing","Likes":""},{"Name":"","Category":"","Rating":" 5 stars ","Number_of_Reviews":"","Address":"","Reviewer":"Erdal Ensoner","Reviewer_page":"https://www.google.com/maps/contrib/102083141638533432842/reviews?hl=en-US","Review_time":"3 years ago","Review":"Nice","Likes":""},{"Name":"","Category":"","Rating":" 4 stars ","Number_of_Reviews":"","Address":"","Reviewer":"R BULLOCK","Reviewer_page":"https://www.google.com/maps/contrib/109576874737694966286/reviews?hl=en-US","Review_time":"2 years ago","Review":"Same as always!","Likes":""},{"Name":"","Category":"","Rating":" 5 stars ","Number_of_Reviews":"","Address":"","Reviewer":"Alejandra Garcia","Reviewer_page":"https://www.google.com/maps/contrib/101826724890848007488/reviews?hl=en-US","Review_time":"2 years ago","Review":"Love it!!!","Likes":""},{"Name":"","Category":"","Rating":" 4 stars ","Number_of_Reviews":"","Address":"","Reviewer":"Franz Araujo","Reviewer_page":"https://www.google.com/maps/contrib/109175747675835221015/reviews?hl=en-US","Review_time":"4 years ago","Review":"(Translated by Google) The attention is good, and the coffee is the best. The downside is that its location is always full and you have to be patient, but the coffee is worth the wait.\n\n(Original)\nLa atención es buena, y el café de lo mejor. Lo malo por su ubicación siempre está full y tienes que tener paciencia, pero por el café vale la pena esperar.","Likes":""},{"Name":"","Category":"","Rating":" 4 stars ","Number_of_Reviews":"","Address":"","Reviewer":"Jimmy Beaufils","Reviewer_page":"https://www.google.com/maps/contrib/104582679502074554671/reviews?hl=en-US","Review_time":"3 months ago","Review":"","Likes":""},{"Name":"","Category":"","Rating":" 5 stars ","Number_of_Reviews":"","Address":"","Reviewer":"marilyn munroe","Reviewer_page":"https://www.google.com/maps/contrib/104772576905436775454/reviews?hl=en-US","Review_time":"a year ago","Review":"","Likes":""},{"Name":"","Category":"","Rating":" 5 stars ","Number_of_Reviews":"","Address":"","Reviewer":"Leah Kadosh","Reviewer_page":"https://www.google.com/maps/contrib/109899875826849525316/reviews?hl=en-US","Review_time":"3 years ago","Review":"","Likes":""},{"Name":"","Category":"","Rating":" 5 stars ","Number_of_Reviews":"","Address":"","Reviewer":"Yousry Salam","Reviewer_page":"https://www.google.com/maps/contrib/108815209991895120273/reviews?hl=en-US","Review_time":"a year ago","Review":"","Likes":""},{"Name":"","Category":"","Rating":" 3 stars ","Number_of_Reviews":"","Address":"","Reviewer":"Wayne Jason Gilbert","Reviewer_page":"https://www.google.com/maps/contrib/111252702472750621927/reviews?hl=en-US","Review_time":"5 years ago","Review":"","Likes":""},{"Name":"","Category":"","Rating":" 5 stars ","Number_of_Reviews":"","Address":"","Reviewer":"Alvin Martin","Reviewer_page":"https://www.google.com/maps/contrib/102461636364768803889/reviews?hl=en-US","Review_time":"a year ago","Review":"","Likes":""},{"Name":"","Category":"","Rating":" 5 stars ","Number_of_Reviews":"","Address":"","Reviewer":"Qualay RIley","Reviewer_page":"https://www.google.com/maps/contrib/117025155245528489584/reviews?hl=en-US","Review_time":"a year ago","Review":"","Likes":""},{"Name":"","Category":"","Rating":" 4 stars ","Number_of_Reviews":"","Address":"","Reviewer":"Denisse","Reviewer_page":"https://www.google.com/maps/contrib/114909983886063868819/reviews?hl=en-US","Review_time":"4 years ago","Review":"","Likes":""},{"Name":"","Category":"","Rating":" 5 stars ","Number_of_Reviews":"","Address":"","Reviewer":"Stephanie Maharaj","Reviewer_page":"https://www.google.com/maps/contrib/113782903002645068649/reviews?hl=en-US","Review_time":"4 years ago","Review":"","Likes":""},{"Name":"","Category":"","Rating":" 1 star ","Number_of_Reviews":"","Address":"","Reviewer":"Ben Alexander","Reviewer_page":"https://www.google.com/maps/contrib/106774435334350557639/reviews?hl=en-US","Review_time":"4 years ago","Review":"","Likes":""},{"Name":"","Category":"","Rating":" 5 stars ","Number_of_Reviews":"","Address":"","Reviewer":"Rachel Mizrahi","Reviewer_page":"https://www.google.com/maps/contrib/112994622597571452681/reviews?hl=en-US","Review_time":"a year ago","Review":"","Likes":""},{"Name":"","Category":"","Rating":" 1 star ","Number_of_Reviews":"","Address":"","Reviewer":"Christina B","Reviewer_page":"https://www.google.com/maps/contrib/110251318003178129613/reviews?hl=en-US","Review_time":"5 years ago","Review":"","Likes":""},{"Name":"","Category":"","Rating":" 5 stars ","Number_of_Reviews":"","Address":"","Reviewer":"Tamara Barrios","Reviewer_page":"https://www.google.com/maps/contrib/112672577813560541583/reviews?hl=en-US","Review_time":"a year ago","Review":"","Likes":""},{"Name":"","Category":"","Rating":" 4 stars ","Number_of_Reviews":"","Address":"","Reviewer":"Melissa nuesi","Reviewer_page":"https://www.google.com/maps/contrib/107278372483416403303/reviews?hl=en-US","Review_time":"7 years ago","Review":"","Likes":""},{"Name":"","Category":"","Rating":" 4 stars ","Number_of_Reviews":"","Address":"","Reviewer":"Gladys Rodríguez Pitre","Reviewer_page":"https://www.google.com/maps/contrib/111034165816554108055/reviews?hl=en-US","Review_time":"a year ago","Review":"","Likes":""},{"Name":"","Category":"","Rating":" 3 stars ","Number_of_Reviews":"","Address":"","Reviewer":"AD THOMAS","Reviewer_page":"https://www.google.com/maps/contrib/111248745932110294761/reviews?hl=en-US","Review_time":"a year ago","Review":"","Likes":""},{"Name":"","Category":"","Rating":" 5 stars ","Number_of_Reviews":"","Address":"","Reviewer":"nadege dolphin","Reviewer_page":"https://www.google.com/maps/contrib/109060033954193751070/reviews?hl=en-US","Review_time":"3 years ago","Review":"","Likes":""},{"Name":"","Category":"","Rating":" 5 stars ","Number_of_Reviews":"","Address":"","Reviewer":"Lavetta","Reviewer_page":"https://www.google.com/maps/contrib/118034827860161183160/reviews?hl=en-US","Review_time":"10 months ago","Review":"","Likes":""},{"Name":"","Category":"","Rating":" 5 stars ","Number_of_Reviews":"","Address":"","Reviewer":"Vaughn Pennicott","Reviewer_page":"https://www.google.com/maps/contrib/100928944332728073391/reviews?hl=en-US","Review_time":"2 years ago","Review":"","Likes":""},{"Name":"","Category":"","Rating":" 5 stars ","Number_of_Reviews":"","Address":"","Reviewer":"berthy baroulette","Reviewer_page":"https://www.google.com/maps/contrib/117726300297176922502/reviews?hl=en-US","Review_time":"a year ago","Review":"","Likes":""},{"Name":"","Category":"","Rating":" 5 stars ","Number_of_Reviews":"","Address":"","Reviewer":"Lorenzo Toro","Reviewer_page":"https://www.google.com/maps/contrib/101903913164480241039/reviews?hl=en-US","Review_time":"3 years ago","Review":"","Likes":""},{"Name":"","Category":"","Rating":" 5 stars ","Number_of_Reviews":"","Address":"","Reviewer":"Hudi Kowalsky","Reviewer_page":"https://www.google.com/maps/contrib/111485542878753707585/reviews?hl=en-US","Review_time":"a year ago","Review":"","Likes":""},{"Name":"","Category":"","Rating":" 5 stars ","Number_of_Reviews":"","Address":"","Reviewer":"Fatima Gontol","Reviewer_page":"https://www.google.com/maps/contrib/101728811198187279381/reviews?hl=en-US","Review_time":"4 years ago","Review":"","Likes":""},{"Name":"","Category":"","Rating":" 3 stars ","Number_of_Reviews":"","Address":"","Reviewer":"lisa wooten","Reviewer_page":"https://www.google.com/maps/contrib/106616629279308092039/reviews?hl=en-US","Review_time":"3 years ago","Review":"","Likes":""},{"Name":"","Category":"","Rating":" 5 stars ","Number_of_Reviews":"","Address":"","Reviewer":"rafi rafi","Reviewer_page":"https://www.google.com/maps/contrib/117068361361832916693/reviews?hl=en-US","Review_time":"3 years ago","Review":"","Likes":""},{"Name":"","Category":"","Rating":" 5 stars ","Number_of_Reviews":"","Address":"","Reviewer":"Amani Mina","Reviewer_page":"https://www.google.com/maps/contrib/100658338370331252757/reviews?hl=en-US","Review_time":"3 years ago","Review":"","Likes":""},{"Name":"","Category":"","Rating":" 5 stars ","Number_of_Reviews":"","Address":"","Reviewer":"Joshua Reisner","Reviewer_page":"https://www.google.com/maps/contrib/104320868722195639811/reviews?hl=en-US","Review_time":"a year ago","Review":"","Likes":""},{"Name":"","Category":"","Rating":" 1 star ","Number_of_Reviews":"","Address":"","Reviewer":"Kassandra Marin","Reviewer_page":"https://www.google.com/maps/contrib/117074388492604038247/reviews?hl=en-US","Review_time":"a year ago","Review":"","Likes":""},{"Name":"","Category":"","Rating":" 5 stars ","Number_of_Reviews":"","Address":"","Reviewer":"Azar Asgarov","Reviewer_page":"https://www.google.com/maps/contrib/103760767296048488885/reviews?hl=en-US","Review_time":"a year ago","Review":"","Likes":""},{"Name":"","Category":"","Rating":" 5 stars ","Number_of_Reviews":"","Address":"","Reviewer":"Manan Goyal","Reviewer_page":"https://www.google.com/maps/contrib/110303615880476248707/reviews?hl=en-US","Review_time":"a year ago","Review":"","Likes":""},{"Name":"","Category":"","Rating":" 1 star ","Number_of_Reviews":"","Address":"","Reviewer":"J Carey","Reviewer_page":"https://www.google.com/maps/contrib/103670617487756273698/reviews?hl=en-US","Review_time":"2 years ago","Review":"","Likes":""},{"Name":"","Category":"","Rating":" 5 stars ","Number_of_Reviews":"","Address":"","Reviewer":"N Ali","Reviewer_page":"https://www.google.com/maps/contrib/117174056769475261270/reviews?hl=en-US","Review_time":"3 years ago","Review":"","Likes":""},{"Name":"","Category":"","Rating":" 3 stars ","Number_of_Reviews":"","Address":"","Reviewer":"Jason Wise","Reviewer_page":"https://www.google.com/maps/contrib/108374502274327342143/reviews?hl=en-US","Review_time":"2 years ago","Review":"","Likes":""}