[{"Name":"","Category":"","Rating":" 4 stars ","Number_of_Reviews":"","Address":"","Reviewer":"a charter","Reviewer_page":"https://www.google.com/maps/contrib/102247956611330752412/reviews?hl=en-US","Review_time":"2 months ago","Review":"My chai latte was yummy.  My breakfast sandwich was delicious.  I really wanted the egg white spinach feta wrap but it was sold out. I ordered the double smoked bacon, egg cheese on a croissant and it was great. Service a bit long. They were busy but friendly.  They need at least four more seats for customers.  Also, be more vigilant about homeless people sitting in the restaurant . Maybe they did call the police I don't know...","Likes":""},{"Name":"","Category":"","Rating":" 5 stars ","Number_of_Reviews":"","Address":"","Reviewer":"AJ Studios Inquires","Reviewer_page":"https://www.google.com/maps/contrib/103336224893179572051/reviews?hl=en-US","Review_time":"3 weeks ago","Review":"Love the music when I'm in there. I used to go to the 6 metrotech one and if I didn't order ahead I was screwed. However even at the busiest times I can stand in a sort of long line and still get my order. But I usually order ahead in the morning and at my lynch break since its far from my school. However when getting my usually order (mango dragonfruit, Strawberry Acai or Creme Frap) it's always on time.","Likes":""},{"Name":"","Category":"","Rating":" 4 stars ","Number_of_Reviews":"","Address":"","Reviewer":"Melissa Rivera","Reviewer_page":"https://www.google.com/maps/contrib/112167155519034295149/reviews?hl=en-US","Review_time":"3 years ago","Review":"Absolutely love doggie friendly and have puppychinos!!! Depending on staff they can fill your drinks differently. But there's a lot of garbage , possibly clean things out sooner.","Likes":""},{"Name":"","Category":"","Rating":" 5 stars ","Number_of_Reviews":"","Address":"","Reviewer":"Emmanuel Malasaga","Reviewer_page":"https://www.google.com/maps/contrib/105464849694848032524/reviews?hl=en-US","Review_time":"a year ago","Review":"Staff does an incredible job moving things along in this high traffic area. Pleasant employees who are conscientious.","Likes":""},{"Name":"","Category":"","Rating":" 1 star ","Number_of_Reviews":"","Address":"","Reviewer":"Aunie Creations, LLC","Reviewer_page":"https://www.google.com/maps/contrib/105455833083446178530/reviews?hl=en-US","Review_time":"2 years ago","Review":"This holiday panini was gross! They gave a very tiny increment of stuffing and way too much meat. One dried cranberry as you can see🤦🏻‍♀️. I love some Starbucks but this we can do without. Such a dry sandwich!\n\nOverall the staff are all friendly and they work very quickly and efficiently! That location is always crowded and the staff handles it very well.","Likes":"1"},{"Name":"","Category":"","Rating":" 2 stars ","Number_of_Reviews":"","Address":"","Reviewer":"Vincent Chen","Reviewer_page":"https://www.google.com/maps/contrib/105823338037542619544/reviews?hl=en-US","Review_time":"2 years ago","Review":"Hey guys, nearest bathroom to this store is at Duane Reade, just across the street. In Duane Reade, take the escalator up. But only if pharmacy is not busy, is the best time.\n\nBut, I felt VERY ANGRY when they put classic oatmeal after I told them I want hearty! Then when I correct my order, they instead put my name to \"Hardy\"!!\nI WISH THEY BEING TAUGHT FOR THEIR IGNORANCE!!! THAT IS RUINING MY DAY!!! I DON'T KNOW WHAT'S THE BEST WAY TO TURN THIS INTO EXCELLENT DAY!!!\nI am sorry the answer above but that is what happen if they ruin anyone nice morning!!\n\n03/11/2020 Also the photo with this review, they should organize the mobile order into alphabets by names either first or last. I went to Starbucks at 26-14 Jackson Av, that’s where I captured the photo.","Likes":"3"},{"Name":"","Category":"","Rating":" 3 stars ","Number_of_Reviews":"","Address":"","Reviewer":"Amr Abdelgawad","Reviewer_page":"https://www.google.com/maps/contrib/115971921914831496569/reviews?hl=en-US","Review_time":"6 months ago","Review":"Busy so they do not give attention to detail.\nI am fan of Starbucks and do not recommend this store","Likes":""},{"Name":"","Category":"","Rating":" 5 stars ","Number_of_Reviews":"","Address":"","Reviewer":"Alex Rodriguez","Reviewer_page":"https://www.google.com/maps/contrib/109728289266671531275/reviews?hl=en-US","Review_time":"a year ago","Review":"Trix Cookie + Coco puff cookies.\n\nPretty good.","Likes":"2"},{"Name":"","Category":"","Rating":" 3 stars ","Number_of_Reviews":"","Address":"","Reviewer":"Fabienne C","Reviewer_page":"https://www.google.com/maps/contrib/111563731082094375896/reviews?hl=en-US","Review_time":"a year ago","Review":"Staff was trying to be helpful suggesting I go to McDonalds or another starbucks to use the restrooms. This location has staff-only restrooms and no indoor seating. As other reviewers state, closest restrooms are neither of their suggestions since McDonald's has them closed to the public as well. Ended up walking all over until the kind people at Marriott let me use the facilities near the meeting rooms. Frustrating especially when you are coming from a great distance.","Likes":""},{"Name":"","Category":"","Rating":" 5 stars ","Number_of_Reviews":"","Address":"","Reviewer":"Ashley Carnevale","Reviewer_page":"https://www.google.com/maps/contrib/107318190783031907222/reviews?hl=en-US","Review_time":"5 months ago","Review":"Fast with the orders. In and out for a nice iced coffee!","Likes":""},{"Name":"","Category":"","Rating":" 2 stars ","Number_of_Reviews":"","Address":"","Reviewer":"Arianna","Reviewer_page":"https://www.google.com/maps/contrib/112318367863879964094/reviews?hl=en-US","Review_time":"a year ago","Review":"Omg... SOOOO SLOW! I mobile ordered 7 mins before, and still waited 16 additional minutes for my drinks. Insane! Everyone coming in to order was in and out. And it was almost empty!!! I was 15mins early for an appointment and ended up being late. Unreal!","Likes":"1"},{"Name":"","Category":"","Rating":" 5 stars ","Number_of_Reviews":"","Address":"","Reviewer":"J R","Reviewer_page":"https://www.google.com/maps/contrib/101439420860267742138/reviews?hl=en-US","Review_time":"11 months ago","Review":"They had my favorite seasonal drink available unlike many other Starbucks stored I've been to and provided great service.","Likes":""},{"Name":"","Category":"","Rating":" 5 stars ","Number_of_Reviews":"","Address":"","Reviewer":"Dmitrij Aleksandrov","Reviewer_page":"https://www.google.com/maps/contrib/101210137053430397404/reviews?hl=en-US","Review_time":"11 months ago","Review":"Great place. I stop by this location almost every morning for my latte on my way to work. Staff is really friendly. I recommend! Thank you!","Likes":""},{"Name":"","Category":"","Rating":" 4 stars ","Number_of_Reviews":"","Address":"","Reviewer":"BONOKI","Reviewer_page":"https://www.google.com/maps/contrib/102856968785415863587/reviews?hl=en-US","Review_time":"a year ago","Review":"this Starbuck locale has changed since the last time i visited before COVID-19 was something to worry about.\nthey have done a lot of remodeling. there's no public loo, less seats, but tons more merchandise for yourself & others. still located in a great location if ever you find yourself in Downtown Brooklyn either shopping or just out & about...","Likes":""},{"Name":"","Category":"","Rating":" 5 stars ","Number_of_Reviews":"","Address":"","Reviewer":"Jules","Reviewer_page":"https://www.google.com/maps/contrib/104972415584988631809/reviews?hl=en-US","Review_time":"a year ago","Review":"The people working thr counter are so friendly and very helpful. They also never mess up my order here and the drinks can be better than some other Starbucks.","Likes":""},{"Name":"","Category":"","Rating":" 5 stars ","Number_of_Reviews":"","Address":"","Reviewer":"Michael Anthony","Reviewer_page":"https://www.google.com/maps/contrib/100054877314515545681/reviews?hl=en-US","Review_time":"2 years ago","Review":"So Friday I Had The Pleasure Of Finally Getting Out Of My House To Go For A Walk. To My Surprise My Local Starbucks Was Open.\n\nI Normally Visit This Location Multiple Times Per Week. The Workers There Are Always Pleasant And Welcoming. They Make My Custom Drinks PERFECTLY.\n\nLong Story Short, There Is A “Worker” Who I Often See Doing Multiple Things And Until Friday I Didn’t Know She Was The Manager. After I Ordered My Drink On The App And Waited About 5 Minutes A Worker Handed Me My Drink. Before Leaving, She Asked Me How Was My Visit And If Managing The App Was Okay. I Told Her Yes It Was And She Told Me To Remain Sage And Enjoy My Drink.\n\nI Heard An Accent In Her Words And Told Me She Was From The Islands. She Said It With A Warm Smile. I Asked Her Out For Lunch And Her Reply Was, “You Are Always Welcome To Come Back For A Cup Of Coffee” So I Guess I Have A Date Over Coffee With “J”","Likes":"1"},{"Name":"","Category":"","Rating":" 4 stars ","Number_of_Reviews":"","Address":"","Reviewer":"Anthony C","Reviewer_page":"https://www.google.com/maps/contrib/109415363621183907891/reviews?hl=en-US","Review_time":"3 years ago","Review":"Very nice and convenient Starbucks in this area of Brooklyn.  The flow to get people in and out seems to work for them, nice inside, and I like that they have a separate door where people who order from the app can just come in, puck up their order and leave and not have to go around the other customers.  Gave them a 4 star rating though because they are sometimes very behind in among the orders, or they get the online orders wrong.  If they don't have an item they shouldn't substitute with notifying you via the app.","Likes":""},{"Name":"","Category":"","Rating":" 1 star ","Number_of_Reviews":"","Address":"","Reviewer":"Tyisha Turner","Reviewer_page":"https://www.google.com/maps/contrib/107889672308098723145/reviews?hl=en-US","Review_time":"3 years ago","Review":"Trash customer service.\nThis is the third time I've been here  and they hadn't even noticed my mobile order until I asked almost 10 minutes after I submitted the order.  (I know I should've stopped, but it's right next to the train station and I hoped for different staff since it was a different time).\nThe staff are chilling,  talking,  dancing and on their phones, including the manager. I watched two women have a conversation over my drink!   This was my last visit.","Likes":"2"},{"Name":"","Category":"","Rating":" 5 stars ","Number_of_Reviews":"","Address":"","Reviewer":"Natalie Chepurniy","Reviewer_page":"https://www.google.com/maps/contrib/108751032893516766596/reviews?hl=en-US","Review_time":"5 years ago","Review":"Love getting my daily coffee/tea here! The staff is so very friendly; they always put a smile on my face. Service is exceptionally efficient and personal. It's a true pleasure being a regular patron of theirs!","Likes":""},{"Name":"","Category":"","Rating":" 5 stars ","Number_of_Reviews":"","Address":"","Reviewer":"OiGaming","Reviewer_page":"https://www.google.com/maps/contrib/103141021169576093405/reviews?hl=en-US","Review_time":"3 months ago","Review":"Friendly and speedy service. We'll done.","Likes":""},{"Name":"","Category":"","Rating":" 5 stars ","Number_of_Reviews":"","Address":"","Reviewer":"Liam Donovan","Reviewer_page":"https://www.google.com/maps/contrib/117926493324633687203/reviews?hl=en-US","Review_time":"a month ago","Review":"Great staff at this location","Likes":""},{"Name":"","Category":"","Rating":" 2 stars ","Number_of_Reviews":"","Address":"","Reviewer":"Cassie James-Whidbee","Reviewer_page":"https://www.google.com/maps/contrib/103423579803838943390/reviews?hl=en-US","Review_time":"3 years ago","Review":"This location could need some extra training all around . The good thing is that, it  is always clean. I have been trying to avoid this Starbucks for years. I go in thinking, \" maybe there is new management \". Therefore, I am always optimistic because I love Starbucks.\n\nBut since 5 years ago, this location has not made my drink correct sadly. I asked for the drink to be made over maybe 2 or 3 times (on different occasions) and I received rudeness from the employees.\n\nIt is located conveniently next to the train station which is why I happen to be here . Unfortunately I will continue to avoid this location.\n\nThere is no bathroom in this location.\n\nThere are a few other Starbucks in the area. I recommend the location on Fulton or Jay st metro tech. Way better service in those 2 locations.\n\nGoodluck","Likes":"2"},{"Name":"","Category":"","Rating":" 4 stars ","Number_of_Reviews":"","Address":"","Reviewer":"Richard Kuchynskas","Reviewer_page":"https://www.google.com/maps/contrib/104268939245185830548/reviews?hl=en-US","Review_time":"4 weeks ago","Review":"Good service, good coffee","Likes":""},{"Name":"","Category":"","Rating":" 4 stars ","Number_of_Reviews":"","Address":"","Reviewer":"Sandy Rodriguez","Reviewer_page":"https://www.google.com/maps/contrib/112959225773350396116/reviews?hl=en-US","Review_time":"5 years ago","Review":"The location does not have enough machines for the volume of customers, as a result there is generally a LONG wait at peak times in the morning and afternoon.  However, staff is efficient (THANK GOODNESS!) and they take everything in stride.  Although there are two other Starbucks just a few blocks in either direction, I come to this one because of the friendly and efficient staff.  Wish they would put the \"to-go\" order box back within customer reach.  I understand they want staff to interact with customers more, but when staff is super busy it is just annoying to see your order sitting in the box just out of your reach and waiting for staff to get around to picking it up for you.  Good idea, just not the right place for it.  Most \"to go\" customers order \"to go\" not because they want to have a positive interaction with the staff but because they want to be able to walk in and walk out with their order in a quick and efficient manner.  Your new set up isn't working.","Likes":""},{"Name":"","Category":"","Rating":" 5 stars ","Number_of_Reviews":"","Address":"","Reviewer":"Sarah","Reviewer_page":"https://www.google.com/maps/contrib/110447992501306967445/reviews?hl=en-US","Review_time":"a year ago","Review":"This Starbucks has the nicest baristas of any Starbucks I have been to. I’m usually very stressed when I come to this location and it is refreshing to have everyone here be so kind. Thank you!","Likes":""},{"Name":"","Category":"","Rating":" 4 stars ","Number_of_Reviews":"","Address":"","Reviewer":"Pei Las","Reviewer_page":"https://www.google.com/maps/contrib/105117174712705117998/reviews?hl=en-US","Review_time":"3 years ago","Review":"Good location by Boro Hall. Lines can get busy. There is a cart across the street on either side.","Likes":""},{"Name":"","Category":"","Rating":" 5 stars ","Number_of_Reviews":"","Address":"","Reviewer":"Brian Morgan","Reviewer_page":"https://www.google.com/maps/contrib/116508376116764890355/reviews?hl=en-US","Review_time":"5 years ago","Review":"The best Starbucks I've ever been in, hands down. They're always fast and they do little things to speed up the time it takes to make your drink. Whether there is a line of 30 people or only five people they are going to get you your order fast and correct.","Likes":""},{"Name":"","Category":"","Rating":" 2 stars ","Number_of_Reviews":"","Address":"","Reviewer":"Samantha Sigelakis-Minski","Reviewer_page":"https://www.google.com/maps/contrib/110731330638068472869/reviews?hl=en-US","Review_time":"3 years ago","Review":"I go to this Starbucks a lot due to its proximity to my school, but it is rarely an enjoyable experience. The service is slow and extremely inconsistent, with some custom drinks being made quicker than a cup of tea or coffee in spite of them being ordered at the same time. The servers are inconsistent as well, with some being very helpful and others being annoyed when you ask a question about you order or ask for the milk to be refilled. I have seen them make orders for friends and other workers from surrounding stores before those of people that ordered and paid on multiple occasions. Furthermore, the nitro cold brew is basically always out to a point where it may as well not be on the menu.\n\nIf you are near this Starbucks, I highly recommend thinking of other alternatives, or ordering ahead since those orders are generally made more timely.","Likes":""},{"Name":"","Category":"","Rating":" 1 star ","Number_of_Reviews":"","Address":"","Reviewer":"Su Lee","Reviewer_page":"https://www.google.com/maps/contrib/103290270691901680244/reviews?hl=en-US","Review_time":"6 years ago","Review":"The worst Starbucks, hands down. The service is awful. They're rude and nasty when you order and don't bother asking for anything unless you want eye rolling and teeth sucking. Honestly, if you don't like your job or don't want to do it, please find another profession. I'm sure there's plenty of people who would be more than happy to work. I used to go to this location quite often in the past but I think they changed management and there's been a lot of turnover and the usual baristas are no longer there. They got rid of the restroom access to the public so if you're drinking coffee and need to go, well you're out of luck. The amount your company charges for a cup of coffee, you'd think the caliber of service would coincide with price. I'll take my business elsewhere, like the new bakeries that opened up in the area.","Likes":"1"},{"Name":"","Category":"","Rating":" 5 stars ","Number_of_Reviews":"","Address":"","Reviewer":"Dee Reid","Reviewer_page":"https://www.google.com/maps/contrib/116822283382402292248/reviews?hl=en-US","Review_time":"a year ago","Review":"Went in for a Chai tea and was met by the pleasantries of Nancy and Ro. Nancy and I sorted out my order while Ro diligently gave some ofda work area a thorough cleaning. With these two ladies on the SB team, the brand is sure to keep up a good image. If I don't enjoy my tea, which I'm sure won't be the case, I certainly was thrilled with their service. Thx ladies and Nancy got dat PP! You already😉🙂🤗✅","Likes":""},{"Name":"","Category":"","Rating":" 2 stars ","Number_of_Reviews":"","Address":"","Reviewer":"Anthony Diomede","Reviewer_page":"https://www.google.com/maps/contrib/102620485143803367015/reviews?hl=en-US","Review_time":"4 years ago","Review":"Terrible , overcrowded lines don't move. No working bathroom. The area where you pour your milk is dirty and the milk containers are usually empty. Garbage all around sitting areas  and trash disposal. The only redeeming quality is the staff is attentive.😰😰💰to much for a simple caffe. But I must say was there last week and there were some marked improvements","Likes":""},{"Name":"","Category":"","Rating":" 1 star ","Number_of_Reviews":"","Address":"","Reviewer":"Patrick Duong","Reviewer_page":"https://www.google.com/maps/contrib/101133945148486027358/reviews?hl=en-US","Review_time":"4 years ago","Review":"Customers service need to step up! Its not sufficient how they handle orders and etc.. Back then, they would take your order, then get you the coffee right away. Now, they take your orders (even if you just order a vente pike), they make you wait, meanwhile they take on the next customer. It just NOT SUFFICIENT. Please do like other Startbucks do, bring them the regular right away if they just order a regular coffee.","Likes":""},{"Name":"","Category":"","Rating":" 2 stars ","Number_of_Reviews":"","Address":"","Reviewer":"Anna Diaz","Reviewer_page":"https://www.google.com/maps/contrib/107745885126338284049/reviews?hl=en-US","Review_time":"4 years ago","Review":"Horrible night crew at the time that I went. Out of the 6 people working, only 1 person was ringing up customers and she very, veryyyy slow. The line piled up behind me and no one cared to help her. Then when the cashier took my sandwich out of the oven (bc no one else was helping with that either), one of the employees yelled out that it \"stank\" right as she handed it to me. I only ordered that, a cake pop, and an ice water but i was easily waiting 10 minutes at the register. Never again...","Likes":""},{"Name":"","Category":"","Rating":" 1 star ","Number_of_Reviews":"","Address":"","Reviewer":"John Devine","Reviewer_page":"https://www.google.com/maps/contrib/114986750100638554987/reviews?hl=en-US","Review_time":"6 years ago","Review":"Waited 10 minute in line because of disorganization. Ordered coffee, paid, didn't get coffee. They ignored me and waited on others.\nNo cream at the mixing table. A customer brought cream. No sugar. Asked them 5 times for sugar, \"she's getting it\"\nTook 20 minutes, never got sugar, walked out.\nThe place is a pig sty. Totally disorganized. More servers than customers. Avoid it like the plague. Go to Montague St.","Likes":"1"},{"Name":"","Category":"","Rating":" 1 star ","Number_of_Reviews":"","Address":"","Reviewer":"Billy Harrison","Reviewer_page":"https://www.google.com/maps/contrib/113059275196431071918/reviews?hl=en-US","Review_time":"5 months ago","Review":"Out of cold brew at 8:30 am on a Monday morning. Why?","Likes":""},{"Name":"","Category":"","Rating":" 5 stars ","Number_of_Reviews":"","Address":"","Reviewer":"Nasser Al-Hanna","Reviewer_page":"https://www.google.com/maps/contrib/116360035664322223351/reviews?hl=en-US","Review_time":"4 years ago","Review":"Great music, very chicken, awesome lively staff, numerous comfortable working tables for laptops or various work and each chair comes with your choice of a plug in outlet or two USB connectors. The best part about it staff didn't complain when I brought in another food item from another store. Everyone is dressed well, professional attire and a great place for young adults to hang and grab a quick bite to eat. Definitely one of the best and hooest Starbucks I've ever been too","Likes":""},{"Name":"","Category":"","Rating":" 1 star ","Number_of_Reviews":"","Address":"","Reviewer":"nemah nassir","Reviewer_page":"https://www.google.com/maps/contrib/108658309536811749169/reviews?hl=en-US","Review_time":"7 months ago","Review":"They are so rude here! Literally causing drama for no reason. One advice I can give is “If you are having a bad day STAY HOME!!”","Likes":"5"},{"Name":"","Category":"","Rating":" 5 stars ","Number_of_Reviews":"","Address":"","Reviewer":"Jennifer","Reviewer_page":"https://www.google.com/maps/contrib/110812920124523394174/reviews?hl=en-US","Review_time":"2 years ago","Review":"While I love Starbucks not every location knows how to make my drinks. I guess I'm a bit bias given the best barista is my husband who no longer works at Starbucks but definitely still knows how to whip up a great drink at home 🤗","Likes":""},{"Name":"","Category":"","Rating":" 5 stars ","Number_of_Reviews":"","Address":"","Reviewer":"C C","Reviewer_page":"https://www.google.com/maps/contrib/114181703358858423136/reviews?hl=en-US","Review_time":"5 months ago","Review":"Friendly service, tasty food.","Likes":""},{"Name":"","Category":"","Rating":" 1 star ","Number_of_Reviews":"","Address":"","Reviewer":"Ettie Eyal","Reviewer_page":"https://www.google.com/maps/contrib/114249464920931067788/reviews?hl=en-US","Review_time":"3 years ago","Review":"Place was empty when I walked in. I was the first in line when few others had walked in. I was patiently waiting for my order when I realized other people’s orders being filled and I’m still waiting. Only when I walked back to my barista and asked what was going on that I was finally served and not before the girl made me a baby sized drink rolled her eyes and corrected to medium I ordered only after she verified I wasn’t “lying” about it and serving few more people before finally completing my order. My barista explained the system was down which I was buying because it didn’t seem to interrupt other orders. I’m not saying it was directed at me personally and I understand working on Christmas Day is no one’s wish but if you’re there and obviously getting paid do your job. Mistakes could happen but if you’re not talking behind the counter as if it’s a social gathering and customers are just a nuisance then this won’t happen too often. Oh! Don’t lie to us either unless you think anyone who’s comes to Starbucks is somehow an idiot! I’m sorry you’re a repressive of Starbucks. You, yes you, the miserable who got stuck working on Christmas Day 2018 on the corner of Court street and Joralemon. I’m not a Starbucks frequent but when I do I usually enjoy the experience. I don’t write reviews usually but thought this should be noted to whom ever interested.","Likes":"1"},{"Name":"","Category":"","Rating":" 4 stars ","Number_of_Reviews":"","Address":"","Reviewer":"Adam Khan","Reviewer_page":"https://www.google.com/maps/contrib/106705737542208252583/reviews?hl=en-US","Review_time":"3 years ago","Review":"When they get the coffee order right its great. But all too often you have to wait in the morning because their machine doesnt get the online orders. Sometimes they give something extra when they screw up which is also nice.","Likes":""},{"Name":"","Category":"","Rating":" 1 star ","Number_of_Reviews":"","Address":"","Reviewer":"Kisha Glasgow","Reviewer_page":"https://www.google.com/maps/contrib/114348844281724900433/reviews?hl=en-US","Review_time":"3 years ago","Review":"There is no reason at 6:30am on a Saturday that I should have to wait 10 mins for my drink....this is a constant thing at this location. I’m sure during the weekdays they are more efficient, but on the weekends they lack urgency.","Likes":"1"},{"Name":"","Category":"","Rating":" 4 stars ","Number_of_Reviews":"","Address":"","Reviewer":"Lawrence Wright","Reviewer_page":"https://www.google.com/maps/contrib/103165478784267703060/reviews?hl=en-US","Review_time":"a month ago","Review":"It's a Starbucks staff is friendly  open for sitting down and chilling while drinking your beverage","Likes":""},{"Name":"","Category":"","Rating":" 4 stars ","Number_of_Reviews":"","Address":"","Reviewer":"Dalila HYSC","Reviewer_page":"https://www.google.com/maps/contrib/108312339680771164571/reviews?hl=en-US","Review_time":"3 years ago","Review":"I wish they smiled more..lol Can get busy but eventually you steal a seat or two. got your usual snaks and coffee teas and basic purchasing items. However its loud and you get some shadey characters hanging in the front of the store inside and out but much less then before.","Likes":"1"},{"Name":"","Category":"","Rating":" 5 stars ","Number_of_Reviews":"","Address":"","Reviewer":"Anne Medina","Reviewer_page":"https://www.google.com/maps/contrib/115107094147846596907/reviews?hl=en-US","Review_time":"2 years ago","Review":"very clean, social distancing is observed and sanitizers all over the store, very attentive, fast and respectful staff. I always come here for breakfast sandwich and an iced coffee everyday.","Likes":""},{"Name":"","Category":"","Rating":" 4 stars ","Number_of_Reviews":"","Address":"","Reviewer":"Henry Hall","Reviewer_page":"https://www.google.com/maps/contrib/118014726904217510611/reviews?hl=en-US","Review_time":"2 years ago","Review":"Staff was helpful, despite being overwhelmed due to pandemic. And my favorite drink, Café Vanilla Frappuccino was done EXACTLY how I like it! Come check them out!","Likes":""},{"Name":"","Category":"","Rating":" 2 stars ","Number_of_Reviews":"","Address":"","Reviewer":"K Davis","Reviewer_page":"https://www.google.com/maps/contrib/107161470021189577369/reviews?hl=en-US","Review_time":"3 years ago","Review":"Not the typical Starbucks experience. Had to wait forever to get a sandwich and drink. The staff was friendly enough but everything just seemed disorganized. Oh and my sandwich was cold in the center when I bit into it. Will not be going back to this location.","Likes":""},{"Name":"","Category":"","Rating":" 4 stars ","Number_of_Reviews":"","Address":"","Reviewer":"C D","Reviewer_page":"https://www.google.com/maps/contrib/113235526528741653847/reviews?hl=en-US","Review_time":"4 years ago","Review":"Shout out to the barista who changed my watery green tea lemonade into a fresh drinkable one and provided me my cookie after 10 minutes even though I did a mobile order.  The only reason why this location is getting a 4 is due to her impeccable customer service. If it wasn't for her, it would be getting a 1. Sadly, I didn't get her name.","Likes":""},{"Name":"","Category":"","Rating":" 3 stars ","Number_of_Reviews":"","Address":"","Reviewer":"Angeeluz Cortorreal","Reviewer_page":"https://www.google.com/maps/contrib/112476573423633426830/reviews?hl=en-US","Review_time":"5 years ago","Review":"This spot is always CROWDED and it takes a long time to get your coffee. It is best to download their app and just order the coffee ahead of time, though, you can still be left waiting for it if they have a lot of orders coming in. They also lack a restroom and the lines for ordering can go out of the door on most mornings. Moral of story? If you desperately need some  PSL or ICL then, go during non-peak hours.","Likes":""},{"Name":"","Category":"","Rating":" 1 star ","Number_of_Reviews":"","Address":"","Reviewer":"sheryl d","Reviewer_page":"https://www.google.com/maps/contrib/117501004583912911236/reviews?hl=en-US","Review_time":"6 years ago","Review":"This must be the worst Starbucks in the all Starbucks stored I've been to. Im a gold member for 6 years now . Their service is awful; it takes them forever to make a drink, the staff are very unaccommodating, not courteous at all, zero on the customer service. The store is dirty and disorganized, which is not a surprise since all the staff are like that.","Likes":"1"},{"Name":"","Category":"","Rating":" 1 star ","Number_of_Reviews":"","Address":"","Reviewer":"Kelly A","Reviewer_page":"https://www.google.com/maps/contrib/103951955814673492354/reviews?hl=en-US","Review_time":"5 years ago","Review":"This is the third time I mobile order so I won't be late to work and by the time I get here no one knows about my order! Then I have to stand there and wait for it because they didn't complete the order before? What's the purpose of conveniently placing an order ahead of time then.","Likes":"2"},{"Name":"","Category":"","Rating":" 5 stars ","Number_of_Reviews":"","Address":"","Reviewer":"Eveline Lugo-Foster","Reviewer_page":"https://www.google.com/maps/contrib/118183716445467200676/reviews?hl=en-US","Review_time":"3 years ago","Review":"I like the Barristas, always clean, and of course the best coffee.... But the store is very small and there is not enough seating available. This is basically a take out place.","Likes":""},{"Name":"","Category":"","Rating":" 4 stars ","Number_of_Reviews":"","Address":"","Reviewer":"Kaley Rector","Reviewer_page":"https://www.google.com/maps/contrib/110902560023949341190/reviews?hl=en-US","Review_time":"5 years ago","Review":"A Starbucks is a Starbucks, no matter where you go, BUT if I was rating on the service alone I'd give this location five stars.\n\nThe guy taking my order at the cash register was so friendly and upbeat (at 7:30am... props to him) and it was so unexpected but it truly made the experience greater.\n\nI'm rating it lower because my drink wasn't made up to par, or at least as it normally is at other locations. I get the iced peach green tea lemonade pretty regularly and it was lacking on the lemonade front (if I had to guess) and just wasn't as flavorful as normal. Also kind of crazy that the peach green tea is almost $5 for a grande... but it is what it is.","Likes":""},{"Name":"","Category":"","Rating":" 5 stars ","Number_of_Reviews":"","Address":"","Reviewer":"Jasmine G","Reviewer_page":"https://www.google.com/maps/contrib/114526980032807628559/reviews?hl=en-US","Review_time":"2 years ago","Review":"I got the drink the bartista recommended and to my surprise it was coffee which is not my thing really I rarely drink coffee but it was light and not  overpowering like the dunkin donuts coffee I didn't feel tired or sluggish after it was crowded but it was very clean and it was very cozy of course my daughter enjoy herself and didn't want to leave they need to build a bathroom tho","Likes":""},{"Name":"","Category":"","Rating":" 4 stars ","Number_of_Reviews":"","Address":"","Reviewer":"Anne P.","Reviewer_page":"https://www.google.com/maps/contrib/108928017389145864635/reviews?hl=en-US","Review_time":"3 years ago","Review":"Since they've updated the store, the wait time has decreased drastically. Staff is pleasant. I just wish they'd put straws at the napkins/condiments station!!!","Likes":""},{"Name":"","Category":"","Rating":" 3 stars ","Number_of_Reviews":"","Address":"","Reviewer":"M A","Reviewer_page":"https://www.google.com/maps/contrib/104244078945765650737/reviews?hl=en-US","Review_time":"3 years ago","Review":"This location makes my drinks well and tasty most, if not all, of the time compared to others in the area.  The wait time is decent, but then again, I usually pre-order","Likes":""},{"Name":"","Category":"","Rating":" 3 stars ","Number_of_Reviews":"","Address":"","Reviewer":"Ferdinanda Nichols","Reviewer_page":"https://www.google.com/maps/contrib/111321177302977215495/reviews?hl=en-US","Review_time":"3 years ago","Review":"I absolutely love this particular Starbucks, located in the corner of fabulous and pleasant!  AKA Jorelomen and Court Street, Brooklyn, NYC.\nThe staff is amazing.  They really are.  I strike a pose with a good greeting of good morning with sincerity and a smile - and we go from there!\nMark is one of the managers.  He is approachable and cute as a NYC heartthrob!  A situation presented itself with my gift card and he was more than willing to help.  Unfortunately, for me,  I still cannot locate my card to resolve the matter but I patronize this particular location because of the customer service!\nA young lady by the name of Cale (sp) is AMAZING and gives the best smiles and warm conversations. The usual front line folks are mostly warm and engaging too and the Baristas are the ABSOLUTE best this side North of the Mason Dixie line!\nMy name is Taylor and this is my review of Starbucks!","Likes":""},{"Name":"","Category":"","Rating":" 1 star ","Number_of_Reviews":"","Address":"","Reviewer":"Nancy Muntz","Reviewer_page":"https://www.google.com/maps/contrib/101065792012597355254/reviews?hl=en-US","Review_time":"5 years ago","Review":"I live right near this Starbucks so you think I would be there often. It is honestly the worst Starbucks I have ever been in. The servers are rude, and they make the drinks poorly. Today was the last straw; I ordered a chai latte and when the girl handed it to me it was COLD, then proceeded to give me attitude that she had to remake it. I finally got a hot drink and it  barely tasted of chai; it was 90% milk. I didn't pay $5 for a cold, flavorless beverage. This is not the first time it has happened and I definitely won't go back.","Likes":"2"},{"Name":"","Category":"","Rating":" 1 star ","Number_of_Reviews":"","Address":"","Reviewer":"Adam Felder","Reviewer_page":"https://www.google.com/maps/contrib/103365638790596608728/reviews?hl=en-US","Review_time":"10 years ago","Review":"The young female manager on duty at this location is clearly too young and inexperienced to be a manager.  She is also poorly trained and rude.  Whoever hired and trained her also could have been done much better with all the talent available in todays market.  After being asked to open the restroom by myself and another customer she vaguely replied that everyone was busy at the moment.  We waited for more than 5 minutes and I inquired again, at which point she replied that she was busy and announced that the restroom was only available to paying cutomers, even though we were on line.  When I pressed her to give me a more definite answer as to when she was going to open the restroom she refused to either give an answer or to open it.  Since in the past a cup that they gave me collapsed and coffee spilled all over my coat, my experience with them has not been that great.  I work around the corner but will avoid visiting this particular Starbucks location in the future.","Likes":"1"},{"Name":"","Category":"","Rating":" 4 stars ","Number_of_Reviews":"","Address":"","Reviewer":"Lori Brooks","Reviewer_page":"https://www.google.com/maps/contrib/115345558586946251428/reviews?hl=en-US","Review_time":"4 years ago","Review":"Morning crew is great! Always polite,  take the time to explain drinks,  one barista remembers my name... they are super busy but always professional!","Likes":""},{"Name":"","Category":"","Rating":" 4 stars ","Number_of_Reviews":"","Address":"","Reviewer":"Prov Hogan, LMT","Reviewer_page":"https://www.google.com/maps/contrib/115947323680078860301/reviews?hl=en-US","Review_time":"2 years ago","Review":"My app orders don't always go through (I don't have that trouble at any other Starbucks). The staff is friendly and the coffee is good enough.","Likes":""},{"Name":"","Category":"","Rating":" 1 star ","Number_of_Reviews":"","Address":"","Reviewer":"EJ Binet","Reviewer_page":"https://www.google.com/maps/contrib/106420181301288531750/reviews?hl=en-US","Review_time":"3 years ago","Review":"Caramel frappuccino was awful.  A new person prepared it without any help or assistance from the crew. They left her there all by herself and poor girl did the best she could.","Likes":"1"},{"Name":"","Category":"","Rating":" 4 stars ","Number_of_Reviews":"","Address":"","Reviewer":"Laurie Kennedy","Reviewer_page":"https://www.google.com/maps/contrib/115404544346157077348/reviews?hl=en-US","Review_time":"3 years ago","Review":"Always Busy.  I got my coffee in 2 minutes.   Waited for a bagel for about 10 minutes.  Too much Chatter w/co workers. Atmosphere Crowded.","Likes":""},{"Name":"","Category":"","Rating":" 1 star ","Number_of_Reviews":"","Address":"","Reviewer":"CSCS","Reviewer_page":"https://www.google.com/maps/contrib/116986322785683181078/reviews?hl=en-US","Review_time":"5 years ago","Review":"this happened already twice to me: I was waiting for a regular coffee with 2 shots for more then 15 minutes while they serving people who came in after me, finally i decided to ask for a refund so they tell me that the lady at the cashier was supposed to give the cup for the barista and she did not, what they don't get is that i don't care why it happened, this is already the second time i have this, and of course no apology","Likes":"1"},{"Name":"","Category":"","Rating":" 1 star ","Number_of_Reviews":"","Address":"","Reviewer":"Kasumy Pena","Reviewer_page":"https://www.google.com/maps/contrib/103979905359575436999/reviews?hl=en-US","Review_time":"3 years ago","Review":"Horrible customer services!!! The ladies on the register are always nice and professional but when you are waiting for the coffee the  Bartista always with attitude and unhappy to services you! My second bad experience! Third one I will make a big deal!","Likes":"1"},{"Name":"","Category":"","Rating":" 1 star ","Number_of_Reviews":"","Address":"","Reviewer":"Monique Achu","Reviewer_page":"https://www.google.com/maps/contrib/100613836566601354171/reviews?hl=en-US","Review_time":"3 years ago","Review":"Waited almost 3O mins for my coffee even after inquiring about my order. The manager had taken my order at the register and said nothing when I was asking about it.  I ended up having to leave because I had an appointment and to come back later to get the coffee.  Slow,  non-attentive service.","Likes":""},{"Name":"","Category":"","Rating":" 5 stars ","Number_of_Reviews":"","Address":"","Reviewer":"RaeAnne Jones","Reviewer_page":"https://www.google.com/maps/contrib/117650366670007770706/reviews?hl=en-US","Review_time":"8 months ago","Review":"The staff here is very friendly and they are quick and efficient 🙂","Likes":""},{"Name":"","Category":"","Rating":" 1 star ","Number_of_Reviews":"","Address":"","Reviewer":"Pauljames Bekanich","Reviewer_page":"https://www.google.com/maps/contrib/117419979232222217219/reviews?hl=en-US","Review_time":"2 years ago","Review":"I try. I keep trying. The wait is always long, regardless of how many people are there. The order is never correct. Wrong size, drink, egg bite.  I've ordered, waited and taken whatever they give me. Go down court street across Atlantic if you want what you ordered.","Likes":"1"},{"Name":"","Category":"","Rating":" 1 star ","Number_of_Reviews":"","Address":"","Reviewer":"Tia Joy","Reviewer_page":"https://www.google.com/maps/contrib/116905238487663991444/reviews?hl=en-US","Review_time":"3 years ago","Review":"By far the worst service I have ever experienced !!\nSlow is an understatement !!!!\nWe were volunteering to feed the vets next door and have been waiting over 40 minutes to bring the vets  some coffee and the whole time the coffee was done in 20mins but it took her 25 to put together the sugars and creams !!!\nUnacceptable in my eyes  !!!!","Likes":""},{"Name":"","Category":"","Rating":" 4 stars ","Number_of_Reviews":"","Address":"","Reviewer":"Zerlina Lin","Reviewer_page":"https://www.google.com/maps/contrib/109343075274477885720/reviews?hl=en-US","Review_time":"4 years ago","Review":"Very clean and efficient\nDefinitely alot of people during rush hours so I would recommend using mobile order.\nHowever even using mobile order, allow a generous wait time.","Likes":""},{"Name":"","Category":"","Rating":" 2 stars ","Number_of_Reviews":"","Address":"","Reviewer":"Maria Pasquariello","Reviewer_page":"https://www.google.com/maps/contrib/115813858817281309336/reviews?hl=en-US","Review_time":"6 years ago","Review":"Very disappointed in this Starbucks I go here all the time before going to school and I asked for my usual iced caramel macchiato with skim and EXTRA CARAMEL DRIZZLE. I got no drizzle so I asked the barista to put some in she didn't and gave me the drink. I then returned and asked her again for drizzle and she told me I DONT LIKE COFFEE AND SHOULD NOT ORDER THIS DRINK. I never got my drizzle and I didn't drink my coffee. Very disappoint and disrespected. Waste of my 5 dollars.","Likes":""},{"Name":"","Category":"","Rating":" 5 stars ","Number_of_Reviews":"","Address":"","Reviewer":"Jose Ayende","Reviewer_page":"https://www.google.com/maps/contrib/116883444167135796572/reviews?hl=en-US","Review_time":"9 months ago","Review":"Oh yea i was definitely seeing stars after drinking that coffee","Likes":""},{"Name":"","Category":"","Rating":" 5 stars ","Number_of_Reviews":"","Address":"","Reviewer":"Priscilla Salib","Reviewer_page":"https://www.google.com/maps/contrib/116023288638973103315/reviews?hl=en-US","Review_time":"a year ago","Review":"Love the way you guys made Venti Iced Chai Latte with 3 shots of Blonde Espresso & Oat Milk ☕☕☕","Likes":"1"},{"Name":"","Category":"","Rating":" 3 stars ","Number_of_Reviews":"","Address":"","Reviewer":"MD HOSSAIN","Reviewer_page":"https://www.google.com/maps/contrib/112349601656184750572/reviews?hl=en-US","Review_time":"5 years ago","Review":"Stuffs are so busy that they are not able to help properly. Most of the time I don't find any sugar and enough milk or cream dispenser tables.","Likes":""},{"Name":"","Category":"","Rating":" 5 stars ","Number_of_Reviews":"","Address":"","Reviewer":"Sam Fawkes","Reviewer_page":"https://www.google.com/maps/contrib/105043078139631787591/reviews?hl=en-US","Review_time":"a year ago","Review":"Love this Starbucks! My go-to. The baristas are all friendly and knowledgeable.","Likes":""},{"Name":"","Category":"","Rating":" 3 stars ","Number_of_Reviews":"","Address":"","Reviewer":"Jacob K","Reviewer_page":"https://www.google.com/maps/contrib/113067570342375405912/reviews?hl=en-US","Review_time":"4 years ago","Review":"It's a great place to have a break but it is loud, there are no outlets and it is extremely hard to find your own table or even a seat to sit on.","Likes":""},{"Name":"","Category":"","Rating":" 4 stars ","Number_of_Reviews":"","Address":"","Reviewer":"Judy Lichtman","Reviewer_page":"https://www.google.com/maps/contrib/109252754486063979101/reviews?hl=en-US","Review_time":"3 years ago","Review":"Very nice since they fixed it over. I wish they had more comfortable chairs. Service is good. Nice people goin in also","Likes":""},{"Name":"","Category":"","Rating":" 2 stars ","Number_of_Reviews":"","Address":"","Reviewer":"Raymond From Brooklyn","Reviewer_page":"https://www.google.com/maps/contrib/112349636698826126878/reviews?hl=en-US","Review_time":"a year ago","Review":"Sorry but overpriced coffee and actually not that good .some enjoy it I don't","Likes":"1"},{"Name":"","Category":"","Rating":" 1 star ","Number_of_Reviews":"","Address":"","Reviewer":"Van","Reviewer_page":"https://www.google.com/maps/contrib/111604751232819370725/reviews?hl=en-US","Review_time":"2 years ago","Review":"Not the worst I've seen in NYC, but when staff show contempt and are dismissive of their customers coupled with the consistently slow service,\nthis location only lends itself for lazy Sundays within walking distance of my real destination.","Likes":"1"},{"Name":"","Category":"","Rating":" 5 stars ","Number_of_Reviews":"","Address":"","Reviewer":"turf war gaming","Reviewer_page":"https://www.google.com/maps/contrib/116305632726409619967/reviews?hl=en-US","Review_time":"2 months ago","Review":"Excellent customer service","Likes":""},{"Name":"","Category":"","Rating":" 5 stars ","Number_of_Reviews":"","Address":"","Reviewer":"Yohanny Patricia","Reviewer_page":"https://www.google.com/maps/contrib/101121155933148958310/reviews?hl=en-US","Review_time":"3 years ago","Review":"Alisha is the best barista .. she all ways have an smile on her face no matter how busy or stressed out she is her customer service is the best...","Likes":""},{"Name":"","Category":"","Rating":" 1 star ","Number_of_Reviews":"","Address":"","Reviewer":"Megan Masur","Reviewer_page":"https://www.google.com/maps/contrib/103391247946538951044/reviews?hl=en-US","Review_time":"2 years ago","Review":"The worst. Blasting music way too loud. Always a line. Inefficient staff. Avoid this Starbucks or any at all costs","Likes":"3"},{"Name":"","Category":"","Rating":" 1 star ","Number_of_Reviews":"","Address":"","Reviewer":"Zaeeda Walters","Reviewer_page":"https://www.google.com/maps/contrib/116008040044025863200/reviews?hl=en-US","Review_time":"2 years ago","Review":"The service was Terrible I was ignored in my face while the woman made my drink wrong at that I will never return to this establishment don’t go I said repeatedly excuse me Miss and the woman just ignored me. Until one of her coworkers stepped in and said yes ma’am I’ll take you I’m sorry","Likes":"2"},{"Name":"","Category":"","Rating":" 5 stars ","Number_of_Reviews":"","Address":"","Reviewer":"Omar Evans","Reviewer_page":"https://www.google.com/maps/contrib/114591691410561818976/reviews?hl=en-US","Review_time":"5 months ago","Review":"My go to for quality coffee...","Likes":""},{"Name":"","Category":"","Rating":" 3 stars ","Number_of_Reviews":"","Address":"","Reviewer":"Tanya Evs","Reviewer_page":"https://www.google.com/maps/contrib/107966307320878754446/reviews?hl=en-US","Review_time":"2 weeks ago","Review":"Not the same as it used to be.","Likes":""},{"Name":"","Category":"","Rating":" 5 stars ","Number_of_Reviews":"","Address":"","Reviewer":"Phillip Andre","Reviewer_page":"https://www.google.com/maps/contrib/103811772800346399403/reviews?hl=en-US","Review_time":"2 years ago","Review":"😁I HAD TO STOP BUY AND GET ME ONE OF MY BEST COFFEE, CALLED LUXE LIFE, COMES WITH CARAMEL, ALMOST BETTER THAN A MILK SHAKE👍🏽I HIGHLY RECOMMEN THIS LUXE LIFE COFFEE SHAKE ON A BEAUTIFUL NOT SO COLD OUTSIDE DAY😆🤘🏾, I'M COMING BACK FOR MORE😃👍🏽 I'M PHILLIP ANDRE AND I APPROVE THIS MESSAGE  BTW BEST CUS SERVICE 😁👍🏽🏆🏆🏆","Likes":""},{"Name":"","Category":"","Rating":" 5 stars ","Number_of_Reviews":"","Address":"","Reviewer":"Miranda Baboolal","Reviewer_page":"https://www.google.com/maps/contrib/106755748571838603569/reviews?hl=en-US","Review_time":"a year ago","Review":"Service can be kind of slow sometimes, but my orders have always been done well!","Likes":""},{"Name":"","Category":"","Rating":" 3 stars ","Number_of_Reviews":"","Address":"","Reviewer":"Francisco Ramos","Reviewer_page":"https://www.google.com/maps/contrib/105957432341637421787/reviews?hl=en-US","Review_time":"a month ago","Review":"No seats available","Likes":""},{"Name":"","Category":"","Rating":" 1 star ","Number_of_Reviews":"","Address":"","Reviewer":"Ted Casey","Reviewer_page":"https://www.google.com/maps/contrib/100345871048165543001/reviews?hl=en-US","Review_time":"2 years ago","Review":"This Starbucks is terrible. Waited 30 minutes and didn’t get a cup of coffee and couldn’t get a refund in store because the lines were too long. Go to Gregory’s instead.","Likes":"2"},{"Name":"","Category":"","Rating":" 1 star ","Number_of_Reviews":"","Address":"","Reviewer":"Jerome Espinosa Baladad","Reviewer_page":"https://www.google.com/maps/contrib/107816117701572347849/reviews?hl=en-US","Review_time":"4 years ago","Review":"Worst Starbucks I have been to, ever! The lady cashier can't even spell my name right. Wow, they serve diuretics but they don't have a bathroom here. Worst! Just don't come here, ever.","Likes":""},{"Name":"","Category":"","Rating":" 3 stars ","Number_of_Reviews":"","Address":"","Reviewer":"Kirk","Reviewer_page":"https://www.google.com/maps/contrib/117006616883462456897/reviews?hl=en-US","Review_time":"6 years ago","Review":"Staff feels a little lazy with their customer service. Sure it's still the same Starbucks drink quality, but this location isn't anything special.","Likes":""},{"Name":"","Category":"","Rating":" 4 stars ","Number_of_Reviews":"","Address":"","Reviewer":"Joanna O","Reviewer_page":"https://www.google.com/maps/contrib/103311134406589784579/reviews?hl=en-US","Review_time":"4 years ago","Review":"This is a decent Starbucks, but sometimes the lines can go slowly and they get overwhelmed. Still, it has everything you'd expect from a Starbucks and decent service.","Likes":""},{"Name":"","Category":"","Rating":" 4 stars ","Number_of_Reviews":"","Address":"","Reviewer":"Erick Washington CEM EMT-B SAR Tech II","Reviewer_page":"https://www.google.com/maps/contrib/109418093907693018014/reviews?hl=en-US","Review_time":"4 years ago","Review":"I generally stop in to Starbucks in the morning when I'm out jogging to get me some hot black coffee to heat up my core to make me sweat more other than that I'm a Dunkin Donuts hazelnut coffee drinker","Likes":""},{"Name":"","Category":"","Rating":" 5 stars ","Number_of_Reviews":"","Address":"","Reviewer":"Lasha Pickett","Reviewer_page":"https://www.google.com/maps/contrib/108504955830750216519/reviews?hl=en-US","Review_time":"2 years ago","Review":"Love starbucks and all that it stands for\nThe hard work and dedication that goes into making your drink and making your day is unbelievable\nThank you guys so much","Likes":""},{"Name":"","Category":"","Rating":" 5 stars ","Number_of_Reviews":"","Address":"","Reviewer":"Lakeisha Henderson","Reviewer_page":"https://www.google.com/maps/contrib/105876313062506176099/reviews?hl=en-US","Review_time":"a year ago","Review":"Customer service #1 clean quick service organized staff and products","Likes":""},{"Name":"","Category":"","Rating":" 3 stars ","Number_of_Reviews":"","Address":"","Reviewer":"M1K","Reviewer_page":"https://www.google.com/maps/contrib/106945784281021971747/reviews?hl=en-US","Review_time":"5 years ago","Review":"Service was adequate and the place was not crowded. Other times, when I usually go it's more people and drinks are woefully subpar.","Likes":""},{"Name":"","Category":"","Rating":" 3 stars ","Number_of_Reviews":"","Address":"","Reviewer":"Abigail Soper","Reviewer_page":"https://www.google.com/maps/contrib/103740130436888248321/reviews?hl=en-US","Review_time":"2 years ago","Review":"Don’t come here if you’re in a rush. They take their sweet time early in the morning when ppl are trying to get to work.","Likes":"1"},{"Name":"","Category":"","Rating":" 1 star ","Number_of_Reviews":"","Address":"","Reviewer":"Jyot Singh Arora","Reviewer_page":"https://www.google.com/maps/contrib/112920705982430161541/reviews?hl=en-US","Review_time":"4 years ago","Review":"Rude grumpy staff. Almost make me feel guilty for having them make me a coffee. And the worst Cascara I have ever had. Really a let down to the Starbucks name","Likes":""},{"Name":"","Category":"","Rating":" 3 stars ","Number_of_Reviews":"","Address":"","Reviewer":"TEI","Reviewer_page":"https://www.google.com/maps/contrib/100053114156293911127/reviews?hl=en-US","Review_time":"5 years ago","Review":"Clean, central location but not enough machinery for staff and therefore the line is always long as is the wait. Staff themselves are great!","Likes":"1"},{"Name":"","Category":"","Rating":" 2 stars ","Number_of_Reviews":"","Address":"","Reviewer":"StarrAnná F.","Reviewer_page":"https://www.google.com/maps/contrib/110322400912594934420/reviews?hl=en-US","Review_time":"6 years ago","Review":"They always get my order wrong somehow. It's always busy and packed but it's hard not to keep coming back when you work right there.","Likes":""},{"Name":"","Category":"","Rating":" 4 stars ","Number_of_Reviews":"","Address":"","Reviewer":"Valkyrie Eve","Reviewer_page":"https://www.google.com/maps/contrib/103847049221575263198/reviews?hl=en-US","Review_time":"6 years ago","Review":"This Starbucks is always clean the service is good. It can get bust due to the area but it's overall a pretty good location.","Likes":""},{"Name":"","Category":"","Rating":" 5 stars ","Number_of_Reviews":"","Address":"","Reviewer":"Mary Williams","Reviewer_page":"https://www.google.com/maps/contrib/109857227861940848960/reviews?hl=en-US","Review_time":"a year ago","Review":"The service is excellent and the hot chocolate is marvelous 💗","Likes":""},{"Name":"","Category":"","Rating":" 5 stars ","Number_of_Reviews":"","Address":"","Reviewer":"jennifer cox","Reviewer_page":"https://www.google.com/maps/contrib/111503512439439089514/reviews?hl=en-US","Review_time":"a year ago","Review":"Tried the oatmilk drink iced.  Just heavenly, and it will be my main drink.","Likes":""},{"Name":"","Category":"","Rating":" 5 stars ","Number_of_Reviews":"","Address":"","Reviewer":"Daniela DeJesus Gutierrez","Reviewer_page":"https://www.google.com/maps/contrib/116536124125392171637/reviews?hl=en-US","Review_time":"3 years ago","Review":"I love mobile ordering. My wait time never goes over 10 minutes.","Likes":""},{"Name":"","Category":"","Rating":" 4 stars ","Number_of_Reviews":"","Address":"","Reviewer":"Onid Natasha","Reviewer_page":"https://www.google.com/maps/contrib/106836478568341221652/reviews?hl=en-US","Review_time":"5 years ago","Review":"It's a comfortable place with great staff members but it gets too crowded most of the time","Likes":""},{"Name":"","Category":"","Rating":" 5 stars ","Number_of_Reviews":"","Address":"","Reviewer":"Sarah Bae","Reviewer_page":"https://www.google.com/maps/contrib/101562385030585564362/reviews?hl=en-US","Review_time":"2 weeks ago","Review":"Nice staff","Likes":""},{"Name":"","Category":"","Rating":" 4 stars ","Number_of_Reviews":"","Address":"","Reviewer":"Kevin Murray","Reviewer_page":"https://www.google.com/maps/contrib/107552081986905543321/reviews?hl=en-US","Review_time":"5 years ago","Review":"Cozy location, but the line moves. Best spot for a quick in-and-out cup before heading to work or court downtown BK.","Likes":""},{"Name":"","Category":"","Rating":" 4 stars ","Number_of_Reviews":"","Address":"","Reviewer":"Billy G (Billy_G)","Reviewer_page":"https://www.google.com/maps/contrib/103213924580822839674/reviews?hl=en-US","Review_time":"2 years ago","Review":"This starbucks was friendly and fast paced. Better than one of the others close by.","Likes":""},{"Name":"","Category":"","Rating":" 5 stars ","Number_of_Reviews":"","Address":"","Reviewer":"Carlos Callejas","Reviewer_page":"https://www.google.com/maps/contrib/110981653000623591860/reviews?hl=en-US","Review_time":"5 years ago","Review":"Good service and clean, but I really don't like Starbucks.","Likes":""},{"Name":"","Category":"","Rating":" 3 stars ","Number_of_Reviews":"","Address":"","Reviewer":"Barbara Gedeon","Reviewer_page":"https://www.google.com/maps/contrib/102338097166877862324/reviews?hl=en-US","Review_time":"6 years ago","Review":"Good place to read and chill but no charging stations or outlets. They really don't want you to stay","Likes":""},{"Name":"","Category":"","Rating":" 4 stars ","Number_of_Reviews":"","Address":"","Reviewer":"Ancyl S","Reviewer_page":"https://www.google.com/maps/contrib/105329986047739963077/reviews?hl=en-US","Review_time":"5 years ago","Review":"Great location, do need to add more seating but the staff is always been so friendly.","Likes":""},{"Name":"","Category":"","Rating":" 3 stars ","Number_of_Reviews":"","Address":"","Reviewer":"nery villatoro","Reviewer_page":"https://www.google.com/maps/contrib/101794079962185992975/reviews?hl=en-US","Review_time":"2 years ago","Review":"Uuuuum  I buyéd á caffe for 6 something ánd they are gave me to me half  a CUP","Likes":""},{"Name":"","Category":"","Rating":" 5 stars ","Number_of_Reviews":"","Address":"","Reviewer":"Laura","Reviewer_page":"https://www.google.com/maps/contrib/104386673632616449935/reviews?hl=en-US","Review_time":"9 months ago","Review":"Friendly staff and quick service.","Likes":""},{"Name":"","Category":"","Rating":" 5 stars ","Number_of_Reviews":"","Address":"","Reviewer":"Joseph Losada","Reviewer_page":"https://www.google.com/maps/contrib/111592349121069344323/reviews?hl=en-US","Review_time":"5 years ago","Review":"If all Starbucks had the people that this Starbuck has we'd be rating on five stars every day.","Likes":""},{"Name":"","Category":"","Rating":" 2 stars ","Number_of_Reviews":"","Address":"","Reviewer":"Supreme Clientele","Reviewer_page":"https://www.google.com/maps/contrib/113466392912976363810/reviews?hl=en-US","Review_time":"3 years ago","Review":"Very small feel super cramped in there!! And to make it worse staff is rude and unprofessional.","Likes":""},{"Name":"","Category":"","Rating":" 4 stars ","Number_of_Reviews":"","Address":"","Reviewer":"Bi Algalal","Reviewer_page":"https://www.google.com/maps/contrib/104560445353634589666/reviews?hl=en-US","Review_time":"3 years ago","Review":"everyone know Starbucks coffee The most important thing that they should choose best workers.","Likes":""},{"Name":"","Category":"","Rating":" 5 stars ","Number_of_Reviews":"","Address":"","Reviewer":"Ya Gurl “4C” Explores","Reviewer_page":"https://www.google.com/maps/contrib/118020633998575298275/reviews?hl=en-US","Review_time":"a year ago","Review":"Great drinks and always so polite and professional","Likes":""},{"Name":"","Category":"","Rating":" 2 stars ","Number_of_Reviews":"","Address":"","Reviewer":"Ted Willis","Reviewer_page":"https://www.google.com/maps/contrib/103513279875307110099/reviews?hl=en-US","Review_time":"4 years ago","Review":"Not the greatest Starbucks to sit and get work done. They have space but it is set up for long lines-few tables","Likes":""},{"Name":"","Category":"","Rating":" 3 stars ","Number_of_Reviews":"","Address":"","Reviewer":"Sandra M Jackson Blue","Reviewer_page":"https://www.google.com/maps/contrib/117410941047024496146/reviews?hl=en-US","Review_time":"2 months ago","Review":"This is always crowded.","Likes":"1"},{"Name":"","Category":"","Rating":" 5 stars ","Number_of_Reviews":"","Address":"","Reviewer":"Rolando Barredo","Reviewer_page":"https://www.google.com/maps/contrib/104971329890734531847/reviews?hl=en-US","Review_time":"3 years ago","Review":"Quick service on site, even when it was around 9pm they served without rushing you.","Likes":""},{"Name":"","Category":"","Rating":" 5 stars ","Number_of_Reviews":"","Address":"","Reviewer":"Kemol Dawkins","Reviewer_page":"https://www.google.com/maps/contrib/102503727037777575169/reviews?hl=en-US","Review_time":"3 years ago","Review":"I love the staff behavior they where very polite am nice","Likes":""},{"Name":"","Category":"","Rating":" 1 star ","Number_of_Reviews":"","Address":"","Reviewer":"Fifi Rodriguez","Reviewer_page":"https://www.google.com/maps/contrib/117465486101019061965/reviews?hl=en-US","Review_time":"a year ago","Review":"Terrible service. Store looks dirty.","Likes":"1"},{"Name":"","Category":"","Rating":" 4 stars ","Number_of_Reviews":"","Address":"","Reviewer":"G Grant","Reviewer_page":"https://www.google.com/maps/contrib/108526077092279089788/reviews?hl=en-US","Review_time":"3 years ago","Review":"Great environment to have coffee and meet  new people's","Likes":""},{"Name":"","Category":"","Rating":" 1 star ","Number_of_Reviews":"","Address":"","Reviewer":"aga nyc","Reviewer_page":"https://www.google.com/maps/contrib/112861053368888565152/reviews?hl=en-US","Review_time":"2 years ago","Review":"BE  CAREFUL !!!!!! They gave me false $10 back. Now help. Poor quality of stuff. :( I feel disappointed :(","Likes":"1"},{"Name":"","Category":"","Rating":" 5 stars ","Number_of_Reviews":"","Address":"","Reviewer":"Olivia Carson","Reviewer_page":"https://www.google.com/maps/contrib/116671064583816742855/reviews?hl=en-US","Review_time":"a year ago","Review":"They are quick with service and rarely make any mistakes","Likes":""},{"Name":"","Category":"","Rating":" 5 stars ","Number_of_Reviews":"","Address":"","Reviewer":"Valentina Simmons","Reviewer_page":"https://www.google.com/maps/contrib/102051638756161957693/reviews?hl=en-US","Review_time":"a year ago","Review":"Good Starbucks in downtown Brooklyn. Clean and friendly service.","Likes":"1"},{"Name":"","Category":"","Rating":" 5 stars ","Number_of_Reviews":"","Address":"","Reviewer":"Imanii “Emoney” Slade","Reviewer_page":"https://www.google.com/maps/contrib/100196047552316899850/reviews?hl=en-US","Review_time":"4 years ago","Review":"Love this place I am here so often the crew knows my drink and my name lol 💋","Likes":""},{"Name":"","Category":"","Rating":" 5 stars ","Number_of_Reviews":"","Address":"","Reviewer":"Patricia Moffo","Reviewer_page":"https://www.google.com/maps/contrib/115992817415063931587/reviews?hl=en-US","Review_time":"5 years ago","Review":"Besides not having bathrooms, The workers work at a fast paste, very friendly and can spell most names right Lol","Likes":""},{"Name":"","Category":"","Rating":" 1 star ","Number_of_Reviews":"","Address":"","Reviewer":"Luisa Keene","Reviewer_page":"https://www.google.com/maps/contrib/100143456159402724313/reviews?hl=en-US","Review_time":"4 years ago","Review":"It take them 35 minutes for my coffee it was like 2 guess there I tell the lady I still wearing for the coffee","Likes":""},{"Name":"","Category":"","Rating":" 5 stars ","Number_of_Reviews":"","Address":"","Reviewer":"STEPHANIE VARNER MNERE","Reviewer_page":"https://www.google.com/maps/contrib/118396964211931281692/reviews?hl=en-US","Review_time":"4 years ago","Review":"A good place but this Starbucks needs more seating","Likes":""},{"Name":"","Category":"","Rating":" 1 star ","Number_of_Reviews":"","Address":"","Reviewer":"Greg","Reviewer_page":"https://www.google.com/maps/contrib/108156147079988470963/reviews?hl=en-US","Review_time":"6 years ago","Review":"How do you try to sell coffee without having a restroom? No way am I giving this place business. Close this place down.","Likes":"1"},{"Name":"","Category":"","Rating":" 5 stars ","Number_of_Reviews":"","Address":"","Reviewer":"ASMR TINGLES","Reviewer_page":"https://www.google.com/maps/contrib/114075770081411389593/reviews?hl=en-US","Review_time":"a year ago","Review":"They have the strawberry quencher lemonade!","Likes":""},{"Name":"","Category":"","Rating":" 1 star ","Number_of_Reviews":"","Address":"","Reviewer":"Casey Diaz","Reviewer_page":"https://www.google.com/maps/contrib/112448623563466880750/reviews?hl=en-US","Review_time":"5 years ago","Review":"Lines are too long. Took me over 25 minutes to get coffee.\n\nDisorganized and Very disappointing.","Likes":""},{"Name":"","Category":"","Rating":" 1 star ","Number_of_Reviews":"","Address":"","Reviewer":"DOE Edu","Reviewer_page":"https://www.google.com/maps/contrib/111217191115639350838/reviews?hl=en-US","Review_time":"2 years ago","Review":"ahhh forget it, so derty...sweets not covered properly behind a window has insects","Likes":"1"},{"Name":"","Category":"","Rating":" 5 stars ","Number_of_Reviews":"","Address":"","Reviewer":"Nicole Rose","Reviewer_page":"https://www.google.com/maps/contrib/111533110201892543515/reviews?hl=en-US","Review_time":"2 months ago","Review":"The best location!!","Likes":""},{"Name":"","Category":"","Rating":" 5 stars ","Number_of_Reviews":"","Address":"","Reviewer":"TripWithRich","Reviewer_page":"https://www.google.com/maps/contrib/107149990864870654675/reviews?hl=en-US","Review_time":"2 years ago","Review":"You know what, it tastes the same world over, and I ain't ever bad!","Likes":""},{"Name":"","Category":"","Rating":" 5 stars ","Number_of_Reviews":"","Address":"","Reviewer":"GLORIA LEONARD","Reviewer_page":"https://www.google.com/maps/contrib/108144148856244715469/reviews?hl=en-US","Review_time":"4 years ago","Review":"As long as they have matcha latte, lemonade, Frappuccino and those salad bowls I'm in","Likes":""},{"Name":"","Category":"","Rating":" 4 stars ","Number_of_Reviews":"","Address":"","Reviewer":"Star Bliss (Star)","Reviewer_page":"https://www.google.com/maps/contrib/105585414083373104829/reviews?hl=en-US","Review_time":"4 years ago","Review":"Busy place, nice friendly people though. Wait may be a bit.","Likes":"1"},{"Name":"","Category":"","Rating":" 3 stars ","Number_of_Reviews":"","Address":"","Reviewer":"Brit","Reviewer_page":"https://www.google.com/maps/contrib/108646433218939155596/reviews?hl=en-US","Review_time":"6 years ago","Review":"Crowded and difficult to find a place to sit or stand.  Don't plan to sit here and catch up with a friend.","Likes":""},{"Name":"","Category":"","Rating":" 2 stars ","Number_of_Reviews":"","Address":"","Reviewer":"Beverly Massey","Reviewer_page":"https://www.google.com/maps/contrib/108748051766320984385/reviews?hl=en-US","Review_time":"4 years ago","Review":"Not enough workers\nAt this locaton had to wait 20 mins for my mobile order","Likes":""},{"Name":"","Category":"","Rating":" 3 stars ","Number_of_Reviews":"","Address":"","Reviewer":"Barbara Gedeon","Reviewer_page":"https://www.google.com/maps/contrib/117347309614728659620/reviews?hl=en-US","Review_time":"6 years ago","Review":"There's limited seating, no place to charge your device as you enjoy your drink.","Likes":""},{"Name":"","Category":"","Rating":" 3 stars ","Number_of_Reviews":"","Address":"","Reviewer":"Mari Mayn","Reviewer_page":"https://www.google.com/maps/contrib/117025555131212974881/reviews?hl=en-US","Review_time":"5 years ago","Review":"My only problem so far is the limited seating. Staff seems decent.","Likes":""},{"Name":"","Category":"","Rating":" 4 stars ","Number_of_Reviews":"","Address":"","Reviewer":"GodKid111 Webb","Reviewer_page":"https://www.google.com/maps/contrib/108719033223370692727/reviews?hl=en-US","Review_time":"4 years ago","Review":"Very nice place and staff, very convenient area too.","Likes":""},{"Name":"","Category":"","Rating":" 3 stars ","Number_of_Reviews":"","Address":"","Reviewer":"Imani Milima","Reviewer_page":"https://www.google.com/maps/contrib/106905405436459908237/reviews?hl=en-US","Review_time":"4 years ago","Review":"Boring. The new sitting space is so small. It feels as if they don't want you around.","Likes":""},{"Name":"","Category":"","Rating":" 5 stars ","Number_of_Reviews":"","Address":"","Reviewer":"Akiva Plutno","Reviewer_page":"https://www.google.com/maps/contrib/117744018513625559655/reviews?hl=en-US","Review_time":"5 years ago","Review":"Good fast service. But it can get busy weekday mornings .","Likes":""},{"Name":"","Category":"","Rating":" 1 star ","Number_of_Reviews":"","Address":"","Reviewer":"Pedro Alex Medina","Reviewer_page":"https://www.google.com/maps/contrib/113543717283483480035/reviews?hl=en-US","Review_time":"4 years ago","Review":"How does a coffee shop which also serves food...not have access to a public restroom?\nIs this known to Corporate?","Likes":""},{"Name":"","Category":"","Rating":" 5 stars ","Number_of_Reviews":"","Address":"","Reviewer":"Christina Ramos","Reviewer_page":"https://www.google.com/maps/contrib/111478601537869651253/reviews?hl=en-US","Review_time":"a year ago","Review":"Staff always quick and friendly!","Likes":""},{"Name":"","Category":"","Rating":" 4 stars ","Number_of_Reviews":"","Address":"","Reviewer":"Marie Hagens","Reviewer_page":"https://www.google.com/maps/contrib/107530258445121405690/reviews?hl=en-US","Review_time":"4 years ago","Review":"Really good customer service as well.Fresh goods clean location","Likes":""},{"Name":"","Category":"","Rating":" 4 stars ","Number_of_Reviews":"","Address":"","Reviewer":"LeScott Joe","Reviewer_page":"https://www.google.com/maps/contrib/114888553384950313688/reviews?hl=en-US","Review_time":"6 years ago","Review":"Great customer service. Just lack of seating arrangements.","Likes":""},{"Name":"","Category":"","Rating":" 1 star ","Number_of_Reviews":"","Address":"","Reviewer":"Jayy Cov","Reviewer_page":"https://www.google.com/maps/contrib/117624843574176626127/reviews?hl=en-US","Review_time":"3 years ago","Review":"Terrible customer service,  tall slim girl, very very nasty.","Likes":"1"},{"Name":"","Category":"","Rating":" 5 stars ","Number_of_Reviews":"","Address":"","Reviewer":"CRAWFFORD JAMESON","Reviewer_page":"https://www.google.com/maps/contrib/110742969300703799211/reviews?hl=en-US","Review_time":"2 months ago","Review":"Good Beverages","Likes":""},{"Name":"","Category":"","Rating":" 5 stars ","Number_of_Reviews":"","Address":"","Reviewer":"Bill Rank","Reviewer_page":"https://www.google.com/maps/contrib/117338886680751233902/reviews?hl=en-US","Review_time":"7 years ago","Review":"One of the most efficient Starbucks locations I've been to.","Likes":""},{"Name":"","Category":"","Rating":" 3 stars ","Number_of_Reviews":"","Address":"","Reviewer":"OldTrafford King","Reviewer_page":"https://www.google.com/maps/contrib/102056499981619515720/reviews?hl=en-US","Review_time":"5 years ago","Review":"Pretty cool and chill but one thing that is lacking is outlets to charge smartphones.","Likes":""},{"Name":"","Category":"","Rating":" 1 star ","Number_of_Reviews":"","Address":"","Reviewer":"Steven Alvarez","Reviewer_page":"https://www.google.com/maps/contrib/112891904497001954599/reviews?hl=en-US","Review_time":"4 years ago","Review":"I hate Starbucks! Expensive & coffee sucks!! I'll pick D&D anytime.","Likes":""},{"Name":"","Category":"","Rating":" 3 stars ","Number_of_Reviews":"","Address":"","Reviewer":"Kay D.","Reviewer_page":"https://www.google.com/maps/contrib/106323320151525416618/reviews?hl=en-US","Review_time":"3 years ago","Review":"Score strictly based on how slow service is at this location.","Likes":""},{"Name":"","Category":"","Rating":" 3 stars ","Number_of_Reviews":"","Address":"","Reviewer":"Salty Sailor","Reviewer_page":"https://www.google.com/maps/contrib/103707277222957560863/reviews?hl=en-US","Review_time":"6 years ago","Review":"Service here is mediocre at best. Unfortunately due to its location, I order here on occasion because it is right by the train station.","Likes":""},{"Name":"","Category":"","Rating":" 5 stars ","Number_of_Reviews":"","Address":"","Reviewer":"Peter Shleykher","Reviewer_page":"https://www.google.com/maps/contrib/115640997429788278277/reviews?hl=en-US","Review_time":"7 years ago","Review":"Awesome location simply because this Starbucks plays Morcheeba as a background music!!!","Likes":""},{"Name":"","Category":"","Rating":" 3 stars ","Number_of_Reviews":"","Address":"","Reviewer":"shabu mitchell","Reviewer_page":"https://www.google.com/maps/contrib/100026273225418717146/reviews?hl=en-US","Review_time":"5 years ago","Review":"No outlets why try to create the second home atmosphere but not provide power outlets","Likes":"1"},{"Name":"","Category":"","Rating":" 1 star ","Number_of_Reviews":"","Address":"","Reviewer":"Caberta Caesar","Reviewer_page":"https://www.google.com/maps/contrib/108992004273450301248/reviews?hl=en-US","Review_time":"3 years ago","Review":"It was line was too long so i walked out i really needed my coffee today I'm having a long day.","Likes":"1"},{"Name":"","Category":"","Rating":" 2 stars ","Number_of_Reviews":"","Address":"","Reviewer":"Nia Rice","Reviewer_page":"https://www.google.com/maps/contrib/102796811007956388715/reviews?hl=en-US","Review_time":"4 years ago","Review":"Place was FREEZING cold. Even in the basement. Couldn't concentrate and get any work done.","Likes":""},{"Name":"","Category":"","Rating":" 5 stars ","Number_of_Reviews":"","Address":"","Reviewer":"Beverley Nancoo","Reviewer_page":"https://www.google.com/maps/contrib/101500430579125599507/reviews?hl=en-US","Review_time":"3 years ago","Review":"Love their Caramel Frappuccino, delicious!","Likes":""},{"Name":"","Category":"","Rating":" 4 stars ","Number_of_Reviews":"","Address":"","Reviewer":"Ashley","Reviewer_page":"https://www.google.com/maps/contrib/101351802684207415454/reviews?hl=en-US","Review_time":"5 years ago","Review":"Typical starbucks. The staff are fast with giving out orders.","Likes":""},{"Name":"","Category":"","Rating":" 4 stars ","Number_of_Reviews":"","Address":"","Reviewer":"Mitch Pomerance","Reviewer_page":"https://www.google.com/maps/contrib/116872409498132549366/reviews?hl=en-US","Review_time":"4 years ago","Review":"Nice atmosphere tho one of the servers voices is a screech!!!","Likes":""},{"Name":"","Category":"","Rating":" 3 stars ","Number_of_Reviews":"","Address":"","Reviewer":"Dominique Q Baked","Reviewer_page":"https://www.google.com/maps/contrib/115500909664560944045/reviews?hl=en-US","Review_time":"3 years ago","Review":"No public restrooms.  Pretty small place.","Likes":"1"},{"Name":"","Category":"","Rating":" 5 stars ","Number_of_Reviews":"","Address":"","Reviewer":"Jacob Wright","Reviewer_page":"https://www.google.com/maps/contrib/106856501210323858989/reviews?hl=en-US","Review_time":"2 years ago","Review":"Starbucks is my iiishhh pumpkin spiceee hellllooo","Likes":""},{"Name":"","Category":"","Rating":" 4 stars ","Number_of_Reviews":"","Address":"","Reviewer":"Alec M","Reviewer_page":"https://www.google.com/maps/contrib/108605362157823781869/reviews?hl=en-US","Review_time":"5 years ago","Review":"What do you expect. It is exactly like every other starbucks.","Likes":""},{"Name":"","Category":"","Rating":" 4 stars ","Number_of_Reviews":"","Address":"","Reviewer":"Frantz Pierre","Reviewer_page":"https://www.google.com/maps/contrib/101478493242200392467/reviews?hl=en-US","Review_time":"5 years ago","Review":"Great staff, short waiting,clean bathroom 👍","Likes":"1"},{"Name":"","Category":"","Rating":" 5 stars ","Number_of_Reviews":"","Address":"","Reviewer":"Racheal J","Reviewer_page":"https://www.google.com/maps/contrib/104733886320044250105/reviews?hl=en-US","Review_time":"a year ago","Review":"Nice people and fast service.","Likes":""},{"Name":"","Category":"","Rating":" 4 stars ","Number_of_Reviews":"","Address":"","Reviewer":"Alleson cheine","Reviewer_page":"https://www.google.com/maps/contrib/108575494542398862409/reviews?hl=en-US","Review_time":"5 years ago","Review":"You can just never go wrong with starbucks.","Likes":""},{"Name":"","Category":"","Rating":" 5 stars ","Number_of_Reviews":"","Address":"","Reviewer":"Susan Clem","Reviewer_page":"https://www.google.com/maps/contrib/112710304210049618573/reviews?hl=en-US","Review_time":"a year ago","Review":"Great breakfast sandwich and coffee","Likes":""},{"Name":"","Category":"","Rating":" 5 stars ","Number_of_Reviews":"","Address":"","Reviewer":"Shari Brown","Reviewer_page":"https://www.google.com/maps/contrib/108744787246377210466/reviews?hl=en-US","Review_time":"4 years ago","Review":"Friendly staff, clean establishment, Efficient service","Likes":""},{"Name":"","Category":"","Rating":" 5 stars ","Number_of_Reviews":"","Address":"","Reviewer":"Livingston Holloway","Reviewer_page":"https://www.google.com/maps/contrib/110147532443053214421/reviews?hl=en-US","Review_time":"3 years ago","Review":"Great environment.  Good customer service.","Likes":""},{"Name":"","Category":"","Rating":" 1 star ","Number_of_Reviews":"","Address":"","Reviewer":"G Aquino","Reviewer_page":"https://www.google.com/maps/contrib/113815392849087130851/reviews?hl=en-US","Review_time":"4 years ago","Review":"Standard fare and service. Restroom is for employees only. Unbelievable.","Likes":""},{"Name":"","Category":"","Rating":" 5 stars ","Number_of_Reviews":"","Address":"","Reviewer":"Muthuraja MuthiahPillai","Reviewer_page":"https://www.google.com/maps/contrib/102069941064277020111/reviews?hl=en-US","Review_time":"5 years ago","Review":"Nice coffee shop and taking advance order","Likes":""},{"Name":"","Category":"","Rating":" 4 stars ","Number_of_Reviews":"","Address":"","Reviewer":"Zhi-Wei Lin","Reviewer_page":"https://www.google.com/maps/contrib/109872089360184645516/reviews?hl=en-US","Review_time":"5 years ago","Review":"Nice place. Service is a little slow","Likes":""},{"Name":"","Category":"","Rating":" 4 stars ","Number_of_Reviews":"","Address":"","Reviewer":"Dana Lopez-Spiller","Reviewer_page":"https://www.google.com/maps/contrib/103024706845828093234/reviews?hl=en-US","Review_time":"6 years ago","Review":"Standard Starbucks. They ran out of bagels by ~8:15 on a Sunday.","Likes":""},{"Name":"","Category":"","Rating":" 5 stars ","Number_of_Reviews":"","Address":"","Reviewer":"William Brown","Reviewer_page":"https://www.google.com/maps/contrib/104774460090097475862/reviews?hl=en-US","Review_time":"2 years ago","Review":"Crowded but they have quick service","Likes":""},{"Name":"","Category":"","Rating":" 5 stars ","Number_of_Reviews":"","Address":"","Reviewer":"Saadia Rumman","Reviewer_page":"https://www.google.com/maps/contrib/116562143830198176142/reviews?hl=en-US","Review_time":"3 years ago","Review":"Great Customer Service! Quick and fast service","Likes":""},{"Name":"","Category":"","Rating":" 5 stars ","Number_of_Reviews":"","Address":"","Reviewer":"Sonia Estrada","Reviewer_page":"https://www.google.com/maps/contrib/111949488201724921524/reviews?hl=en-US","Review_time":"4 years ago","Review":"They made my drink perfect!","Likes":""},{"Name":"","Category":"","Rating":" 1 star ","Number_of_Reviews":"","Address":"","Reviewer":"Eduardo Romero","Reviewer_page":"https://www.google.com/maps/contrib/106756578094066219664/reviews?hl=en-US","Review_time":"6 years ago","Review":"By far the worst Starbucks in all of nyc. No bathrooms and poor service.","Likes":"1"}