[{"Name":"","Category":"","Rating":" 3 stars ","Number_of_Reviews":"","Address":"","Reviewer":"Ido Simyoni","Reviewer_page":"https://www.google.com/maps/contrib/109178936832129224577/reviews?hl=en-US","Review_time":"a year ago","Review":"I really wanted a banana or any fruit and the didn’t have anything (Saturday 9am). There’s not restroom which was weird. Besides that, This location design is beautiful and very stylish and nicely done.","Likes":""},{"Name":"","Category":"","Rating":" 5 stars ","Number_of_Reviews":"","Address":"","Reviewer":"Andrew McKenna","Reviewer_page":"https://www.google.com/maps/contrib/116070102077079989573/reviews?hl=en-US","Review_time":"5 months ago","Review":"It's a Starbucks, so I won't comment on their coffee - you either like it or you don't. This location has a nice layout, and the staff has always been friendly. I usually order ahead with the app, and the one time we had a problem with our order, they took care of it without questioning. The volume is customers is pretty high too, but they always seem on top of their game.","Likes":"1"},{"Name":"","Category":"","Rating":" 1 star ","Number_of_Reviews":"","Address":"","Reviewer":"bryant perez","Reviewer_page":"https://www.google.com/maps/contrib/106841984744504070258/reviews?hl=en-US","Review_time":"6 months ago","Review":"Never going here for coffee again. Took forever to make my coffee in the morning just for them to get my order wrong and when I tried to speak to the supervisor but they just gave me an attitude and didn’t want to give me the time of day. I spoke to one the employees and during our conversation they mentioned having a bunch of expired stuff in the back. Who knows if they’ve been serving customers with these. Absolutely disgusting. Don’t buy from this Starbucks until the management is replaced.","Likes":""},{"Name":"","Category":"","Rating":" 5 stars ","Number_of_Reviews":"","Address":"","Reviewer":"Shaquana Belcher","Reviewer_page":"https://www.google.com/maps/contrib/103935910606618448826/reviews?hl=en-US","Review_time":"4 months ago","Review":"My experience here was phenomenal, Maya one of the employees there she is very respectful and makes my drink exactly the way I want she polite and makes you feel super comfortable ordering and dining , kee up the great work Maya ❤️","Likes":"1"},{"Name":"","Category":"","Rating":" 4 stars ","Number_of_Reviews":"","Address":"","Reviewer":"Alonso Perez","Reviewer_page":"https://www.google.com/maps/contrib/107453303612388145736/reviews?hl=en-US","Review_time":"2 months ago","Review":"Took a little longer than usual to get a vanilla bean frappe, people that were after us were getting their orders quickly. Other than that staff was friendly!","Likes":"1"},{"Name":"","Category":"","Rating":" 4 stars ","Number_of_Reviews":"","Address":"","Reviewer":"Chandramouli Mettapalli","Reviewer_page":"https://www.google.com/maps/contrib/115295163897828985955/reviews?hl=en-US","Review_time":"a year ago","Review":"Hope Starbucks will stop the usage of plastic coffee drip stoppers. At the same time the innovative strawless cups for cold drinks is highly commendable. Please reduce and head towards plastic alternatives.","Likes":"2"},{"Name":"","Category":"","Rating":" 5 stars ","Number_of_Reviews":"","Address":"","Reviewer":"Selena Almojera","Reviewer_page":"https://www.google.com/maps/contrib/106713213653622958051/reviews?hl=en-US","Review_time":"8 months ago","Review":"Gets my order right everytime. Friendly staff.","Likes":""},{"Name":"","Category":"","Rating":" 1 star ","Number_of_Reviews":"","Address":"","Reviewer":"Mrkiller1222 “Mrkiller1222psn” PSN","Reviewer_page":"https://www.google.com/maps/contrib/109792318676832256348/reviews?hl=en-US","Review_time":"7 months ago","Review":"Went In from my morning coffee and the Starbucks team is a disaster. Coffee was not what it usually taste like and WHO MESSES UP BAGEL. ITA BREAD FOR CHRIST SAKE!!!! Never going to industry city Starbucks location.","Likes":""},{"Name":"","Category":"","Rating":" 1 star ","Number_of_Reviews":"","Address":"","Reviewer":"Rigo V","Reviewer_page":"https://www.google.com/maps/contrib/109904953432746728736/reviews?hl=en-US","Review_time":"6 months ago","Review":"This rating is based solely on morning crew. Horrible service, and messy store. Since I work nearby luckily I get to go in the afternoon. Afternoon crew is 5 stars.","Likes":"1"},{"Name":"","Category":"","Rating":" 1 star ","Number_of_Reviews":"","Address":"","Reviewer":"Oleg Kuperman","Reviewer_page":"https://www.google.com/maps/contrib/100525269269697338358/reviews?hl=en-US","Review_time":"4 months ago","Review":"I like Starbucks but not this particular one for reasons I'm not going to bother explaining, they will become obvious once you're there.","Likes":""},{"Name":"","Category":"","Rating":" 5 stars ","Number_of_Reviews":"","Address":"","Reviewer":"First Last (8r00kMan)","Reviewer_page":"https://www.google.com/maps/contrib/111967048587423716453/reviews?hl=en-US","Review_time":"4 weeks ago","Review":"They did not have item I hade coupon for.","Likes":""},{"Name":"","Category":"","Rating":" 5 stars ","Number_of_Reviews":"","Address":"","Reviewer":"Chira Pat","Reviewer_page":"https://www.google.com/maps/contrib/103371157237748528489/reviews?hl=en-US","Review_time":"a year ago","Review":"Awesome Nitro! My visions open! Please add more sizing options for Nitro; I need it more significant than it is.","Likes":""},{"Name":"","Category":"","Rating":" 5 stars ","Number_of_Reviews":"","Address":"","Reviewer":"Angel Calixto","Reviewer_page":"https://www.google.com/maps/contrib/111540869115643227742/reviews?hl=en-US","Review_time":"6 months ago","Review":"Best Starbucks in Bumset Park, the morning crew is by far the best I've experienced in any Starbucks, the afternoon crew are so so.","Likes":"1"},{"Name":"","Category":"","Rating":" 1 star ","Number_of_Reviews":"","Address":"","Reviewer":"JT torresz","Reviewer_page":"https://www.google.com/maps/contrib/101724802595098401133/reviews?hl=en-US","Review_time":"11 months ago","Review":"I accidentally cancelled and Uber eats order and I was still charged for cancellation so if I’m still getting charged I might as well get my order so I tried calling to see if I can get my order since I’m still being charged and no one was picking up. I want my money back. It’s not right that I’m getting charged for canceling literally only minutes after ordering.","Likes":""},{"Name":"","Category":"","Rating":" 1 star ","Number_of_Reviews":"","Address":"","Reviewer":"Alex A","Reviewer_page":"https://www.google.com/maps/contrib/107358737264134553115/reviews?hl=en-US","Review_time":"6 months ago","Review":"Ordered 2 americanos, undrinkable. Won't see me here again. I feel like it was a single shot for grande size. Was I cheated?","Likes":""},{"Name":"","Category":"","Rating":" 1 star ","Number_of_Reviews":"","Address":"","Reviewer":"Joseph Cruz","Reviewer_page":"https://www.google.com/maps/contrib/114902071843609223790/reviews?hl=en-US","Review_time":"7 months ago","Review":"My mobile order is always late. I order at least 15 min in advance. Walk in and there is always attitude. I guess Dunkin it is","Likes":""},{"Name":"","Category":"","Rating":" 2 stars ","Number_of_Reviews":"","Address":"","Reviewer":"Leslie Cruz","Reviewer_page":"https://www.google.com/maps/contrib/117108183721868662155/reviews?hl=en-US","Review_time":"a year ago","Review":"I would love to give this full stars but it's been on two occasions that they did not close the lids well. Just today they did not close a lid well and it spilled all over my grandmother's car staining the seats. not to mention that they always water down the drinks or put wayyy too much lemonade in them.","Likes":""},{"Name":"","Category":"","Rating":" 1 star ","Number_of_Reviews":"","Address":"","Reviewer":"J","Reviewer_page":"https://www.google.com/maps/contrib/107942302339318397764/reviews?hl=en-US","Review_time":"a year ago","Review":"So I ordered through uber eats a white chocolate Frappuccino. They sent me half a cup of just the white chocolate. When you try to call thier number a weird automated service answers and you can never get through to the store.","Likes":"1"},{"Name":"","Category":"","Rating":" 1 star ","Number_of_Reviews":"","Address":"","Reviewer":"Alem Feratovic","Reviewer_page":"https://www.google.com/maps/contrib/104795374444855512091/reviews?hl=en-US","Review_time":"7 months ago","Review":"The morning manager at this location is a disaster. She is extremely disrespectful and I can't understand how she is trusted to manage a location. I will be taking my money elsewhere!!!","Likes":""},{"Name":"","Category":"","Rating":" 5 stars ","Number_of_Reviews":"","Address":"","Reviewer":"Precious","Reviewer_page":"https://www.google.com/maps/contrib/117556017852491592884/reviews?hl=en-US","Review_time":"a year ago","Review":"Awesome place. Even with the new Covid guidelines, the place is very welcoming and brightly lit. The customer service is amazing and the drinks are made very well. I would definitely come here again.","Likes":""},{"Name":"","Category":"","Rating":" 5 stars ","Number_of_Reviews":"","Address":"","Reviewer":"Mikhail Burdeynik","Reviewer_page":"https://www.google.com/maps/contrib/103347737605783661493/reviews?hl=en-US","Review_time":"a year ago","Review":"This is the best starbucks I have been to. Friendly staff and good quality products. Also fast service","Likes":""},{"Name":"","Category":"","Rating":" 5 stars ","Number_of_Reviews":"","Address":"","Reviewer":"Irene Hernandez","Reviewer_page":"https://www.google.com/maps/contrib/108724630727363120093/reviews?hl=en-US","Review_time":"a year ago","Review":"Amazing customer service. I always walk through this location on my way to petco and stop by sporadically but glad to say it’s always a pleasure thanks to the lovely staff that is always warm and welcoming.","Likes":""},{"Name":"","Category":"","Rating":" 5 stars ","Number_of_Reviews":"","Address":"","Reviewer":"Damien Ayato","Reviewer_page":"https://www.google.com/maps/contrib/111119062346685992876/reviews?hl=en-US","Review_time":"a year ago","Review":"The staff is always so warm and the drinks here are probably the best Starbucks drinks I've ever had!","Likes":"1"},{"Name":"","Category":"","Rating":" 5 stars ","Number_of_Reviews":"","Address":"","Reviewer":"Angel Calixto","Reviewer_page":"https://www.google.com/maps/contrib/108195662117902867878/reviews?hl=en-US","Review_time":"8 months ago","Review":"Best Starbucks in Brooklyn","Likes":"5"},{"Name":"","Category":"","Rating":" 5 stars ","Number_of_Reviews":"","Address":"","Reviewer":"Sammy Akharaz","Reviewer_page":"https://www.google.com/maps/contrib/105546746863027439620/reviews?hl=en-US","Review_time":"2 years ago","Review":"I didn't get the chance to buy anything yet but it's a brand new Starbucks and employees seemed friendly as I had a quick look inside","Likes":""},{"Name":"","Category":"","Rating":" 1 star ","Number_of_Reviews":"","Address":"","Reviewer":"Lil Belez","Reviewer_page":"https://www.google.com/maps/contrib/112806606301180173635/reviews?hl=en-US","Review_time":"a year ago","Review":"The person that is making the drinks made my drink super fast and was actually nothing that I order and got bothered when I actually told him it’s wrong","Likes":""},{"Name":"","Category":"","Rating":" 5 stars ","Number_of_Reviews":"","Address":"","Reviewer":"Nayma Labonna","Reviewer_page":"https://www.google.com/maps/contrib/116508331450402475134/reviews?hl=en-US","Review_time":"a year ago","Review":"Really nice Starbucks, would be a good place to get work done too.","Likes":""},{"Name":"","Category":"","Rating":" 1 star ","Number_of_Reviews":"","Address":"","Reviewer":"georgiy agasiev","Reviewer_page":"https://www.google.com/maps/contrib/103274291539029650592/reviews?hl=en-US","Review_time":"a year ago","Review":"Starbucks began to make very thin cups, for the second time the cup opened in my hand and I got Burn","Likes":""},{"Name":"","Category":"","Rating":" 5 stars ","Number_of_Reviews":"","Address":"","Reviewer":"Julia Voloska","Reviewer_page":"https://www.google.com/maps/contrib/113708258619398973478/reviews?hl=en-US","Review_time":"a year ago","Review":"Coffee is delicious and the workers always are very nice and polite.","Likes":"1"},{"Name":"","Category":"","Rating":" 2 stars ","Number_of_Reviews":"","Address":"","Reviewer":"b","Reviewer_page":"https://www.google.com/maps/contrib/105920889712848225242/reviews?hl=en-US","Review_time":"a year ago","Review":"baristas r very very nice but the watering down of the tea and lemonade is criminal behavior","Likes":"4"},{"Name":"","Category":"","Rating":" 4 stars ","Number_of_Reviews":"","Address":"","Reviewer":"Amy C","Reviewer_page":"https://www.google.com/maps/contrib/104996131226188299772/reviews?hl=en-US","Review_time":"2 weeks ago","Review":"Plenty of electrical outlets","Likes":""},{"Name":"","Category":"","Rating":" 3 stars ","Number_of_Reviews":"","Address":"","Reviewer":"Dennis TheGreat Corpas","Reviewer_page":"https://www.google.com/maps/contrib/102408845017180940999/reviews?hl=en-US","Review_time":"a year ago","Review":"It's a Starbucks, just like any other Starbucks expect they constantly run supplies","Likes":""},{"Name":"","Category":"","Rating":" 5 stars ","Number_of_Reviews":"","Address":"","Reviewer":"mia gonzalez","Reviewer_page":"https://www.google.com/maps/contrib/107188960774834922207/reviews?hl=en-US","Review_time":"a year ago","Review":"i love the music they always play and the environment is so wonderful!","Likes":""},{"Name":"","Category":"","Rating":" 5 stars ","Number_of_Reviews":"","Address":"","Reviewer":"Geo Hernandez","Reviewer_page":"https://www.google.com/maps/contrib/117572441689895784934/reviews?hl=en-US","Review_time":"a year ago","Review":"Always good when the baristas know the  proper amounts of ingredients","Likes":""},{"Name":"","Category":"","Rating":" 1 star ","Number_of_Reviews":"","Address":"","Reviewer":"Abu Asim","Reviewer_page":"https://www.google.com/maps/contrib/110218220776980791512/reviews?hl=en-US","Review_time":"11 months ago","Review":"Good location Bad Coffee bad service","Likes":""},{"Name":"","Category":"","Rating":" 5 stars ","Number_of_Reviews":"","Address":"","Reviewer":"Steph Steph","Reviewer_page":"https://www.google.com/maps/contrib/105209641995470509288/reviews?hl=en-US","Review_time":"a year ago","Review":"I love the staff. I love their welcoming atmosphere when I walk in.","Likes":""},{"Name":"","Category":"","Rating":" 5 stars ","Number_of_Reviews":"","Address":"","Reviewer":"s borji","Reviewer_page":"https://www.google.com/maps/contrib/103840595593994809758/reviews?hl=en-US","Review_time":"6 months ago","Review":"Clean , and nice staff","Likes":""},{"Name":"","Category":"","Rating":" 4 stars ","Number_of_Reviews":"","Address":"","Reviewer":"avner vadai","Reviewer_page":"https://www.google.com/maps/contrib/108649469855053001624/reviews?hl=en-US","Review_time":"8 months ago","Review":"Good coffee as always","Likes":""},{"Name":"","Category":"","Rating":" 1 star ","Number_of_Reviews":"","Address":"","Reviewer":"Anibal Alvear","Reviewer_page":"https://www.google.com/maps/contrib/107705441545470224124/reviews?hl=en-US","Review_time":"a month ago","Review":"Careless","Likes":""},{"Name":"","Category":"","Rating":" 5 stars ","Number_of_Reviews":"","Address":"","Reviewer":"Ultraviolet Films","Reviewer_page":"https://www.google.com/maps/contrib/101087400953814810540/reviews?hl=en-US","Review_time":"a year ago","Review":"Awesome coffee awesome customer service","Likes":""},{"Name":"","Category":"","Rating":" 5 stars ","Number_of_Reviews":"","Address":"","Reviewer":"Norma Bello","Reviewer_page":"https://www.google.com/maps/contrib/109277206068378485338/reviews?hl=en-US","Review_time":"a year ago","Review":"Happy the location is here good crew.","Likes":""},{"Name":"","Category":"","Rating":" 5 stars ","Number_of_Reviews":"","Address":"","Reviewer":"Robbie Rempley","Reviewer_page":"https://www.google.com/maps/contrib/104205803473953264577/reviews?hl=en-US","Review_time":"7 months ago","Review":"Great....and classy","Likes":""},{"Name":"","Category":"","Rating":" 5 stars ","Number_of_Reviews":"","Address":"","Reviewer":"Damian","Reviewer_page":"https://www.google.com/maps/contrib/113805709332463157720/reviews?hl=en-US","Review_time":"a year ago","Review":"As good as usual. 😀👍","Likes":""},{"Name":"","Category":"","Rating":" 1 star ","Number_of_Reviews":"","Address":"","Reviewer":"Hamza12 Haider12","Reviewer_page":"https://www.google.com/maps/contrib/100423081410127320943/reviews?hl=en-US","Review_time":"10 months ago","Review":"This store is closed","Likes":"4"},{"Name":"","Category":"","Rating":" 3 stars ","Number_of_Reviews":"","Address":"","Reviewer":"nae nae A","Reviewer_page":"https://www.google.com/maps/contrib/105385268365941080692/reviews?hl=en-US","Review_time":"a year ago","Review":"Cozy","Likes":""},{"Name":"","Category":"","Rating":" 5 stars ","Number_of_Reviews":"","Address":"","Reviewer":"William Baker","Reviewer_page":"https://www.google.com/maps/contrib/103150758521714823281/reviews?hl=en-US","Review_time":"a year ago","Review":"Like it.","Likes":""},{"Name":"","Category":"","Rating":" 1 star ","Number_of_Reviews":"","Address":"","Reviewer":"Warren A","Reviewer_page":"https://www.google.com/maps/contrib/101551614064660305013/reviews?hl=en-US","Review_time":"a year ago","Review":"Too expensive","Likes":""},{"Name":"","Category":"","Rating":" 5 stars ","Number_of_Reviews":"","Address":"","Reviewer":"Antonio Perez","Reviewer_page":"https://www.google.com/maps/contrib/118399862228431174116/reviews?hl=en-US","Review_time":"a year ago","Review":"Great coffee","Likes":""},{"Name":"","Category":"","Rating":" 5 stars ","Number_of_Reviews":"","Address":"","Reviewer":"Badri Khvadagiani","Reviewer_page":"https://www.google.com/maps/contrib/108759544120271172859/reviews?hl=en-US","Review_time":"2 years ago","Review":"Good service","Likes":""},{"Name":"","Category":"","Rating":" 5 stars ","Number_of_Reviews":"","Address":"","Reviewer":"Jazmine Boria","Reviewer_page":"https://www.google.com/maps/contrib/106257502342803613218/reviews?hl=en-US","Review_time":"a year ago","Review":"Love this place","Likes":""},{"Name":"","Category":"","Rating":" 4 stars ","Number_of_Reviews":"","Address":"","Reviewer":"Joel Almanzar","Reviewer_page":"https://www.google.com/maps/contrib/104285471568656762377/reviews?hl=en-US","Review_time":"a year ago","Review":"coffee time","Likes":""},{"Name":"","Category":"","Rating":" 3 stars ","Number_of_Reviews":"","Address":"","Reviewer":"Balazs Monos","Reviewer_page":"https://www.google.com/maps/contrib/113717427415478104518/reviews?hl=en-US","Review_time":"a month ago","Review":"(Translated by Google) Not the best Starbucks: the place is quite dirty, the staff is slow and not very nice.\n\n(Original)\nNem a legjobb Starbucks: a hely elég koszos, a személyzet lassú és nem túl kedves.","Likes":""},{"Name":"","Category":"","Rating":" 1 star ","Number_of_Reviews":"","Address":"","Reviewer":"E. ALEX B.","Reviewer_page":"https://www.google.com/maps/contrib/111077544950466161543/reviews?hl=en-US","Review_time":"6 months ago","Review":"7-10$ xperience","Likes":""},{"Name":"","Category":"","Rating":" 4 stars ","Number_of_Reviews":"","Address":"","Reviewer":"Serjio Sosa","Reviewer_page":"https://www.google.com/maps/contrib/103446289014550621191/reviews?hl=en-US","Review_time":"a year ago","Review":"(Translated by Google) Very good that good that they put it near Cosco\n\n(Original)\nMui bueno  que bueno que lo pusieron serca de cosco","Likes":""},{"Name":"","Category":"","Rating":" 4 stars ","Number_of_Reviews":"","Address":"","Reviewer":"Kitty Lam","Reviewer_page":"https://www.google.com/maps/contrib/105608409723368530526/reviews?hl=en-US","Review_time":"2 years ago","Review":"","Likes":""},{"Name":"","Category":"","Rating":" 5 stars ","Number_of_Reviews":"","Address":"","Reviewer":"Vladyslava Kim","Reviewer_page":"https://www.google.com/maps/contrib/107430398468784534922/reviews?hl=en-US","Review_time":"a year ago","Review":"","Likes":""},{"Name":"","Category":"","Rating":" 5 stars ","Number_of_Reviews":"","Address":"","Reviewer":"Abigail Ganness","Reviewer_page":"https://www.google.com/maps/contrib/112109679559429473174/reviews?hl=en-US","Review_time":"a year ago","Review":"","Likes":""},{"Name":"","Category":"","Rating":" 5 stars ","Number_of_Reviews":"","Address":"","Reviewer":"DeUnequeTV Entertainment","Reviewer_page":"https://www.google.com/maps/contrib/108835313269413294508/reviews?hl=en-US","Review_time":"a year ago","Review":"","Likes":""},{"Name":"","Category":"","Rating":" 3 stars ","Number_of_Reviews":"","Address":"","Reviewer":"Ketrice Riley","Reviewer_page":"https://www.google.com/maps/contrib/107017495243765688669/reviews?hl=en-US","Review_time":"a year ago","Review":"","Likes":""},{"Name":"","Category":"","Rating":" 5 stars ","Number_of_Reviews":"","Address":"","Reviewer":"Jhoana","Reviewer_page":"https://www.google.com/maps/contrib/108096068904536325287/reviews?hl=en-US","Review_time":"2 years ago","Review":"","Likes":""},{"Name":"","Category":"","Rating":" 5 stars ","Number_of_Reviews":"","Address":"","Reviewer":"Janifa Johnson","Reviewer_page":"https://www.google.com/maps/contrib/117443486238659230368/reviews?hl=en-US","Review_time":"a year ago","Review":"","Likes":""},{"Name":"","Category":"","Rating":" 4 stars ","Number_of_Reviews":"","Address":"","Reviewer":"Teresa Mira","Reviewer_page":"https://www.google.com/maps/contrib/102938655323504230909/reviews?hl=en-US","Review_time":"11 months ago","Review":"","Likes":""},{"Name":"","Category":"","Rating":" 4 stars ","Number_of_Reviews":"","Address":"","Reviewer":"brenda torres","Reviewer_page":"https://www.google.com/maps/contrib/112408987058344264127/reviews?hl=en-US","Review_time":"a year ago","Review":"","Likes":""},{"Name":"","Category":"","Rating":" 5 stars ","Number_of_Reviews":"","Address":"","Reviewer":"Pisakh Mishiyev","Reviewer_page":"https://www.google.com/maps/contrib/116428312058199916027/reviews?hl=en-US","Review_time":"a year ago","Review":"","Likes":""},{"Name":"","Category":"","Rating":" 4 stars ","Number_of_Reviews":"","Address":"","Reviewer":"Dexter Pusey","Reviewer_page":"https://www.google.com/maps/contrib/115786476386257436088/reviews?hl=en-US","Review_time":"a year ago","Review":"","Likes":""},{"Name":"","Category":"","Rating":" 5 stars ","Number_of_Reviews":"","Address":"","Reviewer":"Miguel Tufino","Reviewer_page":"https://www.google.com/maps/contrib/116464005350467817967/reviews?hl=en-US","Review_time":"a year ago","Review":"","Likes":""},{"Name":"","Category":"","Rating":" 5 stars ","Number_of_Reviews":"","Address":"","Reviewer":"Valerie Faison","Reviewer_page":"https://www.google.com/maps/contrib/109399275075986634157/reviews?hl=en-US","Review_time":"2 years ago","Review":"","Likes":""},{"Name":"","Category":"","Rating":" 4 stars ","Number_of_Reviews":"","Address":"","Reviewer":"Thais Viviana","Reviewer_page":"https://www.google.com/maps/contrib/113929916093820574802/reviews?hl=en-US","Review_time":"a year ago","Review":"","Likes":""},{"Name":"","Category":"","Rating":" 4 stars ","Number_of_Reviews":"","Address":"","Reviewer":"Anjana D","Reviewer_page":"https://www.google.com/maps/contrib/108741644433128903444/reviews?hl=en-US","Review_time":"2 years ago","Review":"","Likes":""},{"Name":"","Category":"","Rating":" 5 stars ","Number_of_Reviews":"","Address":"","Reviewer":"Keishaly Castro Díaz","Reviewer_page":"https://www.google.com/maps/contrib/107020932077870622619/reviews?hl=en-US","Review_time":"a year ago","Review":"","Likes":""},{"Name":"","Category":"","Rating":" 4 stars ","Number_of_Reviews":"","Address":"","Reviewer":"Ahmed Hisham","Reviewer_page":"https://www.google.com/maps/contrib/113750059020090887230/reviews?hl=en-US","Review_time":"a year ago","Review":"","Likes":""},{"Name":"","Category":"","Rating":" 1 star ","Number_of_Reviews":"","Address":"","Reviewer":"Anthony Muljadi","Reviewer_page":"https://www.google.com/maps/contrib/115537469985862052290/reviews?hl=en-US","Review_time":"a year ago","Review":"","Likes":""},{"Name":"","Category":"","Rating":" 1 star ","Number_of_Reviews":"","Address":"","Reviewer":"Chen Ben","Reviewer_page":"https://www.google.com/maps/contrib/117739121159769430805/reviews?hl=en-US","Review_time":"a year ago","Review":"","Likes":""},{"Name":"","Category":"","Rating":" 4 stars ","Number_of_Reviews":"","Address":"","Reviewer":"Alicia Kennedy","Reviewer_page":"https://www.google.com/maps/contrib/114446431855811589157/reviews?hl=en-US","Review_time":"a year ago","Review":"","Likes":""},{"Name":"","Category":"","Rating":" 5 stars ","Number_of_Reviews":"","Address":"","Reviewer":"faical siraj","Reviewer_page":"https://www.google.com/maps/contrib/100154337424684051983/reviews?hl=en-US","Review_time":"a year ago","Review":"","Likes":""},{"Name":"","Category":"","Rating":" 5 stars ","Number_of_Reviews":"","Address":"","Reviewer":"millie reyes","Reviewer_page":"https://www.google.com/maps/contrib/103833415036077026180/reviews?hl=en-US","Review_time":"a year ago","Review":"","Likes":""},{"Name":"","Category":"","Rating":" 4 stars ","Number_of_Reviews":"","Address":"","Reviewer":"Jody Callahan","Reviewer_page":"https://www.google.com/maps/contrib/103775541688018808916/reviews?hl=en-US","Review_time":"a year ago","Review":"","Likes":""},{"Name":"","Category":"","Rating":" 5 stars ","Number_of_Reviews":"","Address":"","Reviewer":"nadiah Ali","Reviewer_page":"https://www.google.com/maps/contrib/115525885368626032599/reviews?hl=en-US","Review_time":"a year ago","Review":"","Likes":""},{"Name":"","Category":"","Rating":" 5 stars ","Number_of_Reviews":"","Address":"","Reviewer":"L","Reviewer_page":"https://www.google.com/maps/contrib/113412110970220610793/reviews?hl=en-US","Review_time":"a year ago","Review":"","Likes":""},{"Name":"","Category":"","Rating":" 5 stars ","Number_of_Reviews":"","Address":"","Reviewer":"Tatiana Fausett","Reviewer_page":"https://www.google.com/maps/contrib/104066139771838527351/reviews?hl=en-US","Review_time":"a year ago","Review":"","Likes":""},{"Name":"","Category":"","Rating":" 5 stars ","Number_of_Reviews":"","Address":"","Reviewer":"Brooklyn Real","Reviewer_page":"https://www.google.com/maps/contrib/111301053659886292013/reviews?hl=en-US","Review_time":"a year ago","Review":"","Likes":""},{"Name":"","Category":"","Rating":" 5 stars ","Number_of_Reviews":"","Address":"","Reviewer":"Dantai Vilairoj","Reviewer_page":"https://www.google.com/maps/contrib/108097486457243271349/reviews?hl=en-US","Review_time":"a year ago","Review":"","Likes":""},{"Name":"","Category":"","Rating":" 5 stars ","Number_of_Reviews":"","Address":"","Reviewer":"Richard Jackson","Reviewer_page":"https://www.google.com/maps/contrib/118329375564061702795/reviews?hl=en-US","Review_time":"a year ago","Review":"","Likes":""},{"Name":"","Category":"","Rating":" 5 stars ","Number_of_Reviews":"","Address":"","Reviewer":"Rosa -","Reviewer_page":"https://www.google.com/maps/contrib/116136114553901862181/reviews?hl=en-US","Review_time":"10 months ago","Review":"","Likes":""},{"Name":"","Category":"","Rating":" 5 stars ","Number_of_Reviews":"","Address":"","Reviewer":"Daria Drozdowska","Reviewer_page":"https://www.google.com/maps/contrib/103107140991135425895/reviews?hl=en-US","Review_time":"a year ago","Review":"","Likes":""},{"Name":"","Category":"","Rating":" 5 stars ","Number_of_Reviews":"","Address":"","Reviewer":"Isabel Alvarado","Reviewer_page":"https://www.google.com/maps/contrib/115483468679436409749/reviews?hl=en-US","Review_time":"6 months ago","Review":"","Likes":""},{"Name":"","Category":"","Rating":" 5 stars ","Number_of_Reviews":"","Address":"","Reviewer":"Jaime Flores","Reviewer_page":"https://www.google.com/maps/contrib/114127848719482683578/reviews?hl=en-US","Review_time":"2 years ago","Review":"","Likes":""},{"Name":"","Category":"","Rating":" 5 stars ","Number_of_Reviews":"","Address":"","Reviewer":"Tung-Ying Huang","Reviewer_page":"https://www.google.com/maps/contrib/111853833706971749540/reviews?hl=en-US","Review_time":"a year ago","Review":"","Likes":""},{"Name":"","Category":"","Rating":" 5 stars ","Number_of_Reviews":"","Address":"","Reviewer":"Elizabeth Martinez","Reviewer_page":"https://www.google.com/maps/contrib/102186211774796079880/reviews?hl=en-US","Review_time":"a year ago","Review":"","Likes":""},{"Name":"","Category":"","Rating":" 5 stars ","Number_of_Reviews":"","Address":"","Reviewer":"Thomas Bare","Reviewer_page":"https://www.google.com/maps/contrib/107558607916200731518/reviews?hl=en-US","Review_time":"a year ago","Review":"","Likes":""},{"Name":"","Category":"","Rating":" 5 stars ","Number_of_Reviews":"","Address":"","Reviewer":"Julio Aponte","Reviewer_page":"https://www.google.com/maps/contrib/117699410688071742815/reviews?hl=en-US","Review_time":"a year ago","Review":"","Likes":""}