[{"Name":"","Category":"","Rating":" 5 stars ","Number_of_Reviews":"","Address":"","Reviewer":"Syd J (VEVO)","Reviewer_page":"https://www.google.com/maps/contrib/107226048915457307361/reviews?hl=en-US","Review_time":"a month ago","Review":"Wow! The best service I’ve ever gotten. I was greeted, I laughed, I was informed and then I felt great! This is all before I even had my coffee. Thank you Randolph, amazing when love what they do. Faith in humanity restored.","Likes":""},{"Name":"","Category":"","Rating":" 4 stars ","Number_of_Reviews":"","Address":"","Reviewer":"Aniko Magyar","Reviewer_page":"https://www.google.com/maps/contrib/117421340766045504353/reviews?hl=en-US","Review_time":"a month ago","Review":"Good Starbucks and always busy but the music is excessively loud with often . Fast friendly staff but not hear the order or pickup…","Likes":"3"},{"Name":"","Category":"","Rating":" 5 stars ","Number_of_Reviews":"","Address":"","Reviewer":"E Red","Reviewer_page":"https://www.google.com/maps/contrib/107284866699431601653/reviews?hl=en-US","Review_time":"5 months ago","Review":"The Guy was friendly . Spent bout $11 got a large black coffee and a cheese tray . The guy really was tryna have my bf buy it for me . Even tho my bf was going to either way lol . It was really hot outside and the AC there was amazinnnn","Likes":"2"},{"Name":"","Category":"","Rating":" 3 stars ","Number_of_Reviews":"","Address":"","Reviewer":"Fred Alluso","Reviewer_page":"https://www.google.com/maps/contrib/113908929146461863344/reviews?hl=en-US","Review_time":"2 months ago","Review":"Good Starbucks but the music is excessively loud with often explicit lyrics. This is a neighborhood place located on the ground floor of a residential tower. This noise needs to be addressed. Waiting for our drinks and food should not be torturous to our senses.","Likes":""},{"Name":"","Category":"","Rating":" 5 stars ","Number_of_Reviews":"","Address":"","Reviewer":"Caius Wong","Reviewer_page":"https://www.google.com/maps/contrib/101003724716737222955/reviews?hl=en-US","Review_time":"4 years ago","Review":"5 stars comparing against other Starbucks. Very clean and well lit. Ideal location right off the train. Drinks made relatively quickly. Hopefully stays this way!","Likes":""},{"Name":"","Category":"","Rating":" 1 star ","Number_of_Reviews":"","Address":"","Reviewer":"Isabela C","Reviewer_page":"https://www.google.com/maps/contrib/107200173689128385884/reviews?hl=en-US","Review_time":"3 weeks ago","Review":"The manager lady is very aggressive and using offensive words to customers. Loud and shout. I would rather go to local coffee shops than this Starbucks location.","Likes":""},{"Name":"","Category":"","Rating":" 2 stars ","Number_of_Reviews":"","Address":"","Reviewer":"M S","Reviewer_page":"https://www.google.com/maps/contrib/108146073271686251675/reviews?hl=en-US","Review_time":"4 weeks ago","Review":"The coffee just didn't taste right. I was also allowed to order something they didn't have in stock. Employees were  disorganized.","Likes":""},{"Name":"","Category":"","Rating":" 4 stars ","Number_of_Reviews":"","Address":"","Reviewer":"Kendra Hall","Reviewer_page":"https://www.google.com/maps/contrib/109400169929703318629/reviews?hl=en-US","Review_time":"7 months ago","Review":"So let’s start with the good this location is extremely clean. Very comfortable. The few times that I have ordered from this location the staff has been extremely kind, very personable. However, there’s a handful of times that I have …","Likes":"1"},{"Name":"","Category":"","Rating":" 5 stars ","Number_of_Reviews":"","Address":"","Reviewer":"Sanya A","Reviewer_page":"https://www.google.com/maps/contrib/110885825322143463222/reviews?hl=en-US","Review_time":"a year ago","Review":"This is the best Starbucks in Brooklyn/NYC.\nThe location is always clean and is great to work from. But the best part about this location is their staff - nicest and kindest people. I’ve become a sort of regular here, so I can assure you that they’re always this nice to every single customer.","Likes":"3"},{"Name":"","Category":"","Rating":" 4 stars ","Number_of_Reviews":"","Address":"","Reviewer":"Chi Chi","Reviewer_page":"https://www.google.com/maps/contrib/114986625223108268851/reviews?hl=en-US","Review_time":"9 months ago","Review":"One of the baristas did a lovely job on my Mocha Frappuccino..I wish I caught his name, he was a average height African-American male, who was so friendly and went the extra mile. Great service.","Likes":""},{"Name":"","Category":"","Rating":" 5 stars ","Number_of_Reviews":"","Address":"","Reviewer":"Leonardo Torres","Reviewer_page":"https://www.google.com/maps/contrib/110068034998075350365/reviews?hl=en-US","Review_time":"a year ago","Review":"A Starbucks near 4 fine microbreweries and public transportation, how much better can this place get?!","Likes":""},{"Name":"","Category":"","Rating":" 1 star ","Number_of_Reviews":"","Address":"","Reviewer":"Rebecca Nazir","Reviewer_page":"https://www.google.com/maps/contrib/117930978668427128999/reviews?hl=en-US","Review_time":"2 weeks ago","Review":"Poor manager, over priced and unhappy staffs.","Likes":""},{"Name":"","Category":"","Rating":" 3 stars ","Number_of_Reviews":"","Address":"","Reviewer":"Knight NYC","Reviewer_page":"https://www.google.com/maps/contrib/107641135096492795598/reviews?hl=en-US","Review_time":"3 years ago","Review":"If you're waking up in the morning to get coffee make sure you come to this location only because the fact that the customer service here is in fact great.\n\nAs I walked in to pick up an order  Sharon one of their sales associate welcomed me with the biggest smile and offered me water as well cause she saw that I was exhausted when I walked in. Sharon has great work ethics and she's super friendly.\n\nI mean this is what I call great customer service.\n\nBe sure when you come to this location to experience great customer service by Sharon.\n\nTo be completely honest I don't even drink coffee I had to pick up an order for my\nco-worker but I received the best customer service which is important overall.","Likes":""},{"Name":"","Category":"","Rating":" 5 stars ","Number_of_Reviews":"","Address":"","Reviewer":"Lillian Yang","Reviewer_page":"https://www.google.com/maps/contrib/108840616316623008885/reviews?hl=en-US","Review_time":"2 years ago","Review":"Covid review: really pleased with this location! It’s the newest in the area, and there’s a very spacious and organized loop for you to order and pick up.\n\nThey didn’t have the powder to made cloud beverages although they offered a sub. The employee was really nice, drink was made quickly, and shout out to the pumpkin cream cold brew - it was so delicious!","Likes":""},{"Name":"","Category":"","Rating":" 5 stars ","Number_of_Reviews":"","Address":"","Reviewer":"Izzy G (F1zzy - Gaming / Finance)","Reviewer_page":"https://www.google.com/maps/contrib/111109291281758132677/reviews?hl=en-US","Review_time":"4 years ago","Review":"Nice staff, quick service and tasty coffee! There’s a lot of seating as well!","Likes":"1"},{"Name":"","Category":"","Rating":" 5 stars ","Number_of_Reviews":"","Address":"","Reviewer":"Eric Chu","Reviewer_page":"https://www.google.com/maps/contrib/112820395637480540207/reviews?hl=en-US","Review_time":"a year ago","Review":"I've been coming here recently every time before work. I can honestly say that the team there is chill and very polite. Shout out to this location and team for being clutch with providing my caffeine fix for the day 🤘.","Likes":""},{"Name":"","Category":"","Rating":" 3 stars ","Number_of_Reviews":"","Address":"","Reviewer":"sylvester nunnery","Reviewer_page":"https://www.google.com/maps/contrib/101645889323895686475/reviews?hl=en-US","Review_time":"11 months ago","Review":"The staff is decent. They are slow and lack urgency. There is never anyone at the register when you walk in. They drinks are always on point","Likes":""},{"Name":"","Category":"","Rating":" 1 star ","Number_of_Reviews":"","Address":"","Reviewer":"Taeko Dolatowski","Reviewer_page":"https://www.google.com/maps/contrib/103723556173583025793/reviews?hl=en-US","Review_time":"9 months ago","Review":"Pike coffee is so diluted compared to other Starbucks. Like deli coffee. They made new one and still diluted.  Never come again.","Likes":"1"},{"Name":"","Category":"","Rating":" 1 star ","Number_of_Reviews":"","Address":"","Reviewer":"Lina M Arango","Reviewer_page":"https://www.google.com/maps/contrib/110653169857364853869/reviews?hl=en-US","Review_time":"4 years ago","Review":"I can not understand why Starbucks hires people without sufficient knowledge of their products. Only a couple of employees are nice in that branch, but most of them always seem like hate his job, they are not kind enough for customer service, I usually go every day and at least twice a week they forget my order if I order something small or with cream they always give me something wrong, but if I make any suggestions they ignore it anyway. I am very disappointed with the place, in other branches the people are friendly, their employees have to understand that it is not a cheap store and that they should have a good behavior with their customers.","Likes":"1"},{"Name":"","Category":"","Rating":" 5 stars ","Number_of_Reviews":"","Address":"","Reviewer":"Oscar Gonzalez","Reviewer_page":"https://www.google.com/maps/contrib/102933783506409346312/reviews?hl=en-US","Review_time":"2 years ago","Review":"Great Service!! I had accidentally placed an order at the wrong location but Shannon honored the transaction and I avoided a whole trip to a farther Starbucks. Won't make the mistake again but will definitely come here more often","Likes":""},{"Name":"","Category":"","Rating":" 5 stars ","Number_of_Reviews":"","Address":"","Reviewer":"The Coco Chronicles","Reviewer_page":"https://www.google.com/maps/contrib/103251342913882283062/reviews?hl=en-US","Review_time":"a year ago","Review":"Can't go wrong with Starbucks. This location is excellent. Staff sooooo nice and they all remember you and take pride in what they do. Hard to have a bad experience here.","Likes":""},{"Name":"","Category":"","Rating":" 4 stars ","Number_of_Reviews":"","Address":"","Reviewer":"Irene Romero","Reviewer_page":"https://www.google.com/maps/contrib/103224005027028224370/reviews?hl=en-US","Review_time":"2 months ago","Review":"Damien was a nice cashier person.","Likes":""},{"Name":"","Category":"","Rating":" 3 stars ","Number_of_Reviews":"","Address":"","Reviewer":"Y Way","Reviewer_page":"https://www.google.com/maps/contrib/107122312664301815869/reviews?hl=en-US","Review_time":"11 months ago","Review":"I love Starbucks especially the one in Brooklyn on Union St the staff there are pleasant I like the fact they know my choice of beverage","Likes":""},{"Name":"","Category":"","Rating":" 5 stars ","Number_of_Reviews":"","Address":"","Reviewer":"Malika Griffen","Reviewer_page":"https://www.google.com/maps/contrib/114057130656187352188/reviews?hl=en-US","Review_time":"2 months ago","Review":"Free water onnna hot summer day","Likes":""},{"Name":"","Category":"","Rating":" 5 stars ","Number_of_Reviews":"","Address":"","Reviewer":"Zee Gondal","Reviewer_page":"https://www.google.com/maps/contrib/100270063940728143164/reviews?hl=en-US","Review_time":"2 months ago","Review":"Soo nice customer service ❤️❤️","Likes":""},{"Name":"","Category":"","Rating":" 3 stars ","Number_of_Reviews":"","Address":"","Reviewer":"vomitnugget","Reviewer_page":"https://www.google.com/maps/contrib/112199130608218847579/reviews?hl=en-US","Review_time":"3 years ago","Review":"I had my first Starbucks experience here so here’s what I think:\n\nPros: lovely staff and a clean, quiet environment which is ideal for reading or working on your laptop.\n\nCons: the coffee.\n\nI asked for a macchiato and what I got was nowhere near a macchiato, but a latte. That bothered me, but coffee is coffee so I took a sip and the coffee tasted disgusting. It was loaded with syrups and ¿milk lumps? too.","Likes":"2"},{"Name":"","Category":"","Rating":" 4 stars ","Number_of_Reviews":"","Address":"","Reviewer":"Jack Gordon","Reviewer_page":"https://www.google.com/maps/contrib/102711997355172084112/reviews?hl=en-US","Review_time":"3 years ago","Review":"⭐⭐⭐⭐Great Starbucks. Fast and knowledgeable staff, and the location is close to a lot of 🏪 retail and shops. Also a skip and jump to main 🏢 downtown area. They recently gave the space a 💄makeover and it definitely made a positive difference.","Likes":"1"},{"Name":"","Category":"","Rating":" 1 star ","Number_of_Reviews":"","Address":"","Reviewer":"Beau","Reviewer_page":"https://www.google.com/maps/contrib/105034140696628170082/reviews?hl=en-US","Review_time":"4 years ago","Review":"This place runs my order every time. Horrible wait, I've had to leave twice with no drink due to the wait. I want to like this place, the crew is nice, but th he drinks and wait keeps me away. Poorly run, only one person on register and one making drinks on a Saturday.","Likes":""},{"Name":"","Category":"","Rating":" 5 stars ","Number_of_Reviews":"","Address":"","Reviewer":"Sadia Afroz","Reviewer_page":"https://www.google.com/maps/contrib/106981640595945098891/reviews?hl=en-US","Review_time":"a year ago","Review":"The staff here are always in a great mood and courteous. Lovely ambiance as well.","Likes":""},{"Name":"","Category":"","Rating":" 5 stars ","Number_of_Reviews":"","Address":"","Reviewer":"Anastasia","Reviewer_page":"https://www.google.com/maps/contrib/109177235191430508425/reviews?hl=en-US","Review_time":"a year ago","Review":"Lovely staff, delicious drinks, and a nice place to make a stop at and charge your phone. Thank you 💕","Likes":"1"},{"Name":"","Category":"","Rating":" 4 stars ","Number_of_Reviews":"","Address":"","Reviewer":"Juana C M","Reviewer_page":"https://www.google.com/maps/contrib/101260067595833166255/reviews?hl=en-US","Review_time":"3 years ago","Review":"I love stopping at this Starbucks location prior to boarding my LIRR train, however is very disappointing that they really have all the items advertised in stock. For example vegan bagels and avocado spread are rarely available","Likes":""},{"Name":"","Category":"","Rating":" 4 stars ","Number_of_Reviews":"","Address":"","Reviewer":"Wei Xin Yuan","Reviewer_page":"https://www.google.com/maps/contrib/105097251228972876149/reviews?hl=en-US","Review_time":"2 years ago","Review":"Convenient spot right off subway. All female staff when I went. Don't think there are fancy coffee places (not deli) within a few blocks of this area.","Likes":""},{"Name":"","Category":"","Rating":" 2 stars ","Number_of_Reviews":"","Address":"","Reviewer":"Mike Edmonds","Reviewer_page":"https://www.google.com/maps/contrib/114051852998126761447/reviews?hl=en-US","Review_time":"4 years ago","Review":"Great location, but 2 our of the 4 times I’ve ordered an iced coffee they forget to give it to me / give it to someone else making it a 10+ wait.","Likes":""},{"Name":"","Category":"","Rating":" 5 stars ","Number_of_Reviews":"","Address":"","Reviewer":"Christopher White","Reviewer_page":"https://www.google.com/maps/contrib/117845046294643266216/reviews?hl=en-US","Review_time":"3 years ago","Review":"I don't usually frequent Starbucks as I don't feel coffee should  e so expensive, but I stopped in with a friend and had something called a Caramel crunch frap, it was the best coffee drink I've ever tasted, will be going there again!!!!","Likes":""},{"Name":"","Category":"","Rating":" 5 stars ","Number_of_Reviews":"","Address":"","Reviewer":"Yuuki Tenjouin","Reviewer_page":"https://www.google.com/maps/contrib/107628462712647483428/reviews?hl=en-US","Review_time":"a year ago","Review":"Love these guys! The service is top notch, and my Chai Latte is perfectly made every time!","Likes":""},{"Name":"","Category":"","Rating":" 3 stars ","Number_of_Reviews":"","Address":"","Reviewer":"Shon Oren","Reviewer_page":"https://www.google.com/maps/contrib/108246736418960140235/reviews?hl=en-US","Review_time":"3 years ago","Review":"Music is loud, oppressive. It does not encourage concentration for doing work, or having conversation; doesn’t it kind of defeat the purpose of Starbucks?","Likes":"1"},{"Name":"","Category":"","Rating":" 5 stars ","Number_of_Reviews":"","Address":"","Reviewer":"M Aziz (Aziz)","Reviewer_page":"https://www.google.com/maps/contrib/113933789259760924413/reviews?hl=en-US","Review_time":"6 months ago","Review":"Love their cold drinks.","Likes":""},{"Name":"","Category":"","Rating":" 5 stars ","Number_of_Reviews":"","Address":"","Reviewer":"Martha Castro","Reviewer_page":"https://www.google.com/maps/contrib/108140923541682315051/reviews?hl=en-US","Review_time":"6 months ago","Review":"Lovr my drinks always perfect!","Likes":""},{"Name":"","Category":"","Rating":" 4 stars ","Number_of_Reviews":"","Address":"","Reviewer":"bill ohagan","Reviewer_page":"https://www.google.com/maps/contrib/111581441056760028046/reviews?hl=en-US","Review_time":"4 years ago","Review":"Its clean, comfortable, plenty of staff, friendly staff, only knock is the music is always to loud. Its annoying, otherwise its a 5 star place.","Likes":""},{"Name":"","Category":"","Rating":" 2 stars ","Number_of_Reviews":"","Address":"","Reviewer":"Collin Bragdon","Reviewer_page":"https://www.google.com/maps/contrib/116614668551609681499/reviews?hl=en-US","Review_time":"a year ago","Review":"The baristas are all miserable and the drinks are sloppy and taste like obligation.  This ain’t it.","Likes":"2"},{"Name":"","Category":"","Rating":" 5 stars ","Number_of_Reviews":"","Address":"","Reviewer":"Maryruth Barnett","Reviewer_page":"https://www.google.com/maps/contrib/103898245110476468159/reviews?hl=en-US","Review_time":"4 years ago","Review":"One of the nicer Starbucks I've been to. Good seating and great location right off the Union St R train stop.","Likes":""},{"Name":"","Category":"","Rating":" 5 stars ","Number_of_Reviews":"","Address":"","Reviewer":"Tenea Aviles","Reviewer_page":"https://www.google.com/maps/contrib/102315074426398924132/reviews?hl=en-US","Review_time":"3 years ago","Review":"This place is great. Fast and friendly service & located right next to the subway. My go to Starbucks 🤘🏼✨","Likes":"2"},{"Name":"","Category":"","Rating":" 1 star ","Number_of_Reviews":"","Address":"","Reviewer":"alex cadena","Reviewer_page":"https://www.google.com/maps/contrib/103693271751063423573/reviews?hl=en-US","Review_time":"2 months ago","Review":"The staff are very nasty","Likes":""},{"Name":"","Category":"","Rating":" 5 stars ","Number_of_Reviews":"","Address":"","Reviewer":"Yaska Gates","Reviewer_page":"https://www.google.com/maps/contrib/107358068813242586402/reviews?hl=en-US","Review_time":"a year ago","Review":"Loved it Enjoyed my Blonde Cofee!","Likes":""},{"Name":"","Category":"","Rating":" 5 stars ","Number_of_Reviews":"","Address":"","Reviewer":"Hypa Smiley (Mikhail John)","Reviewer_page":"https://www.google.com/maps/contrib/115519428125538930447/reviews?hl=en-US","Review_time":"3 years ago","Review":"Good, always excellent customer service, employees always try to be their best and do orders fast 👌🏾","Likes":""},{"Name":"","Category":"","Rating":" 4 stars ","Number_of_Reviews":"","Address":"","Reviewer":"Tobias Garcia","Reviewer_page":"https://www.google.com/maps/contrib/101519615366452949666/reviews?hl=en-US","Review_time":"8 months ago","Review":"Pistachio Cappuccino and Pistachio late,  they are very delicious","Likes":""},{"Name":"","Category":"","Rating":" 4 stars ","Number_of_Reviews":"","Address":"","Reviewer":"Sandra Belalcazar","Reviewer_page":"https://www.google.com/maps/contrib/118004154078917781629/reviews?hl=en-US","Review_time":"a year ago","Review":"Very convenient and good to do some work too.","Likes":""},{"Name":"","Category":"","Rating":" 4 stars ","Number_of_Reviews":"","Address":"","Reviewer":"Bill McBreen","Reviewer_page":"https://www.google.com/maps/contrib/115973492047562658827/reviews?hl=en-US","Review_time":"3 years ago","Review":"Nice brand new Starbucks.  Cool circular couch in the center, plenty of space to hang and work.","Likes":""},{"Name":"","Category":"","Rating":" 5 stars ","Number_of_Reviews":"","Address":"","Reviewer":"Ilisa McLachlan","Reviewer_page":"https://www.google.com/maps/contrib/114911793295759590358/reviews?hl=en-US","Review_time":"3 years ago","Review":"New store on 4th ave and Union Street- directly above the R train- Union Street Stop! Opened from 5:30a-10pm everyday!","Likes":""},{"Name":"","Category":"","Rating":" 5 stars ","Number_of_Reviews":"","Address":"","Reviewer":"John W","Reviewer_page":"https://www.google.com/maps/contrib/112196981069158978409/reviews?hl=en-US","Review_time":"3 years ago","Review":"Very friendly and accommodating folks working here on a busy Saturday morning.","Likes":""},{"Name":"","Category":"","Rating":" 5 stars ","Number_of_Reviews":"","Address":"","Reviewer":"Jermaine Wal","Reviewer_page":"https://www.google.com/maps/contrib/110707736724662760176/reviews?hl=en-US","Review_time":"10 months ago","Review":"Clean fast great customer service","Likes":"1"},{"Name":"","Category":"","Rating":" 5 stars ","Number_of_Reviews":"","Address":"","Reviewer":"Sarah Leonard-Chang","Reviewer_page":"https://www.google.com/maps/contrib/105709633048603673985/reviews?hl=en-US","Review_time":"3 years ago","Review":"Super clean and cozy atmosphere. Service is great too","Likes":""},{"Name":"","Category":"","Rating":" 5 stars ","Number_of_Reviews":"","Address":"","Reviewer":"Scott Kleinberg","Reviewer_page":"https://www.google.com/maps/contrib/107048308239777445040/reviews?hl=en-US","Review_time":"4 years ago","Review":"Of all the Starbucks in the area, this one is best. It’s new, so here’s hoping it stays that way.","Likes":""},{"Name":"","Category":"","Rating":" 5 stars ","Number_of_Reviews":"","Address":"","Reviewer":"Simon Cousins","Reviewer_page":"https://www.google.com/maps/contrib/109706430522838061676/reviews?hl=en-US","Review_time":"2 years ago","Review":"This is a spacious one, and I always enjoy chilling here for a few minutes","Likes":""},{"Name":"","Category":"","Rating":" 5 stars ","Number_of_Reviews":"","Address":"","Reviewer":"Nyoka Cole","Reviewer_page":"https://www.google.com/maps/contrib/112513006188441237795/reviews?hl=en-US","Review_time":"3 years ago","Review":"Very fast pase setting. But i still like it","Likes":""},{"Name":"","Category":"","Rating":" 5 stars ","Number_of_Reviews":"","Address":"","Reviewer":"Leo Chan","Reviewer_page":"https://www.google.com/maps/contrib/115965433533201420313/reviews?hl=en-US","Review_time":"2 years ago","Review":"Clean and fast service. Clean bathroom.  No complain.","Likes":""},{"Name":"","Category":"","Rating":" 5 stars ","Number_of_Reviews":"","Address":"","Reviewer":"shariz alamin","Reviewer_page":"https://www.google.com/maps/contrib/101543220250470518539/reviews?hl=en-US","Review_time":"3 years ago","Review":"They have a wonderful soy latte.","Likes":""},{"Name":"","Category":"","Rating":" 5 stars ","Number_of_Reviews":"","Address":"","Reviewer":"Remigiusz Placzek","Reviewer_page":"https://www.google.com/maps/contrib/106481733763618816600/reviews?hl=en-US","Review_time":"3 years ago","Review":"Best Starbucks in NYC. Fast and Clean...","Likes":""},{"Name":"","Category":"","Rating":" 5 stars ","Number_of_Reviews":"","Address":"","Reviewer":"Jorge M Carrillo","Reviewer_page":"https://www.google.com/maps/contrib/103009583048324271717/reviews?hl=en-US","Review_time":"11 months ago","Review":"Excelent place coffee ☕","Likes":""},{"Name":"","Category":"","Rating":" 3 stars ","Number_of_Reviews":"","Address":"","Reviewer":"Oscar Vera","Reviewer_page":"https://www.google.com/maps/contrib/115956614608853656882/reviews?hl=en-US","Review_time":"a year ago","Review":"Regular place with NOT BATHROOM AVAILABLE","Likes":""},{"Name":"","Category":"","Rating":" 5 stars ","Number_of_Reviews":"","Address":"","Reviewer":"SS","Reviewer_page":"https://www.google.com/maps/contrib/104207911265666558250/reviews?hl=en-US","Review_time":"4 years ago","Review":"Great service always quick at this location.","Likes":"1"},{"Name":"","Category":"","Rating":" 4 stars ","Number_of_Reviews":"","Address":"","Reviewer":"Francis Ramos","Reviewer_page":"https://www.google.com/maps/contrib/109159183813858776705/reviews?hl=en-US","Review_time":"3 years ago","Review":"Clean space and friendly staff. Music too damn loud though.","Likes":"1"},{"Name":"","Category":"","Rating":" 5 stars ","Number_of_Reviews":"","Address":"","Reviewer":"Elyorjon Avazov","Reviewer_page":"https://www.google.com/maps/contrib/110640971014351474341/reviews?hl=en-US","Review_time":"3 years ago","Review":"Restrooms no need to PIN Code","Likes":""},{"Name":"","Category":"","Rating":" 4 stars ","Number_of_Reviews":"","Address":"","Reviewer":"Jean Haley","Reviewer_page":"https://www.google.com/maps/contrib/104607970003376313740/reviews?hl=en-US","Review_time":"3 years ago","Review":"Located in front of union station, that's convenient.","Likes":""},{"Name":"","Category":"","Rating":" 5 stars ","Number_of_Reviews":"","Address":"","Reviewer":"Michelle Espin","Reviewer_page":"https://www.google.com/maps/contrib/104982627210426184495/reviews?hl=en-US","Review_time":"2 years ago","Review":"Very polite, nice environment","Likes":"1"},{"Name":"","Category":"","Rating":" 1 star ","Number_of_Reviews":"","Address":"","Reviewer":"Jose Lopez","Reviewer_page":"https://www.google.com/maps/contrib/107347689275648321978/reviews?hl=en-US","Review_time":"3 years ago","Review":"20 min for a latte and only 3 customers","Likes":""},{"Name":"","Category":"","Rating":" 5 stars ","Number_of_Reviews":"","Address":"","Reviewer":"Rajashree S Campbell","Reviewer_page":"https://www.google.com/maps/contrib/115204283947493669973/reviews?hl=en-US","Review_time":"2 years ago","Review":"Excellent staff at this location!","Likes":""},{"Name":"","Category":"","Rating":" 5 stars ","Number_of_Reviews":"","Address":"","Reviewer":"Karen neckles","Reviewer_page":"https://www.google.com/maps/contrib/116078885580935625233/reviews?hl=en-US","Review_time":"3 years ago","Review":"Try the pink drink_ LOVED IT!","Likes":""},{"Name":"","Category":"","Rating":" 5 stars ","Number_of_Reviews":"","Address":"","Reviewer":"Erika Taylor","Reviewer_page":"https://www.google.com/maps/contrib/105832793087437373985/reviews?hl=en-US","Review_time":"a year ago","Review":"Great location and staff.","Likes":""},{"Name":"","Category":"","Rating":" 5 stars ","Number_of_Reviews":"","Address":"","Reviewer":"Sharon Naupari","Reviewer_page":"https://www.google.com/maps/contrib/102764212190826667831/reviews?hl=en-US","Review_time":"11 months ago","Review":"On Point!","Likes":""},{"Name":"","Category":"","Rating":" 5 stars ","Number_of_Reviews":"","Address":"","Reviewer":"wendy crispell","Reviewer_page":"https://www.google.com/maps/contrib/104837597828618669221/reviews?hl=en-US","Review_time":"3 years ago","Review":"Love nitro brew!","Likes":""},{"Name":"","Category":"","Rating":" 5 stars ","Number_of_Reviews":"","Address":"","Reviewer":"Tiwana Lewis (VIPSexylimodrver)","Reviewer_page":"https://www.google.com/maps/contrib/116262116981400100769/reviews?hl=en-US","Review_time":"2 years ago","Review":"One of my Favorite Locations!!!!!!! ♥️","Likes":""},{"Name":"","Category":"","Rating":" 5 stars ","Number_of_Reviews":"","Address":"","Reviewer":"O LM","Reviewer_page":"https://www.google.com/maps/contrib/101066597161663408982/reviews?hl=en-US","Review_time":"a year ago","Review":"very kind staff","Likes":""},{"Name":"","Category":"","Rating":" 5 stars ","Number_of_Reviews":"","Address":"","Reviewer":"E T","Reviewer_page":"https://www.google.com/maps/contrib/109201735126575699834/reviews?hl=en-US","Review_time":"10 months ago","Review":"Great service","Likes":""},{"Name":"","Category":"","Rating":" 5 stars ","Number_of_Reviews":"","Address":"","Reviewer":"Mohamed Bireir Jr.","Reviewer_page":"https://www.google.com/maps/contrib/100730489253057497892/reviews?hl=en-US","Review_time":"3 years ago","Review":"Very good","Likes":""},{"Name":"","Category":"","Rating":" 4 stars ","Number_of_Reviews":"","Address":"","Reviewer":"Joe Petty","Reviewer_page":"https://www.google.com/maps/contrib/109197327285389500378/reviews?hl=en-US","Review_time":"a year ago","Review":"Great","Likes":""},{"Name":"","Category":"","Rating":" 5 stars ","Number_of_Reviews":"","Address":"","Reviewer":"Victor Cruz","Reviewer_page":"https://www.google.com/maps/contrib/100492480903198722114/reviews?hl=en-US","Review_time":"a year ago","Review":"They has coffee","Likes":""},{"Name":"","Category":"","Rating":" 5 stars ","Number_of_Reviews":"","Address":"","Reviewer":"Camille McIntosh","Reviewer_page":"https://www.google.com/maps/contrib/102011633158268565742/reviews?hl=en-US","Review_time":"3 years ago","Review":"Delicious!","Likes":""},{"Name":"","Category":"","Rating":" 5 stars ","Number_of_Reviews":"","Address":"","Reviewer":"Shelley Rodriguez","Reviewer_page":"https://www.google.com/maps/contrib/109172188391400725792/reviews?hl=en-US","Review_time":"3 years ago","Review":"Yay. One next to where! Live","Likes":""},{"Name":"","Category":"","Rating":" 1 star ","Number_of_Reviews":"","Address":"","Reviewer":"caiqi wei","Reviewer_page":"https://www.google.com/maps/contrib/109077577068413138713/reviews?hl=en-US","Review_time":"3 years ago","Review":"The barista was rude","Likes":""},{"Name":"","Category":"","Rating":" 5 stars ","Number_of_Reviews":"","Address":"","Reviewer":"Eladia Benson","Reviewer_page":"https://www.google.com/maps/contrib/109545877670985846071/reviews?hl=en-US","Review_time":"a year ago","Review":"Great place!","Likes":""},{"Name":"","Category":"","Rating":" 4 stars ","Number_of_Reviews":"","Address":"","Reviewer":"Andrew Bogart","Reviewer_page":"https://www.google.com/maps/contrib/114688469882663609110/reviews?hl=en-US","Review_time":"3 years ago","Review":"Crowded, no seats","Likes":""},{"Name":"","Category":"","Rating":" 5 stars ","Number_of_Reviews":"","Address":"","Reviewer":"R Lawson","Reviewer_page":"https://www.google.com/maps/contrib/104794651662381250461/reviews?hl=en-US","Review_time":"3 years ago","Review":"Love it","Likes":""},{"Name":"","Category":"","Rating":" 4 stars ","Number_of_Reviews":"","Address":"","Reviewer":"Sergio Fanchiotti","Reviewer_page":"https://www.google.com/maps/contrib/106268777164202961913/reviews?hl=en-US","Review_time":"2 years ago","Review":"Coffee!","Likes":""},{"Name":"","Category":"","Rating":" 5 stars ","Number_of_Reviews":"","Address":"","Reviewer":"Mauricio Vasquez","Reviewer_page":"https://www.google.com/maps/contrib/101446348968589992914/reviews?hl=en-US","Review_time":"2 years ago","Review":"Its a great place","Likes":""},{"Name":"","Category":"","Rating":" 5 stars ","Number_of_Reviews":"","Address":"","Reviewer":"Lydia Figueroa","Reviewer_page":"https://www.google.com/maps/contrib/110716384109302784259/reviews?hl=en-US","Review_time":"2 years ago","Review":"Very friendly","Likes":""},{"Name":"","Category":"","Rating":" 5 stars ","Number_of_Reviews":"","Address":"","Reviewer":"Joc “Jay raquel” Sosa","Reviewer_page":"https://www.google.com/maps/contrib/106719012920190136295/reviews?hl=en-US","Review_time":"3 years ago","Review":"👍🏻","Likes":""},{"Name":"","Category":"","Rating":" 5 stars ","Number_of_Reviews":"","Address":"","Reviewer":"Mary Williams","Reviewer_page":"https://www.google.com/maps/contrib/109857227861940848960/reviews?hl=en-US","Review_time":"3 years ago","Review":"Super!!!!","Likes":""},{"Name":"","Category":"","Rating":" 5 stars ","Number_of_Reviews":"","Address":"","Reviewer":"Jazmine Boria","Reviewer_page":"https://www.google.com/maps/contrib/106257502342803613218/reviews?hl=en-US","Review_time":"3 years ago","Review":"Everyone I send","Likes":""},{"Name":"","Category":"","Rating":" 5 stars ","Number_of_Reviews":"","Address":"","Reviewer":"Osamh Issa","Reviewer_page":"https://www.google.com/maps/contrib/104425722487679878609/reviews?hl=en-US","Review_time":"4 years ago","Review":"Thanks","Likes":""},{"Name":"","Category":"","Rating":" 4 stars ","Number_of_Reviews":"","Address":"","Reviewer":"Gustavo Tlacoxolal","Reviewer_page":"https://www.google.com/maps/contrib/102316469391896534454/reviews?hl=en-US","Review_time":"3 years ago","Review":"Nice place","Likes":""},{"Name":"","Category":"","Rating":" 4 stars ","Number_of_Reviews":"","Address":"","Reviewer":"B.I. Box","Reviewer_page":"https://www.google.com/maps/contrib/114006715197722960409/reviews?hl=en-US","Review_time":"a week ago","Review":"Pretty busy and noisy but it still has coffee","Likes":""},{"Name":"","Category":"","Rating":" 4 stars ","Number_of_Reviews":"","Address":"","Reviewer":"Marco Velasquez","Reviewer_page":"https://www.google.com/maps/contrib/115987539672932233430/reviews?hl=en-US","Review_time":"11 months ago","Review":"(Translated by Google) Good customer service I liked and above all very clean and has a bathroom which is the main thing. valan\n\n(Original)\nBuena atención al cliente me gustó y sobretodo muy limpio y tiene baño q es lo principal. Vallan","Likes":""},{"Name":"","Category":"","Rating":" 3 stars ","Number_of_Reviews":"","Address":"","Reviewer":"Simon Daluz","Reviewer_page":"https://www.google.com/maps/contrib/104327427256383959542/reviews?hl=en-US","Review_time":"5 months ago","Review":"(Translated by Google) ) ?? ::\nU Jim 6omjjju\n\n(Original)\n)??::\nU       Jim 6omjjju","Likes":""},{"Name":"","Category":"","Rating":" 4 stars ","Number_of_Reviews":"","Address":"","Reviewer":"Silvio Marcia","Reviewer_page":"https://www.google.com/maps/contrib/112726733048044171678/reviews?hl=en-US","Review_time":"2 years ago","Review":"(Translated by Google) Very friendly staff and spacious place.\n\n(Original)\nMuy amable el personal y espacioso el lugar.","Likes":""},{"Name":"","Category":"","Rating":" 5 stars ","Number_of_Reviews":"","Address":"","Reviewer":"Emiler Franco","Reviewer_page":"https://www.google.com/maps/contrib/101258358696901887796/reviews?hl=en-US","Review_time":"2 years ago","Review":"(Translated by Google) Pretty good\n\n(Original)\nBastante bueno","Likes":""},{"Name":"","Category":"","Rating":" 4 stars ","Number_of_Reviews":"","Address":"","Reviewer":"Jeremy Horn","Reviewer_page":"https://www.google.com/maps/contrib/109714009508792173900/reviews?hl=en-US","Review_time":"4 months ago","Review":"","Likes":""},{"Name":"","Category":"","Rating":" 4 stars ","Number_of_Reviews":"","Address":"","Reviewer":"Tanya Davies","Reviewer_page":"https://www.google.com/maps/contrib/118206104052776950473/reviews?hl=en-US","Review_time":"8 months ago","Review":"","Likes":""},{"Name":"","Category":"","Rating":" 5 stars ","Number_of_Reviews":"","Address":"","Reviewer":"Aiyana Ma","Reviewer_page":"https://www.google.com/maps/contrib/106344246868049723503/reviews?hl=en-US","Review_time":"11 months ago","Review":"","Likes":""},{"Name":"","Category":"","Rating":" 5 stars ","Number_of_Reviews":"","Address":"","Reviewer":"linda bryan","Reviewer_page":"https://www.google.com/maps/contrib/112578036330046534834/reviews?hl=en-US","Review_time":"a year ago","Review":"","Likes":""},{"Name":"","Category":"","Rating":" 5 stars ","Number_of_Reviews":"","Address":"","Reviewer":"Maria Lopez","Reviewer_page":"https://www.google.com/maps/contrib/117050507428540267632/reviews?hl=en-US","Review_time":"3 years ago","Review":"👍👍👍👍👍👍👍","Likes":""},{"Name":"","Category":"","Rating":" 4 stars ","Number_of_Reviews":"","Address":"","Reviewer":"Z AM","Reviewer_page":"https://www.google.com/maps/contrib/116567388539685503353/reviews?hl=en-US","Review_time":"3 years ago","Review":"","Likes":""},{"Name":"","Category":"","Rating":" 5 stars ","Number_of_Reviews":"","Address":"","Reviewer":"Pune","Reviewer_page":"https://www.google.com/maps/contrib/115076954800219896621/reviews?hl=en-US","Review_time":"3 years ago","Review":"","Likes":""},{"Name":"","Category":"","Rating":" 5 stars ","Number_of_Reviews":"","Address":"","Reviewer":"calvin davis","Reviewer_page":"https://www.google.com/maps/contrib/118009650078960318999/reviews?hl=en-US","Review_time":"3 years ago","Review":"","Likes":""},{"Name":"","Category":"","Rating":" 5 stars ","Number_of_Reviews":"","Address":"","Reviewer":"Paola Sovali","Reviewer_page":"https://www.google.com/maps/contrib/117704450406641209767/reviews?hl=en-US","Review_time":"2 years ago","Review":"","Likes":""},{"Name":"","Category":"","Rating":" 4 stars ","Number_of_Reviews":"","Address":"","Reviewer":"Ayashii Dove","Reviewer_page":"https://www.google.com/maps/contrib/100567811256092926347/reviews?hl=en-US","Review_time":"3 years ago","Review":"","Likes":""},{"Name":"","Category":"","Rating":" 5 stars ","Number_of_Reviews":"","Address":"","Reviewer":"Carla Lewis-Irizarry","Reviewer_page":"https://www.google.com/maps/contrib/115251577858773386573/reviews?hl=en-US","Review_time":"a year ago","Review":"","Likes":""},{"Name":"","Category":"","Rating":" 5 stars ","Number_of_Reviews":"","Address":"","Reviewer":"Sabrina Motley","Reviewer_page":"https://www.google.com/maps/contrib/112511883494000869324/reviews?hl=en-US","Review_time":"3 years ago","Review":"","Likes":""},{"Name":"","Category":"","Rating":" 5 stars ","Number_of_Reviews":"","Address":"","Reviewer":"Sapna Mehta","Reviewer_page":"https://www.google.com/maps/contrib/117136657736966148728/reviews?hl=en-US","Review_time":"6 months ago","Review":"","Likes":""},{"Name":"","Category":"","Rating":" 3 stars ","Number_of_Reviews":"","Address":"","Reviewer":"Masum Billah","Reviewer_page":"https://www.google.com/maps/contrib/111618302776040013320/reviews?hl=en-US","Review_time":"4 weeks ago","Review":"","Likes":""},{"Name":"","Category":"","Rating":" 4 stars ","Number_of_Reviews":"","Address":"","Reviewer":"Spencer Grey","Reviewer_page":"https://www.google.com/maps/contrib/105925085956233660842/reviews?hl=en-US","Review_time":"3 years ago","Review":"","Likes":""},{"Name":"","Category":"","Rating":" 5 stars ","Number_of_Reviews":"","Address":"","Reviewer":"Joyce Verheije","Reviewer_page":"https://www.google.com/maps/contrib/107100728699502501337/reviews?hl=en-US","Review_time":"3 years ago","Review":"","Likes":""},{"Name":"","Category":"","Rating":" 2 stars ","Number_of_Reviews":"","Address":"","Reviewer":"catbatification","Reviewer_page":"https://www.google.com/maps/contrib/109565637580249635540/reviews?hl=en-US","Review_time":"3 years ago","Review":"","Likes":""},{"Name":"","Category":"","Rating":" 5 stars ","Number_of_Reviews":"","Address":"","Reviewer":"Kaila Mckie","Reviewer_page":"https://www.google.com/maps/contrib/115400898382234633448/reviews?hl=en-US","Review_time":"a year ago","Review":"","Likes":""},{"Name":"","Category":"","Rating":" 5 stars ","Number_of_Reviews":"","Address":"","Reviewer":"Maria Silva","Reviewer_page":"https://www.google.com/maps/contrib/107836036628119056078/reviews?hl=en-US","Review_time":"11 months ago","Review":"","Likes":""},{"Name":"","Category":"","Rating":" 5 stars ","Number_of_Reviews":"","Address":"","Reviewer":"Christopher ramirez","Reviewer_page":"https://www.google.com/maps/contrib/101158019265382839814/reviews?hl=en-US","Review_time":"3 years ago","Review":"","Likes":""},{"Name":"","Category":"","Rating":" 3 stars ","Number_of_Reviews":"","Address":"","Reviewer":"Libby Ruska","Reviewer_page":"https://www.google.com/maps/contrib/102799850276058110991/reviews?hl=en-US","Review_time":"3 years ago","Review":"","Likes":""},{"Name":"","Category":"","Rating":" 5 stars ","Number_of_Reviews":"","Address":"","Reviewer":"sandhya laturkar","Reviewer_page":"https://www.google.com/maps/contrib/104643033810748834225/reviews?hl=en-US","Review_time":"3 years ago","Review":"","Likes":""},{"Name":"","Category":"","Rating":" 5 stars ","Number_of_Reviews":"","Address":"","Reviewer":"Simply Ursula","Reviewer_page":"https://www.google.com/maps/contrib/112469096482663740570/reviews?hl=en-US","Review_time":"a year ago","Review":"","Likes":""},{"Name":"","Category":"","Rating":" 5 stars ","Number_of_Reviews":"","Address":"","Reviewer":"Irina Ivanova","Reviewer_page":"https://www.google.com/maps/contrib/108735637047891551111/reviews?hl=en-US","Review_time":"a year ago","Review":"","Likes":""},{"Name":"","Category":"","Rating":" 5 stars ","Number_of_Reviews":"","Address":"","Reviewer":"Sergio Angel Salgado Cabrera","Reviewer_page":"https://www.google.com/maps/contrib/103023494011230725237/reviews?hl=en-US","Review_time":"2 years ago","Review":"","Likes":""},{"Name":"","Category":"","Rating":" 5 stars ","Number_of_Reviews":"","Address":"","Reviewer":"Tami Wils","Reviewer_page":"https://www.google.com/maps/contrib/113253226817554260381/reviews?hl=en-US","Review_time":"3 years ago","Review":"","Likes":""},{"Name":"","Category":"","Rating":" 5 stars ","Number_of_Reviews":"","Address":"","Reviewer":"andrew nelson","Reviewer_page":"https://www.google.com/maps/contrib/106115959753778731355/reviews?hl=en-US","Review_time":"10 months ago","Review":"","Likes":""},{"Name":"","Category":"","Rating":" 5 stars ","Number_of_Reviews":"","Address":"","Reviewer":"Selena Segnibo","Reviewer_page":"https://www.google.com/maps/contrib/100813807263851180667/reviews?hl=en-US","Review_time":"2 years ago","Review":"","Likes":""},{"Name":"","Category":"","Rating":" 3 stars ","Number_of_Reviews":"","Address":"","Reviewer":"Jay Chu","Reviewer_page":"https://www.google.com/maps/contrib/111476863948758706851/reviews?hl=en-US","Review_time":"3 years ago","Review":"","Likes":""},{"Name":"","Category":"","Rating":" 4 stars ","Number_of_Reviews":"","Address":"","Reviewer":"Jazzmyne Webster","Reviewer_page":"https://www.google.com/maps/contrib/107458394043919109950/reviews?hl=en-US","Review_time":"2 years ago","Review":"","Likes":""},{"Name":"","Category":"","Rating":" 5 stars ","Number_of_Reviews":"","Address":"","Reviewer":"yosse Lamm","Reviewer_page":"https://www.google.com/maps/contrib/100322165065938867662/reviews?hl=en-US","Review_time":"2 months ago","Review":"","Likes":""},{"Name":"","Category":"","Rating":" 5 stars ","Number_of_Reviews":"","Address":"","Reviewer":"K Sou","Reviewer_page":"https://www.google.com/maps/contrib/111608898251278623992/reviews?hl=en-US","Review_time":"3 years ago","Review":"","Likes":""},{"Name":"","Category":"","Rating":" 5 stars ","Number_of_Reviews":"","Address":"","Reviewer":"Sean Varon","Reviewer_page":"https://www.google.com/maps/contrib/101916290112242411456/reviews?hl=en-US","Review_time":"11 months ago","Review":"","Likes":""},{"Name":"","Category":"","Rating":" 5 stars ","Number_of_Reviews":"","Address":"","Reviewer":"Amanda Barron","Reviewer_page":"https://www.google.com/maps/contrib/116678979663129081894/reviews?hl=en-US","Review_time":"3 years ago","Review":"","Likes":""},{"Name":"","Category":"","Rating":" 2 stars ","Number_of_Reviews":"","Address":"","Reviewer":"Tiago Luchini","Reviewer_page":"https://www.google.com/maps/contrib/101962529857578716576/reviews?hl=en-US","Review_time":"3 years ago","Review":"","Likes":""},{"Name":"","Category":"","Rating":" 4 stars ","Number_of_Reviews":"","Address":"","Reviewer":"Fungai 64","Reviewer_page":"https://www.google.com/maps/contrib/108057582926220732426/reviews?hl=en-US","Review_time":"3 years ago","Review":"","Likes":""},{"Name":"","Category":"","Rating":" 5 stars ","Number_of_Reviews":"","Address":"","Reviewer":"Sherena Readous","Reviewer_page":"https://www.google.com/maps/contrib/110361610523809106428/reviews?hl=en-US","Review_time":"a month ago","Review":"","Likes":""},{"Name":"","Category":"","Rating":" 4 stars ","Number_of_Reviews":"","Address":"","Reviewer":"Jason Pierce","Reviewer_page":"https://www.google.com/maps/contrib/106836304648382654469/reviews?hl=en-US","Review_time":"10 months ago","Review":"","Likes":""},{"Name":"","Category":"","Rating":" 5 stars ","Number_of_Reviews":"","Address":"","Reviewer":"Sherine Bruce","Reviewer_page":"https://www.google.com/maps/contrib/103287650308164181168/reviews?hl=en-US","Review_time":"a year ago","Review":"","Likes":""},{"Name":"","Category":"","Rating":" 4 stars ","Number_of_Reviews":"","Address":"","Reviewer":"Mark I Rivera","Reviewer_page":"https://www.google.com/maps/contrib/110537577402229792669/reviews?hl=en-US","Review_time":"a year ago","Review":"","Likes":""},{"Name":"","Category":"","Rating":" 5 stars ","Number_of_Reviews":"","Address":"","Reviewer":"Samantha Brown","Reviewer_page":"https://www.google.com/maps/contrib/107063636609235598926/reviews?hl=en-US","Review_time":"3 years ago","Review":"","Likes":""},{"Name":"","Category":"","Rating":" 5 stars ","Number_of_Reviews":"","Address":"","Reviewer":"Angelo Cortiella","Reviewer_page":"https://www.google.com/maps/contrib/104891356692422246872/reviews?hl=en-US","Review_time":"3 years ago","Review":"","Likes":""},{"Name":"","Category":"","Rating":" 5 stars ","Number_of_Reviews":"","Address":"","Reviewer":"Linda Vega","Reviewer_page":"https://www.google.com/maps/contrib/107428592148878347654/reviews?hl=en-US","Review_time":"3 years ago","Review":"","Likes":""},{"Name":"","Category":"","Rating":" 5 stars ","Number_of_Reviews":"","Address":"","Reviewer":"Barbara Perez","Reviewer_page":"https://www.google.com/maps/contrib/114808734560846403645/reviews?hl=en-US","Review_time":"a month ago","Review":"","Likes":""},{"Name":"","Category":"","Rating":" 5 stars ","Number_of_Reviews":"","Address":"","Reviewer":"Felicia Scott","Reviewer_page":"https://www.google.com/maps/contrib/116710136141167554166/reviews?hl=en-US","Review_time":"2 months ago","Review":"","Likes":""},{"Name":"","Category":"","Rating":" 4 stars ","Number_of_Reviews":"","Address":"","Reviewer":"Sarah Ing","Reviewer_page":"https://www.google.com/maps/contrib/117078724945508421416/reviews?hl=en-US","Review_time":"2 years ago","Review":"","Likes":""},{"Name":"","Category":"","Rating":" 5 stars ","Number_of_Reviews":"","Address":"","Reviewer":"Sheila Santos","Reviewer_page":"https://www.google.com/maps/contrib/111779052333014198117/reviews?hl=en-US","Review_time":"3 years ago","Review":"","Likes":""},{"Name":"","Category":"","Rating":" 4 stars ","Number_of_Reviews":"","Address":"","Reviewer":"Eric Schneider","Reviewer_page":"https://www.google.com/maps/contrib/118087135443480810393/reviews?hl=en-US","Review_time":"2 years ago","Review":"","Likes":""},{"Name":"","Category":"","Rating":" 5 stars ","Number_of_Reviews":"","Address":"","Reviewer":"Keith Carter","Reviewer_page":"https://www.google.com/maps/contrib/102702219321547428226/reviews?hl=en-US","Review_time":"a year ago","Review":"","Likes":""},{"Name":"","Category":"","Rating":" 5 stars ","Number_of_Reviews":"","Address":"","Reviewer":"Deyna Thompson","Reviewer_page":"https://www.google.com/maps/contrib/111092738233480760242/reviews?hl=en-US","Review_time":"a year ago","Review":"","Likes":""},{"Name":"","Category":"","Rating":" 5 stars ","Number_of_Reviews":"","Address":"","Reviewer":"Eric Li","Reviewer_page":"https://www.google.com/maps/contrib/108814076694367610714/reviews?hl=en-US","Review_time":"4 years ago","Review":"","Likes":""},{"Name":"","Category":"","Rating":" 5 stars ","Number_of_Reviews":"","Address":"","Reviewer":"N Farington","Reviewer_page":"https://www.google.com/maps/contrib/113563502593866302540/reviews?hl=en-US","Review_time":"3 years ago","Review":"","Likes":""},{"Name":"","Category":"","Rating":" 4 stars ","Number_of_Reviews":"","Address":"","Reviewer":"Daniel Grijalva","Reviewer_page":"https://www.google.com/maps/contrib/105742297816952785969/reviews?hl=en-US","Review_time":"3 years ago","Review":"","Likes":""},{"Name":"","Category":"","Rating":" 4 stars ","Number_of_Reviews":"","Address":"","Reviewer":"Jefferson Morán","Reviewer_page":"https://www.google.com/maps/contrib/116344165135234026972/reviews?hl=en-US","Review_time":"3 years ago","Review":"","Likes":""},{"Name":"","Category":"","Rating":" 4 stars ","Number_of_Reviews":"","Address":"","Reviewer":"Liza Charles","Reviewer_page":"https://www.google.com/maps/contrib/118051102878914601006/reviews?hl=en-US","Review_time":"3 years ago","Review":"","Likes":""},{"Name":"","Category":"","Rating":" 4 stars ","Number_of_Reviews":"","Address":"","Reviewer":"Rice Ball","Reviewer_page":"https://www.google.com/maps/contrib/107343927695027312080/reviews?hl=en-US","Review_time":"2 years ago","Review":"","Likes":""},{"Name":"","Category":"","Rating":" 5 stars ","Number_of_Reviews":"","Address":"","Reviewer":"Conception Garcia","Reviewer_page":"https://www.google.com/maps/contrib/114862033964024622379/reviews?hl=en-US","Review_time":"2 years ago","Review":"","Likes":""},{"Name":"","Category":"","Rating":" 4 stars ","Number_of_Reviews":"","Address":"","Reviewer":"Jhovani Cuadros","Reviewer_page":"https://www.google.com/maps/contrib/100793365260292074227/reviews?hl=en-US","Review_time":"2 years ago","Review":"","Likes":""},{"Name":"","Category":"","Rating":" 3 stars ","Number_of_Reviews":"","Address":"","Reviewer":"M Skinner","Reviewer_page":"https://www.google.com/maps/contrib/103761064200003755916/reviews?hl=en-US","Review_time":"a year ago","Review":"","Likes":""},{"Name":"","Category":"","Rating":" 5 stars ","Number_of_Reviews":"","Address":"","Reviewer":"Lesly D","Reviewer_page":"https://www.google.com/maps/contrib/107013514717239279787/reviews?hl=en-US","Review_time":"a year ago","Review":"","Likes":""},{"Name":"","Category":"","Rating":" 5 stars ","Number_of_Reviews":"","Address":"","Reviewer":"Ken Lee","Reviewer_page":"https://www.google.com/maps/contrib/102691167279966187000/reviews?hl=en-US","Review_time":"2 years ago","Review":"","Likes":""},{"Name":"","Category":"","Rating":" 1 star ","Number_of_Reviews":"","Address":"","Reviewer":"A C","Reviewer_page":"https://www.google.com/maps/contrib/110539971182957541756/reviews?hl=en-US","Review_time":"a year ago","Review":"","Likes":""},{"Name":"","Category":"","Rating":" 4 stars ","Number_of_Reviews":"","Address":"","Reviewer":"Justin O'Boyle","Reviewer_page":"https://www.google.com/maps/contrib/101826980417054546268/reviews?hl=en-US","Review_time":"2 years ago","Review":"","Likes":""},{"Name":"","Category":"","Rating":" 1 star ","Number_of_Reviews":"","Address":"","Reviewer":"M Shafiqul Islam","Reviewer_page":"https://www.google.com/maps/contrib/111544614770046898659/reviews?hl=en-US","Review_time":"a year ago","Review":"","Likes":""},{"Name":"","Category":"","Rating":" 4 stars ","Number_of_Reviews":"","Address":"","Reviewer":"Soo Yip Hung","Reviewer_page":"https://www.google.com/maps/contrib/111728673740402119355/reviews?hl=en-US","Review_time":"3 years ago","Review":"","Likes":""},{"Name":"","Category":"","Rating":" 3 stars ","Number_of_Reviews":"","Address":"","Reviewer":"Cindy Le Bel","Reviewer_page":"https://www.google.com/maps/contrib/103287579020380999973/reviews?hl=en-US","Review_time":"3 years ago","Review":"","Likes":""},{"Name":"","Category":"","Rating":" 5 stars ","Number_of_Reviews":"","Address":"","Reviewer":"Mister .Marc","Reviewer_page":"https://www.google.com/maps/contrib/100483076464278465406/reviews?hl=en-US","Review_time":"3 years ago","Review":"","Likes":""},{"Name":"","Category":"","Rating":" 5 stars ","Number_of_Reviews":"","Address":"","Reviewer":"Hector Cadeaux","Reviewer_page":"https://www.google.com/maps/contrib/115138508629544345973/reviews?hl=en-US","Review_time":"3 years ago","Review":"","Likes":""},{"Name":"","Category":"","Rating":" 4 stars ","Number_of_Reviews":"","Address":"","Reviewer":"Manuel Morales","Reviewer_page":"https://www.google.com/maps/contrib/108632369761572611620/reviews?hl=en-US","Review_time":"5 months ago","Review":"","Likes":""},{"Name":"","Category":"","Rating":" 5 stars ","Number_of_Reviews":"","Address":"","Reviewer":"Rob Cornell","Reviewer_page":"https://www.google.com/maps/contrib/116146940770116254794/reviews?hl=en-US","Review_time":"2 years ago","Review":"","Likes":""},{"Name":"","Category":"","Rating":" 4 stars ","Number_of_Reviews":"","Address":"","Reviewer":"navigation dreamer","Reviewer_page":"https://www.google.com/maps/contrib/107751992282132780037/reviews?hl=en-US","Review_time":"3 years ago","Review":"","Likes":""},{"Name":"","Category":"","Rating":" 3 stars ","Number_of_Reviews":"","Address":"","Reviewer":"Tom Klaber","Reviewer_page":"https://www.google.com/maps/contrib/112096421902051724570/reviews?hl=en-US","Review_time":"a year ago","Review":"","Likes":""},{"Name":"","Category":"","Rating":" 5 stars ","Number_of_Reviews":"","Address":"","Reviewer":"Nurse Punkie","Reviewer_page":"https://www.google.com/maps/contrib/106054385645915771888/reviews?hl=en-US","Review_time":"2 years ago","Review":"","Likes":""},{"Name":"","Category":"","Rating":" 4 stars ","Number_of_Reviews":"","Address":"","Reviewer":"Molly Cooley","Reviewer_page":"https://www.google.com/maps/contrib/114169463340542015917/reviews?hl=en-US","Review_time":"2 years ago","Review":"","Likes":""},{"Name":"","Category":"","Rating":" 5 stars ","Number_of_Reviews":"","Address":"","Reviewer":"Berenice Alfaro","Reviewer_page":"https://www.google.com/maps/contrib/114867527078244217535/reviews?hl=en-US","Review_time":"a year ago","Review":"","Likes":""},{"Name":"","Category":"","Rating":" 5 stars ","Number_of_Reviews":"","Address":"","Reviewer":"Francisco Rubio","Reviewer_page":"https://www.google.com/maps/contrib/117053335118529006364/reviews?hl=en-US","Review_time":"2 years ago","Review":"","Likes":""},{"Name":"","Category":"","Rating":" 5 stars ","Number_of_Reviews":"","Address":"","Reviewer":"orgullo mexicano","Reviewer_page":"https://www.google.com/maps/contrib/117942018615835746074/reviews?hl=en-US","Review_time":"2 years ago","Review":"","Likes":""},{"Name":"","Category":"","Rating":" 5 stars ","Number_of_Reviews":"","Address":"","Reviewer":"Julissa Torres","Reviewer_page":"https://www.google.com/maps/contrib/116925992377966724292/reviews?hl=en-US","Review_time":"3 years ago","Review":"","Likes":""},{"Name":"","Category":"","Rating":" 4 stars ","Number_of_Reviews":"","Address":"","Reviewer":"madhura sridhar","Reviewer_page":"https://www.google.com/maps/contrib/105700246207025428593/reviews?hl=en-US","Review_time":"3 years ago","Review":"","Likes":""},{"Name":"","Category":"","Rating":" 4 stars ","Number_of_Reviews":"","Address":"","Reviewer":"REGINALD CEASER","Reviewer_page":"https://www.google.com/maps/contrib/105221565381814736349/reviews?hl=en-US","Review_time":"2 years ago","Review":"","Likes":""},{"Name":"","Category":"","Rating":" 5 stars ","Number_of_Reviews":"","Address":"","Reviewer":"Joe Sincere","Reviewer_page":"https://www.google.com/maps/contrib/114955715800638312303/reviews?hl=en-US","Review_time":"a year ago","Review":"","Likes":""},{"Name":"","Category":"","Rating":" 3 stars ","Number_of_Reviews":"","Address":"","Reviewer":"Sam Hernandez","Reviewer_page":"https://www.google.com/maps/contrib/104775362475225956255/reviews?hl=en-US","Review_time":"3 years ago","Review":"","Likes":""},{"Name":"","Category":"","Rating":" 4 stars ","Number_of_Reviews":"","Address":"","Reviewer":"Tiquann Loftin","Reviewer_page":"https://www.google.com/maps/contrib/105188965447389628042/reviews?hl=en-US","Review_time":"3 years ago","Review":"","Likes":""},{"Name":"","Category":"","Rating":" 5 stars ","Number_of_Reviews":"","Address":"","Reviewer":"Yasmin S","Reviewer_page":"https://www.google.com/maps/contrib/101221763892268981911/reviews?hl=en-US","Review_time":"a year ago","Review":"","Likes":""},{"Name":"","Category":"","Rating":" 5 stars ","Number_of_Reviews":"","Address":"","Reviewer":"Alan Li","Reviewer_page":"https://www.google.com/maps/contrib/110030708842554610204/reviews?hl=en-US","Review_time":"2 years ago","Review":"","Likes":""},{"Name":"","Category":"","Rating":" 5 stars ","Number_of_Reviews":"","Address":"","Reviewer":"Miroslav Narodetskiy","Reviewer_page":"https://www.google.com/maps/contrib/103327251725561356892/reviews?hl=en-US","Review_time":"3 years ago","Review":"","Likes":""},{"Name":"","Category":"","Rating":" 5 stars ","Number_of_Reviews":"","Address":"","Reviewer":"Elena Pirvu","Reviewer_page":"https://www.google.com/maps/contrib/104498815743785899723/reviews?hl=en-US","Review_time":"3 years ago","Review":"","Likes":""},{"Name":"","Category":"","Rating":" 4 stars ","Number_of_Reviews":"","Address":"","Reviewer":"Julián Frías","Reviewer_page":"https://www.google.com/maps/contrib/115199823048809048140/reviews?hl=en-US","Review_time":"3 years ago","Review":"","Likes":""},{"Name":"","Category":"","Rating":" 5 stars ","Number_of_Reviews":"","Address":"","Reviewer":"Maftuna Abdulloeva","Reviewer_page":"https://www.google.com/maps/contrib/118109975785113162934/reviews?hl=en-US","Review_time":"3 years ago","Review":"","Likes":""},{"Name":"","Category":"","Rating":" 5 stars ","Number_of_Reviews":"","Address":"","Reviewer":"Jenniffer A. Velásquez","Reviewer_page":"https://www.google.com/maps/contrib/117797382676729588713/reviews?hl=en-US","Review_time":"2 years ago","Review":"","Likes":""},{"Name":"","Category":"","Rating":" 5 stars ","Number_of_Reviews":"","Address":"","Reviewer":"Mic Jeng Zheng","Reviewer_page":"https://www.google.com/maps/contrib/111371920025245701079/reviews?hl=en-US","Review_time":"3 years ago","Review":"","Likes":""},{"Name":"","Category":"","Rating":" 5 stars ","Number_of_Reviews":"","Address":"","Reviewer":"Thomas Ciappina","Reviewer_page":"https://www.google.com/maps/contrib/106884753285522776248/reviews?hl=en-US","Review_time":"2 years ago","Review":"","Likes":""},{"Name":"","Category":"","Rating":" 5 stars ","Number_of_Reviews":"","Address":"","Reviewer":"Christopher Guerrero","Reviewer_page":"https://www.google.com/maps/contrib/109386439499181532683/reviews?hl=en-US","Review_time":"3 years ago","Review":"","Likes":""}