[{"Name":"","Category":"","Rating":" 5 stars ","Number_of_Reviews":"","Address":"","Reviewer":"Jess Abbate","Reviewer_page":"https://www.google.com/maps/contrib/111347013004640621741/reviews?hl=en-US","Review_time":"3 weeks ago","Review":"The staff is absolutely amazing ! The coffee is consistently delicious!","Likes":""},{"Name":"","Category":"","Rating":" 5 stars ","Number_of_Reviews":"","Address":"","Reviewer":"Robert Marcone (RobSolid)","Reviewer_page":"https://www.google.com/maps/contrib/102414041096746762891/reviews?hl=en-US","Review_time":"a month ago","Review":"Staff too serious,  a smile will go very far with the customers","Likes":""},{"Name":"","Category":"","Rating":" 1 star ","Number_of_Reviews":"","Address":"","Reviewer":"Frank Rodriguez","Reviewer_page":"https://www.google.com/maps/contrib/102900237029934587017/reviews?hl=en-US","Review_time":"2 years ago","Review":"I feel cheated.  I ordered a grande cappuccino and they gave me a grande cup with 1/4 of coffee and rest full of foam.  The banana bread tasted old and they don’t have an oven.  Do not visit this place","Likes":"1"},{"Name":"","Category":"","Rating":" 1 star ","Number_of_Reviews":"","Address":"","Reviewer":"Christopher","Reviewer_page":"https://www.google.com/maps/contrib/115187521437152452219/reviews?hl=en-US","Review_time":"5 years ago","Review":"Workers are rude told me to be quiet when I was not being loud. Proceeded to talk about me after the fact to people I know who are also customers. They don't know how to handle situations. My drinks are okay from here I much prefer the victory Starbucks over this one or even the one in the mall. those locations have nice workers and are consistent. This location is big which is a plus but the space is being wasted by the unprofessional workers creating a bad atmosphere. do not like to support this location but sometimes I simply need coffee.","Likes":"1"},{"Name":"","Category":"","Rating":" 5 stars ","Number_of_Reviews":"","Address":"","Reviewer":"dee gene","Reviewer_page":"https://www.google.com/maps/contrib/106298467111272510983/reviews?hl=en-US","Review_time":"2 years ago","Review":"I Love going to this Starbucks inside the Stop & Shop on my way to work. Hardly anyone online. Service is quick and friendly staff.","Likes":""},{"Name":"","Category":"","Rating":" 5 stars ","Number_of_Reviews":"","Address":"","Reviewer":"Jacob Hill","Reviewer_page":"https://www.google.com/maps/contrib/100278201399539893383/reviews?hl=en-US","Review_time":"2 years ago","Review":"I'm not a coffee person, but I love the hot chocolate/blended chocolate milk, and the smoothies are fantastic","Likes":""},{"Name":"","Category":"","Rating":" 5 stars ","Number_of_Reviews":"","Address":"","Reviewer":"Frank Anzalone","Reviewer_page":"https://www.google.com/maps/contrib/103218936481324293882/reviews?hl=en-US","Review_time":"9 months ago","Review":"Experience with there any type of coffee or something else in espresso flavors","Likes":"1"},{"Name":"","Category":"","Rating":" 1 star ","Number_of_Reviews":"","Address":"","Reviewer":"Corinna Concadora","Reviewer_page":"https://www.google.com/maps/contrib/117602682618675219067/reviews?hl=en-US","Review_time":"7 years ago","Review":"this place never gets my order right & I come here everyday day. I always ask for the vanilla bean caramel drizzle which is caramel around the cup & they never get it right. they lost my business because this is the last time I will ever buy from here!","Likes":"2"},{"Name":"","Category":"","Rating":" 2 stars ","Number_of_Reviews":"","Address":"","Reviewer":"Jacqueline Treccioli","Reviewer_page":"https://www.google.com/maps/contrib/106720726429045018954/reviews?hl=en-US","Review_time":"a year ago","Review":"The workers are very slow, always on their phones... Ordered something earlier today way off of what I asked for... Typical","Likes":"1"},{"Name":"","Category":"","Rating":" 3 stars ","Number_of_Reviews":"","Address":"","Reviewer":"aziz bahh","Reviewer_page":"https://www.google.com/maps/contrib/106811020446085509477/reviews?hl=en-US","Review_time":"a year ago","Review":"Online it says they're open until 9PM, at 7:04PM they're closed. Management should watch what they publishing online","Likes":"1"},{"Name":"","Category":"","Rating":" 4 stars ","Number_of_Reviews":"","Address":"","Reviewer":"Vincent Esposito","Reviewer_page":"https://www.google.com/maps/contrib/100157600496153647977/reviews?hl=en-US","Review_time":"a year ago","Review":"Nice space to have located in the 🛑 and shop on Hylan\nThe staff is always professional and well mannered","Likes":""},{"Name":"","Category":"","Rating":" 5 stars ","Number_of_Reviews":"","Address":"","Reviewer":"Coy Sacco","Reviewer_page":"https://www.google.com/maps/contrib/102878606682207817655/reviews?hl=en-US","Review_time":"11 years ago","Review":"Intoxicating aroma and lots of tables and chairs. Not to mention conveniently located next to other great stores. Aren't they all like this anyway?","Likes":""},{"Name":"","Category":"","Rating":" 3 stars ","Number_of_Reviews":"","Address":"","Reviewer":"Lena Fung","Reviewer_page":"https://www.google.com/maps/contrib/104967707723243620139/reviews?hl=en-US","Review_time":"4 years ago","Review":"great location especially when you need to get coffee before going grocery shopping","Likes":""},{"Name":"","Category":"","Rating":" 4 stars ","Number_of_Reviews":"","Address":"","Reviewer":"Louie Verzi","Reviewer_page":"https://www.google.com/maps/contrib/103841157416137369930/reviews?hl=en-US","Review_time":"3 years ago","Review":"No matter what Starbucks you go to the coffee always tastes the same very very consistent","Likes":""},{"Name":"","Category":"","Rating":" 5 stars ","Number_of_Reviews":"","Address":"","Reviewer":"Anthony Orlando","Reviewer_page":"https://www.google.com/maps/contrib/114073575141929778745/reviews?hl=en-US","Review_time":"a year ago","Review":"Great coffee. Convenient location in Stop and Shop.","Likes":""},{"Name":"","Category":"","Rating":" 4 stars ","Number_of_Reviews":"","Address":"","Reviewer":"Joseph Varrone","Reviewer_page":"https://www.google.com/maps/contrib/105412339178592126331/reviews?hl=en-US","Review_time":"a year ago","Review":"Always great coffee and friendly service","Likes":""},{"Name":"","Category":"","Rating":" 4 stars ","Number_of_Reviews":"","Address":"","Reviewer":"Russ Morisi","Reviewer_page":"https://www.google.com/maps/contrib/100192725004395091334/reviews?hl=en-US","Review_time":"4 years ago","Review":"Good staff. Friendly and they make what you want. Could be cleaner.","Likes":""},{"Name":"","Category":"","Rating":" 1 star ","Number_of_Reviews":"","Address":"","Reviewer":"ANTHONY GIGLIO","Reviewer_page":"https://www.google.com/maps/contrib/109715494735753144807/reviews?hl=en-US","Review_time":"a year ago","Review":"Dinner has better coffee.","Likes":"3"},{"Name":"","Category":"","Rating":" 4 stars ","Number_of_Reviews":"","Address":"","Reviewer":"Val N","Reviewer_page":"https://www.google.com/maps/contrib/112050294623850899102/reviews?hl=en-US","Review_time":"a year ago","Review":"Great service great drinks.","Likes":""},{"Name":"","Category":"","Rating":" 5 stars ","Number_of_Reviews":"","Address":"","Reviewer":"Maria Estey","Reviewer_page":"https://www.google.com/maps/contrib/116407370317246937812/reviews?hl=en-US","Review_time":"a year ago","Review":"Always make them they way I ask","Likes":""},{"Name":"","Category":"","Rating":" 5 stars ","Number_of_Reviews":"","Address":"","Reviewer":"Antonio Ramirez","Reviewer_page":"https://www.google.com/maps/contrib/115671326437341552350/reviews?hl=en-US","Review_time":"a year ago","Review":"Fantástico Starbucks is so good","Likes":""},{"Name":"","Category":"","Rating":" 1 star ","Number_of_Reviews":"","Address":"","Reviewer":"R Marraccini","Reviewer_page":"https://www.google.com/maps/contrib/115263310599805288358/reviews?hl=en-US","Review_time":"a year ago","Review":"Disgraceful behaviour towards police officers.","Likes":""},{"Name":"","Category":"","Rating":" 5 stars ","Number_of_Reviews":"","Address":"","Reviewer":"Carmen Gonzalez (BEBA)","Reviewer_page":"https://www.google.com/maps/contrib/114058652365001099212/reviews?hl=en-US","Review_time":"2 years ago","Review":"Everything thing that you crave.... coffee ☕","Likes":""},{"Name":"","Category":"","Rating":" 5 stars ","Number_of_Reviews":"","Address":"","Reviewer":"Jayden the senpai","Reviewer_page":"https://www.google.com/maps/contrib/103612973802535667526/reviews?hl=en-US","Review_time":"2 years ago","Review":"Pretty good but expensive","Likes":""},{"Name":"","Category":"","Rating":" 5 stars ","Number_of_Reviews":"","Address":"","Reviewer":"Tracy","Reviewer_page":"https://www.google.com/maps/contrib/115176814996020584940/reviews?hl=en-US","Review_time":"a year ago","Review":"Mocha Frappuccino is my favorite","Likes":""},{"Name":"","Category":"","Rating":" 1 star ","Number_of_Reviews":"","Address":"","Reviewer":"Janet Williams","Reviewer_page":"https://www.google.com/maps/contrib/114788006380493676702/reviews?hl=en-US","Review_time":"2 years ago","Review":"I don't like coffee","Likes":""},{"Name":"","Category":"","Rating":" 4 stars ","Number_of_Reviews":"","Address":"","Reviewer":"D P","Reviewer_page":"https://www.google.com/maps/contrib/109604388732150623478/reviews?hl=en-US","Review_time":"8 years ago","Review":"Great but no were to sit","Likes":""},{"Name":"","Category":"","Rating":" 3 stars ","Number_of_Reviews":"","Address":"","Reviewer":"Michael Matter","Reviewer_page":"https://www.google.com/maps/contrib/106697751502126486511/reviews?hl=en-US","Review_time":"4 years ago","Review":"Starbucks tastes like dirty fun water.","Likes":"1"},{"Name":"","Category":"","Rating":" 3 stars ","Number_of_Reviews":"","Address":"","Reviewer":"Kevin A","Reviewer_page":"https://www.google.com/maps/contrib/109709375777744069984/reviews?hl=en-US","Review_time":"5 years ago","Review":"Inside of Stop n Shop.  Just a booth in far left front of store near bakery section.","Likes":""},{"Name":"","Category":"","Rating":" 3 stars ","Number_of_Reviews":"","Address":"","Reviewer":"Athena Huckaby","Reviewer_page":"https://www.google.com/maps/contrib/114895931389991997105/reviews?hl=en-US","Review_time":"9 years ago","Review":"It's a counter inside the Stop & Shop. No place to sit!","Likes":""},{"Name":"","Category":"","Rating":" 5 stars ","Number_of_Reviews":"","Address":"","Reviewer":"Michael Kazis","Reviewer_page":"https://www.google.com/maps/contrib/101998082961760896639/reviews?hl=en-US","Review_time":"3 years ago","Review":"Convenient location.  Friendly staff.","Likes":""},{"Name":"","Category":"","Rating":" 1 star ","Number_of_Reviews":"","Address":"","Reviewer":"Bob S","Reviewer_page":"https://www.google.com/maps/contrib/117504074039411175190/reviews?hl=en-US","Review_time":"3 years ago","Review":"Overpriced and underperforming. Not worth it","Likes":"1"},{"Name":"","Category":"","Rating":" 3 stars ","Number_of_Reviews":"","Address":"","Reviewer":"Jennifer Mikolajek","Reviewer_page":"https://www.google.com/maps/contrib/117561230987850278720/reviews?hl=en-US","Review_time":"5 years ago","Review":"Slow, but you can also purchase groceries.","Likes":""},{"Name":"","Category":"","Rating":" 4 stars ","Number_of_Reviews":"","Address":"","Reviewer":"Nicholas Longo","Reviewer_page":"https://www.google.com/maps/contrib/115793309781889863934/reviews?hl=en-US","Review_time":"a year ago","Review":"Okay Quick Service","Likes":""},{"Name":"","Category":"","Rating":" 4 stars ","Number_of_Reviews":"","Address":"","Reviewer":"mell wiackley","Reviewer_page":"https://www.google.com/maps/contrib/101839355458567656870/reviews?hl=en-US","Review_time":"a year ago","Review":"Good but expensive","Likes":""},{"Name":"","Category":"","Rating":" 3 stars ","Number_of_Reviews":"","Address":"","Reviewer":"Craig DiLullo","Reviewer_page":"https://www.google.com/maps/contrib/102696257221835647464/reviews?hl=en-US","Review_time":"4 years ago","Review":"Its Starbucks, what else can I say, as expected!","Likes":""},{"Name":"","Category":"","Rating":" 5 stars ","Number_of_Reviews":"","Address":"","Reviewer":"Eva Perez","Reviewer_page":"https://www.google.com/maps/contrib/118306708473579600060/reviews?hl=en-US","Review_time":"3 years ago","Review":"Hot chocolate is yummy","Likes":""},{"Name":"","Category":"","Rating":" 5 stars ","Number_of_Reviews":"","Address":"","Reviewer":"alex kunkevich","Reviewer_page":"https://www.google.com/maps/contrib/107722523686490866016/reviews?hl=en-US","Review_time":"2 years ago","Review":"Excellent service 👌","Likes":""},{"Name":"","Category":"","Rating":" 2 stars ","Number_of_Reviews":"","Address":"","Reviewer":"Kevin Duffy","Reviewer_page":"https://www.google.com/maps/contrib/115328311331507063703/reviews?hl=en-US","Review_time":"a year ago","Review":"Too expensive.","Likes":""},{"Name":"","Category":"","Rating":" 1 star ","Number_of_Reviews":"","Address":"","Reviewer":"George Panos","Reviewer_page":"https://www.google.com/maps/contrib/111091615835468241904/reviews?hl=en-US","Review_time":"a year ago","Review":"Dont do them","Likes":"1"},{"Name":"","Category":"","Rating":" 3 stars ","Number_of_Reviews":"","Address":"","Reviewer":"eppy nieves","Reviewer_page":"https://www.google.com/maps/contrib/112258968486995265543/reviews?hl=en-US","Review_time":"a year ago","Review":"Long line","Likes":""},{"Name":"","Category":"","Rating":" 5 stars ","Number_of_Reviews":"","Address":"","Reviewer":"Michael Fernandez","Reviewer_page":"https://www.google.com/maps/contrib/108132286496380142647/reviews?hl=en-US","Review_time":"a year ago","Review":"Great crew👍👍","Likes":""},{"Name":"","Category":"","Rating":" 4 stars ","Number_of_Reviews":"","Address":"","Reviewer":"Charles Reilly","Reviewer_page":"https://www.google.com/maps/contrib/108769424543589958366/reviews?hl=en-US","Review_time":"a year ago","Review":"No line today","Likes":""},{"Name":"","Category":"","Rating":" 5 stars ","Number_of_Reviews":"","Address":"","Reviewer":"Christine odeh","Reviewer_page":"https://www.google.com/maps/contrib/115234177673749292178/reviews?hl=en-US","Review_time":"2 years ago","Review":"Great!","Likes":""},{"Name":"","Category":"","Rating":" 5 stars ","Number_of_Reviews":"","Address":"","Reviewer":"Abby Rose The corgi","Reviewer_page":"https://www.google.com/maps/contrib/110392552289795385193/reviews?hl=en-US","Review_time":"2 years ago","Review":"Everyday coffee run","Likes":""},{"Name":"","Category":"","Rating":" 5 stars ","Number_of_Reviews":"","Address":"","Reviewer":"Irina Chepovetsky","Reviewer_page":"https://www.google.com/maps/contrib/102046932574620870084/reviews?hl=en-US","Review_time":"2 years ago","Review":"great quality","Likes":""},{"Name":"","Category":"","Rating":" 5 stars ","Number_of_Reviews":"","Address":"","Reviewer":"Юрий Хомяков","Reviewer_page":"https://www.google.com/maps/contrib/106585878532239794432/reviews?hl=en-US","Review_time":"4 years ago","Review":"I like to come here.","Likes":""},{"Name":"","Category":"","Rating":" 5 stars ","Number_of_Reviews":"","Address":"","Reviewer":"Amir Girgis","Reviewer_page":"https://www.google.com/maps/contrib/110331078623421003678/reviews?hl=en-US","Review_time":"a year ago","Review":"Fine","Likes":""},{"Name":"","Category":"","Rating":" 5 stars ","Number_of_Reviews":"","Address":"","Reviewer":"Audrey DiMartinez","Reviewer_page":"https://www.google.com/maps/contrib/110015946486530048162/reviews?hl=en-US","Review_time":"2 years ago","Review":"lovely","Likes":""},{"Name":"","Category":"","Rating":" 4 stars ","Number_of_Reviews":"","Address":"","Reviewer":"Jonas Anthony","Reviewer_page":"https://www.google.com/maps/contrib/100347589912799420668/reviews?hl=en-US","Review_time":"2 years ago","Review":"Fast service","Likes":""},{"Name":"","Category":"","Rating":" 5 stars ","Number_of_Reviews":"","Address":"","Reviewer":"Jose Canela","Reviewer_page":"https://www.google.com/maps/contrib/101681345564657395808/reviews?hl=en-US","Review_time":"a year ago","Review":"(Translated by Google) Very good place to buy and very affordable\n\n(Original)\nMuy buen lugar paea comprar y muy asequible","Likes":""},{"Name":"","Category":"","Rating":" 3 stars ","Number_of_Reviews":"","Address":"","Reviewer":"Sandra Guillen","Reviewer_page":"https://www.google.com/maps/contrib/117189862583415892901/reviews?hl=en-US","Review_time":"2 years ago","Review":"(Translated by Google) The iced coffees are very good\n\n(Original)\nLos cafés helado  son muy buenos","Likes":""},{"Name":"","Category":"","Rating":" 5 stars ","Number_of_Reviews":"","Address":"","Reviewer":"Antonio colop","Reviewer_page":"https://www.google.com/maps/contrib/103037482836043326305/reviews?hl=en-US","Review_time":"2 years ago","Review":"(Translated by Google) Very good\n\n(Original)\nMuy bueno","Likes":""},{"Name":"","Category":"","Rating":" 5 stars ","Number_of_Reviews":"","Address":"","Reviewer":"Elvis Espinal","Reviewer_page":"https://www.google.com/maps/contrib/106274697339531520641/reviews?hl=en-US","Review_time":"4 years ago","Review":"(Translated by Google) Good service\n\n(Original)\nBuen servicio","Likes":""},{"Name":"","Category":"","Rating":" 5 stars ","Number_of_Reviews":"","Address":"","Reviewer":"Jorge Ferreira","Reviewer_page":"https://www.google.com/maps/contrib/110070446773938256345/reviews?hl=en-US","Review_time":"4 years ago","Review":"Dopeness","Likes":""},{"Name":"","Category":"","Rating":" 5 stars ","Number_of_Reviews":"","Address":"","Reviewer":"Carlos Perez","Reviewer_page":"https://www.google.com/maps/contrib/105570558102418734563/reviews?hl=en-US","Review_time":"2 years ago","Review":"","Likes":""},{"Name":"","Category":"","Rating":" 5 stars ","Number_of_Reviews":"","Address":"","Reviewer":"Lisa M.","Reviewer_page":"https://www.google.com/maps/contrib/111747378413488919657/reviews?hl=en-US","Review_time":"2 years ago","Review":"","Likes":""},{"Name":"","Category":"","Rating":" 3 stars ","Number_of_Reviews":"","Address":"","Reviewer":"Mike Romeo","Reviewer_page":"https://www.google.com/maps/contrib/104570953457861876941/reviews?hl=en-US","Review_time":"4 years ago","Review":"","Likes":""},{"Name":"","Category":"","Rating":" 2 stars ","Number_of_Reviews":"","Address":"","Reviewer":"Joe Frascati","Reviewer_page":"https://www.google.com/maps/contrib/102522566769247398068/reviews?hl=en-US","Review_time":"a year ago","Review":"","Likes":""},{"Name":"","Category":"","Rating":" 5 stars ","Number_of_Reviews":"","Address":"","Reviewer":"Joseph Casamento","Reviewer_page":"https://www.google.com/maps/contrib/115095111119446792784/reviews?hl=en-US","Review_time":"a year ago","Review":"","Likes":""},{"Name":"","Category":"","Rating":" 5 stars ","Number_of_Reviews":"","Address":"","Reviewer":"Jennifer Callahan","Reviewer_page":"https://www.google.com/maps/contrib/104543462736419548556/reviews?hl=en-US","Review_time":"a year ago","Review":"","Likes":""},{"Name":"","Category":"","Rating":" 4 stars ","Number_of_Reviews":"","Address":"","Reviewer":"Erv Gottie","Reviewer_page":"https://www.google.com/maps/contrib/117612184757750305990/reviews?hl=en-US","Review_time":"2 years ago","Review":"","Likes":""},{"Name":"","Category":"","Rating":" 4 stars ","Number_of_Reviews":"","Address":"","Reviewer":"Ardian Ceka","Reviewer_page":"https://www.google.com/maps/contrib/107015917677139448501/reviews?hl=en-US","Review_time":"a year ago","Review":"","Likes":""},{"Name":"","Category":"","Rating":" 1 star ","Number_of_Reviews":"","Address":"","Reviewer":"naim gjenahaj","Reviewer_page":"https://www.google.com/maps/contrib/104656462967530671854/reviews?hl=en-US","Review_time":"4 years ago","Review":"","Likes":""},{"Name":"","Category":"","Rating":" 5 stars ","Number_of_Reviews":"","Address":"","Reviewer":"Louise Caracci","Reviewer_page":"https://www.google.com/maps/contrib/106386913856412245719/reviews?hl=en-US","Review_time":"a year ago","Review":"","Likes":""},{"Name":"","Category":"","Rating":" 4 stars ","Number_of_Reviews":"","Address":"","Reviewer":"sing sing Ma","Reviewer_page":"https://www.google.com/maps/contrib/104004486816520566154/reviews?hl=en-US","Review_time":"2 years ago","Review":"","Likes":""},{"Name":"","Category":"","Rating":" 1 star ","Number_of_Reviews":"","Address":"","Reviewer":"Frank Contrera","Reviewer_page":"https://www.google.com/maps/contrib/112226174741652812892/reviews?hl=en-US","Review_time":"a year ago","Review":"","Likes":""},{"Name":"","Category":"","Rating":" 5 stars ","Number_of_Reviews":"","Address":"","Reviewer":"Eric Chan","Reviewer_page":"https://www.google.com/maps/contrib/115702111657684010951/reviews?hl=en-US","Review_time":"a year ago","Review":"","Likes":""},{"Name":"","Category":"","Rating":" 4 stars ","Number_of_Reviews":"","Address":"","Reviewer":"Vladimir K","Reviewer_page":"https://www.google.com/maps/contrib/103985922609531639996/reviews?hl=en-US","Review_time":"2 years ago","Review":"","Likes":""},{"Name":"","Category":"","Rating":" 1 star ","Number_of_Reviews":"","Address":"","Reviewer":"James Scaramuzzini","Reviewer_page":"https://www.google.com/maps/contrib/103516217742000169342/reviews?hl=en-US","Review_time":"2 years ago","Review":"","Likes":""},{"Name":"","Category":"","Rating":" 5 stars ","Number_of_Reviews":"","Address":"","Reviewer":"Roman Bediner","Reviewer_page":"https://www.google.com/maps/contrib/112072691387940680564/reviews?hl=en-US","Review_time":"a year ago","Review":"","Likes":""},{"Name":"","Category":"","Rating":" 5 stars ","Number_of_Reviews":"","Address":"","Reviewer":"Zehra Vulic (Zee)","Reviewer_page":"https://www.google.com/maps/contrib/108578177025639985778/reviews?hl=en-US","Review_time":"11 months ago","Review":"","Likes":""},{"Name":"","Category":"","Rating":" 5 stars ","Number_of_Reviews":"","Address":"","Reviewer":"Mykola Nikolaichuk","Reviewer_page":"https://www.google.com/maps/contrib/113307726393801958894/reviews?hl=en-US","Review_time":"4 years ago","Review":"","Likes":""},{"Name":"","Category":"","Rating":" 3 stars ","Number_of_Reviews":"","Address":"","Reviewer":"Patricia Hom","Reviewer_page":"https://www.google.com/maps/contrib/105919081730825602368/reviews?hl=en-US","Review_time":"2 years ago","Review":"","Likes":""},{"Name":"","Category":"","Rating":" 4 stars ","Number_of_Reviews":"","Address":"","Reviewer":"Sasha Chokova","Reviewer_page":"https://www.google.com/maps/contrib/116581970003753608650/reviews?hl=en-US","Review_time":"11 months ago","Review":"","Likes":""},{"Name":"","Category":"","Rating":" 1 star ","Number_of_Reviews":"","Address":"","Reviewer":"Hector Figueroa","Reviewer_page":"https://www.google.com/maps/contrib/103309984466420696468/reviews?hl=en-US","Review_time":"a year ago","Review":"","Likes":""},{"Name":"","Category":"","Rating":" 5 stars ","Number_of_Reviews":"","Address":"","Reviewer":"Joana Coronel","Reviewer_page":"https://www.google.com/maps/contrib/110528243668180348710/reviews?hl=en-US","Review_time":"2 years ago","Review":"","Likes":""},{"Name":"","Category":"","Rating":" 5 stars ","Number_of_Reviews":"","Address":"","Reviewer":"Bren","Reviewer_page":"https://www.google.com/maps/contrib/102351122727306558016/reviews?hl=en-US","Review_time":"a year ago","Review":"","Likes":""},{"Name":"","Category":"","Rating":" 5 stars ","Number_of_Reviews":"","Address":"","Reviewer":"Anil Kumar","Reviewer_page":"https://www.google.com/maps/contrib/118409117867204604368/reviews?hl=en-US","Review_time":"a year ago","Review":"","Likes":""},{"Name":"","Category":"","Rating":" 4 stars ","Number_of_Reviews":"","Address":"","Reviewer":"Sanjeewa Sooriya","Reviewer_page":"https://www.google.com/maps/contrib/104908153868548184469/reviews?hl=en-US","Review_time":"2 years ago","Review":"","Likes":""},{"Name":"","Category":"","Rating":" 5 stars ","Number_of_Reviews":"","Address":"","Reviewer":"xiomara miller","Reviewer_page":"https://www.google.com/maps/contrib/105230630949871779581/reviews?hl=en-US","Review_time":"a year ago","Review":"","Likes":""},{"Name":"","Category":"","Rating":" 1 star ","Number_of_Reviews":"","Address":"","Reviewer":"Frank Civitello","Reviewer_page":"https://www.google.com/maps/contrib/101222357332488721273/reviews?hl=en-US","Review_time":"a year ago","Review":"","Likes":""},{"Name":"","Category":"","Rating":" 5 stars ","Number_of_Reviews":"","Address":"","Reviewer":"Diego Trickshots","Reviewer_page":"https://www.google.com/maps/contrib/117424392778651222864/reviews?hl=en-US","Review_time":"4 years ago","Review":"","Likes":""},{"Name":"","Category":"","Rating":" 5 stars ","Number_of_Reviews":"","Address":"","Reviewer":"Jolene Perez","Reviewer_page":"https://www.google.com/maps/contrib/108133012294163423433/reviews?hl=en-US","Review_time":"2 years ago","Review":"","Likes":""},{"Name":"","Category":"","Rating":" 5 stars ","Number_of_Reviews":"","Address":"","Reviewer":"Jacqueline Samaan","Reviewer_page":"https://www.google.com/maps/contrib/105062480468955213366/reviews?hl=en-US","Review_time":"a year ago","Review":"","Likes":""},{"Name":"","Category":"","Rating":" 5 stars ","Number_of_Reviews":"","Address":"","Reviewer":"Monika","Reviewer_page":"https://www.google.com/maps/contrib/108317541479619657295/reviews?hl=en-US","Review_time":"4 years ago","Review":"","Likes":""},{"Name":"","Category":"","Rating":" 5 stars ","Number_of_Reviews":"","Address":"","Reviewer":"christine spagnola","Reviewer_page":"https://www.google.com/maps/contrib/113210544055846878014/reviews?hl=en-US","Review_time":"2 years ago","Review":"","Likes":""},{"Name":"","Category":"","Rating":" 4 stars ","Number_of_Reviews":"","Address":"","Reviewer":"Tj F","Reviewer_page":"https://www.google.com/maps/contrib/104665126676164041154/reviews?hl=en-US","Review_time":"a year ago","Review":"","Likes":""},{"Name":"","Category":"","Rating":" 2 stars ","Number_of_Reviews":"","Address":"","Reviewer":"Marina Tokareva","Reviewer_page":"https://www.google.com/maps/contrib/103483115866228464711/reviews?hl=en-US","Review_time":"5 years ago","Review":"","Likes":""},{"Name":"","Category":"","Rating":" 3 stars ","Number_of_Reviews":"","Address":"","Reviewer":"Vernon Long","Reviewer_page":"https://www.google.com/maps/contrib/106030637257368610727/reviews?hl=en-US","Review_time":"a year ago","Review":"","Likes":""},{"Name":"","Category":"","Rating":" 5 stars ","Number_of_Reviews":"","Address":"","Reviewer":"rachel s","Reviewer_page":"https://www.google.com/maps/contrib/117797462285230080803/reviews?hl=en-US","Review_time":"a year ago","Review":"","Likes":""},{"Name":"","Category":"","Rating":" 1 star ","Number_of_Reviews":"","Address":"","Reviewer":"Carol Monforte","Reviewer_page":"https://www.google.com/maps/contrib/113428755418730474958/reviews?hl=en-US","Review_time":"a year ago","Review":"","Likes":""},{"Name":"","Category":"","Rating":" 1 star ","Number_of_Reviews":"","Address":"","Reviewer":"N Bach","Reviewer_page":"https://www.google.com/maps/contrib/106801607670421761375/reviews?hl=en-US","Review_time":"2 years ago","Review":"","Likes":""},{"Name":"","Category":"","Rating":" 5 stars ","Number_of_Reviews":"","Address":"","Reviewer":"Tara Frawley","Reviewer_page":"https://www.google.com/maps/contrib/117496454989237715474/reviews?hl=en-US","Review_time":"2 years ago","Review":"","Likes":""},{"Name":"","Category":"","Rating":" 1 star ","Number_of_Reviews":"","Address":"","Reviewer":"TONY “TONY” GIGLIA","Reviewer_page":"https://www.google.com/maps/contrib/106644318293936771729/reviews?hl=en-US","Review_time":"a year ago","Review":"","Likes":""},{"Name":"","Category":"","Rating":" 5 stars ","Number_of_Reviews":"","Address":"","Reviewer":"chris croner","Reviewer_page":"https://www.google.com/maps/contrib/106912504766345503516/reviews?hl=en-US","Review_time":"a year ago","Review":"","Likes":""},{"Name":"","Category":"","Rating":" 5 stars ","Number_of_Reviews":"","Address":"","Reviewer":"Mickey","Reviewer_page":"https://www.google.com/maps/contrib/112692180511041215974/reviews?hl=en-US","Review_time":"3 years ago","Review":"","Likes":""},{"Name":"","Category":"","Rating":" 4 stars ","Number_of_Reviews":"","Address":"","Reviewer":"raul uriarte","Reviewer_page":"https://www.google.com/maps/contrib/107237052490434976555/reviews?hl=en-US","Review_time":"a year ago","Review":"","Likes":""},{"Name":"","Category":"","Rating":" 5 stars ","Number_of_Reviews":"","Address":"","Reviewer":"Abrar Elsayed","Reviewer_page":"https://www.google.com/maps/contrib/109188173052074543723/reviews?hl=en-US","Review_time":"a year ago","Review":"","Likes":""},{"Name":"","Category":"","Rating":" 5 stars ","Number_of_Reviews":"","Address":"","Reviewer":"Margaret Torricelli","Reviewer_page":"https://www.google.com/maps/contrib/115609245440434571903/reviews?hl=en-US","Review_time":"a year ago","Review":"","Likes":""},{"Name":"","Category":"","Rating":" 5 stars ","Number_of_Reviews":"","Address":"","Reviewer":"Zibby Grabowski","Reviewer_page":"https://www.google.com/maps/contrib/101756556896269426750/reviews?hl=en-US","Review_time":"11 months ago","Review":"","Likes":""},{"Name":"","Category":"","Rating":" 5 stars ","Number_of_Reviews":"","Address":"","Reviewer":"Alex Kunkevich","Reviewer_page":"https://www.google.com/maps/contrib/109031781632656956408/reviews?hl=en-US","Review_time":"a year ago","Review":"","Likes":""},{"Name":"","Category":"","Rating":" 5 stars ","Number_of_Reviews":"","Address":"","Reviewer":"Jack Caccavale","Reviewer_page":"https://www.google.com/maps/contrib/103283539329525996736/reviews?hl=en-US","Review_time":"4 years ago","Review":"","Likes":""},{"Name":"","Category":"","Rating":" 5 stars ","Number_of_Reviews":"","Address":"","Reviewer":"Amy Gloster","Reviewer_page":"https://www.google.com/maps/contrib/114460867611228342079/reviews?hl=en-US","Review_time":"10 years ago","Review":"","Likes":""},{"Name":"","Category":"","Rating":" 5 stars ","Number_of_Reviews":"","Address":"","Reviewer":"Fruitpunch64","Reviewer_page":"https://www.google.com/maps/contrib/117748748737272247181/reviews?hl=en-US","Review_time":"4 years ago","Review":"","Likes":""},{"Name":"","Category":"","Rating":" 5 stars ","Number_of_Reviews":"","Address":"","Reviewer":"Liz M","Reviewer_page":"https://www.google.com/maps/contrib/100613550387417918491/reviews?hl=en-US","Review_time":"a year ago","Review":"","Likes":""},{"Name":"","Category":"","Rating":" 2 stars ","Number_of_Reviews":"","Address":"","Reviewer":"AV","Reviewer_page":"https://www.google.com/maps/contrib/116353639733520753511/reviews?hl=en-US","Review_time":"a year ago","Review":"","Likes":""},{"Name":"","Category":"","Rating":" 5 stars ","Number_of_Reviews":"","Address":"","Reviewer":"Comaxius Gaming","Reviewer_page":"https://www.google.com/maps/contrib/104750660512285370428/reviews?hl=en-US","Review_time":"4 years ago","Review":"","Likes":""},{"Name":"","Category":"","Rating":" 4 stars ","Number_of_Reviews":"","Address":"","Reviewer":"Francesca Cipolla","Reviewer_page":"https://www.google.com/maps/contrib/107027480609986204066/reviews?hl=en-US","Review_time":"a year ago","Review":"","Likes":""},{"Name":"","Category":"","Rating":" 5 stars ","Number_of_Reviews":"","Address":"","Reviewer":"Gabriella Lombardo","Reviewer_page":"https://www.google.com/maps/contrib/118345576161455463970/reviews?hl=en-US","Review_time":"2 years ago","Review":"","Likes":""},{"Name":"","Category":"","Rating":" 5 stars ","Number_of_Reviews":"","Address":"","Reviewer":"Steven Mazovetskiy","Reviewer_page":"https://www.google.com/maps/contrib/115636695254152825904/reviews?hl=en-US","Review_time":"a year ago","Review":"","Likes":""},{"Name":"","Category":"","Rating":" 5 stars ","Number_of_Reviews":"","Address":"","Reviewer":"Dr Anthony Vento","Reviewer_page":"https://www.google.com/maps/contrib/102480359120655122243/reviews?hl=en-US","Review_time":"a month ago","Review":"","Likes":""},{"Name":"","Category":"","Rating":" 1 star ","Number_of_Reviews":"","Address":"","Reviewer":"Beth Owens","Reviewer_page":"https://www.google.com/maps/contrib/103598145444072985039/reviews?hl=en-US","Review_time":"a year ago","Review":"","Likes":""},{"Name":"","Category":"","Rating":" 1 star ","Number_of_Reviews":"","Address":"","Reviewer":"clair bari","Reviewer_page":"https://www.google.com/maps/contrib/117696045029678477858/reviews?hl=en-US","Review_time":"a year ago","Review":"","Likes":""},{"Name":"","Category":"","Rating":" 2 stars ","Number_of_Reviews":"","Address":"","Reviewer":"Danny Arvelo","Reviewer_page":"https://www.google.com/maps/contrib/107818216914353607229/reviews?hl=en-US","Review_time":"3 years ago","Review":"","Likes":""},{"Name":"","Category":"","Rating":" 4 stars ","Number_of_Reviews":"","Address":"","Reviewer":"Cono Turchio","Reviewer_page":"https://www.google.com/maps/contrib/114070685318293703717/reviews?hl=en-US","Review_time":"3 years ago","Review":"","Likes":""},{"Name":"","Category":"","Rating":" 4 stars ","Number_of_Reviews":"","Address":"","Reviewer":"M Zhong","Reviewer_page":"https://www.google.com/maps/contrib/104921008070171098816/reviews?hl=en-US","Review_time":"a year ago","Review":"","Likes":""},{"Name":"","Category":"","Rating":" 5 stars ","Number_of_Reviews":"","Address":"","Reviewer":"Sanobar Sattarova","Reviewer_page":"https://www.google.com/maps/contrib/111121507160728937242/reviews?hl=en-US","Review_time":"4 years ago","Review":"","Likes":""},{"Name":"","Category":"","Rating":" 4 stars ","Number_of_Reviews":"","Address":"","Reviewer":"Kerry Winters","Reviewer_page":"https://www.google.com/maps/contrib/106773869037729575112/reviews?hl=en-US","Review_time":"2 years ago","Review":"","Likes":""},{"Name":"","Category":"","Rating":" 2 stars ","Number_of_Reviews":"","Address":"","Reviewer":"Enrico","Reviewer_page":"https://www.google.com/maps/contrib/102290812512451393815/reviews?hl=en-US","Review_time":"a year ago","Review":"","Likes":""},{"Name":"","Category":"","Rating":" 1 star ","Number_of_Reviews":"","Address":"","Reviewer":"frank aviles","Reviewer_page":"https://www.google.com/maps/contrib/110274043239976680775/reviews?hl=en-US","Review_time":"a year ago","Review":"","Likes":""},{"Name":"","Category":"","Rating":" 1 star ","Number_of_Reviews":"","Address":"","Reviewer":"Ramil Yusubov","Reviewer_page":"https://www.google.com/maps/contrib/101852143288368043388/reviews?hl=en-US","Review_time":"3 years ago","Review":"","Likes":""}