[{"Name":"","Category":"","Rating":" 4 stars ","Number_of_Reviews":"","Address":"","Reviewer":"Eug Lyu","Reviewer_page":"https://www.google.com/maps/contrib/104996234174292882676/reviews?hl=en-US","Review_time":"4 months ago","Review":"Great staff and Great space inside with high ceilings and comfy couches with big arm chairs. Tiny parking lot and super skinny drivethru area. Entrance & Exit just a disaster but it's not their fault just their location and bad architects. Super friendly staff!","Likes":"2"},{"Name":"","Category":"","Rating":" 5 stars ","Number_of_Reviews":"","Address":"","Reviewer":"Brian Yi","Reviewer_page":"https://www.google.com/maps/contrib/108803647880615905004/reviews?hl=en-US","Review_time":"a year ago","Review":"I must say the new Starbucks is a hit.  The inside area is clean and has a lot of room. The staff was polite. My order came out quickly. Also the drive thru they have makes it easy to order without getting out of your car. During morning and lunch drive thru is packed.  So if your willing to go,  you will have to wait a bit.","Likes":"3"},{"Name":"","Category":"","Rating":" 1 star ","Number_of_Reviews":"","Address":"","Reviewer":"Victoria para","Reviewer_page":"https://www.google.com/maps/contrib/109531986311937292232/reviews?hl=en-US","Review_time":"2 weeks ago","Review":"experienced horrible customer service this afternoon at 3 from one barista who was taking orders, as someone who typically preorders, I’ve never experienced such rude behavior from employees. I waited by the register for a barista to take my order and when he came up I asked if I could get a pumpkin spice frap, he replied with “I don’t know if you should order because u would have to wait”, so I said just said okay, then he replied “well you would have to wait a really long time” so I asked him how long would it take, he told me “well it’s a 30 minute wait, so I don’t think you would want to order”,  so I just gave him a confused look and said “30 minutes?”, then he said again “well don’t you see all those people over there (pointing to the drink pick up area) and we have a really long line at the drive through window, and that girl behind you (pointing to the girl who was behind us in line)” at this point I was just so confused by the way he was giving me nasty pushback, and to say well there’s to many people in the store and he had to make everyone drink so I shouldn’t wait? He even referenced the girl who was behind us in line to say he had to make her drink too. I couldn’t believe what I was hearing, I said okay to waiting and he kept going with arguing about how it was to busy. I was completely dumbfounded by the whole encounter and at that point I was just embarrassed so I just ended it with “okay I guess I’ll leave”. And i left feeling extremely embarrassed. The second I left I regretted not asking to speak with a manager but I didn’t want to cause a scene over pumpkin spice frapp. I ended up contacting customer service just so they could hopefully inform the locations manager, so that the management can couch their baristas on proper customer service. Customer service was very nice and I ended up going to a different Starbucks where I was able to order my drinks in peace. I wish I got the baristas name but I was just so shocked by the whole interaction.","Likes":"4"},{"Name":"","Category":"","Rating":" 5 stars ","Number_of_Reviews":"","Address":"","Reviewer":"Thomas Reefer","Reviewer_page":"https://www.google.com/maps/contrib/107072211909328422013/reviews?hl=en-US","Review_time":"4 months ago","Review":"One of the more civilized places on Staten Island. Very attractive design.  One small frustration which is the drive-through is not open early in the morning.  Otherwise, keep up the good work, e.g., clean, fast, spacious.","Likes":""},{"Name":"","Category":"","Rating":" 5 stars ","Number_of_Reviews":"","Address":"","Reviewer":"Jessica Collica","Reviewer_page":"https://www.google.com/maps/contrib/100470728069153579527/reviews?hl=en-US","Review_time":"4 weeks ago","Review":"thank you to the workers here for being so kind and giving amazing customer service!! definitely the best starbucks on the island","Likes":""},{"Name":"","Category":"","Rating":" 5 stars ","Number_of_Reviews":"","Address":"","Reviewer":"Iris Man","Reviewer_page":"https://www.google.com/maps/contrib/116967184808411270607/reviews?hl=en-US","Review_time":"6 months ago","Review":"I was looking everywhere for the cold reusable to go cup for my tumbler collection.  I called this store ahead and they had 2 in stock.  The barista who answered the phone (sorry I was so excited I forgot to ask for your name!) Offered to save that aside for me until I get there.  Thank you so much,  you made my day!","Likes":""},{"Name":"","Category":"","Rating":" 2 stars ","Number_of_Reviews":"","Address":"","Reviewer":"vincent marrone","Reviewer_page":"https://www.google.com/maps/contrib/117459296186689362403/reviews?hl=en-US","Review_time":"a year ago","Review":"got our order Wrong, refused to apologize, infact they insisted it was our fault! Tried to convince me we took someone else’s food, but we got from the drive through... Ordered 2 sandwiches, 1 egg bite, got 3 sandwiches instead. Stop acting rude and take responsibility, Im very kind and roll\nover easy but you literally tried telling us it was our bad lol! I wouldn’t mind much but you kept trying to tell me it was my girlfriends fault, when it was whoever was manning the drive throughs fault. I literally have a bag labeled “Bacn Gruy Egg Bite” but no egg bites! (Yet it’s her fault okay lol). But it’s okay we’ll see you very soon for our free meal :) thanks.","Likes":"2"},{"Name":"","Category":"","Rating":" 4 stars ","Number_of_Reviews":"","Address":"","Reviewer":"Nicholas DiTrento Sr.","Reviewer_page":"https://www.google.com/maps/contrib/101682109632331841998/reviews?hl=en-US","Review_time":"a week ago","Review":"Drive thru sucks there in a bad spot to put a drive thru","Likes":""},{"Name":"","Category":"","Rating":" 2 stars ","Number_of_Reviews":"","Address":"","Reviewer":"Lauren M. Silverman","Reviewer_page":"https://www.google.com/maps/contrib/102746410018855003989/reviews?hl=en-US","Review_time":"5 months ago","Review":"Baristas are nice and prompt, but the store is never open when it says it is. Every time we go, it's closed with no notice.","Likes":""},{"Name":"","Category":"","Rating":" 1 star ","Number_of_Reviews":"","Address":"","Reviewer":"victor ramos","Reviewer_page":"https://www.google.com/maps/contrib/117663170077794359379/reviews?hl=en-US","Review_time":"a year ago","Review":"Personally when they first opened everything was great. Now every time i go the coffee tastes worse and worse! The last 4 times i went and got a vanilla sweet cream cold brew as i do all the time. Its bitter and 100% unsweetened. I usually end up throwing it away. Might not be going back as I've already waisted over 25$. Disappointing","Likes":""},{"Name":"","Category":"","Rating":" 1 star ","Number_of_Reviews":"","Address":"","Reviewer":"Rukea Kirkland","Reviewer_page":"https://www.google.com/maps/contrib/116637678482638405345/reviews?hl=en-US","Review_time":"10 months ago","Review":"They’re always an issue with this place, never open for walk in but can take drive thru orders (horrible for people who don’t have cars). It’s been this way for the pass 2 weeks. Are you aware that down the street on Seguine there a hospital filled with workers who want a cup of coffee to make it through the 12-16 shifts.","Likes":""},{"Name":"","Category":"","Rating":" 1 star ","Number_of_Reviews":"","Address":"","Reviewer":"Vincent Notabartolo","Reviewer_page":"https://www.google.com/maps/contrib/108280200458576821251/reviews?hl=en-US","Review_time":"11 months ago","Review":"The location of this Starbucks is horrible. It looks like it took them an hour to plan the layout of the place. I drive a low car if I entered with it, it would definitely scrape the bottom. The drive through is very narrow and the parking lot is small.","Likes":"3"},{"Name":"","Category":"","Rating":" 1 star ","Number_of_Reviews":"","Address":"","Reviewer":"Antonella Grome","Reviewer_page":"https://www.google.com/maps/contrib/111526882580276179515/reviews?hl=en-US","Review_time":"3 months ago","Review":"I just drove a long way to this Starbucks and they could not serve me because no more whip cream.   That stinks","Likes":""},{"Name":"","Category":"","Rating":" 1 star ","Number_of_Reviews":"","Address":"","Reviewer":"Joe Tucci","Reviewer_page":"https://www.google.com/maps/contrib/101684201892338604427/reviews?hl=en-US","Review_time":"10 months ago","Review":"I would not even bother going to this Starbucks. Went to get coffee and was handed a mask at the door not a problem but no one inside has one on so I didn’t bother considering I was only going to be waiting about 2 minutes. After which a rude female employee said “just leave” when I didn’t even get my coffee so I asked for a refund, she didn’t have an answer and just stared at me.","Likes":"1"},{"Name":"","Category":"","Rating":" 1 star ","Number_of_Reviews":"","Address":"","Reviewer":"Christian Renta","Reviewer_page":"https://www.google.com/maps/contrib/102603180655178457870/reviews?hl=en-US","Review_time":"a week ago","Review":"Took 25 minutes for one coffee and couldn’t get a cookie with it.","Likes":""},{"Name":"","Category":"","Rating":" 4 stars ","Number_of_Reviews":"","Address":"","Reviewer":"mike panek","Reviewer_page":"https://www.google.com/maps/contrib/105105166468894659662/reviews?hl=en-US","Review_time":"8 months ago","Review":"Although I prefer Dunkin over Bucks as for some reason I find Bucks coffees to have a bitter taste as compared to the double D,\nIm not much of a coffee pro and only drink it in morning to give mouth something to refresh it so the taste really dosent bother me but I do prefer non bitter coffees over the bolder bitter types...","Likes":""},{"Name":"","Category":"","Rating":" 1 star ","Number_of_Reviews":"","Address":"","Reviewer":"Barb T","Reviewer_page":"https://www.google.com/maps/contrib/114551712336096590247/reviews?hl=en-US","Review_time":"8 months ago","Review":"I don't know what happened, but the Last 2 coffees have been bad.  The one today, disgusting.  What should be added to the coffee is listed on the cup.  Why is it so hard?  I am not buying from them anymore.","Likes":""},{"Name":"","Category":"","Rating":" 2 stars ","Number_of_Reviews":"","Address":"","Reviewer":"Frank Couso","Reviewer_page":"https://www.google.com/maps/contrib/112942672302687348140/reviews?hl=en-US","Review_time":"a year ago","Review":"This brand new starbucks is beautiful! The interior is clean and the staff are incredibly friendly- it's everything you would expect from a Starbucks chain. My issue is with the drive thru: during peak times the line of cars often spills out onto the streets causing massive traffic problems in the immediate area. This needs to be addressed.","Likes":"3"},{"Name":"","Category":"","Rating":" 1 star ","Number_of_Reviews":"","Address":"","Reviewer":"MARIA DIXON","Reviewer_page":"https://www.google.com/maps/contrib/118160145480517406455/reviews?hl=en-US","Review_time":"a year ago","Review":"Worst location ever. Very disappointed in Starbucks. Greed is obviously more important than safety for your customers and their vehicles. This space is not big enough for your store. You are causing traffic, accidents, and road rage. In addition, after purchasing coffee at the drive-thru, there is little room to maneuver your vehicle without jumping the curb. Starbucks, go away!","Likes":"4"},{"Name":"","Category":"","Rating":" 5 stars ","Number_of_Reviews":"","Address":"","Reviewer":"Danilo Castro","Reviewer_page":"https://www.google.com/maps/contrib/111656616668111109962/reviews?hl=en-US","Review_time":"5 months ago","Review":"Glad they're open for walk in again. Very good drinks and personable staff.","Likes":""},{"Name":"","Category":"","Rating":" 1 star ","Number_of_Reviews":"","Address":"","Reviewer":"Nancy Ibrahim","Reviewer_page":"https://www.google.com/maps/contrib/100926556746335696673/reviews?hl=en-US","Review_time":"a year ago","Review":"the worst Starbucks ever.\nMusic is so loud beyond the normal and when we asked the manager to lower the sound, he went in and came out singing and clapping out loud with the song.\nHorrible attitude, Restroom is not clean. won’t go again to this place and don’t recommend to go study/ work there.","Likes":"2"},{"Name":"","Category":"","Rating":" 1 star ","Number_of_Reviews":"","Address":"","Reviewer":"Steven Greenwald","Reviewer_page":"https://www.google.com/maps/contrib/105357717293331138174/reviews?hl=en-US","Review_time":"a month ago","Review":"Bathrooms are filthy. They never clean them.","Likes":""},{"Name":"","Category":"","Rating":" 5 stars ","Number_of_Reviews":"","Address":"","Reviewer":"Richard Boulos","Reviewer_page":"https://www.google.com/maps/contrib/102976730263359484694/reviews?hl=en-US","Review_time":"7 months ago","Review":"The staff was very cooperative with me even though the thing I wanted wasn’t available so they gave me their best opinion and made it so that it was sour(I like sour drinks) and they made it so I liked it.","Likes":""},{"Name":"","Category":"","Rating":" 2 stars ","Number_of_Reviews":"","Address":"","Reviewer":"Karyn Bello","Reviewer_page":"https://www.google.com/maps/contrib/114030368479639302059/reviews?hl=en-US","Review_time":"8 months ago","Review":"Parking lot is poorly planned, staff is friendly but the drive thru keeps them stressed. With the traffic they get from drive thru they should have a bigger staff to help.","Likes":"1"},{"Name":"","Category":"","Rating":" 5 stars ","Number_of_Reviews":"","Address":"","Reviewer":"Charleen Maher, Ph.D.","Reviewer_page":"https://www.google.com/maps/contrib/101862076807864448114/reviews?hl=en-US","Review_time":"a year ago","Review":"Big, clean space. Lots of seating options. They do check vaccine status for those who choose to sit and stay, which makes me feel more comfortable staying and spending a bit more as well.","Likes":""},{"Name":"","Category":"","Rating":" 2 stars ","Number_of_Reviews":"","Address":"","Reviewer":"MV P","Reviewer_page":"https://www.google.com/maps/contrib/100488192527242249509/reviews?hl=en-US","Review_time":"a year ago","Review":"It is impossible to get into the parking lot with selfish drivers waiting on line blocking the street and the entrance to the parking lot for a cup of coffee! They have to do something about this, it is DANGEROUS! Did not even go in because I was so disgusted.","Likes":"2"},{"Name":"","Category":"","Rating":" 5 stars ","Number_of_Reviews":"","Address":"","Reviewer":"Al Young Cuda","Reviewer_page":"https://www.google.com/maps/contrib/115827016882416779087/reviews?hl=en-US","Review_time":"8 months ago","Review":"Great..tight drive-thru, could only enter on 1 street..might have to hang a U Turn to double back","Likes":""},{"Name":"","Category":"","Rating":" 1 star ","Number_of_Reviews":"","Address":"","Reviewer":"Robert Rogin","Reviewer_page":"https://www.google.com/maps/contrib/110733948362312988031/reviews?hl=en-US","Review_time":"8 months ago","Review":"So tired of these snotty little girls working there making coffee mouthing off with attitude because my WCM latte was all sugar, everyother Starbucks I go to is actually decent but this location has horrible individuals making coffee no costumer service and don’t know what they’re doing !!!","Likes":""},{"Name":"","Category":"","Rating":" 1 star ","Number_of_Reviews":"","Address":"","Reviewer":"Gino G","Reviewer_page":"https://www.google.com/maps/contrib/113412460686462180082/reviews?hl=en-US","Review_time":"a year ago","Review":"This Starbucks closes their doors at 7:15 PM when they are supposed to close at 8:00 PM. This forces you to use their joke of a drive through with a very narrow path after 7:15 PM.","Likes":"2"},{"Name":"","Category":"","Rating":" 2 stars ","Number_of_Reviews":"","Address":"","Reviewer":"Simon Mardakh","Reviewer_page":"https://www.google.com/maps/contrib/117441388589863392451/reviews?hl=en-US","Review_time":"a year ago","Review":"Pretty poor service! The place on Woodrow seems to be more up to tempo! I order couple breakfast items and it takes them 20-25 mins to have it ready at 605 am!!!","Likes":"2"},{"Name":"","Category":"","Rating":" 1 star ","Number_of_Reviews":"","Address":"","Reviewer":"Jessica Ryan","Reviewer_page":"https://www.google.com/maps/contrib/104531316722207471252/reviews?hl=en-US","Review_time":"10 months ago","Review":"If I could give less then one star I would. Why is it that the employees cannot listen to the instructions for the coffees. It’s always wrong! I will not be going here anymore lost a great customer","Likes":""},{"Name":"","Category":"","Rating":" 4 stars ","Number_of_Reviews":"","Address":"","Reviewer":"Sal","Reviewer_page":"https://www.google.com/maps/contrib/109881141568454737496/reviews?hl=en-US","Review_time":"6 months ago","Review":"Great location. Some of the staff is moody but what can you expect from people dealing with ex-Brooklyn residents.","Likes":"1"},{"Name":"","Category":"","Rating":" 5 stars ","Number_of_Reviews":"","Address":"","Reviewer":"Robert Marcone (RobSolid)","Reviewer_page":"https://www.google.com/maps/contrib/102414041096746762891/reviews?hl=en-US","Review_time":"a month ago","Review":"Nice staff,  but a little uptight.","Likes":""},{"Name":"","Category":"","Rating":" 5 stars ","Number_of_Reviews":"","Address":"","Reviewer":"Kevin Osmundsen","Reviewer_page":"https://www.google.com/maps/contrib/110628324253865132423/reviews?hl=en-US","Review_time":"10 months ago","Review":"Good service. Clean cafe. Only negative is power is only available at the big table.","Likes":"1"},{"Name":"","Category":"","Rating":" 2 stars ","Number_of_Reviews":"","Address":"","Reviewer":"Tony","Reviewer_page":"https://www.google.com/maps/contrib/118052333286602025258/reviews?hl=en-US","Review_time":"a year ago","Review":"Drive thru very slow and hazardous. Whole experience to get 2 coffees took about 20 minutes. Crazy","Likes":"2"},{"Name":"","Category":"","Rating":" 1 star ","Number_of_Reviews":"","Address":"","Reviewer":"J. Sano","Reviewer_page":"https://www.google.com/maps/contrib/107598447928008435259/reviews?hl=en-US","Review_time":"10 months ago","Review":"This place is the worst ! Location is horrible & the service is so unorganized. Oh & they my cup of coffee was half full. Never again","Likes":""},{"Name":"","Category":"","Rating":" 5 stars ","Number_of_Reviews":"","Address":"","Reviewer":"Eddie Harris","Reviewer_page":"https://www.google.com/maps/contrib/100829296671044223993/reviews?hl=en-US","Review_time":"5 months ago","Review":"Very nice place, friendly and fast","Likes":""},{"Name":"","Category":"","Rating":" 5 stars ","Number_of_Reviews":"","Address":"","Reviewer":"Joseph Imperatrice","Reviewer_page":"https://www.google.com/maps/contrib/107330818981550683560/reviews?hl=en-US","Review_time":"a year ago","Review":"Staff at this location is incredible. The location is fairly new. Clean and airy inside.","Likes":""},{"Name":"","Category":"","Rating":" 3 stars ","Number_of_Reviews":"","Address":"","Reviewer":"babyjade3","Reviewer_page":"https://www.google.com/maps/contrib/110901863956651475683/reviews?hl=en-US","Review_time":"a year ago","Review":"I'm not big on Starbucks coffee but my daughter loved the cake pops","Likes":"1"},{"Name":"","Category":"","Rating":" 5 stars ","Number_of_Reviews":"","Address":"","Reviewer":"Hany","Reviewer_page":"https://www.google.com/maps/contrib/115778343609761936833/reviews?hl=en-US","Review_time":"8 months ago","Review":"Great atmosphere and drinks. Timothy was really helpful as well","Likes":""},{"Name":"","Category":"","Rating":" 3 stars ","Number_of_Reviews":"","Address":"","Reviewer":"Pj","Reviewer_page":"https://www.google.com/maps/contrib/117811766537575437664/reviews?hl=en-US","Review_time":"a year ago","Review":"Overall it’s really not bad, but I feel like the stuff I’d want to get at a Starbucks is always off sale which is unfortunate.","Likes":""},{"Name":"","Category":"","Rating":" 1 star ","Number_of_Reviews":"","Address":"","Reviewer":"Amanda Nalitt","Reviewer_page":"https://www.google.com/maps/contrib/116583737782342263920/reviews?hl=en-US","Review_time":"10 months ago","Review":"Received 2 grandes that were only half full (or half empty) but paid full price. Unacceptable","Likes":""},{"Name":"","Category":"","Rating":" 3 stars ","Number_of_Reviews":"","Address":"","Reviewer":"STEPHEN BOEDECKER","Reviewer_page":"https://www.google.com/maps/contrib/112054617253074837947/reviews?hl=en-US","Review_time":"a year ago","Review":"No crowds, parking not great, inside staff nice but service a little spotty.","Likes":"1"},{"Name":"","Category":"","Rating":" 5 stars ","Number_of_Reviews":"","Address":"","Reviewer":"Donny Teachout","Reviewer_page":"https://www.google.com/maps/contrib/108452058914006465159/reviews?hl=en-US","Review_time":"a year ago","Review":"Drive through fast and efficient Starbucks drinks were good, service was fast","Likes":""},{"Name":"","Category":"","Rating":" 1 star ","Number_of_Reviews":"","Address":"","Reviewer":"Valentina Soto","Reviewer_page":"https://www.google.com/maps/contrib/113380735491123796120/reviews?hl=en-US","Review_time":"9 months ago","Review":"definitely the worst starbucks !! service was awful","Likes":""},{"Name":"","Category":"","Rating":" 4 stars ","Number_of_Reviews":"","Address":"","Reviewer":"Bradley Popkin","Reviewer_page":"https://www.google.com/maps/contrib/113598846479916343476/reviews?hl=en-US","Review_time":"a year ago","Review":"Service is great. The only issue is the nightmare parking lot. Not very well conceived.","Likes":"2"},{"Name":"","Category":"","Rating":" 5 stars ","Number_of_Reviews":"","Address":"","Reviewer":"Brittany Lebron","Reviewer_page":"https://www.google.com/maps/contrib/116646510701951416069/reviews?hl=en-US","Review_time":"a year ago","Review":"Literally the sweetest staff! My new favorite Starbucks location ❤️","Likes":""},{"Name":"","Category":"","Rating":" 1 star ","Number_of_Reviews":"","Address":"","Reviewer":"anjelica conti","Reviewer_page":"https://www.google.com/maps/contrib/101308907651612159677/reviews?hl=en-US","Review_time":"9 months ago","Review":"Truly the worst Starbucks I’ve ever been to in my life","Likes":""},{"Name":"","Category":"","Rating":" 1 star ","Number_of_Reviews":"","Address":"","Reviewer":"Christina Grace","Reviewer_page":"https://www.google.com/maps/contrib/106331245298717720895/reviews?hl=en-US","Review_time":"11 months ago","Review":"This drive thru causes hazards in the street everytime I pass by! !","Likes":"1"},{"Name":"","Category":"","Rating":" 3 stars ","Number_of_Reviews":"","Address":"","Reviewer":"Janine Iacobellis","Reviewer_page":"https://www.google.com/maps/contrib/100141777417945586761/reviews?hl=en-US","Review_time":"a year ago","Review":"Horrible parking and drive thru. But love Starbucks.","Likes":"2"},{"Name":"","Category":"","Rating":" 5 stars ","Number_of_Reviews":"","Address":"","Reviewer":"J J","Reviewer_page":"https://www.google.com/maps/contrib/106302766731738328378/reviews?hl=en-US","Review_time":"a year ago","Review":"Friendly, speedy service. Great operation here. Will definitely return!","Likes":""},{"Name":"","Category":"","Rating":" 1 star ","Number_of_Reviews":"","Address":"","Reviewer":"Yeldar Mukhtaruly","Reviewer_page":"https://www.google.com/maps/contrib/107752687738420496357/reviews?hl=en-US","Review_time":"11 months ago","Review":"Super long. Waited 30 min for one coffee.","Likes":"1"},{"Name":"","Category":"","Rating":" 1 star ","Number_of_Reviews":"","Address":"","Reviewer":"Victoria Sukharenko","Reviewer_page":"https://www.google.com/maps/contrib/101480320222588270830/reviews?hl=en-US","Review_time":"a year ago","Review":"Absolutely terrible.  Nasty employees.  Not going back to that location.","Likes":"3"},{"Name":"","Category":"","Rating":" 2 stars ","Number_of_Reviews":"","Address":"","Reviewer":"Jennifer","Reviewer_page":"https://www.google.com/maps/contrib/116842685609276086586/reviews?hl=en-US","Review_time":"10 months ago","Review":"Worst location for a drive thru","Likes":""},{"Name":"","Category":"","Rating":" 5 stars ","Number_of_Reviews":"","Address":"","Reviewer":"Robbie Rempley","Reviewer_page":"https://www.google.com/maps/contrib/104205803473953264577/reviews?hl=en-US","Review_time":"3 months ago","Review":"Great","Likes":""},{"Name":"","Category":"","Rating":" 4 stars ","Number_of_Reviews":"","Address":"","Reviewer":"Tom Calandra","Reviewer_page":"https://www.google.com/maps/contrib/114935088952326847302/reviews?hl=en-US","Review_time":"11 months ago","Review":"Ok but parking is rough","Likes":""},{"Name":"","Category":"","Rating":" 4 stars ","Number_of_Reviews":"","Address":"","Reviewer":"Tim G","Reviewer_page":"https://www.google.com/maps/contrib/115797161442852135402/reviews?hl=en-US","Review_time":"a year ago","Review":"Horrible location but it's Starbucks","Likes":"1"},{"Name":"","Category":"","Rating":" 4 stars ","Number_of_Reviews":"","Address":"","Reviewer":"T H O M A S","Reviewer_page":"https://www.google.com/maps/contrib/102931243991564208509/reviews?hl=en-US","Review_time":"2 months ago","Review":"Nice coffee ☕☕","Likes":""},{"Name":"","Category":"","Rating":" 4 stars ","Number_of_Reviews":"","Address":"","Reviewer":"Stanley power","Reviewer_page":"https://www.google.com/maps/contrib/116572771497274639019/reviews?hl=en-US","Review_time":"4 months ago","Review":"beautiful star bucks","Likes":""},{"Name":"","Category":"","Rating":" 5 stars ","Number_of_Reviews":"","Address":"","Reviewer":"Eva Juliette","Reviewer_page":"https://www.google.com/maps/contrib/115276118134345838947/reviews?hl=en-US","Review_time":"2 months ago","Review":"Best on Earth!!!!","Likes":""},{"Name":"","Category":"","Rating":" 3 stars ","Number_of_Reviews":"","Address":"","Reviewer":"don w","Reviewer_page":"https://www.google.com/maps/contrib/110961252154538047882/reviews?hl=en-US","Review_time":"8 months ago","Review":"Dangerous traffic egress and ingress","Likes":""},{"Name":"","Category":"","Rating":" 1 star ","Number_of_Reviews":"","Address":"","Reviewer":"Roy Kolbenson","Reviewer_page":"https://www.google.com/maps/contrib/104775031170964333088/reviews?hl=en-US","Review_time":"10 months ago","Review":"Horrible NO WHIPCREAM","Likes":""},{"Name":"","Category":"","Rating":" 5 stars ","Number_of_Reviews":"","Address":"","Reviewer":"Vin ny","Reviewer_page":"https://www.google.com/maps/contrib/116384851259775531649/reviews?hl=en-US","Review_time":"11 months ago","Review":"Always delish","Likes":""},{"Name":"","Category":"","Rating":" 5 stars ","Number_of_Reviews":"","Address":"","Reviewer":"Rob Ruv","Reviewer_page":"https://www.google.com/maps/contrib/101023494136690684064/reviews?hl=en-US","Review_time":"10 months ago","Review":"Coffee was ok","Likes":""},{"Name":"","Category":"","Rating":" 5 stars ","Number_of_Reviews":"","Address":"","Reviewer":"EagelUniverse","Reviewer_page":"https://www.google.com/maps/contrib/104669003182492512657/reviews?hl=en-US","Review_time":"11 months ago","Review":"Delicious","Likes":""},{"Name":"","Category":"","Rating":" 5 stars ","Number_of_Reviews":"","Address":"","Reviewer":"April Porcellini","Reviewer_page":"https://www.google.com/maps/contrib/102414383424426846580/reviews?hl=en-US","Review_time":"a year ago","Review":"Drinks where made perfect","Likes":""},{"Name":"","Category":"","Rating":" 2 stars ","Number_of_Reviews":"","Address":"","Reviewer":"Hero the black house panther","Reviewer_page":"https://www.google.com/maps/contrib/112899144366285264555/reviews?hl=en-US","Review_time":"a year ago","Review":"Too long of a wait","Likes":"1"},{"Name":"","Category":"","Rating":" 5 stars ","Number_of_Reviews":"","Address":"","Reviewer":"Best Tennis Stringing","Reviewer_page":"https://www.google.com/maps/contrib/113542634732491014764/reviews?hl=en-US","Review_time":"a year ago","Review":"New Starbucks is a new Starbucks.","Likes":""},{"Name":"","Category":"","Rating":" 2 stars ","Number_of_Reviews":"","Address":"","Reviewer":"CINDY APONTE","Reviewer_page":"https://www.google.com/maps/contrib/107968230954850168683/reviews?hl=en-US","Review_time":"4 weeks ago","Review":"","Likes":""},{"Name":"","Category":"","Rating":" 5 stars ","Number_of_Reviews":"","Address":"","Reviewer":"Sasha Chokova","Reviewer_page":"https://www.google.com/maps/contrib/116581970003753608650/reviews?hl=en-US","Review_time":"a month ago","Review":"","Likes":""},{"Name":"","Category":"","Rating":" 4 stars ","Number_of_Reviews":"","Address":"","Reviewer":"debilyn147","Reviewer_page":"https://www.google.com/maps/contrib/113245027119289133302/reviews?hl=en-US","Review_time":"5 months ago","Review":"","Likes":""},{"Name":"","Category":"","Rating":" 5 stars ","Number_of_Reviews":"","Address":"","Reviewer":"Jason Long","Reviewer_page":"https://www.google.com/maps/contrib/110625595106299274508/reviews?hl=en-US","Review_time":"10 months ago","Review":"","Likes":""},{"Name":"","Category":"","Rating":" 5 stars ","Number_of_Reviews":"","Address":"","Reviewer":"Joseph Gallo","Reviewer_page":"https://www.google.com/maps/contrib/106569111732421685221/reviews?hl=en-US","Review_time":"10 months ago","Review":"","Likes":""},{"Name":"","Category":"","Rating":" 5 stars ","Number_of_Reviews":"","Address":"","Reviewer":"Vito Dituri","Reviewer_page":"https://www.google.com/maps/contrib/102007684212260976034/reviews?hl=en-US","Review_time":"a year ago","Review":"","Likes":""},{"Name":"","Category":"","Rating":" 3 stars ","Number_of_Reviews":"","Address":"","Reviewer":"Nicole Raimo","Reviewer_page":"https://www.google.com/maps/contrib/106648327170614400533/reviews?hl=en-US","Review_time":"a year ago","Review":"","Likes":""},{"Name":"","Category":"","Rating":" 5 stars ","Number_of_Reviews":"","Address":"","Reviewer":"Anthony Buckwitz","Reviewer_page":"https://www.google.com/maps/contrib/106434607825435824875/reviews?hl=en-US","Review_time":"a year ago","Review":"","Likes":""},{"Name":"","Category":"","Rating":" 4 stars ","Number_of_Reviews":"","Address":"","Reviewer":"James K Gerald","Reviewer_page":"https://www.google.com/maps/contrib/106732111474202433089/reviews?hl=en-US","Review_time":"a year ago","Review":"","Likes":""},{"Name":"","Category":"","Rating":" 5 stars ","Number_of_Reviews":"","Address":"","Reviewer":"Shahrukh Sayeedi","Reviewer_page":"https://www.google.com/maps/contrib/101878817817238636055/reviews?hl=en-US","Review_time":"4 months ago","Review":"","Likes":""},{"Name":"","Category":"","Rating":" 5 stars ","Number_of_Reviews":"","Address":"","Reviewer":"ariana cicala","Reviewer_page":"https://www.google.com/maps/contrib/105059149721433061157/reviews?hl=en-US","Review_time":"a year ago","Review":"","Likes":""},{"Name":"","Category":"","Rating":" 5 stars ","Number_of_Reviews":"","Address":"","Reviewer":"Asdrubal Ruiz","Reviewer_page":"https://www.google.com/maps/contrib/109318035267663140689/reviews?hl=en-US","Review_time":"a year ago","Review":"","Likes":""},{"Name":"","Category":"","Rating":" 4 stars ","Number_of_Reviews":"","Address":"","Reviewer":"Polina Gage","Reviewer_page":"https://www.google.com/maps/contrib/103049299502553822562/reviews?hl=en-US","Review_time":"a year ago","Review":"","Likes":""},{"Name":"","Category":"","Rating":" 5 stars ","Number_of_Reviews":"","Address":"","Reviewer":"Mike Thomas","Reviewer_page":"https://www.google.com/maps/contrib/105379750367558633693/reviews?hl=en-US","Review_time":"a year ago","Review":"","Likes":""},{"Name":"","Category":"","Rating":" 5 stars ","Number_of_Reviews":"","Address":"","Reviewer":"Angelo Siragusa","Reviewer_page":"https://www.google.com/maps/contrib/102066602048367767074/reviews?hl=en-US","Review_time":"a year ago","Review":"","Likes":""},{"Name":"","Category":"","Rating":" 5 stars ","Number_of_Reviews":"","Address":"","Reviewer":"Rafael S","Reviewer_page":"https://www.google.com/maps/contrib/104935831151347586960/reviews?hl=en-US","Review_time":"6 months ago","Review":"","Likes":""},{"Name":"","Category":"","Rating":" 5 stars ","Number_of_Reviews":"","Address":"","Reviewer":"BCTKING411 King","Reviewer_page":"https://www.google.com/maps/contrib/112685487540754708485/reviews?hl=en-US","Review_time":"10 months ago","Review":"","Likes":""},{"Name":"","Category":"","Rating":" 5 stars ","Number_of_Reviews":"","Address":"","Reviewer":"Joseph Carrubba","Reviewer_page":"https://www.google.com/maps/contrib/111677987156918436443/reviews?hl=en-US","Review_time":"6 days ago","Review":"","Likes":""},{"Name":"","Category":"","Rating":" 3 stars ","Number_of_Reviews":"","Address":"","Reviewer":"MaryAnn Perez","Reviewer_page":"https://www.google.com/maps/contrib/112404917314331598713/reviews?hl=en-US","Review_time":"6 months ago","Review":"","Likes":""},{"Name":"","Category":"","Rating":" 5 stars ","Number_of_Reviews":"","Address":"","Reviewer":"Angela manieri","Reviewer_page":"https://www.google.com/maps/contrib/110968745684747400518/reviews?hl=en-US","Review_time":"3 weeks ago","Review":"","Likes":""},{"Name":"","Category":"","Rating":" 5 stars ","Number_of_Reviews":"","Address":"","Reviewer":"joseph piccolo","Reviewer_page":"https://www.google.com/maps/contrib/100462071961457553423/reviews?hl=en-US","Review_time":"9 months ago","Review":"","Likes":""},{"Name":"","Category":"","Rating":" 5 stars ","Number_of_Reviews":"","Address":"","Reviewer":"Maha Othman","Reviewer_page":"https://www.google.com/maps/contrib/102658814148624066286/reviews?hl=en-US","Review_time":"a year ago","Review":"","Likes":""},{"Name":"","Category":"","Rating":" 3 stars ","Number_of_Reviews":"","Address":"","Reviewer":"Gennady Shulman","Reviewer_page":"https://www.google.com/maps/contrib/117840792442492778557/reviews?hl=en-US","Review_time":"9 months ago","Review":"","Likes":""},{"Name":"","Category":"","Rating":" 5 stars ","Number_of_Reviews":"","Address":"","Reviewer":"Freddy Miranda","Reviewer_page":"https://www.google.com/maps/contrib/113938462775968406135/reviews?hl=en-US","Review_time":"11 months ago","Review":"","Likes":""},{"Name":"","Category":"","Rating":" 2 stars ","Number_of_Reviews":"","Address":"","Reviewer":"Nicolas puma","Reviewer_page":"https://www.google.com/maps/contrib/108293790157876672473/reviews?hl=en-US","Review_time":"3 weeks ago","Review":"","Likes":""},{"Name":"","Category":"","Rating":" 5 stars ","Number_of_Reviews":"","Address":"","Reviewer":"anthony tiwari","Reviewer_page":"https://www.google.com/maps/contrib/113235983711880188400/reviews?hl=en-US","Review_time":"6 months ago","Review":"","Likes":""},{"Name":"","Category":"","Rating":" 5 stars ","Number_of_Reviews":"","Address":"","Reviewer":"Philip Rojas","Reviewer_page":"https://www.google.com/maps/contrib/110628278867543785375/reviews?hl=en-US","Review_time":"5 months ago","Review":"","Likes":""},{"Name":"","Category":"","Rating":" 5 stars ","Number_of_Reviews":"","Address":"","Reviewer":"Patricia Baroz","Reviewer_page":"https://www.google.com/maps/contrib/103765736536955905020/reviews?hl=en-US","Review_time":"8 months ago","Review":"","Likes":""},{"Name":"","Category":"","Rating":" 5 stars ","Number_of_Reviews":"","Address":"","Reviewer":"Laura Treacy","Reviewer_page":"https://www.google.com/maps/contrib/107136678669637629375/reviews?hl=en-US","Review_time":"8 months ago","Review":"","Likes":""},{"Name":"","Category":"","Rating":" 5 stars ","Number_of_Reviews":"","Address":"","Reviewer":"Fuze","Reviewer_page":"https://www.google.com/maps/contrib/117025574939461187420/reviews?hl=en-US","Review_time":"3 months ago","Review":"","Likes":""},{"Name":"","Category":"","Rating":" 5 stars ","Number_of_Reviews":"","Address":"","Reviewer":"Gilbert Salas Jr","Reviewer_page":"https://www.google.com/maps/contrib/101664139899522065610/reviews?hl=en-US","Review_time":"a day ago","Review":"","Likes":""},{"Name":"","Category":"","Rating":" 5 stars ","Number_of_Reviews":"","Address":"","Reviewer":"Pamela Alfieri","Reviewer_page":"https://www.google.com/maps/contrib/103801669114179693566/reviews?hl=en-US","Review_time":"10 months ago","Review":"","Likes":""},{"Name":"","Category":"","Rating":" 5 stars ","Number_of_Reviews":"","Address":"","Reviewer":"simon moyal","Reviewer_page":"https://www.google.com/maps/contrib/116786932471227695316/reviews?hl=en-US","Review_time":"11 months ago","Review":"","Likes":""},{"Name":"","Category":"","Rating":" 5 stars ","Number_of_Reviews":"","Address":"","Reviewer":"Art L","Reviewer_page":"https://www.google.com/maps/contrib/105148915649539856284/reviews?hl=en-US","Review_time":"a year ago","Review":"","Likes":""},{"Name":"","Category":"","Rating":" 5 stars ","Number_of_Reviews":"","Address":"","Reviewer":"Jason Martinez","Reviewer_page":"https://www.google.com/maps/contrib/100637534782161272441/reviews?hl=en-US","Review_time":"a month ago","Review":"","Likes":""},{"Name":"","Category":"","Rating":" 5 stars ","Number_of_Reviews":"","Address":"","Reviewer":"Monica Mikhail","Reviewer_page":"https://www.google.com/maps/contrib/101278844119509219337/reviews?hl=en-US","Review_time":"3 months ago","Review":"","Likes":""},{"Name":"","Category":"","Rating":" 5 stars ","Number_of_Reviews":"","Address":"","Reviewer":"Tatyana Sheremeta","Reviewer_page":"https://www.google.com/maps/contrib/116545285729518450215/reviews?hl=en-US","Review_time":"a year ago","Review":"","Likes":""},{"Name":"","Category":"","Rating":" 5 stars ","Number_of_Reviews":"","Address":"","Reviewer":"sheikh Abdullah","Reviewer_page":"https://www.google.com/maps/contrib/111630618431848032577/reviews?hl=en-US","Review_time":"a year ago","Review":"","Likes":""},{"Name":"","Category":"","Rating":" 5 stars ","Number_of_Reviews":"","Address":"","Reviewer":"TonyMac721","Reviewer_page":"https://www.google.com/maps/contrib/102933920290102814753/reviews?hl=en-US","Review_time":"a year ago","Review":"","Likes":""},{"Name":"","Category":"","Rating":" 1 star ","Number_of_Reviews":"","Address":"","Reviewer":"Brooke Loperena","Reviewer_page":"https://www.google.com/maps/contrib/100542803406754488700/reviews?hl=en-US","Review_time":"a year ago","Review":"","Likes":""},{"Name":"","Category":"","Rating":" 2 stars ","Number_of_Reviews":"","Address":"","Reviewer":"Anthony Symbouras","Reviewer_page":"https://www.google.com/maps/contrib/110904062140062867434/reviews?hl=en-US","Review_time":"a year ago","Review":"","Likes":""},{"Name":"","Category":"","Rating":" 5 stars ","Number_of_Reviews":"","Address":"","Reviewer":"Michael Ayende","Reviewer_page":"https://www.google.com/maps/contrib/115443935432219934036/reviews?hl=en-US","Review_time":"a year ago","Review":"","Likes":""}