[{"Name":"","Category":"","Rating":" 4 stars ","Number_of_Reviews":"","Address":"","Reviewer":"Steven Roig","Reviewer_page":"https://www.google.com/maps/contrib/101348726026300253694/reviews?hl=en-US","Review_time":"5 months ago","Review":"The associates were working hard and they were polite. They had a line of customer's and they did a good job of moving the line. I got a caramel ribbon crunch,less the crunchies due to none being available. But they did let me know before hand and I still got my coffee. One more associate, would have been nice to maintain cleaning the counters side and refill their napkins. Overall I was satisfied.","Likes":""},{"Name":"","Category":"","Rating":" 5 stars ","Number_of_Reviews":"","Address":"","Reviewer":"Jing Daroy","Reviewer_page":"https://www.google.com/maps/contrib/104225047399746713169/reviews?hl=en-US","Review_time":"a week ago","Review":"Love coming here though it's get so busy but staffs are on point on everything!","Likes":""},{"Name":"","Category":"","Rating":" 5 stars ","Number_of_Reviews":"","Address":"","Reviewer":"Blerta Sheshi","Reviewer_page":"https://www.google.com/maps/contrib/109569308259941430200/reviews?hl=en-US","Review_time":"3 months ago","Review":"Best service from Joey. Didn’t rush me and answered my questions on how to get one of the most refreshing drinks.","Likes":"1"},{"Name":"","Category":"","Rating":" 5 stars ","Number_of_Reviews":"","Address":"","Reviewer":"Annie Ch","Reviewer_page":"https://www.google.com/maps/contrib/107906521431430516877/reviews?hl=en-US","Review_time":"2 weeks ago","Review":"Sarah was so nice! Awesome staff!","Likes":""},{"Name":"","Category":"","Rating":" 5 stars ","Number_of_Reviews":"","Address":"","Reviewer":"Chand","Reviewer_page":"https://www.google.com/maps/contrib/111255001775101224163/reviews?hl=en-US","Review_time":"11 months ago","Review":"The guy barista there today was amazing. Loved his sense of humor and his aura. Bought 2 hot chocolates for this windy, chill of a day. Wish all the locations can be as pleasant as atmosphere as he made this location. Forgot his name regrettably.","Likes":""},{"Name":"","Category":"","Rating":" 4 stars ","Number_of_Reviews":"","Address":"","Reviewer":"Robert Fenn","Reviewer_page":"https://www.google.com/maps/contrib/107750223584577556241/reviews?hl=en-US","Review_time":"9 months ago","Review":"St as bruck SSD does have good coffee...minimal items for FOR BREAKFAST..  And they are pricey... WE HERE ELSE CAN YOU GET A CUP OF COFFEE AND A PIECE OF POUND CAKE FOR ALMOST. 8 BUCKS.....","Likes":""},{"Name":"","Category":"","Rating":" 1 star ","Number_of_Reviews":"","Address":"","Reviewer":"Li Lyn","Reviewer_page":"https://www.google.com/maps/contrib/118219676902001123285/reviews?hl=en-US","Review_time":"a year ago","Review":"Oh how I love the convenience of Starbucks in shopping centers....this location however is one I will not come back to. Stood on the line for about 15 (probably more) minutes with only two people ahead of me. Being to Starbucks in busier locations I’m okay with waiting in line due to a lot of customers/orders. This long wait however was due to baristas having personal conversations amongst themselves and with one particular customer (think it was a Target employee). It was extreme(and annoying) even after taking this customers order the cashier didn’t immediately take the person ahead of me order just kept talking. By the time the customer ahead of me ordered I had to walk of the line as my mate finished checking out.","Likes":"1"},{"Name":"","Category":"","Rating":" 1 star ","Number_of_Reviews":"","Address":"","Reviewer":"Jabb3rJaw","Reviewer_page":"https://www.google.com/maps/contrib/112232750413724382975/reviews?hl=en-US","Review_time":"a year ago","Review":"Absolutely the slowest Starbucks I've ever had the displeasure of going to.  Sat at the register for at least 5 minutes with no one in front of me without even being recognized. I began to wonder if I could order. Waited another 10 minutes …","Likes":""},{"Name":"","Category":"","Rating":" 1 star ","Number_of_Reviews":"","Address":"","Reviewer":"Ivan M.","Reviewer_page":"https://www.google.com/maps/contrib/109594433315966419019/reviews?hl=en-US","Review_time":"9 months ago","Review":"The NEVER have chocolate chips so they won't make Java chip Fraps. I only go there because it's the only Starbucks near the Yukon mta bus depot. Hey Starbucks. Get it together. And half the time the kids that work there turn off the lights so it appears to be closed.","Likes":""},{"Name":"","Category":"","Rating":" 1 star ","Number_of_Reviews":"","Address":"","Reviewer":"Mahmoud Moustafa","Reviewer_page":"https://www.google.com/maps/contrib/107488974882689632228/reviews?hl=en-US","Review_time":"3 months ago","Review":"Long line, slow service, only one worker, and after all this I got charged more than the other stores!","Likes":""},{"Name":"","Category":"","Rating":" 5 stars ","Number_of_Reviews":"","Address":"","Reviewer":"Kate Zhygir","Reviewer_page":"https://www.google.com/maps/contrib/110302898938740810058/reviews?hl=en-US","Review_time":"a year ago","Review":"Coffee and service was great. Thank you for  smile 😃  in my cup.","Likes":""},{"Name":"","Category":"","Rating":" 1 star ","Number_of_Reviews":"","Address":"","Reviewer":"Tukkinum","Reviewer_page":"https://www.google.com/maps/contrib/105825325475030536457/reviews?hl=en-US","Review_time":"a year ago","Review":"There was a female worker who told me their sausage for a breakfast sandwich was beef. When I got home and looked at the ingredients it turned out to be 100% pork. Get people who know the ingredients or the customer might end up in a hospital... shame on you guys.","Likes":""},{"Name":"","Category":"","Rating":" 2 stars ","Number_of_Reviews":"","Address":"","Reviewer":"Jerry Leone","Reviewer_page":"https://www.google.com/maps/contrib/115555123375416883061/reviews?hl=en-US","Review_time":"3 years ago","Review":"Unfortunately the Manager/ Owner  or Management forgot that its Saturday before Christmas & you have only two girls working.\nAs a Customer & Owner of a Business its awful to do to Employees! The Line is out the Door. Only 2 girls working.\n& what is really disturbing is They are Not Allowed to except tips. They deserve part of your proceeds for the Job their doing.\nWe really felt bad for them girls..","Likes":""},{"Name":"","Category":"","Rating":" 1 star ","Number_of_Reviews":"","Address":"","Reviewer":"Asad Muradi","Reviewer_page":"https://www.google.com/maps/contrib/114774872808946085019/reviews?hl=en-US","Review_time":"10 months ago","Review":"The schedule is inconsistent. It says 8am but the girls who work there say they'll open after an hour when I was there at 8:20. Don't waist people's time, please.","Likes":""},{"Name":"","Category":"","Rating":" 1 star ","Number_of_Reviews":"","Address":"","Reviewer":"anthony muia","Reviewer_page":"https://www.google.com/maps/contrib/108499174263591298010/reviews?hl=en-US","Review_time":"a year ago","Review":"Worest Starbucks i have ever been to I waiting so long finally get to the cashier to order and they make me wait another 30min and I was unable to get anything as I was on my lunch hour from work. Won't be going back","Likes":""},{"Name":"","Category":"","Rating":" 1 star ","Number_of_Reviews":"","Address":"","Reviewer":"Selena San","Reviewer_page":"https://www.google.com/maps/contrib/104551049716714101587/reviews?hl=en-US","Review_time":"3 years ago","Review":"I love the target but on the website it says that Starbucks closes at 9 I go to the Starbucks at 7:00 and the lady working rudely tells me “we’re closed those were my last customers” and just looks at me like I’m an idiot for thinking it’s still open. I’ve never experienced this here but the attitude was just ridiculously rude.","Likes":"1"},{"Name":"","Category":"","Rating":" 5 stars ","Number_of_Reviews":"","Address":"","Reviewer":"George Jensen","Reviewer_page":"https://www.google.com/maps/contrib/115430309217605439161/reviews?hl=en-US","Review_time":"3 years ago","Review":"You can never go wrong at any Starbucks always a good cup . Best espressos.  The only way to get a better espresso is to go to Europe!","Likes":""},{"Name":"","Category":"","Rating":" 1 star ","Number_of_Reviews":"","Address":"","Reviewer":"Vugar Aziz","Reviewer_page":"https://www.google.com/maps/contrib/114036031508230662054/reviews?hl=en-US","Review_time":"3 years ago","Review":"Too many flies around.  Not recommended. Worker’s table are dirty.\nWill never come back!!!","Likes":"1"},{"Name":"","Category":"","Rating":" 1 star ","Number_of_Reviews":"","Address":"","Reviewer":"Maria Gazali","Reviewer_page":"https://www.google.com/maps/contrib/117759541056249294591/reviews?hl=en-US","Review_time":"8 months ago","Review":"This is the worst Starbucks I ever been no sugar no napkins no whip cream no caramel  I don’t know what the do there","Likes":""},{"Name":"","Category":"","Rating":" 1 star ","Number_of_Reviews":"","Address":"","Reviewer":"gigi","Reviewer_page":"https://www.google.com/maps/contrib/109734374384621888075/reviews?hl=en-US","Review_time":"a year ago","Review":"My ice coffee was warm, messed up my order twice, and my wrap wasn’t even cooked fully. Worst service ever","Likes":""},{"Name":"","Category":"","Rating":" 4 stars ","Number_of_Reviews":"","Address":"","Reviewer":"Selena Cabrera","Reviewer_page":"https://www.google.com/maps/contrib/100807887195787368728/reviews?hl=en-US","Review_time":"a year ago","Review":"Like any old Starbucks.. but the got good customer service for a place that gets slammed all the time.","Likes":""},{"Name":"","Category":"","Rating":" 5 stars ","Number_of_Reviews":"","Address":"","Reviewer":"Cassandra Collins","Reviewer_page":"https://www.google.com/maps/contrib/118444082637626459700/reviews?hl=en-US","Review_time":"3 years ago","Review":"Clean establishment. Great customer sevice.","Likes":""},{"Name":"","Category":"","Rating":" 5 stars ","Number_of_Reviews":"","Address":"","Reviewer":"Leo M. (Tech & Lifestyle)","Reviewer_page":"https://www.google.com/maps/contrib/114303965474594377890/reviews?hl=en-US","Review_time":"3 years ago","Review":"They are usually good as they are right in side the Target. But today, they were out of all of the best Hot day Cold drinks.","Likes":""},{"Name":"","Category":"","Rating":" 1 star ","Number_of_Reviews":"","Address":"","Reviewer":"David D","Reviewer_page":"https://www.google.com/maps/contrib/110261638742653074485/reviews?hl=en-US","Review_time":"5 years ago","Review":"No coffee at Starbucks. Yes , they don't make coffee here for over a month. What if McDonald's had no hamburgers?","Likes":"1"},{"Name":"","Category":"","Rating":" 5 stars ","Number_of_Reviews":"","Address":"","Reviewer":"Lisa Rivera","Reviewer_page":"https://www.google.com/maps/contrib/109344788271779252540/reviews?hl=en-US","Review_time":"3 years ago","Review":"Green tea frappuccino with a shot of espresso and whip cream yum got a love 😊😘","Likes":""},{"Name":"","Category":"","Rating":" 5 stars ","Number_of_Reviews":"","Address":"","Reviewer":"Junk Yard","Reviewer_page":"https://www.google.com/maps/contrib/115249978404273998618/reviews?hl=en-US","Review_time":"6 months ago","Review":"Excellent, friendly, and courteous service!","Likes":""},{"Name":"","Category":"","Rating":" 3 stars ","Number_of_Reviews":"","Address":"","Reviewer":"Mike McSherry","Reviewer_page":"https://www.google.com/maps/contrib/114082698715106694847/reviews?hl=en-US","Review_time":"10 months ago","Review":"Expensive coffee. Staff is friendly","Likes":""},{"Name":"","Category":"","Rating":" 1 star ","Number_of_Reviews":"","Address":"","Reviewer":"Geno PIC","Reviewer_page":"https://www.google.com/maps/contrib/116172763844682869494/reviews?hl=en-US","Review_time":"3 years ago","Review":"Coffee sucks Starbucks as a whole is an anti American company ,go to DD or Tim Hortons","Likes":""},{"Name":"","Category":"","Rating":" 5 stars ","Number_of_Reviews":"","Address":"","Reviewer":"kermina tofek","Reviewer_page":"https://www.google.com/maps/contrib/103992838482760585486/reviews?hl=en-US","Review_time":"3 years ago","Review":"Staff is very lovely, missing few things but its a small branch so its okay","Likes":""},{"Name":"","Category":"","Rating":" 5 stars ","Number_of_Reviews":"","Address":"","Reviewer":"Pete Breza","Reviewer_page":"https://www.google.com/maps/contrib/118385878967963051922/reviews?hl=en-US","Review_time":"11 months ago","Review":"Fast, friendly, delicious ☕❤️","Likes":""},{"Name":"","Category":"","Rating":" 1 star ","Number_of_Reviews":"","Address":"","Reviewer":"Stephen Penaranda","Reviewer_page":"https://www.google.com/maps/contrib/103627495158685483822/reviews?hl=en-US","Review_time":"4 years ago","Review":"Don’t ask for whip cream  Bc they don’t have any","Likes":""},{"Name":"","Category":"","Rating":" 1 star ","Number_of_Reviews":"","Address":"","Reviewer":"1,000 Subs no videos","Reviewer_page":"https://www.google.com/maps/contrib/108313038073558629929/reviews?hl=en-US","Review_time":"2 years ago","Review":"Falsely advertise store hours As they close doors before closing time advertised.","Likes":""},{"Name":"","Category":"","Rating":" 5 stars ","Number_of_Reviews":"","Address":"","Reviewer":"Aleksandr Shakhvorostov","Reviewer_page":"https://www.google.com/maps/contrib/110042026176816657926/reviews?hl=en-US","Review_time":"3 years ago","Review":"Good job Starbucks to partner with Target.","Likes":""},{"Name":"","Category":"","Rating":" 2 stars ","Number_of_Reviews":"","Address":"","Reviewer":"Sandra Guillen","Reviewer_page":"https://www.google.com/maps/contrib/117189862583415892901/reviews?hl=en-US","Review_time":"8 months ago","Review":"Is ok","Likes":""},{"Name":"","Category":"","Rating":" 2 stars ","Number_of_Reviews":"","Address":"","Reviewer":"Tony","Reviewer_page":"https://www.google.com/maps/contrib/118052333286602025258/reviews?hl=en-US","Review_time":"7 months ago","Review":"Sometimes not open","Likes":""},{"Name":"","Category":"","Rating":" 1 star ","Number_of_Reviews":"","Address":"","Reviewer":"Chathuri Vindya","Reviewer_page":"https://www.google.com/maps/contrib/117757408135389671978/reviews?hl=en-US","Review_time":"4 years ago","Review":"Bad customer service 😠 they don't know how to treat the customer","Likes":"1"},{"Name":"","Category":"","Rating":" 5 stars ","Number_of_Reviews":"","Address":"","Reviewer":"The black otaku","Reviewer_page":"https://www.google.com/maps/contrib/116413674000317435934/reviews?hl=en-US","Review_time":"3 years ago","Review":"It's Starbucks what else do you want?","Likes":""},{"Name":"","Category":"","Rating":" 4 stars ","Number_of_Reviews":"","Address":"","Reviewer":"Vitaly Ivanov","Reviewer_page":"https://www.google.com/maps/contrib/108739936643053659350/reviews?hl=en-US","Review_time":"3 years ago","Review":"Nothing special","Likes":"2"},{"Name":"","Category":"","Rating":" 1 star ","Number_of_Reviews":"","Address":"","Reviewer":"Leo Rivera","Reviewer_page":"https://www.google.com/maps/contrib/115885975407859556846/reviews?hl=en-US","Review_time":"3 years ago","Review":"Didn't go to starbucks","Likes":""},{"Name":"","Category":"","Rating":" 4 stars ","Number_of_Reviews":"","Address":"","Reviewer":"Bob Bobbi","Reviewer_page":"https://www.google.com/maps/contrib/116494497840553563314/reviews?hl=en-US","Review_time":"3 years ago","Review":"Coffee is always good","Likes":""},{"Name":"","Category":"","Rating":" 3 stars ","Number_of_Reviews":"","Address":"","Reviewer":"Donna Rind","Reviewer_page":"https://www.google.com/maps/contrib/104215655419468631103/reviews?hl=en-US","Review_time":"a year ago","Review":"So So 👍","Likes":""},{"Name":"","Category":"","Rating":" 1 star ","Number_of_Reviews":"","Address":"","Reviewer":"Noureddine Bachr","Reviewer_page":"https://www.google.com/maps/contrib/109338809441988007347/reviews?hl=en-US","Review_time":"4 years ago","Review":"No star buck","Likes":"1"},{"Name":"","Category":"","Rating":" 5 stars ","Number_of_Reviews":"","Address":"","Reviewer":"Joliok Nuko","Reviewer_page":"https://www.google.com/maps/contrib/101835470768386492518/reviews?hl=en-US","Review_time":"2 years ago","Review":"Great service","Likes":""},{"Name":"","Category":"","Rating":" 5 stars ","Number_of_Reviews":"","Address":"","Reviewer":"Ferdinand martinez","Reviewer_page":"https://www.google.com/maps/contrib/105848262641565819807/reviews?hl=en-US","Review_time":"5 years ago","Review":"It's in target!","Likes":""},{"Name":"","Category":"","Rating":" 5 stars ","Number_of_Reviews":"","Address":"","Reviewer":"Gilbert Salas Jr","Reviewer_page":"https://www.google.com/maps/contrib/101664139899522065610/reviews?hl=en-US","Review_time":"4 months ago","Review":"","Likes":""},{"Name":"","Category":"","Rating":" 5 stars ","Number_of_Reviews":"","Address":"","Reviewer":"James Johns","Reviewer_page":"https://www.google.com/maps/contrib/106274964294577395657/reviews?hl=en-US","Review_time":"6 months ago","Review":"","Likes":""},{"Name":"","Category":"","Rating":" 4 stars ","Number_of_Reviews":"","Address":"","Reviewer":"seokjae cho","Reviewer_page":"https://www.google.com/maps/contrib/100469391131865574709/reviews?hl=en-US","Review_time":"a year ago","Review":"(Translated by Google) Just starbucks\n\n(Original)\n그냥 스타벅스","Likes":""},{"Name":"","Category":"","Rating":" 5 stars ","Number_of_Reviews":"","Address":"","Reviewer":"Essam Siha","Reviewer_page":"https://www.google.com/maps/contrib/104209804337420173838/reviews?hl=en-US","Review_time":"9 months ago","Review":"","Likes":""},{"Name":"","Category":"","Rating":" 5 stars ","Number_of_Reviews":"","Address":"","Reviewer":"Lisa Rogers","Reviewer_page":"https://www.google.com/maps/contrib/118133936362102942903/reviews?hl=en-US","Review_time":"a year ago","Review":"","Likes":""},{"Name":"","Category":"","Rating":" 1 star ","Number_of_Reviews":"","Address":"","Reviewer":"Faishel Hoq","Reviewer_page":"https://www.google.com/maps/contrib/101154181613066671163/reviews?hl=en-US","Review_time":"a month ago","Review":"","Likes":""},{"Name":"","Category":"","Rating":" 4 stars ","Number_of_Reviews":"","Address":"","Reviewer":"Yousufn Sahil","Reviewer_page":"https://www.google.com/maps/contrib/102925536290151373828/reviews?hl=en-US","Review_time":"7 months ago","Review":"","Likes":""},{"Name":"","Category":"","Rating":" 5 stars ","Number_of_Reviews":"","Address":"","Reviewer":"Keri Cruz","Reviewer_page":"https://www.google.com/maps/contrib/106644921525157387803/reviews?hl=en-US","Review_time":"a year ago","Review":"","Likes":""},{"Name":"","Category":"","Rating":" 4 stars ","Number_of_Reviews":"","Address":"","Reviewer":"Ирина Обогрелова","Reviewer_page":"https://www.google.com/maps/contrib/104371222665479836264/reviews?hl=en-US","Review_time":"7 months ago","Review":"","Likes":""},{"Name":"","Category":"","Rating":" 4 stars ","Number_of_Reviews":"","Address":"","Reviewer":"Tom Cooper","Reviewer_page":"https://www.google.com/maps/contrib/117719228005901930969/reviews?hl=en-US","Review_time":"4 years ago","Review":"","Likes":""},{"Name":"","Category":"","Rating":" 5 stars ","Number_of_Reviews":"","Address":"","Reviewer":"Rosa Vazquez","Reviewer_page":"https://www.google.com/maps/contrib/111418120738136342216/reviews?hl=en-US","Review_time":"2 years ago","Review":"","Likes":""},{"Name":"","Category":"","Rating":" 5 stars ","Number_of_Reviews":"","Address":"","Reviewer":"Patricia Baroz","Reviewer_page":"https://www.google.com/maps/contrib/103765736536955905020/reviews?hl=en-US","Review_time":"8 months ago","Review":"","Likes":""},{"Name":"","Category":"","Rating":" 5 stars ","Number_of_Reviews":"","Address":"","Reviewer":"Leman Buyukvelioglu","Reviewer_page":"https://www.google.com/maps/contrib/115036953214121663465/reviews?hl=en-US","Review_time":"11 months ago","Review":"","Likes":""},{"Name":"","Category":"","Rating":" 5 stars ","Number_of_Reviews":"","Address":"","Reviewer":"Rosario Ortiz","Reviewer_page":"https://www.google.com/maps/contrib/111498130910031730611/reviews?hl=en-US","Review_time":"a year ago","Review":"","Likes":""},{"Name":"","Category":"","Rating":" 3 stars ","Number_of_Reviews":"","Address":"","Reviewer":"Joseph Gabriele","Reviewer_page":"https://www.google.com/maps/contrib/104986776123537475206/reviews?hl=en-US","Review_time":"3 years ago","Review":"","Likes":""},{"Name":"","Category":"","Rating":" 5 stars ","Number_of_Reviews":"","Address":"","Reviewer":"Margaret Torricelli","Reviewer_page":"https://www.google.com/maps/contrib/115609245440434571903/reviews?hl=en-US","Review_time":"3 years ago","Review":"","Likes":""},{"Name":"","Category":"","Rating":" 5 stars ","Number_of_Reviews":"","Address":"","Reviewer":"Jackie Fisher","Reviewer_page":"https://www.google.com/maps/contrib/117786642597901187072/reviews?hl=en-US","Review_time":"a year ago","Review":"","Likes":""},{"Name":"","Category":"","Rating":" 1 star ","Number_of_Reviews":"","Address":"","Reviewer":"Hany Sefien","Reviewer_page":"https://www.google.com/maps/contrib/110341390824542119300/reviews?hl=en-US","Review_time":"2 years ago","Review":"","Likes":""},{"Name":"","Category":"","Rating":" 5 stars ","Number_of_Reviews":"","Address":"","Reviewer":"Richard Soto","Reviewer_page":"https://www.google.com/maps/contrib/110604506674966615381/reviews?hl=en-US","Review_time":"3 years ago","Review":"","Likes":""},{"Name":"","Category":"","Rating":" 4 stars ","Number_of_Reviews":"","Address":"","Reviewer":"Millie S.","Reviewer_page":"https://www.google.com/maps/contrib/100197081372266135528/reviews?hl=en-US","Review_time":"8 months ago","Review":"","Likes":""},{"Name":"","Category":"","Rating":" 4 stars ","Number_of_Reviews":"","Address":"","Reviewer":"Lark Losardo","Reviewer_page":"https://www.google.com/maps/contrib/103826266329975979565/reviews?hl=en-US","Review_time":"3 years ago","Review":"","Likes":""},{"Name":"","Category":"","Rating":" 3 stars ","Number_of_Reviews":"","Address":"","Reviewer":"robert serpico","Reviewer_page":"https://www.google.com/maps/contrib/112274331499896307132/reviews?hl=en-US","Review_time":"9 months ago","Review":"","Likes":""},{"Name":"","Category":"","Rating":" 5 stars ","Number_of_Reviews":"","Address":"","Reviewer":"KEREN VASILE","Reviewer_page":"https://www.google.com/maps/contrib/100352098042689959785/reviews?hl=en-US","Review_time":"3 years ago","Review":"","Likes":""},{"Name":"","Category":"","Rating":" 5 stars ","Number_of_Reviews":"","Address":"","Reviewer":"Emma Clinton","Reviewer_page":"https://www.google.com/maps/contrib/107006090905124339583/reviews?hl=en-US","Review_time":"2 years ago","Review":"","Likes":""},{"Name":"","Category":"","Rating":" 5 stars ","Number_of_Reviews":"","Address":"","Reviewer":"AGRON KRCISHTA","Reviewer_page":"https://www.google.com/maps/contrib/112375518810412337430/reviews?hl=en-US","Review_time":"5 years ago","Review":"","Likes":""},{"Name":"","Category":"","Rating":" 3 stars ","Number_of_Reviews":"","Address":"","Reviewer":"V D","Reviewer_page":"https://www.google.com/maps/contrib/106111511015914319873/reviews?hl=en-US","Review_time":"3 years ago","Review":"","Likes":""},{"Name":"","Category":"","Rating":" 4 stars ","Number_of_Reviews":"","Address":"","Reviewer":"busayo adebayo","Reviewer_page":"https://www.google.com/maps/contrib/118164457371027373671/reviews?hl=en-US","Review_time":"3 years ago","Review":"","Likes":""},{"Name":"","Category":"","Rating":" 2 stars ","Number_of_Reviews":"","Address":"","Reviewer":"Erika Krausse","Reviewer_page":"https://www.google.com/maps/contrib/108320111953330474005/reviews?hl=en-US","Review_time":"10 months ago","Review":"","Likes":""},{"Name":"","Category":"","Rating":" 3 stars ","Number_of_Reviews":"","Address":"","Reviewer":"Precious Nique","Reviewer_page":"https://www.google.com/maps/contrib/112177750609729636837/reviews?hl=en-US","Review_time":"2 years ago","Review":"","Likes":""},{"Name":"","Category":"","Rating":" 5 stars ","Number_of_Reviews":"","Address":"","Reviewer":"Veronica Darcy","Reviewer_page":"https://www.google.com/maps/contrib/109061992357340444289/reviews?hl=en-US","Review_time":"3 years ago","Review":"","Likes":""},{"Name":"","Category":"","Rating":" 4 stars ","Number_of_Reviews":"","Address":"","Reviewer":"jess Marino","Reviewer_page":"https://www.google.com/maps/contrib/110024281404121137622/reviews?hl=en-US","Review_time":"2 years ago","Review":"","Likes":""},{"Name":"","Category":"","Rating":" 3 stars ","Number_of_Reviews":"","Address":"","Reviewer":"Ardian Ceka","Reviewer_page":"https://www.google.com/maps/contrib/107015917677139448501/reviews?hl=en-US","Review_time":"a year ago","Review":"","Likes":""},{"Name":"","Category":"","Rating":" 1 star ","Number_of_Reviews":"","Address":"","Reviewer":"Wendylou Napoles","Reviewer_page":"https://www.google.com/maps/contrib/106929661245630726205/reviews?hl=en-US","Review_time":"9 months ago","Review":"","Likes":""},{"Name":"","Category":"","Rating":" 3 stars ","Number_of_Reviews":"","Address":"","Reviewer":"Rb","Reviewer_page":"https://www.google.com/maps/contrib/100831028739316361807/reviews?hl=en-US","Review_time":"3 years ago","Review":"","Likes":""},{"Name":"","Category":"","Rating":" 5 stars ","Number_of_Reviews":"","Address":"","Reviewer":"Danielle Delorenzo","Reviewer_page":"https://www.google.com/maps/contrib/118018912267929335485/reviews?hl=en-US","Review_time":"a year ago","Review":"","Likes":""}