[{"Name":"","Category":"","Rating":" 4 stars ","Number_of_Reviews":"","Address":"","Reviewer":"Chand","Reviewer_page":"https://www.google.com/maps/contrib/111255001775101224163/reviews?hl=en-US","Review_time":"4 months ago","Review":"(6.14.2021) Tried the mocha cookie crumble frappuccino with whipped cream....all I have to say is mmmmmm... 🤤😋\n6.2022 stopped in for some quick pickups and decided to try their cappuccino. Ordered a medium but the volume was a small....most of it (as much as I love whip cream) was simply just that...whip cream...","Likes":"1"},{"Name":"","Category":"","Rating":" 1 star ","Number_of_Reviews":"","Address":"","Reviewer":"Frida But No Kahlo","Reviewer_page":"https://www.google.com/maps/contrib/104308804737021969239/reviews?hl=en-US","Review_time":"a week ago","Review":"Bad service,Never have anything or ice and I waste my time waiting in line for them to tell me that.","Likes":""},{"Name":"","Category":"","Rating":" 5 stars ","Number_of_Reviews":"","Address":"","Reviewer":"John Rogers","Reviewer_page":"https://www.google.com/maps/contrib/105393336763732399404/reviews?hl=en-US","Review_time":"6 months ago","Review":"Very nice place. Staff are always kind. Professional and fast. Really good coffee. Place looks clean and tidy.","Likes":""},{"Name":"","Category":"","Rating":" 1 star ","Number_of_Reviews":"","Address":"","Reviewer":"Eugenia Tsui","Reviewer_page":"https://www.google.com/maps/contrib/103436379912885964913/reviews?hl=en-US","Review_time":"5 months ago","Review":"Even if Starbucks is “open” as evidenced by the hours and visible employees present, if the Target isn’t open, you can’t get in. Tried to visit today, Saturday, at 7:25am and I couldn’t enter thanks to the front doors being locked.\n\nEdit: Tried yet again Saturday, 8:15am... was told by employee that they're open 8:30AM. So then DON'T say you're open at 7AM! Is it that hard to post actual hours?","Likes":"1"},{"Name":"","Category":"","Rating":" 1 star ","Number_of_Reviews":"","Address":"","Reviewer":"Blerta Sheshi","Reviewer_page":"https://www.google.com/maps/contrib/109569308259941430200/reviews?hl=en-US","Review_time":"6 months ago","Review":"Many things are not available and service it’s slow.","Likes":""},{"Name":"","Category":"","Rating":" 5 stars ","Number_of_Reviews":"","Address":"","Reviewer":"Staten Islander","Reviewer_page":"https://www.google.com/maps/contrib/110978478674921530361/reviews?hl=en-US","Review_time":"9 months ago","Review":"One of the best starbucks on the island","Likes":""},{"Name":"","Category":"","Rating":" 1 star ","Number_of_Reviews":"","Address":"","Reviewer":"Bianca Nav","Reviewer_page":"https://www.google.com/maps/contrib/116941914993691385966/reviews?hl=en-US","Review_time":"a year ago","Review":"Empty & horrible. They have no items.","Likes":"4"},{"Name":"","Category":"","Rating":" 1 star ","Number_of_Reviews":"","Address":"","Reviewer":"sandra zaldivar","Reviewer_page":"https://www.google.com/maps/contrib/100875305356152895692/reviews?hl=en-US","Review_time":"2 months ago","Review":"(Translated by Google) Bad service and in the afternoon they have nothing 😡 they only sell we don't have sorry 👎👎👎 …","Likes":""},{"Name":"","Category":"","Rating":" 2 stars ","Number_of_Reviews":"","Address":"","Reviewer":"Angel Santana","Reviewer_page":"https://www.google.com/maps/contrib/110204100134360406534/reviews?hl=en-US","Review_time":"a week ago","Review":"","Likes":""},{"Name":"","Category":"","Rating":" 5 stars ","Number_of_Reviews":"","Address":"","Reviewer":"Noor alam khan","Reviewer_page":"https://www.google.com/maps/contrib/102621349033683499620/reviews?hl=en-US","Review_time":"a year ago","Review":"","Likes":""},{"Name":"","Category":"","Rating":" 1 star ","Number_of_Reviews":"","Address":"","Reviewer":"Antoni Gallegos","Reviewer_page":"https://www.google.com/maps/contrib/113071997592412926034/reviews?hl=en-US","Review_time":"3 months ago","Review":"","Likes":""},{"Name":"","Category":"","Rating":" 3 stars ","Number_of_Reviews":"","Address":"","Reviewer":"Diana BM","Reviewer_page":"https://www.google.com/maps/contrib/101879814765367360631/reviews?hl=en-US","Review_time":"a year ago","Review":"","Likes":""}