[{"Name":"","Category":"","Rating":" 3 stars ","Number_of_Reviews":"","Address":"","Reviewer":"Taylor Picciallo","Reviewer_page":"https://www.google.com/maps/contrib/116649814911627162722/reviews?hl=en-US","Review_time":"a month ago","Review":"I go everyday for coffee and I’m going to start making it at home. The baristas at Starbucks are inconsistent. My order couldn’t be more simple and they’ll sometimes add random things I didn’t ask for in my drink- like milk when I asked for oat milk or simple syrup. It’s a $6 drink they should be more consistent","Likes":""},{"Name":"","Category":"","Rating":" 1 star ","Number_of_Reviews":"","Address":"","Reviewer":"Abraham Abraham","Reviewer_page":"https://www.google.com/maps/contrib/118363908618009405610/reviews?hl=en-US","Review_time":"5 months ago","Review":"After a lengthy renovation reopening their customer service and quality has  significant declined. 3 attempts to order my ice coffee correctly have failed. Each time I bring the error to the attention of the supervisor on duty I’m told I can come I could come back for a replacement. I don’t not have time to come back and even worse; I  dumped  my ice coffee received and was told need to wait until the next day for a replacement only to find\nIt’s also has been made incorrectly for a third time. Starbuck corporate needs to reevaluate who’s making these drinks. They are not if the true Starbucks exact customer requests and they are just mixing whatever in a cup to keep the lines moving. Unbelievable! Might be time to go back to Dunkin Donuts and give them the business. They never get it wrong. And it’s half the price . I’m very disappointed and disgusted by the Treatment, service , and quality of this Starbucks and the one on 5801 Amboy and Seguine Ave. Starbucks is dropping the ball and customer satisfaction will continue to drop until the stores get shut down, unless something is done and Cusotmer are compensated for their loss and time . Aughhh 3 days consecutively days now with out my ice coffee, since I need to dump the poorly made expensive cups of coffee. Tomorrow I’ll go to DunkinDonuts for coffee. It’s right around block too. Everyone should try going back to DD too. Save your Money and  help DD regain its worthy market share. Good by SB rudeness,  poor quality and disappointing service. Lastly, Starbucks is run on a very tight budget and noticed that all  stores  are now lacking compensation card to try and even makeup or all challenges and valuable time lost and frustration, and the self service condiments stations they used to offer , where you could add your own milks, sweeteners , and spice powders (vanilla, sweet nutmeg,  cinnamon, coca)toppings. Keeps going  downhill, get prices remain the same or have increased, for lessor everything. Do you agree?","Likes":"1"},{"Name":"","Category":"","Rating":" 5 stars ","Number_of_Reviews":"","Address":"","Reviewer":"Dawn Stahlecker","Reviewer_page":"https://www.google.com/maps/contrib/106123336167256440046/reviews?hl=en-US","Review_time":"a month ago","Review":"Got my pumpkin spice Latte and I ham & cheese croissant.  Everything was delicious","Likes":""},{"Name":"","Category":"","Rating":" 1 star ","Number_of_Reviews":"","Address":"","Reviewer":"Tee Diamond","Reviewer_page":"https://www.google.com/maps/contrib/115930848849218992881/reviews?hl=en-US","Review_time":"8 months ago","Review":"This place on Staten Island serves weak tasting drinks if you don’t round your balance to the nearest dollar. I did not get it at first when he as me do I want to round the change to the nearest dollar then he asked a second time. I said no thank you. He disappeared and 2 minutes came with our drinks. I ordered a hot latte barely any coffee flavor and they purposely didn’t put enough brown sugar in the other drink. That’s when I realized it wasn’t for a fundraiser it was his was at hinting for a tip!!! I was never asked this at any other Starbucks. They always have a cup or box saying tips. I won’t be going their anymore.","Likes":""},{"Name":"","Category":"","Rating":" 5 stars ","Number_of_Reviews":"","Address":"","Reviewer":"Jeanne G","Reviewer_page":"https://www.google.com/maps/contrib/106835037266123682198/reviews?hl=en-US","Review_time":"3 months ago","Review":"Those who work at Starbucks on Page Avenue are there to please.  They work and they are pleasant at the same time","Likes":""},{"Name":"","Category":"","Rating":" 5 stars ","Number_of_Reviews":"","Address":"","Reviewer":"Jason Long","Reviewer_page":"https://www.google.com/maps/contrib/110625595106299274508/reviews?hl=en-US","Review_time":"a week ago","Review":"Top notch service every time I've been there!!! The drive thru crew is amazing!!! HANDS DOWN BEST STARBUCKS ON THE ISLAND","Likes":""},{"Name":"","Category":"","Rating":" 4 stars ","Number_of_Reviews":"","Address":"","Reviewer":"Elizabeth “Liz” M","Reviewer_page":"https://www.google.com/maps/contrib/109381303266289692996/reviews?hl=en-US","Review_time":"2 months ago","Review":"Drive thru or walk in option , goes quickly & pleasant baristas","Likes":""},{"Name":"","Category":"","Rating":" 5 stars ","Number_of_Reviews":"","Address":"","Reviewer":"Sexshomaru","Reviewer_page":"https://www.google.com/maps/contrib/109837213689061847874/reviews?hl=en-US","Review_time":"a year ago","Review":"Best place to get coffee. They also have nice bread (pumpkin/lemon/banana). The only problem is that they consistently have straw shortages??? The only place I've ever been to that serves drinks that tell you they don't have straws for said drinks. Super weird thing to have your inventory guy overlook every other week but alright.","Likes":"1"},{"Name":"","Category":"","Rating":" 4 stars ","Number_of_Reviews":"","Address":"","Reviewer":"Joseph S","Reviewer_page":"https://www.google.com/maps/contrib/104772292373437265603/reviews?hl=en-US","Review_time":"a year ago","Review":"Nice spot to chill, definitely preferred over the target location down the road. Courteous staff as with most Starbucks. Just wish Starbucks would focus more on brewing technique but guess it would take more time. Starbucks is a sugary drink spot and not a specialty coffee shop and I need to accept that.","Likes":"1"},{"Name":"","Category":"","Rating":" 2 stars ","Number_of_Reviews":"","Address":"","Reviewer":"Nawal Elsibay","Reviewer_page":"https://www.google.com/maps/contrib/117158464798598369900/reviews?hl=en-US","Review_time":"a year ago","Review":"I ordered a medium mocha latte and when I received it at the window it looked like a small! Starbucks has downsized!!! Of course the prices are the same as before, if not more. The drink was also lousy!! I will not order this drink again. I may stick to Dunkin next time!","Likes":""},{"Name":"","Category":"","Rating":" 5 stars ","Number_of_Reviews":"","Address":"","Reviewer":"MOHAMMED IBRAHIM","Reviewer_page":"https://www.google.com/maps/contrib/111195530672686076283/reviews?hl=en-US","Review_time":"5 months ago","Review":"Very nice new look and as always best coffee","Likes":""},{"Name":"","Category":"","Rating":" 4 stars ","Number_of_Reviews":"","Address":"","Reviewer":"Mikaela Jimenez","Reviewer_page":"https://www.google.com/maps/contrib/107573503542379822148/reviews?hl=en-US","Review_time":"11 months ago","Review":"When I need coffee this is where I will drive to. Whenever I come later than the AM's things are much more relaxed and service is good.","Likes":""},{"Name":"","Category":"","Rating":" 5 stars ","Number_of_Reviews":"","Address":"","Reviewer":"Nate Adams","Reviewer_page":"https://www.google.com/maps/contrib/106389893481795818940/reviews?hl=en-US","Review_time":"3 years ago","Review":"This is exactly what you'd expect from Starbucks it's a nice place to sit for a coffee drink or iced tea. Their selection of breakfast foods and pastries is also very good. If you need a place to get some work done or study this is also a great place to do that as well.","Likes":""},{"Name":"","Category":"","Rating":" 5 stars ","Number_of_Reviews":"","Address":"","Reviewer":"M K","Reviewer_page":"https://www.google.com/maps/contrib/107679586288376675025/reviews?hl=en-US","Review_time":"4 years ago","Review":"Awesome starbucks, has a drive through which is a huge plus. Service is pretty fast and plenty of seating space inside. Parking can be a pain sometimes due to being located in a very busy plaza. Drinks are what you expect from Starbucks. No complaints thus far.","Likes":""},{"Name":"","Category":"","Rating":" 1 star ","Number_of_Reviews":"","Address":"","Reviewer":"Chris Jones","Reviewer_page":"https://www.google.com/maps/contrib/117868618167427969188/reviews?hl=en-US","Review_time":"5 years ago","Review":"Places a large order the day before and asked for it to be ready in morning told me no problem.\n\nShow up the next morning and they pretend like I didn't order it.  Then say they found it but have no travelers boxes.  Employees didn't care and basically said tough luck.","Likes":"2"},{"Name":"","Category":"","Rating":" 5 stars ","Number_of_Reviews":"","Address":"","Reviewer":"Alexandra Muns","Reviewer_page":"https://www.google.com/maps/contrib/100600621843384140092/reviews?hl=en-US","Review_time":"4 years ago","Review":"Today was my first time at this location and i must say i was really impressed. For a Sunday morning there was.plenty of seating open, the barista was very knowledgeable in assisting me place a \"keto friendly\" order and it was very clean. I enjoyed the ambiance will definitely go back when im in the area.","Likes":""},{"Name":"","Category":"","Rating":" 5 stars ","Number_of_Reviews":"","Address":"","Reviewer":"Arkady Utkin","Reviewer_page":"https://www.google.com/maps/contrib/103620767151299443097/reviews?hl=en-US","Review_time":"5 months ago","Review":"They renovated it, added chairs, looks better!","Likes":"4"},{"Name":"","Category":"","Rating":" 4 stars ","Number_of_Reviews":"","Address":"","Reviewer":"Michayla Lovitt","Reviewer_page":"https://www.google.com/maps/contrib/110013099792633202599/reviews?hl=en-US","Review_time":"3 years ago","Review":"I love this Starbucks. I come here every day after work! They always get my order right and my drinks are always at the perfect temperature. The only drawback is the lack of decent parking.","Likes":""},{"Name":"","Category":"","Rating":" 2 stars ","Number_of_Reviews":"","Address":"","Reviewer":"Keith Cohen","Reviewer_page":"https://www.google.com/maps/contrib/108278423167886207742/reviews?hl=en-US","Review_time":"a year ago","Review":"This was the absolute worst cup of coffee I ever had. Coffee was bitter\nThe lemon pound cake was terrible\n\nI only ordered coffee and cake\nI dont know what those other drinks are","Likes":""},{"Name":"","Category":"","Rating":" 3 stars ","Number_of_Reviews":"","Address":"","Reviewer":"Joe Mazzella","Reviewer_page":"https://www.google.com/maps/contrib/102552527593055583918/reviews?hl=en-US","Review_time":"a year ago","Review":"Drinks were amazing but the drive through needs to be better organized.  Cars feeding in from every direction causing parking lot issues.","Likes":""},{"Name":"","Category":"","Rating":" 5 stars ","Number_of_Reviews":"","Address":"","Reviewer":"Steven Muller","Reviewer_page":"https://www.google.com/maps/contrib/100252902675184311503/reviews?hl=en-US","Review_time":"6 years ago","Review":"Been going to this drive thru for awhile now, and yes its usually always at least 4 cars ahead, but they are on point with taking orders and keeping it moving. Entire staff working the drive thru or the counter are all super nice, they especially love my puppy when i go through the drive thru!","Likes":"1"},{"Name":"","Category":"","Rating":" 5 stars ","Number_of_Reviews":"","Address":"","Reviewer":"Destini Rosario","Reviewer_page":"https://www.google.com/maps/contrib/109565808276267438361/reviews?hl=en-US","Review_time":"5 years ago","Review":"This morning I went to starbucks and had the pleasure to meet Joey at the drive thru. I know the mornings are very hard and busy but he took the time to help me and explain to me what each drink was. When approaching him to pay he was very understanding because I kept apologizing about not making up my mind. He re assured me everything was fine.  He def made my morning, by having a postive attitude. I hope you all come across this kid one day. Thank you Joey the new coffee I tried was very good.","Likes":""},{"Name":"","Category":"","Rating":" 5 stars ","Number_of_Reviews":"","Address":"","Reviewer":"Paula Oliver","Reviewer_page":"https://www.google.com/maps/contrib/110631438432504824141/reviews?hl=en-US","Review_time":"4 years ago","Review":"Drive-thru equals awesomeness.  Have never been inside, but use the drive-thru at least 2 times a week.  Used it a lot more when my child was younger.  The service is on point and are usually stocked.","Likes":""},{"Name":"","Category":"","Rating":" 3 stars ","Number_of_Reviews":"","Address":"","Reviewer":"Tony","Reviewer_page":"https://www.google.com/maps/contrib/118052333286602025258/reviews?hl=en-US","Review_time":"5 years ago","Review":"Always a gamble coming to this location. Between the long drive thru line and the rude/uninterested workers. I'd like to see this location be more of a coffee shop with passionate barista's than just some college kids trying to get through the shift. Nothing special about this location.","Likes":"1"},{"Name":"","Category":"","Rating":" 5 stars ","Number_of_Reviews":"","Address":"","Reviewer":"Katie L","Reviewer_page":"https://www.google.com/maps/contrib/102722619520582915583/reviews?hl=en-US","Review_time":"a year ago","Review":"Great Starbucks, they get my order right consistently and do a good job of keeping things moving when it's busy.","Likes":""},{"Name":"","Category":"","Rating":" 5 stars ","Number_of_Reviews":"","Address":"","Reviewer":"Ebenezer A. Awolesi","Reviewer_page":"https://www.google.com/maps/contrib/116951055162492655909/reviews?hl=en-US","Review_time":"4 years ago","Review":"Quiet environment, service is quick. You study here with little or no interference. There is a drive through, but I haven't used it yet but it seems to move smoothly.","Likes":"2"},{"Name":"","Category":"","Rating":" 1 star ","Number_of_Reviews":"","Address":"","Reviewer":"Bonnie Roth","Reviewer_page":"https://www.google.com/maps/contrib/104731109848248209978/reviews?hl=en-US","Review_time":"4 years ago","Review":"Absolutely unacceptable customer service. Went into store Monday night at 10:30pm...NOT 10:55... anyhow placed order for venti frappuccino and was told \"sorry can't make that cause we close at 11pm\", \"we have to clean the machine\". Normally I would have argued but I was in rush to get back home. I was buying this for my wife, she was extremely stressed from very bad day, our son is having health issues and wanted to cheer her up. It's the little things we do that make a difference. But I couldn't even do that. Thanks Starbucks for NOT doing your job!","Likes":"2"},{"Name":"","Category":"","Rating":" 2 stars ","Number_of_Reviews":"","Address":"","Reviewer":"Robert Reynolds","Reviewer_page":"https://www.google.com/maps/contrib/104628424791635958933/reviews?hl=en-US","Review_time":"4 years ago","Review":"As far as big corporate pretentious coffee houses go Starbucks has very consistent quality. However I got a mocha that tasted like it was made out of chemicals here.","Likes":"1"},{"Name":"","Category":"","Rating":" 2 stars ","Number_of_Reviews":"","Address":"","Reviewer":"Kevin Osmundsen","Reviewer_page":"https://www.google.com/maps/contrib/110628324253865132423/reviews?hl=en-US","Review_time":"9 months ago","Review":"Closed cafe before 7 pm because of \" staffing issues\" again. This is happening more and more at this location.","Likes":""},{"Name":"","Category":"","Rating":" 5 stars ","Number_of_Reviews":"","Address":"","Reviewer":"Eileen Iocolano Pacheco","Reviewer_page":"https://www.google.com/maps/contrib/100277901377222894686/reviews?hl=en-US","Review_time":"11 months ago","Review":"LOVE the staff at this location. Sara, Aly and the  entire staff are the best!","Likes":""},{"Name":"","Category":"","Rating":" 3 stars ","Number_of_Reviews":"","Address":"","Reviewer":"Tlorenzo 11","Reviewer_page":"https://www.google.com/maps/contrib/101089919589981971652/reviews?hl=en-US","Review_time":"2 years ago","Review":"The food and coffee is great but the costumer service is terrible. I waited 30 minutes for my food and then they say they ran out of my food.","Likes":"4"},{"Name":"","Category":"","Rating":" 4 stars ","Number_of_Reviews":"","Address":"","Reviewer":"Dean K","Reviewer_page":"https://www.google.com/maps/contrib/117409214228967087592/reviews?hl=en-US","Review_time":"7 years ago","Review":"The drive-thru is usually 5 or 6 cars long so walk in if you can find a parking spot in this very cramped shopping plaza and save time. Busy location but very well staffed.","Likes":""},{"Name":"","Category":"","Rating":" 5 stars ","Number_of_Reviews":"","Address":"","Reviewer":"Schlomm","Reviewer_page":"https://www.google.com/maps/contrib/101289235702502688079/reviews?hl=en-US","Review_time":"4 years ago","Review":"Great place to get coffee. Used to go there daily a few years back. One of the baristas there is absolutely gorgeoussss. Had to throw that out there haha. Zero complaints on my end","Likes":""},{"Name":"","Category":"","Rating":" 4 stars ","Number_of_Reviews":"","Address":"","Reviewer":"Alexandra","Reviewer_page":"https://www.google.com/maps/contrib/117721201154386996209/reviews?hl=en-US","Review_time":"a year ago","Review":"Long wait but staff is great and orders are always perfect","Likes":""},{"Name":"","Category":"","Rating":" 5 stars ","Number_of_Reviews":"","Address":"","Reviewer":"Francine Willow","Reviewer_page":"https://www.google.com/maps/contrib/106837290330124215253/reviews?hl=en-US","Review_time":"6 years ago","Review":"Kind staff, extremely clean. It's always super-busy, but the employees are organized and friendly. Drive thru is quick and convenient.","Likes":"1"},{"Name":"","Category":"","Rating":" 4 stars ","Number_of_Reviews":"","Address":"","Reviewer":"Jon71992","Reviewer_page":"https://www.google.com/maps/contrib/107609929302709974725/reviews?hl=en-US","Review_time":"4 years ago","Review":"Parking isn't that great but that's not their fault. I usually go at night. Service is always good and fast","Likes":""},{"Name":"","Category":"","Rating":" 5 stars ","Number_of_Reviews":"","Address":"","Reviewer":"Sal","Reviewer_page":"https://www.google.com/maps/contrib/109881141568454737496/reviews?hl=en-US","Review_time":"3 years ago","Review":"Always consistently good here. Can get busy at times but what can you do. Parking lot can be a mess","Likes":""},{"Name":"","Category":"","Rating":" 4 stars ","Number_of_Reviews":"","Address":"","Reviewer":"joe mazzella","Reviewer_page":"https://www.google.com/maps/contrib/115197228131708206635/reviews?hl=en-US","Review_time":"2 years ago","Review":"A car tried to cut us off in the drive through but ended up not. Pretty good trip","Likes":""},{"Name":"","Category":"","Rating":" 1 star ","Number_of_Reviews":"","Address":"","Reviewer":"Frankie Boots","Reviewer_page":"https://www.google.com/maps/contrib/111869621748167915427/reviews?hl=en-US","Review_time":"10 months ago","Review":"Closes in the middle of the day on a weekday for absolutely no reason.","Likes":""},{"Name":"","Category":"","Rating":" 5 stars ","Number_of_Reviews":"","Address":"","Reviewer":"Cindy Novello","Reviewer_page":"https://www.google.com/maps/contrib/110857787702262264276/reviews?hl=en-US","Review_time":"2 years ago","Review":"The entire staff is very friendly. And throughout the Covid-19 Pandemic they handled the customers extremely well","Likes":""},{"Name":"","Category":"","Rating":" 3 stars ","Number_of_Reviews":"","Address":"","Reviewer":"John Aziz","Reviewer_page":"https://www.google.com/maps/contrib/115748927976085890938/reviews?hl=en-US","Review_time":"2 years ago","Review":"Great service great coffee location terrible too many people on Staten island not good","Likes":""},{"Name":"","Category":"","Rating":" 3 stars ","Number_of_Reviews":"","Address":"","Reviewer":"Mr. A","Reviewer_page":"https://www.google.com/maps/contrib/113035620192628215770/reviews?hl=en-US","Review_time":"3 years ago","Review":"Big, clean location. Friendly staff, knowledgeable about their coffee products, parking is very tough.","Likes":""},{"Name":"","Category":"","Rating":" 4 stars ","Number_of_Reviews":"","Address":"","Reviewer":"Vincent Zukowski","Reviewer_page":"https://www.google.com/maps/contrib/113935091718195566661/reviews?hl=en-US","Review_time":"4 years ago","Review":"Always busy on the weekend.  Parking a problem.  Customer coffee prep area needs more attention","Likes":""},{"Name":"","Category":"","Rating":" 4 stars ","Number_of_Reviews":"","Address":"","Reviewer":"Hani Zion","Reviewer_page":"https://www.google.com/maps/contrib/110331579519496381964/reviews?hl=en-US","Review_time":"5 years ago","Review":"Very good, friendly crew, I wish they would stay open later on Friday Nights.","Likes":""},{"Name":"","Category":"","Rating":" 3 stars ","Number_of_Reviews":"","Address":"","Reviewer":"Taresa Jefferson","Reviewer_page":"https://www.google.com/maps/contrib/102090392033999714096/reviews?hl=en-US","Review_time":"a year ago","Review":"They lately not as fast as they used to. Maybe Covid, maybe not enough employees. Man hope they will get back to how they used to be like soon.","Likes":""},{"Name":"","Category":"","Rating":" 5 stars ","Number_of_Reviews":"","Address":"","Reviewer":"Lucy Rubino","Reviewer_page":"https://www.google.com/maps/contrib/113647864162156481856/reviews?hl=en-US","Review_time":"5 years ago","Review":"Love the drive through. Good staff. Nice crowd. Clean bathrooms.","Likes":""},{"Name":"","Category":"","Rating":" 5 stars ","Number_of_Reviews":"","Address":"","Reviewer":"Jennifer Reed","Reviewer_page":"https://www.google.com/maps/contrib/104160626154324919678/reviews?hl=en-US","Review_time":"3 years ago","Review":"Placed and order through the app and it was ready at the drive thru in minutes. Quick and convenient!","Likes":""},{"Name":"","Category":"","Rating":" 5 stars ","Number_of_Reviews":"","Address":"","Reviewer":"Candice Ayala","Reviewer_page":"https://www.google.com/maps/contrib/111886922404415815894/reviews?hl=en-US","Review_time":"a year ago","Review":"Always great people providing great customer service","Likes":""},{"Name":"","Category":"","Rating":" 5 stars ","Number_of_Reviews":"","Address":"","Reviewer":"Lasha Zakariashvili","Reviewer_page":"https://www.google.com/maps/contrib/115470755262252613708/reviews?hl=en-US","Review_time":"4 years ago","Review":"Great employees, crazy fast internet, good coffee — what’s there to complain about.","Likes":""},{"Name":"","Category":"","Rating":" 4 stars ","Number_of_Reviews":"","Address":"","Reviewer":"German Shestakov","Reviewer_page":"https://www.google.com/maps/contrib/102696392218893124844/reviews?hl=en-US","Review_time":"6 years ago","Review":"Nice place overall, very clean. The service is horrendously slow however. Otherwise I would give 5stars.","Likes":""},{"Name":"","Category":"","Rating":" 4 stars ","Number_of_Reviews":"","Address":"","Reviewer":"Steve Gauvy","Reviewer_page":"https://www.google.com/maps/contrib/118109998457282630773/reviews?hl=en-US","Review_time":"a year ago","Review":"Customized my coffee just the way I wanted.","Likes":""},{"Name":"","Category":"","Rating":" 4 stars ","Number_of_Reviews":"","Address":"","Reviewer":"Jay Dos","Reviewer_page":"https://www.google.com/maps/contrib/105826402022906074133/reviews?hl=en-US","Review_time":"5 years ago","Review":"Quick service but the drive through can get busy. Parking is terrible.","Likes":""},{"Name":"","Category":"","Rating":" 5 stars ","Number_of_Reviews":"","Address":"","Reviewer":"Maged Misak","Reviewer_page":"https://www.google.com/maps/contrib/102249992627990959976/reviews?hl=en-US","Review_time":"4 years ago","Review":"Friendly staff exlant service clean place.staff let you feel special","Likes":""},{"Name":"","Category":"","Rating":" 1 star ","Number_of_Reviews":"","Address":"","Reviewer":"Carmen Velazquez","Reviewer_page":"https://www.google.com/maps/contrib/118302663100568664847/reviews?hl=en-US","Review_time":"5 years ago","Review":"Their drive thru makes parking a nightmare.  The individuals who picked this location for Starbucks should be fired!!!","Likes":"1"},{"Name":"","Category":"","Rating":" 4 stars ","Number_of_Reviews":"","Address":"","Reviewer":"Andrew Ricks","Reviewer_page":"https://www.google.com/maps/contrib/118247954210368017246/reviews?hl=en-US","Review_time":"5 years ago","Review":"parking is an issue but they've got a drive through.  Nice baristas.","Likes":""},{"Name":"","Category":"","Rating":" 2 stars ","Number_of_Reviews":"","Address":"","Reviewer":"Jon I","Reviewer_page":"https://www.google.com/maps/contrib/111306254093284299037/reviews?hl=en-US","Review_time":"a year ago","Review":"Waited 25 mins for one cup of coffee @3pm rough .......","Likes":""},{"Name":"","Category":"","Rating":" 1 star ","Number_of_Reviews":"","Address":"","Reviewer":"mohamed hussien","Reviewer_page":"https://www.google.com/maps/contrib/113204264714641755619/reviews?hl=en-US","Review_time":"3 years ago","Review":"when you are always super busy, you don't really care about how you treat customers and take many short cuts, in making the drinks.","Likes":"2"},{"Name":"","Category":"","Rating":" 4 stars ","Number_of_Reviews":"","Address":"","Reviewer":"Jennifer Malewany","Reviewer_page":"https://www.google.com/maps/contrib/113995287049643747447/reviews?hl=en-US","Review_time":"5 years ago","Review":"Usually quick service early in am but tends to get crowded and difficult to park throughout the day.","Likes":""},{"Name":"","Category":"","Rating":" 5 stars ","Number_of_Reviews":"","Address":"","Reviewer":"Michael M","Reviewer_page":"https://www.google.com/maps/contrib/106026501007402633623/reviews?hl=en-US","Review_time":"4 years ago","Review":"Great place , I go everyday for my wife! Great staff !","Likes":"1"},{"Name":"","Category":"","Rating":" 5 stars ","Number_of_Reviews":"","Address":"","Reviewer":"Roman Iospa","Reviewer_page":"https://www.google.com/maps/contrib/105298927231556746526/reviews?hl=en-US","Review_time":"5 years ago","Review":"One of my favorite locations.  Don't sit at my table in the back corner ;)","Likes":""},{"Name":"","Category":"","Rating":" 5 stars ","Number_of_Reviews":"","Address":"","Reviewer":"Al Gri","Reviewer_page":"https://www.google.com/maps/contrib/110463021348343522950/reviews?hl=en-US","Review_time":"6 years ago","Review":"Very clean. This is also drive thru location. Parking lot has limited number of parking spots.","Likes":""},{"Name":"","Category":"","Rating":" 1 star ","Number_of_Reviews":"","Address":"","Reviewer":"Dayna Smerina","Reviewer_page":"https://www.google.com/maps/contrib/113588609257478849846/reviews?hl=en-US","Review_time":"4 years ago","Review":"great place love every single inch of this place the bathrooms are super cute","Likes":"2"},{"Name":"","Category":"","Rating":" 5 stars ","Number_of_Reviews":"","Address":"","Reviewer":"Frank Palmieri","Reviewer_page":"https://www.google.com/maps/contrib/109830073966242955062/reviews?hl=en-US","Review_time":"5 years ago","Review":"Workers are amazing and atmosphere is awesome. Coffee is the best of course","Likes":""},{"Name":"","Category":"","Rating":" 5 stars ","Number_of_Reviews":"","Address":"","Reviewer":"Louis Cancilla","Reviewer_page":"https://www.google.com/maps/contrib/109569560437471119620/reviews?hl=en-US","Review_time":"5 years ago","Review":"Very nice staff and they work hard to please you.","Likes":""},{"Name":"","Category":"","Rating":" 4 stars ","Number_of_Reviews":"","Address":"","Reviewer":"Nick Chiarchiaro","Reviewer_page":"https://www.google.com/maps/contrib/105891385363657191853/reviews?hl=en-US","Review_time":"5 years ago","Review":"It's A Starbucks--- I usually get coffee and a bite to eat while my car is being taken care of, across the street at JoeJoe's!!","Likes":""},{"Name":"","Category":"","Rating":" 1 star ","Number_of_Reviews":"","Address":"","Reviewer":"Steven Greenwald","Reviewer_page":"https://www.google.com/maps/contrib/105357717293331138174/reviews?hl=en-US","Review_time":"4 years ago","Review":"Service is great but poorly run. Always out of everything.","Likes":"1"},{"Name":"","Category":"","Rating":" 5 stars ","Number_of_Reviews":"","Address":"","Reviewer":"jee ra","Reviewer_page":"https://www.google.com/maps/contrib/110144345272541366674/reviews?hl=en-US","Review_time":"2 years ago","Review":"He best Flat white w soy milk","Likes":""},{"Name":"","Category":"","Rating":" 5 stars ","Number_of_Reviews":"","Address":"","Reviewer":"Kim S","Reviewer_page":"https://www.google.com/maps/contrib/117011883854365930416/reviews?hl=en-US","Review_time":"3 years ago","Review":"Staff was pleasant and friendly,  good experience.","Likes":""},{"Name":"","Category":"","Rating":" 3 stars ","Number_of_Reviews":"","Address":"","Reviewer":"James Dolan","Reviewer_page":"https://www.google.com/maps/contrib/100623536354338470416/reviews?hl=en-US","Review_time":"3 years ago","Review":"It's a busy location. If you have the time go to the Montague location.","Likes":""},{"Name":"","Category":"","Rating":" 5 stars ","Number_of_Reviews":"","Address":"","Reviewer":"Max","Reviewer_page":"https://www.google.com/maps/contrib/112678301080293493429/reviews?hl=en-US","Review_time":"4 years ago","Review":"Regular Starbucks. Good service and staff was friendly.","Likes":"1"},{"Name":"","Category":"","Rating":" 5 stars ","Number_of_Reviews":"","Address":"","Reviewer":"Charles Sconzo","Reviewer_page":"https://www.google.com/maps/contrib/100737025987711823580/reviews?hl=en-US","Review_time":"6 years ago","Review":"Service was great and the drinks were perfect","Likes":"1"},{"Name":"","Category":"","Rating":" 1 star ","Number_of_Reviews":"","Address":"","Reviewer":"chris podolsky","Reviewer_page":"https://www.google.com/maps/contrib/114080155245595230230/reviews?hl=en-US","Review_time":"6 years ago","Review":"Parking is difficult, place is small and uncomfortable, and staff is not very nice....\n\nKeep driving....","Likes":"3"},{"Name":"","Category":"","Rating":" 5 stars ","Number_of_Reviews":"","Address":"","Reviewer":"Melissa","Reviewer_page":"https://www.google.com/maps/contrib/104924997980715946038/reviews?hl=en-US","Review_time":"3 years ago","Review":"Love this place.....the workers make it even better","Likes":"1"},{"Name":"","Category":"","Rating":" 3 stars ","Number_of_Reviews":"","Address":"","Reviewer":"Gennady Shulman","Reviewer_page":"https://www.google.com/maps/contrib/117840792442492778557/reviews?hl=en-US","Review_time":"5 years ago","Review":"Not too many people but slow service","Likes":""},{"Name":"","Category":"","Rating":" 5 stars ","Number_of_Reviews":"","Address":"","Reviewer":"Calvin Cheng","Reviewer_page":"https://www.google.com/maps/contrib/117874142782219906306/reviews?hl=en-US","Review_time":"6 years ago","Review":"Your typical starbucks--the staff are generally friendly.","Likes":""},{"Name":"","Category":"","Rating":" 2 stars ","Number_of_Reviews":"","Address":"","Reviewer":"MiguelasinMike","Reviewer_page":"https://www.google.com/maps/contrib/104959481819852671095/reviews?hl=en-US","Review_time":"3 years ago","Review":"parking was terrible. otherwise a normal starbucks","Likes":"2"},{"Name":"","Category":"","Rating":" 5 stars ","Number_of_Reviews":"","Address":"","Reviewer":"Berney lamin","Reviewer_page":"https://www.google.com/maps/contrib/111980261475832637440/reviews?hl=en-US","Review_time":"2 years ago","Review":"The first drink of the fall.\nI love it.","Likes":"1"},{"Name":"","Category":"","Rating":" 5 stars ","Number_of_Reviews":"","Address":"","Reviewer":"Robert Riccardi","Reviewer_page":"https://www.google.com/maps/contrib/111222276504384742679/reviews?hl=en-US","Review_time":"2 years ago","Review":"Great mango passion fruit quencher...","Likes":""},{"Name":"","Category":"","Rating":" 3 stars ","Number_of_Reviews":"","Address":"","Reviewer":"Nicky Sicky","Reviewer_page":"https://www.google.com/maps/contrib/101726625784490368785/reviews?hl=en-US","Review_time":"5 years ago","Review":"‘‘Tis the season,great tasting coffee","Likes":""},{"Name":"","Category":"","Rating":" 5 stars ","Number_of_Reviews":"","Address":"","Reviewer":"Peter Ziginmore","Reviewer_page":"https://www.google.com/maps/contrib/115716000340895736840/reviews?hl=en-US","Review_time":"2 years ago","Review":"Fantastic place is always great","Likes":""},{"Name":"","Category":"","Rating":" 4 stars ","Number_of_Reviews":"","Address":"","Reviewer":"Nick Pinto","Reviewer_page":"https://www.google.com/maps/contrib/113692026810165243528/reviews?hl=en-US","Review_time":"3 years ago","Review":"Pikes place is my go to cup of coffee!","Likes":""},{"Name":"","Category":"","Rating":" 5 stars ","Number_of_Reviews":"","Address":"","Reviewer":"Vitaly Ivanov","Reviewer_page":"https://www.google.com/maps/contrib/108739936643053659350/reviews?hl=en-US","Review_time":"3 years ago","Review":"A bit overcrowded","Likes":"1"},{"Name":"","Category":"","Rating":" 4 stars ","Number_of_Reviews":"","Address":"","Reviewer":"Laura Cinquegrana","Reviewer_page":"https://www.google.com/maps/contrib/110637062923329829124/reviews?hl=en-US","Review_time":"3 years ago","Review":"Love my Cafe Americano","Likes":"2"},{"Name":"","Category":"","Rating":" 5 stars ","Number_of_Reviews":"","Address":"","Reviewer":"Mark Woglom","Reviewer_page":"https://www.google.com/maps/contrib/110884059905684935102/reviews?hl=en-US","Review_time":"a year ago","Review":"Great service here!","Likes":""},{"Name":"","Category":"","Rating":" 5 stars ","Number_of_Reviews":"","Address":"","Reviewer":"Antonio Crocco","Reviewer_page":"https://www.google.com/maps/contrib/114437439357316652524/reviews?hl=en-US","Review_time":"6 years ago","Review":"Great Starbucks. Fast Drive-Thru.","Likes":""},{"Name":"","Category":"","Rating":" 2 stars ","Number_of_Reviews":"","Address":"","Reviewer":"Anthony Mannino","Reviewer_page":"https://www.google.com/maps/contrib/118255561704676472069/reviews?hl=en-US","Review_time":"3 years ago","Review":"Too expensive not worth the money at all","Likes":"1"},{"Name":"","Category":"","Rating":" 5 stars ","Number_of_Reviews":"","Address":"","Reviewer":"Robert P","Reviewer_page":"https://www.google.com/maps/contrib/116439079068739902431/reviews?hl=en-US","Review_time":"a year ago","Review":"Amazing cafe\nGetcash123.com","Likes":""},{"Name":"","Category":"","Rating":" 4 stars ","Number_of_Reviews":"","Address":"","Reviewer":"Margaret Sacca","Reviewer_page":"https://www.google.com/maps/contrib/107240537275836920285/reviews?hl=en-US","Review_time":"3 years ago","Review":"Hot. Ready for pick up","Likes":""},{"Name":"","Category":"","Rating":" 5 stars ","Number_of_Reviews":"","Address":"","Reviewer":"Lne Illustration","Reviewer_page":"https://www.google.com/maps/contrib/116682024066702240538/reviews?hl=en-US","Review_time":"3 years ago","Review":"Freindly staff good coffee","Likes":""},{"Name":"","Category":"","Rating":" 5 stars ","Number_of_Reviews":"","Address":"","Reviewer":"Lynn De Fiore","Reviewer_page":"https://www.google.com/maps/contrib/110171820123559139899/reviews?hl=en-US","Review_time":"2 years ago","Review":"They have a drive through","Likes":""},{"Name":"","Category":"","Rating":" 5 stars ","Number_of_Reviews":"","Address":"","Reviewer":"James Slattery","Reviewer_page":"https://www.google.com/maps/contrib/116411726416077312668/reviews?hl=en-US","Review_time":"4 years ago","Review":"Love this place! Friendly staff !","Likes":""},{"Name":"","Category":"","Rating":" 5 stars ","Number_of_Reviews":"","Address":"","Reviewer":"guijin Chen","Reviewer_page":"https://www.google.com/maps/contrib/106253951277950314355/reviews?hl=en-US","Review_time":"6 years ago","Review":"Spent my break time here few time a week.","Likes":""},{"Name":"","Category":"","Rating":" 1 star ","Number_of_Reviews":"","Address":"","Reviewer":"Mike O","Reviewer_page":"https://www.google.com/maps/contrib/101067153301309895118/reviews?hl=en-US","Review_time":"5 years ago","Review":"Bad coffee, won't ever go back!!!","Likes":"2"},{"Name":"","Category":"","Rating":" 4 stars ","Number_of_Reviews":"","Address":"","Reviewer":"stooba lemdon","Reviewer_page":"https://www.google.com/maps/contrib/117265835441651734654/reviews?hl=en-US","Review_time":"5 years ago","Review":"Much improved. Love it","Likes":"1"},{"Name":"","Category":"","Rating":" 1 star ","Number_of_Reviews":"","Address":"","Reviewer":"siddharth hinduja","Reviewer_page":"https://www.google.com/maps/contrib/105341956343639881729/reviews?hl=en-US","Review_time":"3 years ago","Review":"Didn't like the service","Likes":"2"},{"Name":"","Category":"","Rating":" 5 stars ","Number_of_Reviews":"","Address":"","Reviewer":"Mickey Padula","Reviewer_page":"https://www.google.com/maps/contrib/111397102514446432260/reviews?hl=en-US","Review_time":"3 years ago","Review":"I love Starbucks delicious","Likes":""},{"Name":"","Category":"","Rating":" 5 stars ","Number_of_Reviews":"","Address":"","Reviewer":"Larry Altuna","Reviewer_page":"https://www.google.com/maps/contrib/105896020858280487136/reviews?hl=en-US","Review_time":"3 years ago","Review":"Great, friendly staff!","Likes":""},{"Name":"","Category":"","Rating":" 3 stars ","Number_of_Reviews":"","Address":"","Reviewer":"Paul Granger","Reviewer_page":"https://www.google.com/maps/contrib/110680218655333412950/reviews?hl=en-US","Review_time":"4 years ago","Review":"Basically the same as every other Starbucks","Likes":""},{"Name":"","Category":"","Rating":" 5 stars ","Number_of_Reviews":"","Address":"","Reviewer":"Yakov Kezerashvili","Reviewer_page":"https://www.google.com/maps/contrib/107042738037188039009/reviews?hl=en-US","Review_time":"5 years ago","Review":"Always best service!","Likes":""},{"Name":"","Category":"","Rating":" 2 stars ","Number_of_Reviews":"","Address":"","Reviewer":"hanan Mall","Reviewer_page":"https://www.google.com/maps/contrib/110963492594395684619/reviews?hl=en-US","Review_time":"4 years ago","Review":"Worst customer service ever .","Likes":"1"},{"Name":"","Category":"","Rating":" 1 star ","Number_of_Reviews":"","Address":"","Reviewer":"Cat man124","Reviewer_page":"https://www.google.com/maps/contrib/101853082761397434775/reviews?hl=en-US","Review_time":"5 years ago","Review":"You   guys   are   the   #1  place   on   Staten Island","Likes":"2"},{"Name":"","Category":"","Rating":" 4 stars ","Number_of_Reviews":"","Address":"","Reviewer":"Greg Fosdal","Reviewer_page":"https://www.google.com/maps/contrib/118261125493445993174/reviews?hl=en-US","Review_time":"6 years ago","Review":"Location sucks so bad!","Likes":""},{"Name":"","Category":"","Rating":" 5 stars ","Number_of_Reviews":"","Address":"","Reviewer":"Lisa Maniscalco","Reviewer_page":"https://www.google.com/maps/contrib/104810821660916468821/reviews?hl=en-US","Review_time":"3 years ago","Review":"Awesome baristas!","Likes":""},{"Name":"","Category":"","Rating":" 5 stars ","Number_of_Reviews":"","Address":"","Reviewer":"Frank Reidinger","Reviewer_page":"https://www.google.com/maps/contrib/103433084905324071303/reviews?hl=en-US","Review_time":"5 years ago","Review":"Great coffee and Service","Likes":""},{"Name":"","Category":"","Rating":" 5 stars ","Number_of_Reviews":"","Address":"","Reviewer":"Liliana tedesco","Reviewer_page":"https://www.google.com/maps/contrib/112897002579904053565/reviews?hl=en-US","Review_time":"3 years ago","Review":"1 word people.....YUMMY!","Likes":""},{"Name":"","Category":"","Rating":" 3 stars ","Number_of_Reviews":"","Address":"","Reviewer":"Katelyn “Kate” Hansen","Reviewer_page":"https://www.google.com/maps/contrib/118059050240581793733/reviews?hl=en-US","Review_time":"5 years ago","Review":"Its small but busy","Likes":""},{"Name":"","Category":"","Rating":" 5 stars ","Number_of_Reviews":"","Address":"","Reviewer":"Lillian Gigante","Reviewer_page":"https://www.google.com/maps/contrib/108936564956146141399/reviews?hl=en-US","Review_time":"2 years ago","Review":"Great service!","Likes":""},{"Name":"","Category":"","Rating":" 5 stars ","Number_of_Reviews":"","Address":"","Reviewer":"Cher","Reviewer_page":"https://www.google.com/maps/contrib/111764127540077339011/reviews?hl=en-US","Review_time":"5 years ago","Review":"It's Starbucks. What else is there to say?","Likes":"1"},{"Name":"","Category":"","Rating":" 2 stars ","Number_of_Reviews":"","Address":"","Reviewer":"Louis Granato","Reviewer_page":"https://www.google.com/maps/contrib/118410884974873075347/reviews?hl=en-US","Review_time":"5 years ago","Review":"Always too crowded","Likes":"1"},{"Name":"","Category":"","Rating":" 5 stars ","Number_of_Reviews":"","Address":"","Reviewer":"christine spagnola","Reviewer_page":"https://www.google.com/maps/contrib/113210544055846878014/reviews?hl=en-US","Review_time":"2 years ago","Review":"Great service","Likes":""},{"Name":"","Category":"","Rating":" 5 stars ","Number_of_Reviews":"","Address":"","Reviewer":"Gerry Krichevsky","Reviewer_page":"https://www.google.com/maps/contrib/104723803029032520101/reviews?hl=en-US","Review_time":"2 years ago","Review":"Nice hot coffee","Likes":""},{"Name":"","Category":"","Rating":" 5 stars ","Number_of_Reviews":"","Address":"","Reviewer":"Юрий Хомяков","Reviewer_page":"https://www.google.com/maps/contrib/106585878532239794432/reviews?hl=en-US","Review_time":"2 years ago","Review":"I like it","Likes":""},{"Name":"","Category":"","Rating":" 5 stars ","Number_of_Reviews":"","Address":"","Reviewer":"Claudia Lalgee","Reviewer_page":"https://www.google.com/maps/contrib/100849228962564855742/reviews?hl=en-US","Review_time":"2 years ago","Review":"Great staff","Likes":""},{"Name":"","Category":"","Rating":" 5 stars ","Number_of_Reviews":"","Address":"","Reviewer":"Bklyn Zoo","Reviewer_page":"https://www.google.com/maps/contrib/114808079511218137514/reviews?hl=en-US","Review_time":"2 years ago","Review":"Good service","Likes":""},{"Name":"","Category":"","Rating":" 5 stars ","Number_of_Reviews":"","Address":"","Reviewer":"Joe Santacroce","Reviewer_page":"https://www.google.com/maps/contrib/115464547976885746635/reviews?hl=en-US","Review_time":"5 years ago","Review":"Love it","Likes":""},{"Name":"","Category":"","Rating":" 5 stars ","Number_of_Reviews":"","Address":"","Reviewer":"Jimmy Dellaratta","Reviewer_page":"https://www.google.com/maps/contrib/116296894193128156033/reviews?hl=en-US","Review_time":"6 years ago","Review":"the best","Likes":""},{"Name":"","Category":"","Rating":" 5 stars ","Number_of_Reviews":"","Address":"","Reviewer":"Daniella Baker Teva","Reviewer_page":"https://www.google.com/maps/contrib/105517906922766354232/reviews?hl=en-US","Review_time":"6 years ago","Review":"Great staff","Likes":""},{"Name":"","Category":"","Rating":" 5 stars ","Number_of_Reviews":"","Address":"","Reviewer":"gary smiley","Reviewer_page":"https://www.google.com/maps/contrib/114745471408454955559/reviews?hl=en-US","Review_time":"4 years ago","Review":"Good service","Likes":""},{"Name":"","Category":"","Rating":" 5 stars ","Number_of_Reviews":"","Address":"","Reviewer":"D A","Reviewer_page":"https://www.google.com/maps/contrib/101973644316842586091/reviews?hl=en-US","Review_time":"5 years ago","Review":"Great","Likes":""},{"Name":"","Category":"","Rating":" 1 star ","Number_of_Reviews":"","Address":"","Reviewer":"Jack Tazzetto","Reviewer_page":"https://www.google.com/maps/contrib/113700775838734710032/reviews?hl=en-US","Review_time":"3 years ago","Review":"Way overpriced","Likes":"2"},{"Name":"","Category":"","Rating":" 5 stars ","Number_of_Reviews":"","Address":"","Reviewer":"MARY KOLESAR","Reviewer_page":"https://www.google.com/maps/contrib/117959690780963984061/reviews?hl=en-US","Review_time":"4 years ago","Review":"Very friendly","Likes":""},{"Name":"","Category":"","Rating":" 5 stars ","Number_of_Reviews":"","Address":"","Reviewer":"Aida Rendall","Reviewer_page":"https://www.google.com/maps/contrib/102358455784766737173/reviews?hl=en-US","Review_time":"2 years ago","Review":"Fast service","Likes":""},{"Name":"","Category":"","Rating":" 1 star ","Number_of_Reviews":"","Address":"","Reviewer":"Kingdomlad _YT","Reviewer_page":"https://www.google.com/maps/contrib/103683800234059384435/reviews?hl=en-US","Review_time":"2 years ago","Review":"This place is horrible","Likes":""},{"Name":"","Category":"","Rating":" 5 stars ","Number_of_Reviews":"","Address":"","Reviewer":"Peter Vitale","Reviewer_page":"https://www.google.com/maps/contrib/105739870688727529280/reviews?hl=en-US","Review_time":"4 years ago","Review":"Can't stop","Likes":"2"},{"Name":"","Category":"","Rating":" 5 stars ","Number_of_Reviews":"","Address":"","Reviewer":"Lonnie Delon","Reviewer_page":"https://www.google.com/maps/contrib/112103374120745699569/reviews?hl=en-US","Review_time":"5 years ago","Review":"Great place","Likes":""},{"Name":"","Category":"","Rating":" 5 stars ","Number_of_Reviews":"","Address":"","Reviewer":"Chris Lundwall","Reviewer_page":"https://www.google.com/maps/contrib/110740067900415180178/reviews?hl=en-US","Review_time":"5 years ago","Review":"Busy place","Likes":""},{"Name":"","Category":"","Rating":" 5 stars ","Number_of_Reviews":"","Address":"","Reviewer":"robert carter","Reviewer_page":"https://www.google.com/maps/contrib/108500164924529196430/reviews?hl=en-US","Review_time":"6 years ago","Review":"Great place","Likes":""},{"Name":"","Category":"","Rating":" 4 stars ","Number_of_Reviews":"","Address":"","Reviewer":"Carol Carole","Reviewer_page":"https://www.google.com/maps/contrib/110237425351136204706/reviews?hl=en-US","Review_time":"5 years ago","Review":"great coffee","Likes":""},{"Name":"","Category":"","Rating":" 4 stars ","Number_of_Reviews":"","Address":"","Reviewer":"Steven A","Reviewer_page":"https://www.google.com/maps/contrib/102353934506967135805/reviews?hl=en-US","Review_time":"4 years ago","Review":"Starbucks is Starbucks.","Likes":""},{"Name":"","Category":"","Rating":" 5 stars ","Number_of_Reviews":"","Address":"","Reviewer":"Doug Ryan","Reviewer_page":"https://www.google.com/maps/contrib/109031796211282821076/reviews?hl=en-US","Review_time":"5 years ago","Review":"Outstanding","Likes":""}