[{"Name":"","Category":"","Rating":" 2 stars ","Number_of_Reviews":"","Address":"","Reviewer":"Tara","Reviewer_page":"https://www.google.com/maps/contrib/114413297612918741340/reviews?hl=en-US","Review_time":"4 months ago","Review":"I really want to like this location as it’s so convenient and the baristas are so sweet, but the service here is so slow it’s absolutely unusable for ferry commuters. An empty store with only 2 people ahead of me on line should not have me waiting 10 minutes and still not getting my order taken.\n\nI’ve started coming here only if I have 20 minutes to catch the ferry and still I find myself leaving the store without ordering, or even missing my boat after paying and then having a simple order not get to me in a reasonable time.","Likes":""},{"Name":"","Category":"","Rating":" 3 stars ","Number_of_Reviews":"","Address":"","Reviewer":"ivana","Reviewer_page":"https://www.google.com/maps/contrib/108097517203670201936/reviews?hl=en-US","Review_time":"4 months ago","Review":"This store really has to get it together. Every single time I order something from here I'm stuck inside at least 20 minutes. It's NEVER busy here. There shouldn't be 3 baristas completing orders and running around, while leaving the register empty and 7 people are waiting because they can't keep up. 2 people is enough to complete orders for a dead store. If you need 3, then maybe considering hiring people who actually know what they're doing. Seems like the employees are lazy here. No reason for such slow movement. The employees are nice but that's it.","Likes":"3"},{"Name":"","Category":"","Rating":" 1 star ","Number_of_Reviews":"","Address":"","Reviewer":"Alberto Saul Rivero Plaza","Reviewer_page":"https://www.google.com/maps/contrib/107570791545328519762/reviews?hl=en-US","Review_time":"a month ago","Review":"This is the second Starbucks that I visit and where the customer service is horrible.  We went in at 5:58 PM to buy a coffee, they close at 6:00 PM but we had not realized that it was time to close because we are in the mall... the cashier, a chubby girl, tells us very bad so that \"let's order quickly because they are going to close and we have to leave the premises\".  I would have preferred that they did not sell us the cafes and that they had told us that they were already closed!","Likes":""},{"Name":"","Category":"","Rating":" 1 star ","Number_of_Reviews":"","Address":"","Reviewer":"Maria Byrne","Reviewer_page":"https://www.google.com/maps/contrib/115809631346573268670/reviews?hl=en-US","Review_time":"3 weeks ago","Review":"They charged at least a dollar more per drink than the prices they had on the menu board but when I checked the receipt and complained they said they weren’t in charge of what the menu board says. (This is the official menu board where all the drinks are listed.) Who then is in charge? I said if we didn’t care about prices we’d buy all ventis and not get talls.","Likes":"1"},{"Name":"","Category":"","Rating":" 1 star ","Number_of_Reviews":"","Address":"","Reviewer":"George Worotikan (NYMTA&NJTransitFanClub)","Reviewer_page":"https://www.google.com/maps/contrib/105793838718551073683/reviews?hl=en-US","Review_time":"2 months ago","Review":"Horrible experience and the worst location in Staten Island, NY and in New York City.  They charged me 27 cents for a cup of water which it supposed to be free like the other locations in the greater NY area except the on college campuses including NYU.  I bet this location is franchised and the franchise owner are very stingy.  NEVER GONNA COME BACK TO THIS LOCATION!","Likes":""},{"Name":"","Category":"","Rating":" 2 stars ","Number_of_Reviews":"","Address":"","Reviewer":"MARY BETH","Reviewer_page":"https://www.google.com/maps/contrib/112938664646833329628/reviews?hl=en-US","Review_time":"2 months ago","Review":"The staff is nice but it’s by a scheduled ferry. It’s too slow. I don’t get it. They don’t allow online orders to go. This would help.","Likes":""},{"Name":"","Category":"","Rating":" 5 stars ","Number_of_Reviews":"","Address":"","Reviewer":"Pavel Asanov","Reviewer_page":"https://www.google.com/maps/contrib/101770848799489005825/reviews?hl=en-US","Review_time":"3 years ago","Review":"This is only Starbucks with direct view of the Statue of Liberty and amazing NYC skyline views. Sitting available inside and a lot of public sits outside. Or you can take a walk along the shore with your favorite cup of coffee or tea.","Likes":"3"},{"Name":"","Category":"","Rating":" 5 stars ","Number_of_Reviews":"","Address":"","Reviewer":"Tony Dolce","Reviewer_page":"https://www.google.com/maps/contrib/106123092343943814444/reviews?hl=en-US","Review_time":"a year ago","Review":"Every time I come here, I am greeted with a smile..  The staff (specifically the morning staff *Chrissy*) is amazing and they all pay close attention to detail.  This Starbucks is the only one on Staten Island that I know of that gives 20% to Officers.  So I appreciate that as well","Likes":""},{"Name":"","Category":"","Rating":" 1 star ","Number_of_Reviews":"","Address":"","Reviewer":"Feng Hong","Reviewer_page":"https://www.google.com/maps/contrib/113402198422621769170/reviews?hl=en-US","Review_time":"4 months ago","Review":"They don’t even accept Tuesday promotion starting last week by Starbucks( their own company!!!!)to avoid getting busy. Last time they messed up with my reward points and the next day they just put out a sign saying “sorry something wrong with the system!","Likes":""},{"Name":"","Category":"","Rating":" 1 star ","Number_of_Reviews":"","Address":"","Reviewer":"Charles Sanchez","Reviewer_page":"https://www.google.com/maps/contrib/108987158503037038027/reviews?hl=en-US","Review_time":"a month ago","Review":"Understaffed, order your coffee 30 minutes in advance through the mobile app if you're picking up on a Sunday morning.","Likes":""},{"Name":"","Category":"","Rating":" 5 stars ","Number_of_Reviews":"","Address":"","Reviewer":"Jesse Locklear","Reviewer_page":"https://www.google.com/maps/contrib/115200244530553280646/reviews?hl=en-US","Review_time":"3 years ago","Review":"Nice storefront location with super friendly staff. They were prompt and asked clarification questions to make sure I got exactly what I wanted! They also laughed at my husband's dad jokes.","Likes":""},{"Name":"","Category":"","Rating":" 5 stars ","Number_of_Reviews":"","Address":"","Reviewer":"Maureen Wojciechowski","Reviewer_page":"https://www.google.com/maps/contrib/110816129433950098481/reviews?hl=en-US","Review_time":"2 months ago","Review":"They seem nice, but my favorite person works at a different location so I didn't go in","Likes":""},{"Name":"","Category":"","Rating":" 1 star ","Number_of_Reviews":"","Address":"","Reviewer":"Anna Sheremeta","Reviewer_page":"https://www.google.com/maps/contrib/116010669570004179839/reviews?hl=en-US","Review_time":"3 months ago","Review":"Hours are from 8-4 p.m. Literally during work hours. Never had an issue like that with a Starbucks.","Likes":""},{"Name":"","Category":"","Rating":" 5 stars ","Number_of_Reviews":"","Address":"","Reviewer":"Elisa Encarnacion","Reviewer_page":"https://www.google.com/maps/contrib/118128222346930820572/reviews?hl=en-US","Review_time":"a year ago","Review":"Chrissy and all of the employees are great and they make delicious drinks every time. I feel welcomed and they all pay attention to my orders. They always asks questions to make sure I get the best drink to start my day! When I leave from Starbucks I know the rest of my day will be great. The ladies make the drinks with extra tender love and care.","Likes":""},{"Name":"","Category":"","Rating":" 1 star ","Number_of_Reviews":"","Address":"","Reviewer":"James McGarry","Reviewer_page":"https://www.google.com/maps/contrib/116132349467197188601/reviews?hl=en-US","Review_time":"2 years ago","Review":"Most other shops at the Empire Outlets have reopened and every other Starbucks location I know has reopened for months now. Why this slacker location remains closed is beyond comprehension.\n\n***update 11/20/2020***\nThis location appears to now have reopened.","Likes":"6"},{"Name":"","Category":"","Rating":" 1 star ","Number_of_Reviews":"","Address":"","Reviewer":"Hans Penz","Reviewer_page":"https://www.google.com/maps/contrib/110603628776619905487/reviews?hl=en-US","Review_time":"a year ago","Review":"OPENED 8:30 10/19/21\n\nTemporarily closed on -\nTuesday 10/19/21 8:15;\nFriday 10/15/21 8:15am;\nThursday 10/14/21 8:30am;\nWednesday 10/13/21 8:40am;\nTuesday 9/14 9:10am\n\nThis Starbucks location at the Empire Outlets should actually be described as RANDOMLY OPEN.\n\nI come by frequently and very often I see myself and other potential customers disappointed because this branch is closed even though the posted hours say they should be open.","Likes":"6"},{"Name":"","Category":"","Rating":" 5 stars ","Number_of_Reviews":"","Address":"","Reviewer":"Joey Be","Reviewer_page":"https://www.google.com/maps/contrib/107169959306273752007/reviews?hl=en-US","Review_time":"7 months ago","Review":"Love SB's Pike Roast Coffee!  Delishioso.  Only negative is that this is a \"Franchise\" location, and if you use your \"rewards\" on the Starbucks App, it costs triple the amount of \"reward\" stars for a purchase.","Likes":""},{"Name":"","Category":"","Rating":" 1 star ","Number_of_Reviews":"","Address":"","Reviewer":"heavenly flores","Reviewer_page":"https://www.google.com/maps/contrib/112544706954249567114/reviews?hl=en-US","Review_time":"7 months ago","Review":"Rude service. Young lady was lazy making my drinks and she just threw them on the counter ,meanwhile I said “thank you” and she gave me a nasty look and turned her head. I really do hate people.","Likes":"2"},{"Name":"","Category":"","Rating":" 5 stars ","Number_of_Reviews":"","Address":"","Reviewer":"Sophie D'Amato","Reviewer_page":"https://www.google.com/maps/contrib/113073236086468653762/reviews?hl=en-US","Review_time":"a year ago","Review":"ive been going to this starbucks since they opened. they consistently have the sweetest people working there that are super helpful and patient. sometimes they take a bit longer to make a drink but that is mostly due to the sheer volume of people: tourists with their families, interns on a coffee run, commuters going to the city, etc. i can’t wait for indoor seating to open so i can go there and work again!","Likes":"1"},{"Name":"","Category":"","Rating":" 1 star ","Number_of_Reviews":"","Address":"","Reviewer":"Patricia Adamo","Reviewer_page":"https://www.google.com/maps/contrib/116126620579456629483/reviews?hl=en-US","Review_time":"10 months ago","Review":"Twice now this Starbucks location has had two different baristas unmasked. The store manager today was nice enough to tell him to mask up.  The barista scuffed at me and pulled it down to cover only his mouth. With the Covid surge it’s outrageous that management would allow someone to prepare food unmasked. You lost my business SI Starbucks.","Likes":"1"},{"Name":"","Category":"","Rating":" 5 stars ","Number_of_Reviews":"","Address":"","Reviewer":"Kach Beauty","Reviewer_page":"https://www.google.com/maps/contrib/110875126259791800256/reviews?hl=en-US","Review_time":"a year ago","Review":"I personally go to this location 3 to 4x a week and every time I walk in by the time I say hi good day ladies my order is ready, yes I order the samething every time. The females who work there are the main reason I go because they have a very sunny personality and in today reality not many people would take time out of their day to even ask about your day. Couple weeks ago they weren’t there and I almost lose my mind because I was introduced to a new person who I was hoping can make my drink as good as them. He did good. Regardless, they better not go any where because they make my Dragon Mango drink so good that I literally would be full enough for the entire day... also I’m a type of person who have a hard time getting used to new people. #Starbucks you have great employees and one who actually listen and appreciate their customers.\n\nAlso, since it’s getting warm I really hope the time change it’s sad that they are only open till 2.... hopefully during the summer hours becomes longer.","Likes":""},{"Name":"","Category":"","Rating":" 5 stars ","Number_of_Reviews":"","Address":"","Reviewer":"Maksim Bogdanov","Reviewer_page":"https://www.google.com/maps/contrib/115403421199848466988/reviews?hl=en-US","Review_time":"a year ago","Review":"It's sad that they are only open until 2 and no seating","Likes":"1"},{"Name":"","Category":"","Rating":" 1 star ","Number_of_Reviews":"","Address":"","Reviewer":"jess","Reviewer_page":"https://www.google.com/maps/contrib/107086438860889712548/reviews?hl=en-US","Review_time":"a year ago","Review":"Almost every experience I had at this Starbucks was negative. For some reason, this Starbucks ups their prices an insane amount (i.e a $5 drink at any other Starbucks turning into $8). I think they make up their own prices because every time I go I am charged something different, and they do not offer mobile ordering.","Likes":"2"},{"Name":"","Category":"","Rating":" 5 stars ","Number_of_Reviews":"","Address":"","Reviewer":"Tony Bishnauth","Reviewer_page":"https://www.google.com/maps/contrib/113953723015859585280/reviews?hl=en-US","Review_time":"7 months ago","Review":"I really love coming here with my humming bird 🐦 friends. I also loved the location, because it is close to the Ferry ⛴️ and beautiful thank you 😊 Tony.","Likes":""},{"Name":"","Category":"","Rating":" 5 stars ","Number_of_Reviews":"","Address":"","Reviewer":"Katharina Dreher","Reviewer_page":"https://www.google.com/maps/contrib/117835525023411653665/reviews?hl=en-US","Review_time":"2 years ago","Review":"My absolute favorite Starbucks! The staff is always friendly and efficient. I have never waited longer than 5 minutes for my order even when there were 10+ people in the store. The view is absolutely amazing and the store has enough space to almost always find somewhere to sit.","Likes":""},{"Name":"","Category":"","Rating":" 3 stars ","Number_of_Reviews":"","Address":"","Reviewer":"Sunny Joslynn","Reviewer_page":"https://www.google.com/maps/contrib/111832610082107396821/reviews?hl=en-US","Review_time":"3 years ago","Review":"Beautiful clean store, super friendly staff, but I took two stars away for two reasons -\nI just went in and bought a dirty (w/ 2 espresso shots) vanilla chai latte, and I wanted to use my rewards to pay for the two shots, but I couldn't do that because their rewards system isn't working. I said that's fine as long as I could still use my Starbucks card to pay (I could) so I was on my way. It wasn't until I was already on the ferry that I realized there were NO espresso shots in my drink 😭\nI paid for TWO espresso shots & got none. There was one other customer in the store who got a regular coffee so it's not like they were busy or overwhelmed, they just forgot to put my shots in.\nThe reason I took the second star away is because when I try to call their phone number listed on Google, the number is not in service. I understand that this is a new shop that's only about a month old but Starbucks is an international company that's been around as long as I've been alive and I just expect to get what I ask for when I go in. Especially when I'm paying for it.","Likes":"1"},{"Name":"","Category":"","Rating":" 1 star ","Number_of_Reviews":"","Address":"","Reviewer":"Oliver Bancks","Reviewer_page":"https://www.google.com/maps/contrib/104059938081385817251/reviews?hl=en-US","Review_time":"2 years ago","Review":"On ordering our drinks I asked what they recommended the Barista spoke very quickly, aggressively walked away whilst I was talking! Didn't listen to anything I said! Made us feel unwelcome and was very rude! He got our order wrong as he wasn't listening then started repeating my order to me as though I was in the wrong! Definitely not a cafe feel..... More like a area where the staff are highly charged! Customers a burden and a place where you do not feel welcomed!","Likes":"4"},{"Name":"","Category":"","Rating":" 5 stars ","Number_of_Reviews":"","Address":"","Reviewer":"Miguel Rodriguez Sr. (bigmike165)","Reviewer_page":"https://www.google.com/maps/contrib/105090707916690391861/reviews?hl=en-US","Review_time":"a year ago","Review":"It was great especially when they gave some stuff to a homeless woman that suprised me, because not to many places like Starbucks do that kind of stuff. Good looking out for the homeless people. 👍👍👍👍👍.","Likes":""},{"Name":"","Category":"","Rating":" 2 stars ","Number_of_Reviews":"","Address":"","Reviewer":"v t","Reviewer_page":"https://www.google.com/maps/contrib/113553270563713285365/reviews?hl=en-US","Review_time":"3 years ago","Review":"Only one cashier and only one barista handling the morning rush. I needed to leave because long waiting time. Unless you have at least 15 minutes or more to catch the ferry don't bother to try.\nI sticking to my super fast Dunkin Donuts at the Whitehall terminal. Overall nice location for tourist who have time .\nNot for the locals at rush hours unfortunately","Likes":"6"},{"Name":"","Category":"","Rating":" 1 star ","Number_of_Reviews":"","Address":"","Reviewer":"luis duran","Reviewer_page":"https://www.google.com/maps/contrib/104463643773332640160/reviews?hl=en-US","Review_time":"a year ago","Review":"Very bad service 20 minutes to get two coffees and only two customers in store\nI had to wave so they get my order going so I would not miss the ferry, and wS threatened to be refused service.\nYou are at the\nMercy of this people and can’t say anything.\nWon’t recommend and won’t go back.","Likes":""},{"Name":"","Category":"","Rating":" 5 stars ","Number_of_Reviews":"","Address":"","Reviewer":"Eric Ingram","Reviewer_page":"https://www.google.com/maps/contrib/110397169246553110204/reviews?hl=en-US","Review_time":"a year ago","Review":"So happy that there is finally a Starbucks near the ferry! It’s so nice to grab a breakfast wrap and a matcha frap on my way into the office. I have been coming here since they opened and everyone is super nice and the service great!","Likes":""},{"Name":"","Category":"","Rating":" 3 stars ","Number_of_Reviews":"","Address":"","Reviewer":"Simone King","Reviewer_page":"https://www.google.com/maps/contrib/113026375799643457298/reviews?hl=en-US","Review_time":"a year ago","Review":"This location opens and closes when they want to despite schedules hours listed on the app and website. I went for an afternoon refresher today only to find they were closed before 2pm. I’ve gone previously in the mornings and they have not been open. It’s like playing Russian roulette on whether they’ll be open or not. Sucks!","Likes":"3"},{"Name":"","Category":"","Rating":" 1 star ","Number_of_Reviews":"","Address":"","Reviewer":"Vette Tchell","Reviewer_page":"https://www.google.com/maps/contrib/102180721643472274543/reviews?hl=en-US","Review_time":"a year ago","Review":"There was one one horrifying employee  behind the counter.\n\nThis Starbucks is just like any other Starbucks. They open at 8am on Tuesday. There are not many people walking by this hour. This is fairly big Starbucks store compared to ther ones in Manhattan. There were only me and one other customer. Outside the store, there was a creepy man sitting at a bench.","Likes":"1"},{"Name":"","Category":"","Rating":" 3 stars ","Number_of_Reviews":"","Address":"","Reviewer":"Jaime Saure","Reviewer_page":"https://www.google.com/maps/contrib/101897750421376760764/reviews?hl=en-US","Review_time":"a year ago","Review":"It’s Starbucks, drinks are usually well done to the standard of the company. 3 stars for being unreliable, especially with random store hours being closed and having no idea if they’ll reopen again","Likes":"4"},{"Name":"","Category":"","Rating":" 5 stars ","Number_of_Reviews":"","Address":"","Reviewer":"Mr. Clark","Reviewer_page":"https://www.google.com/maps/contrib/106597635340816373277/reviews?hl=en-US","Review_time":"a year ago","Review":"Wonderful Staff, Maxine & Crissy Were Beyond Knowledgeable About The Drinks. They Went Above And Beyond To Create A Great Atmosphere & Customer Service.","Likes":""},{"Name":"","Category":"","Rating":" 3 stars ","Number_of_Reviews":"","Address":"","Reviewer":"Sal","Reviewer_page":"https://www.google.com/maps/contrib/109881141568454737496/reviews?hl=en-US","Review_time":"3 years ago","Review":"Hit or miss if your order will be correct. Have visited about 10 times now, and every time it’s a gamble. Not difficult to ask them to correct it, but just an inconvenience to do so. Not sure how it gets messed up after they repeat it back to you correct at the register, but it does","Likes":"2"},{"Name":"","Category":"","Rating":" 5 stars ","Number_of_Reviews":"","Address":"","Reviewer":"Jonathan Nightfire","Reviewer_page":"https://www.google.com/maps/contrib/100443624895789204664/reviews?hl=en-US","Review_time":"8 months ago","Review":"The quality for the ice coffee is great and it has other flavors to choose from and you get what you pay for.","Likes":"1"},{"Name":"","Category":"","Rating":" 1 star ","Number_of_Reviews":"","Address":"","Reviewer":"Enrico Phillips","Reviewer_page":"https://www.google.com/maps/contrib/112238806401549143629/reviews?hl=en-US","Review_time":"2 months ago","Review":"Horrible. I feel they just hire anybody here","Likes":""},{"Name":"","Category":"","Rating":" 1 star ","Number_of_Reviews":"","Address":"","Reviewer":"Mehwish Hussain","Reviewer_page":"https://www.google.com/maps/contrib/109611394008883832525/reviews?hl=en-US","Review_time":"3 years ago","Review":"The staff is so rude!! The way they speak to you is so disgusting!! I always ask for whip cream on my drink the cashier will write wc but the barista never puts whip cream! I tell them you forgot it they say it doesn’t say it and then I point it out!! Then when I got a drink that already comes with whip cream the barista forgot to put the whip cream! And when I tell her she said oh it didn’t say I’m like yeah because this drink is supposed to come with whip creAm!!","Likes":"1"},{"Name":"","Category":"","Rating":" 1 star ","Number_of_Reviews":"","Address":"","Reviewer":"Bichelle Harrison","Reviewer_page":"https://www.google.com/maps/contrib/112412100184512889953/reviews?hl=en-US","Review_time":"a year ago","Review":"The hours days it's open, but the doors are locked, lights off and no one in the building. They should be consistent with their posted hours. Disappointing.","Likes":"6"},{"Name":"","Category":"","Rating":" 5 stars ","Number_of_Reviews":"","Address":"","Reviewer":"Maggy González","Reviewer_page":"https://www.google.com/maps/contrib/117869794322440481755/reviews?hl=en-US","Review_time":"8 months ago","Review":"Good place to contemplate nice view to the water,  fast ferry and Staten Island ferry. Love it!","Likes":"4"},{"Name":"","Category":"","Rating":" 3 stars ","Number_of_Reviews":"","Address":"","Reviewer":"Jeffrey Yung","Reviewer_page":"https://www.google.com/maps/contrib/100188867679650386996/reviews?hl=en-US","Review_time":"3 years ago","Review":"Escaping the summer heat by coming into this Starbucks.  Nice and coolly air conditioned.","Likes":""},{"Name":"","Category":"","Rating":" 1 star ","Number_of_Reviews":"","Address":"","Reviewer":"Ambre Avery","Reviewer_page":"https://www.google.com/maps/contrib/116857480166829013677/reviews?hl=en-US","Review_time":"2 years ago","Review":"Slow as hell. Absolutely no sense of urgency and makes no sense for a location right next to the ferry. You know people are on a schedule and it’s almost as if they are intentionally being as slow as possible.","Likes":"3"},{"Name":"","Category":"","Rating":" 5 stars ","Number_of_Reviews":"","Address":"","Reviewer":"Jonida zeqo","Reviewer_page":"https://www.google.com/maps/contrib/102384846976137998670/reviews?hl=en-US","Review_time":"3 years ago","Review":"Uncomparable amazing view of the NYC skyline from this Starbucks.\n\nGet  you your small cup of luxury in your hand, sit outside to take in the view, listen to your music, remember, forgive, forget and dream  and wish away.","Likes":""},{"Name":"","Category":"","Rating":" 5 stars ","Number_of_Reviews":"","Address":"","Reviewer":"Audrey Lawson","Reviewer_page":"https://www.google.com/maps/contrib/110286716764185060955/reviews?hl=en-US","Review_time":"8 months ago","Review":"i come here almost everyday after school and the staff is always so sweet and helpful","Likes":""},{"Name":"","Category":"","Rating":" 4 stars ","Number_of_Reviews":"","Address":"","Reviewer":"Andrea Connors","Reviewer_page":"https://www.google.com/maps/contrib/111493691310533072616/reviews?hl=en-US","Review_time":"3 years ago","Review":"Beautiful store and you just can't beat the view from the window seats. The staff are still learning and they aren't app-ready at this point but I'm sure that they will work out the kinks.","Likes":"1"},{"Name":"","Category":"","Rating":" 2 stars ","Number_of_Reviews":"","Address":"","Reviewer":"Morgan Williamson","Reviewer_page":"https://www.google.com/maps/contrib/101709129438629041774/reviews?hl=en-US","Review_time":"2 years ago","Review":"Honestly terrible service!!! Girl behind the counter wasn’t doing her job so the guy had to make the drinks after he was through taking the orders and then had didn’t even make them in order they were placed!!! Missed my ferry even though I should have had plenty  of time.","Likes":""},{"Name":"","Category":"","Rating":" 2 stars ","Number_of_Reviews":"","Address":"","Reviewer":"Alexandra","Reviewer_page":"https://www.google.com/maps/contrib/117721201154386996209/reviews?hl=en-US","Review_time":"3 years ago","Review":"Clean location and super friendly staff, but orders are never right. Today was my third visit and third time my order was made wrong and tasted off.","Likes":""},{"Name":"","Category":"","Rating":" 5 stars ","Number_of_Reviews":"","Address":"","Reviewer":"Ebenezer A. Awolesi","Reviewer_page":"https://www.google.com/maps/contrib/116951055162492655909/reviews?hl=en-US","Review_time":"3 years ago","Review":"Store is new and spacious . More appealing than most other stores. It has a great ambiance and excellent service. Employees are responsive and professional.","Likes":"1"},{"Name":"","Category":"","Rating":" 5 stars ","Number_of_Reviews":"","Address":"","Reviewer":"Melanie Garcia","Reviewer_page":"https://www.google.com/maps/contrib/108945482169951307207/reviews?hl=en-US","Review_time":"a year ago","Review":"Staff is very welcoming & they do a 10/10 service making the drinks ! :)","Likes":""},{"Name":"","Category":"","Rating":" 5 stars ","Number_of_Reviews":"","Address":"","Reviewer":"Nemias Adeyemi","Reviewer_page":"https://www.google.com/maps/contrib/106120953476498740465/reviews?hl=en-US","Review_time":"9 months ago","Review":"They have great service ! It’s fast it’s easy and the workers are very helpful ! Thank you Starbucks !! Highly recommended!!!","Likes":"2"},{"Name":"","Category":"","Rating":" 5 stars ","Number_of_Reviews":"","Address":"","Reviewer":"Erica Vazquez","Reviewer_page":"https://www.google.com/maps/contrib/110045178453130464387/reviews?hl=en-US","Review_time":"a year ago","Review":"They really put care into their drinks. I love the customer service","Likes":""},{"Name":"","Category":"","Rating":" 5 stars ","Number_of_Reviews":"","Address":"","Reviewer":"Shante Lemon","Reviewer_page":"https://www.google.com/maps/contrib/106993160837244794845/reviews?hl=en-US","Review_time":"a year ago","Review":"Everytime I come in I’m greeted. They are very polite and I’m satisfied with their level of customer service","Likes":""},{"Name":"","Category":"","Rating":" 3 stars ","Number_of_Reviews":"","Address":"","Reviewer":"Mister G","Reviewer_page":"https://www.google.com/maps/contrib/103083875106746940241/reviews?hl=en-US","Review_time":"3 years ago","Review":"No online ordering through the app, no posted hours (not even on the Starbucks website). Two thumbs up Starbucks, lmao","Likes":"1"},{"Name":"","Category":"","Rating":" 5 stars ","Number_of_Reviews":"","Address":"","Reviewer":"Vahn B","Reviewer_page":"https://www.google.com/maps/contrib/111297330687810516345/reviews?hl=en-US","Review_time":"a year ago","Review":"I love this store, the girls are awesome and their service is fantastic.","Likes":""},{"Name":"","Category":"","Rating":" 5 stars ","Number_of_Reviews":"","Address":"","Reviewer":"Victor Klipp","Reviewer_page":"https://www.google.com/maps/contrib/105902111707585344238/reviews?hl=en-US","Review_time":"a year ago","Review":"Come here almost everyday, wonderful service and super friendly!","Likes":""},{"Name":"","Category":"","Rating":" 5 stars ","Number_of_Reviews":"","Address":"","Reviewer":"Carmen Paola","Reviewer_page":"https://www.google.com/maps/contrib/117108386495188886035/reviews?hl=en-US","Review_time":"3 years ago","Review":"i love that it doesn’t have WiFi <3\nnice place to actually socialize w my friends","Likes":""},{"Name":"","Category":"","Rating":" 5 stars ","Number_of_Reviews":"","Address":"","Reviewer":"Towayne Bartley","Reviewer_page":"https://www.google.com/maps/contrib/113558921206395477711/reviews?hl=en-US","Review_time":"a year ago","Review":"The staff are very friendly and they remembered my name and order.","Likes":""},{"Name":"","Category":"","Rating":" 1 star ","Number_of_Reviews":"","Address":"","Reviewer":"Christopher Saliba","Reviewer_page":"https://www.google.com/maps/contrib/112618111557906156509/reviews?hl=en-US","Review_time":"3 years ago","Review":"Wifi doesn't work, and it doesn't seem like it is going to be fixed anytime soon. Its been around 3 months now.","Likes":""},{"Name":"","Category":"","Rating":" 5 stars ","Number_of_Reviews":"","Address":"","Reviewer":"PABLO CURIZ","Reviewer_page":"https://www.google.com/maps/contrib/105448553304213960505/reviews?hl=en-US","Review_time":"3 years ago","Review":"I had a good time very nice besides the island is very beautiful","Likes":""},{"Name":"","Category":"","Rating":" 5 stars ","Number_of_Reviews":"","Address":"","Reviewer":"Joel Mackenzie","Reviewer_page":"https://www.google.com/maps/contrib/117482355481500129094/reviews?hl=en-US","Review_time":"2 years ago","Review":"Great views of Manhattan","Likes":""},{"Name":"","Category":"","Rating":" 4 stars ","Number_of_Reviews":"","Address":"","Reviewer":"Ben Morgan","Reviewer_page":"https://www.google.com/maps/contrib/104055159936229259438/reviews?hl=en-US","Review_time":"3 years ago","Review":"Good snack food, good drinks as always","Likes":""},{"Name":"","Category":"","Rating":" 1 star ","Number_of_Reviews":"","Address":"","Reviewer":"Angel Pazos","Reviewer_page":"https://www.google.com/maps/contrib/115943483942598151623/reviews?hl=en-US","Review_time":"3 years ago","Review":"no good product","Likes":""},{"Name":"","Category":"","Rating":" 1 star ","Number_of_Reviews":"","Address":"","Reviewer":"Teng Ming Lin","Reviewer_page":"https://www.google.com/maps/contrib/110139467215561130418/reviews?hl=en-US","Review_time":"2 years ago","Review":"Not open despite showing otherwise on Google.","Likes":"3"},{"Name":"","Category":"","Rating":" 4 stars ","Number_of_Reviews":"","Address":"","Reviewer":"Mariela R","Reviewer_page":"https://www.google.com/maps/contrib/116231870271783376181/reviews?hl=en-US","Review_time":"a year ago","Review":"Great costumer service !","Likes":""},{"Name":"","Category":"","Rating":" 5 stars ","Number_of_Reviews":"","Address":"","Reviewer":"Ira Konstantinova","Reviewer_page":"https://www.google.com/maps/contrib/106665195249283310428/reviews?hl=en-US","Review_time":"9 months ago","Review":"How cute it this?","Likes":"1"},{"Name":"","Category":"","Rating":" 5 stars ","Number_of_Reviews":"","Address":"","Reviewer":"Johnn T.V. Ball","Reviewer_page":"https://www.google.com/maps/contrib/105781740554508913114/reviews?hl=en-US","Review_time":"3 years ago","Review":"Pizza was great","Likes":"1"},{"Name":"","Category":"","Rating":" 1 star ","Number_of_Reviews":"","Address":"","Reviewer":"Xiaoyu Long","Reviewer_page":"https://www.google.com/maps/contrib/101552841932150064215/reviews?hl=en-US","Review_time":"2 years ago","Review":"Disordered, mess, unprofessional","Likes":"2"},{"Name":"","Category":"","Rating":" 4 stars ","Number_of_Reviews":"","Address":"","Reviewer":"chukstyle jackson","Reviewer_page":"https://www.google.com/maps/contrib/113995615828451385713/reviews?hl=en-US","Review_time":"a year ago","Review":"Great coffee","Likes":""},{"Name":"","Category":"","Rating":" 4 stars ","Number_of_Reviews":"","Address":"","Reviewer":"Ute Andres","Reviewer_page":"https://www.google.com/maps/contrib/100211878097070215073/reviews?hl=en-US","Review_time":"6 days ago","Review":"I kind of like the location. I will drive here if in the area even if I got one closer.","Likes":""},{"Name":"","Category":"","Rating":" 5 stars ","Number_of_Reviews":"","Address":"","Reviewer":"CHUNGHYUN LEE","Reviewer_page":"https://www.google.com/maps/contrib/108992955394595984289/reviews?hl=en-US","Review_time":"10 months ago","Review":"(Translated by Google) This is a clean and spacious store near the Old Navy Outlet close to the ferry terminal. The staff were friendly and we had a variety of drinks and food choices to enjoy. There was a large world map inside the store, which was nice to see.\nI didn't have a lot of battery left on my phone, so I ordered Starbucks' Freshly Brewed Coffee (sold under the menu 'Coffee of the Day' in Korea) to recharge. The day I visited was shortened due to the spread of the COVID-19 Pandemic, and when drinking drinks at the store, the staff asks you to show your 'Vaccination Certificate', so it is better to prepare in advance.\n\n(Original)\n이 지점은 페리터미널에서 가까운 Old Navy Outlet 근처에 있는 깨끗하고 넓은 매장입니다. 직원들은 친절했고 여러 가지 음료와 음식을 선택해서 즐길 수 있었습니다. 매장 안에는 커다란 세계지도가 있어서 보기 좋았습니다.\n휴대폰 배터리가 많이 남아있지 않아서 충전할 겸 스타벅스 오늘의 커피(Freshly Brewed Coffee, 한국에서는 '오늘의 커피'라는 메뉴로 판매되고 있습니다)를 주문했습니다. 제가 방문했던 날은 COVID-19 Pandemic의 확산으로 단축영업을 하고 있었으며 매장에서 음료를 마실 때에는 직원이 '백신접종증명서'를 보여달라고 하니 미리 준비하는 것이 좋겠습니다.","Likes":""},{"Name":"","Category":"","Rating":" 1 star ","Number_of_Reviews":"","Address":"","Reviewer":"GUSTAVO LAVENIA","Reviewer_page":"https://www.google.com/maps/contrib/114179008499398320772/reviews?hl=en-US","Review_time":"7 months ago","Review":"(Translated by Google) Nothing to say about the quality of the products! There was an employee who was screaming, hitting things and started yelling that we should leave because he was going to close. Terrible situation experienced.\n\n(Original)\nDe la calidad de los productos nada que decir ! Había un empleado que estaba a los gritos, golpeaba las cosas y empezó a gritar que debíamos irnos porque iba a cerrar. Pésima situación vivida.","Likes":""},{"Name":"","Category":"","Rating":" 4 stars ","Number_of_Reviews":"","Address":"","Reviewer":"Nicolas Rebillard","Reviewer_page":"https://www.google.com/maps/contrib/112345469233644152318/reviews?hl=en-US","Review_time":"3 months ago","Review":"(Translated by Google) classical\n\n(Original)\nClassique","Likes":""},{"Name":"","Category":"","Rating":" 5 stars ","Number_of_Reviews":"","Address":"","Reviewer":"eric naudot","Reviewer_page":"https://www.google.com/maps/contrib/102593636820037494725/reviews?hl=en-US","Review_time":"3 years ago","Review":"(Translated by Google) The best coffee in America.\n\n(Original)\nLe meilleur café d'Amérique.","Likes":""},{"Name":"","Category":"","Rating":" 5 stars ","Number_of_Reviews":"","Address":"","Reviewer":"CcountxX 44","Reviewer_page":"https://www.google.com/maps/contrib/117785821114314987138/reviews?hl=en-US","Review_time":"3 years ago","Review":"(Translated by Google) Delicious\n\n(Original)\nSehr lecker","Likes":""},{"Name":"","Category":"","Rating":" 3 stars ","Number_of_Reviews":"","Address":"","Reviewer":"omar herrera","Reviewer_page":"https://www.google.com/maps/contrib/106679360884099123755/reviews?hl=en-US","Review_time":"a month ago","Review":"","Likes":""},{"Name":"","Category":"","Rating":" 3 stars ","Number_of_Reviews":"","Address":"","Reviewer":"Jacco N","Reviewer_page":"https://www.google.com/maps/contrib/101127034796311165897/reviews?hl=en-US","Review_time":"6 months ago","Review":"","Likes":""},{"Name":"","Category":"","Rating":" 5 stars ","Number_of_Reviews":"","Address":"","Reviewer":"mandyrivera49","Reviewer_page":"https://www.google.com/maps/contrib/108994438288868925515/reviews?hl=en-US","Review_time":"7 months ago","Review":"","Likes":""},{"Name":"","Category":"","Rating":" 2 stars ","Number_of_Reviews":"","Address":"","Reviewer":"wally kammerer","Reviewer_page":"https://www.google.com/maps/contrib/109082650759831109108/reviews?hl=en-US","Review_time":"a year ago","Review":"","Likes":""},{"Name":"","Category":"","Rating":" 3 stars ","Number_of_Reviews":"","Address":"","Reviewer":"Greg J","Reviewer_page":"https://www.google.com/maps/contrib/112021403052554588831/reviews?hl=en-US","Review_time":"a year ago","Review":"","Likes":""},{"Name":"","Category":"","Rating":" 4 stars ","Number_of_Reviews":"","Address":"","Reviewer":"Sabrina","Reviewer_page":"https://www.google.com/maps/contrib/102120461144995896466/reviews?hl=en-US","Review_time":"10 months ago","Review":"","Likes":""},{"Name":"","Category":"","Rating":" 5 stars ","Number_of_Reviews":"","Address":"","Reviewer":"Vassili Makarov","Reviewer_page":"https://www.google.com/maps/contrib/111332117137450290858/reviews?hl=en-US","Review_time":"a year ago","Review":"","Likes":""},{"Name":"","Category":"","Rating":" 5 stars ","Number_of_Reviews":"","Address":"","Reviewer":"Isaac Salgado","Reviewer_page":"https://www.google.com/maps/contrib/110645010195325654585/reviews?hl=en-US","Review_time":"a year ago","Review":"","Likes":""},{"Name":"","Category":"","Rating":" 1 star ","Number_of_Reviews":"","Address":"","Reviewer":"amiii1296","Reviewer_page":"https://www.google.com/maps/contrib/102204021016185478292/reviews?hl=en-US","Review_time":"3 months ago","Review":"","Likes":""},{"Name":"","Category":"","Rating":" 5 stars ","Number_of_Reviews":"","Address":"","Reviewer":"Mecca Fraser","Reviewer_page":"https://www.google.com/maps/contrib/116806479873345226416/reviews?hl=en-US","Review_time":"a year ago","Review":"","Likes":""},{"Name":"","Category":"","Rating":" 4 stars ","Number_of_Reviews":"","Address":"","Reviewer":"mustafa can Akcakil","Reviewer_page":"https://www.google.com/maps/contrib/102114892553221740079/reviews?hl=en-US","Review_time":"a year ago","Review":"","Likes":""},{"Name":"","Category":"","Rating":" 5 stars ","Number_of_Reviews":"","Address":"","Reviewer":"Kathleen Rainsbottom","Reviewer_page":"https://www.google.com/maps/contrib/102915621566789944980/reviews?hl=en-US","Review_time":"3 years ago","Review":"","Likes":""},{"Name":"","Category":"","Rating":" 5 stars ","Number_of_Reviews":"","Address":"","Reviewer":"Trista Kumango","Reviewer_page":"https://www.google.com/maps/contrib/103891619833125444000/reviews?hl=en-US","Review_time":"a year ago","Review":"","Likes":""},{"Name":"","Category":"","Rating":" 5 stars ","Number_of_Reviews":"","Address":"","Reviewer":"Steven Turchin","Reviewer_page":"https://www.google.com/maps/contrib/107915458676546792183/reviews?hl=en-US","Review_time":"a year ago","Review":"","Likes":""},{"Name":"","Category":"","Rating":" 5 stars ","Number_of_Reviews":"","Address":"","Reviewer":"Monique S","Reviewer_page":"https://www.google.com/maps/contrib/110346962997851961536/reviews?hl=en-US","Review_time":"a year ago","Review":"","Likes":""},{"Name":"","Category":"","Rating":" 5 stars ","Number_of_Reviews":"","Address":"","Reviewer":"F N","Reviewer_page":"https://www.google.com/maps/contrib/110444368620791585591/reviews?hl=en-US","Review_time":"2 years ago","Review":"","Likes":""},{"Name":"","Category":"","Rating":" 5 stars ","Number_of_Reviews":"","Address":"","Reviewer":"Cecilia Balderas","Reviewer_page":"https://www.google.com/maps/contrib/116031394131545109147/reviews?hl=en-US","Review_time":"3 years ago","Review":"","Likes":""},{"Name":"","Category":"","Rating":" 5 stars ","Number_of_Reviews":"","Address":"","Reviewer":"Shawn Jay","Reviewer_page":"https://www.google.com/maps/contrib/116618776553424535787/reviews?hl=en-US","Review_time":"a year ago","Review":"","Likes":""},{"Name":"","Category":"","Rating":" 5 stars ","Number_of_Reviews":"","Address":"","Reviewer":"Keith Yu","Reviewer_page":"https://www.google.com/maps/contrib/104869509432777544140/reviews?hl=en-US","Review_time":"11 months ago","Review":"","Likes":""},{"Name":"","Category":"","Rating":" 4 stars ","Number_of_Reviews":"","Address":"","Reviewer":"Amanda Egebjerg-Møller","Reviewer_page":"https://www.google.com/maps/contrib/118342340855555395166/reviews?hl=en-US","Review_time":"2 years ago","Review":"","Likes":""},{"Name":"","Category":"","Rating":" 5 stars ","Number_of_Reviews":"","Address":"","Reviewer":"Agustin Torres","Reviewer_page":"https://www.google.com/maps/contrib/114745288807342029187/reviews?hl=en-US","Review_time":"9 months ago","Review":"","Likes":""},{"Name":"","Category":"","Rating":" 5 stars ","Number_of_Reviews":"","Address":"","Reviewer":"Jaime Chavez","Reviewer_page":"https://www.google.com/maps/contrib/107278314929493605127/reviews?hl=en-US","Review_time":"3 years ago","Review":"","Likes":""},{"Name":"","Category":"","Rating":" 4 stars ","Number_of_Reviews":"","Address":"","Reviewer":"Guillermo Borbon","Reviewer_page":"https://www.google.com/maps/contrib/107718214364745581333/reviews?hl=en-US","Review_time":"a year ago","Review":"","Likes":""},{"Name":"","Category":"","Rating":" 4 stars ","Number_of_Reviews":"","Address":"","Reviewer":"John Bato (JBLuv)","Reviewer_page":"https://www.google.com/maps/contrib/108718656993155036973/reviews?hl=en-US","Review_time":"9 months ago","Review":"","Likes":""},{"Name":"","Category":"","Rating":" 5 stars ","Number_of_Reviews":"","Address":"","Reviewer":"Jerome Jackson","Reviewer_page":"https://www.google.com/maps/contrib/114861227954779571278/reviews?hl=en-US","Review_time":"3 years ago","Review":"","Likes":""},{"Name":"","Category":"","Rating":" 4 stars ","Number_of_Reviews":"","Address":"","Reviewer":"Simon Huang","Reviewer_page":"https://www.google.com/maps/contrib/110755563571903489900/reviews?hl=en-US","Review_time":"3 years ago","Review":"","Likes":""},{"Name":"","Category":"","Rating":" 5 stars ","Number_of_Reviews":"","Address":"","Reviewer":"Paulina","Reviewer_page":"https://www.google.com/maps/contrib/105107939682295805480/reviews?hl=en-US","Review_time":"a year ago","Review":"","Likes":""},{"Name":"","Category":"","Rating":" 5 stars ","Number_of_Reviews":"","Address":"","Reviewer":"helllo helf","Reviewer_page":"https://www.google.com/maps/contrib/118360682558652811045/reviews?hl=en-US","Review_time":"3 years ago","Review":"","Likes":""},{"Name":"","Category":"","Rating":" 5 stars ","Number_of_Reviews":"","Address":"","Reviewer":"Eduardo Mendoza","Reviewer_page":"https://www.google.com/maps/contrib/114587764482101593071/reviews?hl=en-US","Review_time":"a year ago","Review":"","Likes":""}