[{"Name":"","Category":"","Rating":" 1 star ","Number_of_Reviews":"","Address":"","Reviewer":"princess fludd","Reviewer_page":"https://www.google.com/maps/contrib/104517869706827082736/reviews?hl=en-US","Review_time":"6 months ago","Review":"If I could leave no stars I would, horrible customer service. No one answers at the order screen, then told I can’t order at the window after waiting 10 minutes in line… place looks like it’s being held together by children, really need to get some real management before this place goes out of business","Likes":"8"},{"Name":"","Category":"","Rating":" 1 star ","Number_of_Reviews":"","Address":"","Reviewer":"Damali R","Reviewer_page":"https://www.google.com/maps/contrib/116863083051152469846/reviews?hl=en-US","Review_time":"a month ago","Review":"Not the best Starbucks to get a drink. The server is racist and the manager and all the other Caucasian staff serv their Italian and white community first before even thinking to serve the low income community where this store is located. The white lady with the grey hat behind the African American women is sooo rude\n\nThe drink is water down and horrible. The wait time is over 30mins for a refresher.\n\nI would suggest for you to avoid at all cost","Likes":""},{"Name":"","Category":"","Rating":" 1 star ","Number_of_Reviews":"","Address":"","Reviewer":"Brandon Caputo","Reviewer_page":"https://www.google.com/maps/contrib/113660073898167715748/reviews?hl=en-US","Review_time":"2 months ago","Review":"Paid $6 for a venti cup of ice that took about 3 sips to finish. First and last time at this location. I never even write reviews but this is ridiculous. I could’ve used this cup for a cooler.","Likes":""},{"Name":"","Category":"","Rating":" 1 star ","Number_of_Reviews":"","Address":"","Reviewer":"Fadhl","Reviewer_page":"https://www.google.com/maps/contrib/102158919957318046932/reviews?hl=en-US","Review_time":"6 months ago","Review":"This location is always closed! Signs on door are outdated and staff don’t acknowledge you when knocking on door during regular business hours. Drive thru and in store is closed. But when they are open the line is wrapped around the lot and drinks are always made incorrectly.","Likes":"2"},{"Name":"","Category":"","Rating":" 1 star ","Number_of_Reviews":"","Address":"","Reviewer":"Zeenath","Reviewer_page":"https://www.google.com/maps/contrib/112465440455123785892/reviews?hl=en-US","Review_time":"3 months ago","Review":"I have never come here and received the order I actually placed. I’m literally standing in the waiting area right now while writing this review, waiting for 3 coffees for going on 20 minutes. This location is slow and unprofessional.","Likes":""},{"Name":"","Category":"","Rating":" 5 stars ","Number_of_Reviews":"","Address":"","Reviewer":"Joe DeLisi","Reviewer_page":"https://www.google.com/maps/contrib/103062273290143641414/reviews?hl=en-US","Review_time":"2 months ago","Review":"Nice, clean efficient Starbucks. Staff works hard. Very good selection of sweets and sandwiches.","Likes":""},{"Name":"","Category":"","Rating":" 1 star ","Number_of_Reviews":"","Address":"","Reviewer":"Alban Kaziu","Reviewer_page":"https://www.google.com/maps/contrib/107705435143933138987/reviews?hl=en-US","Review_time":"a month ago","Review":"Honestly Henry is the only good worker there that listens to the people and knows how to make coffee. Everyone else is miserable. I ask for a brown sugar shaken espresso I get all milk when I tell them light milk. I ask them to redo it and they always give me attitude. Like are you here to work or give people attitude ? Never will I go to this place again. They clearly don’t know what making coffee is. Very unprofessional. So mad I even wasted my money there","Likes":""},{"Name":"","Category":"","Rating":" 1 star ","Number_of_Reviews":"","Address":"","Reviewer":"Chester Fuentes","Reviewer_page":"https://www.google.com/maps/contrib/108932692464996696063/reviews?hl=en-US","Review_time":"4 days ago","Review":"This location needs to shut down.... Brand New loaction but hired a bunch of lazy people .... They work like a bunch of sloths lol never coming back ... Better off going to the one on hylan Blvd","Likes":""},{"Name":"","Category":"","Rating":" 3 stars ","Number_of_Reviews":"","Address":"","Reviewer":"Jimmy G","Reviewer_page":"https://www.google.com/maps/contrib/116311511359769560390/reviews?hl=en-US","Review_time":"a month ago","Review":"I need to use the drive thru and the last two times I went for coffee the drive thru was closed. This was around 4pm, what gives?","Likes":""},{"Name":"","Category":"","Rating":" 5 stars ","Number_of_Reviews":"","Address":"","Reviewer":"Sspadens _","Reviewer_page":"https://www.google.com/maps/contrib/108340628215768072841/reviews?hl=en-US","Review_time":"3 weeks ago","Review":"very starbuck place, workers aren’t bad people are just impatient 👍","Likes":"1"},{"Name":"","Category":"","Rating":" 4 stars ","Number_of_Reviews":"","Address":"","Reviewer":"Jannina Marie Galarza-Londono","Reviewer_page":"https://www.google.com/maps/contrib/112238141569916659726/reviews?hl=en-US","Review_time":"2 weeks ago","Review":"Very clean place with nice indoor and outdoor seating. Plenty of parking and a drive through.","Likes":""},{"Name":"","Category":"","Rating":" 1 star ","Number_of_Reviews":"","Address":"","Reviewer":"Halid Lika","Reviewer_page":"https://www.google.com/maps/contrib/104283537921299932734/reviews?hl=en-US","Review_time":"a month ago","Review":"I wish I could leave 0 stars. The girl shut the lights off so we left the store. As soon as we left, she turned the lights back on, and no they weren’t about to close or anything as it was about 8:55pm and it closes at 10pm. Not only that, she was giving us dirty looks the whole time. I didn’t get her name but it was October 10, 2022 @ 8:50-8:55pm so I hope Corporate sees this and terminates that girl. Absolutely horrible, we won’t be back.","Likes":""},{"Name":"","Category":"","Rating":" 1 star ","Number_of_Reviews":"","Address":"","Reviewer":"alexis machado","Reviewer_page":"https://www.google.com/maps/contrib/107075319153803707295/reviews?hl=en-US","Review_time":"4 weeks ago","Review":"worst starbucks in the world. workers ignore you. takes 30 mins for 2 small drinks to be made, and I didn’t even get my drinks. hopefully they’ll close it down soon and put something useful.","Likes":""},{"Name":"","Category":"","Rating":" 1 star ","Number_of_Reviews":"","Address":"","Reviewer":"Jennifer Cooper","Reviewer_page":"https://www.google.com/maps/contrib/104991587959735277542/reviews?hl=en-US","Review_time":"a month ago","Review":"Drinks are USUALLY horrific! 75% or more of the time you can expect your drink to taste like something totally different than when you ordered. And when you tell the worker that they laugh and give attitude when asking if i want it Re-made, so I decided no, they’d probably spit it in so I’m just done coming here in general.  The 25-35 minute wait times for your drink in the drive-thru should’ve done it for me in the first place.","Likes":"1"},{"Name":"","Category":"","Rating":" 1 star ","Number_of_Reviews":"","Address":"","Reviewer":"Matthew Lepore","Reviewer_page":"https://www.google.com/maps/contrib/111192189979161526104/reviews?hl=en-US","Review_time":"6 months ago","Review":"I only keep giving this place a chance because it’s perfectly on my way to work but this place is absolutely horrific. I mobile order very early and still arrive and wait. Minutes go by where nobody is touching the coffee machine. Just waited on a mobile order and the cup is half filled. At least 10x my drink is bad. Shame smh I’m done. I don’t even write reviews that how bad it is","Likes":"1"},{"Name":"","Category":"","Rating":" 4 stars ","Number_of_Reviews":"","Address":"","Reviewer":"Christina Caldarella","Reviewer_page":"https://www.google.com/maps/contrib/114071081936673962666/reviews?hl=en-US","Review_time":"6 months ago","Review":"Really sweet staff.  Only issue I can't understand is they are randomly closed.\nParking lot is not the best to navigate in and out with a large car.","Likes":""},{"Name":"","Category":"","Rating":" 2 stars ","Number_of_Reviews":"","Address":"","Reviewer":"Carl York","Reviewer_page":"https://www.google.com/maps/contrib/113162971811345877710/reviews?hl=en-US","Review_time":"4 months ago","Review":"Very loud music, hard chairs. Staff not listening to customers orders as the music was too loud. If you want a quiet coffee, avoid!!!!!","Likes":""},{"Name":"","Category":"","Rating":" 1 star ","Number_of_Reviews":"","Address":"","Reviewer":"layy yyy","Reviewer_page":"https://www.google.com/maps/contrib/100549956909395384289/reviews?hl=en-US","Review_time":"2 months ago","Review":"It was nice those few days when the drive through was open .\nWhat is the point of having a drive through when you keep it closed everyday.","Likes":""},{"Name":"","Category":"","Rating":" 2 stars ","Number_of_Reviews":"","Address":"","Reviewer":"Marina","Reviewer_page":"https://www.google.com/maps/contrib/105016404307715944049/reviews?hl=en-US","Review_time":"4 months ago","Review":"I think young people working there need additional training. They don't know how to make coffee. Tables are dirty. Nobody cares. And no straws. Unbelivable.","Likes":""},{"Name":"","Category":"","Rating":" 3 stars ","Number_of_Reviews":"","Address":"","Reviewer":"Angel Padilla","Reviewer_page":"https://www.google.com/maps/contrib/106736817644174726244/reviews?hl=en-US","Review_time":"3 months ago","Review":"Pricey for a cup of coffee. The rolls and snacks are sub par. The Starbucks coffee makes no difference except the name and a menu for coffee, when you only a cup of coffee in the morning to get started. You basically make your own there. Could be better for the price they charge.","Likes":""},{"Name":"","Category":"","Rating":" 3 stars ","Number_of_Reviews":"","Address":"","Reviewer":"Yelena Kruglyak","Reviewer_page":"https://www.google.com/maps/contrib/114420431031124454947/reviews?hl=en-US","Review_time":"a month ago","Review":"Sandwich was half raw, cinnamon dolce latte was not prepared like every other Starbucks, and drive thru closed for no apparent reason.","Likes":""},{"Name":"","Category":"","Rating":" 1 star ","Number_of_Reviews":"","Address":"","Reviewer":"Carl Sarno","Reviewer_page":"https://www.google.com/maps/contrib/102663607588369423888/reviews?hl=en-US","Review_time":"2 months ago","Review":"Horrible. Been here multiple times and never any breakfast sandwiches no matter what time of day.  You would think with a new location they would have stuff but nope.","Likes":"1"},{"Name":"","Category":"","Rating":" 5 stars ","Number_of_Reviews":"","Address":"","Reviewer":"Bobriart","Reviewer_page":"https://www.google.com/maps/contrib/102045711597786963328/reviews?hl=en-US","Review_time":"5 months ago","Review":"Beautiful and clean space","Likes":""},{"Name":"","Category":"","Rating":" 5 stars ","Number_of_Reviews":"","Address":"","Reviewer":"Bella Crisci","Reviewer_page":"https://www.google.com/maps/contrib/110781021713498344710/reviews?hl=en-US","Review_time":"6 months ago","Review":"The staff at this Starbucks are really super kind.\nToday I came to pick up some drinks for myself and some friends but They were sent to the wrong location.  Kat came out to me and asked to check if they had sent their drinks to the right place and I realized they didn’t. So she took the orders outside while I was in my car and made the drinks and brought them out to me.\nReally nice people here❤️❤️❤️","Likes":"1"},{"Name":"","Category":"","Rating":" 2 stars ","Number_of_Reviews":"","Address":"","Reviewer":"Tony Tang","Reviewer_page":"https://www.google.com/maps/contrib/115672123544868887078/reviews?hl=en-US","Review_time":"6 months ago","Review":"It’s a new location and I understand miscommunication happens. Been here 3 times and ordered the same drink every time and it’s inconsistent in terms of taste, quality and I must say even quantity. They always fill my cup 1/3 full like it’s a cappuccino but I got a latte. Drink is either too sweet or lack espresso taste cause they didn’t pour the shots in the cup entirely. Corporate needs to send an auditor here or hire new management.","Likes":""},{"Name":"","Category":"","Rating":" 5 stars ","Number_of_Reviews":"","Address":"","Reviewer":"Thomas Reefer","Reviewer_page":"https://www.google.com/maps/contrib/107072211909328422013/reviews?hl=en-US","Review_time":"6 months ago","Review":"This place is very nice and tops my list on Staten Island for Starbucks. I think this will be a big success for Starbucks if they continue to focus on customer service and maintenance of the facility.  I urge close supervision of the facility to maintain a clear sight line to Customer Service. The space is quite becoming.","Likes":""},{"Name":"","Category":"","Rating":" 5 stars ","Number_of_Reviews":"","Address":"","Reviewer":"Stan Jab","Reviewer_page":"https://www.google.com/maps/contrib/112098567458543369828/reviews?hl=en-US","Review_time":"4 weeks ago","Review":"Yup it’s another Starbucks, it’s big, it’s clean and the service comes with a smile.","Likes":""},{"Name":"","Category":"","Rating":" 4 stars ","Number_of_Reviews":"","Address":"","Reviewer":"Lovey Thomas","Reviewer_page":"https://www.google.com/maps/contrib/107456718766500159817/reviews?hl=en-US","Review_time":"5 days ago","Review":"There ain't nothing like Starbiezzz Coffee","Likes":""},{"Name":"","Category":"","Rating":" 5 stars ","Number_of_Reviews":"","Address":"","Reviewer":"Jennifer Lee","Reviewer_page":"https://www.google.com/maps/contrib/114324860918621132474/reviews?hl=en-US","Review_time":"3 weeks ago","Review":"Convenient drive through and friendly workers","Likes":""},{"Name":"","Category":"","Rating":" 5 stars ","Number_of_Reviews":"","Address":"","Reviewer":"Armando Vadell, Jr.","Reviewer_page":"https://www.google.com/maps/contrib/103048874444322448741/reviews?hl=en-US","Review_time":"4 months ago","Review":"Excellent,,, the Staff helped me navigate around my toothache. Professional, Outgoing, Helpful, and Compassionate. My beverage was prepared to our mutual standards. Highly recommend!","Likes":""},{"Name":"","Category":"","Rating":" 2 stars ","Number_of_Reviews":"","Address":"","Reviewer":"Molivo Olivo","Reviewer_page":"https://www.google.com/maps/contrib/102209955616051938983/reviews?hl=en-US","Review_time":"6 months ago","Review":"This is a brand new store, but don't know what it looks like inside, because as of recently you can order online and through the drive through. That doesn't seem right when all other stores are open and allow in store purchases.","Likes":"2"},{"Name":"","Category":"","Rating":" 5 stars ","Number_of_Reviews":"","Address":"","Reviewer":"How to Cook","Reviewer_page":"https://www.google.com/maps/contrib/110180497299106635209/reviews?hl=en-US","Review_time":"6 months ago","Review":"I’m sorry but this is one of the best Starbucks I’ve been too the baristas always make my drink perfected and even made and suggested something else the staff is friendly I have been there 10 plus time each and every time it’s always a pleasure my fav drink is the CARamel ribbon crunch with oat milk now because of this location thank you so much","Likes":""},{"Name":"","Category":"","Rating":" 3 stars ","Number_of_Reviews":"","Address":"","Reviewer":"Carol Gorman","Reviewer_page":"https://www.google.com/maps/contrib/100307241406498676595/reviews?hl=en-US","Review_time":"2 weeks ago","Review":"I'd give more stars but coffee is not always made good.","Likes":"1"},{"Name":"","Category":"","Rating":" 5 stars ","Number_of_Reviews":"","Address":"","Reviewer":"Chris Derchin","Reviewer_page":"https://www.google.com/maps/contrib/111885418058180518251/reviews?hl=en-US","Review_time":"3 months ago","Review":"Great new drive thru","Likes":""},{"Name":"","Category":"","Rating":" 1 star ","Number_of_Reviews":"","Address":"","Reviewer":"Ryan Siller","Reviewer_page":"https://www.google.com/maps/contrib/118382327253010747662/reviews?hl=en-US","Review_time":"7 months ago","Review":"Drive through line costumer are like the neglected children of this store. You sit for 5 minutes no matter what even if your the only one inline. Follow that up with a touch of rudeness at the window. Page avenue drive through 1000x better not even close","Likes":"2"},{"Name":"","Category":"","Rating":" 1 star ","Number_of_Reviews":"","Address":"","Reviewer":"Ashley DiDonato","Reviewer_page":"https://www.google.com/maps/contrib/106202855283432240366/reviews?hl=en-US","Review_time":"6 months ago","Review":"Worst Starbucks on the island hands down. You’re better off going to Dunkin up the street if you want your drink before you’re eligible for retirement.","Likes":"5"},{"Name":"","Category":"","Rating":" 1 star ","Number_of_Reviews":"","Address":"","Reviewer":"Frances Rios","Reviewer_page":"https://www.google.com/maps/contrib/101832840217418340315/reviews?hl=en-US","Review_time":"6 months ago","Review":"Me and my mom were so excited about this new location close to home! The first few days were awesome because Eddie was doing the drinks( he’s the  BEST ) since he’s not doing the drinks anymore the drinks are a total mess !! And when you ask for an extra pump or something or the whip cream that they missed on the drink they always have an attitude! Also they run out of straws, whip cream, and MANY MORE  ingredients for the drinks EVERYDAY !!! I am extremely disappointed and I will be sticking to the Hylan location from now on !","Likes":"1"},{"Name":"","Category":"","Rating":" 3 stars ","Number_of_Reviews":"","Address":"","Reviewer":"Lady","Reviewer_page":"https://www.google.com/maps/contrib/115229360481698995471/reviews?hl=en-US","Review_time":"8 months ago","Review":"Came on grand opening the wait was a bit cashier was very nice. I understand they just opened up knowing they work out the kinks.","Likes":""},{"Name":"","Category":"","Rating":" 5 stars ","Number_of_Reviews":"","Address":"","Reviewer":"Sara B","Reviewer_page":"https://www.google.com/maps/contrib/113433320913174048509/reviews?hl=en-US","Review_time":"5 months ago","Review":"Very nice place clean outside seating available","Likes":""},{"Name":"","Category":"","Rating":" 1 star ","Number_of_Reviews":"","Address":"","Reviewer":"Adii Flow","Reviewer_page":"https://www.google.com/maps/contrib/102110368521257975100/reviews?hl=en-US","Review_time":"6 months ago","Review":"Half the time they are open & in the stores but don’t take any orders because they claim to be closed in the middle of the day…","Likes":""},{"Name":"","Category":"","Rating":" 1 star ","Number_of_Reviews":"","Address":"","Reviewer":"Happy sideris","Reviewer_page":"https://www.google.com/maps/contrib/104438003291707542796/reviews?hl=en-US","Review_time":"7 months ago","Review":"This Starbucks has a big sign open now!! Lies - workers outside on phone. Doors locked and Closed! At 11:30 am. Very strange!!","Likes":"3"},{"Name":"","Category":"","Rating":" 1 star ","Number_of_Reviews":"","Address":"","Reviewer":"George Shafik","Reviewer_page":"https://www.google.com/maps/contrib/106591505640628108157/reviews?hl=en-US","Review_time":"7 months ago","Review":"HORRIBLE HORRIBLE service. Endless line on the drive thru. Crew in the store are lost. Your drink will take forever and don't welcome u whatsoever. Worst store in Staten Island","Likes":"3"},{"Name":"","Category":"","Rating":" 1 star ","Number_of_Reviews":"","Address":"","Reviewer":"Aol Aol","Reviewer_page":"https://www.google.com/maps/contrib/107264526109445841107/reviews?hl=en-US","Review_time":"7 months ago","Review":"The most incompetent workers alive. Mess up my order every single time, I order simple drinks. I believe Starbucks offers a paid college tuition benefit that this staff should seriously look into.","Likes":""},{"Name":"","Category":"","Rating":" 5 stars ","Number_of_Reviews":"","Address":"","Reviewer":"Tykenyia Morrison","Reviewer_page":"https://www.google.com/maps/contrib/105287389376033412130/reviews?hl=en-US","Review_time":"7 months ago","Review":"Whewwwww I can go on for days about how much I love them but I’m not just know this the oneeeeeeeee ❤️ Starbucks is my lifeeeeeee","Likes":""},{"Name":"","Category":"","Rating":" 5 stars ","Number_of_Reviews":"","Address":"","Reviewer":"Jillian rose Tortorella","Reviewer_page":"https://www.google.com/maps/contrib/107885849535424714724/reviews?hl=en-US","Review_time":"8 months ago","Review":"So excited to have Starbucks close by now I will definitely be going there a lot !!!!","Likes":""},{"Name":"","Category":"","Rating":" 1 star ","Number_of_Reviews":"","Address":"","Reviewer":"HAOYUAN ZHAO","Reviewer_page":"https://www.google.com/maps/contrib/115429513030691240844/reviews?hl=en-US","Review_time":"4 weeks ago","Review":"Can I Get Free Coffee Grounds From Starbucks?","Likes":"1"},{"Name":"","Category":"","Rating":" 4 stars ","Number_of_Reviews":"","Address":"","Reviewer":"Julia Purrazzella","Reviewer_page":"https://www.google.com/maps/contrib/109653520602949894808/reviews?hl=en-US","Review_time":"7 months ago","Review":"I know they are just starting out but hopefully they find the balance between drive through and in store costumers soon.\nI waited 15 minutes( actually) for a scone since it needed to be warmed.","Likes":""},{"Name":"","Category":"","Rating":" 2 stars ","Number_of_Reviews":"","Address":"","Reviewer":"Summer Sinclair","Reviewer_page":"https://www.google.com/maps/contrib/115639109634695913844/reviews?hl=en-US","Review_time":"7 months ago","Review":"mediocre service, mediocre drinks and food.\n\nnormally out of most things and most workers either seems lost or uninterested.","Likes":"1"},{"Name":"","Category":"","Rating":" 5 stars ","Number_of_Reviews":"","Address":"","Reviewer":"Luke Put","Reviewer_page":"https://www.google.com/maps/contrib/104508162351630841736/reviews?hl=en-US","Review_time":"8 months ago","Review":"Obviously gonna be a wait at a Starbucks, coffee is still good.","Likes":""},{"Name":"","Category":"","Rating":" 5 stars ","Number_of_Reviews":"","Address":"","Reviewer":"Robert Nadal","Reviewer_page":"https://www.google.com/maps/contrib/116672635633826607795/reviews?hl=en-US","Review_time":"3 months ago","Review":"Great summer drinks!","Likes":""},{"Name":"","Category":"","Rating":" 5 stars ","Number_of_Reviews":"","Address":"","Reviewer":"Luisa Piedrahita","Reviewer_page":"https://www.google.com/maps/contrib/101215916585346785494/reviews?hl=en-US","Review_time":"8 months ago","Review":"Great grand opening experience and the staff is super friendly!","Likes":""},{"Name":"","Category":"","Rating":" 1 star ","Number_of_Reviews":"","Address":"","Reviewer":"A.B.S","Reviewer_page":"https://www.google.com/maps/contrib/109611955840750216545/reviews?hl=en-US","Review_time":"7 months ago","Review":"no indoor seating, only drive thru","Likes":""},{"Name":"","Category":"","Rating":" 5 stars ","Number_of_Reviews":"","Address":"","Reviewer":"Dona broqi","Reviewer_page":"https://www.google.com/maps/contrib/111479192030538724066/reviews?hl=en-US","Review_time":"5 months ago","Review":"Lovely and very nice 👌","Likes":""},{"Name":"","Category":"","Rating":" 1 star ","Number_of_Reviews":"","Address":"","Reviewer":"med bahi","Reviewer_page":"https://www.google.com/maps/contrib/105950171057815785424/reviews?hl=en-US","Review_time":"6 months ago","Review":"Fire the manager, get a new staff","Likes":"2"},{"Name":"","Category":"","Rating":" 5 stars ","Number_of_Reviews":"","Address":"","Reviewer":"prince farooq","Reviewer_page":"https://www.google.com/maps/contrib/109896509529353565815/reviews?hl=en-US","Review_time":"7 months ago","Review":"My favorite coffee","Likes":""},{"Name":"","Category":"","Rating":" 5 stars ","Number_of_Reviews":"","Address":"","Reviewer":"Philip Chiolo","Reviewer_page":"https://www.google.com/maps/contrib/110801628686771777789/reviews?hl=en-US","Review_time":"7 months ago","Review":"Friendly and knowledgeable staff","Likes":""},{"Name":"","Category":"","Rating":" 5 stars ","Number_of_Reviews":"","Address":"","Reviewer":"Morty Lancet","Reviewer_page":"https://www.google.com/maps/contrib/117207026084072875131/reviews?hl=en-US","Review_time":"3 months ago","Review":"Nice place","Likes":"1"},{"Name":"","Category":"","Rating":" 5 stars ","Number_of_Reviews":"","Address":"","Reviewer":"Wilma charles","Reviewer_page":"https://www.google.com/maps/contrib/108452666759729481592/reviews?hl=en-US","Review_time":"2 hours ago","Review":"No comments.","Likes":""},{"Name":"","Category":"","Rating":" 4 stars ","Number_of_Reviews":"","Address":"","Reviewer":"Any A","Reviewer_page":"https://www.google.com/maps/contrib/117453135951084062907/reviews?hl=en-US","Review_time":"2 months ago","Review":"(Translated by Google) Most of the time my latte was good in flavor and foamy. It is always full, sometimes you have to wait either inside or in the car. The bathroom is fine and is accessed without a code. It is very nice to sit outside. Has parking\n\n(Original)\nLa mayoría de las veces mi latte estaba bien de sabor y espumoso. Siempre está lleno, a veces hay que esperar ya sea dentro o en el auto. El baño está bien y se accede sin código . Es muy agradable sentarse afuera. Tiene estacionamiento","Likes":""},{"Name":"","Category":"","Rating":" 4 stars ","Number_of_Reviews":"","Address":"","Reviewer":"Edwin Quineche","Reviewer_page":"https://www.google.com/maps/contrib/107813959523464174316/reviews?hl=en-US","Review_time":"4 months ago","Review":"(Translated by Google) Simple but cozy place, it has tables and chairs on the terrace, a good place for a coffee or a snack.\n\n(Original)\nLugar sencillo pero acogedor, tiene mesas y sillas en terraza, buen lugar para un café o un antojo.","Likes":""},{"Name":"","Category":"","Rating":" 5 stars ","Number_of_Reviews":"","Address":"","Reviewer":"Ebony M","Reviewer_page":"https://www.google.com/maps/contrib/113106171219680401815/reviews?hl=en-US","Review_time":"2 weeks ago","Review":"","Likes":""},{"Name":"","Category":"","Rating":" 5 stars ","Number_of_Reviews":"","Address":"","Reviewer":"Firuz Sharapov","Reviewer_page":"https://www.google.com/maps/contrib/109726278292096594399/reviews?hl=en-US","Review_time":"2 weeks ago","Review":"","Likes":""},{"Name":"","Category":"","Rating":" 3 stars ","Number_of_Reviews":"","Address":"","Reviewer":"Endri Kujxhiu","Reviewer_page":"https://www.google.com/maps/contrib/113923201558095330089/reviews?hl=en-US","Review_time":"a month ago","Review":"","Likes":""},{"Name":"","Category":"","Rating":" 5 stars ","Number_of_Reviews":"","Address":"","Reviewer":"Anthony LoPorto","Reviewer_page":"https://www.google.com/maps/contrib/105785159070612621946/reviews?hl=en-US","Review_time":"a month ago","Review":"","Likes":""},{"Name":"","Category":"","Rating":" 5 stars ","Number_of_Reviews":"","Address":"","Reviewer":"richard rodriguez","Reviewer_page":"https://www.google.com/maps/contrib/108230493404499113945/reviews?hl=en-US","Review_time":"2 months ago","Review":"","Likes":""},{"Name":"","Category":"","Rating":" 5 stars ","Number_of_Reviews":"","Address":"","Reviewer":"Jessica Sosa","Reviewer_page":"https://www.google.com/maps/contrib/107997394640125656816/reviews?hl=en-US","Review_time":"3 months ago","Review":"","Likes":""},{"Name":"","Category":"","Rating":" 5 stars ","Number_of_Reviews":"","Address":"","Reviewer":"Brenda Rodriguez","Reviewer_page":"https://www.google.com/maps/contrib/117396549071174763235/reviews?hl=en-US","Review_time":"3 months ago","Review":"","Likes":""},{"Name":"","Category":"","Rating":" 5 stars ","Number_of_Reviews":"","Address":"","Reviewer":"JoHn G","Reviewer_page":"https://www.google.com/maps/contrib/107045056498654357811/reviews?hl=en-US","Review_time":"3 months ago","Review":"","Likes":""},{"Name":"","Category":"","Rating":" 5 stars ","Number_of_Reviews":"","Address":"","Reviewer":"Valerie Kara","Reviewer_page":"https://www.google.com/maps/contrib/113518112234598336469/reviews?hl=en-US","Review_time":"3 months ago","Review":"","Likes":""},{"Name":"","Category":"","Rating":" 5 stars ","Number_of_Reviews":"","Address":"","Reviewer":"Nicholas Palmieri","Reviewer_page":"https://www.google.com/maps/contrib/103814076804368230297/reviews?hl=en-US","Review_time":"4 months ago","Review":"","Likes":""},{"Name":"","Category":"","Rating":" 5 stars ","Number_of_Reviews":"","Address":"","Reviewer":"Zohaib Munawar","Reviewer_page":"https://www.google.com/maps/contrib/101728923434215016535/reviews?hl=en-US","Review_time":"4 months ago","Review":"","Likes":""},{"Name":"","Category":"","Rating":" 5 stars ","Number_of_Reviews":"","Address":"","Reviewer":"V Omko","Reviewer_page":"https://www.google.com/maps/contrib/101934145877837940180/reviews?hl=en-US","Review_time":"4 months ago","Review":"","Likes":""},{"Name":"","Category":"","Rating":" 5 stars ","Number_of_Reviews":"","Address":"","Reviewer":"Hasan Aj","Reviewer_page":"https://www.google.com/maps/contrib/110911444408311426726/reviews?hl=en-US","Review_time":"5 months ago","Review":"","Likes":""},{"Name":"","Category":"","Rating":" 5 stars ","Number_of_Reviews":"","Address":"","Reviewer":"Brenda Flores","Reviewer_page":"https://www.google.com/maps/contrib/104356617020067951998/reviews?hl=en-US","Review_time":"5 months ago","Review":"","Likes":""},{"Name":"","Category":"","Rating":" 5 stars ","Number_of_Reviews":"","Address":"","Reviewer":"Joseph Ellsworth","Reviewer_page":"https://www.google.com/maps/contrib/109418451553543263228/reviews?hl=en-US","Review_time":"5 months ago","Review":"","Likes":""},{"Name":"","Category":"","Rating":" 5 stars ","Number_of_Reviews":"","Address":"","Reviewer":"Z","Reviewer_page":"https://www.google.com/maps/contrib/117779750993126040997/reviews?hl=en-US","Review_time":"6 months ago","Review":"","Likes":""},{"Name":"","Category":"","Rating":" 5 stars ","Number_of_Reviews":"","Address":"","Reviewer":"RAMI El Sayed","Reviewer_page":"https://www.google.com/maps/contrib/104646098403042089211/reviews?hl=en-US","Review_time":"6 months ago","Review":"","Likes":""},{"Name":"","Category":"","Rating":" 1 star ","Number_of_Reviews":"","Address":"","Reviewer":"owen zheng","Reviewer_page":"https://www.google.com/maps/contrib/106304842005114656925/reviews?hl=en-US","Review_time":"8 months ago","Review":"","Likes":""},{"Name":"","Category":"","Rating":" 5 stars ","Number_of_Reviews":"","Address":"","Reviewer":"Wilson Pena","Reviewer_page":"https://www.google.com/maps/contrib/118089493791096693914/reviews?hl=en-US","Review_time":"8 months ago","Review":"","Likes":""},{"Name":"","Category":"","Rating":" 5 stars ","Number_of_Reviews":"","Address":"","Reviewer":"Jahi Kadriji","Reviewer_page":"https://www.google.com/maps/contrib/100727618958078895358/reviews?hl=en-US","Review_time":"4 months ago","Review":"","Likes":""},{"Name":"","Category":"","Rating":" 5 stars ","Number_of_Reviews":"","Address":"","Reviewer":"Marwa Mohamed","Reviewer_page":"https://www.google.com/maps/contrib/107305439192128020607/reviews?hl=en-US","Review_time":"6 months ago","Review":"","Likes":""},{"Name":"","Category":"","Rating":" 5 stars ","Number_of_Reviews":"","Address":"","Reviewer":"Danna Cardenas","Reviewer_page":"https://www.google.com/maps/contrib/105254990026861159307/reviews?hl=en-US","Review_time":"6 months ago","Review":"","Likes":""},{"Name":"","Category":"","Rating":" 5 stars ","Number_of_Reviews":"","Address":"","Reviewer":"Charbel Ayoub","Reviewer_page":"https://www.google.com/maps/contrib/117389758973624276741/reviews?hl=en-US","Review_time":"7 months ago","Review":"","Likes":""},{"Name":"","Category":"","Rating":" 3 stars ","Number_of_Reviews":"","Address":"","Reviewer":"Jodilynn DiPiazza","Reviewer_page":"https://www.google.com/maps/contrib/102854787804006855432/reviews?hl=en-US","Review_time":"6 months ago","Review":"","Likes":""},{"Name":"","Category":"","Rating":" 4 stars ","Number_of_Reviews":"","Address":"","Reviewer":"Namik Shehu","Reviewer_page":"https://www.google.com/maps/contrib/116840833424839147500/reviews?hl=en-US","Review_time":"3 months ago","Review":"","Likes":""},{"Name":"","Category":"","Rating":" 1 star ","Number_of_Reviews":"","Address":"","Reviewer":"G Ch","Reviewer_page":"https://www.google.com/maps/contrib/106240980914427466106/reviews?hl=en-US","Review_time":"7 months ago","Review":"","Likes":""},{"Name":"","Category":"","Rating":" 4 stars ","Number_of_Reviews":"","Address":"","Reviewer":"Timothy B Helbig Sr","Reviewer_page":"https://www.google.com/maps/contrib/101291022009634624977/reviews?hl=en-US","Review_time":"4 months ago","Review":"","Likes":""},{"Name":"","Category":"","Rating":" 5 stars ","Number_of_Reviews":"","Address":"","Reviewer":"Monica Mikhail","Reviewer_page":"https://www.google.com/maps/contrib/101278844119509219337/reviews?hl=en-US","Review_time":"3 months ago","Review":"","Likes":""},{"Name":"","Category":"","Rating":" 5 stars ","Number_of_Reviews":"","Address":"","Reviewer":"Jackie Banis","Reviewer_page":"https://www.google.com/maps/contrib/105481097891124491672/reviews?hl=en-US","Review_time":"a week ago","Review":"","Likes":""},{"Name":"","Category":"","Rating":" 4 stars ","Number_of_Reviews":"","Address":"","Reviewer":"Emily N","Reviewer_page":"https://www.google.com/maps/contrib/112279845780602973721/reviews?hl=en-US","Review_time":"2 months ago","Review":"","Likes":""},{"Name":"","Category":"","Rating":" 1 star ","Number_of_Reviews":"","Address":"","Reviewer":"Robert Jantz","Reviewer_page":"https://www.google.com/maps/contrib/102815778338639640141/reviews?hl=en-US","Review_time":"2 months ago","Review":"","Likes":""},{"Name":"","Category":"","Rating":" 5 stars ","Number_of_Reviews":"","Address":"","Reviewer":"Nicole","Reviewer_page":"https://www.google.com/maps/contrib/113001648559626769649/reviews?hl=en-US","Review_time":"7 months ago","Review":"","Likes":""},{"Name":"","Category":"","Rating":" 4 stars ","Number_of_Reviews":"","Address":"","Reviewer":"M S","Reviewer_page":"https://www.google.com/maps/contrib/108146073271686251675/reviews?hl=en-US","Review_time":"6 months ago","Review":"","Likes":""},{"Name":"","Category":"","Rating":" 1 star ","Number_of_Reviews":"","Address":"","Reviewer":"James Miley","Reviewer_page":"https://www.google.com/maps/contrib/108377730273022308314/reviews?hl=en-US","Review_time":"7 months ago","Review":"","Likes":""},{"Name":"","Category":"","Rating":" 5 stars ","Number_of_Reviews":"","Address":"","Reviewer":"Jennifer Guo","Reviewer_page":"https://www.google.com/maps/contrib/106827851747639385861/reviews?hl=en-US","Review_time":"5 months ago","Review":"","Likes":""},{"Name":"","Category":"","Rating":" 1 star ","Number_of_Reviews":"","Address":"","Reviewer":"Elmedina Lata","Reviewer_page":"https://www.google.com/maps/contrib/116202699834095500745/reviews?hl=en-US","Review_time":"6 months ago","Review":"","Likes":""},{"Name":"","Category":"","Rating":" 5 stars ","Number_of_Reviews":"","Address":"","Reviewer":"Your Local Teacher","Reviewer_page":"https://www.google.com/maps/contrib/101217206385629972179/reviews?hl=en-US","Review_time":"4 months ago","Review":"","Likes":""},{"Name":"","Category":"","Rating":" 1 star ","Number_of_Reviews":"","Address":"","Reviewer":"Kim Soo-Cho","Reviewer_page":"https://www.google.com/maps/contrib/110333719772699914594/reviews?hl=en-US","Review_time":"7 months ago","Review":"","Likes":""},{"Name":"","Category":"","Rating":" 5 stars ","Number_of_Reviews":"","Address":"","Reviewer":"Abdallah Alawieh","Reviewer_page":"https://www.google.com/maps/contrib/106319341243914430599/reviews?hl=en-US","Review_time":"6 months ago","Review":"","Likes":""},{"Name":"","Category":"","Rating":" 5 stars ","Number_of_Reviews":"","Address":"","Reviewer":"Tawfik Alhendi","Reviewer_page":"https://www.google.com/maps/contrib/117562956689137068083/reviews?hl=en-US","Review_time":"2 months ago","Review":"","Likes":""},{"Name":"","Category":"","Rating":" 4 stars ","Number_of_Reviews":"","Address":"","Reviewer":"Austin Diaz","Reviewer_page":"https://www.google.com/maps/contrib/109013448379220633795/reviews?hl=en-US","Review_time":"6 months ago","Review":"","Likes":""},{"Name":"","Category":"","Rating":" 3 stars ","Number_of_Reviews":"","Address":"","Reviewer":"Arnette K.","Reviewer_page":"https://www.google.com/maps/contrib/116578548509817273512/reviews?hl=en-US","Review_time":"7 months ago","Review":"","Likes":""},{"Name":"","Category":"","Rating":" 1 star ","Number_of_Reviews":"","Address":"","Reviewer":"Summer","Reviewer_page":"https://www.google.com/maps/contrib/115830206086349532889/reviews?hl=en-US","Review_time":"7 months ago","Review":"","Likes":""},{"Name":"","Category":"","Rating":" 5 stars ","Number_of_Reviews":"","Address":"","Reviewer":"Stas Bunevitsky","Reviewer_page":"https://www.google.com/maps/contrib/112959347020393085699/reviews?hl=en-US","Review_time":"7 months ago","Review":"","Likes":""},{"Name":"","Category":"","Rating":" 5 stars ","Number_of_Reviews":"","Address":"","Reviewer":"Dede Vega","Reviewer_page":"https://www.google.com/maps/contrib/102431205643910220249/reviews?hl=en-US","Review_time":"4 months ago","Review":"","Likes":""},{"Name":"","Category":"","Rating":" 1 star ","Number_of_Reviews":"","Address":"","Reviewer":"Arafat Ghazawneh","Reviewer_page":"https://www.google.com/maps/contrib/113140869860987667132/reviews?hl=en-US","Review_time":"5 months ago","Review":"","Likes":""},{"Name":"","Category":"","Rating":" 5 stars ","Number_of_Reviews":"","Address":"","Reviewer":"robert serpico","Reviewer_page":"https://www.google.com/maps/contrib/112274331499896307132/reviews?hl=en-US","Review_time":"7 months ago","Review":"","Likes":""},{"Name":"","Category":"","Rating":" 5 stars ","Number_of_Reviews":"","Address":"","Reviewer":"Shouyue Wu","Reviewer_page":"https://www.google.com/maps/contrib/102009455869386294862/reviews?hl=en-US","Review_time":"4 months ago","Review":"","Likes":""},{"Name":"","Category":"","Rating":" 5 stars ","Number_of_Reviews":"","Address":"","Reviewer":"Lani Gjenashi","Reviewer_page":"https://www.google.com/maps/contrib/110616510455700395996/reviews?hl=en-US","Review_time":"7 months ago","Review":"","Likes":""},{"Name":"","Category":"","Rating":" 5 stars ","Number_of_Reviews":"","Address":"","Reviewer":"Tom Hunanyan","Reviewer_page":"https://www.google.com/maps/contrib/104883184344704394655/reviews?hl=en-US","Review_time":"4 months ago","Review":"","Likes":""},{"Name":"","Category":"","Rating":" 5 stars ","Number_of_Reviews":"","Address":"","Reviewer":"MAJ Simple chef","Reviewer_page":"https://www.google.com/maps/contrib/110249543664169427115/reviews?hl=en-US","Review_time":"5 months ago","Review":"","Likes":""},{"Name":"","Category":"","Rating":" 1 star ","Number_of_Reviews":"","Address":"","Reviewer":"Ali King","Reviewer_page":"https://www.google.com/maps/contrib/109746638292578826000/reviews?hl=en-US","Review_time":"8 months ago","Review":"","Likes":""}