[{"Name":"","Category":"","Rating":" 5 stars ","Number_of_Reviews":"","Address":"","Reviewer":"Ka Ren","Reviewer_page":"https://www.google.com/maps/contrib/100997174675586444681/reviews?hl=en-US","Review_time":"2 years ago","Review":"This Starbucks location always crowded, busy and long line wait.  Staffs are polite, friendly and smooth transaction.  Always a good refreshment after shopping.  Ordered Iced Guava White Tea and Tea Green Cappuccino.  We asked for no/sugar and less ices.  Never wrong.   Expected for a longer wait if the line is long.  Now there's a Starbucks inside of Barnes and Nobles, hope this will smooth out the crowd a bit.","Likes":""},{"Name":"","Category":"","Rating":" 4 stars ","Number_of_Reviews":"","Address":"","Reviewer":"Arkady Utkin","Reviewer_page":"https://www.google.com/maps/contrib/103620767151299443097/reviews?hl=en-US","Review_time":"2 months ago","Review":"The place is small, there are some sitting outside, line goes usually fast, three baristas are serving most of the times","Likes":""},{"Name":"","Category":"","Rating":" 5 stars ","Number_of_Reviews":"","Address":"","Reviewer":"Vitaly Ivanov","Reviewer_page":"https://www.google.com/maps/contrib/108739936643053659350/reviews?hl=en-US","Review_time":"3 years ago","Review":"This very Starbuck is great!\nFirst of all it is located on the first floor of the mall. So in case you just want your coffee - you can stop right next to the entrance and make an order really quick.\nSecond thing is that it has a limited space inside the store, but you can easily find a place to sit in the mall right next to Starbucks entrance or you can even walk out from the mall and find a bench outside.\nThe right mall entrance for you is the one that is close to Zara.","Likes":"1"},{"Name":"","Category":"","Rating":" 5 stars ","Number_of_Reviews":"","Address":"","Reviewer":"Concetta Spinella","Reviewer_page":"https://www.google.com/maps/contrib/118116215656217214121/reviews?hl=en-US","Review_time":"2 months ago","Review":"Love there coffee. Little expensive, but once in awhile you have to treat yourself","Likes":""},{"Name":"","Category":"","Rating":" 3 stars ","Number_of_Reviews":"","Address":"","Reviewer":"J. C.","Reviewer_page":"https://www.google.com/maps/contrib/104656948070296789071/reviews?hl=en-US","Review_time":"3 months ago","Review":"Very busy Starbucks in the Staten Island Mall.. crowded area to pick up and my drink didn't come out as I ordered.","Likes":""},{"Name":"","Category":"","Rating":" 5 stars ","Number_of_Reviews":"","Address":"","Reviewer":"Local New Yorker","Reviewer_page":"https://www.google.com/maps/contrib/106213224929879909664/reviews?hl=en-US","Review_time":"11 months ago","Review":"Super awesome Starbucks! Came in to grab a hot tea, and the barista was super quick. Didn't even wait any more than 5min before having my beverage handed to me. Great location, great service.","Likes":""},{"Name":"","Category":"","Rating":" 1 star ","Number_of_Reviews":"","Address":"","Reviewer":"Joey Souid","Reviewer_page":"https://www.google.com/maps/contrib/117951060323247097292/reviews?hl=en-US","Review_time":"4 months ago","Review":"Worst Starbucks i have ever been to.\nEvery single employee there has a major attitude","Likes":""},{"Name":"","Category":"","Rating":" 4 stars ","Number_of_Reviews":"","Address":"","Reviewer":"Eric Sogo","Reviewer_page":"https://www.google.com/maps/contrib/108149859325416752870/reviews?hl=en-US","Review_time":"a year ago","Review":"This establishment has great service and a variety of foods and beverages. I personally do not like Starbucks but for a business, it's excellent. I only came in here because I have friends who love their Starbucks.","Likes":""},{"Name":"","Category":"","Rating":" 3 stars ","Number_of_Reviews":"","Address":"","Reviewer":"N Edinboro","Reviewer_page":"https://www.google.com/maps/contrib/103917451072846045528/reviews?hl=en-US","Review_time":"3 months ago","Review":"Crowded as usual. Drink was excellent,  oreo frap","Likes":""},{"Name":"","Category":"","Rating":" 1 star ","Number_of_Reviews":"","Address":"","Reviewer":"Ariana Hernandez","Reviewer_page":"https://www.google.com/maps/contrib/105065951183013191006/reviews?hl=en-US","Review_time":"a year ago","Review":"I never review places but this place has an extremely very disrespectful staff. I ordered several Frappuccinos and they refused to put whipcream and syrup because \"\"it doesn't come with it\"\". Every Starbucks I've ever went to always serves it with with whipcream and syrup. DO NOT BUY FROM HERE!!!!!!","Likes":"2"},{"Name":"","Category":"","Rating":" 1 star ","Number_of_Reviews":"","Address":"","Reviewer":"amy kz","Reviewer_page":"https://www.google.com/maps/contrib/108064123127536600364/reviews?hl=en-US","Review_time":"a year ago","Review":"This starbucks sucks. They are always out of stuff and recently they've been screwing up every order! Today they're out of almond milk, oat milk, caramel syrup, Frappuccino, white chocolate mocha, sausage egg and cheese sandwiches, all cold and hot teas! WHY ARE YOU EVEN OPEN???","Likes":"2"},{"Name":"","Category":"","Rating":" 5 stars ","Number_of_Reviews":"","Address":"","Reviewer":"Johnny Estephan","Reviewer_page":"https://www.google.com/maps/contrib/112198445459768346183/reviews?hl=en-US","Review_time":"3 years ago","Review":"Starbucks is a very good coffee place! They had the best coffee in the world! They know how to run business all over the world! This one has seats inside the mall and it is always crowded that is a good sign for its quality! If you pass by Staten Island Mall you should definitely try this place! Highly recommend this place","Likes":""},{"Name":"","Category":"","Rating":" 1 star ","Number_of_Reviews":"","Address":"","Reviewer":"aya e","Reviewer_page":"https://www.google.com/maps/contrib/109779329172186195490/reviews?hl=en-US","Review_time":"3 weeks ago","Review":"ALWAYS ALWAYS ALWAYS out of oat ilk. it’s so weird.","Likes":""},{"Name":"","Category":"","Rating":" 5 stars ","Number_of_Reviews":"","Address":"","Reviewer":"Jing Daroy","Reviewer_page":"https://www.google.com/maps/contrib/104225047399746713169/reviews?hl=en-US","Review_time":"4 months ago","Review":"Loved it, can sometimes be crowded. Nice CS.","Likes":""},{"Name":"","Category":"","Rating":" 5 stars ","Number_of_Reviews":"","Address":"","Reviewer":"Debrasworld","Reviewer_page":"https://www.google.com/maps/contrib/101333337766407547510/reviews?hl=en-US","Review_time":"a year ago","Review":"I use the app but I go in place my order the staff is understanding as I make my order in lactose intolerant so there is a breakfast sandwich I get besides my frappe I ask them to remove the cheese before they heat up the sandwich they do it I tell them I can't have dairy to being lactose intolerant.","Likes":""},{"Name":"","Category":"","Rating":" 5 stars ","Number_of_Reviews":"","Address":"","Reviewer":"Marjorie Rexer","Reviewer_page":"https://www.google.com/maps/contrib/112247812267820675456/reviews?hl=en-US","Review_time":"4 years ago","Review":"The barista Robert was extraordinary in his professional and courteous service. Although the wait here is always long due to its mall location, his cheerful personal greetings served to make it pleasant.\nHe deserves commendation.","Likes":"1"},{"Name":"","Category":"","Rating":" 5 stars ","Number_of_Reviews":"","Address":"","Reviewer":"PRINCE SAINT JAMES SINCERE SHABAZZ-ROCKWELL","Reviewer_page":"https://www.google.com/maps/contrib/112064254380653806747/reviews?hl=en-US","Review_time":"9 months ago","Review":"A plus a Great Staff that is Pure Supreme quality trained to the Customers , they should get 5 💎 stars across the Board","Likes":""},{"Name":"","Category":"","Rating":" 5 stars ","Number_of_Reviews":"","Address":"","Reviewer":"Keith Yu","Reviewer_page":"https://www.google.com/maps/contrib/104869509432777544140/reviews?hl=en-US","Review_time":"11 months ago","Review":"This location is always jam packed and overloaded with orders.  Save yourself some headache and order 25 minutes ahead on the mobile app.","Likes":"1"},{"Name":"","Category":"","Rating":" 1 star ","Number_of_Reviews":"","Address":"","Reviewer":"Florixel Palencia","Reviewer_page":"https://www.google.com/maps/contrib/117130509389354118911/reviews?hl=en-US","Review_time":"4 years ago","Review":"The worst starbuck I have visited! Today his treatment was crispy and despota I felt humiliated when I went to tell them that the drink that I had bought was pure ice, I had barely taken 3 sips and there was ice until one of the workers shouted in front of all the customers that I did not I was going to change it because I had already taken it and told him that when I was finishing it I saw that it was pure ice and threw the glass away rudely and told another employee to change my drink! I believe that as a client I have the right to demand and I am not going to buy ice. I am going to buy a tea, not ice and a disposable cup!","Likes":""},{"Name":"","Category":"","Rating":" 4 stars ","Number_of_Reviews":"","Address":"","Reviewer":"D. Comanda","Reviewer_page":"https://www.google.com/maps/contrib/101848975582768175824/reviews?hl=en-US","Review_time":"3 years ago","Review":"Ok 4 stars because it's really crowded in the mall but the barista made me a perfect latte so it teeters on 5 stars. Hard to get a perfect latte... very subjective, but soy is hard to froth and it takes some TLC...just right! Had the new juniper berry...very different. Does have a light pine taste. Great change from the usual and the sweet. Going back to this barista in the mall to shop with a juniper berry soy latte!","Likes":""},{"Name":"","Category":"","Rating":" 5 stars ","Number_of_Reviews":"","Address":"","Reviewer":"Onur Baykal","Reviewer_page":"https://www.google.com/maps/contrib/110123847569302162810/reviews?hl=en-US","Review_time":"4 years ago","Review":"This is the only Starbucks that was renovated with the latest standards, with respect to the other Starbucks throughout the island. It's location within the mall is centralized, adjacent to the center court, also the new expansion portion of the mall, in front of the new Zara. Service is always great, and everything is always kept well in stock.","Likes":""},{"Name":"","Category":"","Rating":" 2 stars ","Number_of_Reviews":"","Address":"","Reviewer":"Tiffie D","Reviewer_page":"https://www.google.com/maps/contrib/105137631067174740683/reviews?hl=en-US","Review_time":"2 years ago","Review":"Needs at least 6 staff members through out the weekends and holidays. There should be no reason why there are only 1 or 2 baristas during these times.\n\nThis location should probably have a separate store/ kiosk for mobile orders","Likes":""},{"Name":"","Category":"","Rating":" 4 stars ","Number_of_Reviews":"","Address":"","Reviewer":"Karla Lindsey","Reviewer_page":"https://www.google.com/maps/contrib/114110454129642988836/reviews?hl=en-US","Review_time":"2 years ago","Review":"I love this place! The milk tea boba is sooo amazing, and the boba consistency is spot on. The staff are all very friendly and the cafe is so cute! Would definitely recommend this place!","Likes":""},{"Name":"","Category":"","Rating":" 1 star ","Number_of_Reviews":"","Address":"","Reviewer":"Omar Starr","Reviewer_page":"https://www.google.com/maps/contrib/117244579223563844783/reviews?hl=en-US","Review_time":"3 years ago","Review":"I made a mobile order and waited for 30 minutes and also work in the mall and always order from there I went to wait on line and the man assisted me asking the other employees while I have a reciept saying they dont know anything about that, so with this inconvenience isnt professional and I don't appreciate it very dissapointed and I will contact the main office","Likes":""},{"Name":"","Category":"","Rating":" 5 stars ","Number_of_Reviews":"","Address":"","Reviewer":"Jeff Dossier","Reviewer_page":"https://www.google.com/maps/contrib/109269056236079470635/reviews?hl=en-US","Review_time":"3 years ago","Review":"Great Service, Great Coffee, Some workers dont understand those principals though and give attitude while gossiping instead of bringing customers. Overall I'm happy with Starbucks.","Likes":""},{"Name":"","Category":"","Rating":" 3 stars ","Number_of_Reviews":"","Address":"","Reviewer":"Andrew Ley","Reviewer_page":"https://www.google.com/maps/contrib/110777787230133076802/reviews?hl=en-US","Review_time":"3 years ago","Review":"It's coffee, not gas station coffee. Starbucks is Starbucks some better then others. If your used to Manhattan starbucks you will be let down. But if your used to Dunkin donuts you will be happy.","Likes":""},{"Name":"","Category":"","Rating":" 5 stars ","Number_of_Reviews":"","Address":"","Reviewer":"Dolores Kane","Reviewer_page":"https://www.google.com/maps/contrib/115516396587636058218/reviews?hl=en-US","Review_time":"5 months ago","Review":"Fast service. Nice staff.","Likes":"1"},{"Name":"","Category":"","Rating":" 5 stars ","Number_of_Reviews":"","Address":"","Reviewer":"courage ogboe","Reviewer_page":"https://www.google.com/maps/contrib/114492315878719661839/reviews?hl=en-US","Review_time":"a year ago","Review":"One of the best customer service, a very nice starbucks to drink some coffee.","Likes":""},{"Name":"","Category":"","Rating":" 1 star ","Number_of_Reviews":"","Address":"","Reviewer":"May Paints","Reviewer_page":"https://www.google.com/maps/contrib/103467734293790577681/reviews?hl=en-US","Review_time":"2 years ago","Review":"THIS STARBUCKS IS DISGUSTING. The barista's are rude, the counters are never cleaned and there are so many people in there. I've often seen flies in there too. NEVER GOING BACK!!","Likes":"2"},{"Name":"","Category":"","Rating":" 1 star ","Number_of_Reviews":"","Address":"","Reviewer":"don w","Reviewer_page":"https://www.google.com/maps/contrib/110961252154538047882/reviews?hl=en-US","Review_time":"3 years ago","Review":"No wonder they have a 3.9 rating, that's actually generous. If you want to try and get an over priced cup of coffee from poorly trained unprofessional people, you're in the correct place.","Likes":""},{"Name":"","Category":"","Rating":" 5 stars ","Number_of_Reviews":"","Address":"","Reviewer":"Stephanie S.","Reviewer_page":"https://www.google.com/maps/contrib/108360599832771796957/reviews?hl=en-US","Review_time":"4 years ago","Review":"I was there 8/25/18. Very clean, the employees were incredibly friendly. My iced coffee was perfect ☺️","Likes":""},{"Name":"","Category":"","Rating":" 1 star ","Number_of_Reviews":"","Address":"","Reviewer":"Emily Sarlo","Reviewer_page":"https://www.google.com/maps/contrib/116855477394934031635/reviews?hl=en-US","Review_time":"a year ago","Review":"absolutely horrible. made fun of my order and made it completely wrong and all together very rude. will never return.","Likes":"5"},{"Name":"","Category":"","Rating":" 5 stars ","Number_of_Reviews":"","Address":"","Reviewer":"Carol Keegan","Reviewer_page":"https://www.google.com/maps/contrib/116157871746557256144/reviews?hl=en-US","Review_time":"3 years ago","Review":"I love Starbucks Iced Decaf Cold Foam Cappuccino with  1 pump sugar free vanilla and 1 pump sugar free cinnamon dolce syrups","Likes":""},{"Name":"","Category":"","Rating":" 5 stars ","Number_of_Reviews":"","Address":"","Reviewer":"Deborah Reed","Reviewer_page":"https://www.google.com/maps/contrib/103338947559861011314/reviews?hl=en-US","Review_time":"3 weeks ago","Review":"Great.","Likes":""},{"Name":"","Category":"","Rating":" 5 stars ","Number_of_Reviews":"","Address":"","Reviewer":"Andrea Connors","Reviewer_page":"https://www.google.com/maps/contrib/111493691310533072616/reviews?hl=en-US","Review_time":"3 years ago","Review":"Very busy store with excellent staff who are on their game. They keep up with both the orders and the environment which can get easily trashed from the amount of people coming and going.","Likes":""},{"Name":"","Category":"","Rating":" 1 star ","Number_of_Reviews":"","Address":"","Reviewer":"Damaris Lorenzo","Reviewer_page":"https://www.google.com/maps/contrib/113879103649802556422/reviews?hl=en-US","Review_time":"2 years ago","Review":"Always dirty along with super slow service. Don’t even bother asking a question because they will look at you like you have 2 heads and then answer it with a disgusting tone.","Likes":"1"},{"Name":"","Category":"","Rating":" 2 stars ","Number_of_Reviews":"","Address":"","Reviewer":"Beth Jack","Reviewer_page":"https://www.google.com/maps/contrib/105711958204763521816/reviews?hl=en-US","Review_time":"4 years ago","Review":"Friendly but unorganized service. Many teenagers after school dismissal ( my mistake). No security around I was very nervous.","Likes":""},{"Name":"","Category":"","Rating":" 5 stars ","Number_of_Reviews":"","Address":"","Reviewer":"Izzy Estrada","Reviewer_page":"https://www.google.com/maps/contrib/112420591228187322629/reviews?hl=en-US","Review_time":"5 years ago","Review":"Best starbucks i've had. I go to starbucks in the Island Manhattan and Brooklyn, and this is by far the best I've had. And everyone is friendly here","Likes":""},{"Name":"","Category":"","Rating":" 4 stars ","Number_of_Reviews":"","Address":"","Reviewer":"Gwen Actions","Reviewer_page":"https://www.google.com/maps/contrib/118087737479774227429/reviews?hl=en-US","Review_time":"5 years ago","Review":"Baristas are so nice! Good selection but they always mess up one thing about my drink.","Likes":""},{"Name":"","Category":"","Rating":" 5 stars ","Number_of_Reviews":"","Address":"","Reviewer":"Laura Zapata","Reviewer_page":"https://www.google.com/maps/contrib/106761730411806413794/reviews?hl=en-US","Review_time":"a year ago","Review":"They have a lot of work but is good to have and taste a good drink","Likes":""},{"Name":"","Category":"","Rating":" 4 stars ","Number_of_Reviews":"","Address":"","Reviewer":"Vincenzo La Magra","Reviewer_page":"https://www.google.com/maps/contrib/116014770434359474637/reviews?hl=en-US","Review_time":"3 years ago","Review":"Good coffe it should be with a creamy top if you really want to be Italian capisci","Likes":""},{"Name":"","Category":"","Rating":" 1 star ","Number_of_Reviews":"","Address":"","Reviewer":"Karl Green","Reviewer_page":"https://www.google.com/maps/contrib/101759474306973630510/reviews?hl=en-US","Review_time":"4 years ago","Review":"All STARBUCKS ON THE EASTSIDE OF GRAND CENTRAL SUCK. ESPECIALLY ON THE WEEKENDS WHERE ALL OF THEM OPENED LATE. 7AM THEY WERE SUPPOSED TO OPEN AND AT LEAST THREE OF THEM OPENED 7:30 OR LATER","Likes":""},{"Name":"","Category":"","Rating":" 5 stars ","Number_of_Reviews":"","Address":"","Reviewer":"Nick Davis","Reviewer_page":"https://www.google.com/maps/contrib/107208996529469056888/reviews?hl=en-US","Review_time":"2 years ago","Review":"Very professional staff, but very strict due to Covid19 rules","Likes":"1"},{"Name":"","Category":"","Rating":" 4 stars ","Number_of_Reviews":"","Address":"","Reviewer":"Nate N","Reviewer_page":"https://www.google.com/maps/contrib/106661292607836774252/reviews?hl=en-US","Review_time":"9 months ago","Review":"Great location friendly staff.","Likes":""},{"Name":"","Category":"","Rating":" 1 star ","Number_of_Reviews":"","Address":"","Reviewer":"Mahmoud Moustafa","Reviewer_page":"https://www.google.com/maps/contrib/107488974882689632228/reviews?hl=en-US","Review_time":"a year ago","Review":"Macdonalds ice coffe is way better!!","Likes":""},{"Name":"","Category":"","Rating":" 3 stars ","Number_of_Reviews":"","Address":"","Reviewer":"Sal","Reviewer_page":"https://www.google.com/maps/contrib/109881141568454737496/reviews?hl=en-US","Review_time":"3 years ago","Review":"Place is always jammed packed. Wish management would hire more people to keep up with the lines","Likes":""},{"Name":"","Category":"","Rating":" 4 stars ","Number_of_Reviews":"","Address":"","Reviewer":"Sergio Cilla","Reviewer_page":"https://www.google.com/maps/contrib/108605670984409778106/reviews?hl=en-US","Review_time":"4 years ago","Review":"It's roomier now and has seating place. Service was fast and nice.","Likes":""},{"Name":"","Category":"","Rating":" 2 stars ","Number_of_Reviews":"","Address":"","Reviewer":"Eileen Karcich","Reviewer_page":"https://www.google.com/maps/contrib/113633341730407687266/reviews?hl=en-US","Review_time":"3 years ago","Review":"Will they ever get my drink right! It's not brain surgery. Geez","Likes":""},{"Name":"","Category":"","Rating":" 4 stars ","Number_of_Reviews":"","Address":"","Reviewer":"Timothy Ou","Reviewer_page":"https://www.google.com/maps/contrib/114185455048369427113/reviews?hl=en-US","Review_time":"4 years ago","Review":"What a great plce to have coffee but the plce is prtty smll and crowded.","Likes":""},{"Name":"","Category":"","Rating":" 4 stars ","Number_of_Reviews":"","Address":"","Reviewer":"SD dunu","Reviewer_page":"https://www.google.com/maps/contrib/108422670559127247070/reviews?hl=en-US","Review_time":"3 years ago","Review":"Taso chai latte is my best and get the tall or Grande with extra chai pumps.","Likes":""},{"Name":"","Category":"","Rating":" 3 stars ","Number_of_Reviews":"","Address":"","Reviewer":"Russ Morisi","Reviewer_page":"https://www.google.com/maps/contrib/100192725004395091334/reviews?hl=en-US","Review_time":"3 years ago","Review":"Good coffee good service high prices... overall good","Likes":""},{"Name":"","Category":"","Rating":" 1 star ","Number_of_Reviews":"","Address":"","Reviewer":"Ray Santana","Reviewer_page":"https://www.google.com/maps/contrib/109111689803121762963/reviews?hl=en-US","Review_time":"6 years ago","Review":"One server...two tellers...half an hour for cup of coffee...tellers don't even help to make order for line out the door...","Likes":""},{"Name":"","Category":"","Rating":" 2 stars ","Number_of_Reviews":"","Address":"","Reviewer":"Julio Velasquez","Reviewer_page":"https://www.google.com/maps/contrib/110483263121935169410/reviews?hl=en-US","Review_time":"3 years ago","Review":"Service was INCREDIBLY slow.....Need to new management here asap","Likes":""},{"Name":"","Category":"","Rating":" 1 star ","Number_of_Reviews":"","Address":"","Reviewer":"Paul Grym","Reviewer_page":"https://www.google.com/maps/contrib/108537908094440455482/reviews?hl=en-US","Review_time":"5 years ago","Review":"The worst Starbucks I ever been to. How you have only one person making drinks.","Likes":""},{"Name":"","Category":"","Rating":" 5 stars ","Number_of_Reviews":"","Address":"","Reviewer":"Emily N","Reviewer_page":"https://www.google.com/maps/contrib/112279845780602973721/reviews?hl=en-US","Review_time":"3 years ago","Review":"Always great coffee. I'd come back here","Likes":""},{"Name":"","Category":"","Rating":" 5 stars ","Number_of_Reviews":"","Address":"","Reviewer":"Moon Light","Reviewer_page":"https://www.google.com/maps/contrib/102824250966980991382/reviews?hl=en-US","Review_time":"10 months ago","Review":"It's inside the mall","Likes":""},{"Name":"","Category":"","Rating":" 1 star ","Number_of_Reviews":"","Address":"","Reviewer":"Staci Ann","Reviewer_page":"https://www.google.com/maps/contrib/101594583438153372007/reviews?hl=en-US","Review_time":"2 years ago","Review":"There coffee over priced and disgusting ill only get there iced teas","Likes":"1"},{"Name":"","Category":"","Rating":" 5 stars ","Number_of_Reviews":"","Address":"","Reviewer":"Joseph Demarest","Reviewer_page":"https://www.google.com/maps/contrib/111084752070593720775/reviews?hl=en-US","Review_time":"5 years ago","Review":"Very good drinks the staff named Ben is very nice.","Likes":"1"},{"Name":"","Category":"","Rating":" 5 stars ","Number_of_Reviews":"","Address":"","Reviewer":"e b","Reviewer_page":"https://www.google.com/maps/contrib/108567945028220621564/reviews?hl=en-US","Review_time":"6 years ago","Review":"Good place to sit down if your feet hurt from walking around a mall.","Likes":"1"},{"Name":"","Category":"","Rating":" 1 star ","Number_of_Reviews":"","Address":"","Reviewer":"Ellen Tigh","Reviewer_page":"https://www.google.com/maps/contrib/100329521744869792968/reviews?hl=en-US","Review_time":"3 years ago","Review":"This has to be the worst Starbucks on the Island the young lady behind the register in the morning cursed at me when I told her she marked my drink wrong.","Likes":""},{"Name":"","Category":"","Rating":" 4 stars ","Number_of_Reviews":"","Address":"","Reviewer":"Ali A. Saleh","Reviewer_page":"https://www.google.com/maps/contrib/117227657470174286241/reviews?hl=en-US","Review_time":"6 years ago","Review":"Great service and great helpful and friendly staff. But is crowded","Likes":"1"},{"Name":"","Category":"","Rating":" 2 stars ","Number_of_Reviews":"","Address":"","Reviewer":"Barbara Pagan (MONICH)","Reviewer_page":"https://www.google.com/maps/contrib/102860387785903693690/reviews?hl=en-US","Review_time":"4 years ago","Review":"The. Starbucks  at the staten island mall its SOOOOOO SLOW. Wow  need more training .please asap","Likes":"1"},{"Name":"","Category":"","Rating":" 5 stars ","Number_of_Reviews":"","Address":"","Reviewer":"brian mintz","Reviewer_page":"https://www.google.com/maps/contrib/112333518855604777717/reviews?hl=en-US","Review_time":"3 years ago","Review":"Great service and fast ,drinks made right","Likes":""},{"Name":"","Category":"","Rating":" 4 stars ","Number_of_Reviews":"","Address":"","Reviewer":"Jolene Perez","Reviewer_page":"https://www.google.com/maps/contrib/108133012294163423433/reviews?hl=en-US","Review_time":"9 months ago","Review":"Smells really yummy.","Likes":""},{"Name":"","Category":"","Rating":" 3 stars ","Number_of_Reviews":"","Address":"","Reviewer":"lucille trapani","Reviewer_page":"https://www.google.com/maps/contrib/112502397693239066242/reviews?hl=en-US","Review_time":"a year ago","Review":"Too crowded and people not spacing 6 ft. Apart","Likes":"2"},{"Name":"","Category":"","Rating":" 5 stars ","Number_of_Reviews":"","Address":"","Reviewer":"Saqib Ayub","Reviewer_page":"https://www.google.com/maps/contrib/112834335075417979870/reviews?hl=en-US","Review_time":"5 months ago","Review":"Good service","Likes":""},{"Name":"","Category":"","Rating":" 5 stars ","Number_of_Reviews":"","Address":"","Reviewer":"Robert Urbanski","Reviewer_page":"https://www.google.com/maps/contrib/108688893493316986811/reviews?hl=en-US","Review_time":"5 years ago","Review":"Great store and great customer service. Highly recommended.","Likes":""},{"Name":"","Category":"","Rating":" 2 stars ","Number_of_Reviews":"","Address":"","Reviewer":"Ashley Lau","Reviewer_page":"https://www.google.com/maps/contrib/118060812418087013736/reviews?hl=en-US","Review_time":"a year ago","Review":"Waited over 20 minutes for a tea latte.","Likes":""},{"Name":"","Category":"","Rating":" 4 stars ","Number_of_Reviews":"","Address":"","Reviewer":"Hasan Ozmulla","Reviewer_page":"https://www.google.com/maps/contrib/103914689739180445633/reviews?hl=en-US","Review_time":"4 years ago","Review":"Staten Island Mall Starbucks, great service. Right next to Zara!!","Likes":"1"},{"Name":"","Category":"","Rating":" 5 stars ","Number_of_Reviews":"","Address":"","Reviewer":"James Armana","Reviewer_page":"https://www.google.com/maps/contrib/115204383175169211209/reviews?hl=en-US","Review_time":"7 years ago","Review":"Never pass buy without getting myself a coffee from starbucks.","Likes":"1"},{"Name":"","Category":"","Rating":" 3 stars ","Number_of_Reviews":"","Address":"","Reviewer":"John Tan","Reviewer_page":"https://www.google.com/maps/contrib/113438757047148603984/reviews?hl=en-US","Review_time":"4 years ago","Review":"There's always a line here, this store needs a refresh","Likes":""},{"Name":"","Category":"","Rating":" 5 stars ","Number_of_Reviews":"","Address":"","Reviewer":"Photo 101","Reviewer_page":"https://www.google.com/maps/contrib/105773510982992765429/reviews?hl=en-US","Review_time":"6 years ago","Review":"Great service the braistas are very nice and very helpful.","Likes":"1"},{"Name":"","Category":"","Rating":" 5 stars ","Number_of_Reviews":"","Address":"","Reviewer":"Nicquel Holmes","Reviewer_page":"https://www.google.com/maps/contrib/112442828995316585340/reviews?hl=en-US","Review_time":"4 years ago","Review":"Fast efficient service. Friendly staff.","Likes":""},{"Name":"","Category":"","Rating":" 5 stars ","Number_of_Reviews":"","Address":"","Reviewer":"Arlene Applebaum","Reviewer_page":"https://www.google.com/maps/contrib/115439548609896244181/reviews?hl=en-US","Review_time":"3 years ago","Review":"Too expensive but so good","Likes":""},{"Name":"","Category":"","Rating":" 5 stars ","Number_of_Reviews":"","Address":"","Reviewer":"Nick94","Reviewer_page":"https://www.google.com/maps/contrib/105452216735572722110/reviews?hl=en-US","Review_time":"4 years ago","Review":"Very clean , staff is also very kind and professional","Likes":""},{"Name":"","Category":"","Rating":" 5 stars ","Number_of_Reviews":"","Address":"","Reviewer":"Richter Lau","Reviewer_page":"https://www.google.com/maps/contrib/100393634061215227381/reviews?hl=en-US","Review_time":"a year ago","Review":"Nice place to get coffee","Likes":""},{"Name":"","Category":"","Rating":" 5 stars ","Number_of_Reviews":"","Address":"","Reviewer":"Noreen Merz","Reviewer_page":"https://www.google.com/maps/contrib/100345677863669485531/reviews?hl=en-US","Review_time":"3 years ago","Review":"Typical Starbucks located in the Staten island mall.","Likes":""},{"Name":"","Category":"","Rating":" 4 stars ","Number_of_Reviews":"","Address":"","Reviewer":"nancygiglio poesl","Reviewer_page":"https://www.google.com/maps/contrib/117302743049132162504/reviews?hl=en-US","Review_time":"a year ago","Review":"Clean ,organized, friendly servers,","Likes":""},{"Name":"","Category":"","Rating":" 5 stars ","Number_of_Reviews":"","Address":"","Reviewer":"Avni Lipovica","Reviewer_page":"https://www.google.com/maps/contrib/108367042797338859939/reviews?hl=en-US","Review_time":"3 years ago","Review":"Nice place good coffe","Likes":""},{"Name":"","Category":"","Rating":" 4 stars ","Number_of_Reviews":"","Address":"","Reviewer":"Valeria Pavia","Reviewer_page":"https://www.google.com/maps/contrib/103864516658130723726/reviews?hl=en-US","Review_time":"2 years ago","Review":"This place was so good and nice.","Likes":""},{"Name":"","Category":"","Rating":" 1 star ","Number_of_Reviews":"","Address":"","Reviewer":"Vitalii K","Reviewer_page":"https://www.google.com/maps/contrib/112478737681396207606/reviews?hl=en-US","Review_time":"3 years ago","Review":"They doesn’t want to work","Likes":"1"},{"Name":"","Category":"","Rating":" 5 stars ","Number_of_Reviews":"","Address":"","Reviewer":"Qasim Zia","Reviewer_page":"https://www.google.com/maps/contrib/104428349226929073961/reviews?hl=en-US","Review_time":"5 years ago","Review":"The service in this place is phenomenal.","Likes":"1"},{"Name":"","Category":"","Rating":" 2 stars ","Number_of_Reviews":"","Address":"","Reviewer":"Brendan","Reviewer_page":"https://www.google.com/maps/contrib/114602512202529514213/reviews?hl=en-US","Review_time":"6 years ago","Review":"Mall entrance closed until 10am..","Likes":""},{"Name":"","Category":"","Rating":" 5 stars ","Number_of_Reviews":"","Address":"","Reviewer":"Drani Coe","Reviewer_page":"https://www.google.com/maps/contrib/115270973353827785960/reviews?hl=en-US","Review_time":"3 years ago","Review":"My drink was great!!!!","Likes":""},{"Name":"","Category":"","Rating":" 4 stars ","Number_of_Reviews":"","Address":"","Reviewer":"martina youssef","Reviewer_page":"https://www.google.com/maps/contrib/113430583668572887087/reviews?hl=en-US","Review_time":"4 years ago","Review":"Love the new upgrade!","Likes":""},{"Name":"","Category":"","Rating":" 5 stars ","Number_of_Reviews":"","Address":"","Reviewer":"Ava Robinson","Reviewer_page":"https://www.google.com/maps/contrib/101504680263224833587/reviews?hl=en-US","Review_time":"11 months ago","Review":"Good service","Likes":""},{"Name":"","Category":"","Rating":" 5 stars ","Number_of_Reviews":"","Address":"","Reviewer":"Cstrmy","Reviewer_page":"https://www.google.com/maps/contrib/108519004737248069710/reviews?hl=en-US","Review_time":"3 years ago","Review":"Best coffee and service","Likes":""},{"Name":"","Category":"","Rating":" 4 stars ","Number_of_Reviews":"","Address":"","Reviewer":"Esraa Mousa","Reviewer_page":"https://www.google.com/maps/contrib/111969138371709368080/reviews?hl=en-US","Review_time":"4 years ago","Review":"Great coffee & snacks","Likes":""},{"Name":"","Category":"","Rating":" 1 star ","Number_of_Reviews":"","Address":"","Reviewer":"Igor Konstantinov","Reviewer_page":"https://www.google.com/maps/contrib/102905421932901913078/reviews?hl=en-US","Review_time":"a year ago","Review":"Garbage.","Likes":"1"},{"Name":"","Category":"","Rating":" 4 stars ","Number_of_Reviews":"","Address":"","Reviewer":"andrea teuta","Reviewer_page":"https://www.google.com/maps/contrib/111380126439681039604/reviews?hl=en-US","Review_time":"a year ago","Review":"Fast and good","Likes":""},{"Name":"","Category":"","Rating":" 4 stars ","Number_of_Reviews":"","Address":"","Reviewer":"Delia Ruiz","Reviewer_page":"https://www.google.com/maps/contrib/103521286202612810923/reviews?hl=en-US","Review_time":"a year ago","Review":"Good fraps","Likes":""},{"Name":"","Category":"","Rating":" 5 stars ","Number_of_Reviews":"","Address":"","Reviewer":"Francisco Rivera","Reviewer_page":"https://www.google.com/maps/contrib/112822213643918704726/reviews?hl=en-US","Review_time":"a year ago","Review":"Kool place!","Likes":""},{"Name":"","Category":"","Rating":" 5 stars ","Number_of_Reviews":"","Address":"","Reviewer":"Cruiser","Reviewer_page":"https://www.google.com/maps/contrib/104186857667142205186/reviews?hl=en-US","Review_time":"2 years ago","Review":"Great cup of coffee","Likes":""},{"Name":"","Category":"","Rating":" 5 stars ","Number_of_Reviews":"","Address":"","Reviewer":"Peter Russo","Reviewer_page":"https://www.google.com/maps/contrib/110041316673371073432/reviews?hl=en-US","Review_time":"4 years ago","Review":"Nice friendly staff","Likes":""},{"Name":"","Category":"","Rating":" 4 stars ","Number_of_Reviews":"","Address":"","Reviewer":"Louis Granato","Reviewer_page":"https://www.google.com/maps/contrib/118410884974873075347/reviews?hl=en-US","Review_time":"5 years ago","Review":"Super fast coffee","Likes":""},{"Name":"","Category":"","Rating":" 2 stars ","Number_of_Reviews":"","Address":"","Reviewer":"shabnam sultana","Reviewer_page":"https://www.google.com/maps/contrib/112616544492942407004/reviews?hl=en-US","Review_time":"3 years ago","Review":"Out of stock on ingredients","Likes":""},{"Name":"","Category":"","Rating":" 5 stars ","Number_of_Reviews":"","Address":"","Reviewer":"J C","Reviewer_page":"https://www.google.com/maps/contrib/104869873788064380481/reviews?hl=en-US","Review_time":"3 years ago","Review":"Drunk a Latte moca","Likes":""},{"Name":"","Category":"","Rating":" 4 stars ","Number_of_Reviews":"","Address":"","Reviewer":"Renee Lezama","Reviewer_page":"https://www.google.com/maps/contrib/115972981447344134870/reviews?hl=en-US","Review_time":"a year ago","Review":"Staff is friendly","Likes":""},{"Name":"","Category":"","Rating":" 5 stars ","Number_of_Reviews":"","Address":"","Reviewer":"Kim Marie","Reviewer_page":"https://www.google.com/maps/contrib/101775626256905320678/reviews?hl=en-US","Review_time":"3 years ago","Review":"Made exactly as I asked","Likes":""},{"Name":"","Category":"","Rating":" 4 stars ","Number_of_Reviews":"","Address":"","Reviewer":"linda Moliere","Reviewer_page":"https://www.google.com/maps/contrib/102683944227585912621/reviews?hl=en-US","Review_time":"3 years ago","Review":"Great drinks","Likes":""},{"Name":"","Category":"","Rating":" 4 stars ","Number_of_Reviews":"","Address":"","Reviewer":"James Buissereth","Reviewer_page":"https://www.google.com/maps/contrib/109871898105354332250/reviews?hl=en-US","Review_time":"3 years ago","Review":"Love the coffee","Likes":""},{"Name":"","Category":"","Rating":" 5 stars ","Number_of_Reviews":"","Address":"","Reviewer":"Maria Teahan","Reviewer_page":"https://www.google.com/maps/contrib/113924518082674094975/reviews?hl=en-US","Review_time":"3 years ago","Review":"😍😍😍","Likes":""},{"Name":"","Category":"","Rating":" 5 stars ","Number_of_Reviews":"","Address":"","Reviewer":"Aman Munir","Reviewer_page":"https://www.google.com/maps/contrib/117963044541769445277/reviews?hl=en-US","Review_time":"3 years ago","Review":"Best coffee","Likes":""},{"Name":"","Category":"","Rating":" 5 stars ","Number_of_Reviews":"","Address":"","Reviewer":"Maria Estey","Reviewer_page":"https://www.google.com/maps/contrib/116407370317246937812/reviews?hl=en-US","Review_time":"3 years ago","Review":"Great COFFEE","Likes":""},{"Name":"","Category":"","Rating":" 5 stars ","Number_of_Reviews":"","Address":"","Reviewer":"Aitan Taghiyeva","Reviewer_page":"https://www.google.com/maps/contrib/100740174461358323210/reviews?hl=en-US","Review_time":"3 years ago","Review":"love love love","Likes":""},{"Name":"","Category":"","Rating":" 1 star ","Number_of_Reviews":"","Address":"","Reviewer":"Angel Pazos","Reviewer_page":"https://www.google.com/maps/contrib/111688877024681780497/reviews?hl=en-US","Review_time":"a year ago","Review":"(Translated by Google) They re make my Prather 2 times, and didn’t wrong again\nThey redone my order and they did it wrong again\n\n(Original)\nThey re make my Prather 2 times, and didn’t wrong again\nEllos re hicieron mi orden y la hicieron mal otra vez","Likes":""},{"Name":"","Category":"","Rating":" 5 stars ","Number_of_Reviews":"","Address":"","Reviewer":"KRLOS KSTILLO","Reviewer_page":"https://www.google.com/maps/contrib/113938635748748075250/reviews?hl=en-US","Review_time":"3 years ago","Review":"(Translated by Google) Nice place to eat a snack and have a good coffee.\n\n(Original)\nBonito lugar para comer un snack y tomar un buen cafe.","Likes":""},{"Name":"","Category":"","Rating":" 5 stars ","Number_of_Reviews":"","Address":"","Reviewer":"jamin lee","Reviewer_page":"https://www.google.com/maps/contrib/116691763718626089558/reviews?hl=en-US","Review_time":"a year ago","Review":"(Translated by Google) It's a shopping mall, so there are a lot of people, but the service is satisfactory.\n\n(Original)\n쇼핑몰이라 사람이 많지만 서비스는 만족해요","Likes":""},{"Name":"","Category":"","Rating":" 4 stars ","Number_of_Reviews":"","Address":"","Reviewer":"eli liebman","Reviewer_page":"https://www.google.com/maps/contrib/113185422978504144135/reviews?hl=en-US","Review_time":"8 months ago","Review":"(Translated by Google) Just coffee and nothing like Starbucks\n\n(Original)\nרק קפה ואין כמו סטארבקס","Likes":""},{"Name":"","Category":"","Rating":" 5 stars ","Number_of_Reviews":"","Address":"","Reviewer":"Yosa Uribe","Reviewer_page":"https://www.google.com/maps/contrib/113240174503689679880/reviews?hl=en-US","Review_time":"a year ago","Review":"(Translated by Google) The best frappuccino!\n\n(Original)\nEl mejor frapuchino!","Likes":""},{"Name":"","Category":"","Rating":" 5 stars ","Number_of_Reviews":"","Address":"","Reviewer":"Laura Bustamante","Reviewer_page":"https://www.google.com/maps/contrib/109473488877501559096/reviews?hl=en-US","Review_time":"3 days ago","Review":"","Likes":""},{"Name":"","Category":"","Rating":" 4 stars ","Number_of_Reviews":"","Address":"","Reviewer":"Joseph Saccone","Reviewer_page":"https://www.google.com/maps/contrib/112388051078897196479/reviews?hl=en-US","Review_time":"3 weeks ago","Review":"","Likes":""},{"Name":"","Category":"","Rating":" 5 stars ","Number_of_Reviews":"","Address":"","Reviewer":"Azucena Peraza","Reviewer_page":"https://www.google.com/maps/contrib/114242077426548419683/reviews?hl=en-US","Review_time":"4 weeks ago","Review":"","Likes":""},{"Name":"","Category":"","Rating":" 5 stars ","Number_of_Reviews":"","Address":"","Reviewer":"Methsara Perera","Reviewer_page":"https://www.google.com/maps/contrib/114859512817124897523/reviews?hl=en-US","Review_time":"3 months ago","Review":"","Likes":""},{"Name":"","Category":"","Rating":" 5 stars ","Number_of_Reviews":"","Address":"","Reviewer":"kesi degracia (love)","Reviewer_page":"https://www.google.com/maps/contrib/117621358193944308909/reviews?hl=en-US","Review_time":"5 months ago","Review":"","Likes":""},{"Name":"","Category":"","Rating":" 3 stars ","Number_of_Reviews":"","Address":"","Reviewer":"Rosanna Rosario","Reviewer_page":"https://www.google.com/maps/contrib/101857510101576273654/reviews?hl=en-US","Review_time":"7 months ago","Review":"","Likes":""},{"Name":"","Category":"","Rating":" 5 stars ","Number_of_Reviews":"","Address":"","Reviewer":"Samir Redzovic","Reviewer_page":"https://www.google.com/maps/contrib/112743658001510608504/reviews?hl=en-US","Review_time":"a year ago","Review":"","Likes":""},{"Name":"","Category":"","Rating":" 5 stars ","Number_of_Reviews":"","Address":"","Reviewer":"Grim Parker (Grim Reaper)","Reviewer_page":"https://www.google.com/maps/contrib/105570997823287136349/reviews?hl=en-US","Review_time":"a year ago","Review":"","Likes":""},{"Name":"","Category":"","Rating":" 5 stars ","Number_of_Reviews":"","Address":"","Reviewer":"millie camacho","Reviewer_page":"https://www.google.com/maps/contrib/104675643806722789784/reviews?hl=en-US","Review_time":"a year ago","Review":"","Likes":""},{"Name":"","Category":"","Rating":" 5 stars ","Number_of_Reviews":"","Address":"","Reviewer":"Marlene De Los Santos","Reviewer_page":"https://www.google.com/maps/contrib/109047823762221430407/reviews?hl=en-US","Review_time":"a year ago","Review":"","Likes":""},{"Name":"","Category":"","Rating":" 5 stars ","Number_of_Reviews":"","Address":"","Reviewer":"Morium Biswas","Reviewer_page":"https://www.google.com/maps/contrib/117259385254861968743/reviews?hl=en-US","Review_time":"11 months ago","Review":"","Likes":""},{"Name":"","Category":"","Rating":" 5 stars ","Number_of_Reviews":"","Address":"","Reviewer":"Aleksandra Reyfman","Reviewer_page":"https://www.google.com/maps/contrib/113630832327862953893/reviews?hl=en-US","Review_time":"4 years ago","Review":"","Likes":""},{"Name":"","Category":"","Rating":" 5 stars ","Number_of_Reviews":"","Address":"","Reviewer":"Бацюшка АБА","Reviewer_page":"https://www.google.com/maps/contrib/115110485582512966516/reviews?hl=en-US","Review_time":"4 years ago","Review":"","Likes":""},{"Name":"","Category":"","Rating":" 5 stars ","Number_of_Reviews":"","Address":"","Reviewer":"Wilmarie Ocasio","Reviewer_page":"https://www.google.com/maps/contrib/109880700052311670537/reviews?hl=en-US","Review_time":"4 years ago","Review":"","Likes":""},{"Name":"","Category":"","Rating":" 5 stars ","Number_of_Reviews":"","Address":"","Reviewer":"frank sbano","Reviewer_page":"https://www.google.com/maps/contrib/116290526625561721080/reviews?hl=en-US","Review_time":"3 years ago","Review":"","Likes":""},{"Name":"","Category":"","Rating":" 3 stars ","Number_of_Reviews":"","Address":"","Reviewer":"Kunal Kohli","Reviewer_page":"https://www.google.com/maps/contrib/104098561935286067267/reviews?hl=en-US","Review_time":"11 years ago","Review":"","Likes":""},{"Name":"","Category":"","Rating":" 5 stars ","Number_of_Reviews":"","Address":"","Reviewer":"Elon Elia","Reviewer_page":"https://www.google.com/maps/contrib/113863037379792388182/reviews?hl=en-US","Review_time":"2 years ago","Review":"","Likes":""},{"Name":"","Category":"","Rating":" 5 stars ","Number_of_Reviews":"","Address":"","Reviewer":"Leigh Klein","Reviewer_page":"https://www.google.com/maps/contrib/105366041127166787728/reviews?hl=en-US","Review_time":"3 years ago","Review":"","Likes":""},{"Name":"","Category":"","Rating":" 5 stars ","Number_of_Reviews":"","Address":"","Reviewer":"Braile Tibby","Reviewer_page":"https://www.google.com/maps/contrib/102931168152135375391/reviews?hl=en-US","Review_time":"3 years ago","Review":"","Likes":""},{"Name":"","Category":"","Rating":" 5 stars ","Number_of_Reviews":"","Address":"","Reviewer":"neil velic","Reviewer_page":"https://www.google.com/maps/contrib/110701750887286428482/reviews?hl=en-US","Review_time":"a year ago","Review":"","Likes":""},{"Name":"","Category":"","Rating":" 2 stars ","Number_of_Reviews":"","Address":"","Reviewer":"Sam dela Cruz","Reviewer_page":"https://www.google.com/maps/contrib/104296223754023364613/reviews?hl=en-US","Review_time":"2 years ago","Review":"","Likes":""},{"Name":"","Category":"","Rating":" 5 stars ","Number_of_Reviews":"","Address":"","Reviewer":"Guadalupe Baez","Reviewer_page":"https://www.google.com/maps/contrib/101583539842743502936/reviews?hl=en-US","Review_time":"3 years ago","Review":"","Likes":""},{"Name":"","Category":"","Rating":" 4 stars ","Number_of_Reviews":"","Address":"","Reviewer":"Martin Ponti","Reviewer_page":"https://www.google.com/maps/contrib/109017311554217634282/reviews?hl=en-US","Review_time":"3 years ago","Review":"","Likes":""},{"Name":"","Category":"","Rating":" 2 stars ","Number_of_Reviews":"","Address":"","Reviewer":"Adamaris Guzman","Reviewer_page":"https://www.google.com/maps/contrib/104294856306612492697/reviews?hl=en-US","Review_time":"2 years ago","Review":"","Likes":""},{"Name":"","Category":"","Rating":" 3 stars ","Number_of_Reviews":"","Address":"","Reviewer":"Tom Cooper","Reviewer_page":"https://www.google.com/maps/contrib/117719228005901930969/reviews?hl=en-US","Review_time":"3 years ago","Review":"","Likes":""},{"Name":"","Category":"","Rating":" 5 stars ","Number_of_Reviews":"","Address":"","Reviewer":"Lei Xiao","Reviewer_page":"https://www.google.com/maps/contrib/111187739601003289621/reviews?hl=en-US","Review_time":"3 years ago","Review":"","Likes":""},{"Name":"","Category":"","Rating":" 5 stars ","Number_of_Reviews":"","Address":"","Reviewer":"Miriam Parnes","Reviewer_page":"https://www.google.com/maps/contrib/105530919190076673473/reviews?hl=en-US","Review_time":"11 months ago","Review":"","Likes":""},{"Name":"","Category":"","Rating":" 5 stars ","Number_of_Reviews":"","Address":"","Reviewer":"Yi Zhang","Reviewer_page":"https://www.google.com/maps/contrib/101922899574882878921/reviews?hl=en-US","Review_time":"9 months ago","Review":"","Likes":""},{"Name":"","Category":"","Rating":" 5 stars ","Number_of_Reviews":"","Address":"","Reviewer":"Levan Zakaidze","Reviewer_page":"https://www.google.com/maps/contrib/116569206866296834990/reviews?hl=en-US","Review_time":"a year ago","Review":"","Likes":""},{"Name":"","Category":"","Rating":" 5 stars ","Number_of_Reviews":"","Address":"","Reviewer":"Vanessa Rivera","Reviewer_page":"https://www.google.com/maps/contrib/100568362750962924893/reviews?hl=en-US","Review_time":"2 years ago","Review":"","Likes":""},{"Name":"","Category":"","Rating":" 4 stars ","Number_of_Reviews":"","Address":"","Reviewer":"resul çağatay","Reviewer_page":"https://www.google.com/maps/contrib/103980446156813517327/reviews?hl=en-US","Review_time":"3 years ago","Review":"","Likes":""},{"Name":"","Category":"","Rating":" 4 stars ","Number_of_Reviews":"","Address":"","Reviewer":"Antony Kremen","Reviewer_page":"https://www.google.com/maps/contrib/116158795453833554118/reviews?hl=en-US","Review_time":"3 years ago","Review":"","Likes":""},{"Name":"","Category":"","Rating":" 4 stars ","Number_of_Reviews":"","Address":"","Reviewer":"PSthefirst1","Reviewer_page":"https://www.google.com/maps/contrib/110644614666754045468/reviews?hl=en-US","Review_time":"4 years ago","Review":"","Likes":""},{"Name":"","Category":"","Rating":" 5 stars ","Number_of_Reviews":"","Address":"","Reviewer":"Camryn Koch","Reviewer_page":"https://www.google.com/maps/contrib/110742398405308665777/reviews?hl=en-US","Review_time":"2 months ago","Review":"","Likes":""},{"Name":"","Category":"","Rating":" 5 stars ","Number_of_Reviews":"","Address":"","Reviewer":"R. GLZ","Reviewer_page":"https://www.google.com/maps/contrib/108311155189738835065/reviews?hl=en-US","Review_time":"3 years ago","Review":"","Likes":""},{"Name":"","Category":"","Rating":" 5 stars ","Number_of_Reviews":"","Address":"","Reviewer":"Gilbert Salas Jr","Reviewer_page":"https://www.google.com/maps/contrib/101664139899522065610/reviews?hl=en-US","Review_time":"2 months ago","Review":"","Likes":""},{"Name":"","Category":"","Rating":" 5 stars ","Number_of_Reviews":"","Address":"","Reviewer":"Hiram Mendez","Reviewer_page":"https://www.google.com/maps/contrib/115304703684795952242/reviews?hl=en-US","Review_time":"4 years ago","Review":"","Likes":""},{"Name":"","Category":"","Rating":" 2 stars ","Number_of_Reviews":"","Address":"","Reviewer":"K Hansa","Reviewer_page":"https://www.google.com/maps/contrib/103818290919766966286/reviews?hl=en-US","Review_time":"3 years ago","Review":"","Likes":""},{"Name":"","Category":"","Rating":" 5 stars ","Number_of_Reviews":"","Address":"","Reviewer":"Yuuki Kiriha","Reviewer_page":"https://www.google.com/maps/contrib/101593955647645867695/reviews?hl=en-US","Review_time":"2 years ago","Review":"","Likes":""},{"Name":"","Category":"","Rating":" 5 stars ","Number_of_Reviews":"","Address":"","Reviewer":"joey jacobs","Reviewer_page":"https://www.google.com/maps/contrib/115496293819374240082/reviews?hl=en-US","Review_time":"2 years ago","Review":"","Likes":""},{"Name":"","Category":"","Rating":" 5 stars ","Number_of_Reviews":"","Address":"","Reviewer":"Vin","Reviewer_page":"https://www.google.com/maps/contrib/101972981555997623724/reviews?hl=en-US","Review_time":"10 months ago","Review":"","Likes":""},{"Name":"","Category":"","Rating":" 5 stars ","Number_of_Reviews":"","Address":"","Reviewer":"Colin McCole","Reviewer_page":"https://www.google.com/maps/contrib/114599247438917052291/reviews?hl=en-US","Review_time":"a year ago","Review":"","Likes":""},{"Name":"","Category":"","Rating":" 5 stars ","Number_of_Reviews":"","Address":"","Reviewer":"Ashley Wilkes","Reviewer_page":"https://www.google.com/maps/contrib/118150038546275410169/reviews?hl=en-US","Review_time":"3 years ago","Review":"","Likes":""},{"Name":"","Category":"","Rating":" 5 stars ","Number_of_Reviews":"","Address":"","Reviewer":"Greg Fosdal","Reviewer_page":"https://www.google.com/maps/contrib/118261125493445993174/reviews?hl=en-US","Review_time":"3 years ago","Review":"","Likes":""},{"Name":"","Category":"","Rating":" 3 stars ","Number_of_Reviews":"","Address":"","Reviewer":"Darrell Tasso","Reviewer_page":"https://www.google.com/maps/contrib/105433508426146579234/reviews?hl=en-US","Review_time":"a year ago","Review":"","Likes":""},{"Name":"","Category":"","Rating":" 5 stars ","Number_of_Reviews":"","Address":"","Reviewer":"Daniela Cruz","Reviewer_page":"https://www.google.com/maps/contrib/104153720525678962534/reviews?hl=en-US","Review_time":"2 years ago","Review":"","Likes":""},{"Name":"","Category":"","Rating":" 4 stars ","Number_of_Reviews":"","Address":"","Reviewer":"adam fuentes","Reviewer_page":"https://www.google.com/maps/contrib/102303298497925903223/reviews?hl=en-US","Review_time":"4 years ago","Review":"","Likes":""},{"Name":"","Category":"","Rating":" 5 stars ","Number_of_Reviews":"","Address":"","Reviewer":"Ina Ina","Reviewer_page":"https://www.google.com/maps/contrib/116570996240442969588/reviews?hl=en-US","Review_time":"3 years ago","Review":"","Likes":""},{"Name":"","Category":"","Rating":" 5 stars ","Number_of_Reviews":"","Address":"","Reviewer":"Ashley Tahual","Reviewer_page":"https://www.google.com/maps/contrib/104056491508079381937/reviews?hl=en-US","Review_time":"3 years ago","Review":"","Likes":""},{"Name":"","Category":"","Rating":" 5 stars ","Number_of_Reviews":"","Address":"","Reviewer":"Sandra Wagner","Reviewer_page":"https://www.google.com/maps/contrib/111263034359127432502/reviews?hl=en-US","Review_time":"3 years ago","Review":"","Likes":""},{"Name":"","Category":"","Rating":" 4 stars ","Number_of_Reviews":"","Address":"","Reviewer":"mirsad djenashevic","Reviewer_page":"https://www.google.com/maps/contrib/117070952377995399315/reviews?hl=en-US","Review_time":"3 years ago","Review":"","Likes":""},{"Name":"","Category":"","Rating":" 5 stars ","Number_of_Reviews":"","Address":"","Reviewer":"Christina Parsons","Reviewer_page":"https://www.google.com/maps/contrib/115949332427163439880/reviews?hl=en-US","Review_time":"2 years ago","Review":"","Likes":""},{"Name":"","Category":"","Rating":" 5 stars ","Number_of_Reviews":"","Address":"","Reviewer":"Brachi Goldklang n'ee Tessler","Reviewer_page":"https://www.google.com/maps/contrib/106811240136546199348/reviews?hl=en-US","Review_time":"3 years ago","Review":"","Likes":""},{"Name":"","Category":"","Rating":" 5 stars ","Number_of_Reviews":"","Address":"","Reviewer":"Jakairiya","Reviewer_page":"https://www.google.com/maps/contrib/102570796821293974948/reviews?hl=en-US","Review_time":"3 years ago","Review":"","Likes":""},{"Name":"","Category":"","Rating":" 5 stars ","Number_of_Reviews":"","Address":"","Reviewer":"Sharpy N","Reviewer_page":"https://www.google.com/maps/contrib/100831190533990491122/reviews?hl=en-US","Review_time":"3 years ago","Review":"","Likes":""},{"Name":"","Category":"","Rating":" 4 stars ","Number_of_Reviews":"","Address":"","Reviewer":"Daniel Encarnacion","Reviewer_page":"https://www.google.com/maps/contrib/117887835925030767494/reviews?hl=en-US","Review_time":"3 years ago","Review":"","Likes":""},{"Name":"","Category":"","Rating":" 4 stars ","Number_of_Reviews":"","Address":"","Reviewer":"Richard DiCola","Reviewer_page":"https://www.google.com/maps/contrib/115323433318322523358/reviews?hl=en-US","Review_time":"3 years ago","Review":"","Likes":""},{"Name":"","Category":"","Rating":" 5 stars ","Number_of_Reviews":"","Address":"","Reviewer":"Thommy Herber","Reviewer_page":"https://www.google.com/maps/contrib/102977320467591573656/reviews?hl=en-US","Review_time":"6 months ago","Review":"","Likes":""},{"Name":"","Category":"","Rating":" 5 stars ","Number_of_Reviews":"","Address":"","Reviewer":"Tony D","Reviewer_page":"https://www.google.com/maps/contrib/102414287145593170451/reviews?hl=en-US","Review_time":"3 years ago","Review":"","Likes":""},{"Name":"","Category":"","Rating":" 5 stars ","Number_of_Reviews":"","Address":"","Reviewer":"Rita Costa","Reviewer_page":"https://www.google.com/maps/contrib/117326663278029237430/reviews?hl=en-US","Review_time":"3 years ago","Review":"","Likes":""},{"Name":"","Category":"","Rating":" 5 stars ","Number_of_Reviews":"","Address":"","Reviewer":"Joe Garite II","Reviewer_page":"https://www.google.com/maps/contrib/116481654998745795740/reviews?hl=en-US","Review_time":"2 years ago","Review":"","Likes":""},{"Name":"","Category":"","Rating":" 3 stars ","Number_of_Reviews":"","Address":"","Reviewer":"Elizabeth Molina Valentin","Reviewer_page":"https://www.google.com/maps/contrib/102369521839153808549/reviews?hl=en-US","Review_time":"3 months ago","Review":"","Likes":""},{"Name":"","Category":"","Rating":" 3 stars ","Number_of_Reviews":"","Address":"","Reviewer":"arjana mezini","Reviewer_page":"https://www.google.com/maps/contrib/107332450025832834622/reviews?hl=en-US","Review_time":"a year ago","Review":"","Likes":""},{"Name":"","Category":"","Rating":" 5 stars ","Number_of_Reviews":"","Address":"","Reviewer":"Cassandra Collins","Reviewer_page":"https://www.google.com/maps/contrib/118444082637626459700/reviews?hl=en-US","Review_time":"3 years ago","Review":"","Likes":""},{"Name":"","Category":"","Rating":" 5 stars ","Number_of_Reviews":"","Address":"","Reviewer":"cheryze Brown","Reviewer_page":"https://www.google.com/maps/contrib/104902420754962844195/reviews?hl=en-US","Review_time":"2 months ago","Review":"","Likes":""},{"Name":"","Category":"","Rating":" 5 stars ","Number_of_Reviews":"","Address":"","Reviewer":"Meg Rekovic","Reviewer_page":"https://www.google.com/maps/contrib/117698081355103053085/reviews?hl=en-US","Review_time":"3 years ago","Review":"","Likes":""},{"Name":"","Category":"","Rating":" 4 stars ","Number_of_Reviews":"","Address":"","Reviewer":"Yuri","Reviewer_page":"https://www.google.com/maps/contrib/105412334525166115238/reviews?hl=en-US","Review_time":"2 years ago","Review":"","Likes":""},{"Name":"","Category":"","Rating":" 5 stars ","Number_of_Reviews":"","Address":"","Reviewer":"Felix Rivas","Reviewer_page":"https://www.google.com/maps/contrib/108404892513490808486/reviews?hl=en-US","Review_time":"a year ago","Review":"","Likes":""},{"Name":"","Category":"","Rating":" 5 stars ","Number_of_Reviews":"","Address":"","Reviewer":"John Petito","Reviewer_page":"https://www.google.com/maps/contrib/110910881833651605889/reviews?hl=en-US","Review_time":"4 years ago","Review":"","Likes":""},{"Name":"","Category":"","Rating":" 5 stars ","Number_of_Reviews":"","Address":"","Reviewer":"Nikki Sturnialo","Reviewer_page":"https://www.google.com/maps/contrib/104648528840410608395/reviews?hl=en-US","Review_time":"3 years ago","Review":"","Likes":""},{"Name":"","Category":"","Rating":" 5 stars ","Number_of_Reviews":"","Address":"","Reviewer":"Javier Lazaro","Reviewer_page":"https://www.google.com/maps/contrib/112728048426326682211/reviews?hl=en-US","Review_time":"4 months ago","Review":"","Likes":""},{"Name":"","Category":"","Rating":" 4 stars ","Number_of_Reviews":"","Address":"","Reviewer":"Rocio Almazo","Reviewer_page":"https://www.google.com/maps/contrib/106986728058568112258/reviews?hl=en-US","Review_time":"3 years ago","Review":"","Likes":""},{"Name":"","Category":"","Rating":" 4 stars ","Number_of_Reviews":"","Address":"","Reviewer":"Ali Raja","Reviewer_page":"https://www.google.com/maps/contrib/117356952806275510390/reviews?hl=en-US","Review_time":"3 years ago","Review":"","Likes":""},{"Name":"","Category":"","Rating":" 5 stars ","Number_of_Reviews":"","Address":"","Reviewer":"Elizabeth Martinez","Reviewer_page":"https://www.google.com/maps/contrib/102186211774796079880/reviews?hl=en-US","Review_time":"3 years ago","Review":"","Likes":""},{"Name":"","Category":"","Rating":" 5 stars ","Number_of_Reviews":"","Address":"","Reviewer":"Toniooszn","Reviewer_page":"https://www.google.com/maps/contrib/105237585977415191637/reviews?hl=en-US","Review_time":"a year ago","Review":"","Likes":""},{"Name":"","Category":"","Rating":" 4 stars ","Number_of_Reviews":"","Address":"","Reviewer":"Matty Castelucci","Reviewer_page":"https://www.google.com/maps/contrib/111154931198251157801/reviews?hl=en-US","Review_time":"3 years ago","Review":"","Likes":""},{"Name":"","Category":"","Rating":" 4 stars ","Number_of_Reviews":"","Address":"","Reviewer":"Migliaccio Benedetto","Reviewer_page":"https://www.google.com/maps/contrib/111408838647676958624/reviews?hl=en-US","Review_time":"3 years ago","Review":"","Likes":""},{"Name":"","Category":"","Rating":" 5 stars ","Number_of_Reviews":"","Address":"","Reviewer":"PJB Sandhu","Reviewer_page":"https://www.google.com/maps/contrib/107702032111882009190/reviews?hl=en-US","Review_time":"a year ago","Review":"","Likes":""},{"Name":"","Category":"","Rating":" 5 stars ","Number_of_Reviews":"","Address":"","Reviewer":"Gabriel castellano","Reviewer_page":"https://www.google.com/maps/contrib/118254580390338113146/reviews?hl=en-US","Review_time":"3 years ago","Review":"","Likes":""},{"Name":"","Category":"","Rating":" 4 stars ","Number_of_Reviews":"","Address":"","Reviewer":"Romulus Staton, III (Rom)","Reviewer_page":"https://www.google.com/maps/contrib/101289521359765401789/reviews?hl=en-US","Review_time":"3 years ago","Review":"","Likes":""},{"Name":"","Category":"","Rating":" 5 stars ","Number_of_Reviews":"","Address":"","Reviewer":"Iris Gonzalez","Reviewer_page":"https://www.google.com/maps/contrib/109737733967659220054/reviews?hl=en-US","Review_time":"3 years ago","Review":"","Likes":""},{"Name":"","Category":"","Rating":" 5 stars ","Number_of_Reviews":"","Address":"","Reviewer":"Christopher Kelly","Reviewer_page":"https://www.google.com/maps/contrib/107215770615792997269/reviews?hl=en-US","Review_time":"2 years ago","Review":"","Likes":""},{"Name":"","Category":"","Rating":" 1 star ","Number_of_Reviews":"","Address":"","Reviewer":"Lee Adama","Reviewer_page":"https://www.google.com/maps/contrib/107133475147913213154/reviews?hl=en-US","Review_time":"3 years ago","Review":"","Likes":""},{"Name":"","Category":"","Rating":" 1 star ","Number_of_Reviews":"","Address":"","Reviewer":"michael zanelli","Reviewer_page":"https://www.google.com/maps/contrib/113564804497965847365/reviews?hl=en-US","Review_time":"5 years ago","Review":"","Likes":""},{"Name":"","Category":"","Rating":" 5 stars ","Number_of_Reviews":"","Address":"","Reviewer":"Ramon Alexander Paz Carter","Reviewer_page":"https://www.google.com/maps/contrib/112102965292560817883/reviews?hl=en-US","Review_time":"a year ago","Review":"","Likes":""},{"Name":"","Category":"","Rating":" 5 stars ","Number_of_Reviews":"","Address":"","Reviewer":"Veronica Darcy","Reviewer_page":"https://www.google.com/maps/contrib/109061992357340444289/reviews?hl=en-US","Review_time":"3 years ago","Review":"","Likes":""},{"Name":"","Category":"","Rating":" 4 stars ","Number_of_Reviews":"","Address":"","Reviewer":"Ed Pollio","Reviewer_page":"https://www.google.com/maps/contrib/102125377647548433079/reviews?hl=en-US","Review_time":"5 years ago","Review":"","Likes":""},{"Name":"","Category":"","Rating":" 5 stars ","Number_of_Reviews":"","Address":"","Reviewer":"Susan Allen","Reviewer_page":"https://www.google.com/maps/contrib/108301895201946818640/reviews?hl=en-US","Review_time":"3 years ago","Review":"","Likes":""},{"Name":"","Category":"","Rating":" 4 stars ","Number_of_Reviews":"","Address":"","Reviewer":"Gina","Reviewer_page":"https://www.google.com/maps/contrib/113443811140878703197/reviews?hl=en-US","Review_time":"a month ago","Review":"","Likes":""},{"Name":"","Category":"","Rating":" 5 stars ","Number_of_Reviews":"","Address":"","Reviewer":"e.st.y","Reviewer_page":"https://www.google.com/maps/contrib/112541747804434793428/reviews?hl=en-US","Review_time":"2 years ago","Review":"","Likes":""},{"Name":"","Category":"","Rating":" 5 stars ","Number_of_Reviews":"","Address":"","Reviewer":"Brian “bwDraco” Wong","Reviewer_page":"https://www.google.com/maps/contrib/117796337399502377200/reviews?hl=en-US","Review_time":"3 years ago","Review":"","Likes":""},{"Name":"","Category":"","Rating":" 3 stars ","Number_of_Reviews":"","Address":"","Reviewer":"Jamie Lopez","Reviewer_page":"https://www.google.com/maps/contrib/112102267813720647456/reviews?hl=en-US","Review_time":"3 years ago","Review":"","Likes":""},{"Name":"","Category":"","Rating":" 4 stars ","Number_of_Reviews":"","Address":"","Reviewer":"John B","Reviewer_page":"https://www.google.com/maps/contrib/105303792416342755038/reviews?hl=en-US","Review_time":"4 years ago","Review":"","Likes":""},{"Name":"","Category":"","Rating":" 5 stars ","Number_of_Reviews":"","Address":"","Reviewer":"Jody Wu","Reviewer_page":"https://www.google.com/maps/contrib/114648203237065216767/reviews?hl=en-US","Review_time":"2 years ago","Review":"","Likes":""},{"Name":"","Category":"","Rating":" 4 stars ","Number_of_Reviews":"","Address":"","Reviewer":"Salvatore Rubino","Reviewer_page":"https://www.google.com/maps/contrib/105530366144638380939/reviews?hl=en-US","Review_time":"2 years ago","Review":"","Likes":""},{"Name":"","Category":"","Rating":" 4 stars ","Number_of_Reviews":"","Address":"","Reviewer":"Mr. A","Reviewer_page":"https://www.google.com/maps/contrib/113035620192628215770/reviews?hl=en-US","Review_time":"5 years ago","Review":"","Likes":""},{"Name":"","Category":"","Rating":" 5 stars ","Number_of_Reviews":"","Address":"","Reviewer":"Alan Yadir Garcia Romero","Reviewer_page":"https://www.google.com/maps/contrib/115002395642686823340/reviews?hl=en-US","Review_time":"a year ago","Review":"","Likes":""},{"Name":"","Category":"","Rating":" 4 stars ","Number_of_Reviews":"","Address":"","Reviewer":"Chaniel Mays","Reviewer_page":"https://www.google.com/maps/contrib/112506033529842808306/reviews?hl=en-US","Review_time":"3 years ago","Review":"","Likes":""},{"Name":"","Category":"","Rating":" 5 stars ","Number_of_Reviews":"","Address":"","Reviewer":"σταματης τσενες","Reviewer_page":"https://www.google.com/maps/contrib/102872792045181309999/reviews?hl=en-US","Review_time":"3 years ago","Review":"","Likes":""},{"Name":"","Category":"","Rating":" 4 stars ","Number_of_Reviews":"","Address":"","Reviewer":"Fazzix Lock","Reviewer_page":"https://www.google.com/maps/contrib/104703624291365852194/reviews?hl=en-US","Review_time":"a year ago","Review":"","Likes":""},{"Name":"","Category":"","Rating":" 5 stars ","Number_of_Reviews":"","Address":"","Reviewer":"Marcela Luna","Reviewer_page":"https://www.google.com/maps/contrib/116450583615866333478/reviews?hl=en-US","Review_time":"5 months ago","Review":"","Likes":""},{"Name":"","Category":"","Rating":" 5 stars ","Number_of_Reviews":"","Address":"","Reviewer":"Destiny Sanz","Reviewer_page":"https://www.google.com/maps/contrib/105235402306093591833/reviews?hl=en-US","Review_time":"3 years ago","Review":"","Likes":""},{"Name":"","Category":"","Rating":" 5 stars ","Number_of_Reviews":"","Address":"","Reviewer":"Bachi Dautaj","Reviewer_page":"https://www.google.com/maps/contrib/105059359613355155187/reviews?hl=en-US","Review_time":"a year ago","Review":"","Likes":""},{"Name":"","Category":"","Rating":" 5 stars ","Number_of_Reviews":"","Address":"","Reviewer":"Andro Abdelmalek","Reviewer_page":"https://www.google.com/maps/contrib/107064333175684390233/reviews?hl=en-US","Review_time":"3 years ago","Review":"","Likes":""},{"Name":"","Category":"","Rating":" 5 stars ","Number_of_Reviews":"","Address":"","Reviewer":"Dawn Hay","Reviewer_page":"https://www.google.com/maps/contrib/112126626972157646868/reviews?hl=en-US","Review_time":"3 years ago","Review":"","Likes":""},{"Name":"","Category":"","Rating":" 5 stars ","Number_of_Reviews":"","Address":"","Reviewer":"Sweet Bee","Reviewer_page":"https://www.google.com/maps/contrib/111634022077942428825/reviews?hl=en-US","Review_time":"a year ago","Review":"","Likes":""},{"Name":"","Category":"","Rating":" 5 stars ","Number_of_Reviews":"","Address":"","Reviewer":"Mariana Aquilino","Reviewer_page":"https://www.google.com/maps/contrib/105245010788957607171/reviews?hl=en-US","Review_time":"2 years ago","Review":"","Likes":""},{"Name":"","Category":"","Rating":" 1 star ","Number_of_Reviews":"","Address":"","Reviewer":"M Elb.","Reviewer_page":"https://www.google.com/maps/contrib/102590292106542248106/reviews?hl=en-US","Review_time":"3 years ago","Review":"","Likes":""},{"Name":"","Category":"","Rating":" 4 stars ","Number_of_Reviews":"","Address":"","Reviewer":"Anne Barden","Reviewer_page":"https://www.google.com/maps/contrib/106648630148879101577/reviews?hl=en-US","Review_time":"6 months ago","Review":"","Likes":""},{"Name":"","Category":"","Rating":" 1 star ","Number_of_Reviews":"","Address":"","Reviewer":"Lily Mn","Reviewer_page":"https://www.google.com/maps/contrib/116335139701900474420/reviews?hl=en-US","Review_time":"a year ago","Review":"","Likes":""},{"Name":"","Category":"","Rating":" 4 stars ","Number_of_Reviews":"","Address":"","Reviewer":"Mourad ben radi","Reviewer_page":"https://www.google.com/maps/contrib/118066763937591272089/reviews?hl=en-US","Review_time":"a year ago","Review":"","Likes":""},{"Name":"","Category":"","Rating":" 5 stars ","Number_of_Reviews":"","Address":"","Reviewer":"Maria Frances","Reviewer_page":"https://www.google.com/maps/contrib/112842987919251311582/reviews?hl=en-US","Review_time":"3 years ago","Review":"","Likes":""},{"Name":"","Category":"","Rating":" 4 stars ","Number_of_Reviews":"","Address":"","Reviewer":"Aleksandra Rezk","Reviewer_page":"https://www.google.com/maps/contrib/114313725181663531371/reviews?hl=en-US","Review_time":"3 years ago","Review":"","Likes":""},{"Name":"","Category":"","Rating":" 5 stars ","Number_of_Reviews":"","Address":"","Reviewer":"Catherine Pol","Reviewer_page":"https://www.google.com/maps/contrib/111165779892579370172/reviews?hl=en-US","Review_time":"3 years ago","Review":"","Likes":""},{"Name":"","Category":"","Rating":" 5 stars ","Number_of_Reviews":"","Address":"","Reviewer":"Nereid Talani","Reviewer_page":"https://www.google.com/maps/contrib/116215935540790018861/reviews?hl=en-US","Review_time":"2 years ago","Review":"","Likes":""},{"Name":"","Category":"","Rating":" 4 stars ","Number_of_Reviews":"","Address":"","Reviewer":"mayra hernandez","Reviewer_page":"https://www.google.com/maps/contrib/105240628455631977674/reviews?hl=en-US","Review_time":"3 years ago","Review":"","Likes":""},{"Name":"","Category":"","Rating":" 3 stars ","Number_of_Reviews":"","Address":"","Reviewer":"Matt Li","Reviewer_page":"https://www.google.com/maps/contrib/110311683971202321098/reviews?hl=en-US","Review_time":"3 years ago","Review":"","Likes":""},{"Name":"","Category":"","Rating":" 2 stars ","Number_of_Reviews":"","Address":"","Reviewer":"George pepia jr","Reviewer_page":"https://www.google.com/maps/contrib/113703052498975850421/reviews?hl=en-US","Review_time":"3 years ago","Review":"","Likes":""},{"Name":"","Category":"","Rating":" 5 stars ","Number_of_Reviews":"","Address":"","Reviewer":"Samantha Ziggler","Reviewer_page":"https://www.google.com/maps/contrib/114036179863542825741/reviews?hl=en-US","Review_time":"3 years ago","Review":"","Likes":""},{"Name":"","Category":"","Rating":" 5 stars ","Number_of_Reviews":"","Address":"","Reviewer":"Nancy Rivera","Reviewer_page":"https://www.google.com/maps/contrib/114532919761956797230/reviews?hl=en-US","Review_time":"3 years ago","Review":"","Likes":""},{"Name":"","Category":"","Rating":" 4 stars ","Number_of_Reviews":"","Address":"","Reviewer":"Teddy G","Reviewer_page":"https://www.google.com/maps/contrib/118060752040710085043/reviews?hl=en-US","Review_time":"4 years ago","Review":"","Likes":""},{"Name":"","Category":"","Rating":" 5 stars ","Number_of_Reviews":"","Address":"","Reviewer":"GlENNIS ALMONTE","Reviewer_page":"https://www.google.com/maps/contrib/105834439864401334575/reviews?hl=en-US","Review_time":"a year ago","Review":"","Likes":""},{"Name":"","Category":"","Rating":" 5 stars ","Number_of_Reviews":"","Address":"","Reviewer":"us limo","Reviewer_page":"https://www.google.com/maps/contrib/115379400610515519377/reviews?hl=en-US","Review_time":"3 years ago","Review":"","Likes":""},{"Name":"","Category":"","Rating":" 5 stars ","Number_of_Reviews":"","Address":"","Reviewer":"joseph pizzuto","Reviewer_page":"https://www.google.com/maps/contrib/102561627134004199946/reviews?hl=en-US","Review_time":"a year ago","Review":"","Likes":""},{"Name":"","Category":"","Rating":" 4 stars ","Number_of_Reviews":"","Address":"","Reviewer":"N","Reviewer_page":"https://www.google.com/maps/contrib/102443229410001979340/reviews?hl=en-US","Review_time":"a year ago","Review":"","Likes":""},{"Name":"","Category":"","Rating":" 5 stars ","Number_of_Reviews":"","Address":"","Reviewer":"John Lenihan","Reviewer_page":"https://www.google.com/maps/contrib/111277841731101402700/reviews?hl=en-US","Review_time":"2 years ago","Review":"","Likes":""},{"Name":"","Category":"","Rating":" 4 stars ","Number_of_Reviews":"","Address":"","Reviewer":"onome umukoro","Reviewer_page":"https://www.google.com/maps/contrib/103020833899030098753/reviews?hl=en-US","Review_time":"2 years ago","Review":"","Likes":""},{"Name":"","Category":"","Rating":" 5 stars ","Number_of_Reviews":"","Address":"","Reviewer":"whiskypedia nyc","Reviewer_page":"https://www.google.com/maps/contrib/114342193141583304484/reviews?hl=en-US","Review_time":"8 months ago","Review":"","Likes":""},{"Name":"","Category":"","Rating":" 5 stars ","Number_of_Reviews":"","Address":"","Reviewer":"Stephanie Rodriguez","Reviewer_page":"https://www.google.com/maps/contrib/106002824458536780238/reviews?hl=en-US","Review_time":"3 years ago","Review":"","Likes":""},{"Name":"","Category":"","Rating":" 5 stars ","Number_of_Reviews":"","Address":"","Reviewer":"Celia florentino","Reviewer_page":"https://www.google.com/maps/contrib/108385768315692684685/reviews?hl=en-US","Review_time":"a year ago","Review":"","Likes":""},{"Name":"","Category":"","Rating":" 5 stars ","Number_of_Reviews":"","Address":"","Reviewer":"Natasha Iglesias","Reviewer_page":"https://www.google.com/maps/contrib/114063524298364023537/reviews?hl=en-US","Review_time":"3 years ago","Review":"","Likes":""}