[{"Name":"","Category":"","Rating":" 5 stars ","Number_of_Reviews":"","Address":"","Reviewer":"John Rogers","Reviewer_page":"https://www.google.com/maps/contrib/105393336763732399404/reviews?hl=en-US","Review_time":"a month ago","Review":"Fast service, friendly staff, not that crowded, limited parking but can manage, coffee is really good. Enough tables to dine in. They have a whole variety of snacks too.","Likes":""},{"Name":"","Category":"","Rating":" 5 stars ","Number_of_Reviews":"","Address":"","Reviewer":"Stacy Sobel","Reviewer_page":"https://www.google.com/maps/contrib/108650412476406110334/reviews?hl=en-US","Review_time":"2 weeks ago","Review":"I love this Starbucks. Everyone is super friendly and service is quick.","Likes":""},{"Name":"","Category":"","Rating":" 5 stars ","Number_of_Reviews":"","Address":"","Reviewer":"gene peterson","Reviewer_page":"https://www.google.com/maps/contrib/100640529181617230605/reviews?hl=en-US","Review_time":"2 weeks ago","Review":"Coffee was good as usual. Just wish it was more budget friendly..","Likes":""},{"Name":"","Category":"","Rating":" 4 stars ","Number_of_Reviews":"","Address":"","Reviewer":"Peter Krekoukis","Reviewer_page":"https://www.google.com/maps/contrib/105826811969835095988/reviews?hl=en-US","Review_time":"2 years ago","Review":"The service and product(s) were good!\nThe only concern I have is why when  outside the temperature is 44 degrees  ...inside the store is lower??? (The air condition was running making unbearable to stay in)","Likes":""},{"Name":"","Category":"","Rating":" 5 stars ","Number_of_Reviews":"","Address":"","Reviewer":"moe hamed","Reviewer_page":"https://www.google.com/maps/contrib/117102710577257048027/reviews?hl=en-US","Review_time":"a month ago","Review":"If Nicole makes your coffee your day is truly blessed","Likes":""},{"Name":"","Category":"","Rating":" 2 stars ","Number_of_Reviews":"","Address":"","Reviewer":"xDamage82x","Reviewer_page":"https://www.google.com/maps/contrib/115173300743800736512/reviews?hl=en-US","Review_time":"a year ago","Review":"Ordering here is a disaster.  Mobile pickups take way too long. The order and pickup system has no rhyme or reason. Everyone just clusters in the corner while having to reach over the counter to see if its their drink because half the time they don't call out your name.  Probably because they are so overwhelmed . The manager made a brief appearance then immediately went to back. Maybe stick around and help out till they are caught up. If your in any kind of rush or just want a quick cup, go elsewhere. **Had to edit as I just got home and opened it up. It's not even properly made. Just spashed together and slapped a top on. Exactly what you get when management is lacking.","Likes":""},{"Name":"","Category":"","Rating":" 2 stars ","Number_of_Reviews":"","Address":"","Reviewer":"Dez B","Reviewer_page":"https://www.google.com/maps/contrib/114718562775765188033/reviews?hl=en-US","Review_time":"9 months ago","Review":"First, this Starbucks is in a horrible location. Second, there is no system for pick up orders which leads to complete chaos when you go in during busy hours, not that it's really any different any other time","Likes":""},{"Name":"","Category":"","Rating":" 5 stars ","Number_of_Reviews":"","Address":"","Reviewer":"Amanda Pierce","Reviewer_page":"https://www.google.com/maps/contrib/114240628947920262038/reviews?hl=en-US","Review_time":"a year ago","Review":"This is the nicest Starbucks staff anywhere. I don’t know what it is about this particular location. I have honestly been to Starbucks everywhere From New York to Istanbul to Auckland and they are just always so friendly and on the ball. …","Likes":""},{"Name":"","Category":"","Rating":" 3 stars ","Number_of_Reviews":"","Address":"","Reviewer":"Louise Waldman","Reviewer_page":"https://www.google.com/maps/contrib/103235091445361012684/reviews?hl=en-US","Review_time":"a year ago","Review":"I will start by saying the staff is great. I spend 25 a week on coffee a week.  I have no problem with that  cause I enjoy my Starbuck.  But for the last month they have been out of splendor. So I have to supply my own.  They got rid of equal a year ago.  So my only other choice is stevia(which I hate).just  curious why they can't get splendor.🤷","Likes":""},{"Name":"","Category":"","Rating":" 4 stars ","Number_of_Reviews":"","Address":"","Reviewer":"Crook Bladez","Reviewer_page":"https://www.google.com/maps/contrib/110587267509843663864/reviews?hl=en-US","Review_time":"a year ago","Review":"No different from any other Starbucks Customer service from Melissa was exceptional..had my usually Grande matcha latte.. Starbucks could use a higher quality matcha for the price though","Likes":""},{"Name":"","Category":"","Rating":" 1 star ","Number_of_Reviews":"","Address":"","Reviewer":"john m","Reviewer_page":"https://www.google.com/maps/contrib/113731533789069753177/reviews?hl=en-US","Review_time":"8 months ago","Review":"Caramel macchiato was awful! Usually its great, justcwas not made right.  The wait was also pretty long.","Likes":""},{"Name":"","Category":"","Rating":" 5 stars ","Number_of_Reviews":"","Address":"","Reviewer":"Robert Nelson","Reviewer_page":"https://www.google.com/maps/contrib/116681914340940527123/reviews?hl=en-US","Review_time":"3 months ago","Review":"Friendly and quick service, clean location.","Likes":""},{"Name":"","Category":"","Rating":" 5 stars ","Number_of_Reviews":"","Address":"","Reviewer":"Armando Vadell, Jr.","Reviewer_page":"https://www.google.com/maps/contrib/103048874444322448741/reviews?hl=en-US","Review_time":"a year ago","Review":"Our beverages were prepared to our exact specifications and were being finalized, as I walked in the door. The Baristas were Welcoming, Pleasant, and Professional. This is currently one of the top two Starbucks in Staten Island where you can obtain a correctly prepared beverage.","Likes":""},{"Name":"","Category":"","Rating":" 5 stars ","Number_of_Reviews":"","Address":"","Reviewer":"mikeywow","Reviewer_page":"https://www.google.com/maps/contrib/113360976857149269999/reviews?hl=en-US","Review_time":"2 years ago","Review":"Parking your car is anxiety big time. The amount of space between spots is terrible. Becareful opening the car door and hope your dont scratch the car next to you. Also there is a steady flow of traffic sometimes which when pulling in can cause a headache.  Staff was in masks and the store is clean. This is a popular Starbucks which attracts everyone in the neighborhood.","Likes":"1"},{"Name":"","Category":"","Rating":" 1 star ","Number_of_Reviews":"","Address":"","Reviewer":"Linnea Kent","Reviewer_page":"https://www.google.com/maps/contrib/100211589897897436370/reviews?hl=en-US","Review_time":"2 years ago","Review":"I order from this store several times a week through Uber Eats. Sometimes small things would be missing but no big deal. Today I received my order without the oatmeal. I have the coffee and toppings but nothing to eat now. Uber Eats refunded me for the oatmeal but that's not the point. I have no other option for food at my location so now I have to wait until work is done (6 more hours) so I can eat something at home.","Likes":""},{"Name":"","Category":"","Rating":" 4 stars ","Number_of_Reviews":"","Address":"","Reviewer":"Adam Gonzalez","Reviewer_page":"https://www.google.com/maps/contrib/112244463740936211445/reviews?hl=en-US","Review_time":"2 years ago","Review":"They had a full staff today still no thank you at register and gave me two large coffees with no bagging to go.. I had to start donig them my self to be told a better\"bag\" How many people does it take to take care of 3 customers? I am sorry 💔 everybody is so sad but we all are.","Likes":""},{"Name":"","Category":"","Rating":" 1 star ","Number_of_Reviews":"","Address":"","Reviewer":"Art","Reviewer_page":"https://www.google.com/maps/contrib/106625757803141361931/reviews?hl=en-US","Review_time":"8 months ago","Review":"By far the worst Starbucks on Staten Island and maybe that I’ve ever been to. Service is so poor at this location. Stay away","Likes":""},{"Name":"","Category":"","Rating":" 5 stars ","Number_of_Reviews":"","Address":"","Reviewer":"Roman Iospa","Reviewer_page":"https://www.google.com/maps/contrib/105298927231556746526/reviews?hl=en-US","Review_time":"3 years ago","Review":"This is a newer Starbucks on staten island. Music is a bit loud,  otherwise it's good.","Likes":""},{"Name":"","Category":"","Rating":" 4 stars ","Number_of_Reviews":"","Address":"","Reviewer":"Chris French","Reviewer_page":"https://www.google.com/maps/contrib/117309611690914660942/reviews?hl=en-US","Review_time":"4 years ago","Review":"This Starbucks has a nice open layout, with a good number of different seating choices, is well lit, and always friendly staff. Inside is also always clean, the only thing not good is the parking is very limited and narrow.","Likes":""},{"Name":"","Category":"","Rating":" 2 stars ","Number_of_Reviews":"","Address":"","Reviewer":"David G","Reviewer_page":"https://www.google.com/maps/contrib/117387179337523231244/reviews?hl=en-US","Review_time":"4 years ago","Review":"I changed my review because this location made a financial decision to stop brewing decaf coffee, even in the morning. I like decaf coffee and they have it ready at Dunkin Donuts, Country Donuts, McDonald's, Burger King, and every bagel place on the island. But not Starbucks.  I have to wait five minutes after ordering for them to brew an individual cup of decaf--which makes me late for work.  I've gone less and less to Starbucks over the last couple of years, in part because it feels so impersonal. In a way it's a blessing to get out of the habit of blowing money here.","Likes":""},{"Name":"","Category":"","Rating":" 2 stars ","Number_of_Reviews":"","Address":"","Reviewer":"Victoria G","Reviewer_page":"https://www.google.com/maps/contrib/115404148492186661996/reviews?hl=en-US","Review_time":"2 years ago","Review":"Not handling Covid very well. They need more staff. The lines outside are ridiculous on most days and they make u go inside to order and then u have to wait outside in the cold for your stuff. Very inconsiderate and the girl was nasty telling people to wait outside. Very rude","Likes":""},{"Name":"","Category":"","Rating":" 1 star ","Number_of_Reviews":"","Address":"","Reviewer":"Janet Rainer","Reviewer_page":"https://www.google.com/maps/contrib/106718896150843567724/reviews?hl=en-US","Review_time":"5 years ago","Review":"My experience here was not favorable. I literally had no experience at all because my husband and I were never waited on. While the two barristers behind the counter finished up with the previous customer, my husband & I stood by the counter to be waited on. This never happened and along came another customer behind us, and he was immediately helped. Needless to say, we will not be going into this Starbucks again!","Likes":""},{"Name":"","Category":"","Rating":" 5 stars ","Number_of_Reviews":"","Address":"","Reviewer":"Robert Weingartner","Reviewer_page":"https://www.google.com/maps/contrib/113584051256767479220/reviews?hl=en-US","Review_time":"2 years ago","Review":"Excellent service and very pleasant workers. Nice relaxing atmosphere to sit down and read a book or to work on your laptop. I go to this location quite a bit and love it.","Likes":""},{"Name":"","Category":"","Rating":" 5 stars ","Number_of_Reviews":"","Address":"","Reviewer":"kermina tofek","Reviewer_page":"https://www.google.com/maps/contrib/103992838482760585486/reviews?hl=en-US","Review_time":"3 years ago","Review":"They do my coffee perfect and its very hard for me to like how people do it since I am a barista, but they do it just right. love it","Likes":""},{"Name":"","Category":"","Rating":" 3 stars ","Number_of_Reviews":"","Address":"","Reviewer":"Lisa Martinelli","Reviewer_page":"https://www.google.com/maps/contrib/110938143289726516758/reviews?hl=en-US","Review_time":"4 years ago","Review":"Starbucks at Columbus and 100th is severely lacking in customer service the staff talks to each other and will joke  around instead of paying attention to the customers... always long lines and not the most professional Starbucks I've emcountered.","Likes":""},{"Name":"","Category":"","Rating":" 5 stars ","Number_of_Reviews":"","Address":"","Reviewer":"JIMMY SAADY","Reviewer_page":"https://www.google.com/maps/contrib/117439241233782910960/reviews?hl=en-US","Review_time":"7 months ago","Review":"It’s a topical extra clean extra quite Starbucks","Likes":"1"},{"Name":"","Category":"","Rating":" 2 stars ","Number_of_Reviews":"","Address":"","Reviewer":"Lester German","Reviewer_page":"https://www.google.com/maps/contrib/105286886423398419808/reviews?hl=en-US","Review_time":"a year ago","Review":"Mobile orders take very long. Have waited more than 10 minutes several times for mobile orders. Nothing fancy, just a latte. Need more staff","Likes":""},{"Name":"","Category":"","Rating":" 5 stars ","Number_of_Reviews":"","Address":"","Reviewer":"Lu Acerino","Reviewer_page":"https://www.google.com/maps/contrib/115518442946174079171/reviews?hl=en-US","Review_time":"3 years ago","Review":"Went to Starbucks on Woodrow...the girl that helped me decide what drink to get, Kayla not only was so nice but made me the most delicious drink!! Thank you !","Likes":""},{"Name":"","Category":"","Rating":" 4 stars ","Number_of_Reviews":"","Address":"","Reviewer":"Makarand Abhyankar","Reviewer_page":"https://www.google.com/maps/contrib/110834788458449503744/reviews?hl=en-US","Review_time":"2 weeks ago","Review":"Best coffee shop","Likes":""},{"Name":"","Category":"","Rating":" 1 star ","Number_of_Reviews":"","Address":"","Reviewer":"Louis Rainer","Reviewer_page":"https://www.google.com/maps/contrib/109699676182291066808/reviews?hl=en-US","Review_time":"5 years ago","Review":"The service in this Starbucks was the worst I ever seen I would never go to this establishment again. Staff is inattentive toward customers, they are more interested in conversing with each other","Likes":""},{"Name":"","Category":"","Rating":" 5 stars ","Number_of_Reviews":"","Address":"","Reviewer":"Nylee & Sawyer","Reviewer_page":"https://www.google.com/maps/contrib/111569905276675648652/reviews?hl=en-US","Review_time":"3 years ago","Review":"Best Starbucks on Staten Island! Great service, gets everything right, listens to you, and most of all great drinks!! ❤️","Likes":""},{"Name":"","Category":"","Rating":" 5 stars ","Number_of_Reviews":"","Address":"","Reviewer":"Lilly H.","Reviewer_page":"https://www.google.com/maps/contrib/115881849774249065653/reviews?hl=en-US","Review_time":"2 years ago","Review":"Great atmosphere, delicious coffee!\nPeople are so friendly and make you feel welcome!","Likes":""},{"Name":"","Category":"","Rating":" 1 star ","Number_of_Reviews":"","Address":"","Reviewer":"Labinota Cela","Reviewer_page":"https://www.google.com/maps/contrib/108678194846617085995/reviews?hl=en-US","Review_time":"3 years ago","Review":"The worst starbucks on the Island.  I thought mobile orders were supposed to be priority, why does it take this place 10 min to make a mobile order?!?! Ridiculous!","Likes":""},{"Name":"","Category":"","Rating":" 5 stars ","Number_of_Reviews":"","Address":"","Reviewer":"Mark Woglom","Reviewer_page":"https://www.google.com/maps/contrib/110884059905684935102/reviews?hl=en-US","Review_time":"a year ago","Review":"The new Starbucks here in Woodrow makes amazing caramel macchiatos! Great starbucks!","Likes":""},{"Name":"","Category":"","Rating":" 5 stars ","Number_of_Reviews":"","Address":"","Reviewer":"Elayne McKenna","Reviewer_page":"https://www.google.com/maps/contrib/115605097272577155271/reviews?hl=en-US","Review_time":"2 years ago","Review":"They make the best lattes and the barista are all friendly!","Likes":""},{"Name":"","Category":"","Rating":" 4 stars ","Number_of_Reviews":"","Address":"","Reviewer":"Gwen Actions","Reviewer_page":"https://www.google.com/maps/contrib/118087737479774227429/reviews?hl=en-US","Review_time":"5 years ago","Review":"Makes drinks almost exactly same to description, the Vanilla Frap is literally ice though.","Likes":""},{"Name":"","Category":"","Rating":" 5 stars ","Number_of_Reviews":"","Address":"","Reviewer":"Pat Travolino","Reviewer_page":"https://www.google.com/maps/contrib/100128612067382726175/reviews?hl=en-US","Review_time":"2 years ago","Review":"Always get what you order and the breakfast eats are delicious","Likes":"1"},{"Name":"","Category":"","Rating":" 5 stars ","Number_of_Reviews":"","Address":"","Reviewer":"Barb T","Reviewer_page":"https://www.google.com/maps/contrib/114551712336096590247/reviews?hl=en-US","Review_time":"2 years ago","Review":"Nice,well lit place.  It also has good seating.","Likes":""},{"Name":"","Category":"","Rating":" 5 stars ","Number_of_Reviews":"","Address":"","Reviewer":"bert cohen","Reviewer_page":"https://www.google.com/maps/contrib/101247124636964394760/reviews?hl=en-US","Review_time":"7 months ago","Review":"The best 👌Starbucks in N Y C  !!!","Likes":""},{"Name":"","Category":"","Rating":" 4 stars ","Number_of_Reviews":"","Address":"","Reviewer":"Alivia Ashenfarb","Reviewer_page":"https://www.google.com/maps/contrib/117965823577325287175/reviews?hl=en-US","Review_time":"3 years ago","Review":"a little slow, but a big space and good drinks of course","Likes":""},{"Name":"","Category":"","Rating":" 5 stars ","Number_of_Reviews":"","Address":"","Reviewer":"The Gacha Peeps","Reviewer_page":"https://www.google.com/maps/contrib/100775572862092120561/reviews?hl=en-US","Review_time":"3 years ago","Review":"I love this place!woodrow plaza is the best from the rest!absoloutely very friendly and place is clean..love u guys😘😘😘🙏👍","Likes":""},{"Name":"","Category":"","Rating":" 5 stars ","Number_of_Reviews":"","Address":"","Reviewer":"Karyn Bello","Reviewer_page":"https://www.google.com/maps/contrib/114030368479639302059/reviews?hl=en-US","Review_time":"8 months ago","Review":"Best Starbucks by far!!!","Likes":""},{"Name":"","Category":"","Rating":" 2 stars ","Number_of_Reviews":"","Address":"","Reviewer":"Vaughn Bellocchio","Reviewer_page":"https://www.google.com/maps/contrib/102599878909840903759/reviews?hl=en-US","Review_time":"3 years ago","Review":"Always dirty..glass.. floors . Can't you spare one employee to clean during the day","Likes":""},{"Name":"","Category":"","Rating":" 5 stars ","Number_of_Reviews":"","Address":"","Reviewer":"Alyssa Gerace","Reviewer_page":"https://www.google.com/maps/contrib/116705258789766002862/reviews?hl=en-US","Review_time":"3 years ago","Review":"My coffee is always ready fast and made perfect.","Likes":""},{"Name":"","Category":"","Rating":" 5 stars ","Number_of_Reviews":"","Address":"","Reviewer":"Kathy Barzal Real Estate","Reviewer_page":"https://www.google.com/maps/contrib/106569162246179298459/reviews?hl=en-US","Review_time":"a year ago","Review":"Delicious! Love their hot chocolate.","Likes":""},{"Name":"","Category":"","Rating":" 5 stars ","Number_of_Reviews":"","Address":"","Reviewer":"Gabriel Kruger","Reviewer_page":"https://www.google.com/maps/contrib/104552160122143567998/reviews?hl=en-US","Review_time":"4 years ago","Review":"Well run Starbucks. Staff is friendly and efficient.","Likes":""},{"Name":"","Category":"","Rating":" 5 stars ","Number_of_Reviews":"","Address":"","Reviewer":"Für-Elizé Murray","Reviewer_page":"https://www.google.com/maps/contrib/100205732144604304163/reviews?hl=en-US","Review_time":"3 years ago","Review":"Great store with friendly service, good coffee.","Likes":""},{"Name":"","Category":"","Rating":" 4 stars ","Number_of_Reviews":"","Address":"","Reviewer":"Chris S.","Reviewer_page":"https://www.google.com/maps/contrib/104106856969815636807/reviews?hl=en-US","Review_time":"4 years ago","Review":"Typical Starbucks. Maybe less crowded and quieter than most.","Likes":""},{"Name":"","Category":"","Rating":" 5 stars ","Number_of_Reviews":"","Address":"","Reviewer":"Peter Lee","Reviewer_page":"https://www.google.com/maps/contrib/111250638957203336999/reviews?hl=en-US","Review_time":"5 years ago","Review":"New Store few months old. Cozy little place in Staten island. Surprised to see one here.","Likes":""},{"Name":"","Category":"","Rating":" 5 stars ","Number_of_Reviews":"","Address":"","Reviewer":"arben andoni","Reviewer_page":"https://www.google.com/maps/contrib/102533417176234458391/reviews?hl=en-US","Review_time":"4 years ago","Review":"They are the best in business. Top quality  definitely worth the money","Likes":""},{"Name":"","Category":"","Rating":" 1 star ","Number_of_Reviews":"","Address":"","Reviewer":"Selena Mcfadden","Reviewer_page":"https://www.google.com/maps/contrib/108700896193578311017/reviews?hl=en-US","Review_time":"a year ago","Review":"Needs better trained employees.","Likes":""},{"Name":"","Category":"","Rating":" 4 stars ","Number_of_Reviews":"","Address":"","Reviewer":"Nate Adams","Reviewer_page":"https://www.google.com/maps/contrib/106389893481795818940/reviews?hl=en-US","Review_time":"5 years ago","Review":"It's a decent Starbucks, not the best, but not the worst.","Likes":""},{"Name":"","Category":"","Rating":" 5 stars ","Number_of_Reviews":"","Address":"","Reviewer":"Lizette Criscitiello-Diaz","Reviewer_page":"https://www.google.com/maps/contrib/117769944230718804764/reviews?hl=en-US","Review_time":"3 years ago","Review":"My daughter loves your incredible cake pops","Likes":"1"},{"Name":"","Category":"","Rating":" 4 stars ","Number_of_Reviews":"","Address":"","Reviewer":"Vania Alvarado","Reviewer_page":"https://www.google.com/maps/contrib/105723248788100370158/reviews?hl=en-US","Review_time":"5 years ago","Review":"Always looks clean and fair service but, parking is a challenge esp in the morning.","Likes":""},{"Name":"","Category":"","Rating":" 1 star ","Number_of_Reviews":"","Address":"","Reviewer":"Gabby Ambelas","Reviewer_page":"https://www.google.com/maps/contrib/116621971413185700154/reviews?hl=en-US","Review_time":"7 months ago","Review":"rude ginger worker!","Likes":""},{"Name":"","Category":"","Rating":" 5 stars ","Number_of_Reviews":"","Address":"","Reviewer":"Chris Murphy","Reviewer_page":"https://www.google.com/maps/contrib/103979402359669777500/reviews?hl=en-US","Review_time":"5 years ago","Review":"The mornings are extremely fast and pleasant with Delilah there","Likes":""},{"Name":"","Category":"","Rating":" 5 stars ","Number_of_Reviews":"","Address":"","Reviewer":"Mickey Padula","Reviewer_page":"https://www.google.com/maps/contrib/111397102514446432260/reviews?hl=en-US","Review_time":"3 years ago","Review":"I love there coffee and bacon bites","Likes":""},{"Name":"","Category":"","Rating":" 5 stars ","Number_of_Reviews":"","Address":"","Reviewer":"Princess U u","Reviewer_page":"https://www.google.com/maps/contrib/110805663960759251246/reviews?hl=en-US","Review_time":"3 years ago","Review":"Caramel macchiato is great and madeline's.","Likes":""},{"Name":"","Category":"","Rating":" 5 stars ","Number_of_Reviews":"","Address":"","Reviewer":"George Kazazis","Reviewer_page":"https://www.google.com/maps/contrib/102136887512170128720/reviews?hl=en-US","Review_time":"4 months ago","Review":"Cake pop 😋","Likes":""},{"Name":"","Category":"","Rating":" 1 star ","Number_of_Reviews":"","Address":"","Reviewer":"SANG LEE","Reviewer_page":"https://www.google.com/maps/contrib/116434889020777497371/reviews?hl=en-US","Review_time":"a year ago","Review":"Staff service not good.","Likes":""},{"Name":"","Category":"","Rating":" 5 stars ","Number_of_Reviews":"","Address":"","Reviewer":"Jawad Bokhari","Reviewer_page":"https://www.google.com/maps/contrib/103543042013551192214/reviews?hl=en-US","Review_time":"4 years ago","Review":"My visit was very nice here.","Likes":""},{"Name":"","Category":"","Rating":" 3 stars ","Number_of_Reviews":"","Address":"","Reviewer":"Hank Riv","Reviewer_page":"https://www.google.com/maps/contrib/102541622926921222375/reviews?hl=en-US","Review_time":"a year ago","Review":"Wrong drinks made ... but done fast...","Likes":""},{"Name":"","Category":"","Rating":" 3 stars ","Number_of_Reviews":"","Address":"","Reviewer":"nancy Casuccio","Reviewer_page":"https://www.google.com/maps/contrib/102726486171787821232/reviews?hl=en-US","Review_time":"4 years ago","Review":"Coffee too strong and over priced","Likes":""},{"Name":"","Category":"","Rating":" 5 stars ","Number_of_Reviews":"","Address":"","Reviewer":"James C","Reviewer_page":"https://www.google.com/maps/contrib/118362835128375792622/reviews?hl=en-US","Review_time":"4 years ago","Review":"Always good service and food is good","Likes":"1"},{"Name":"","Category":"","Rating":" 4 stars ","Number_of_Reviews":"","Address":"","Reviewer":"Creatix Studios","Reviewer_page":"https://www.google.com/maps/contrib/104553922681503165026/reviews?hl=en-US","Review_time":"4 years ago","Review":"Great workers. The parking lot situation is horrible, though.","Likes":""},{"Name":"","Category":"","Rating":" 5 stars ","Number_of_Reviews":"","Address":"","Reviewer":"danny chen","Reviewer_page":"https://www.google.com/maps/contrib/115060846669668401801/reviews?hl=en-US","Review_time":"a year ago","Review":"Very good service","Likes":""},{"Name":"","Category":"","Rating":" 5 stars ","Number_of_Reviews":"","Address":"","Reviewer":"Carol Ann Cudzil","Reviewer_page":"https://www.google.com/maps/contrib/107302820640730414412/reviews?hl=en-US","Review_time":"4 years ago","Review":"The baristas are very nice and efficient.","Likes":""},{"Name":"","Category":"","Rating":" 5 stars ","Number_of_Reviews":"","Address":"","Reviewer":"Venus Soto","Reviewer_page":"https://www.google.com/maps/contrib/107943505694315472744/reviews?hl=en-US","Review_time":"a year ago","Review":"They are very good and they are very nice","Likes":""},{"Name":"","Category":"","Rating":" 5 stars ","Number_of_Reviews":"","Address":"","Reviewer":"Kevin Osmundsen","Reviewer_page":"https://www.google.com/maps/contrib/110628324253865132423/reviews?hl=en-US","Review_time":"9 months ago","Review":"Great service.","Likes":""},{"Name":"","Category":"","Rating":" 5 stars ","Number_of_Reviews":"","Address":"","Reviewer":"Evha Ceceli-Nikocevic","Reviewer_page":"https://www.google.com/maps/contrib/109671151439977443730/reviews?hl=en-US","Review_time":"5 years ago","Review":"Amazing!","Likes":""},{"Name":"","Category":"","Rating":" 4 stars ","Number_of_Reviews":"","Address":"","Reviewer":"daniel maloney","Reviewer_page":"https://www.google.com/maps/contrib/109460459236361760307/reviews?hl=en-US","Review_time":"3 years ago","Review":"Made my coffee exactly like I asked","Likes":""},{"Name":"","Category":"","Rating":" 5 stars ","Number_of_Reviews":"","Address":"","Reviewer":"Angelo Siragusa","Reviewer_page":"https://www.google.com/maps/contrib/102066602048367767074/reviews?hl=en-US","Review_time":"3 years ago","Review":"Excellent service with attention to personal details","Likes":""},{"Name":"","Category":"","Rating":" 5 stars ","Number_of_Reviews":"","Address":"","Reviewer":"eloisa suero","Reviewer_page":"https://www.google.com/maps/contrib/105242756623260655922/reviews?hl=en-US","Review_time":"4 years ago","Review":"Best cofee shop ever","Likes":""},{"Name":"","Category":"","Rating":" 4 stars ","Number_of_Reviews":"","Address":"","Reviewer":"Superduperman30","Reviewer_page":"https://www.google.com/maps/contrib/113750249310102633871/reviews?hl=en-US","Review_time":"5 years ago","Review":"the service was fast and the place clean","Likes":""},{"Name":"","Category":"","Rating":" 5 stars ","Number_of_Reviews":"","Address":"","Reviewer":"Heath Sobel","Reviewer_page":"https://www.google.com/maps/contrib/114458538962808071192/reviews?hl=en-US","Review_time":"4 years ago","Review":"Clean with a fast friendly staff.","Likes":""},{"Name":"","Category":"","Rating":" 1 star ","Number_of_Reviews":"","Address":"","Reviewer":"David Abramson","Reviewer_page":"https://www.google.com/maps/contrib/107147322545550507602/reviews?hl=en-US","Review_time":"a year ago","Review":"Needs to have updated times on google.","Likes":""},{"Name":"","Category":"","Rating":" 3 stars ","Number_of_Reviews":"","Address":"","Reviewer":"Adam Pecar","Reviewer_page":"https://www.google.com/maps/contrib/118208340097643318300/reviews?hl=en-US","Review_time":"3 years ago","Review":"Not really a fan of the coffee","Likes":""},{"Name":"","Category":"","Rating":" 5 stars ","Number_of_Reviews":"","Address":"","Reviewer":"antoune tadros","Reviewer_page":"https://www.google.com/maps/contrib/108020665158351309959/reviews?hl=en-US","Review_time":"a year ago","Review":"Nice very friendly","Likes":""},{"Name":"","Category":"","Rating":" 5 stars ","Number_of_Reviews":"","Address":"","Reviewer":"Robert Haggerty","Reviewer_page":"https://www.google.com/maps/contrib/112838735989565567397/reviews?hl=en-US","Review_time":"3 years ago","Review":"Ice cold tea on a sunny day!","Likes":""},{"Name":"","Category":"","Rating":" 5 stars ","Number_of_Reviews":"","Address":"","Reviewer":"Moody Marinaro","Reviewer_page":"https://www.google.com/maps/contrib/104393803520850799965/reviews?hl=en-US","Review_time":"2 years ago","Review":"dope. loved it","Likes":"1"},{"Name":"","Category":"","Rating":" 5 stars ","Number_of_Reviews":"","Address":"","Reviewer":"Louis Granato","Reviewer_page":"https://www.google.com/maps/contrib/118410884974873075347/reviews?hl=en-US","Review_time":"5 years ago","Review":"Super fast nice staff","Likes":""},{"Name":"","Category":"","Rating":" 3 stars ","Number_of_Reviews":"","Address":"","Reviewer":"Anthony Mulkay","Reviewer_page":"https://www.google.com/maps/contrib/109533131262778266286/reviews?hl=en-US","Review_time":"3 years ago","Review":"Ehhh little over priced","Likes":"1"},{"Name":"","Category":"","Rating":" 4 stars ","Number_of_Reviews":"","Address":"","Reviewer":"Aleksander Rozov","Reviewer_page":"https://www.google.com/maps/contrib/106441116084030159162/reviews?hl=en-US","Review_time":"a year ago","Review":"Nice Starbucks.","Likes":""},{"Name":"","Category":"","Rating":" 5 stars ","Number_of_Reviews":"","Address":"","Reviewer":"Treyvia Kadin","Reviewer_page":"https://www.google.com/maps/contrib/105561849931930083685/reviews?hl=en-US","Review_time":"4 years ago","Review":"Clean, but a little pricey 😆","Likes":""},{"Name":"","Category":"","Rating":" 5 stars ","Number_of_Reviews":"","Address":"","Reviewer":"Jason Long","Reviewer_page":"https://www.google.com/maps/contrib/110625595106299274508/reviews?hl=en-US","Review_time":"5 years ago","Review":"Great and friendly staff!","Likes":""},{"Name":"","Category":"","Rating":" 1 star ","Number_of_Reviews":"","Address":"","Reviewer":"Jake F","Reviewer_page":"https://www.google.com/maps/contrib/117077524361750509837/reviews?hl=en-US","Review_time":"4 years ago","Review":"Over priced and way over rated","Likes":""},{"Name":"","Category":"","Rating":" 5 stars ","Number_of_Reviews":"","Address":"","Reviewer":"brendan kane","Reviewer_page":"https://www.google.com/maps/contrib/113591778102443980687/reviews?hl=en-US","Review_time":"9 months ago","Review":"Typical Starbucks","Likes":""},{"Name":"","Category":"","Rating":" 5 stars ","Number_of_Reviews":"","Address":"","Reviewer":"Arturo “Michoacano1111” Quintana","Reviewer_page":"https://www.google.com/maps/contrib/108240441727381883883/reviews?hl=en-US","Review_time":"a year ago","Review":"☕️","Likes":""},{"Name":"","Category":"","Rating":" 5 stars ","Number_of_Reviews":"","Address":"","Reviewer":"Andrew “Drew” Hechtman","Reviewer_page":"https://www.google.com/maps/contrib/115882045504570360299/reviews?hl=en-US","Review_time":"2 years ago","Review":"It's a Starbucks.... nuff said","Likes":""},{"Name":"","Category":"","Rating":" 4 stars ","Number_of_Reviews":"","Address":"","Reviewer":"David De Rosa","Reviewer_page":"https://www.google.com/maps/contrib/118061730326267045331/reviews?hl=en-US","Review_time":"3 years ago","Review":"Chic and nor crowded.","Likes":""},{"Name":"","Category":"","Rating":" 5 stars ","Number_of_Reviews":"","Address":"","Reviewer":"Frank Sala","Reviewer_page":"https://www.google.com/maps/contrib/116036516145267170662/reviews?hl=en-US","Review_time":"3 years ago","Review":"Love there coffee","Likes":""},{"Name":"","Category":"","Rating":" 2 stars ","Number_of_Reviews":"","Address":"","Reviewer":"Jack Tazzetto","Reviewer_page":"https://www.google.com/maps/contrib/113700775838734710032/reviews?hl=en-US","Review_time":"2 years ago","Review":"No masks","Likes":""},{"Name":"","Category":"","Rating":" 5 stars ","Number_of_Reviews":"","Address":"","Reviewer":"Vitaliy S","Reviewer_page":"https://www.google.com/maps/contrib/113638788830386682733/reviews?hl=en-US","Review_time":"3 years ago","Review":"Nice place, good location","Likes":""},{"Name":"","Category":"","Rating":" 4 stars ","Number_of_Reviews":"","Address":"","Reviewer":"Daniel F Magrino","Reviewer_page":"https://www.google.com/maps/contrib/104522680122810254866/reviews?hl=en-US","Review_time":"4 years ago","Review":"Usual star bucks experience","Likes":""},{"Name":"","Category":"","Rating":" 1 star ","Number_of_Reviews":"","Address":"","Reviewer":"D A","Reviewer_page":"https://www.google.com/maps/contrib/101973644316842586091/reviews?hl=en-US","Review_time":"4 years ago","Review":"They have nothing in stock .","Likes":""},{"Name":"","Category":"","Rating":" 5 stars ","Number_of_Reviews":"","Address":"","Reviewer":"Joe Santacroce","Reviewer_page":"https://www.google.com/maps/contrib/115464547976885746635/reviews?hl=en-US","Review_time":"5 years ago","Review":"Very new","Likes":""},{"Name":"","Category":"","Rating":" 4 stars ","Number_of_Reviews":"","Address":"","Reviewer":"Peter Giglio","Reviewer_page":"https://www.google.com/maps/contrib/111522328042419454545/reviews?hl=en-US","Review_time":"3 years ago","Review":"Great atmosphere","Likes":""},{"Name":"","Category":"","Rating":" 3 stars ","Number_of_Reviews":"","Address":"","Reviewer":"Tony","Reviewer_page":"https://www.google.com/maps/contrib/118052333286602025258/reviews?hl=en-US","Review_time":"5 years ago","Review":"Pretty slow","Likes":""},{"Name":"","Category":"","Rating":" 5 stars ","Number_of_Reviews":"","Address":"","Reviewer":"Princess Uvoice","Reviewer_page":"https://www.google.com/maps/contrib/112938137282527597491/reviews?hl=en-US","Review_time":"5 years ago","Review":"No complaints","Likes":""},{"Name":"","Category":"","Rating":" 5 stars ","Number_of_Reviews":"","Address":"","Reviewer":"Karl Green","Reviewer_page":"https://www.google.com/maps/contrib/101759474306973630510/reviews?hl=en-US","Review_time":"4 years ago","Review":"Strong WiFi","Likes":""},{"Name":"","Category":"","Rating":" 1 star ","Number_of_Reviews":"","Address":"","Reviewer":"Frank Taormina","Reviewer_page":"https://www.google.com/maps/contrib/115760017785793856306/reviews?hl=en-US","Review_time":"3 years ago","Review":"I have not been there??????","Likes":""},{"Name":"","Category":"","Rating":" 5 stars ","Number_of_Reviews":"","Address":"","Reviewer":"pan lewy","Reviewer_page":"https://www.google.com/maps/contrib/103021153668242325441/reviews?hl=en-US","Review_time":"4 years ago","Review":"Awesome","Likes":""},{"Name":"","Category":"","Rating":" 1 star ","Number_of_Reviews":"","Address":"","Reviewer":"Ersin Uyug","Reviewer_page":"https://www.google.com/maps/contrib/100547864536054581401/reviews?hl=en-US","Review_time":"2 years ago","Review":"worst branch","Likes":""},{"Name":"","Category":"","Rating":" 4 stars ","Number_of_Reviews":"","Address":"","Reviewer":"Rosemary DeGuida","Reviewer_page":"https://www.google.com/maps/contrib/111040711270397451563/reviews?hl=en-US","Review_time":"4 years ago","Review":"Good coffee","Likes":"1"},{"Name":"","Category":"","Rating":" 4 stars ","Number_of_Reviews":"","Address":"","Reviewer":"Leonardo Ríos","Reviewer_page":"https://www.google.com/maps/contrib/113632702015397279591/reviews?hl=en-US","Review_time":"3 years ago","Review":"Nice place","Likes":""},{"Name":"","Category":"","Rating":" 5 stars ","Number_of_Reviews":"","Address":"","Reviewer":"Genevieve Johnston","Reviewer_page":"https://www.google.com/maps/contrib/106663626371260722277/reviews?hl=en-US","Review_time":"4 years ago","Review":"Love it...","Likes":""},{"Name":"","Category":"","Rating":" 4 stars ","Number_of_Reviews":"","Address":"","Reviewer":"Tony Fung","Reviewer_page":"https://www.google.com/maps/contrib/116868123627501305429/reviews?hl=en-US","Review_time":"5 years ago","Review":"quiet place","Likes":""},{"Name":"","Category":"","Rating":" 4 stars ","Number_of_Reviews":"","Address":"","Reviewer":"Meriam Boktor","Reviewer_page":"https://www.google.com/maps/contrib/101959926682943350100/reviews?hl=en-US","Review_time":"2 days ago","Review":"Starbucks coffee ☕️ one of my favourite places to take my morning coffee. Delicious coffee ☕️ with a-lot of variety tastes\nThere’s parking lot for free or you can take your coffee through drive through.","Likes":"3"},{"Name":"","Category":"","Rating":" 5 stars ","Number_of_Reviews":"","Address":"","Reviewer":"Elía José Khayat Chawa","Reviewer_page":"https://www.google.com/maps/contrib/112584602284011051217/reviews?hl=en-US","Review_time":"2 years ago","Review":"(Translated by Google) I love the coffee in this place ... they have a unique taste and variety\n\n(Original)\nMe encanta el café en este lugar... Tienen un sabor único y variedad","Likes":"1"},{"Name":"","Category":"","Rating":" 4 stars ","Number_of_Reviews":"","Address":"","Reviewer":"Adan Juarez","Reviewer_page":"https://www.google.com/maps/contrib/108472320692453500263/reviews?hl=en-US","Review_time":"a year ago","Review":"(Translated by Google) You can download the application to your phone to order a good coffee whatever you prefer\n\n(Original)\nPuedes bajar la aplicación a tu teléfono para ordenar un buen café lo que tu prefieras","Likes":"1"},{"Name":"","Category":"","Rating":" 5 stars ","Number_of_Reviews":"","Address":"","Reviewer":"Papagme Gmedark","Reviewer_page":"https://www.google.com/maps/contrib/113726256502248273256/reviews?hl=en-US","Review_time":"3 years ago","Review":"(Translated by Google) Very good family place.\n\n(Original)\nMuy buen lugar familiar.","Likes":""},{"Name":"","Category":"","Rating":" 4 stars ","Number_of_Reviews":"","Address":"","Reviewer":"Nicolas puma","Reviewer_page":"https://www.google.com/maps/contrib/108293790157876672473/reviews?hl=en-US","Review_time":"2 years ago","Review":"","Likes":""},{"Name":"","Category":"","Rating":" 5 stars ","Number_of_Reviews":"","Address":"","Reviewer":"Kevin Galyas","Reviewer_page":"https://www.google.com/maps/contrib/114244681316505589585/reviews?hl=en-US","Review_time":"8 months ago","Review":"","Likes":""},{"Name":"","Category":"","Rating":" 4 stars ","Number_of_Reviews":"","Address":"","Reviewer":"Gilbert Salas Jr","Reviewer_page":"https://www.google.com/maps/contrib/101664139899522065610/reviews?hl=en-US","Review_time":"a month ago","Review":"","Likes":""},{"Name":"","Category":"","Rating":" 5 stars ","Number_of_Reviews":"","Address":"","Reviewer":"Joseph Gallo","Reviewer_page":"https://www.google.com/maps/contrib/106569111732421685221/reviews?hl=en-US","Review_time":"2 months ago","Review":"","Likes":""},{"Name":"","Category":"","Rating":" 3 stars ","Number_of_Reviews":"","Address":"","Reviewer":"Cheri Blossom","Reviewer_page":"https://www.google.com/maps/contrib/112582129916828779318/reviews?hl=en-US","Review_time":"7 months ago","Review":"","Likes":""},{"Name":"","Category":"","Rating":" 3 stars ","Number_of_Reviews":"","Address":"","Reviewer":"joseph di","Reviewer_page":"https://www.google.com/maps/contrib/103261903797545301191/reviews?hl=en-US","Review_time":"9 months ago","Review":"","Likes":""},{"Name":"","Category":"","Rating":" 5 stars ","Number_of_Reviews":"","Address":"","Reviewer":"Liza Lutsenko","Reviewer_page":"https://www.google.com/maps/contrib/109055986797158524571/reviews?hl=en-US","Review_time":"a year ago","Review":"","Likes":""},{"Name":"","Category":"","Rating":" 3 stars ","Number_of_Reviews":"","Address":"","Reviewer":"Joseph McNicholas","Reviewer_page":"https://www.google.com/maps/contrib/115551713618023684509/reviews?hl=en-US","Review_time":"a year ago","Review":"","Likes":""},{"Name":"","Category":"","Rating":" 5 stars ","Number_of_Reviews":"","Address":"","Reviewer":"Veronica zoquier-Landazuri","Reviewer_page":"https://www.google.com/maps/contrib/102933244420522259880/reviews?hl=en-US","Review_time":"a year ago","Review":"","Likes":""},{"Name":"","Category":"","Rating":" 5 stars ","Number_of_Reviews":"","Address":"","Reviewer":"Scott","Reviewer_page":"https://www.google.com/maps/contrib/107490130831910380669/reviews?hl=en-US","Review_time":"5 years ago","Review":"","Likes":""},{"Name":"","Category":"","Rating":" 1 star ","Number_of_Reviews":"","Address":"","Reviewer":"Anna D","Reviewer_page":"https://www.google.com/maps/contrib/115233474906065581375/reviews?hl=en-US","Review_time":"5 years ago","Review":"","Likes":""},{"Name":"","Category":"","Rating":" 5 stars ","Number_of_Reviews":"","Address":"","Reviewer":"thomas Rumola","Reviewer_page":"https://www.google.com/maps/contrib/115312425735765921941/reviews?hl=en-US","Review_time":"a year ago","Review":"","Likes":""},{"Name":"","Category":"","Rating":" 5 stars ","Number_of_Reviews":"","Address":"","Reviewer":"Tony Yu","Reviewer_page":"https://www.google.com/maps/contrib/112990590824397063622/reviews?hl=en-US","Review_time":"2 years ago","Review":"","Likes":""},{"Name":"","Category":"","Rating":" 5 stars ","Number_of_Reviews":"","Address":"","Reviewer":"Zarina M","Reviewer_page":"https://www.google.com/maps/contrib/112964421844301627386/reviews?hl=en-US","Review_time":"4 years ago","Review":"","Likes":""},{"Name":"","Category":"","Rating":" 5 stars ","Number_of_Reviews":"","Address":"","Reviewer":"PipimiAllen2018","Reviewer_page":"https://www.google.com/maps/contrib/110473468001520283747/reviews?hl=en-US","Review_time":"4 years ago","Review":"","Likes":""},{"Name":"","Category":"","Rating":" 3 stars ","Number_of_Reviews":"","Address":"","Reviewer":"Frank Cruz","Reviewer_page":"https://www.google.com/maps/contrib/115543250946746391661/reviews?hl=en-US","Review_time":"a year ago","Review":"","Likes":""},{"Name":"","Category":"","Rating":" 3 stars ","Number_of_Reviews":"","Address":"","Reviewer":"Gerard Coraggio","Reviewer_page":"https://www.google.com/maps/contrib/103544022525120041018/reviews?hl=en-US","Review_time":"a year ago","Review":"","Likes":""},{"Name":"","Category":"","Rating":" 5 stars ","Number_of_Reviews":"","Address":"","Reviewer":"Money Mike","Reviewer_page":"https://www.google.com/maps/contrib/105374037807759345558/reviews?hl=en-US","Review_time":"a year ago","Review":"","Likes":""},{"Name":"","Category":"","Rating":" 5 stars ","Number_of_Reviews":"","Address":"","Reviewer":"ItsGaryJaxon","Reviewer_page":"https://www.google.com/maps/contrib/107789779370440416984/reviews?hl=en-US","Review_time":"4 years ago","Review":"","Likes":""},{"Name":"","Category":"","Rating":" 5 stars ","Number_of_Reviews":"","Address":"","Reviewer":"Dawn Stahlecker","Reviewer_page":"https://www.google.com/maps/contrib/106123336167256440046/reviews?hl=en-US","Review_time":"2 years ago","Review":"","Likes":""},{"Name":"","Category":"","Rating":" 5 stars ","Number_of_Reviews":"","Address":"","Reviewer":"Susie Condon","Reviewer_page":"https://www.google.com/maps/contrib/104525388943304473869/reviews?hl=en-US","Review_time":"5 years ago","Review":"","Likes":""},{"Name":"","Category":"","Rating":" 4 stars ","Number_of_Reviews":"","Address":"","Reviewer":"Gerard Cudzil","Reviewer_page":"https://www.google.com/maps/contrib/113591512318314139834/reviews?hl=en-US","Review_time":"5 years ago","Review":"","Likes":""},{"Name":"","Category":"","Rating":" 5 stars ","Number_of_Reviews":"","Address":"","Reviewer":"aeris","Reviewer_page":"https://www.google.com/maps/contrib/101768906350109674880/reviews?hl=en-US","Review_time":"2 years ago","Review":"","Likes":""},{"Name":"","Category":"","Rating":" 5 stars ","Number_of_Reviews":"","Address":"","Reviewer":"Serhii Kurylenko","Reviewer_page":"https://www.google.com/maps/contrib/114144972998802912848/reviews?hl=en-US","Review_time":"4 years ago","Review":"","Likes":""},{"Name":"","Category":"","Rating":" 5 stars ","Number_of_Reviews":"","Address":"","Reviewer":"Nicole Scaparro","Reviewer_page":"https://www.google.com/maps/contrib/114208866642819881837/reviews?hl=en-US","Review_time":"3 years ago","Review":"","Likes":""},{"Name":"","Category":"","Rating":" 5 stars ","Number_of_Reviews":"","Address":"","Reviewer":"Peter Wahba","Reviewer_page":"https://www.google.com/maps/contrib/108183245416709542494/reviews?hl=en-US","Review_time":"4 years ago","Review":"","Likes":""},{"Name":"","Category":"","Rating":" 5 stars ","Number_of_Reviews":"","Address":"","Reviewer":"Nadya Melnikova","Reviewer_page":"https://www.google.com/maps/contrib/109584823707881197014/reviews?hl=en-US","Review_time":"4 years ago","Review":"","Likes":""},{"Name":"","Category":"","Rating":" 1 star ","Number_of_Reviews":"","Address":"","Reviewer":"Michael Palleschi","Reviewer_page":"https://www.google.com/maps/contrib/110455535634528758684/reviews?hl=en-US","Review_time":"4 years ago","Review":"","Likes":""},{"Name":"","Category":"","Rating":" 5 stars ","Number_of_Reviews":"","Address":"","Reviewer":"Antoinette Sansone","Reviewer_page":"https://www.google.com/maps/contrib/112080398838271000603/reviews?hl=en-US","Review_time":"a year ago","Review":"","Likes":""},{"Name":"","Category":"","Rating":" 3 stars ","Number_of_Reviews":"","Address":"","Reviewer":"Gordon Ng","Reviewer_page":"https://www.google.com/maps/contrib/117108260771495124964/reviews?hl=en-US","Review_time":"3 years ago","Review":"","Likes":""},{"Name":"","Category":"","Rating":" 3 stars ","Number_of_Reviews":"","Address":"","Reviewer":"Robert Femia","Reviewer_page":"https://www.google.com/maps/contrib/110558986931208478447/reviews?hl=en-US","Review_time":"4 years ago","Review":"","Likes":""},{"Name":"","Category":"","Rating":" 4 stars ","Number_of_Reviews":"","Address":"","Reviewer":"ahmad ahed","Reviewer_page":"https://www.google.com/maps/contrib/110847667586058375033/reviews?hl=en-US","Review_time":"5 years ago","Review":"","Likes":""},{"Name":"","Category":"","Rating":" 3 stars ","Number_of_Reviews":"","Address":"","Reviewer":"Gerard","Reviewer_page":"https://www.google.com/maps/contrib/111036969320577393562/reviews?hl=en-US","Review_time":"3 years ago","Review":"","Likes":""},{"Name":"","Category":"","Rating":" 5 stars ","Number_of_Reviews":"","Address":"","Reviewer":"Albert Lee","Reviewer_page":"https://www.google.com/maps/contrib/107965721776670682479/reviews?hl=en-US","Review_time":"4 years ago","Review":"","Likes":""},{"Name":"","Category":"","Rating":" 4 stars ","Number_of_Reviews":"","Address":"","Reviewer":"Bobby “Bass1mastr”","Reviewer_page":"https://www.google.com/maps/contrib/115997102600860482337/reviews?hl=en-US","Review_time":"2 years ago","Review":"","Likes":""},{"Name":"","Category":"","Rating":" 5 stars ","Number_of_Reviews":"","Address":"","Reviewer":"Tracey Dee","Reviewer_page":"https://www.google.com/maps/contrib/105697296148879814102/reviews?hl=en-US","Review_time":"3 years ago","Review":"","Likes":""},{"Name":"","Category":"","Rating":" 4 stars ","Number_of_Reviews":"","Address":"","Reviewer":"Frank Geremia","Reviewer_page":"https://www.google.com/maps/contrib/114701571400213999671/reviews?hl=en-US","Review_time":"2 years ago","Review":"","Likes":""},{"Name":"","Category":"","Rating":" 4 stars ","Number_of_Reviews":"","Address":"","Reviewer":"Mario","Reviewer_page":"https://www.google.com/maps/contrib/106917822402590985171/reviews?hl=en-US","Review_time":"2 years ago","Review":"","Likes":""},{"Name":"","Category":"","Rating":" 4 stars ","Number_of_Reviews":"","Address":"","Reviewer":"Kristina Montesano","Reviewer_page":"https://www.google.com/maps/contrib/113132628100831632373/reviews?hl=en-US","Review_time":"4 years ago","Review":"","Likes":""},{"Name":"","Category":"","Rating":" 5 stars ","Number_of_Reviews":"","Address":"","Reviewer":"RAH SULLY","Reviewer_page":"https://www.google.com/maps/contrib/106616565483894519484/reviews?hl=en-US","Review_time":"2 years ago","Review":"","Likes":""},{"Name":"","Category":"","Rating":" 4 stars ","Number_of_Reviews":"","Address":"","Reviewer":"Donna Demarest","Reviewer_page":"https://www.google.com/maps/contrib/103807801484842642655/reviews?hl=en-US","Review_time":"3 years ago","Review":"","Likes":""},{"Name":"","Category":"","Rating":" 5 stars ","Number_of_Reviews":"","Address":"","Reviewer":"Kathleen Jordan","Reviewer_page":"https://www.google.com/maps/contrib/108536961303276766498/reviews?hl=en-US","Review_time":"3 years ago","Review":"","Likes":""},{"Name":"","Category":"","Rating":" 5 stars ","Number_of_Reviews":"","Address":"","Reviewer":"Audrey Quaranta","Reviewer_page":"https://www.google.com/maps/contrib/104401025221774283317/reviews?hl=en-US","Review_time":"3 years ago","Review":"","Likes":""},{"Name":"","Category":"","Rating":" 4 stars ","Number_of_Reviews":"","Address":"","Reviewer":"Crystal Tidwell","Reviewer_page":"https://www.google.com/maps/contrib/115306393980298360457/reviews?hl=en-US","Review_time":"a year ago","Review":"","Likes":""},{"Name":"","Category":"","Rating":" 5 stars ","Number_of_Reviews":"","Address":"","Reviewer":"James Choi","Reviewer_page":"https://www.google.com/maps/contrib/104696057115787878244/reviews?hl=en-US","Review_time":"5 years ago","Review":"","Likes":""},{"Name":"","Category":"","Rating":" 5 stars ","Number_of_Reviews":"","Address":"","Reviewer":"Michael Cohen","Reviewer_page":"https://www.google.com/maps/contrib/103749267374056671216/reviews?hl=en-US","Review_time":"4 years ago","Review":"","Likes":""},{"Name":"","Category":"","Rating":" 4 stars ","Number_of_Reviews":"","Address":"","Reviewer":"Axa Waters","Reviewer_page":"https://www.google.com/maps/contrib/111409860599182839380/reviews?hl=en-US","Review_time":"4 years ago","Review":"","Likes":""},{"Name":"","Category":"","Rating":" 5 stars ","Number_of_Reviews":"","Address":"","Reviewer":"Annie D'Mello","Reviewer_page":"https://www.google.com/maps/contrib/116366406265815996071/reviews?hl=en-US","Review_time":"2 years ago","Review":"","Likes":""},{"Name":"","Category":"","Rating":" 5 stars ","Number_of_Reviews":"","Address":"","Reviewer":"Anthony Competiello","Reviewer_page":"https://www.google.com/maps/contrib/113102914443687273092/reviews?hl=en-US","Review_time":"3 years ago","Review":"","Likes":""},{"Name":"","Category":"","Rating":" 2 stars ","Number_of_Reviews":"","Address":"","Reviewer":"Vladimir Magill","Reviewer_page":"https://www.google.com/maps/contrib/111233979676288585725/reviews?hl=en-US","Review_time":"a year ago","Review":"","Likes":""},{"Name":"","Category":"","Rating":" 4 stars ","Number_of_Reviews":"","Address":"","Reviewer":"Aleksandr Markhovskyi","Reviewer_page":"https://www.google.com/maps/contrib/104821400074262815602/reviews?hl=en-US","Review_time":"3 years ago","Review":"","Likes":""},{"Name":"","Category":"","Rating":" 5 stars ","Number_of_Reviews":"","Address":"","Reviewer":"Trade Fair 2","Reviewer_page":"https://www.google.com/maps/contrib/110478740241207316057/reviews?hl=en-US","Review_time":"3 years ago","Review":"","Likes":""},{"Name":"","Category":"","Rating":" 1 star ","Number_of_Reviews":"","Address":"","Reviewer":"Matthew Ottomanelli","Reviewer_page":"https://www.google.com/maps/contrib/103389231318340342182/reviews?hl=en-US","Review_time":"3 years ago","Review":"","Likes":""},{"Name":"","Category":"","Rating":" 5 stars ","Number_of_Reviews":"","Address":"","Reviewer":"Susan Allen","Reviewer_page":"https://www.google.com/maps/contrib/108301895201946818640/reviews?hl=en-US","Review_time":"3 years ago","Review":"","Likes":""},{"Name":"","Category":"","Rating":" 5 stars ","Number_of_Reviews":"","Address":"","Reviewer":"bre cohen","Reviewer_page":"https://www.google.com/maps/contrib/110434143573686717256/reviews?hl=en-US","Review_time":"2 years ago","Review":"","Likes":""},{"Name":"","Category":"","Rating":" 4 stars ","Number_of_Reviews":"","Address":"","Reviewer":"Louis Cabrera","Reviewer_page":"https://www.google.com/maps/contrib/116860947434541316239/reviews?hl=en-US","Review_time":"5 years ago","Review":"","Likes":""},{"Name":"","Category":"","Rating":" 5 stars ","Number_of_Reviews":"","Address":"","Reviewer":"chessplayer123","Reviewer_page":"https://www.google.com/maps/contrib/107189037966375712321/reviews?hl=en-US","Review_time":"3 years ago","Review":"","Likes":""},{"Name":"","Category":"","Rating":" 4 stars ","Number_of_Reviews":"","Address":"","Reviewer":"James Regan","Reviewer_page":"https://www.google.com/maps/contrib/103403251127938833291/reviews?hl=en-US","Review_time":"3 years ago","Review":"","Likes":""},{"Name":"","Category":"","Rating":" 5 stars ","Number_of_Reviews":"","Address":"","Reviewer":"Clausen","Reviewer_page":"https://www.google.com/maps/contrib/101933317969832003733/reviews?hl=en-US","Review_time":"4 years ago","Review":"","Likes":""},{"Name":"","Category":"","Rating":" 3 stars ","Number_of_Reviews":"","Address":"","Reviewer":"Justin Knight","Reviewer_page":"https://www.google.com/maps/contrib/115951447270221920509/reviews?hl=en-US","Review_time":"4 years ago","Review":"","Likes":""},{"Name":"","Category":"","Rating":" 3 stars ","Number_of_Reviews":"","Address":"","Reviewer":"MV P","Reviewer_page":"https://www.google.com/maps/contrib/100488192527242249509/reviews?hl=en-US","Review_time":"3 years ago","Review":"","Likes":""},{"Name":"","Category":"","Rating":" 4 stars ","Number_of_Reviews":"","Address":"","Reviewer":"Youngsoon Kim","Reviewer_page":"https://www.google.com/maps/contrib/102909607700866209527/reviews?hl=en-US","Review_time":"3 years ago","Review":"","Likes":""},{"Name":"","Category":"","Rating":" 5 stars ","Number_of_Reviews":"","Address":"","Reviewer":"Steven Keifer","Reviewer_page":"https://www.google.com/maps/contrib/100059317554643338801/reviews?hl=en-US","Review_time":"2 years ago","Review":"","Likes":""},{"Name":"","Category":"","Rating":" 5 stars ","Number_of_Reviews":"","Address":"","Reviewer":"Michael Anderson","Reviewer_page":"https://www.google.com/maps/contrib/106419338774920855671/reviews?hl=en-US","Review_time":"5 years ago","Review":"","Likes":""},{"Name":"","Category":"","Rating":" 5 stars ","Number_of_Reviews":"","Address":"","Reviewer":"Jeremy Paul","Reviewer_page":"https://www.google.com/maps/contrib/103726280283363110692/reviews?hl=en-US","Review_time":"3 years ago","Review":"","Likes":""},{"Name":"","Category":"","Rating":" 5 stars ","Number_of_Reviews":"","Address":"","Reviewer":"Andro Abdelmalek","Reviewer_page":"https://www.google.com/maps/contrib/107064333175684390233/reviews?hl=en-US","Review_time":"3 years ago","Review":"","Likes":""},{"Name":"","Category":"","Rating":" 5 stars ","Number_of_Reviews":"","Address":"","Reviewer":"Will Villaret","Reviewer_page":"https://www.google.com/maps/contrib/100654340506823104922/reviews?hl=en-US","Review_time":"4 years ago","Review":"","Likes":""},{"Name":"","Category":"","Rating":" 4 stars ","Number_of_Reviews":"","Address":"","Reviewer":"NGAVI 13","Reviewer_page":"https://www.google.com/maps/contrib/107533929058494926228/reviews?hl=en-US","Review_time":"5 years ago","Review":"","Likes":""},{"Name":"","Category":"","Rating":" 3 stars ","Number_of_Reviews":"","Address":"","Reviewer":"Steven A.","Reviewer_page":"https://www.google.com/maps/contrib/100269274029129189183/reviews?hl=en-US","Review_time":"5 years ago","Review":"","Likes":""},{"Name":"","Category":"","Rating":" 5 stars ","Number_of_Reviews":"","Address":"","Reviewer":"Katie Schettina","Reviewer_page":"https://www.google.com/maps/contrib/115805244642818080660/reviews?hl=en-US","Review_time":"3 years ago","Review":"","Likes":""},{"Name":"","Category":"","Rating":" 4 stars ","Number_of_Reviews":"","Address":"","Reviewer":"NICK BAMUNDO","Reviewer_page":"https://www.google.com/maps/contrib/110377302895865370634/reviews?hl=en-US","Review_time":"3 years ago","Review":"","Likes":""},{"Name":"","Category":"","Rating":" 4 stars ","Number_of_Reviews":"","Address":"","Reviewer":"Abiodun Adeyemi","Reviewer_page":"https://www.google.com/maps/contrib/105709809239640223097/reviews?hl=en-US","Review_time":"3 weeks ago","Review":"","Likes":""},{"Name":"","Category":"","Rating":" 5 stars ","Number_of_Reviews":"","Address":"","Reviewer":"Dawn Hay","Reviewer_page":"https://www.google.com/maps/contrib/112126626972157646868/reviews?hl=en-US","Review_time":"3 years ago","Review":"","Likes":""},{"Name":"","Category":"","Rating":" 5 stars ","Number_of_Reviews":"","Address":"","Reviewer":"Charlie Gahn","Reviewer_page":"https://www.google.com/maps/contrib/106469939032928189927/reviews?hl=en-US","Review_time":"3 years ago","Review":"","Likes":""},{"Name":"","Category":"","Rating":" 4 stars ","Number_of_Reviews":"","Address":"","Reviewer":"Dennis Lam","Reviewer_page":"https://www.google.com/maps/contrib/117234757210524915246/reviews?hl=en-US","Review_time":"5 years ago","Review":"","Likes":""},{"Name":"","Category":"","Rating":" 4 stars ","Number_of_Reviews":"","Address":"","Reviewer":"Robert D. Haggerty","Reviewer_page":"https://www.google.com/maps/contrib/100862959247978263929/reviews?hl=en-US","Review_time":"3 years ago","Review":"","Likes":""},{"Name":"","Category":"","Rating":" 5 stars ","Number_of_Reviews":"","Address":"","Reviewer":"Zoe Cheung","Reviewer_page":"https://www.google.com/maps/contrib/116413656211769331482/reviews?hl=en-US","Review_time":"3 years ago","Review":"","Likes":""},{"Name":"","Category":"","Rating":" 5 stars ","Number_of_Reviews":"","Address":"","Reviewer":"M R","Reviewer_page":"https://www.google.com/maps/contrib/117389846121687806365/reviews?hl=en-US","Review_time":"3 years ago","Review":"","Likes":""},{"Name":"","Category":"","Rating":" 3 stars ","Number_of_Reviews":"","Address":"","Reviewer":"Elvis Gonzalez","Reviewer_page":"https://www.google.com/maps/contrib/112777447696804118765/reviews?hl=en-US","Review_time":"3 years ago","Review":"","Likes":""},{"Name":"","Category":"","Rating":" 5 stars ","Number_of_Reviews":"","Address":"","Reviewer":"Nick Linnear","Reviewer_page":"https://www.google.com/maps/contrib/115058163514241815400/reviews?hl=en-US","Review_time":"3 years ago","Review":"","Likes":""},{"Name":"","Category":"","Rating":" 5 stars ","Number_of_Reviews":"","Address":"","Reviewer":"Michael Nicolosi","Reviewer_page":"https://www.google.com/maps/contrib/104151343058555123756/reviews?hl=en-US","Review_time":"2 years ago","Review":"","Likes":""},{"Name":"","Category":"","Rating":" 5 stars ","Number_of_Reviews":"","Address":"","Reviewer":"Caitlin Gonzalo","Reviewer_page":"https://www.google.com/maps/contrib/106374098256965872299/reviews?hl=en-US","Review_time":"2 years ago","Review":"","Likes":""},{"Name":"","Category":"","Rating":" 5 stars ","Number_of_Reviews":"","Address":"","Reviewer":"Russell Difalco","Reviewer_page":"https://www.google.com/maps/contrib/103923469787727404099/reviews?hl=en-US","Review_time":"5 years ago","Review":"","Likes":""},{"Name":"","Category":"","Rating":" 3 stars ","Number_of_Reviews":"","Address":"","Reviewer":"Rohan Thaker","Reviewer_page":"https://www.google.com/maps/contrib/100179302110955096884/reviews?hl=en-US","Review_time":"4 years ago","Review":"","Likes":""},{"Name":"","Category":"","Rating":" 5 stars ","Number_of_Reviews":"","Address":"","Reviewer":"Robin Hood","Reviewer_page":"https://www.google.com/maps/contrib/116892141496701766585/reviews?hl=en-US","Review_time":"3 years ago","Review":"","Likes":""},{"Name":"","Category":"","Rating":" 5 stars ","Number_of_Reviews":"","Address":"","Reviewer":"Vincent Russo","Reviewer_page":"https://www.google.com/maps/contrib/112305422352177134710/reviews?hl=en-US","Review_time":"4 years ago","Review":"","Likes":""},{"Name":"","Category":"","Rating":" 4 stars ","Number_of_Reviews":"","Address":"","Reviewer":"Henry Suazo","Reviewer_page":"https://www.google.com/maps/contrib/100042230920161691490/reviews?hl=en-US","Review_time":"3 years ago","Review":"","Likes":""},{"Name":"","Category":"","Rating":" 5 stars ","Number_of_Reviews":"","Address":"","Reviewer":"katie schettina","Reviewer_page":"https://www.google.com/maps/contrib/111529856556377254325/reviews?hl=en-US","Review_time":"2 years ago","Review":"","Likes":""},{"Name":"","Category":"","Rating":" 5 stars ","Number_of_Reviews":"","Address":"","Reviewer":"Faith","Reviewer_page":"https://www.google.com/maps/contrib/116564666988174630960/reviews?hl=en-US","Review_time":"3 years ago","Review":"","Likes":""},{"Name":"","Category":"","Rating":" 4 stars ","Number_of_Reviews":"","Address":"","Reviewer":"daniel bonanno","Reviewer_page":"https://www.google.com/maps/contrib/109688672269407569571/reviews?hl=en-US","Review_time":"4 years ago","Review":"","Likes":""},{"Name":"","Category":"","Rating":" 3 stars ","Number_of_Reviews":"","Address":"","Reviewer":"J Lenza","Reviewer_page":"https://www.google.com/maps/contrib/101184836924942339777/reviews?hl=en-US","Review_time":"2 years ago","Review":"","Likes":""},{"Name":"","Category":"","Rating":" 5 stars ","Number_of_Reviews":"","Address":"","Reviewer":"Caroline Kelley","Reviewer_page":"https://www.google.com/maps/contrib/102898744788203966393/reviews?hl=en-US","Review_time":"5 years ago","Review":"","Likes":""},{"Name":"","Category":"","Rating":" 5 stars ","Number_of_Reviews":"","Address":"","Reviewer":"Marc Benjamin","Reviewer_page":"https://www.google.com/maps/contrib/109347901172047951933/reviews?hl=en-US","Review_time":"5 years ago","Review":"","Likes":""},{"Name":"","Category":"","Rating":" 5 stars ","Number_of_Reviews":"","Address":"","Reviewer":"Hodler 1957","Reviewer_page":"https://www.google.com/maps/contrib/113298856930949994806/reviews?hl=en-US","Review_time":"a year ago","Review":"","Likes":""},{"Name":"","Category":"","Rating":" 3 stars ","Number_of_Reviews":"","Address":"","Reviewer":"Mr. Klaus Heisler","Reviewer_page":"https://www.google.com/maps/contrib/115746273384335525071/reviews?hl=en-US","Review_time":"3 years ago","Review":"","Likes":""},{"Name":"","Category":"","Rating":" 5 stars ","Number_of_Reviews":"","Address":"","Reviewer":"Carla Gatling","Reviewer_page":"https://www.google.com/maps/contrib/100264809569993096550/reviews?hl=en-US","Review_time":"3 years ago","Review":"","Likes":""},{"Name":"","Category":"","Rating":" 5 stars ","Number_of_Reviews":"","Address":"","Reviewer":"Lisa Ann Mauro","Reviewer_page":"https://www.google.com/maps/contrib/105565181751050989539/reviews?hl=en-US","Review_time":"5 years ago","Review":"","Likes":""},{"Name":"","Category":"","Rating":" 3 stars ","Number_of_Reviews":"","Address":"","Reviewer":"Bekir Bor","Reviewer_page":"https://www.google.com/maps/contrib/112843000670149540871/reviews?hl=en-US","Review_time":"a year ago","Review":"","Likes":""},{"Name":"","Category":"","Rating":" 4 stars ","Number_of_Reviews":"","Address":"","Reviewer":"ana alvizurez","Reviewer_page":"https://www.google.com/maps/contrib/108182825316492141563/reviews?hl=en-US","Review_time":"5 years ago","Review":"","Likes":""},{"Name":"","Category":"","Rating":" 5 stars ","Number_of_Reviews":"","Address":"","Reviewer":"Joseph Mrad","Reviewer_page":"https://www.google.com/maps/contrib/102469831429801474357/reviews?hl=en-US","Review_time":"4 years ago","Review":"","Likes":""},{"Name":"","Category":"","Rating":" 5 stars ","Number_of_Reviews":"","Address":"","Reviewer":"Dawn Ramos","Reviewer_page":"https://www.google.com/maps/contrib/113655927958190065872/reviews?hl=en-US","Review_time":"2 years ago","Review":"","Likes":""},{"Name":"","Category":"","Rating":" 5 stars ","Number_of_Reviews":"","Address":"","Reviewer":"Francesco Orfano","Reviewer_page":"https://www.google.com/maps/contrib/115176595918767564530/reviews?hl=en-US","Review_time":"5 years ago","Review":"","Likes":""},{"Name":"","Category":"","Rating":" 4 stars ","Number_of_Reviews":"","Address":"","Reviewer":"Luis Irizarry","Reviewer_page":"https://www.google.com/maps/contrib/105841855570421568560/reviews?hl=en-US","Review_time":"a year ago","Review":"","Likes":""},{"Name":"","Category":"","Rating":" 5 stars ","Number_of_Reviews":"","Address":"","Reviewer":"Aleksei B","Reviewer_page":"https://www.google.com/maps/contrib/109994648804778158852/reviews?hl=en-US","Review_time":"2 years ago","Review":"","Likes":""},{"Name":"","Category":"","Rating":" 4 stars ","Number_of_Reviews":"","Address":"","Reviewer":"grace woo","Reviewer_page":"https://www.google.com/maps/contrib/102691794583290866453/reviews?hl=en-US","Review_time":"3 years ago","Review":"","Likes":""},{"Name":"","Category":"","Rating":" 5 stars ","Number_of_Reviews":"","Address":"","Reviewer":"Sam K","Reviewer_page":"https://www.google.com/maps/contrib/113964970370681084123/reviews?hl=en-US","Review_time":"3 years ago","Review":"","Likes":""},{"Name":"","Category":"","Rating":" 5 stars ","Number_of_Reviews":"","Address":"","Reviewer":"Jami Weber","Reviewer_page":"https://www.google.com/maps/contrib/110761773095368688425/reviews?hl=en-US","Review_time":"3 years ago","Review":"","Likes":""},{"Name":"","Category":"","Rating":" 5 stars ","Number_of_Reviews":"","Address":"","Reviewer":"j m","Reviewer_page":"https://www.google.com/maps/contrib/106761807729384633997/reviews?hl=en-US","Review_time":"a month ago","Review":"","Likes":""},{"Name":"","Category":"","Rating":" 5 stars ","Number_of_Reviews":"","Address":"","Reviewer":"Joseph Hummel","Reviewer_page":"https://www.google.com/maps/contrib/114304225804562618453/reviews?hl=en-US","Review_time":"a year ago","Review":"","Likes":""},{"Name":"","Category":"","Rating":" 5 stars ","Number_of_Reviews":"","Address":"","Reviewer":"Gus","Reviewer_page":"https://www.google.com/maps/contrib/116459816124768311195/reviews?hl=en-US","Review_time":"2 years ago","Review":"","Likes":""},{"Name":"","Category":"","Rating":" 5 stars ","Number_of_Reviews":"","Address":"","Reviewer":"Free Danger Ahead","Reviewer_page":"https://www.google.com/maps/contrib/116425915416425120135/reviews?hl=en-US","Review_time":"4 years ago","Review":"","Likes":""},{"Name":"","Category":"","Rating":" 5 stars ","Number_of_Reviews":"","Address":"","Reviewer":"Juncel Zembrano","Reviewer_page":"https://www.google.com/maps/contrib/106476509728642186519/reviews?hl=en-US","Review_time":"3 years ago","Review":"","Likes":""},{"Name":"","Category":"","Rating":" 4 stars ","Number_of_Reviews":"","Address":"","Reviewer":"Alexandra","Reviewer_page":"https://www.google.com/maps/contrib/117721201154386996209/reviews?hl=en-US","Review_time":"2 years ago","Review":"","Likes":""},{"Name":"","Category":"","Rating":" 4 stars ","Number_of_Reviews":"","Address":"","Reviewer":"Cindy Yip","Reviewer_page":"https://www.google.com/maps/contrib/116706971069473850924/reviews?hl=en-US","Review_time":"3 years ago","Review":"","Likes":""},{"Name":"","Category":"","Rating":" 3 stars ","Number_of_Reviews":"","Address":"","Reviewer":"Kayla Franceschi","Reviewer_page":"https://www.google.com/maps/contrib/105284670026577012086/reviews?hl=en-US","Review_time":"4 years ago","Review":"","Likes":""},{"Name":"","Category":"","Rating":" 5 stars ","Number_of_Reviews":"","Address":"","Reviewer":"Amazon Amazonpriced","Reviewer_page":"https://www.google.com/maps/contrib/107406300122325130513/reviews?hl=en-US","Review_time":"3 years ago","Review":"","Likes":""},{"Name":"","Category":"","Rating":" 2 stars ","Number_of_Reviews":"","Address":"","Reviewer":"Marco Mora","Reviewer_page":"https://www.google.com/maps/contrib/115053847951410848438/reviews?hl=en-US","Review_time":"4 years ago","Review":"","Likes":""},{"Name":"","Category":"","Rating":" 5 stars ","Number_of_Reviews":"","Address":"","Reviewer":"ALEX VAZD","Reviewer_page":"https://www.google.com/maps/contrib/106700378345132036846/reviews?hl=en-US","Review_time":"5 years ago","Review":"","Likes":""},{"Name":"","Category":"","Rating":" 5 stars ","Number_of_Reviews":"","Address":"","Reviewer":"Michael Kazis","Reviewer_page":"https://www.google.com/maps/contrib/101998082961760896639/reviews?hl=en-US","Review_time":"5 years ago","Review":"","Likes":""},{"Name":"","Category":"","Rating":" 1 star ","Number_of_Reviews":"","Address":"","Reviewer":"ghassan jallad","Reviewer_page":"https://www.google.com/maps/contrib/102026223160130570311/reviews?hl=en-US","Review_time":"5 years ago","Review":"","Likes":""},{"Name":"","Category":"","Rating":" 5 stars ","Number_of_Reviews":"","Address":"","Reviewer":"robert russo","Reviewer_page":"https://www.google.com/maps/contrib/106256339147554678850/reviews?hl=en-US","Review_time":"3 years ago","Review":"","Likes":""},{"Name":"","Category":"","Rating":" 5 stars ","Number_of_Reviews":"","Address":"","Reviewer":"Pedro Pacheco","Reviewer_page":"https://www.google.com/maps/contrib/111636434084000067164/reviews?hl=en-US","Review_time":"4 years ago","Review":"","Likes":""},{"Name":"","Category":"","Rating":" 5 stars ","Number_of_Reviews":"","Address":"","Reviewer":"Kerri Pritchard","Reviewer_page":"https://www.google.com/maps/contrib/103585968271581425264/reviews?hl=en-US","Review_time":"3 years ago","Review":"","Likes":""},{"Name":"","Category":"","Rating":" 5 stars ","Number_of_Reviews":"","Address":"","Reviewer":"Monica Mikhail","Reviewer_page":"https://www.google.com/maps/contrib/101278844119509219337/reviews?hl=en-US","Review_time":"3 months ago","Review":"","Likes":""},{"Name":"","Category":"","Rating":" 5 stars ","Number_of_Reviews":"","Address":"","Reviewer":"Alla Nayfeld","Reviewer_page":"https://www.google.com/maps/contrib/106867211176586452861/reviews?hl=en-US","Review_time":"a year ago","Review":"","Likes":""},{"Name":"","Category":"","Rating":" 4 stars ","Number_of_Reviews":"","Address":"","Reviewer":"Desmond","Reviewer_page":"https://www.google.com/maps/contrib/108324188293804198260/reviews?hl=en-US","Review_time":"2 years ago","Review":"","Likes":""},{"Name":"","Category":"","Rating":" 5 stars ","Number_of_Reviews":"","Address":"","Reviewer":"Jeffrey Stanton","Reviewer_page":"https://www.google.com/maps/contrib/114387450491616130447/reviews?hl=en-US","Review_time":"3 years ago","Review":"","Likes":""},{"Name":"","Category":"","Rating":" 4 stars ","Number_of_Reviews":"","Address":"","Reviewer":"danielle larosa","Reviewer_page":"https://www.google.com/maps/contrib/117052975465919988941/reviews?hl=en-US","Review_time":"a year ago","Review":"","Likes":""},{"Name":"","Category":"","Rating":" 5 stars ","Number_of_Reviews":"","Address":"","Reviewer":"Russell DiFalco","Reviewer_page":"https://www.google.com/maps/contrib/101207983785492641126/reviews?hl=en-US","Review_time":"3 years ago","Review":"","Likes":""},{"Name":"","Category":"","Rating":" 4 stars ","Number_of_Reviews":"","Address":"","Reviewer":"Joe Viggiani","Reviewer_page":"https://www.google.com/maps/contrib/114660820964707093744/reviews?hl=en-US","Review_time":"3 years ago","Review":"","Likes":""},{"Name":"","Category":"","Rating":" 1 star ","Number_of_Reviews":"","Address":"","Reviewer":"Leon Rasulov","Reviewer_page":"https://www.google.com/maps/contrib/105640029175501959764/reviews?hl=en-US","Review_time":"5 years ago","Review":"","Likes":""},{"Name":"","Category":"","Rating":" 5 stars ","Number_of_Reviews":"","Address":"","Reviewer":"Kathy Fieramosca","Reviewer_page":"https://www.google.com/maps/contrib/116745614980386192116/reviews?hl=en-US","Review_time":"7 months ago","Review":"","Likes":""},{"Name":"","Category":"","Rating":" 5 stars ","Number_of_Reviews":"","Address":"","Reviewer":"Peter Samaan","Reviewer_page":"https://www.google.com/maps/contrib/115645875163075072037/reviews?hl=en-US","Review_time":"3 years ago","Review":"","Likes":""},{"Name":"","Category":"","Rating":" 4 stars ","Number_of_Reviews":"","Address":"","Reviewer":"raneem suleiman","Reviewer_page":"https://www.google.com/maps/contrib/113410362580119285545/reviews?hl=en-US","Review_time":"2 months ago","Review":"","Likes":""},{"Name":"","Category":"","Rating":" 5 stars ","Number_of_Reviews":"","Address":"","Reviewer":"Bradley Popkin","Reviewer_page":"https://www.google.com/maps/contrib/113598846479916343476/reviews?hl=en-US","Review_time":"2 years ago","Review":"","Likes":""},{"Name":"","Category":"","Rating":" 5 stars ","Number_of_Reviews":"","Address":"","Reviewer":"a a","Reviewer_page":"https://www.google.com/maps/contrib/117523063114363790735/reviews?hl=en-US","Review_time":"4 years ago","Review":"","Likes":""},{"Name":"","Category":"","Rating":" 5 stars ","Number_of_Reviews":"","Address":"","Reviewer":"Virginia Valentin","Reviewer_page":"https://www.google.com/maps/contrib/110551584030914453776/reviews?hl=en-US","Review_time":"3 years ago","Review":"","Likes":""},{"Name":"","Category":"","Rating":" 3 stars ","Number_of_Reviews":"","Address":"","Reviewer":"mike ciccone","Reviewer_page":"https://www.google.com/maps/contrib/102213391844269579453/reviews?hl=en-US","Review_time":"3 years ago","Review":"","Likes":""},{"Name":"","Category":"","Rating":" 5 stars ","Number_of_Reviews":"","Address":"","Reviewer":"HL M","Reviewer_page":"https://www.google.com/maps/contrib/115367975706695104619/reviews?hl=en-US","Review_time":"a year ago","Review":"","Likes":""},{"Name":"","Category":"","Rating":" 4 stars ","Number_of_Reviews":"","Address":"","Reviewer":"Naftali Schnitzler","Reviewer_page":"https://www.google.com/maps/contrib/115363686179106716238/reviews?hl=en-US","Review_time":"3 years ago","Review":"","Likes":""},{"Name":"","Category":"","Rating":" 4 stars ","Number_of_Reviews":"","Address":"","Reviewer":"Samantha Surat","Reviewer_page":"https://www.google.com/maps/contrib/104520231840659646988/reviews?hl=en-US","Review_time":"4 years ago","Review":"","Likes":""},{"Name":"","Category":"","Rating":" 3 stars ","Number_of_Reviews":"","Address":"","Reviewer":"Jackie Frank","Reviewer_page":"https://www.google.com/maps/contrib/104651815107632405011/reviews?hl=en-US","Review_time":"3 years ago","Review":"","Likes":""},{"Name":"","Category":"","Rating":" 4 stars ","Number_of_Reviews":"","Address":"","Reviewer":"Andrea Uribe","Reviewer_page":"https://www.google.com/maps/contrib/113990456901841906199/reviews?hl=en-US","Review_time":"4 years ago","Review":"","Likes":""},{"Name":"","Category":"","Rating":" 3 stars ","Number_of_Reviews":"","Address":"","Reviewer":"Joseph Caputo","Reviewer_page":"https://www.google.com/maps/contrib/113149149363126255939/reviews?hl=en-US","Review_time":"3 years ago","Review":"","Likes":""},{"Name":"","Category":"","Rating":" 5 stars ","Number_of_Reviews":"","Address":"","Reviewer":"dawn russo","Reviewer_page":"https://www.google.com/maps/contrib/109622550705706565640/reviews?hl=en-US","Review_time":"5 years ago","Review":"","Likes":""},{"Name":"","Category":"","Rating":" 5 stars ","Number_of_Reviews":"","Address":"","Reviewer":"Joseph Granata","Reviewer_page":"https://www.google.com/maps/contrib/114776642923844989733/reviews?hl=en-US","Review_time":"3 years ago","Review":"","Likes":""},{"Name":"","Category":"","Rating":" 5 stars ","Number_of_Reviews":"","Address":"","Reviewer":"Olga S.","Reviewer_page":"https://www.google.com/maps/contrib/109204873477425552991/reviews?hl=en-US","Review_time":"a year ago","Review":"","Likes":""},{"Name":"","Category":"","Rating":" 5 stars ","Number_of_Reviews":"","Address":"","Reviewer":"Rafael S","Reviewer_page":"https://www.google.com/maps/contrib/104935831151347586960/reviews?hl=en-US","Review_time":"7 months ago","Review":"","Likes":""},{"Name":"","Category":"","Rating":" 2 stars ","Number_of_Reviews":"","Address":"","Reviewer":"Daniel Moyal","Reviewer_page":"https://www.google.com/maps/contrib/114227271528706261627/reviews?hl=en-US","Review_time":"4 years ago","Review":"","Likes":""},{"Name":"","Category":"","Rating":" 5 stars ","Number_of_Reviews":"","Address":"","Reviewer":"Michael Missak","Reviewer_page":"https://www.google.com/maps/contrib/106538769679670176454/reviews?hl=en-US","Review_time":"a year ago","Review":"","Likes":""},{"Name":"","Category":"","Rating":" 5 stars ","Number_of_Reviews":"","Address":"","Reviewer":"Anthony Buckwitz","Reviewer_page":"https://www.google.com/maps/contrib/106434607825435824875/reviews?hl=en-US","Review_time":"5 months ago","Review":"","Likes":""},{"Name":"","Category":"","Rating":" 1 star ","Number_of_Reviews":"","Address":"","Reviewer":"Lawrence McGurk","Reviewer_page":"https://www.google.com/maps/contrib/111057913548682645474/reviews?hl=en-US","Review_time":"3 years ago","Review":"","Likes":""},{"Name":"","Category":"","Rating":" 5 stars ","Number_of_Reviews":"","Address":"","Reviewer":"Anthony Biondolillo","Reviewer_page":"https://www.google.com/maps/contrib/108184959781533374827/reviews?hl=en-US","Review_time":"2 years ago","Review":"","Likes":""},{"Name":"","Category":"","Rating":" 4 stars ","Number_of_Reviews":"","Address":"","Reviewer":"Salvatore Sacco","Reviewer_page":"https://www.google.com/maps/contrib/102211709516955046829/reviews?hl=en-US","Review_time":"3 months ago","Review":"","Likes":""},{"Name":"","Category":"","Rating":" 5 stars ","Number_of_Reviews":"","Address":"","Reviewer":"Rob Lenza","Reviewer_page":"https://www.google.com/maps/contrib/114964357034711566994/reviews?hl=en-US","Review_time":"4 years ago","Review":"","Likes":""},{"Name":"","Category":"","Rating":" 2 stars ","Number_of_Reviews":"","Address":"","Reviewer":"Robert Murphy","Reviewer_page":"https://www.google.com/maps/contrib/115338777865704792217/reviews?hl=en-US","Review_time":"5 years ago","Review":"","Likes":""},{"Name":"","Category":"","Rating":" 5 stars ","Number_of_Reviews":"","Address":"","Reviewer":"Ceil Lamarco","Reviewer_page":"https://www.google.com/maps/contrib/116369679332476822574/reviews?hl=en-US","Review_time":"3 years ago","Review":"","Likes":""},{"Name":"","Category":"","Rating":" 5 stars ","Number_of_Reviews":"","Address":"","Reviewer":"RP (HOP44)","Reviewer_page":"https://www.google.com/maps/contrib/101580293087359521695/reviews?hl=en-US","Review_time":"10 months ago","Review":"","Likes":""}