[{"Name":"","Category":"","Rating":" 5 stars ","Number_of_Reviews":"","Address":"","Reviewer":"Serenity Hart","Reviewer_page":"https://www.google.com/maps/contrib/103386714799750677024/reviews?hl=en-US","Review_time":"2 months ago","Review":"Clean cafe. Nice staff. Restrooms remind you of a city stall (we know that smell and feel). Drinks were made quickly and to taste.\n\nThe ran out of match so I tried the chai tea latte and my husband tried a caramel macchiato.","Likes":"1"},{"Name":"","Category":"","Rating":" 3 stars ","Number_of_Reviews":"","Address":"","Reviewer":"Jayson S","Reviewer_page":"https://www.google.com/maps/contrib/103545974219835151622/reviews?hl=en-US","Review_time":"3 months ago","Review":"Great workers, understaff during peak hours. Starbucks has a respected name but every time I walk in here they only have 1 cashier and 1 barista with 10 customers waiting for drinks and another 10 on line. The workers try there best, but this is unacceptable to wait 10 min for a shot of espresso. Will reconsider review if they get people out faster. Good location, bad management for a long time.","Likes":""},{"Name":"","Category":"","Rating":" 5 stars ","Number_of_Reviews":"","Address":"","Reviewer":"Foyez Shariar","Reviewer_page":"https://www.google.com/maps/contrib/115361800412672202455/reviews?hl=en-US","Review_time":"2 months ago","Review":"Wow. It was amazing experience. Love that","Likes":""},{"Name":"","Category":"","Rating":" 1 star ","Number_of_Reviews":"","Address":"","Reviewer":"Stephanie Alvarez","Reviewer_page":"https://www.google.com/maps/contrib/105846823140174952191/reviews?hl=en-US","Review_time":"3 weeks ago","Review":"*Do NOT purchase gift cards at this location!* The supervisor Elliot was very rude and not helpful when my Starbucks gift card was filled incorrectly. I paid $50 for 2 gift cards ($25 on the first card, $25 on the second card) upon my first use I realized there was only $10.00 on the second gift card rather than $25.00. I went to Starbucks and showed my bank statement with the $50.00 withdrawal and the location the purchase was made. I figured no problem, simple solution they will honor the mistake and add $15.00 on the gift card. After making me wait 15 minutes, Elliot had nothing to say  besides \"your bank statement is not a receipt\". Understandable, I did not have the receipt; however, the manner in which he handled the situation is not up to the standards of a well-trained manager or supervisor. When I asked about the $15.00 he raised his voice at me (a female). This is not how a manager should handle a situation where the company is at fault. I called Starbucks customer service and I was able to immediately able to get the $15.00 added on to the card.","Likes":""},{"Name":"","Category":"","Rating":" 5 stars ","Number_of_Reviews":"","Address":"","Reviewer":"Sabiha Chowdhury","Reviewer_page":"https://www.google.com/maps/contrib/111337611368804382053/reviews?hl=en-US","Review_time":"a month ago","Review":"I ordered cheese danish with chai latte. The latte was a bit sweet but the warmer up cheese danish was up to the mark. Also this Starbucks outlet had a bit less crowded and good Wi-Fi speed. Also the cashier was nice and patient.","Likes":""},{"Name":"","Category":"","Rating":" 1 star ","Number_of_Reviews":"","Address":"","Reviewer":"Ayub Khan","Reviewer_page":"https://www.google.com/maps/contrib/115247279991657670056/reviews?hl=en-US","Review_time":"a month ago","Review":"We purchased cinnamon bagel and 2 coffees. We found piece of glass inside the dough of the bagel. I called wanted to speak with manager or supervisor. They told me that supervisor is on break. Next thing i know that i am speaking with Johana who told me that she is the supervisor and was being super sarcastic about it. We could have been injured having to find piece of glass inside the bagel. She kept on answering OH OKAY. When i informed her that you are not taking this seriously, she responded saying \"Did you want me to say i am sorry about this\" i was shocked to hear this type of answer from a supervisor. Her excuse was that she is having a long day. She wanted me to return to the store to get refund and get bagel on the house. Also she told me that she doesn't know how to handle this type of calls. my biggest concern is that who made this lady a supervisor? She was super relaxed about this matter. SHAME ON THIS LOCATION for having an employee who is holding a supervisor title who has no idea on how to handle situations. SHAME SHAME SHAME!!!! Starbucks please give Johana more training. I have been loyal and giving my business to starbucks for long time to get this type of service. also i just seen a reponse from starbucks, i forgot to mention that they are unable to assist.","Likes":""},{"Name":"","Category":"","Rating":" 1 star ","Number_of_Reviews":"","Address":"","Reviewer":"saba faruk","Reviewer_page":"https://www.google.com/maps/contrib/111918862912862228490/reviews?hl=en-US","Review_time":"a month ago","Review":"one of the worst starbucks. Staffs are NOT friendly, Rude. Also ordering ahead of time doesnt work because they are so slow that they cant keep up with the orders.","Likes":""},{"Name":"","Category":"","Rating":" 5 stars ","Number_of_Reviews":"","Address":"","Reviewer":"Pumapenko","Reviewer_page":"https://www.google.com/maps/contrib/118159709436540735537/reviews?hl=en-US","Review_time":"3 years ago","Review":"Super friendly staff, excellent hand crafted drinks! Music is pretty good too! Here they a quick and professional. Green tea frappuccino is my favorite.  Can't go wrong with an iced lemon loaf or try the bantam bagels!!","Likes":""},{"Name":"","Category":"","Rating":" 5 stars ","Number_of_Reviews":"","Address":"","Reviewer":"Natalie Otero","Reviewer_page":"https://www.google.com/maps/contrib/104721675446411459195/reviews?hl=en-US","Review_time":"4 weeks ago","Review":"Best Starbucks I have had in a while","Likes":""},{"Name":"","Category":"","Rating":" 1 star ","Number_of_Reviews":"","Address":"","Reviewer":"Nina Apuda","Reviewer_page":"https://www.google.com/maps/contrib/104701557749019352362/reviews?hl=en-US","Review_time":"a year ago","Review":"Disappointing. They pretty much don't have anything in stock for the Caramel ribbon crunch. it's my favorite. And they could not give me extra caramel drizzle. a simple request. make that a 0 star.","Likes":""},{"Name":"","Category":"","Rating":" 3 stars ","Number_of_Reviews":"","Address":"","Reviewer":"Sam W","Reviewer_page":"https://www.google.com/maps/contrib/106318995800746619600/reviews?hl=en-US","Review_time":"5 months ago","Review":"This location should consider posting notices on their door. Their restroom has been unavailable for two months and on a recent stop there, they were accepting only cash. It would be great if they could post things like this up front so you don’t have to go in to find out.","Likes":""},{"Name":"","Category":"","Rating":" 1 star ","Number_of_Reviews":"","Address":"","Reviewer":"Cesar 4nier","Reviewer_page":"https://www.google.com/maps/contrib/102547349426031582439/reviews?hl=en-US","Review_time":"11 months ago","Review":"They have this sign everywhere. Yet, we got people that come in with no mask and sit without showing any sort of proof of vaccination. Some guy came in coughing and not one employee said anything about putting on a mask. Kind of unfair that we have people who actually follow the rules and those that think that they don’t have to when stepping into private property where guidelines can be enforced.","Likes":"3"},{"Name":"","Category":"","Rating":" 5 stars ","Number_of_Reviews":"","Address":"","Reviewer":"Margaret Cardenas","Reviewer_page":"https://www.google.com/maps/contrib/112667351113269223109/reviews?hl=en-US","Review_time":"3 years ago","Review":"I love to come here its a large location so not so much crowding, the people here are friendly and professional always in a good mood. They always make my drink delicious; caramel macchiato, green tea frappuccino. Clean space, good music.","Likes":"1"},{"Name":"","Category":"","Rating":" 5 stars ","Number_of_Reviews":"","Address":"","Reviewer":"Sumaiya Sumi","Reviewer_page":"https://www.google.com/maps/contrib/106793147805948854973/reviews?hl=en-US","Review_time":"3 years ago","Review":"Good place to fnds hangout n study as well. Providing free wifi and no botheration, but sometimes hard to get any seat 😅","Likes":""},{"Name":"","Category":"","Rating":" 1 star ","Number_of_Reviews":"","Address":"","Reviewer":"Marifi Rivera","Reviewer_page":"https://www.google.com/maps/contrib/105399182291744410415/reviews?hl=en-US","Review_time":"6 months ago","Review":"They don’t allow people to peeh here even if you bought a lots of their products coffee and everything! Been here and i can’t hold my peeh! Good thing I have friends in Oki Japanese Restaurant! They allowed me there even if I don’t eat or buy something!They are such a nice people! But here in Starbucks!The manager is so rude! Not nice!and it’s not Pandemic anymore!and of course people are peeing because they bought and drink their coffee!!!’ Lol🤣","Likes":""},{"Name":"","Category":"","Rating":" 4 stars ","Number_of_Reviews":"","Address":"","Reviewer":"Jose Lopez","Reviewer_page":"https://www.google.com/maps/contrib/109712571649019025318/reviews?hl=en-US","Review_time":"4 weeks ago","Review":"Very nice place, it was really clean and the staff were friendly.","Likes":""},{"Name":"","Category":"","Rating":" 5 stars ","Number_of_Reviews":"","Address":"","Reviewer":"Reed Taylor","Reviewer_page":"https://www.google.com/maps/contrib/113311968692413299614/reviews?hl=en-US","Review_time":"2 months ago","Review":"Good location and fresh food. The coffee is great as well","Likes":""},{"Name":"","Category":"","Rating":" 4 stars ","Number_of_Reviews":"","Address":"","Reviewer":"Yamile flores","Reviewer_page":"https://www.google.com/maps/contrib/100790349858876407094/reviews?hl=en-US","Review_time":"a month ago","Review":"Very clean and organized. Personal was very attentive and kind !","Likes":"1"},{"Name":"","Category":"","Rating":" 4 stars ","Number_of_Reviews":"","Address":"","Reviewer":"Leon Lisowski","Reviewer_page":"https://www.google.com/maps/contrib/105001890900007759951/reviews?hl=en-US","Review_time":"9 months ago","Review":"Never tried the coffee but the pink drinks are good. The sweet snacks are good as well (I've only tried the muffin, the choco cookie and the chocolate cake pop) overall 4 stars because I haven't experienced everything to give a full review.","Likes":""},{"Name":"","Category":"","Rating":" 2 stars ","Number_of_Reviews":"","Address":"","Reviewer":"Gina DeLorenzo","Reviewer_page":"https://www.google.com/maps/contrib/115105709010219599788/reviews?hl=en-US","Review_time":"3 years ago","Review":"NEVER any air conditioning. Don't expect to sit here and cool off. Stuffy and warm. Long long lines on a Saturday afternoon with slow teens manning the registers.","Likes":"1"},{"Name":"","Category":"","Rating":" 1 star ","Number_of_Reviews":"","Address":"","Reviewer":"Ek' Balam","Reviewer_page":"https://www.google.com/maps/contrib/114589531794666627624/reviews?hl=en-US","Review_time":"9 months ago","Review":"The place look dirty! And This guys don't even put coffee on the Caramel Macchiato anymore! I order 2 this morning and they were just Milk and caramel! And This is not the first time!","Likes":""},{"Name":"","Category":"","Rating":" 4 stars ","Number_of_Reviews":"","Address":"","Reviewer":"R L","Reviewer_page":"https://www.google.com/maps/contrib/112079457945895739024/reviews?hl=en-US","Review_time":"11 months ago","Review":"The place is excellent, but brew coffee was just warm, as it stayed in the container for awhile -- a significant issue in the New York City Starbucks in the last two to three years because of their cost down process.","Likes":"1"},{"Name":"","Category":"","Rating":" 5 stars ","Number_of_Reviews":"","Address":"","Reviewer":"Ashley Poindexter","Reviewer_page":"https://www.google.com/maps/contrib/114262153344243871087/reviews?hl=en-US","Review_time":"a year ago","Review":"Starbucks no matter the city always has a special place in my heart. Best staff even in NY","Likes":"2"},{"Name":"","Category":"","Rating":" 4 stars ","Number_of_Reviews":"","Address":"","Reviewer":"Sir.Grape03","Reviewer_page":"https://www.google.com/maps/contrib/111194157003415672002/reviews?hl=en-US","Review_time":"3 years ago","Review":"This Starbucks is good! Place is clean , Workers are very friendly But add more seats! Even this \"Mocha chocolatey chippy\"i think! But is good!","Likes":""},{"Name":"","Category":"","Rating":" 5 stars ","Number_of_Reviews":"","Address":"","Reviewer":"Md SHAKIR","Reviewer_page":"https://www.google.com/maps/contrib/114291765579570503621/reviews?hl=en-US","Review_time":"5 years ago","Review":"Stuff are really friendly. They have strong coffee compare to other Starbucks.","Likes":"3"},{"Name":"","Category":"","Rating":" 5 stars ","Number_of_Reviews":"","Address":"","Reviewer":"John Janusz","Reviewer_page":"https://www.google.com/maps/contrib/107345020466387031297/reviews?hl=en-US","Review_time":"3 months ago","Review":"My favorite go to Starbucks, I work in the mall and I order there very frequently","Likes":""},{"Name":"","Category":"","Rating":" 4 stars ","Number_of_Reviews":"","Address":"","Reviewer":"Cristina Metgher","Reviewer_page":"https://www.google.com/maps/contrib/103930500135973595620/reviews?hl=en-US","Review_time":"5 years ago","Review":"Great place to come with a laptop and get some work done, drinks are of good quality. A little crowded but not too much.","Likes":"1"},{"Name":"","Category":"","Rating":" 5 stars ","Number_of_Reviews":"","Address":"","Reviewer":"Lobsang Chokey","Reviewer_page":"https://www.google.com/maps/contrib/116338900849089698760/reviews?hl=en-US","Review_time":"3 years ago","Review":"Customers service can be lil better but the drinks are always great 👍🏽","Likes":""},{"Name":"","Category":"","Rating":" 5 stars ","Number_of_Reviews":"","Address":"","Reviewer":"Melixah Artacademy","Reviewer_page":"https://www.google.com/maps/contrib/106330362624723727065/reviews?hl=en-US","Review_time":"4 years ago","Review":"I like this Starbucks Wi-Fi good this guys my guys they're so helpful","Likes":""},{"Name":"","Category":"","Rating":" 5 stars ","Number_of_Reviews":"","Address":"","Reviewer":"Lila Pellot","Reviewer_page":"https://www.google.com/maps/contrib/115500474438534259964/reviews?hl=en-US","Review_time":"6 months ago","Review":"My favorite Starbucks ❤️. I come here all the time. There crew is AWESOME.","Likes":""},{"Name":"","Category":"","Rating":" 5 stars ","Number_of_Reviews":"","Address":"","Reviewer":"Maureen E","Reviewer_page":"https://www.google.com/maps/contrib/109828564513573246456/reviews?hl=en-US","Review_time":"3 months ago","Review":"The service is great but it's a bit pricey..","Likes":""},{"Name":"","Category":"","Rating":" 1 star ","Number_of_Reviews":"","Address":"","Reviewer":"Bo BO-JOHNSON","Reviewer_page":"https://www.google.com/maps/contrib/114767686413055569917/reviews?hl=en-US","Review_time":"11 months ago","Review":"The service here was beyond horrible. Waited over 45 minutes in line with only 4 customers ahead of me. Employees are very careless to wait times and on top of the wait they had my order wrong","Likes":""},{"Name":"","Category":"","Rating":" 4 stars ","Number_of_Reviews":"","Address":"","Reviewer":"JS","Reviewer_page":"https://www.google.com/maps/contrib/103886238932909505734/reviews?hl=en-US","Review_time":"6 years ago","Review":"Once again we found ourselves trekking  home from a long drive through rush hour traffic after a very long week of work.  Traffic was unusually heavy and after and hour and a half crawling home at the amazing speed of 5 miles per hour we decided to treat ourselves before going home to dinner and vegging out in front of the TV.  To save time and get out of traffic I suggested going to a nearby café but when someone in the car stated that it had been a really tough week and didn't mind the extra 20 minute drive to really treat ourselves we headed straight to The French Workshop on Bell Boulevard.\n\nBefore we even made it to the front door we were recognized as regular patrons and greeted by two of the owners.  They were curious as to how they could improve on their menu, selections, anything at all.  We stood there for several minutes chatting and could not think of a single thing... I mean The French Workshop is well laid out, comfortable and very roomy, the seating is cozy, and the place is immaculately clean.  All of the staff are extremely helpful, knowledgeable, cordial, treat us like family, and even stop at our table to ascertain that everything we ordered is fresh, meets our expectations and to ask if there is anything they can do to make our experience at The French Workshop more pleasant.  We would not change a thing.\n\nUnfortunately they had run out of hazelnut for the honey hazelnut coffee (my absolute favorite) which forced me to try the coconut latte  (my new absolute favorite), thank you for running out of hazelnut.\n\nAs always everything was perfectly prepared, I did try a couple of sample new pastries they were considering and was amazed at how they could be so spot on when it comes to the right texture, the perfect blend of flavors and their very generous portion sizes.  After spending nearly an hour relaxing and enjoying their desserts, their wonderful company and conversation, and the perfect cup of iced coffee we realized that it took away all of the weeks stresses.\n\nThe French Workshop is not just a place to dine, it is a meeting place for friends, a place to make new friends, and a place to relax and unwind from all the pressure and stress that life may throw your way.\n\nThank you for another memorable evening.","Likes":""},{"Name":"","Category":"","Rating":" 5 stars ","Number_of_Reviews":"","Address":"","Reviewer":"Totally Alex","Reviewer_page":"https://www.google.com/maps/contrib/114300514953703142380/reviews?hl=en-US","Review_time":"a year ago","Review":"Starbucks is great! They have good service! Sometimes it's full but why wouldn't it be? Their drinks are delicious! If you haven't gone to Strabucks yet I recommend you to do so.","Likes":""},{"Name":"","Category":"","Rating":" 5 stars ","Number_of_Reviews":"","Address":"","Reviewer":"James Aviles","Reviewer_page":"https://www.google.com/maps/contrib/111697800756279442897/reviews?hl=en-US","Review_time":"a year ago","Review":"I’ve been to a lot of Starbucks and I gotta say this one is my favorite the atmosphere and the workers are fantastic there’s two baristas there that are funny and show great charisma Rose & Na they are friendly and quick with the drinks :D","Likes":"1"},{"Name":"","Category":"","Rating":" 5 stars ","Number_of_Reviews":"","Address":"","Reviewer":"Richard Kang","Reviewer_page":"https://www.google.com/maps/contrib/112978053957531235365/reviews?hl=en-US","Review_time":"4 years ago","Review":"Great service. Haven’t had a negative one yet. Love the baristas there. Especially in the PM. They recently renovated the store so it looks much better than before. Long hours, especially when you compare it to other locations in Queens (or any other borough in fact). Only negative I would say is not enough outlets.","Likes":""},{"Name":"","Category":"","Rating":" 1 star ","Number_of_Reviews":"","Address":"","Reviewer":"Erin D.","Reviewer_page":"https://www.google.com/maps/contrib/103384084144605723491/reviews?hl=en-US","Review_time":"2 years ago","Review":"Peppermint mocha latte tasted  like warmed milk.\nService from Gio & the rude girl on 11/16/2020 at 9pm was less than Stellar... they waited on 5 people who entered  the store after I did.  Ignored  me until they could no longer as the store  was empty.   I stood qaiting for my mobile order for 15 minutes before  Gio finally asked if I needed anything.   My drink was sitting  on the pick up counterthe entire  time I stood waiting.\nI miss the old crew..Corey & Eric  who took pride in their  work & made an effort  to know  the customer.\nI'll  take my business to the Rego Park store now.  Their crews are awesome.","Likes":"1"},{"Name":"","Category":"","Rating":" 4 stars ","Number_of_Reviews":"","Address":"","Reviewer":"Lisa Kerr","Reviewer_page":"https://www.google.com/maps/contrib/104816221036318493641/reviews?hl=en-US","Review_time":"4 years ago","Review":"Delicious coffee drinks, made perfectly. Way too many people camped out with their laptops & devices milking their one coffee for all it's worth. Not enough seating for that reason. But they could add 200 tables & 200 more hipster doofuses would suck them up too.","Likes":""},{"Name":"","Category":"","Rating":" 5 stars ","Number_of_Reviews":"","Address":"","Reviewer":"Marc Basilla","Reviewer_page":"https://www.google.com/maps/contrib/101329419143545268539/reviews?hl=en-US","Review_time":"3 years ago","Review":"This local Starbucks in Sunnyside, gets you in and out with your order very quickly. The staff is professional and friendly. Added bonus to have a decent-sized seating area for you to work, or enjoy your coffee and snacks. Lines normally form in the morning during the week.","Likes":""},{"Name":"","Category":"","Rating":" 5 stars ","Number_of_Reviews":"","Address":"","Reviewer":"Ross Rothschild","Reviewer_page":"https://www.google.com/maps/contrib/115859421091671719309/reviews?hl=en-US","Review_time":"6 years ago","Review":"I'm old! (Shakes fist at no one listening) I remember when cups came in one language and we didn't have soy milk and coffee cost 50¢ and we liked it! Even if it tasted like they scraped it off an old tire.\n\nThat being said, Starbucks stopped burning their beans several years ago so the straight-up caffeine fix is actually enjoyable. This one has nice helpful staff, lots of tables and chairs, wifi and air conditioning and even benches outside and it's a great people-watching spot to get to know your neighbors and your community. Maybe I'm missing the morning rush of all the uptight complainers but everyone is pretty chill here.","Likes":""},{"Name":"","Category":"","Rating":" 2 stars ","Number_of_Reviews":"","Address":"","Reviewer":"Izabela Staszak","Reviewer_page":"https://www.google.com/maps/contrib/117954711038987309564/reviews?hl=en-US","Review_time":"6 years ago","Review":"easily voted the worst Starbucks in queens ... Customer service is awful ! Drinks aren't made in the order they were paid and ordered in and when they are made they are made WRONG because labels aren't correctly printed and cups aren't labeled correctly. So much wasted coffee/milk/syrups when they make THREE OF THE SAME DRINKS because no one pays attention. Tip: staff should learn to communicate and stop panicking and being crazy in such a small space PLUS cut the attitude.","Likes":"1"},{"Name":"","Category":"","Rating":" 5 stars ","Number_of_Reviews":"","Address":"","Reviewer":"ENGIN MALCOK","Reviewer_page":"https://www.google.com/maps/contrib/110337406991580017412/reviews?hl=en-US","Review_time":"3 years ago","Review":"Particularly this Starbucks improvements are one of a kind. If you are visiting rush hours or after school hours ready to be waited. Several seats are available . High chairs section is shareable.  Bathroom has pin code so ask before use. Conveniently located at the 7 train Bliss 46th street stop.","Likes":""},{"Name":"","Category":"","Rating":" 5 stars ","Number_of_Reviews":"","Address":"","Reviewer":"Charles Prinzivalli","Reviewer_page":"https://www.google.com/maps/contrib/116917343059401506694/reviews?hl=en-US","Review_time":"a month ago","Review":"Always fast and friendly.","Likes":""},{"Name":"","Category":"","Rating":" 5 stars ","Number_of_Reviews":"","Address":"","Reviewer":"Dzevad Muric","Reviewer_page":"https://www.google.com/maps/contrib/106121895596632084662/reviews?hl=en-US","Review_time":"3 years ago","Review":"Great regular but big place","Likes":""},{"Name":"","Category":"","Rating":" 2 stars ","Number_of_Reviews":"","Address":"","Reviewer":"Berny Sanchez","Reviewer_page":"https://www.google.com/maps/contrib/103122471728191851355/reviews?hl=en-US","Review_time":"2 years ago","Review":"I bought a venti coffee and literally what they gave me was dark water.  It was 10:40 at night, maybe they didn't want to make new coffee and they give me a cup of water with a coffee color.\nwhen I came back they had already close .\nsuper angry, because I was going to drive so far Away.","Likes":"1"},{"Name":"","Category":"","Rating":" 1 star ","Number_of_Reviews":"","Address":"","Reviewer":"kelly ling-lew","Reviewer_page":"https://www.google.com/maps/contrib/102363685726749627437/reviews?hl=en-US","Review_time":"a year ago","Review":"The music was too loud so my order was wrong. I mentioned it to staff and she said there isn't any mistake, that I ordered incorrectly.","Likes":""},{"Name":"","Category":"","Rating":" 4 stars ","Number_of_Reviews":"","Address":"","Reviewer":"Hee Ran Huh","Reviewer_page":"https://www.google.com/maps/contrib/108940319751746897927/reviews?hl=en-US","Review_time":"3 years ago","Review":"9 months ago whenever I stopped by to get Starbucks the drinks were terrible as 72nd in broadway & queens blvd that I stopped going at both locations.\nBut recently the employees got better at both location and with great customer service.\n\nThis location the drinks were a big plus 2 months ago and till now They read the direction what I asked for in drinks. Mostly ordered the venti espresso frappuccino. It comes out to $8 but it's definitely worth it for me! People might think it's too expensive but...\n\nLately new drink came out called cloud macchiato which was a big fan for me and started to get that instead of frappe.\n\nNot a fan of really sweet drinks but starbucks it gets too sweet because I asked for one syrup but they ignored the order and put 4 instead In frappuccino.\n\nI always order through mobile order but sometime when I get to this Starbucks the drinks are not ready. It shows 3 to 6 mins on the receipt but the drinks are not ready in time.\nThere's almost 7 employees whenever I stop by but 3 ppl are actually making drinks. The rest is either at the cash register talking to each other.\n\nOverall I been getting my drinks correctly & the way how I wanted so I decided to change my review to 4 star and just stopped by now to get two Venti coffee. One came out on time but the other one was a wait so the girl apologize for a wait. Her name was Ree Not sure if I saw her name tag correctly.","Likes":""},{"Name":"","Category":"","Rating":" 5 stars ","Number_of_Reviews":"","Address":"","Reviewer":"Johan De Jesus","Reviewer_page":"https://www.google.com/maps/contrib/111480047251321426944/reviews?hl=en-US","Review_time":"a year ago","Review":"Great environment. Tables are still spaced out 6 feet distance. Safe place to dine in or take out.","Likes":""},{"Name":"","Category":"","Rating":" 4 stars ","Number_of_Reviews":"","Address":"","Reviewer":"M S","Reviewer_page":"https://www.google.com/maps/contrib/108146073271686251675/reviews?hl=en-US","Review_time":"7 months ago","Review":"Good customer service, and very clean place.","Likes":""},{"Name":"","Category":"","Rating":" 1 star ","Number_of_Reviews":"","Address":"","Reviewer":"Master Alamin","Reviewer_page":"https://www.google.com/maps/contrib/114166522805001474220/reviews?hl=en-US","Review_time":"4 years ago","Review":"Seems like they make my order late on purpose. People were getting drinks before me even though i was ahead. Happend twice already. Quality is not worth what your paying. Starbucks is now a substandard coffee place run by douchebag employees. If you want coffee go to cafe bene, paris, or hell even dunkin. At least you wont be disrespected. If they ask for your name say your name is john or becky.","Likes":"1"},{"Name":"","Category":"","Rating":" 2 stars ","Number_of_Reviews":"","Address":"","Reviewer":"Trae Higgs","Reviewer_page":"https://www.google.com/maps/contrib/114305222625524529729/reviews?hl=en-US","Review_time":"6 years ago","Review":"Customer service is terrible. I come her everyday before work (between 7am-8am) and pretty much every day there's NO LINE, 6-7 people behind the counter and ZERO acknowledgment or good morning or anything. I just awkwardly stand there until someone feels like working. TheN when the person comes to ring up my drink, there's no Good Morning or What can I get for you.... Just silence and they wait for me to start speaking. Management needs to address this. Drinks taste great but cmon, pretending to ignore 1 person in line while your store is dead is just so rude.","Likes":"1"},{"Name":"","Category":"","Rating":" 1 star ","Number_of_Reviews":"","Address":"","Reviewer":"amanda kearns","Reviewer_page":"https://www.google.com/maps/contrib/115783817764386177061/reviews?hl=en-US","Review_time":"4 years ago","Review":"The reason being for the low rating is the following situation that I encountered.  The employees were asked if the new yellow box on display displayed behind the counter were espresso pods. It was dark and I couldn't really see which is why I asked. The cashier looked at me and said idk and asked a different worker. they both looked at me and said those new pods were brewed coffee not espresso. I saw however the longer name on the right corner of the box and asked them again are you sure and the cashier replied only brewed and went to the next customer as if I werent there. I then grew impatient and asked to see the box myself and the man jumped onto the counter to get the box which was alas espresso NOT brewed. The reason I am going on and on is because I'm tired of employees giving me a quick lie so that they dont have to check. I feel that you work there and the new verismo boxes just came in and not only are you unaware if they are coffee or espresso but you tell customers answers so assuredly when you dont even know. I'm sorry but it's either laziness or incompetence. Starbucks needs to focus less on other trainings they hold so dear and help employees gather accurate information.","Likes":"1"},{"Name":"","Category":"","Rating":" 5 stars ","Number_of_Reviews":"","Address":"","Reviewer":"Jennifer Lucas","Reviewer_page":"https://www.google.com/maps/contrib/106038721188266631724/reviews?hl=en-US","Review_time":"5 years ago","Review":"My husband and I rarely visit another starbucks. The baristas are great. Rarely had a problem with our orders because they already know us and know what we like. Very well kept, clean and calm atmosphere. This is our favorite starbucks. We go there all the way from Ozone Park because they are just that good.","Likes":""},{"Name":"","Category":"","Rating":" 2 stars ","Number_of_Reviews":"","Address":"","Reviewer":"Miguel mejia","Reviewer_page":"https://www.google.com/maps/contrib/109643045400032060299/reviews?hl=en-US","Review_time":"5 years ago","Review":"place is too cold  with the air conditioner on at all times even in cold weather. and they blast loud music like its a club. The lights are extremely bright feels like I need sunglasses sometimes. Coffee is just so so. Why the extra star? place use to have roaches on the furniture.","Likes":"1"},{"Name":"","Category":"","Rating":" 5 stars ","Number_of_Reviews":"","Address":"","Reviewer":"Julekha Sayeed","Reviewer_page":"https://www.google.com/maps/contrib/115635674065599177099/reviews?hl=en-US","Review_time":"a year ago","Review":"I’ve been coming here for years and everyone is always friendly and make your orders very quickly.","Likes":""},{"Name":"","Category":"","Rating":" 5 stars ","Number_of_Reviews":"","Address":"","Reviewer":"Irani cabral","Reviewer_page":"https://www.google.com/maps/contrib/103683413949823768868/reviews?hl=en-US","Review_time":"3 weeks ago","Review":"Very good place!","Likes":""},{"Name":"","Category":"","Rating":" 2 stars ","Number_of_Reviews":"","Address":"","Reviewer":"Johan Hagstrom","Reviewer_page":"https://www.google.com/maps/contrib/109621637124463505639/reviews?hl=en-US","Review_time":"3 years ago","Review":"Staff is nice, bit the place is unfortunately filled with squatters. Tried to do some work but I had to leave because of people just sitting down at my table. Not customers, just squatters. Not a fan.","Likes":""},{"Name":"","Category":"","Rating":" 5 stars ","Number_of_Reviews":"","Address":"","Reviewer":"Maria","Reviewer_page":"https://www.google.com/maps/contrib/110000090183441696000/reviews?hl=en-US","Review_time":"5 years ago","Review":"The Employees are very kind to there customers they are friendly and they get the orders right. They always smile , the place is always clean . No bad vibes go around there. They treat people like they are special. I love it!","Likes":"1"},{"Name":"","Category":"","Rating":" 5 stars ","Number_of_Reviews":"","Address":"","Reviewer":"Marlene Zamora","Reviewer_page":"https://www.google.com/maps/contrib/115471028451899742242/reviews?hl=en-US","Review_time":"a year ago","Review":"The service here is really good. They make your order really fast and are super polite.","Likes":""},{"Name":"","Category":"","Rating":" 1 star ","Number_of_Reviews":"","Address":"","Reviewer":"Carlos Jimenez","Reviewer_page":"https://www.google.com/maps/contrib/116897068746972567005/reviews?hl=en-US","Review_time":"4 years ago","Review":"I’m a frequent customer of this Starbucks since. 2015 , i came in twice this week and people who a attended me took the order wrong twice, and made me waste my time on my way to work , the only nice bartenders were Erick and Carlos!","Likes":"2"},{"Name":"","Category":"","Rating":" 2 stars ","Number_of_Reviews":"","Address":"","Reviewer":"Hwan Bae","Reviewer_page":"https://www.google.com/maps/contrib/113510356879054206737/reviews?hl=en-US","Review_time":"2 years ago","Review":"You should bring any cups beyond temporal and spatial dimensions  which is  important whether  it is cupped in the hands , a cup crumpled up leaves or in skin containers to carry coffee short distance for saving earth","Likes":""},{"Name":"","Category":"","Rating":" 5 stars ","Number_of_Reviews":"","Address":"","Reviewer":"chubbs mcghee","Reviewer_page":"https://www.google.com/maps/contrib/112347741102618543446/reviews?hl=en-US","Review_time":"4 years ago","Review":"As always great coffee, cookie crumble bars are back on the menu which makes me more than happy. Very tall gentleman helped me and was quite pleasant.","Likes":""},{"Name":"","Category":"","Rating":" 1 star ","Number_of_Reviews":"","Address":"","Reviewer":"randy dover","Reviewer_page":"https://www.google.com/maps/contrib/106445432762793476359/reviews?hl=en-US","Review_time":"6 years ago","Review":"Almost every if not all of my experiences at this location have been extremely disrespectful, rude, and no way to treat a customer, after a long time of butchering my order which is a twenty ounce frapp. I pay for extras and tell them what I want they did a horrible job 90% of the time, mind you I'm spending 10 dollars on a damn drink made of ice for Christ's akram. so long story short I had a few disputes with them due to thier arrogance/foolishness saying that this is the last time they would put my twenty ounce drink in a bigger 30 ounce cup just because I order extra stuff and it takes up space litter Aly nothing different except the size of the cup they aren't adding anything extra to my drink if anything they always skimp me even though always pay good money for extra I am going to contact corporate and see what they have to say about that and also poor hygiene they are constantly messing up people's orders and throwing them out for no good reason these people have no heart or companion plus they support israeli zionist apartheid occupation and settlements I'm boycotting you for good and will do everything in my power to BDS you right out of town. boycott divestment and sanctions against illegal zionist occupation that's what your Starbucks dollars are going towards 10 for a drink is ridiculous this turned out to be a blessing in disguise","Likes":"2"},{"Name":"","Category":"","Rating":" 5 stars ","Number_of_Reviews":"","Address":"","Reviewer":"Luciano Prieto","Reviewer_page":"https://www.google.com/maps/contrib/109052124814454991971/reviews?hl=en-US","Review_time":"5 years ago","Review":"I go to Starbucks all over Manhattan on a daily basis but, this one here is close to my home, and thus far I have no complaints at all and my coffee is always rite on point, and if not they will gladly take care of it. Its cozy and pretty quiet and has a large space with plenty of seats and tables, what more can you ask 4.\nAlso there is a cuteee female barista with gorgeous long Raven hair that I absolutely adore looking at doing her thing while I sip my Cafe, and honestly; I was hoping to get to know but I came to find out, that she is taken by one of the male barista's. All good my Cupid has a sub machine Gun. ;-)","Likes":""},{"Name":"","Category":"","Rating":" 5 stars ","Number_of_Reviews":"","Address":"","Reviewer":"Devonte Girdner","Reviewer_page":"https://www.google.com/maps/contrib/104520551595774655935/reviews?hl=en-US","Review_time":"4 years ago","Review":"I actually never had a bad experience at this location nor any other Starbs... This one is always clean and i always get my drinks super fast.  Highly recommend this location","Likes":""},{"Name":"","Category":"","Rating":" 3 stars ","Number_of_Reviews":"","Address":"","Reviewer":"Rachel Antonio","Reviewer_page":"https://www.google.com/maps/contrib/103227020337511362375/reviews?hl=en-US","Review_time":"8 years ago","Review":"This Starbucks is nice for lounging if you can find a free table. Be wary as you linger because it is filled with homeless people who will badger you about politics and money. Bathrooms are clean and service is friendly. On cold and rainy days beware of the heater and wet floor. Your glasses will fog up and you might slip on the floor.","Likes":"1"},{"Name":"","Category":"","Rating":" 3 stars ","Number_of_Reviews":"","Address":"","Reviewer":"Jenny Jay Rapirap","Reviewer_page":"https://www.google.com/maps/contrib/113653725616294720555/reviews?hl=en-US","Review_time":"3 years ago","Review":"Needs sign on where is the start of the queue to place an order. Seating is a bit small and not well lighted. Needs improvements compared to other Starbucks. They don't write names on the cups or the flavor if you have several cups ordered.","Likes":""},{"Name":"","Category":"","Rating":" 1 star ","Number_of_Reviews":"","Address":"","Reviewer":"Genesis Cruz","Reviewer_page":"https://www.google.com/maps/contrib/106798070162925601941/reviews?hl=en-US","Review_time":"2 years ago","Review":"DOES ANY ONE KNOW HOW TO MAKE A Cinnamon Dolce Crème HERE !? Seriously my first order was messed up; I let it slide. although I was a little upset, GO TO GET THE CORRECT order . SECOND TIME! gets messed up . Starbucks on Queens Blvd get it together.","Likes":""},{"Name":"","Category":"","Rating":" 3 stars ","Number_of_Reviews":"","Address":"","Reviewer":"xiao hello","Reviewer_page":"https://www.google.com/maps/contrib/102540293155019589839/reviews?hl=en-US","Review_time":"6 years ago","Review":"Not following directions. Kudos to the cashier who didn't listen to my order (tall soy caramel latte with whip cream and caramel drizzle). She told me she was going to put it as a caramel macchiato with extra caramel syrup instead. Why I said, because she said. Okay, I said. Just make sure you tell the barista. Of course when I go to pick up my drink, it's been made as per her directions as indicated on the sticker on the cup. She didn't even ask for my name, which I'm pretty sure is a Starbucks customer service standard. Boooo and thumbs down to her. When I told the guy who served me my drink exactly what happened, just try it he said. So I did and it tasted like what I actually ordered. But that's not the point. The point is, I should have received what I ordered and if not this should have been explained to me. And why did she switch it up anyway. I've ordered the same thing at other Starbucks'. Annnndddd if the drinks are the same then why do they have two different names on the menu? Explain that.\n\nApparently (as in according to Google) these two drinks are the same thing, just layered/made differently. So why not just say that. Sigh*","Likes":""},{"Name":"","Category":"","Rating":" 2 stars ","Number_of_Reviews":"","Address":"","Reviewer":"Daniel Perez","Reviewer_page":"https://www.google.com/maps/contrib/105432218539577824228/reviews?hl=en-US","Review_time":"6 months ago","Review":"Restroom Was closed at 7 in the morning. Smh","Likes":""},{"Name":"","Category":"","Rating":" 3 stars ","Number_of_Reviews":"","Address":"","Reviewer":"Johnathan Hagen","Reviewer_page":"https://www.google.com/maps/contrib/118360690283787646946/reviews?hl=en-US","Review_time":"3 years ago","Review":"It's a Starbucks? The 2017 era redesign looks nice. I ordered the coffee and it was ok! I prefer to buy my whole bean coffee at Baruir's down the street.","Likes":""},{"Name":"","Category":"","Rating":" 5 stars ","Number_of_Reviews":"","Address":"","Reviewer":"Joseph Travis","Reviewer_page":"https://www.google.com/maps/contrib/114146138711658029185/reviews?hl=en-US","Review_time":"a month ago","Review":"Brianna is so nice","Likes":"1"},{"Name":"","Category":"","Rating":" 2 stars ","Number_of_Reviews":"","Address":"","Reviewer":"Joy Corado","Reviewer_page":"https://www.google.com/maps/contrib/102231672520808284455/reviews?hl=en-US","Review_time":"5 years ago","Review":"Cashier grabbed items out my hand and insinuated that I was going to pay for them while I was collecting my things which I had just accidentally spilled onto the floor and was sneered at by the man behind me. Terrible way to start the day.","Likes":""},{"Name":"","Category":"","Rating":" 3 stars ","Number_of_Reviews":"","Address":"","Reviewer":"chaz nyc","Reviewer_page":"https://www.google.com/maps/contrib/114705521643592070557/reviews?hl=en-US","Review_time":"2 months ago","Review":"No indoor seating.","Likes":""},{"Name":"","Category":"","Rating":" 1 star ","Number_of_Reviews":"","Address":"","Reviewer":"noor-e-hira iqbal","Reviewer_page":"https://www.google.com/maps/contrib/100121358265875452902/reviews?hl=en-US","Review_time":"4 years ago","Review":"It was terrible, it took 30 minutes to make my order and it was the wrong order. I ordered a salted caramel mocha but they gave me a hot chocolate instead. So disappointing.","Likes":""},{"Name":"","Category":"","Rating":" 4 stars ","Number_of_Reviews":"","Address":"","Reviewer":"Teddy Lau","Reviewer_page":"https://www.google.com/maps/contrib/100759775706660999173/reviews?hl=en-US","Review_time":"3 years ago","Review":"The location is right next to a Subway station so it tend to be crowded.  Just make sure you have a long sleeve in the summer since they blast their ac pretty high.","Likes":""},{"Name":"","Category":"","Rating":" 4 stars ","Number_of_Reviews":"","Address":"","Reviewer":"Luis Portillo","Reviewer_page":"https://www.google.com/maps/contrib/118341257875796393103/reviews?hl=en-US","Review_time":"4 years ago","Review":"What can you say about Starbucks. It's a Starbucks. This location is just usually busy. People will sit there all day so dont expect a table. Outlets are also practically nonexistent","Likes":""},{"Name":"","Category":"","Rating":" 1 star ","Number_of_Reviews":"","Address":"","Reviewer":"Jose Mortola","Reviewer_page":"https://www.google.com/maps/contrib/111533927840879015138/reviews?hl=en-US","Review_time":"6 years ago","Review":"Terrible service... they always make the coffee as they please, and when you ask them to fix the problem, they give u a attitude and make u wait... no wonder their staff is always changing at this Starbucks.... ide rather not get a coffee if i have to stop at this place","Likes":""},{"Name":"","Category":"","Rating":" 2 stars ","Number_of_Reviews":"","Address":"","Reviewer":"nooominboom","Reviewer_page":"https://www.google.com/maps/contrib/112191101799303781029/reviews?hl=en-US","Review_time":"3 years ago","Review":"First time here. Screwed up my order said another person with my name Took it.  Ok\nThen made my drink which I paid 6$ for.\nMade it wrong and gave me some bitter drink that messed up my stomach\nHorrible place","Likes":""},{"Name":"","Category":"","Rating":" 5 stars ","Number_of_Reviews":"","Address":"","Reviewer":"Ayon Ibrahim","Reviewer_page":"https://www.google.com/maps/contrib/110012719935861402065/reviews?hl=en-US","Review_time":"10 months ago","Review":"It’s got character!","Likes":""},{"Name":"","Category":"","Rating":" 4 stars ","Number_of_Reviews":"","Address":"","Reviewer":"Maddison-Belle Petrus","Reviewer_page":"https://www.google.com/maps/contrib/106529167790797829179/reviews?hl=en-US","Review_time":"5 years ago","Review":"Great service, yummy drinks. But as always, it's on the extensive side, which I don't think will change..but best of all...they spelt my name right","Likes":""},{"Name":"","Category":"","Rating":" 4 stars ","Number_of_Reviews":"","Address":"","Reviewer":"Joshua Eli (Joshua Eli)","Reviewer_page":"https://www.google.com/maps/contrib/116240675420197342197/reviews?hl=en-US","Review_time":"6 years ago","Review":"Always pretty busy. But just use the mobile app and you can be in and out and on to your next adventure. Unless your next adventure is a table at Starbucks","Likes":""},{"Name":"","Category":"","Rating":" 2 stars ","Number_of_Reviews":"","Address":"","Reviewer":"Jean-Pierre MAÏSSA","Reviewer_page":"https://www.google.com/maps/contrib/105679766263925093812/reviews?hl=en-US","Review_time":"2 years ago","Review":"Hello,\n\nStill having issues with this store ... With so few people inside the place this morning the staff isn't even able to serve in the basis of first come first arrived.\nSo sad.","Likes":""},{"Name":"","Category":"","Rating":" 1 star ","Number_of_Reviews":"","Address":"","Reviewer":"Mr.E Servin","Reviewer_page":"https://www.google.com/maps/contrib/101626898769288178937/reviews?hl=en-US","Review_time":"11 months ago","Review":"Over paid for a coffee just to use the restroom, only to find out it was not working.","Likes":""},{"Name":"","Category":"","Rating":" 1 star ","Number_of_Reviews":"","Address":"","Reviewer":"Daniel Joseph-Pauline","Reviewer_page":"https://www.google.com/maps/contrib/104393281627943533117/reviews?hl=en-US","Review_time":"4 years ago","Review":"I used cash this guy checked it 4 times each time looking me over before taking the money smh maybe the COLOR OF MY MONEY WASN'T TO HIS liking.\nFirst time and last time.","Likes":""},{"Name":"","Category":"","Rating":" 5 stars ","Number_of_Reviews":"","Address":"","Reviewer":"Corey Lange","Reviewer_page":"https://www.google.com/maps/contrib/117057632865704426399/reviews?hl=en-US","Review_time":"a year ago","Review":"They always treat me like a valued customer","Likes":""},{"Name":"","Category":"","Rating":" 5 stars ","Number_of_Reviews":"","Address":"","Reviewer":"Fanny Chu","Reviewer_page":"https://www.google.com/maps/contrib/114047680694199029200/reviews?hl=en-US","Review_time":"a year ago","Review":"Entire team at Sunnyside Starbucks can always brighten anyone’s day!","Likes":""},{"Name":"","Category":"","Rating":" 4 stars ","Number_of_Reviews":"","Address":"","Reviewer":"K P","Reviewer_page":"https://www.google.com/maps/contrib/106280579914813743969/reviews?hl=en-US","Review_time":"10 months ago","Review":"Go on the weekends, their weekend staff is knowledgeable.","Likes":""},{"Name":"","Category":"","Rating":" 2 stars ","Number_of_Reviews":"","Address":"","Reviewer":"W","Reviewer_page":"https://www.google.com/maps/contrib/110064610899071275539/reviews?hl=en-US","Review_time":"3 years ago","Review":"This Starbucks is one of the worst Starbucks I have ever been to. This place is always crowded and their music selection is awful.","Likes":""},{"Name":"","Category":"","Rating":" 1 star ","Number_of_Reviews":"","Address":"","Reviewer":"jannina guerrero","Reviewer_page":"https://www.google.com/maps/contrib/101323927587635146278/reviews?hl=en-US","Review_time":"4 years ago","Review":"Took 15 minutes to make a large iced black coffee with only 2 people ahead of me. Very bad sevice.","Likes":"1"},{"Name":"","Category":"","Rating":" 4 stars ","Number_of_Reviews":"","Address":"","Reviewer":"Giotinez","Reviewer_page":"https://www.google.com/maps/contrib/101687660656346642662/reviews?hl=en-US","Review_time":"3 years ago","Review":"Bathroom is available but with code, staff are friendly, usually it is crowded, nice place to take a little rest.","Likes":""},{"Name":"","Category":"","Rating":" 4 stars ","Number_of_Reviews":"","Address":"","Reviewer":"Fried Zelda","Reviewer_page":"https://www.google.com/maps/contrib/117334526387300009879/reviews?hl=en-US","Review_time":"3 years ago","Review":"Nice location, large place, pleasant staff, sockets to charge devices, good WiFi.","Likes":""},{"Name":"","Category":"","Rating":" 5 stars ","Number_of_Reviews":"","Address":"","Reviewer":"Nikoleta Moulinos","Reviewer_page":"https://www.google.com/maps/contrib/113896303902151039166/reviews?hl=en-US","Review_time":"a year ago","Review":"One of my favorite Starbucks on Woodside Sunnyside border.","Likes":""},{"Name":"","Category":"","Rating":" 5 stars ","Number_of_Reviews":"","Address":"","Reviewer":"Steve Nelson","Reviewer_page":"https://www.google.com/maps/contrib/101370941436889206804/reviews?hl=en-US","Review_time":"a year ago","Review":"The friendly staff make the experience richer!","Likes":""},{"Name":"","Category":"","Rating":" 5 stars ","Number_of_Reviews":"","Address":"","Reviewer":"Argentina Marce","Reviewer_page":"https://www.google.com/maps/contrib/100752507150548463259/reviews?hl=en-US","Review_time":"6 years ago","Review":"I love this place. .we went today for a decaf moca Frappuccino. And Raimond gave a a great customer service as everybody else :)","Likes":""},{"Name":"","Category":"","Rating":" 5 stars ","Number_of_Reviews":"","Address":"","Reviewer":"Tiffie D","Reviewer_page":"https://www.google.com/maps/contrib/105137631067174740683/reviews?hl=en-US","Review_time":"3 years ago","Review":"Please be aware that they open at 5:30am and  6:00am respectively.  Very very sweet morning staff","Likes":""},{"Name":"","Category":"","Rating":" 1 star ","Number_of_Reviews":"","Address":"","Reviewer":"firat atagun","Reviewer_page":"https://www.google.com/maps/contrib/114881707517610142407/reviews?hl=en-US","Review_time":"11 months ago","Review":"Terrible service. They are also rude!","Likes":""},{"Name":"","Category":"","Rating":" 2 stars ","Number_of_Reviews":"","Address":"","Reviewer":"Florin B.","Reviewer_page":"https://www.google.com/maps/contrib/114181410390761154070/reviews?hl=en-US","Review_time":"5 years ago","Review":"Needs a thorough cleaning!!! Add some more light inside, it looks like a grotto especially on overcast days.","Likes":""},{"Name":"","Category":"","Rating":" 5 stars ","Number_of_Reviews":"","Address":"","Reviewer":"Will VI","Reviewer_page":"https://www.google.com/maps/contrib/105334650272753929317/reviews?hl=en-US","Review_time":"5 years ago","Review":"Clean and we'll maintained restroom, readily available baristas, and relatively modern, clean space.","Likes":""},{"Name":"","Category":"","Rating":" 4 stars ","Number_of_Reviews":"","Address":"","Reviewer":"Erwing Alouidor","Reviewer_page":"https://www.google.com/maps/contrib/111662070662803683468/reviews?hl=en-US","Review_time":"8 years ago","Review":"Really hard to find seats at any time. Staff was friendly though. This place is not too bad","Likes":""},{"Name":"","Category":"","Rating":" 5 stars ","Number_of_Reviews":"","Address":"","Reviewer":"Nancy Bronsteen","Reviewer_page":"https://www.google.com/maps/contrib/100155923616571255569/reviews?hl=en-US","Review_time":"4 years ago","Review":"These baristas are FAST and friendly, the place is clean with a nice clientele.","Likes":"1"},{"Name":"","Category":"","Rating":" 5 stars ","Number_of_Reviews":"","Address":"","Reviewer":"Ricardo Castillo","Reviewer_page":"https://www.google.com/maps/contrib/109669738619175388642/reviews?hl=en-US","Review_time":"6 years ago","Review":"Nice place to stop by for a quick drink, has lots of seats to sit and RECHARGE your devices","Likes":""},{"Name":"","Category":"","Rating":" 1 star ","Number_of_Reviews":"","Address":"","Reviewer":"JON JON","Reviewer_page":"https://www.google.com/maps/contrib/102868045424546966497/reviews?hl=en-US","Review_time":"4 years ago","Review":"Very mean and hasty with customers of color.\nStill denying non patronizing customers access to use the restrooms","Likes":"2"},{"Name":"","Category":"","Rating":" 4 stars ","Number_of_Reviews":"","Address":"","Reviewer":"Thomas Varga","Reviewer_page":"https://www.google.com/maps/contrib/103461062700896294958/reviews?hl=en-US","Review_time":"5 years ago","Review":"It's just what you expect from a local Starbucks and just a little bit more (friendly!).","Likes":""},{"Name":"","Category":"","Rating":" 1 star ","Number_of_Reviews":"","Address":"","Reviewer":"Srecko Anzic","Reviewer_page":"https://www.google.com/maps/contrib/112572773510522113745/reviews?hl=en-US","Review_time":"4 years ago","Review":"There is no air conditioning in the summer otherwise it is crazy cold inside. I stopped going here. I go to Cafe Bene instead.","Likes":"1"},{"Name":"","Category":"","Rating":" 4 stars ","Number_of_Reviews":"","Address":"","Reviewer":"Domnitza-Carmen Belecciu","Reviewer_page":"https://www.google.com/maps/contrib/110362910448918960875/reviews?hl=en-US","Review_time":"3 years ago","Review":"! Great holuday music atmosphere for meeting friends for great Starbucks holiday drinks and treats !","Likes":""},{"Name":"","Category":"","Rating":" 5 stars ","Number_of_Reviews":"","Address":"","Reviewer":"Robin Jacob","Reviewer_page":"https://www.google.com/maps/contrib/104670424270500097794/reviews?hl=en-US","Review_time":"3 years ago","Review":"Love their coffee. Wish there were more of these.","Likes":""},{"Name":"","Category":"","Rating":" 5 stars ","Number_of_Reviews":"","Address":"","Reviewer":"Ozzy Lopez","Reviewer_page":"https://www.google.com/maps/contrib/111261443245362413245/reviews?hl=en-US","Review_time":"6 years ago","Review":"Good speedy service here! People should stop complaining so much-it's just coffee.","Likes":""},{"Name":"","Category":"","Rating":" 5 stars ","Number_of_Reviews":"","Address":"","Reviewer":"Kassi Castles","Reviewer_page":"https://www.google.com/maps/contrib/107981498101280845118/reviews?hl=en-US","Review_time":"3 years ago","Review":"Súper friendly staff! The dark skinned man with the coffee master apron is so fineeeeeee.","Likes":"1"},{"Name":"","Category":"","Rating":" 5 stars ","Number_of_Reviews":"","Address":"","Reviewer":"kpop lover","Reviewer_page":"https://www.google.com/maps/contrib/103965647634565641026/reviews?hl=en-US","Review_time":"3 years ago","Review":"As always, great place ,nice staff and fast service.","Likes":""},{"Name":"","Category":"","Rating":" 5 stars ","Number_of_Reviews":"","Address":"","Reviewer":"Melissa M. Desvarieux","Reviewer_page":"https://www.google.com/maps/contrib/106887847162762334407/reviews?hl=en-US","Review_time":"8 months ago","Review":"The cream of the crop sbux workers and service","Likes":""},{"Name":"","Category":"","Rating":" 5 stars ","Number_of_Reviews":"","Address":"","Reviewer":"Fasutino Pichardo","Reviewer_page":"https://www.google.com/maps/contrib/113943033697782508416/reviews?hl=en-US","Review_time":"3 years ago","Review":"No complaints, nice peeps and great lattes.","Likes":""},{"Name":"","Category":"","Rating":" 1 star ","Number_of_Reviews":"","Address":"","Reviewer":"Moe A","Reviewer_page":"https://www.google.com/maps/contrib/110189839723719115891/reviews?hl=en-US","Review_time":"10 years ago","Review":"They never open on time and the staff are so nasty and they don't care if people waiting outside when they suppose to be open. They always open late.","Likes":"1"},{"Name":"","Category":"","Rating":" 5 stars ","Number_of_Reviews":"","Address":"","Reviewer":"S,Usman Nonstop Constructing Incorporated","Reviewer_page":"https://www.google.com/maps/contrib/117174327650561263238/reviews?hl=en-US","Review_time":"4 years ago","Review":"Differentiates from others mand yes public bathroom and you will.not be judged.lucas place.","Likes":"1"},{"Name":"","Category":"","Rating":" 4 stars ","Number_of_Reviews":"","Address":"","Reviewer":"Tony Chen","Reviewer_page":"https://www.google.com/maps/contrib/109091242616213914503/reviews?hl=en-US","Review_time":"4 years ago","Review":"Busy location. Service is nice, but they don't provide you skim milk.","Likes":""},{"Name":"","Category":"","Rating":" 5 stars ","Number_of_Reviews":"","Address":"","Reviewer":"Braden Nielson","Reviewer_page":"https://www.google.com/maps/contrib/100630400992204177588/reviews?hl=en-US","Review_time":"6 years ago","Review":"Nice for a Queens coffee shop. Good staff, quick service, typical Starbucks.","Likes":""},{"Name":"","Category":"","Rating":" 4 stars ","Number_of_Reviews":"","Address":"","Reviewer":"Dominic Calderone","Reviewer_page":"https://www.google.com/maps/contrib/114460086637730030233/reviews?hl=en-US","Review_time":"4 years ago","Review":"Love everything.. Great coffee. And great staff","Likes":"1"},{"Name":"","Category":"","Rating":" 5 stars ","Number_of_Reviews":"","Address":"","Reviewer":"Wanda Beatty","Reviewer_page":"https://www.google.com/maps/contrib/108262738902831790241/reviews?hl=en-US","Review_time":"3 years ago","Review":"Very nice staff. Enjoy my dsily visit.","Likes":""},{"Name":"","Category":"","Rating":" 3 stars ","Number_of_Reviews":"","Address":"","Reviewer":"Alexander Christian","Reviewer_page":"https://www.google.com/maps/contrib/106753270384728364762/reviews?hl=en-US","Review_time":"2 years ago","Review":"Not good but not bad, they need to control the body odor people and remove them when its bad.","Likes":""},{"Name":"","Category":"","Rating":" 1 star ","Number_of_Reviews":"","Address":"","Reviewer":"Kyrillos Eid","Reviewer_page":"https://www.google.com/maps/contrib/110977749439515375951/reviews?hl=en-US","Review_time":"6 years ago","Review":"Half of the staff really nasty the don't know how to put a smile on their faces. They are rude.","Likes":""},{"Name":"","Category":"","Rating":" 2 stars ","Number_of_Reviews":"","Address":"","Reviewer":"Bradley Werner","Reviewer_page":"https://www.google.com/maps/contrib/105837538676415771735/reviews?hl=en-US","Review_time":"3 years ago","Review":"It was ok. Seems like they were standing around and not helping customers","Likes":""},{"Name":"","Category":"","Rating":" 1 star ","Number_of_Reviews":"","Address":"","Reviewer":"Erchito Belarmino","Reviewer_page":"https://www.google.com/maps/contrib/104772342690065631113/reviews?hl=en-US","Review_time":"3 years ago","Review":"Bad service! I was here with my kids, about 9:35pm. I was the only customer and the two people there was just ignoring me.","Likes":""},{"Name":"","Category":"","Rating":" 5 stars ","Number_of_Reviews":"","Address":"","Reviewer":"Christian V","Reviewer_page":"https://www.google.com/maps/contrib/106167006578367423277/reviews?hl=en-US","Review_time":"2 years ago","Review":"Sometimes I walk in here and they got Bob Marley on the radio. Makes my day.","Likes":""},{"Name":"","Category":"","Rating":" 5 stars ","Number_of_Reviews":"","Address":"","Reviewer":"Natalie Vasquez","Reviewer_page":"https://www.google.com/maps/contrib/101534553682493858404/reviews?hl=en-US","Review_time":"10 months ago","Review":"Super friendly staff","Likes":""},{"Name":"","Category":"","Rating":" 5 stars ","Number_of_Reviews":"","Address":"","Reviewer":"Mohamed Soliman","Reviewer_page":"https://www.google.com/maps/contrib/113567695847875173342/reviews?hl=en-US","Review_time":"2 years ago","Review":"Friendly staff, great jobs moste of time","Likes":""},{"Name":"","Category":"","Rating":" 4 stars ","Number_of_Reviews":"","Address":"","Reviewer":"Ydhelca Perez","Reviewer_page":"https://www.google.com/maps/contrib/104778755785277162871/reviews?hl=en-US","Review_time":"4 years ago","Review":"Great place but nowhere to sit most of the time.","Likes":""},{"Name":"","Category":"","Rating":" 5 stars ","Number_of_Reviews":"","Address":"","Reviewer":"Gustavo Pertuz","Reviewer_page":"https://www.google.com/maps/contrib/103127258926407607438/reviews?hl=en-US","Review_time":"4 years ago","Review":"fast, friendly staff\npleasant place to relax and have a coffee","Likes":""},{"Name":"","Category":"","Rating":" 5 stars ","Number_of_Reviews":"","Address":"","Reviewer":"Frankie W","Reviewer_page":"https://www.google.com/maps/contrib/105122696602090599947/reviews?hl=en-US","Review_time":"9 months ago","Review":"Great friendly staff.","Likes":""},{"Name":"","Category":"","Rating":" 5 stars ","Number_of_Reviews":"","Address":"","Reviewer":"Crystal L. Glenn","Reviewer_page":"https://www.google.com/maps/contrib/106057776091602840203/reviews?hl=en-US","Review_time":"3 years ago","Review":"Excellent service. They are very polite and respectful.","Likes":""},{"Name":"","Category":"","Rating":" 4 stars ","Number_of_Reviews":"","Address":"","Reviewer":"Trevor Ewen","Reviewer_page":"https://www.google.com/maps/contrib/109815357021955013828/reviews?hl=en-US","Review_time":"4 years ago","Review":"Nice location, could use just a bit more seating.","Likes":""},{"Name":"","Category":"","Rating":" 5 stars ","Number_of_Reviews":"","Address":"","Reviewer":"Tim","Reviewer_page":"https://www.google.com/maps/contrib/102304192054666539383/reviews?hl=en-US","Review_time":"3 years ago","Review":"Wish I could shout out the morning crew.\nTheir service is top notch.","Likes":"1"},{"Name":"","Category":"","Rating":" 5 stars ","Number_of_Reviews":"","Address":"","Reviewer":"Dylan Murphy","Reviewer_page":"https://www.google.com/maps/contrib/103402400992001719544/reviews?hl=en-US","Review_time":"10 months ago","Review":"The coffee shop you know and love.","Likes":""},{"Name":"","Category":"","Rating":" 3 stars ","Number_of_Reviews":"","Address":"","Reviewer":"Nathan Ramey","Reviewer_page":"https://www.google.com/maps/contrib/112913610141702992245/reviews?hl=en-US","Review_time":"5 years ago","Review":"Not the best not worse. Often mess up the order but will fix it","Likes":""},{"Name":"","Category":"","Rating":" 5 stars ","Number_of_Reviews":"","Address":"","Reviewer":"Hallal Hallal","Reviewer_page":"https://www.google.com/maps/contrib/112642031765811123080/reviews?hl=en-US","Review_time":"a year ago","Review":"Very nice people and nice coffee ☕","Likes":""},{"Name":"","Category":"","Rating":" 5 stars ","Number_of_Reviews":"","Address":"","Reviewer":"Dennis Nimbriotis","Reviewer_page":"https://www.google.com/maps/contrib/118080892905178300874/reviews?hl=en-US","Review_time":"3 years ago","Review":"Love this location, clean, fast, and friendly people.","Likes":""},{"Name":"","Category":"","Rating":" 5 stars ","Number_of_Reviews":"","Address":"","Reviewer":"Darani Suarez","Reviewer_page":"https://www.google.com/maps/contrib/105715774403657823182/reviews?hl=en-US","Review_time":"2 years ago","Review":"I love it here. Great people. Great atmosphere.","Likes":""},{"Name":"","Category":"","Rating":" 4 stars ","Number_of_Reviews":"","Address":"","Reviewer":"Estefani Juarez","Reviewer_page":"https://www.google.com/maps/contrib/104846785872732456837/reviews?hl=en-US","Review_time":"4 years ago","Review":"Gets really busy early and after school hours. But baristas try their hardest.","Likes":""},{"Name":"","Category":"","Rating":" 1 star ","Number_of_Reviews":"","Address":"","Reviewer":"Rob Cruz","Reviewer_page":"https://www.google.com/maps/contrib/118257465901916835410/reviews?hl=en-US","Review_time":"5 years ago","Review":"Employee's are amazing managers think they own Starbucks Horrible management","Likes":"2"},{"Name":"","Category":"","Rating":" 4 stars ","Number_of_Reviews":"","Address":"","Reviewer":"PinProductions","Reviewer_page":"https://www.google.com/maps/contrib/110208725778632788684/reviews?hl=en-US","Review_time":"4 years ago","Review":"Products are good, nevertheless it is almost  impossible to find a place to sit down.","Likes":""},{"Name":"","Category":"","Rating":" 3 stars ","Number_of_Reviews":"","Address":"","Reviewer":"Kevin Sanchez","Reviewer_page":"https://www.google.com/maps/contrib/114840930207363998527/reviews?hl=en-US","Review_time":"9 years ago","Review":"Good service. Hard to get a decent seat/table.","Likes":""},{"Name":"","Category":"","Rating":" 2 stars ","Number_of_Reviews":"","Address":"","Reviewer":"Joseph Saccone","Reviewer_page":"https://www.google.com/maps/contrib/112388051078897196479/reviews?hl=en-US","Review_time":"4 years ago","Review":"Asked for skim WITH whip. N she even asked if I still wanted the whip. GRRRR","Likes":""},{"Name":"","Category":"","Rating":" 5 stars ","Number_of_Reviews":"","Address":"","Reviewer":"Dylan McGinty","Reviewer_page":"https://www.google.com/maps/contrib/102611054623616896356/reviews?hl=en-US","Review_time":"4 years ago","Review":"Great space. Always friendly. Two thumbs up.","Likes":""},{"Name":"","Category":"","Rating":" 5 stars ","Number_of_Reviews":"","Address":"","Reviewer":"Cassandra M. (Cassandra)","Reviewer_page":"https://www.google.com/maps/contrib/108984461448651245456/reviews?hl=en-US","Review_time":"a year ago","Review":"Quick in and out. Order was ready in minutes.","Likes":""},{"Name":"","Category":"","Rating":" 5 stars ","Number_of_Reviews":"","Address":"","Reviewer":"Katie Rucci","Reviewer_page":"https://www.google.com/maps/contrib/105672582082581937466/reviews?hl=en-US","Review_time":"2 years ago","Review":"The baristas displayed amazing customer service.","Likes":""},{"Name":"","Category":"","Rating":" 4 stars ","Number_of_Reviews":"","Address":"","Reviewer":"Haejin Kim","Reviewer_page":"https://www.google.com/maps/contrib/112598594446523255254/reviews?hl=en-US","Review_time":"3 years ago","Review":"Friendly staff everything was quick and enjoyable","Likes":""},{"Name":"","Category":"","Rating":" 5 stars ","Number_of_Reviews":"","Address":"","Reviewer":"Adem Jaffer","Reviewer_page":"https://www.google.com/maps/contrib/115102585929299950124/reviews?hl=en-US","Review_time":"a year ago","Review":"Good fresh coffee always","Likes":""},{"Name":"","Category":"","Rating":" 1 star ","Number_of_Reviews":"","Address":"","Reviewer":"Alessandro Dallago","Reviewer_page":"https://www.google.com/maps/contrib/108927641478082729651/reviews?hl=en-US","Review_time":"6 years ago","Review":"Absolutely filthy Starbucks. I travel often and this is probably the only filthy Starbucks I've been to.","Likes":"1"},{"Name":"","Category":"","Rating":" 4 stars ","Number_of_Reviews":"","Address":"","Reviewer":"Mukesh Shah","Reviewer_page":"https://www.google.com/maps/contrib/111119076791765675613/reviews?hl=en-US","Review_time":"6 years ago","Review":"Same as another Starbucks!! I love different flavored Teas!!","Likes":""},{"Name":"","Category":"","Rating":" 4 stars ","Number_of_Reviews":"","Address":"","Reviewer":"Str1derx109x","Reviewer_page":"https://www.google.com/maps/contrib/104541004231418167961/reviews?hl=en-US","Review_time":"a year ago","Review":"Great service and quick.","Likes":""},{"Name":"","Category":"","Rating":" 5 stars ","Number_of_Reviews":"","Address":"","Reviewer":"Ranaaa S.","Reviewer_page":"https://www.google.com/maps/contrib/111154202167264893633/reviews?hl=en-US","Review_time":"7 years ago","Review":"Amazing service and tasteful drinks and food","Likes":""},{"Name":"","Category":"","Rating":" 5 stars ","Number_of_Reviews":"","Address":"","Reviewer":"Brandon Miller","Reviewer_page":"https://www.google.com/maps/contrib/113538703933944972775/reviews?hl=en-US","Review_time":"2 years ago","Review":"Good latte and waffles are my favorite.","Likes":""},{"Name":"","Category":"","Rating":" 5 stars ","Number_of_Reviews":"","Address":"","Reviewer":"Carlos Sanchez","Reviewer_page":"https://www.google.com/maps/contrib/106269339024849631130/reviews?hl=en-US","Review_time":"3 years ago","Review":"hipster coffee +wifi not bad seattle","Likes":""},{"Name":"","Category":"","Rating":" 4 stars ","Number_of_Reviews":"","Address":"","Reviewer":"Prince Rayhan","Reviewer_page":"https://www.google.com/maps/contrib/111418470964761032325/reviews?hl=en-US","Review_time":"5 years ago","Review":"Very good place in Sunnyside, NY for coffee & hang around.","Likes":""},{"Name":"","Category":"","Rating":" 5 stars ","Number_of_Reviews":"","Address":"","Reviewer":"George Goros","Reviewer_page":"https://www.google.com/maps/contrib/107157287268062545325/reviews?hl=en-US","Review_time":"a year ago","Review":"One of the best friendly employees","Likes":""},{"Name":"","Category":"","Rating":" 4 stars ","Number_of_Reviews":"","Address":"","Reviewer":"Shashi K.C.","Reviewer_page":"https://www.google.com/maps/contrib/100064053639269763854/reviews?hl=en-US","Review_time":"4 years ago","Review":"I am not coffee lover but whenever I drink coffee that is one and only that is Starbucks Coffee.","Likes":""},{"Name":"","Category":"","Rating":" 5 stars ","Number_of_Reviews":"","Address":"","Reviewer":"Alex Compere","Reviewer_page":"https://www.google.com/maps/contrib/112378817932838717422/reviews?hl=en-US","Review_time":"4 years ago","Review":"Clean, Friendly staff, quick service","Likes":""},{"Name":"","Category":"","Rating":" 3 stars ","Number_of_Reviews":"","Address":"","Reviewer":"Diana Torres","Reviewer_page":"https://www.google.com/maps/contrib/104272261387597131755/reviews?hl=en-US","Review_time":"5 years ago","Review":"Eh. They're okay. Not the best. Probably not the worst.","Likes":""},{"Name":"","Category":"","Rating":" 5 stars ","Number_of_Reviews":"","Address":"","Reviewer":"Shobhon Rahman","Reviewer_page":"https://www.google.com/maps/contrib/114710740701719868801/reviews?hl=en-US","Review_time":"4 years ago","Review":"I loved this place. Nice and quiet","Likes":""},{"Name":"","Category":"","Rating":" 5 stars ","Number_of_Reviews":"","Address":"","Reviewer":"robin landry","Reviewer_page":"https://www.google.com/maps/contrib/102078668932173686507/reviews?hl=en-US","Review_time":"4 years ago","Review":"Personnel very kid. We dont have the app.the service is more fast with it","Likes":""},{"Name":"","Category":"","Rating":" 5 stars ","Number_of_Reviews":"","Address":"","Reviewer":"Frida Ballinas","Reviewer_page":"https://www.google.com/maps/contrib/112742166749294072391/reviews?hl=en-US","Review_time":"2 years ago","Review":"Come here all the time!!! Seating is very scarce at times. The staff is very friendly.","Likes":""},{"Name":"","Category":"","Rating":" 5 stars ","Number_of_Reviews":"","Address":"","Reviewer":"Frederick Lovett","Reviewer_page":"https://www.google.com/maps/contrib/115858363264922422500/reviews?hl=en-US","Review_time":"a year ago","Review":"My favorite coffee and pastries","Likes":""},{"Name":"","Category":"","Rating":" 5 stars ","Number_of_Reviews":"","Address":"","Reviewer":"Ahmed Husen","Reviewer_page":"https://www.google.com/maps/contrib/113771385093090007644/reviews?hl=en-US","Review_time":"3 years ago","Review":"Nice environment stuff are friendly .","Likes":""},{"Name":"","Category":"","Rating":" 5 stars ","Number_of_Reviews":"","Address":"","Reviewer":"Derek Dawson","Reviewer_page":"https://www.google.com/maps/contrib/115300607300405129208/reviews?hl=en-US","Review_time":"4 years ago","Review":"Great service from a super friendly staff.","Likes":""},{"Name":"","Category":"","Rating":" 5 stars ","Number_of_Reviews":"","Address":"","Reviewer":"Andrew Urbina","Reviewer_page":"https://www.google.com/maps/contrib/111037922954876878892/reviews?hl=en-US","Review_time":"4 years ago","Review":"Get yourself a good sweet Passion Tea Lemonade. 😋","Likes":""},{"Name":"","Category":"","Rating":" 1 star ","Number_of_Reviews":"","Address":"","Reviewer":"Cristina H.","Reviewer_page":"https://www.google.com/maps/contrib/107668073937211421543/reviews?hl=en-US","Review_time":"4 years ago","Review":"Poor customer service. Worker had a nasty attitude","Likes":""},{"Name":"","Category":"","Rating":" 4 stars ","Number_of_Reviews":"","Address":"","Reviewer":"Michelle Kaewchandee","Reviewer_page":"https://www.google.com/maps/contrib/100253300267495907511/reviews?hl=en-US","Review_time":"6 years ago","Review":"Friendly staff. They let you sit there for HOURS.","Likes":""},{"Name":"","Category":"","Rating":" 1 star ","Number_of_Reviews":"","Address":"","Reviewer":"Charlotte Neuhaus","Reviewer_page":"https://www.google.com/maps/contrib/115191599574632261426/reviews?hl=en-US","Review_time":"5 years ago","Review":"Simply the worst- one person working 4 people standing around","Likes":"2"},{"Name":"","Category":"","Rating":" 5 stars ","Number_of_Reviews":"","Address":"","Reviewer":"Tun Aung Khine","Reviewer_page":"https://www.google.com/maps/contrib/115810845550188796652/reviews?hl=en-US","Review_time":"6 years ago","Review":"Never missing out to drink a cup of coffee","Likes":""},{"Name":"","Category":"","Rating":" 5 stars ","Number_of_Reviews":"","Address":"","Reviewer":"Fernando Olazabal","Reviewer_page":"https://www.google.com/maps/contrib/118366085042639549633/reviews?hl=en-US","Review_time":"6 months ago","Review":"Nice","Likes":""},{"Name":"","Category":"","Rating":" 3 stars ","Number_of_Reviews":"","Address":"","Reviewer":"Scott Crowley","Reviewer_page":"https://www.google.com/maps/contrib/103013761237610513751/reviews?hl=en-US","Review_time":"5 years ago","Review":"It's a Starbucks. Bonus star for free WiFi and public restrooms.","Likes":""},{"Name":"","Category":"","Rating":" 4 stars ","Number_of_Reviews":"","Address":"","Reviewer":"Jorge Orozco","Reviewer_page":"https://www.google.com/maps/contrib/115943615415485578019/reviews?hl=en-US","Review_time":"6 years ago","Review":"Great coffe and this is a busy store","Likes":"1"},{"Name":"","Category":"","Rating":" 1 star ","Number_of_Reviews":"","Address":"","Reviewer":"amin","Reviewer_page":"https://www.google.com/maps/contrib/102355311122479888895/reviews?hl=en-US","Review_time":"10 years ago","Review":"Now they open 5:30 and I'm eating since 5:15 to open and now its 5:38 and finally they open that's bad","Likes":"1"},{"Name":"","Category":"","Rating":" 5 stars ","Number_of_Reviews":"","Address":"","Reviewer":"Destinee Torres","Reviewer_page":"https://www.google.com/maps/contrib/109567201047217471683/reviews?hl=en-US","Review_time":"4 years ago","Review":"Amazing place, such great service","Likes":""},{"Name":"","Category":"","Rating":" 5 stars ","Number_of_Reviews":"","Address":"","Reviewer":"Claudio Silva","Reviewer_page":"https://www.google.com/maps/contrib/103132148720726210421/reviews?hl=en-US","Review_time":"3 years ago","Review":"If ever in need of a bathroom in NYC buy a coffee here.","Likes":""},{"Name":"","Category":"","Rating":" 1 star ","Number_of_Reviews":"","Address":"","Reviewer":"T T","Reviewer_page":"https://www.google.com/maps/contrib/104626956762988604389/reviews?hl=en-US","Review_time":"2 years ago","Review":"Only order online  first who made that rule","Likes":""},{"Name":"","Category":"","Rating":" 3 stars ","Number_of_Reviews":"","Address":"","Reviewer":"nancy flores","Reviewer_page":"https://www.google.com/maps/contrib/100842873958972927264/reviews?hl=en-US","Review_time":"3 years ago","Review":"What I got was very bad and I only asked for latte","Likes":""},{"Name":"","Category":"","Rating":" 5 stars ","Number_of_Reviews":"","Address":"","Reviewer":"Diego Lorente","Reviewer_page":"https://www.google.com/maps/contrib/104099211148687330609/reviews?hl=en-US","Review_time":"a year ago","Review":"Where speacial moments feel awesome","Likes":""},{"Name":"","Category":"","Rating":" 5 stars ","Number_of_Reviews":"","Address":"","Reviewer":"Steven Saldarriaga","Reviewer_page":"https://www.google.com/maps/contrib/107379846207285672103/reviews?hl=en-US","Review_time":"5 years ago","Review":"Magnificant Service and always with a BIG smile.","Likes":""},{"Name":"","Category":"","Rating":" 5 stars ","Number_of_Reviews":"","Address":"","Reviewer":"Ivy 7788","Reviewer_page":"https://www.google.com/maps/contrib/116843921727074772158/reviews?hl=en-US","Review_time":"3 years ago","Review":"Great mornings pick me ups!","Likes":""},{"Name":"","Category":"","Rating":" 5 stars ","Number_of_Reviews":"","Address":"","Reviewer":"Eduardo Mendez","Reviewer_page":"https://www.google.com/maps/contrib/111555909761621823466/reviews?hl=en-US","Review_time":"3 years ago","Review":"Good stuff and great staff","Likes":""},{"Name":"","Category":"","Rating":" 5 stars ","Number_of_Reviews":"","Address":"","Reviewer":"AJ Steele","Reviewer_page":"https://www.google.com/maps/contrib/116795804431797568106/reviews?hl=en-US","Review_time":"6 years ago","Review":"Quick service and was very clean.","Likes":""},{"Name":"","Category":"","Rating":" 5 stars ","Number_of_Reviews":"","Address":"","Reviewer":"A Williams","Reviewer_page":"https://www.google.com/maps/contrib/110468189093224356996/reviews?hl=en-US","Review_time":"4 years ago","Review":"Staff pretty good and friendly","Likes":""},{"Name":"","Category":"","Rating":" 4 stars ","Number_of_Reviews":"","Address":"","Reviewer":"Titi Sis","Reviewer_page":"https://www.google.com/maps/contrib/105211776818352426138/reviews?hl=en-US","Review_time":"4 years ago","Review":"Love this place, staff are awesome!","Likes":""},{"Name":"","Category":"","Rating":" 4 stars ","Number_of_Reviews":"","Address":"","Reviewer":"Lance Rose","Reviewer_page":"https://www.google.com/maps/contrib/115955768577000396908/reviews?hl=en-US","Review_time":"3 years ago","Review":"Fast service and the cookie was soft","Likes":""},{"Name":"","Category":"","Rating":" 5 stars ","Number_of_Reviews":"","Address":"","Reviewer":"Victor Chicos","Reviewer_page":"https://www.google.com/maps/contrib/117734921422058895466/reviews?hl=en-US","Review_time":"3 years ago","Review":"It was great great staff and great drinks","Likes":""},{"Name":"","Category":"","Rating":" 5 stars ","Number_of_Reviews":"","Address":"","Reviewer":"Kim Ponce","Reviewer_page":"https://www.google.com/maps/contrib/117577290865340691603/reviews?hl=en-US","Review_time":"a year ago","Review":"Starbucks is always good.","Likes":""},{"Name":"","Category":"","Rating":" 5 stars ","Number_of_Reviews":"","Address":"","Reviewer":"Carlos Ponce","Reviewer_page":"https://www.google.com/maps/contrib/101816657963305776048/reviews?hl=en-US","Review_time":"a year ago","Review":"I love the breakfast","Likes":""},{"Name":"","Category":"","Rating":" 3 stars ","Number_of_Reviews":"","Address":"","Reviewer":"Simon F","Reviewer_page":"https://www.google.com/maps/contrib/104390914241408022002/reviews?hl=en-US","Review_time":"5 years ago","Review":"Good coffee. Lots of tables.","Likes":"1"},{"Name":"","Category":"","Rating":" 3 stars ","Number_of_Reviews":"","Address":"","Reviewer":"Frances Michaels","Reviewer_page":"https://www.google.com/maps/contrib/100670234708767032864/reviews?hl=en-US","Review_time":"a year ago","Review":"Decent.","Likes":""},{"Name":"","Category":"","Rating":" 4 stars ","Number_of_Reviews":"","Address":"","Reviewer":"Ohm “Spanky” Ohm","Reviewer_page":"https://www.google.com/maps/contrib/116662694645048364253/reviews?hl=en-US","Review_time":"5 years ago","Review":"It's nice, plenty of space","Likes":""}