[{"Name":"","Category":"","Rating":" 1 star ","Number_of_Reviews":"","Address":"","Reviewer":"K L","Reviewer_page":"https://www.google.com/maps/contrib/104877517649378080088/reviews?hl=en-US","Review_time":"4 months ago","Review":"Slowest starbucks. There is always a long line and always so many people waiting for their drinks. I've never seen more than one person taking orders and one or two people making drinks. For a busy location, its totally not worth waiting for 30 minutes just to get an overpriced drink. I'd rather go to target and get something there. Shame in starbucks","Likes":"2"},{"Name":"","Category":"","Rating":" 1 star ","Number_of_Reviews":"","Address":"","Reviewer":"高昊天","Reviewer_page":"https://www.google.com/maps/contrib/112306846523717820282/reviews?hl=en-US","Review_time":"5 months ago","Review":"I understand that making a drink alone is tiring, and this shop always puts less syrup or gives me a drink full of ice.  If the employees at work are dissatisfied, please vent your dissatisfaction to your manager not the customer, I will only ask you to do it again.","Likes":"3"},{"Name":"","Category":"","Rating":" 5 stars ","Number_of_Reviews":"","Address":"","Reviewer":"Sandra H.","Reviewer_page":"https://www.google.com/maps/contrib/111430618417164128471/reviews?hl=en-US","Review_time":"6 months ago","Review":"A small mallbucks; the service was great (when I been there) and amiable staff. My drink had maybe more ice for a drink I asked be with less ice, but it isn’t worth nicking off a star for. It happens.","Likes":""},{"Name":"","Category":"","Rating":" 1 star ","Number_of_Reviews":"","Address":"","Reviewer":"Charles Xu","Reviewer_page":"https://www.google.com/maps/contrib/103116670456120403557/reviews?hl=en-US","Review_time":"5 months ago","Review":"Very bad service today, I ordered a venti vanilla oat milk ice shaken expresso, and I was the only one there, waited 20 mins after people came after me left with drink, the guy works there told me someone took my drink, but I was there the only one took my drink is the one he handed out. Then he told me it’s not his fault that someone took my drink and refused my drink . Very bad serve, this  place doesn’t deserve one star. And with all the bad reviews, They should shut down this place or retrain their employees.","Likes":"1"},{"Name":"","Category":"","Rating":" 5 stars ","Number_of_Reviews":"","Address":"","Reviewer":"Kyle P","Reviewer_page":"https://www.google.com/maps/contrib/114170598894891523720/reviews?hl=en-US","Review_time":"a month ago","Review":"Fast and delicious\n\nWas staying next door and came over every morning to get some coffee and breakfast\n\nShort or no line at all and order was ready quickly","Likes":""},{"Name":"","Category":"","Rating":" 2 stars ","Number_of_Reviews":"","Address":"","Reviewer":"Salman Bin Habib","Reviewer_page":"https://www.google.com/maps/contrib/112622069532280042351/reviews?hl=en-US","Review_time":"11 months ago","Review":"I have Hot Chocoloate from Starbucks from my University outlet at Texas State.\n\nUnfortunately, this one tasted different and I didn't enjoy it. Felt like a waste of money!\n\nThe staff is nice and swift in making their orders. It's located in a beautiful place inside SkyView Mall.\n\nI would not recommend.","Likes":"2"},{"Name":"","Category":"","Rating":" 5 stars ","Number_of_Reviews":"","Address":"","Reviewer":"Kamui G.","Reviewer_page":"https://www.google.com/maps/contrib/101920286124488273859/reviews?hl=en-US","Review_time":"6 months ago","Review":"Staff was great. Definitely my new go to Starbucks, when I'm the area.","Likes":"1"},{"Name":"","Category":"","Rating":" 2 stars ","Number_of_Reviews":"","Address":"","Reviewer":"NY digitalcity","Reviewer_page":"https://www.google.com/maps/contrib/116709137408936497653/reviews?hl=en-US","Review_time":"a year ago","Review":"i ordered my drink on the starbucks app at 9:30am. The mall unfortunately opens at 10am. But I have to get to work so I couldn't wait that long. I called store and told the girl about situation I asked if she can kindly bring it to the door …","Likes":""},{"Name":"","Category":"","Rating":" 5 stars ","Number_of_Reviews":"","Address":"","Reviewer":"LadyT No nonsense","Reviewer_page":"https://www.google.com/maps/contrib/111213951171300394808/reviews?hl=en-US","Review_time":"2 years ago","Review":"This is the Starbucks inside of the Target in Skyview Center Mall. The staff was amazing. Super friendly, fast, and knew their stuff. I was very please with the service and my drink was delicious. Thank you to the great team at their store. I will go back again.","Likes":""},{"Name":"","Category":"","Rating":" 5 stars ","Number_of_Reviews":"","Address":"","Reviewer":"koko •","Reviewer_page":"https://www.google.com/maps/contrib/109859171405502330103/reviews?hl=en-US","Review_time":"2 years ago","Review":"i would always grab a coffee from here everytime i head to this mall, the staff there are all quick and courteous.","Likes":""},{"Name":"","Category":"","Rating":" 1 star ","Number_of_Reviews":"","Address":"","Reviewer":"Carlos Botero","Reviewer_page":"https://www.google.com/maps/contrib/112001267350638436322/reviews?hl=en-US","Review_time":"3 years ago","Review":"I have lost count of the number of times I have been to this store and your employees have declined to make me my drink of preference which is a simple Caramel Frap.... yesterday afternoon around 3 to 4pm your employees have once again refused to make my drink simply saying “we cant make it” and not offering any other explanation. I find this pathetic because it is obvious they simply did not want to make it. Please better your store.. not for me but for the customers that bring money to your establishment. That is all.","Likes":""},{"Name":"","Category":"","Rating":" 1 star ","Number_of_Reviews":"","Address":"","Reviewer":"Michael","Reviewer_page":"https://www.google.com/maps/contrib/101647747310816832151/reviews?hl=en-US","Review_time":"4 years ago","Review":"I was standing there waiting for the girl to assist me. Pretty sure she saw me at the corner of her eyes but she kept washing the cups. I said “ hey can I get a cup of water?” She said “ you have to purchase something to get a cup of water”. I’ve gone to many Starbucks and they always allow free water without any purchase.","Likes":"2"},{"Name":"","Category":"","Rating":" 1 star ","Number_of_Reviews":"","Address":"","Reviewer":"Rui Chen","Reviewer_page":"https://www.google.com/maps/contrib/112931552086333724674/reviews?hl=en-US","Review_time":"4 years ago","Review":"very bad service, I just got burned by spilled hot coffee, because of deformed/softened paper cup. Workers there showed no sympathy at all, only 1 was kind enough to offer me some ice, after i repeatedly asked for.   if you don't want to get burned or ruin your weekend, DON'T GO THERE, period.","Likes":"1"},{"Name":"","Category":"","Rating":" 1 star ","Number_of_Reviews":"","Address":"","Reviewer":"Dr.Y Rev","Reviewer_page":"https://www.google.com/maps/contrib/108116748444967522165/reviews?hl=en-US","Review_time":"a year ago","Review":"Very bad attitude!  !  !  Have been chatting, ignoring guests!  Dirty cup!  !  Unsanitary handling!  ! I am responsible for what I say!  I really want to find their supervisor to complain!","Likes":"1"},{"Name":"","Category":"","Rating":" 1 star ","Number_of_Reviews":"","Address":"","Reviewer":"Kēb Î","Reviewer_page":"https://www.google.com/maps/contrib/102735826014081266921/reviews?hl=en-US","Review_time":"2 months ago","Review":"the staff was rude and was not paying attention to customers when called","Likes":"1"},{"Name":"","Category":"","Rating":" 1 star ","Number_of_Reviews":"","Address":"","Reviewer":"Runnett Grant","Reviewer_page":"https://www.google.com/maps/contrib/111816456697237448433/reviews?hl=en-US","Review_time":"a year ago","Review":"They are kore focused on putting supplies away then paying attention mobile orders. What’s the point of ordering ahead if they’ll only make your order when you arrive?","Likes":"2"},{"Name":"","Category":"","Rating":" 5 stars ","Number_of_Reviews":"","Address":"","Reviewer":"Henry Szczepanski","Reviewer_page":"https://www.google.com/maps/contrib/103589326900682628162/reviews?hl=en-US","Review_time":"6 months ago","Review":"Great coffee and friendly and courteous employees...Five Stars !!!","Likes":""},{"Name":"","Category":"","Rating":" 1 star ","Number_of_Reviews":"","Address":"","Reviewer":"Maria Hernandez","Reviewer_page":"https://www.google.com/maps/contrib/100431560762500012877/reviews?hl=en-US","Review_time":"4 years ago","Review":"Always horrible service at this particular location!! Workers in this Starbucks are beyond rude and very unprofessional! They are constantly talking throughout their shifts and complain about customers’ orders right in front of them! I truly recommend going to a different Starbucks..","Likes":"3"},{"Name":"","Category":"","Rating":" 3 stars ","Number_of_Reviews":"","Address":"","Reviewer":"hungy","Reviewer_page":"https://www.google.com/maps/contrib/104895970651697137963/reviews?hl=en-US","Review_time":"5 years ago","Review":"it took me like 15 minutes to find because i didn't realize that the starbucks was actually inside target. when i found it, it was understaffed and understocked - there was only one person working there when i went, and she didnt really know what she was doing. she also gave me a short straw for a venti drink, but her casual demeanor made up for it. she was polite and struck up a conversation with me.","Likes":"3"},{"Name":"","Category":"","Rating":" 1 star ","Number_of_Reviews":"","Address":"","Reviewer":"George Cotal","Reviewer_page":"https://www.google.com/maps/contrib/113201362323238406900/reviews?hl=en-US","Review_time":"4 years ago","Review":"This place is horrible! Service is terrible and my coffee tasted like straight up milk.  The baristas need to be trained better, what a disappointment! I had to throw away my $6 coffee because I waited until I got back in the car to drink it and by then it was too late to go back! SHUT THIS PLACE DOWN!!!!!","Likes":"1"},{"Name":"","Category":"","Rating":" 1 star ","Number_of_Reviews":"","Address":"","Reviewer":"Letsie Caban","Reviewer_page":"https://www.google.com/maps/contrib/103581285069810746817/reviews?hl=en-US","Review_time":"4 years ago","Review":"I was having a GREAT MORNING UNTIL I ordered my usual caramel iced ciffee here, the barista had the nastiest attitude ever!!!!! She wispered under her breath \"oh God\" cuz I politely asked her to make my coffee!!!!! Will not be coming back! BTW she is Hispanic with light hair!!!!!!!","Likes":"1"},{"Name":"","Category":"","Rating":" 1 star ","Number_of_Reviews":"","Address":"","Reviewer":"Yi Lan Yu","Reviewer_page":"https://www.google.com/maps/contrib/116748420016556686240/reviews?hl=en-US","Review_time":"4 years ago","Review":"Very very very bad service. People who work in Starbucks was keep talking to target employees. I was standing there for more than 10 minutes, and they just ignored me. When other target employees came, Starbucks employees just started to ask what they wanted. I was standing there for so long, and they just ignored me. I was so angry, and I just walked away.","Likes":"3"},{"Name":"","Category":"","Rating":" 5 stars ","Number_of_Reviews":"","Address":"","Reviewer":"Its Giselle","Reviewer_page":"https://www.google.com/maps/contrib/110766255285512826897/reviews?hl=en-US","Review_time":"3 months ago","Review":"They rick rolled us.\nIt was beautiful.","Likes":""},{"Name":"","Category":"","Rating":" 1 star ","Number_of_Reviews":"","Address":"","Reviewer":"Phoenix Fung","Reviewer_page":"https://www.google.com/maps/contrib/102955799779300903780/reviews?hl=en-US","Review_time":"2 years ago","Review":"Poor experience ☹️ they only accepted cash then gave me the wrong change then refused to acknowledge it or apologize. Girl making drink said name so low I had to ask if it was the correct drink. Dumb people work here!","Likes":"1"},{"Name":"","Category":"","Rating":" 4 stars ","Number_of_Reviews":"","Address":"","Reviewer":"Robert Gaymer","Reviewer_page":"https://www.google.com/maps/contrib/109500355138358901070/reviews?hl=en-US","Review_time":"4 years ago","Review":"Under staffed, our cashier was also the person who had to make our drinks. Other than that it was good and moderately good service. Coffee/ Iced Tea was really good.","Likes":""},{"Name":"","Category":"","Rating":" 3 stars ","Number_of_Reviews":"","Address":"","Reviewer":"Jason Nadler","Reviewer_page":"https://www.google.com/maps/contrib/107811333902557233737/reviews?hl=en-US","Review_time":"4 years ago","Review":"A busy Starbucks in College Point. Parking lot can be a little crazy. I use this as base when picking up from LaGuardia Airport. It's about 10 minutes away.\nIt's a typical Starbucks, same foods and beverages as the others. It can get busy and seating can get tight. Not all the seats are comfortable, especially the benches against the wall.","Likes":"1"},{"Name":"","Category":"","Rating":" 5 stars ","Number_of_Reviews":"","Address":"","Reviewer":"Queens Betty","Reviewer_page":"https://www.google.com/maps/contrib/114743949404381599116/reviews?hl=en-US","Review_time":"2 years ago","Review":"The employee who do my order, she was very nice & did my drink the way I want it. I coming back again.","Likes":""},{"Name":"","Category":"","Rating":" 1 star ","Number_of_Reviews":"","Address":"","Reviewer":"Lannis Zhao","Reviewer_page":"https://www.google.com/maps/contrib/106983032741621588623/reviews?hl=en-US","Review_time":"2 years ago","Review":"if I can I wish I could give ZERO star .bad experience. made wrong drink. Not available for Venti or Tranta size cups. take too long time for waiting .\n\nonly have one stuff to make drinks .","Likes":"2"},{"Name":"","Category":"","Rating":" 4 stars ","Number_of_Reviews":"","Address":"","Reviewer":"Eski mo","Reviewer_page":"https://www.google.com/maps/contrib/104537100112445794367/reviews?hl=en-US","Review_time":"5 months ago","Review":"I wish there was more soliloquy in the cashier’s voice.","Likes":""},{"Name":"","Category":"","Rating":" 1 star ","Number_of_Reviews":"","Address":"","Reviewer":"Andrew Yakubovsky","Reviewer_page":"https://www.google.com/maps/contrib/102481367090604521513/reviews?hl=en-US","Review_time":"7 years ago","Review":"Asked for the cold brewed iced and they said they had it. Gave me hot coffee with ice and said it was cold brew because they put ice in it. You pay extra for cold brewed as opposed to iced coffee","Likes":"1"},{"Name":"","Category":"","Rating":" 1 star ","Number_of_Reviews":"","Address":"","Reviewer":"Gregory Robinson","Reviewer_page":"https://www.google.com/maps/contrib/101489128308780713522/reviews?hl=en-US","Review_time":"2 years ago","Review":"This is by far the worst Starbucks I have ever been to. They're always saying that they can't make something. Once I was told that I can't even get plain coffee...","Likes":""},{"Name":"","Category":"","Rating":" 5 stars ","Number_of_Reviews":"","Address":"","Reviewer":"Lue Kang","Reviewer_page":"https://www.google.com/maps/contrib/118421849479416319090/reviews?hl=en-US","Review_time":"3 years ago","Review":"Good looks to Nicole for hookin' it up!","Likes":""},{"Name":"","Category":"","Rating":" 1 star ","Number_of_Reviews":"","Address":"","Reviewer":"Doraliza Perdomo (Doris)","Reviewer_page":"https://www.google.com/maps/contrib/109377396932714449336/reviews?hl=en-US","Review_time":"4 years ago","Review":"Every time I go to that location theres always something going on, I guess they want to get pay without doing any work.. always an excuse so they dont have to do the drinks ...Really bad service !!!!!","Likes":"3"},{"Name":"","Category":"","Rating":" 2 stars ","Number_of_Reviews":"","Address":"","Reviewer":"Elizabeth G","Reviewer_page":"https://www.google.com/maps/contrib/110265024969535322364/reviews?hl=en-US","Review_time":"5 years ago","Review":"Although it is open hours, there isn't always an employee at the location.\nUnderstaffed, often there would only be one employee ringing up customers and making the drinks.","Likes":"1"},{"Name":"","Category":"","Rating":" 5 stars ","Number_of_Reviews":"","Address":"","Reviewer":"Jon Mejia","Reviewer_page":"https://www.google.com/maps/contrib/117170484843792153475/reviews?hl=en-US","Review_time":"4 months ago","Review":"Fast service. Highly appreciated","Likes":""},{"Name":"","Category":"","Rating":" 1 star ","Number_of_Reviews":"","Address":"","Reviewer":"N Wong","Reviewer_page":"https://www.google.com/maps/contrib/110574817800070862860/reviews?hl=en-US","Review_time":"a year ago","Review":"Ordered two drinks, got charged for 3. And of course, they got my name wrong","Likes":""},{"Name":"","Category":"","Rating":" 5 stars ","Number_of_Reviews":"","Address":"","Reviewer":"R W","Reviewer_page":"https://www.google.com/maps/contrib/114531289767187993468/reviews?hl=en-US","Review_time":"2 years ago","Review":"I love Starbucks coffee and mandolins. Nice relaxing atmosphere","Likes":""},{"Name":"","Category":"","Rating":" 1 star ","Number_of_Reviews":"","Address":"","Reviewer":"Jacob Lin","Reviewer_page":"https://www.google.com/maps/contrib/105951568405585993579/reviews?hl=en-US","Review_time":"3 years ago","Review":"terrible service over there. Their  stuff yelled at me just because I add one more order when she is making my order.","Likes":"1"},{"Name":"","Category":"","Rating":" 1 star ","Number_of_Reviews":"","Address":"","Reviewer":"Travis Pratt","Reviewer_page":"https://www.google.com/maps/contrib/111283221006021347062/reviews?hl=en-US","Review_time":"8 years ago","Review":"Worst Starbucks I've ever been to. Horribly understaffed.","Likes":"2"},{"Name":"","Category":"","Rating":" 2 stars ","Number_of_Reviews":"","Address":"","Reviewer":"James Yoh (nyclaw)","Reviewer_page":"https://www.google.com/maps/contrib/108486093540932521003/reviews?hl=en-US","Review_time":"4 years ago","Review":"Small location that does not have the atmosphere of a regular Starbucks.","Likes":""},{"Name":"","Category":"","Rating":" 5 stars ","Number_of_Reviews":"","Address":"","Reviewer":"Preetam Nayak (Pree)","Reviewer_page":"https://www.google.com/maps/contrib/111247525080470203585/reviews?hl=en-US","Review_time":"a year ago","Review":"Nicolas was amazing he deserves a raise!!!","Likes":""},{"Name":"","Category":"","Rating":" 5 stars ","Number_of_Reviews":"","Address":"","Reviewer":"Debra Khoo","Reviewer_page":"https://www.google.com/maps/contrib/111477928855600489957/reviews?hl=en-US","Review_time":"2 years ago","Review":"New Starbucks just opened within a Skyview Mall.","Likes":"1"},{"Name":"","Category":"","Rating":" 1 star ","Number_of_Reviews":"","Address":"","Reviewer":"Steve Chung","Reviewer_page":"https://www.google.com/maps/contrib/103695218449513137820/reviews?hl=en-US","Review_time":"2 years ago","Review":"Worst taste of latte ever at this branch","Likes":"2"},{"Name":"","Category":"","Rating":" 3 stars ","Number_of_Reviews":"","Address":"","Reviewer":"Longe","Reviewer_page":"https://www.google.com/maps/contrib/118099239355617249554/reviews?hl=en-US","Review_time":"5 years ago","Review":"What the hell... Never know there is a Starbucks in the mall","Likes":""},{"Name":"","Category":"","Rating":" 5 stars ","Number_of_Reviews":"","Address":"","Reviewer":"Emma Hu","Reviewer_page":"https://www.google.com/maps/contrib/117247634458778887228/reviews?hl=en-US","Review_time":"2 years ago","Review":"Strawberry is my favorite.love it.","Likes":""},{"Name":"","Category":"","Rating":" 3 stars ","Number_of_Reviews":"","Address":"","Reviewer":"Kyle Lei","Reviewer_page":"https://www.google.com/maps/contrib/101831389663154186815/reviews?hl=en-US","Review_time":"6 years ago","Review":"Friendly staff, maybe I am the only one on the line,lol","Likes":""},{"Name":"","Category":"","Rating":" 3 stars ","Number_of_Reviews":"","Address":"","Reviewer":"hillary diaz","Reviewer_page":"https://www.google.com/maps/contrib/115426783901729412502/reviews?hl=en-US","Review_time":"3 years ago","Review":"Sometimes they never have frapuchinos","Likes":""},{"Name":"","Category":"","Rating":" 5 stars ","Number_of_Reviews":"","Address":"","Reviewer":"All in one الكل في واحد","Reviewer_page":"https://www.google.com/maps/contrib/104404078847224763559/reviews?hl=en-US","Review_time":"2 years ago","Review":"Iced latte is my favorite","Likes":""},{"Name":"","Category":"","Rating":" 4 stars ","Number_of_Reviews":"","Address":"","Reviewer":"ELI M","Reviewer_page":"https://www.google.com/maps/contrib/105637155626763735332/reviews?hl=en-US","Review_time":"3 years ago","Review":"Great location. Friendly staff","Likes":""},{"Name":"","Category":"","Rating":" 3 stars ","Number_of_Reviews":"","Address":"","Reviewer":"Clev W.","Reviewer_page":"https://www.google.com/maps/contrib/104338036982029306887/reviews?hl=en-US","Review_time":"4 years ago","Review":"Too many customers, too little staff.","Likes":""},{"Name":"","Category":"","Rating":" 3 stars ","Number_of_Reviews":"","Address":"","Reviewer":"David Chiu","Reviewer_page":"https://www.google.com/maps/contrib/110741733020796995999/reviews?hl=en-US","Review_time":"7 months ago","Review":"It's a Starbucks","Likes":""},{"Name":"","Category":"","Rating":" 5 stars ","Number_of_Reviews":"","Address":"","Reviewer":"Daina Saldierna","Reviewer_page":"https://www.google.com/maps/contrib/112165440668495784823/reviews?hl=en-US","Review_time":"2 years ago","Review":"Great people and coffee","Likes":"1"},{"Name":"","Category":"","Rating":" 3 stars ","Number_of_Reviews":"","Address":"","Reviewer":"L Sam","Reviewer_page":"https://www.google.com/maps/contrib/101375520850038950559/reviews?hl=en-US","Review_time":"a year ago","Review":"Ok","Likes":""},{"Name":"","Category":"","Rating":" 1 star ","Number_of_Reviews":"","Address":"","Reviewer":"Raphael Vorias","Reviewer_page":"https://www.google.com/maps/contrib/112293124870622474619/reviews?hl=en-US","Review_time":"5 years ago","Review":"It's IN the target?! Please hang up signs.","Likes":""},{"Name":"","Category":"","Rating":" 3 stars ","Number_of_Reviews":"","Address":"","Reviewer":"stephen davis","Reviewer_page":"https://www.google.com/maps/contrib/103697575195835517876/reviews?hl=en-US","Review_time":"6 years ago","Review":"Inside Target, nice view of the airport,","Likes":""},{"Name":"","Category":"","Rating":" 4 stars ","Number_of_Reviews":"","Address":"","Reviewer":"Salah DH","Reviewer_page":"https://www.google.com/maps/contrib/116966724870514626775/reviews?hl=en-US","Review_time":"3 years ago","Review":"Good service busy place","Likes":""},{"Name":"","Category":"","Rating":" 1 star ","Number_of_Reviews":"","Address":"","Reviewer":"Daniel","Reviewer_page":"https://www.google.com/maps/contrib/111832383925520582736/reviews?hl=en-US","Review_time":"3 years ago","Review":"Worst customer  service ever","Likes":""},{"Name":"","Category":"","Rating":" 3 stars ","Number_of_Reviews":"","Address":"","Reviewer":"Richard Gates","Reviewer_page":"https://www.google.com/maps/contrib/101963119718625029374/reviews?hl=en-US","Review_time":"5 years ago","Review":"Functional location, otherwise nothing special about it.","Likes":""},{"Name":"","Category":"","Rating":" 5 stars ","Number_of_Reviews":"","Address":"","Reviewer":"Edward Smith","Reviewer_page":"https://www.google.com/maps/contrib/101444453413957646558/reviews?hl=en-US","Review_time":"2 years ago","Review":"Love this coffee","Likes":""},{"Name":"","Category":"","Rating":" 5 stars ","Number_of_Reviews":"","Address":"","Reviewer":"Szekin Wong","Reviewer_page":"https://www.google.com/maps/contrib/117174719297558481220/reviews?hl=en-US","Review_time":"3 years ago","Review":"Superb~","Likes":""},{"Name":"","Category":"","Rating":" 4 stars ","Number_of_Reviews":"","Address":"","Reviewer":"hi, hello","Reviewer_page":"https://www.google.com/maps/contrib/103548479315761288331/reviews?hl=en-US","Review_time":"6 years ago","Review":"II like coffee here","Likes":""},{"Name":"","Category":"","Rating":" 1 star ","Number_of_Reviews":"","Address":"","Reviewer":"Abraham Kantono","Reviewer_page":"https://www.google.com/maps/contrib/114226694246814112912/reviews?hl=en-US","Review_time":"4 years ago","Review":"Can’t find the place!","Likes":""},{"Name":"","Category":"","Rating":" 1 star ","Number_of_Reviews":"","Address":"","Reviewer":"Thucha TC","Reviewer_page":"https://www.google.com/maps/contrib/110384004463634327614/reviews?hl=en-US","Review_time":"3 years ago","Review":"Goodbye","Likes":""},{"Name":"","Category":"","Rating":" 1 star ","Number_of_Reviews":"","Address":"","Reviewer":"Tony Chen","Reviewer_page":"https://www.google.com/maps/contrib/109091242616213914503/reviews?hl=en-US","Review_time":"5 years ago","Review":"terrible service","Likes":"2"},{"Name":"","Category":"","Rating":" 1 star ","Number_of_Reviews":"","Address":"","Reviewer":"o L","Reviewer_page":"https://www.google.com/maps/contrib/106129679507362647747/reviews?hl=en-US","Review_time":"5 months ago","Review":"(Translated by Google) The attitude of the staff is extremely bad. I ordered a cup of lightly roasted coffee, but because there is no ready-made lightly roasted coffee, the clerk directly took a moderate perfunctory to me. After my many strong objections, three or four employees made a very over-extracted, lightly roasted coffee with a very discriminatory attitude towards me. I'm very disappointed with the staff at this store, and they're all people of color, so why discriminate against Asians? ? ? ?\n\n(Original)\n员工态度极其恶劣，点了一杯轻度烘焙的，但是店员因为没有现成轻度烘焙的咖啡，直接拿中度的敷衍我。在我多次强烈反对之后，三四个员工用极其歧视我的态度做了一杯严重过萃的轻度烘焙咖啡。这家店的员工让我非常失望，店员也全是有色人种，为什么要歧视亚洲人呢？？？？","Likes":"2"},{"Name":"","Category":"","Rating":" 5 stars ","Number_of_Reviews":"","Address":"","Reviewer":"xinchun he","Reviewer_page":"https://www.google.com/maps/contrib/116220280140135909284/reviews?hl=en-US","Review_time":"6 years ago","Review":"(Translated by Google) Close to BJ here, the popularity is very strong, and the coffee is ground and brewed. The palate is delicate and smooth, fragrant and bitter. The price is right.\n\n(Original)\n这里挨近BJ，人气很旺，咖啡是现场研磨、冲泡的。口感细腻柔滑，香醇，偏苦。价格适宜。","Likes":"1"},{"Name":"","Category":"","Rating":" 1 star ","Number_of_Reviews":"","Address":"","Reviewer":"刘天","Reviewer_page":"https://www.google.com/maps/contrib/117879869298475630398/reviews?hl=en-US","Review_time":"3 years ago","Review":"(Translated by Google) The attitude of the employees here is not very friendly. Every time I come to buy coffee, one employee is always busy and has to wait for a long time\n\n(Original)\n这里的员工态度都不怎么友好，每次来买咖啡总是一个员工在忙都要等很久","Likes":"2"},{"Name":"","Category":"","Rating":" 1 star ","Number_of_Reviews":"","Address":"","Reviewer":"Yolanda Agustín","Reviewer_page":"https://www.google.com/maps/contrib/102200637340846240145/reviews?hl=en-US","Review_time":"a year ago","Review":"(Translated by Google) The service is very slow, everything is done reluctantly, the staff is not friendly.\n\n(Original)\nEl servicio es muy lento, todo lo hacen de mala gana  el personal no es amable .","Likes":"1"},{"Name":"","Category":"","Rating":" 4 stars ","Number_of_Reviews":"","Address":"","Reviewer":"Jia Jack","Reviewer_page":"https://www.google.com/maps/contrib/113519538307958046258/reviews?hl=en-US","Review_time":"6 years ago","Review":"(Translated by Google) Shopping is very tired, it is a good choice to have something to drink here.\n\n(Original)\n购物很累，在这里喝点东西是个很不错的选择","Likes":"1"},{"Name":"","Category":"","Rating":" 5 stars ","Number_of_Reviews":"","Address":"","Reviewer":"Miguel Romano","Reviewer_page":"https://www.google.com/maps/contrib/105775995086455072749/reviews?hl=en-US","Review_time":"6 years ago","Review":"(Translated by Google) It's very tasty\n\n(Original)\nEsta muy sabroso","Likes":""},{"Name":"","Category":"","Rating":" 5 stars ","Number_of_Reviews":"","Address":"","Reviewer":"turki alharbi","Reviewer_page":"https://www.google.com/maps/contrib/114719897073251175299/reviews?hl=en-US","Review_time":"4 years ago","Review":"❤️","Likes":"1"},{"Name":"","Category":"","Rating":" 5 stars ","Number_of_Reviews":"","Address":"","Reviewer":"Joe George","Reviewer_page":"https://www.google.com/maps/contrib/107386088566194037733/reviews?hl=en-US","Review_time":"a year ago","Review":"","Likes":""},{"Name":"","Category":"","Rating":" 5 stars ","Number_of_Reviews":"","Address":"","Reviewer":"Hannes Müller","Reviewer_page":"https://www.google.com/maps/contrib/108892805295429774312/reviews?hl=en-US","Review_time":"4 years ago","Review":"","Likes":""},{"Name":"","Category":"","Rating":" 1 star ","Number_of_Reviews":"","Address":"","Reviewer":"Brenda Aquino","Reviewer_page":"https://www.google.com/maps/contrib/111506363650799909481/reviews?hl=en-US","Review_time":"4 years ago","Review":"","Likes":""},{"Name":"","Category":"","Rating":" 3 stars ","Number_of_Reviews":"","Address":"","Reviewer":"Jianhua Zhang","Reviewer_page":"https://www.google.com/maps/contrib/103202178246098470075/reviews?hl=en-US","Review_time":"6 years ago","Review":"","Likes":""},{"Name":"","Category":"","Rating":" 3 stars ","Number_of_Reviews":"","Address":"","Reviewer":"Jarod C.","Reviewer_page":"https://www.google.com/maps/contrib/106416990459630604043/reviews?hl=en-US","Review_time":"6 years ago","Review":"","Likes":""},{"Name":"","Category":"","Rating":" 5 stars ","Number_of_Reviews":"","Address":"","Reviewer":"michelle Baby kuan (Chinese transgender)","Reviewer_page":"https://www.google.com/maps/contrib/111659715255155866158/reviews?hl=en-US","Review_time":"3 years ago","Review":"","Likes":""},{"Name":"","Category":"","Rating":" 1 star ","Number_of_Reviews":"","Address":"","Reviewer":"Michael Lu","Reviewer_page":"https://www.google.com/maps/contrib/100952685217234133923/reviews?hl=en-US","Review_time":"2 months ago","Review":"","Likes":""},{"Name":"","Category":"","Rating":" 1 star ","Number_of_Reviews":"","Address":"","Reviewer":"Yoshi Kitagawa","Reviewer_page":"https://www.google.com/maps/contrib/103038479877418924044/reviews?hl=en-US","Review_time":"5 years ago","Review":"","Likes":""},{"Name":"","Category":"","Rating":" 1 star ","Number_of_Reviews":"","Address":"","Reviewer":"Javier M","Reviewer_page":"https://www.google.com/maps/contrib/106352959320499624162/reviews?hl=en-US","Review_time":"3 years ago","Review":"","Likes":""},{"Name":"","Category":"","Rating":" 4 stars ","Number_of_Reviews":"","Address":"","Reviewer":"Mei-Mei Lam","Reviewer_page":"https://www.google.com/maps/contrib/100634891656542111097/reviews?hl=en-US","Review_time":"2 years ago","Review":"","Likes":""},{"Name":"","Category":"","Rating":" 5 stars ","Number_of_Reviews":"","Address":"","Reviewer":"Roger Chen","Reviewer_page":"https://www.google.com/maps/contrib/106788692992874000687/reviews?hl=en-US","Review_time":"3 years ago","Review":"","Likes":""},{"Name":"","Category":"","Rating":" 5 stars ","Number_of_Reviews":"","Address":"","Reviewer":"Samuel Diaz","Reviewer_page":"https://www.google.com/maps/contrib/117869246735702566774/reviews?hl=en-US","Review_time":"4 years ago","Review":"","Likes":""},{"Name":"","Category":"","Rating":" 5 stars ","Number_of_Reviews":"","Address":"","Reviewer":"Maria Ysabel Adames De Loveras","Reviewer_page":"https://www.google.com/maps/contrib/103256421504255101659/reviews?hl=en-US","Review_time":"4 years ago","Review":"","Likes":""},{"Name":"","Category":"","Rating":" 4 stars ","Number_of_Reviews":"","Address":"","Reviewer":"Kenny Li","Reviewer_page":"https://www.google.com/maps/contrib/111164894491124457804/reviews?hl=en-US","Review_time":"a year ago","Review":"","Likes":""},{"Name":"","Category":"","Rating":" 4 stars ","Number_of_Reviews":"","Address":"","Reviewer":"Yuri Martinez","Reviewer_page":"https://www.google.com/maps/contrib/113234374427278981063/reviews?hl=en-US","Review_time":"2 years ago","Review":"","Likes":""},{"Name":"","Category":"","Rating":" 5 stars ","Number_of_Reviews":"","Address":"","Reviewer":"Joaquina Pena Charros","Reviewer_page":"https://www.google.com/maps/contrib/111342353483782657996/reviews?hl=en-US","Review_time":"2 years ago","Review":"","Likes":""},{"Name":"","Category":"","Rating":" 1 star ","Number_of_Reviews":"","Address":"","Reviewer":"leonard silver","Reviewer_page":"https://www.google.com/maps/contrib/110198468316784921748/reviews?hl=en-US","Review_time":"a year ago","Review":"","Likes":""},{"Name":"","Category":"","Rating":" 5 stars ","Number_of_Reviews":"","Address":"","Reviewer":"Dimitris “Dj Ypoptos” Stefanakos","Reviewer_page":"https://www.google.com/maps/contrib/103113972406619746247/reviews?hl=en-US","Review_time":"4 years ago","Review":"","Likes":""},{"Name":"","Category":"","Rating":" 5 stars ","Number_of_Reviews":"","Address":"","Reviewer":"Sarina Sun","Reviewer_page":"https://www.google.com/maps/contrib/102139955237212969818/reviews?hl=en-US","Review_time":"2 years ago","Review":"","Likes":""},{"Name":"","Category":"","Rating":" 3 stars ","Number_of_Reviews":"","Address":"","Reviewer":"John Tan","Reviewer_page":"https://www.google.com/maps/contrib/113438757047148603984/reviews?hl=en-US","Review_time":"5 years ago","Review":"","Likes":""},{"Name":"","Category":"","Rating":" 5 stars ","Number_of_Reviews":"","Address":"","Reviewer":"Elena Penaloza","Reviewer_page":"https://www.google.com/maps/contrib/116005424037157057824/reviews?hl=en-US","Review_time":"2 years ago","Review":"","Likes":""},{"Name":"","Category":"","Rating":" 5 stars ","Number_of_Reviews":"","Address":"","Reviewer":"pinky A c","Reviewer_page":"https://www.google.com/maps/contrib/116824849854967304900/reviews?hl=en-US","Review_time":"4 years ago","Review":"","Likes":""},{"Name":"","Category":"","Rating":" 1 star ","Number_of_Reviews":"","Address":"","Reviewer":"kevin","Reviewer_page":"https://www.google.com/maps/contrib/100688802712967153824/reviews?hl=en-US","Review_time":"a year ago","Review":"","Likes":""},{"Name":"","Category":"","Rating":" 5 stars ","Number_of_Reviews":"","Address":"","Reviewer":"Jamie Gonzalez","Reviewer_page":"https://www.google.com/maps/contrib/117827288763239543476/reviews?hl=en-US","Review_time":"2 years ago","Review":"","Likes":""},{"Name":"","Category":"","Rating":" 5 stars ","Number_of_Reviews":"","Address":"","Reviewer":"Annie Huang","Reviewer_page":"https://www.google.com/maps/contrib/117258141500552656044/reviews?hl=en-US","Review_time":"3 years ago","Review":"","Likes":""},{"Name":"","Category":"","Rating":" 5 stars ","Number_of_Reviews":"","Address":"","Reviewer":"Lai Cheng","Reviewer_page":"https://www.google.com/maps/contrib/109662865036161646077/reviews?hl=en-US","Review_time":"4 years ago","Review":"","Likes":""},{"Name":"","Category":"","Rating":" 5 stars ","Number_of_Reviews":"","Address":"","Reviewer":"Lili in New York","Reviewer_page":"https://www.google.com/maps/contrib/112838984508592504078/reviews?hl=en-US","Review_time":"3 years ago","Review":"","Likes":""},{"Name":"","Category":"","Rating":" 5 stars ","Number_of_Reviews":"","Address":"","Reviewer":"Mingming Wang","Reviewer_page":"https://www.google.com/maps/contrib/108029517808257525848/reviews?hl=en-US","Review_time":"6 years ago","Review":"","Likes":""},{"Name":"","Category":"","Rating":" 4 stars ","Number_of_Reviews":"","Address":"","Reviewer":"Alexandra Alvarado","Reviewer_page":"https://www.google.com/maps/contrib/106735446690006755374/reviews?hl=en-US","Review_time":"2 years ago","Review":"","Likes":""}