[{"Name":"","Category":"","Rating":" 1 star ","Number_of_Reviews":"","Address":"","Reviewer":"Eva Waters","Reviewer_page":"https://www.google.com/maps/contrib/115195307754907695556/reviews?hl=en-US","Review_time":"a month ago","Review":"The worst Starbucks!! I don’t know if it’s being run by Starbucks or by Stop & Shop, but they really need to get it together. Today, and this is the 2nd time this has happened to me, the woman stands on the phone instead of taking your order, looks up at me but keeps texting, she then proceeded to leave the booth without saying anything. I asked if she was leaving. She said someone else is coming. The next girl came and then took 5mins to change her shirt in front of me and then took my order. How is this consistently ok with Starbucks or Stop & Shop?","Likes":""},{"Name":"","Category":"","Rating":" 1 star ","Number_of_Reviews":"","Address":"","Reviewer":"yizhen yin","Reviewer_page":"https://www.google.com/maps/contrib/106626180177969346092/reviews?hl=en-US","Review_time":"a year ago","Review":"Order mango dragon fruit in the store, but never mentioned is the drink is not available. Only tell us when the lemonade is made. Very bad service and it cannot change or refund","Likes":""},{"Name":"","Category":"","Rating":" 4 stars ","Number_of_Reviews":"","Address":"","Reviewer":"Janet Lui","Reviewer_page":"https://www.google.com/maps/contrib/105525734330964904264/reviews?hl=en-US","Review_time":"2 years ago","Review":"They open 7am to 9pm every day. Please ignore what your GPS said. I went there and got my drink. The guy works there says this has been an issue with their opening hours. Spread out the words, so people know. They are inside Stop and  Shop. They do not redeem offers though. Happy sharing!!","Likes":"2"},{"Name":"","Category":"","Rating":" 1 star ","Number_of_Reviews":"","Address":"","Reviewer":"Honey Bueno","Reviewer_page":"https://www.google.com/maps/contrib/111748471620848475948/reviews?hl=en-US","Review_time":"3 months ago","Review":"Terrible service and they really need to learn how to make drinks every time is another problem.","Likes":""},{"Name":"","Category":"","Rating":" 5 stars ","Number_of_Reviews":"","Address":"","Reviewer":"Ezra Licht","Reviewer_page":"https://www.google.com/maps/contrib/101677817336986252666/reviews?hl=en-US","Review_time":"a year ago","Review":"I love this location in Atlas Park. Always clean and orderly. I usually order a drink and food and am out of there in like 10 minutes. Friendly service.","Likes":"1"},{"Name":"","Category":"","Rating":" 4 stars ","Number_of_Reviews":"","Address":"","Reviewer":"Barbara Olski","Reviewer_page":"https://www.google.com/maps/contrib/103792847371569672118/reviews?hl=en-US","Review_time":"3 years ago","Review":"This is a kiosk type shop. It accepts payment using the Starbucks card and purchases counts toward rewards but they only accept the Stop n Shop free drink rewards.  Any free Starbucks rewards are refused.\nThe milk/creamer area is usually dirty. The employees are friendly and knowledgable but are usually too busy talking to other employees to get the order to the customer in a timely manner much less clean the milk area.","Likes":""},{"Name":"","Category":"","Rating":" 1 star ","Number_of_Reviews":"","Address":"","Reviewer":"L. Black","Reviewer_page":"https://www.google.com/maps/contrib/108732693798876940231/reviews?hl=en-US","Review_time":"9 months ago","Review":"First time visiting and the last. The only worker present was not happy to take my order and then I discovered there is no scanner available for app payments.","Likes":""},{"Name":"","Category":"","Rating":" 4 stars ","Number_of_Reviews":"","Address":"","Reviewer":"Alicia Zayas","Reviewer_page":"https://www.google.com/maps/contrib/104944005546942669022/reviews?hl=en-US","Review_time":"4 years ago","Review":"I love Starbucks and that it's conveniently in Stop and Shop. The only reason why it doesn't get 5 stars is because you can't use your star rewards towards a free item at this store. Otherwise, they're great","Likes":""},{"Name":"","Category":"","Rating":" 5 stars ","Number_of_Reviews":"","Address":"","Reviewer":"Victoria S.","Reviewer_page":"https://www.google.com/maps/contrib/109888609715187936141/reviews?hl=en-US","Review_time":"3 years ago","Review":"Visited this location which is inside a Stop & Shop center to purchase a gift card for my  daughter's teacher. The female attendant was thorough and personable, even taking some time to talk with my daughter a bit about school. A pleasant experience.","Likes":""},{"Name":"","Category":"","Rating":" 2 stars ","Number_of_Reviews":"","Address":"","Reviewer":"Steve Wolf","Reviewer_page":"https://www.google.com/maps/contrib/106401084827713758050/reviews?hl=en-US","Review_time":"a year ago","Review":"I find Starbucks overpriced,slow service,coffee is nothing special,and food is second rate.\nI feel sorry for the employees who work there, they appear overworked and at times overwhelmed.","Likes":""},{"Name":"","Category":"","Rating":" 1 star ","Number_of_Reviews":"","Address":"","Reviewer":"Nikki L","Reviewer_page":"https://www.google.com/maps/contrib/109837457970322211554/reviews?hl=en-US","Review_time":"4 years ago","Review":"It is Wednesday August 8th, 2018 and 9:40p.m. - just left this particular Starbucks. Google is showing this Starbucks (inside Stop & Shop) is closing soon at 10:00p.m. The kid behind the counter gives us one horrendous look and says \"Yeah we closed since 9:00p.m.\" My disappointed partner and I left. The end.","Likes":"1"},{"Name":"","Category":"","Rating":" 1 star ","Number_of_Reviews":"","Address":"","Reviewer":"Bill Lindner","Reviewer_page":"https://www.google.com/maps/contrib/115680585072071250009/reviews?hl=en-US","Review_time":"a year ago","Review":"No gingerbread how disappoint dmie suit at corporate thought bsd idea or not hipster eniugh","Likes":""},{"Name":"","Category":"","Rating":" 4 stars ","Number_of_Reviews":"","Address":"","Reviewer":"James D","Reviewer_page":"https://www.google.com/maps/contrib/107133524662517599665/reviews?hl=en-US","Review_time":"a year ago","Review":"Fast service, no complaints on drink orders. Pleasant staff.","Likes":""},{"Name":"","Category":"","Rating":" 1 star ","Number_of_Reviews":"","Address":"","Reviewer":"Daniel yasayev","Reviewer_page":"https://www.google.com/maps/contrib/114857732019279649042/reviews?hl=en-US","Review_time":"a year ago","Review":"Terrible service and they really need to learn how to make drinks every time is another problem. HOWARD SHULTZ DO SOMETHING!!!","Likes":""},{"Name":"","Category":"","Rating":" 4 stars ","Number_of_Reviews":"","Address":"","Reviewer":"Clemente Aponte","Reviewer_page":"https://www.google.com/maps/contrib/107304953197405281304/reviews?hl=en-US","Review_time":"3 weeks ago","Review":"quick fast service","Likes":""},{"Name":"","Category":"","Rating":" 4 stars ","Number_of_Reviews":"","Address":"","Reviewer":"S A","Reviewer_page":"https://www.google.com/maps/contrib/111925593472694851680/reviews?hl=en-US","Review_time":"a year ago","Review":"Clean store and pretty fast service.","Likes":""},{"Name":"","Category":"","Rating":" 5 stars ","Number_of_Reviews":"","Address":"","Reviewer":"Usman Khalid","Reviewer_page":"https://www.google.com/maps/contrib/101869423659130098865/reviews?hl=en-US","Review_time":"9 months ago","Review":"Any normal starbucks. Nothing special","Likes":""},{"Name":"","Category":"","Rating":" 4 stars ","Number_of_Reviews":"","Address":"","Reviewer":"Klaus Luger","Reviewer_page":"https://www.google.com/maps/contrib/118072706938223734595/reviews?hl=en-US","Review_time":"a year ago","Review":"It's Starbucks!\nWhat else does anyone need to know, lol!","Likes":""},{"Name":"","Category":"","Rating":" 5 stars ","Number_of_Reviews":"","Address":"","Reviewer":"Felix Gato","Reviewer_page":"https://www.google.com/maps/contrib/100491555156682510069/reviews?hl=en-US","Review_time":"a year ago","Review":"Great Little Starbucks to avoid the nightmare on Austin St lol","Likes":""},{"Name":"","Category":"","Rating":" 5 stars ","Number_of_Reviews":"","Address":"","Reviewer":"Aaron David","Reviewer_page":"https://www.google.com/maps/contrib/110792873796723895629/reviews?hl=en-US","Review_time":"3 years ago","Review":"Love this place and the people that work there very nice can't wait too go back","Likes":""},{"Name":"","Category":"","Rating":" 5 stars ","Number_of_Reviews":"","Address":"","Reviewer":"Kimberly Bryant","Reviewer_page":"https://www.google.com/maps/contrib/102996883529140744458/reviews?hl=en-US","Review_time":"a year ago","Review":"My favorite go to, Starbucks.","Likes":""},{"Name":"","Category":"","Rating":" 2 stars ","Number_of_Reviews":"","Address":"","Reviewer":"david hastaba","Reviewer_page":"https://www.google.com/maps/contrib/111101103852082080910/reviews?hl=en-US","Review_time":"a year ago","Review":"Their coffee tastes burnt.","Likes":""},{"Name":"","Category":"","Rating":" 5 stars ","Number_of_Reviews":"","Address":"","Reviewer":"Marsha Newman","Reviewer_page":"https://www.google.com/maps/contrib/117535696581523448850/reviews?hl=en-US","Review_time":"2 years ago","Review":"People get serious pleasure from java, tea and snacks at this worldwide chain.","Likes":""},{"Name":"","Category":"","Rating":" 5 stars ","Number_of_Reviews":"","Address":"","Reviewer":"Ben Gonzalez","Reviewer_page":"https://www.google.com/maps/contrib/104069199867308096133/reviews?hl=en-US","Review_time":"2 years ago","Review":"Excellent.\nConvenient location. Great staff.","Likes":""},{"Name":"","Category":"","Rating":" 1 star ","Number_of_Reviews":"","Address":"","Reviewer":"Steve Ajnoha","Reviewer_page":"https://www.google.com/maps/contrib/115421112723939874412/reviews?hl=en-US","Review_time":"4 years ago","Review":"This Starbucks is located inside Stop & Shop main entrance","Likes":""},{"Name":"","Category":"","Rating":" 1 star ","Number_of_Reviews":"","Address":"","Reviewer":"Debbie Santulli","Reviewer_page":"https://www.google.com/maps/contrib/107268869825667986339/reviews?hl=en-US","Review_time":"3 years ago","Review":"Smells great, but over priced","Likes":""},{"Name":"","Category":"","Rating":" 1 star ","Number_of_Reviews":"","Address":"","Reviewer":"Jean Giunta","Reviewer_page":"https://www.google.com/maps/contrib/117970819407019570846/reviews?hl=en-US","Review_time":"3 years ago","Review":"I don't buy anything there.","Likes":""},{"Name":"","Category":"","Rating":" 1 star ","Number_of_Reviews":"","Address":"","Reviewer":"A GODETTE","Reviewer_page":"https://www.google.com/maps/contrib/113712530943480102457/reviews?hl=en-US","Review_time":"3 years ago","Review":"Overpriced. But good stuff","Likes":""},{"Name":"","Category":"","Rating":" 1 star ","Number_of_Reviews":"","Address":"","Reviewer":"aman yaseen","Reviewer_page":"https://www.google.com/maps/contrib/105936524722929839028/reviews?hl=en-US","Review_time":"4 years ago","Review":"No Starbucks here","Likes":""},{"Name":"","Category":"","Rating":" 4 stars ","Number_of_Reviews":"","Address":"","Reviewer":"Adrienne defelice","Reviewer_page":"https://www.google.com/maps/contrib/108741837974873361386/reviews?hl=en-US","Review_time":"3 years ago","Review":"Love the frapps","Likes":""},{"Name":"","Category":"","Rating":" 4 stars ","Number_of_Reviews":"","Address":"","Reviewer":"Denise Jimenez","Reviewer_page":"https://www.google.com/maps/contrib/114069441303032327532/reviews?hl=en-US","Review_time":"a year ago","Review":"Coffee to expensive","Likes":""},{"Name":"","Category":"","Rating":" 5 stars ","Number_of_Reviews":"","Address":"","Reviewer":"gavriel nisanov","Reviewer_page":"https://www.google.com/maps/contrib/107058232969184975089/reviews?hl=en-US","Review_time":"4 years ago","Review":"Great selection","Likes":""},{"Name":"","Category":"","Rating":" 4 stars ","Number_of_Reviews":"","Address":"","Reviewer":"Francine Haluska","Reviewer_page":"https://www.google.com/maps/contrib/110867784332277721558/reviews?hl=en-US","Review_time":"3 years ago","Review":"Love the coffee","Likes":"1"},{"Name":"","Category":"","Rating":" 1 star ","Number_of_Reviews":"","Address":"","Reviewer":"Jillmar Pacori","Reviewer_page":"https://www.google.com/maps/contrib/113606100316116367016/reviews?hl=en-US","Review_time":"2 years ago","Review":"Time is wrong","Likes":"1"},{"Name":"","Category":"","Rating":" 5 stars ","Number_of_Reviews":"","Address":"","Reviewer":"Mairely Perez","Reviewer_page":"https://www.google.com/maps/contrib/114335082374627616401/reviews?hl=en-US","Review_time":"2 years ago","Review":"(Translated by Google) Excellent service very friendly\n\n(Original)\nExcelente servicio muy amable","Likes":""},{"Name":"","Category":"","Rating":" 5 stars ","Number_of_Reviews":"","Address":"","Reviewer":"John S. Villa","Reviewer_page":"https://www.google.com/maps/contrib/100142366212176984024/reviews?hl=en-US","Review_time":"a year ago","Review":"","Likes":""},{"Name":"","Category":"","Rating":" 3 stars ","Number_of_Reviews":"","Address":"","Reviewer":"Younita Mangroo","Reviewer_page":"https://www.google.com/maps/contrib/118445210612182916145/reviews?hl=en-US","Review_time":"a year ago","Review":"","Likes":""},{"Name":"","Category":"","Rating":" 5 stars ","Number_of_Reviews":"","Address":"","Reviewer":"Jacob Belsky","Reviewer_page":"https://www.google.com/maps/contrib/104972649662557579307/reviews?hl=en-US","Review_time":"a year ago","Review":"","Likes":""},{"Name":"","Category":"","Rating":" 5 stars ","Number_of_Reviews":"","Address":"","Reviewer":"Vanessa Vieira","Reviewer_page":"https://www.google.com/maps/contrib/114025843071108713360/reviews?hl=en-US","Review_time":"3 years ago","Review":"","Likes":""},{"Name":"","Category":"","Rating":" 5 stars ","Number_of_Reviews":"","Address":"","Reviewer":"Richard Bachan","Reviewer_page":"https://www.google.com/maps/contrib/109734195189814816456/reviews?hl=en-US","Review_time":"4 years ago","Review":"","Likes":""},{"Name":"","Category":"","Rating":" 5 stars ","Number_of_Reviews":"","Address":"","Reviewer":"Bajram Rrxhaj","Reviewer_page":"https://www.google.com/maps/contrib/106802196315346917923/reviews?hl=en-US","Review_time":"4 years ago","Review":"","Likes":""},{"Name":"","Category":"","Rating":" 4 stars ","Number_of_Reviews":"","Address":"","Reviewer":"Isaac Cocco","Reviewer_page":"https://www.google.com/maps/contrib/107315214204669958028/reviews?hl=en-US","Review_time":"3 years ago","Review":"","Likes":""},{"Name":"","Category":"","Rating":" 5 stars ","Number_of_Reviews":"","Address":"","Reviewer":"Rachel Mizrahi","Reviewer_page":"https://www.google.com/maps/contrib/112994622597571452681/reviews?hl=en-US","Review_time":"a year ago","Review":"","Likes":""},{"Name":"","Category":"","Rating":" 1 star ","Number_of_Reviews":"","Address":"","Reviewer":"Rwanda Ali","Reviewer_page":"https://www.google.com/maps/contrib/115405942161926035335/reviews?hl=en-US","Review_time":"5 years ago","Review":"","Likes":""},{"Name":"","Category":"","Rating":" 5 stars ","Number_of_Reviews":"","Address":"","Reviewer":"Jason Hawkins","Reviewer_page":"https://www.google.com/maps/contrib/109842374725962991485/reviews?hl=en-US","Review_time":"a year ago","Review":"","Likes":""},{"Name":"","Category":"","Rating":" 3 stars ","Number_of_Reviews":"","Address":"","Reviewer":"Steve Norbeck","Reviewer_page":"https://www.google.com/maps/contrib/103962094491295917695/reviews?hl=en-US","Review_time":"2 years ago","Review":"","Likes":""},{"Name":"","Category":"","Rating":" 1 star ","Number_of_Reviews":"","Address":"","Reviewer":"Jason Rodriguez","Reviewer_page":"https://www.google.com/maps/contrib/116367597471462618095/reviews?hl=en-US","Review_time":"4 years ago","Review":"","Likes":""},{"Name":"","Category":"","Rating":" 5 stars ","Number_of_Reviews":"","Address":"","Reviewer":"Yesenia Hernandez","Reviewer_page":"https://www.google.com/maps/contrib/115816401635123369446/reviews?hl=en-US","Review_time":"3 years ago","Review":"","Likes":""},{"Name":"","Category":"","Rating":" 5 stars ","Number_of_Reviews":"","Address":"","Reviewer":"Rob L","Reviewer_page":"https://www.google.com/maps/contrib/101305822183119212421/reviews?hl=en-US","Review_time":"4 years ago","Review":"","Likes":""},{"Name":"","Category":"","Rating":" 5 stars ","Number_of_Reviews":"","Address":"","Reviewer":"Waterninja_2021","Reviewer_page":"https://www.google.com/maps/contrib/101940742455639968458/reviews?hl=en-US","Review_time":"a year ago","Review":"","Likes":""},{"Name":"","Category":"","Rating":" 4 stars ","Number_of_Reviews":"","Address":"","Reviewer":"Noemi Sapon","Reviewer_page":"https://www.google.com/maps/contrib/106474084791033406917/reviews?hl=en-US","Review_time":"10 months ago","Review":"","Likes":""},{"Name":"","Category":"","Rating":" 5 stars ","Number_of_Reviews":"","Address":"","Reviewer":"Alyssa Sonnysingh","Reviewer_page":"https://www.google.com/maps/contrib/108544177349689138509/reviews?hl=en-US","Review_time":"2 years ago","Review":"","Likes":""},{"Name":"","Category":"","Rating":" 3 stars ","Number_of_Reviews":"","Address":"","Reviewer":"Ghècko Vazquez","Reviewer_page":"https://www.google.com/maps/contrib/106418258889076814628/reviews?hl=en-US","Review_time":"4 years ago","Review":"","Likes":""},{"Name":"","Category":"","Rating":" 5 stars ","Number_of_Reviews":"","Address":"","Reviewer":"Joan Gonzalez","Reviewer_page":"https://www.google.com/maps/contrib/104448323255256995358/reviews?hl=en-US","Review_time":"3 years ago","Review":"","Likes":""},{"Name":"","Category":"","Rating":" 3 stars ","Number_of_Reviews":"","Address":"","Reviewer":"Lena Boria-Villa","Reviewer_page":"https://www.google.com/maps/contrib/103067103464583102235/reviews?hl=en-US","Review_time":"3 years ago","Review":"","Likes":""},{"Name":"","Category":"","Rating":" 4 stars ","Number_of_Reviews":"","Address":"","Reviewer":"Ed Rahfield","Reviewer_page":"https://www.google.com/maps/contrib/104952027995136188409/reviews?hl=en-US","Review_time":"3 years ago","Review":"","Likes":""},{"Name":"","Category":"","Rating":" 3 stars ","Number_of_Reviews":"","Address":"","Reviewer":"Ken W","Reviewer_page":"https://www.google.com/maps/contrib/110418586602760978568/reviews?hl=en-US","Review_time":"3 years ago","Review":"","Likes":""},{"Name":"","Category":"","Rating":" 5 stars ","Number_of_Reviews":"","Address":"","Reviewer":"Alicia King","Reviewer_page":"https://www.google.com/maps/contrib/105025097434351217168/reviews?hl=en-US","Review_time":"3 years ago","Review":"","Likes":""},{"Name":"","Category":"","Rating":" 3 stars ","Number_of_Reviews":"","Address":"","Reviewer":"helen Oswald","Reviewer_page":"https://www.google.com/maps/contrib/114253114811752769319/reviews?hl=en-US","Review_time":"11 months ago","Review":"","Likes":""},{"Name":"","Category":"","Rating":" 4 stars ","Number_of_Reviews":"","Address":"","Reviewer":"John hock","Reviewer_page":"https://www.google.com/maps/contrib/117804229103264008617/reviews?hl=en-US","Review_time":"4 months ago","Review":"","Likes":""},{"Name":"","Category":"","Rating":" 4 stars ","Number_of_Reviews":"","Address":"","Reviewer":"Richard Bennett","Reviewer_page":"https://www.google.com/maps/contrib/107857487424380378339/reviews?hl=en-US","Review_time":"4 years ago","Review":"","Likes":""},{"Name":"","Category":"","Rating":" 4 stars ","Number_of_Reviews":"","Address":"","Reviewer":"Johnny Wong","Reviewer_page":"https://www.google.com/maps/contrib/113953864249948233985/reviews?hl=en-US","Review_time":"4 years ago","Review":"","Likes":""},{"Name":"","Category":"","Rating":" 5 stars ","Number_of_Reviews":"","Address":"","Reviewer":"STEVE MELENDEZ","Reviewer_page":"https://www.google.com/maps/contrib/107353166553154031988/reviews?hl=en-US","Review_time":"3 years ago","Review":"","Likes":""},{"Name":"","Category":"","Rating":" 5 stars ","Number_of_Reviews":"","Address":"","Reviewer":"FREDI AHADOV","Reviewer_page":"https://www.google.com/maps/contrib/113282911016898283395/reviews?hl=en-US","Review_time":"a year ago","Review":"","Likes":""},{"Name":"","Category":"","Rating":" 5 stars ","Number_of_Reviews":"","Address":"","Reviewer":"Tan Junior","Reviewer_page":"https://www.google.com/maps/contrib/108250341840436395555/reviews?hl=en-US","Review_time":"a year ago","Review":"","Likes":""},{"Name":"","Category":"","Rating":" 5 stars ","Number_of_Reviews":"","Address":"","Reviewer":"Krystal","Reviewer_page":"https://www.google.com/maps/contrib/103045013303167519030/reviews?hl=en-US","Review_time":"4 years ago","Review":"","Likes":""},{"Name":"","Category":"","Rating":" 2 stars ","Number_of_Reviews":"","Address":"","Reviewer":"Maria Elena MB","Reviewer_page":"https://www.google.com/maps/contrib/111108990862429625003/reviews?hl=en-US","Review_time":"5 months ago","Review":"","Likes":""},{"Name":"","Category":"","Rating":" 1 star ","Number_of_Reviews":"","Address":"","Reviewer":"AbbeyDawn Ruan","Reviewer_page":"https://www.google.com/maps/contrib/115541732136926559688/reviews?hl=en-US","Review_time":"3 years ago","Review":"","Likes":""},{"Name":"","Category":"","Rating":" 5 stars ","Number_of_Reviews":"","Address":"","Reviewer":"Gerrie Berry","Reviewer_page":"https://www.google.com/maps/contrib/116461822903941772728/reviews?hl=en-US","Review_time":"a year ago","Review":"","Likes":""},{"Name":"","Category":"","Rating":" 1 star ","Number_of_Reviews":"","Address":"","Reviewer":"mixalis kocibelli","Reviewer_page":"https://www.google.com/maps/contrib/100602282153576686057/reviews?hl=en-US","Review_time":"4 years ago","Review":"","Likes":""},{"Name":"","Category":"","Rating":" 5 stars ","Number_of_Reviews":"","Address":"","Reviewer":"ELSA FASOLINO","Reviewer_page":"https://www.google.com/maps/contrib/114341342375389422871/reviews?hl=en-US","Review_time":"10 months ago","Review":"","Likes":""},{"Name":"","Category":"","Rating":" 5 stars ","Number_of_Reviews":"","Address":"","Reviewer":"Sebastián Ormazábal","Reviewer_page":"https://www.google.com/maps/contrib/102794978004014820101/reviews?hl=en-US","Review_time":"3 years ago","Review":"","Likes":""},{"Name":"","Category":"","Rating":" 4 stars ","Number_of_Reviews":"","Address":"","Reviewer":"Shanti Chadha","Reviewer_page":"https://www.google.com/maps/contrib/116588433763972418184/reviews?hl=en-US","Review_time":"9 months ago","Review":"","Likes":""},{"Name":"","Category":"","Rating":" 5 stars ","Number_of_Reviews":"","Address":"","Reviewer":"joanne cioffi (Jojo)","Reviewer_page":"https://www.google.com/maps/contrib/110537184977719607585/reviews?hl=en-US","Review_time":"a year ago","Review":"","Likes":""},{"Name":"","Category":"","Rating":" 5 stars ","Number_of_Reviews":"","Address":"","Reviewer":"Yaritza Villa","Reviewer_page":"https://www.google.com/maps/contrib/110254723706565682652/reviews?hl=en-US","Review_time":"4 months ago","Review":"","Likes":""},{"Name":"","Category":"","Rating":" 4 stars ","Number_of_Reviews":"","Address":"","Reviewer":"Nicole Hoefferle","Reviewer_page":"https://www.google.com/maps/contrib/115461305455669549462/reviews?hl=en-US","Review_time":"10 months ago","Review":"","Likes":""},{"Name":"","Category":"","Rating":" 4 stars ","Number_of_Reviews":"","Address":"","Reviewer":"Jing Lin","Reviewer_page":"https://www.google.com/maps/contrib/117699877179004197330/reviews?hl=en-US","Review_time":"3 years ago","Review":"","Likes":""}