[{"Name":"","Category":"","Rating":" 5 stars ","Number_of_Reviews":"","Address":"","Reviewer":"Hsin Yi Wei","Reviewer_page":"https://www.google.com/maps/contrib/110868603367525416287/reviews?hl=en-US","Review_time":"11 months ago","Review":"We were so excited to see Starbucks opening up a new location in Forest Hills with modern and cozier decor even though we are not fans of Starbucks.\n\nThe staff was friendly, welcoming and served everything quickly which surprised us so much since the overall impression of their service in other locations isn’t too good. We got a cup of hot Latte and it’s delicious & refreshing with reasonable price & portion.","Likes":"2"},{"Name":"","Category":"","Rating":" 1 star ","Number_of_Reviews":"","Address":"","Reviewer":"Ashley Emily","Reviewer_page":"https://www.google.com/maps/contrib/106703968887104055850/reviews?hl=en-US","Review_time":"a week ago","Review":"Waited over 30 mins for my coffee and and additional 10 waiting for my food. i had to ask a staff where it was when they told me it was sold out. i was 40 mins late to my job simply because they couldn't tell me my food was sold out. DO NOT COME HERE IF YOU ARE RUSHING TO WORK. THEY TAKE FOREVER AND THIS WASNT MY FIRST EXPERIANCE WITH TAKING LONG FOR MY ORDER. Never had a bad experience with a Starbucks until now","Likes":""},{"Name":"","Category":"","Rating":" 4 stars ","Number_of_Reviews":"","Address":"","Reviewer":"Lisa Moldovan","Reviewer_page":"https://www.google.com/maps/contrib/105295269435495228936/reviews?hl=en-US","Review_time":"2 months ago","Review":"While all is generally good here beware. They seem to have enough workers but it takes an insane amount of time to get your coffee. They have a lot of called in orders I guess and while there were only a few patrons in the shop I still had to wait almost 15 minutes after ordering just to get an iced tea.","Likes":"1"},{"Name":"","Category":"","Rating":" 1 star ","Number_of_Reviews":"","Address":"","Reviewer":"lujan moreno","Reviewer_page":"https://www.google.com/maps/contrib/101011252493612688174/reviews?hl=en-US","Review_time":"4 months ago","Review":"I’ve been a customer from this Starbucks since it opened and always had a good experience but, today, I walked in with my newborn baby, ordered and payed for my coffee and asked for the code from the bathroom since I needed to use the changing table for my baby. They told me that the bathroom was only for employees and that if I needed one, I could go to the public library around the corner.\nI used the bathroom at that location a month ago when I went by myself and there was even a line of customers. The fact that they changed that policy and wont let paying customers use it nor have empathy for a mother that has a newborn with a soiled diaper is enough reason for me to not go back.","Likes":"1"},{"Name":"","Category":"","Rating":" 1 star ","Number_of_Reviews":"","Address":"","Reviewer":"Gafur Ashurov","Reviewer_page":"https://www.google.com/maps/contrib/114776342358528980167/reviews?hl=en-US","Review_time":"3 weeks ago","Review":"Not organized, we come here a lot and the past few weeks have been horrible. They don’t make the drinks in order, the drinks are being made incorrect for multiple other customers, and they are improperly staffed for the amount of orders they receive.","Likes":"1"},{"Name":"","Category":"","Rating":" 1 star ","Number_of_Reviews":"","Address":"","Reviewer":"Emiliano Garcia","Reviewer_page":"https://www.google.com/maps/contrib/104276343594289870033/reviews?hl=en-US","Review_time":"a month ago","Review":"Bunch of momos working behind the register. Can’t tell you what’s there and what’s not . Little soft boy with the fake curls and pearl necklace behind the register gets mad when simple drinks get ordered . Do your job right .","Likes":"2"},{"Name":"","Category":"","Rating":" 2 stars ","Number_of_Reviews":"","Address":"","Reviewer":"Ntaiena","Reviewer_page":"https://www.google.com/maps/contrib/103413039970242429926/reviews?hl=en-US","Review_time":"a month ago","Review":"I used to buy my coffee every morning here just before my work . Opening time is 5:30 am and a few times at 5:45 am was still closed . Plus , it takes them forever to make you a coffee…and of course you gotta wait for the next train.","Likes":"1"},{"Name":"","Category":"","Rating":" 2 stars ","Number_of_Reviews":"","Address":"","Reviewer":"Delilah “Ladi Dadi” C.","Reviewer_page":"https://www.google.com/maps/contrib/114690786766318601439/reviews?hl=en-US","Review_time":"a week ago","Review":"November 2022 [now, 2 stars]- I don't know what happened within the last month. But new faces are servicing us. From taking orders to making drinks, and cleanliness. The tables are rarely clean. And to the guy and girl who are fairly new, …","Likes":""},{"Name":"","Category":"","Rating":" 5 stars ","Number_of_Reviews":"","Address":"","Reviewer":"L K","Reviewer_page":"https://www.google.com/maps/contrib/112263625919135037824/reviews?hl=en-US","Review_time":"a year ago","Review":"Great location and friendly staff.\n\nCame here a few times after opening, and the staff members have been friendly every time. The drinks came out less than 5 minutes (as a fellow Starbucks consumer, we know this matters).\nHope this service is kept up like this in the future as well!","Likes":""},{"Name":"","Category":"","Rating":" 5 stars ","Number_of_Reviews":"","Address":"","Reviewer":"Kalpa Taru","Reviewer_page":"https://www.google.com/maps/contrib/105762505102258249898/reviews?hl=en-US","Review_time":"6 months ago","Review":"Great location right near mass transit. Vegetarian good and regular coffee was really good. Service was great. Keep it up. patrons occupied the tables for long although done eating and drinking which is a disservice to the later ones who come in and have no place to sit.","Likes":"2"},{"Name":"","Category":"","Rating":" 1 star ","Number_of_Reviews":"","Address":"","Reviewer":"aneta","Reviewer_page":"https://www.google.com/maps/contrib/110877703795942803077/reviews?hl=en-US","Review_time":"4 months ago","Review":"The worst Starbucks ever!!! Omg no straws and no bathrooms, the so called manager rude as hell, managing behavior and when asked for his name told me to leave, had to write cooperate office to complain. Starbucks customer for the last 15 years and I have never experienced this","Likes":"2"},{"Name":"","Category":"","Rating":" 1 star ","Number_of_Reviews":"","Address":"","Reviewer":"Katherine George","Reviewer_page":"https://www.google.com/maps/contrib/103788447618941109792/reviews?hl=en-US","Review_time":"3 weeks ago","Review":"They create a wonderful atmosphere by letting homeless people in, yet charge $8 for a medium subpar coffee.","Likes":"1"},{"Name":"","Category":"","Rating":" 5 stars ","Number_of_Reviews":"","Address":"","Reviewer":"Stacey Aust","Reviewer_page":"https://www.google.com/maps/contrib/100934434640233791060/reviews?hl=en-US","Review_time":"a year ago","Review":"Friendly, professional customer service. New products as displayed in photos. Delicious iced coffee. Ample seating. This location opened in 11/20.","Likes":""},{"Name":"","Category":"","Rating":" 1 star ","Number_of_Reviews":"","Address":"","Reviewer":"Catherine Rodriguez","Reviewer_page":"https://www.google.com/maps/contrib/111691497950334388317/reviews?hl=en-US","Review_time":"5 months ago","Review":"Giving this Starbucks 1 out of 5 stars because 1 out of 5 times is how often they make my order correctly and I don’t even order complex drinks! How hard is it to make an iced chai latte with oat milk?! Also, the staff is miserable and it shows. I’ll be going to the Dunkin’ down the street from now on.","Likes":"1"},{"Name":"","Category":"","Rating":" 1 star ","Number_of_Reviews":"","Address":"","Reviewer":"Айнура Дуйсембекова","Reviewer_page":"https://www.google.com/maps/contrib/112036048547210880953/reviews?hl=en-US","Review_time":"5 months ago","Review":"No one took our order for 10 minutes!  although there were 3 workers and they were busy with their own business!\n\ndon't respect other people's time!","Likes":"1"},{"Name":"","Category":"","Rating":" 1 star ","Number_of_Reviews":"","Address":"","Reviewer":"Ashley emily","Reviewer_page":"https://www.google.com/maps/contrib/101673192459815031045/reviews?hl=en-US","Review_time":"a week ago","Review":"TERRIBLE customer service. It took over 30 mins to get my order and was extremely late to work. Very understaffed","Likes":""},{"Name":"","Category":"","Rating":" 3 stars ","Number_of_Reviews":"","Address":"","Reviewer":"EXIT day show","Reviewer_page":"https://www.google.com/maps/contrib/109469463861061902991/reviews?hl=en-US","Review_time":"a month ago","Review":"very few workers, long lines and people just don't fit, why don't you hire more people, people look very tired, it doesn't look good and of course they are not able to do everything here at once, as they do not have enough assistants! I like this please, not bed coffee and service, but it’s not enough.","Likes":""},{"Name":"","Category":"","Rating":" 3 stars ","Number_of_Reviews":"","Address":"","Reviewer":"Johanna Caceres","Reviewer_page":"https://www.google.com/maps/contrib/118031655846694621578/reviews?hl=en-US","Review_time":"8 months ago","Review":"I want to say that every barrista  except KAROLINA, is amazing here. I love their welcoming energy and man do they make my coffee amazing!! You guys are awesome!! Karolina on the other hand should not be around customers at all! She is rude, has a horrible attitude, aura and the way she corrects the staff is disgusting. I’m not with that at all. I hope she is put behind a desk or retrained on customer service skills. Everyone else there is super valid, love them!!!","Likes":"1"},{"Name":"","Category":"","Rating":" 3 stars ","Number_of_Reviews":"","Address":"","Reviewer":"Ivan Perez","Reviewer_page":"https://www.google.com/maps/contrib/111555843068966772379/reviews?hl=en-US","Review_time":"4 months ago","Review":"Starbucks here has a nice vibe,  store is clean and staff is nice.\n\nI visit Starbucks not very often,  but my drink was pretty watery.","Likes":""},{"Name":"","Category":"","Rating":" 4 stars ","Number_of_Reviews":"","Address":"","Reviewer":"Ttyl Yskw","Reviewer_page":"https://www.google.com/maps/contrib/117677141769442799161/reviews?hl=en-US","Review_time":"5 months ago","Review":"Most of the time, this location is on point in terms of staff friendliness, prompt completion of orders, and well made orders.","Likes":""},{"Name":"","Category":"","Rating":" 5 stars ","Number_of_Reviews":"","Address":"","Reviewer":"Matt Seifman (YouthDev1836)","Reviewer_page":"https://www.google.com/maps/contrib/109452100154956739603/reviews?hl=en-US","Review_time":"10 months ago","Review":"Great experience.  The Barista was actually able to make my friend very happy with her order today (she wasnt thrilled yesterday with the way the drink was made even after the remake but today was perfect)\n\nEveryone was polite and calm and even during closing they politely let us know \"we're getting ready to close in about 10 minutes\"\n\nIt was a great experience","Likes":""},{"Name":"","Category":"","Rating":" 5 stars ","Number_of_Reviews":"","Address":"","Reviewer":"Eri Urizar","Reviewer_page":"https://www.google.com/maps/contrib/100814834859719674786/reviews?hl=en-US","Review_time":"a year ago","Review":"Empty in the mornings, so huge plus. Staff very polite and patient. They have hand sanitizer on pick up area.","Likes":"2"},{"Name":"","Category":"","Rating":" 5 stars ","Number_of_Reviews":"","Address":"","Reviewer":"Raymond Ling","Reviewer_page":"https://www.google.com/maps/contrib/112105870459028649374/reviews?hl=en-US","Review_time":"a year ago","Review":"This is probably the Starbucks with the nicest staff that I been to. I been to plenty of stores around NYC with rude and lazy employees. This store is run extremely well. This location is still relatively new (after moving from their previous much smaller location on 71st Ave), clean and the staff is great. Never have to wait long for my orders and everyone is always so cheery.","Likes":"1"},{"Name":"","Category":"","Rating":" 1 star ","Number_of_Reviews":"","Address":"","Reviewer":"I V","Reviewer_page":"https://www.google.com/maps/contrib/105162873233373970091/reviews?hl=en-US","Review_time":"2 weeks ago","Review":"Employees only bathroom even after you pay for their over priced coffee.","Likes":"1"},{"Name":"","Category":"","Rating":" 5 stars ","Number_of_Reviews":"","Address":"","Reviewer":"nina yermoshina","Reviewer_page":"https://www.google.com/maps/contrib/113753299981995001992/reviews?hl=en-US","Review_time":"2 months ago","Review":"One of the best locations i've been to. Very friendly staff.","Likes":""},{"Name":"","Category":"","Rating":" 2 stars ","Number_of_Reviews":"","Address":"","Reviewer":"Galina Niyazov","Reviewer_page":"https://www.google.com/maps/contrib/117897592837530389312/reviews?hl=en-US","Review_time":"3 months ago","Review":"Can't believe they don't allow to use their bathroom!!!! Big Starbucks otherwise","Likes":""},{"Name":"","Category":"","Rating":" 1 star ","Number_of_Reviews":"","Address":"","Reviewer":"Gwen R","Reviewer_page":"https://www.google.com/maps/contrib/100998337778514278824/reviews?hl=en-US","Review_time":"5 months ago","Review":"Store is always dirty, Very slow service and They never get my drink right.","Likes":"2"},{"Name":"","Category":"","Rating":" 1 star ","Number_of_Reviews":"","Address":"","Reviewer":"Rayhanur Rahman","Reviewer_page":"https://www.google.com/maps/contrib/103774779048204725215/reviews?hl=en-US","Review_time":"3 weeks ago","Review":"I was there customer but when i ask for restroom they said that not for customer","Likes":""},{"Name":"","Category":"","Rating":" 5 stars ","Number_of_Reviews":"","Address":"","Reviewer":"Dilsa David","Reviewer_page":"https://www.google.com/maps/contrib/107892053131529636026/reviews?hl=en-US","Review_time":"a year ago","Review":"I'm used to going to the Starbucks that was on 71st Ave. Been a while since I've been in the area so when I noticed it was shut down I nearly cried. Was happy to see its new location on Queens Blvd though! I like the layout better and it is definitely more spacious. The baristas were very helpful and friendly. The store was clean and well organized.","Likes":""},{"Name":"","Category":"","Rating":" 4 stars ","Number_of_Reviews":"","Address":"","Reviewer":"Brian Hamel","Reviewer_page":"https://www.google.com/maps/contrib/117826331301039922218/reviews?hl=en-US","Review_time":"a year ago","Review":"Brand new location. So everything looks impeccably clean and new. Otherwise it's the same as all other locations.\n\nI  just don't understand why starbucks felt the need to relocate all the baristas to other locations when they moved this store literally across the street. I really liked the original staff. The new ones are friendly, but they don't get to know you like the old staff did.","Likes":"1"},{"Name":"","Category":"","Rating":" 5 stars ","Number_of_Reviews":"","Address":"","Reviewer":"T Fayyaz","Reviewer_page":"https://www.google.com/maps/contrib/115174389396942024287/reviews?hl=en-US","Review_time":"a year ago","Review":"This location and the staff are beautiful and very kind! So much spacious than the previous location which was also great and close to my heart and will always be! But the new location is like amazinggggg and more bright and I’m sure I’ll make amazing new memories here. The location looked way better than I expected and I always expect the best from Starbucks! Way to go Starbucks!","Likes":"1"},{"Name":"","Category":"","Rating":" 1 star ","Number_of_Reviews":"","Address":"","Reviewer":"Debbie Daw","Reviewer_page":"https://www.google.com/maps/contrib/112067123890338115428/reviews?hl=en-US","Review_time":"a year ago","Review":"Went in for a mobile order and there were at least 5 employees there. One on the phone with what seems to be a personal call while she made drinks, two were discussing an issue at the register, one observing the two at the register and one just came out of the back room. No one came to give me my order. If I had not asked out loud for my order, no one would have even come over to help.","Likes":"3"},{"Name":"","Category":"","Rating":" 1 star ","Number_of_Reviews":"","Address":"","Reviewer":"Ira Ivanovo","Reviewer_page":"https://www.google.com/maps/contrib/105131951831848811862/reviews?hl=en-US","Review_time":"a year ago","Review":"Come there first and last time to get misto - coffee with steamed milk. I got it everyday and know it’s taste very well from different sturbucks stores. I was in hurry and didn’t taste it there. I have any idea what they put inside but it tastes absolutely different than usual. Too bitter and kind of coffee taste not as usual. I couldn’t drink it and have to throw it away. Sturbucks train your workers to know all recipes!","Likes":"2"},{"Name":"","Category":"","Rating":" 5 stars ","Number_of_Reviews":"","Address":"","Reviewer":"Lyric Green","Reviewer_page":"https://www.google.com/maps/contrib/103895596963837622824/reviews?hl=en-US","Review_time":"a year ago","Review":"The staff are always kind and prepare my order fast. The store was closing and the manager allowed me to be the last customer of the night which I appreciated because I was craving a cup of coffee to pull an all nighter for my coursework after work. Thanks I appreciate you all!","Likes":""},{"Name":"","Category":"","Rating":" 5 stars ","Number_of_Reviews":"","Address":"","Reviewer":"Maral Artykova","Reviewer_page":"https://www.google.com/maps/contrib/114122652284701377933/reviews?hl=en-US","Review_time":"2 months ago","Review":"Love the store \"vibe\". Amazing customer service","Likes":""},{"Name":"","Category":"","Rating":" 4 stars ","Number_of_Reviews":"","Address":"","Reviewer":"Sandra","Reviewer_page":"https://www.google.com/maps/contrib/105396800889920057131/reviews?hl=en-US","Review_time":"a year ago","Review":"I like this fairly new location,  the store has a good size. Today I learned that you cannot use the bathroom unless you have an emergency to use it. Really?","Likes":""},{"Name":"","Category":"","Rating":" 5 stars ","Number_of_Reviews":"","Address":"","Reviewer":"Zero Surico","Reviewer_page":"https://www.google.com/maps/contrib/118335650119462636427/reviews?hl=en-US","Review_time":"a year ago","Review":"Great staff and drinks come out in a reasonable amount of time, even when it's busy. Haven't had any issues with them messing up an order yet either!","Likes":""},{"Name":"","Category":"","Rating":" 3 stars ","Number_of_Reviews":"","Address":"","Reviewer":"김정숙","Reviewer_page":"https://www.google.com/maps/contrib/110349779455516258992/reviews?hl=en-US","Review_time":"a month ago","Review":"Good but no public restrooms","Likes":""},{"Name":"","Category":"","Rating":" 3 stars ","Number_of_Reviews":"","Address":"","Reviewer":"Vincent Williams","Reviewer_page":"https://www.google.com/maps/contrib/116951622187908349757/reviews?hl=en-US","Review_time":"5 months ago","Review":"It was okay.  Couldn't used the Restrooms. Because it for employees only now.","Likes":""},{"Name":"","Category":"","Rating":" 1 star ","Number_of_Reviews":"","Address":"","Reviewer":"Muskan ali","Reviewer_page":"https://www.google.com/maps/contrib/117016228895580730446/reviews?hl=en-US","Review_time":"a year ago","Review":"Never Go to this place ! They take hell lot of time to make a drink to buy a coffee I was in line for 25 min an on top of tht I ask for hot coffee with cream an sugar on side coz I like to make my coffee they charging me for cream an sugar 😡 Never in my life I had to pay for this things if a customer is asking milk/ Cream sugar u just give it\nComplete rip-off u it s this Starbucks an waste of time too ,","Likes":"2"},{"Name":"","Category":"","Rating":" 5 stars ","Number_of_Reviews":"","Address":"","Reviewer":"zubair ali","Reviewer_page":"https://www.google.com/maps/contrib/111718255191723082337/reviews?hl=en-US","Review_time":"a year ago","Review":"That's my fist time I went to this Starbucks location it's newly open and very gud big franchise 👌 I really love it to be there it's very nice clean and hygienic environment I like the way they treat the guest staff is so courtesy and and friendly nature very professional o give 10/10 best service best welcome and good in conversation help me to choose one cold coffee ☕which I is new in flavor for me I not a lover of cold coffee but I like it and I see and notice the are doing their best for the safety for their guest in this time of Covid-19 pandemic but overall 100% recommended this location best excellent services happy friendly environment and decorated shop organized each and every thing very perfectly so 10/10 in every single thing Starbucks thank you","Likes":""},{"Name":"","Category":"","Rating":" 4 stars ","Number_of_Reviews":"","Address":"","Reviewer":"Meilin Devecioglu","Reviewer_page":"https://www.google.com/maps/contrib/105058577012378465478/reviews?hl=en-US","Review_time":"2 months ago","Review":"Friendly clerks but this place is usually packed","Likes":""},{"Name":"","Category":"","Rating":" 2 stars ","Number_of_Reviews":"","Address":"","Reviewer":"nathan's pizza","Reviewer_page":"https://www.google.com/maps/contrib/113877197977745782510/reviews?hl=en-US","Review_time":"a week ago","Review":"Slow service and terrible wifi.","Likes":""},{"Name":"","Category":"","Rating":" 4 stars ","Number_of_Reviews":"","Address":"","Reviewer":"Uchida Oginome","Reviewer_page":"https://www.google.com/maps/contrib/115360163656358468278/reviews?hl=en-US","Review_time":"a year ago","Review":"Small. Not so many seats but it gets good sunlight and the service is great every time!","Likes":""},{"Name":"","Category":"","Rating":" 1 star ","Number_of_Reviews":"","Address":"","Reviewer":"liu hua","Reviewer_page":"https://www.google.com/maps/contrib/112131804390692581068/reviews?hl=en-US","Review_time":"9 months ago","Review":"12:10pm The attitude of the girl in the red shirt today is very unfriendly, I buy the same coffee every day, I hope your manager will improve the service, we came here to spend, and we didn't get good service, a little disappointed","Likes":"1"},{"Name":"","Category":"","Rating":" 5 stars ","Number_of_Reviews":"","Address":"","Reviewer":"Alan Xu","Reviewer_page":"https://www.google.com/maps/contrib/101218938650168732756/reviews?hl=en-US","Review_time":"a year ago","Review":"The best Starbucks in the neighborhood!\n\nJust a minor note for improvement: Give more attention to the cleanliness of the seating areas.","Likes":""},{"Name":"","Category":"","Rating":" 5 stars ","Number_of_Reviews":"","Address":"","Reviewer":"Sha-Nai","Reviewer_page":"https://www.google.com/maps/contrib/108292806037792035002/reviews?hl=en-US","Review_time":"a year ago","Review":"I love the new location!! Service was very friendly and accurate. I'm obsessed with the new Brown Sugar Latte and after my 4th location this one had it!!!","Likes":""},{"Name":"","Category":"","Rating":" 5 stars ","Number_of_Reviews":"","Address":"","Reviewer":"Iris Stare","Reviewer_page":"https://www.google.com/maps/contrib/116862846231484624307/reviews?hl=en-US","Review_time":"a year ago","Review":"Hidden a bit from view. Very nice in all ways once u enter.  Good service too.\nNeeds bigger outdoor sign. To view","Likes":""},{"Name":"","Category":"","Rating":" 3 stars ","Number_of_Reviews":"","Address":"","Reviewer":"Soma Fateh","Reviewer_page":"https://www.google.com/maps/contrib/101126089995182035577/reviews?hl=en-US","Review_time":"a year ago","Review":"It's a clean and quiet place; however, my drink didn't taste good.","Likes":"1"},{"Name":"","Category":"","Rating":" 4 stars ","Number_of_Reviews":"","Address":"","Reviewer":"Elana Levinson","Reviewer_page":"https://www.google.com/maps/contrib/113289165237613998124/reviews?hl=en-US","Review_time":"a year ago","Review":"They had my favorite dessert back for the holiday. My chai latte was perfect","Likes":""},{"Name":"","Category":"","Rating":" 4 stars ","Number_of_Reviews":"","Address":"","Reviewer":"Takako Nagumo","Reviewer_page":"https://www.google.com/maps/contrib/102020349627140654033/reviews?hl=en-US","Review_time":"a year ago","Review":"Efficient but got my order wrong. Probably couldn't hear me correctly through my mask. Otherwise the staff was pleasant.","Likes":""},{"Name":"","Category":"","Rating":" 5 stars ","Number_of_Reviews":"","Address":"","Reviewer":"Yuan Ao","Reviewer_page":"https://www.google.com/maps/contrib/104101271383923102458/reviews?hl=en-US","Review_time":"a year ago","Review":"Staff were alot more pleasant than staff you meet at a Manhattan Starbucks","Likes":""},{"Name":"","Category":"","Rating":" 5 stars ","Number_of_Reviews":"","Address":"","Reviewer":"crissy","Reviewer_page":"https://www.google.com/maps/contrib/110832509293271176418/reviews?hl=en-US","Review_time":"9 months ago","Review":"Love this location.  The workers are always friendly and professional","Likes":""},{"Name":"","Category":"","Rating":" 4 stars ","Number_of_Reviews":"","Address":"","Reviewer":"Roger Martins","Reviewer_page":"https://www.google.com/maps/contrib/107653942231834056258/reviews?hl=en-US","Review_time":"a year ago","Review":"I'm giving all Starbucks locations 4 star reviews until the company stops charging for paper bags","Likes":""},{"Name":"","Category":"","Rating":" 5 stars ","Number_of_Reviews":"","Address":"","Reviewer":"Timm Dawg","Reviewer_page":"https://www.google.com/maps/contrib/113465452820149764038/reviews?hl=en-US","Review_time":"a year ago","Review":"Excellent service, drink and food and its more bigger than its previous location!","Likes":""},{"Name":"","Category":"","Rating":" 5 stars ","Number_of_Reviews":"","Address":"","Reviewer":"Dylan Murphy","Reviewer_page":"https://www.google.com/maps/contrib/103402400992001719544/reviews?hl=en-US","Review_time":"8 months ago","Review":"I always have a good time in Starbucks! Worth a visit!","Likes":""},{"Name":"","Category":"","Rating":" 5 stars ","Number_of_Reviews":"","Address":"","Reviewer":"tori H","Reviewer_page":"https://www.google.com/maps/contrib/102037053772728109362/reviews?hl=en-US","Review_time":"5 months ago","Review":"Love starbucks caramel  frappe,  double smoked bacon yummo","Likes":""},{"Name":"","Category":"","Rating":" 1 star ","Number_of_Reviews":"","Address":"","Reviewer":"Thomas Thai","Reviewer_page":"https://www.google.com/maps/contrib/115272563099934546791/reviews?hl=en-US","Review_time":"a month ago","Review":"No bathroom for costumers.","Likes":"1"},{"Name":"","Category":"","Rating":" 4 stars ","Number_of_Reviews":"","Address":"","Reviewer":"M S","Reviewer_page":"https://www.google.com/maps/contrib/108146073271686251675/reviews?hl=en-US","Review_time":"11 months ago","Review":"Nice/friendly/fast staff. The restroom needs some attention.","Likes":""},{"Name":"","Category":"","Rating":" 5 stars ","Number_of_Reviews":"","Address":"","Reviewer":"Andrew","Reviewer_page":"https://www.google.com/maps/contrib/107570823410733547956/reviews?hl=en-US","Review_time":"a year ago","Review":"Quick pickup , friendly staff. Everything expected from a well ran starbucks. Would visit again.","Likes":""},{"Name":"","Category":"","Rating":" 1 star ","Number_of_Reviews":"","Address":"","Reviewer":"WEST HOW","Reviewer_page":"https://www.google.com/maps/contrib/104519245895335273940/reviews?hl=en-US","Review_time":"a year ago","Review":"Is that what you get? Check before you leave.","Likes":"4"},{"Name":"","Category":"","Rating":" 3 stars ","Number_of_Reviews":"","Address":"","Reviewer":"Matthew Hatzichristos","Reviewer_page":"https://www.google.com/maps/contrib/114265657714036728158/reviews?hl=en-US","Review_time":"9 months ago","Review":"Pretty comfy Starbucks…if it happens to be open when you go.","Likes":""},{"Name":"","Category":"","Rating":" 5 stars ","Number_of_Reviews":"","Address":"","Reviewer":"Melanie B","Reviewer_page":"https://www.google.com/maps/contrib/102767724646143800490/reviews?hl=en-US","Review_time":"a year ago","Review":"AMAAAAZZZZINNNNGGG STAFF!! Such a beautiful and welcoming location, I love coming here. Never going to another Starbucks!","Likes":"1"},{"Name":"","Category":"","Rating":" 5 stars ","Number_of_Reviews":"","Address":"","Reviewer":"Alex Itskov","Reviewer_page":"https://www.google.com/maps/contrib/115741757910288109142/reviews?hl=en-US","Review_time":"a year ago","Review":"Huge upgrade from previous location. Strawberry Garden drink (only available at this location) is to die for.","Likes":""},{"Name":"","Category":"","Rating":" 5 stars ","Number_of_Reviews":"","Address":"","Reviewer":"Kim Ponce","Reviewer_page":"https://www.google.com/maps/contrib/117577290865340691603/reviews?hl=en-US","Review_time":"a year ago","Review":"Always good coffee! Friendly staff!","Likes":""},{"Name":"","Category":"","Rating":" 5 stars ","Number_of_Reviews":"","Address":"","Reviewer":"tdussie86","Reviewer_page":"https://www.google.com/maps/contrib/103397070011962563646/reviews?hl=en-US","Review_time":"6 months ago","Review":"Friendly overall great service","Likes":""},{"Name":"","Category":"","Rating":" 5 stars ","Number_of_Reviews":"","Address":"","Reviewer":"Zack Sinanovic","Reviewer_page":"https://www.google.com/maps/contrib/113356021648436109513/reviews?hl=en-US","Review_time":"5 months ago","Review":"Good service and coffee","Likes":""},{"Name":"","Category":"","Rating":" 5 stars ","Number_of_Reviews":"","Address":"","Reviewer":"John Farrell","Reviewer_page":"https://www.google.com/maps/contrib/116631016606331817997/reviews?hl=en-US","Review_time":"a year ago","Review":"Great experience in the relocation from the former tiny Continental Ave location.","Likes":""},{"Name":"","Category":"","Rating":" 5 stars ","Number_of_Reviews":"","Address":"","Reviewer":"Paula Jordan","Reviewer_page":"https://www.google.com/maps/contrib/118366010860581647841/reviews?hl=en-US","Review_time":"a year ago","Review":"Great place an very nice people that work there.","Likes":"1"},{"Name":"","Category":"","Rating":" 5 stars ","Number_of_Reviews":"","Address":"","Reviewer":"michelle. jara tobing0. house","Reviewer_page":"https://www.google.com/maps/contrib/115807215666046479176/reviews?hl=en-US","Review_time":"9 months ago","Review":"Quick efficient and caring customer service!","Likes":""},{"Name":"","Category":"","Rating":" 4 stars ","Number_of_Reviews":"","Address":"","Reviewer":"larry H","Reviewer_page":"https://www.google.com/maps/contrib/101262353967269031854/reviews?hl=en-US","Review_time":"7 months ago","Review":"I love my coffee","Likes":""},{"Name":"","Category":"","Rating":" 5 stars ","Number_of_Reviews":"","Address":"","Reviewer":"Luke Johnson","Reviewer_page":"https://www.google.com/maps/contrib/108310774993207002687/reviews?hl=en-US","Review_time":"a year ago","Review":"Nice little Starbucks. Large staff.","Likes":""},{"Name":"","Category":"","Rating":" 5 stars ","Number_of_Reviews":"","Address":"","Reviewer":"Connie R.","Reviewer_page":"https://www.google.com/maps/contrib/117951867030929042368/reviews?hl=en-US","Review_time":"a year ago","Review":"Love this new spot, so open and fresh.","Likes":""},{"Name":"","Category":"","Rating":" 3 stars ","Number_of_Reviews":"","Address":"","Reviewer":"Patricia Ann Doyle","Reviewer_page":"https://www.google.com/maps/contrib/106476591076549813736/reviews?hl=en-US","Review_time":"a year ago","Review":"Blender was broken all 3 times","Likes":"1"},{"Name":"","Category":"","Rating":" 5 stars ","Number_of_Reviews":"","Address":"","Reviewer":"Gary Hiltz","Reviewer_page":"https://www.google.com/maps/contrib/108141184723272472993/reviews?hl=en-US","Review_time":"a year ago","Review":"Good location. Limited seating.","Likes":""},{"Name":"","Category":"","Rating":" 5 stars ","Number_of_Reviews":"","Address":"","Reviewer":"Nina Rothschild","Reviewer_page":"https://www.google.com/maps/contrib/112619196874531621451/reviews?hl=en-US","Review_time":"a year ago","Review":"Excelkent service for light bites and coffee!","Likes":""},{"Name":"","Category":"","Rating":" 5 stars ","Number_of_Reviews":"","Address":"","Reviewer":"Marcos Cordero","Reviewer_page":"https://www.google.com/maps/contrib/107171915239133663449/reviews?hl=en-US","Review_time":"a year ago","Review":"Terrific Experience!!!! Truly awesome!!","Likes":""},{"Name":"","Category":"","Rating":" 1 star ","Number_of_Reviews":"","Address":"","Reviewer":"John Avanti","Reviewer_page":"https://www.google.com/maps/contrib/115672820651156993323/reviews?hl=en-US","Review_time":"a year ago","Review":"First bad pour over from a SB","Likes":"1"},{"Name":"","Category":"","Rating":" 5 stars ","Number_of_Reviews":"","Address":"","Reviewer":"Alex A.C","Reviewer_page":"https://www.google.com/maps/contrib/106629095710277361328/reviews?hl=en-US","Review_time":"7 months ago","Review":"Good service","Likes":""},{"Name":"","Category":"","Rating":" 5 stars ","Number_of_Reviews":"","Address":"","Reviewer":"Jacinta Wilson","Reviewer_page":"https://www.google.com/maps/contrib/110693704266732971097/reviews?hl=en-US","Review_time":"a year ago","Review":"Great fresh coffee","Likes":""},{"Name":"","Category":"","Rating":" 5 stars ","Number_of_Reviews":"","Address":"","Reviewer":"Tyrone Whoo","Reviewer_page":"https://www.google.com/maps/contrib/106176995796063192239/reviews?hl=en-US","Review_time":"a year ago","Review":"Puppychino they love it","Likes":""},{"Name":"","Category":"","Rating":" 3 stars ","Number_of_Reviews":"","Address":"","Reviewer":"Kenneth Stone","Reviewer_page":"https://www.google.com/maps/contrib/113421633437155373547/reviews?hl=en-US","Review_time":"a year ago","Review":"Meh.","Likes":""},{"Name":"","Category":"","Rating":" 5 stars ","Number_of_Reviews":"","Address":"","Reviewer":"Robert Napolitano","Reviewer_page":"https://www.google.com/maps/contrib/105450383418849180661/reviews?hl=en-US","Review_time":"7 months ago","Review":"Great Service","Likes":""},{"Name":"","Category":"","Rating":" 5 stars ","Number_of_Reviews":"","Address":"","Reviewer":"María del Cisne Rizzo","Reviewer_page":"https://www.google.com/maps/contrib/107453707114577809434/reviews?hl=en-US","Review_time":"a year ago","Review":"The staff is amazing!!!","Likes":""},{"Name":"","Category":"","Rating":" 4 stars ","Number_of_Reviews":"","Address":"","Reviewer":"Daniel Seror","Reviewer_page":"https://www.google.com/maps/contrib/118404218087536799470/reviews?hl=en-US","Review_time":"a year ago","Review":"Very busy.","Likes":""},{"Name":"","Category":"","Rating":" 4 stars ","Number_of_Reviews":"","Address":"","Reviewer":"Sylvia Wykowska","Reviewer_page":"https://www.google.com/maps/contrib/114116014949666484808/reviews?hl=en-US","Review_time":"a year ago","Review":"Slow serves.","Likes":""},{"Name":"","Category":"","Rating":" 5 stars ","Number_of_Reviews":"","Address":"","Reviewer":"Yorel Campos","Reviewer_page":"https://www.google.com/maps/contrib/107831400245717346852/reviews?hl=en-US","Review_time":"a year ago","Review":"Great service","Likes":""},{"Name":"","Category":"","Rating":" 5 stars ","Number_of_Reviews":"","Address":"","Reviewer":"LaSirena Nyce","Reviewer_page":"https://www.google.com/maps/contrib/108824041856332311388/reviews?hl=en-US","Review_time":"a year ago","Review":"Friendly and clean!","Likes":""},{"Name":"","Category":"","Rating":" 5 stars ","Number_of_Reviews":"","Address":"","Reviewer":"A.R R.G","Reviewer_page":"https://www.google.com/maps/contrib/116906581232037157444/reviews?hl=en-US","Review_time":"a year ago","Review":"Nice","Likes":""},{"Name":"","Category":"","Rating":" 5 stars ","Number_of_Reviews":"","Address":"","Reviewer":"Alvaro Egas","Reviewer_page":"https://www.google.com/maps/contrib/109372115378912295030/reviews?hl=en-US","Review_time":"a year ago","Review":"The best!!","Likes":""},{"Name":"","Category":"","Rating":" 4 stars ","Number_of_Reviews":"","Address":"","Reviewer":"Wangshu Wu","Reviewer_page":"https://www.google.com/maps/contrib/115709438897597225337/reviews?hl=en-US","Review_time":"a week ago","Review":"All staffs are very nice and the customer service is awesome. The only problem is the music taste. They play loud and intense 2000’s hip hop from day to night. Take care of your ears and think twice if you want to be sitting there for over 15 min.","Likes":""},{"Name":"","Category":"","Rating":" 4 stars ","Number_of_Reviews":"","Address":"","Reviewer":"Yenny Parra","Reviewer_page":"https://www.google.com/maps/contrib/112792329585734737451/reviews?hl=en-US","Review_time":"9 months ago","Review":"(Translated by Google) Winter without chocolate would be colder than it is!\n\n(Original)\nEl invierno sin chocolate sería más frío de lo que es!!","Likes":""},{"Name":"","Category":"","Rating":" 5 stars ","Number_of_Reviews":"","Address":"","Reviewer":"Monica Gomez","Reviewer_page":"https://www.google.com/maps/contrib/101498129974766334129/reviews?hl=en-US","Review_time":"a year ago","Review":"(Translated by Google) The attention of the staff is great and the living area is very good.\n\n(Original)\nLa atención del personal estupenda y el área de estar muy buena.","Likes":""},{"Name":"","Category":"","Rating":" 5 stars ","Number_of_Reviews":"","Address":"","Reviewer":"ליאור כרמי","Reviewer_page":"https://www.google.com/maps/contrib/101037243280972150673/reviews?hl=en-US","Review_time":"a year ago","Review":"(Translated by Google) Love as always\n\n(Original)\nאוהב כמו תמיד","Likes":""},{"Name":"","Category":"","Rating":" 5 stars ","Number_of_Reviews":"","Address":"","Reviewer":"Armando Garcia","Reviewer_page":"https://www.google.com/maps/contrib/109519740477932527635/reviews?hl=en-US","Review_time":"a year ago","Review":"(Translated by Google) Excellent service\n\n(Original)\nExcelente servicio","Likes":""},{"Name":"","Category":"","Rating":" 4 stars ","Number_of_Reviews":"","Address":"","Reviewer":"Isaac Hirsch","Reviewer_page":"https://www.google.com/maps/contrib/110520350483977069580/reviews?hl=en-US","Review_time":"a month ago","Review":"","Likes":""},{"Name":"","Category":"","Rating":" 1 star ","Number_of_Reviews":"","Address":"","Reviewer":"joyce esparza","Reviewer_page":"https://www.google.com/maps/contrib/114023004721890084516/reviews?hl=en-US","Review_time":"a month ago","Review":"","Likes":""},{"Name":"","Category":"","Rating":" 5 stars ","Number_of_Reviews":"","Address":"","Reviewer":"Таня В","Reviewer_page":"https://www.google.com/maps/contrib/102342022601503225121/reviews?hl=en-US","Review_time":"3 months ago","Review":"","Likes":""},{"Name":"","Category":"","Rating":" 5 stars ","Number_of_Reviews":"","Address":"","Reviewer":"Kerly Sinchi","Reviewer_page":"https://www.google.com/maps/contrib/112504249583172701142/reviews?hl=en-US","Review_time":"5 months ago","Review":"","Likes":""},{"Name":"","Category":"","Rating":" 5 stars ","Number_of_Reviews":"","Address":"","Reviewer":"Kathy Lema","Reviewer_page":"https://www.google.com/maps/contrib/109287911050290097697/reviews?hl=en-US","Review_time":"6 months ago","Review":"","Likes":""},{"Name":"","Category":"","Rating":" 5 stars ","Number_of_Reviews":"","Address":"","Reviewer":"Kitare Rieko","Reviewer_page":"https://www.google.com/maps/contrib/109788828796291485843/reviews?hl=en-US","Review_time":"7 months ago","Review":"","Likes":""},{"Name":"","Category":"","Rating":" 5 stars ","Number_of_Reviews":"","Address":"","Reviewer":"Diana A","Reviewer_page":"https://www.google.com/maps/contrib/106181822920124054308/reviews?hl=en-US","Review_time":"7 months ago","Review":"","Likes":""},{"Name":"","Category":"","Rating":" 5 stars ","Number_of_Reviews":"","Address":"","Reviewer":"Daline Figueroa","Reviewer_page":"https://www.google.com/maps/contrib/110339285380137453026/reviews?hl=en-US","Review_time":"9 months ago","Review":"","Likes":""},{"Name":"","Category":"","Rating":" 5 stars ","Number_of_Reviews":"","Address":"","Reviewer":"PinkMac 04","Reviewer_page":"https://www.google.com/maps/contrib/108213090179243080946/reviews?hl=en-US","Review_time":"9 months ago","Review":"","Likes":""},{"Name":"","Category":"","Rating":" 3 stars ","Number_of_Reviews":"","Address":"","Reviewer":"Michael Edwards","Reviewer_page":"https://www.google.com/maps/contrib/114268960162970717726/reviews?hl=en-US","Review_time":"10 months ago","Review":"","Likes":""},{"Name":"","Category":"","Rating":" 5 stars ","Number_of_Reviews":"","Address":"","Reviewer":"Andrew Wong","Reviewer_page":"https://www.google.com/maps/contrib/102262902408117146728/reviews?hl=en-US","Review_time":"a year ago","Review":"","Likes":""},{"Name":"","Category":"","Rating":" 4 stars ","Number_of_Reviews":"","Address":"","Reviewer":"Tricia Ramdin","Reviewer_page":"https://www.google.com/maps/contrib/114773329602406034878/reviews?hl=en-US","Review_time":"a year ago","Review":"","Likes":""},{"Name":"","Category":"","Rating":" 4 stars ","Number_of_Reviews":"","Address":"","Reviewer":"Michael Sosa","Reviewer_page":"https://www.google.com/maps/contrib/100531004511784479184/reviews?hl=en-US","Review_time":"a year ago","Review":"","Likes":""},{"Name":"","Category":"","Rating":" 5 stars ","Number_of_Reviews":"","Address":"","Reviewer":"enjolcy Chavannes","Reviewer_page":"https://www.google.com/maps/contrib/106618723410652502620/reviews?hl=en-US","Review_time":"a year ago","Review":"","Likes":""},{"Name":"","Category":"","Rating":" 4 stars ","Number_of_Reviews":"","Address":"","Reviewer":"Arturo Morales","Reviewer_page":"https://www.google.com/maps/contrib/101816207832265826684/reviews?hl=en-US","Review_time":"a year ago","Review":"","Likes":""},{"Name":"","Category":"","Rating":" 5 stars ","Number_of_Reviews":"","Address":"","Reviewer":"M G","Reviewer_page":"https://www.google.com/maps/contrib/100471026940750002116/reviews?hl=en-US","Review_time":"a year ago","Review":"","Likes":""},{"Name":"","Category":"","Rating":" 5 stars ","Number_of_Reviews":"","Address":"","Reviewer":"Helen Lau-Potter","Reviewer_page":"https://www.google.com/maps/contrib/113442088518678661459/reviews?hl=en-US","Review_time":"a year ago","Review":"","Likes":""},{"Name":"","Category":"","Rating":" 5 stars ","Number_of_Reviews":"","Address":"","Reviewer":"Erika Sandoval","Reviewer_page":"https://www.google.com/maps/contrib/102172077217754165511/reviews?hl=en-US","Review_time":"a year ago","Review":"","Likes":""},{"Name":"","Category":"","Rating":" 4 stars ","Number_of_Reviews":"","Address":"","Reviewer":"Gabriel Toribio","Reviewer_page":"https://www.google.com/maps/contrib/101271962643746840049/reviews?hl=en-US","Review_time":"2 months ago","Review":"","Likes":""},{"Name":"","Category":"","Rating":" 4 stars ","Number_of_Reviews":"","Address":"","Reviewer":"Andy Liu","Reviewer_page":"https://www.google.com/maps/contrib/111460714231665436874/reviews?hl=en-US","Review_time":"a year ago","Review":"","Likes":""},{"Name":"","Category":"","Rating":" 5 stars ","Number_of_Reviews":"","Address":"","Reviewer":"Charleen Lim","Reviewer_page":"https://www.google.com/maps/contrib/115744024420046214283/reviews?hl=en-US","Review_time":"a year ago","Review":"","Likes":""},{"Name":"","Category":"","Rating":" 5 stars ","Number_of_Reviews":"","Address":"","Reviewer":"Sarah Tenenbaum","Reviewer_page":"https://www.google.com/maps/contrib/114583430725853431213/reviews?hl=en-US","Review_time":"5 months ago","Review":"","Likes":""},{"Name":"","Category":"","Rating":" 5 stars ","Number_of_Reviews":"","Address":"","Reviewer":"Melodie Y.","Reviewer_page":"https://www.google.com/maps/contrib/106193221881420667796/reviews?hl=en-US","Review_time":"7 months ago","Review":"","Likes":""},{"Name":"","Category":"","Rating":" 5 stars ","Number_of_Reviews":"","Address":"","Reviewer":"Yazmin L.","Reviewer_page":"https://www.google.com/maps/contrib/109903660538179649541/reviews?hl=en-US","Review_time":"a year ago","Review":"","Likes":""},{"Name":"","Category":"","Rating":" 5 stars ","Number_of_Reviews":"","Address":"","Reviewer":"S W","Reviewer_page":"https://www.google.com/maps/contrib/100584326915428824214/reviews?hl=en-US","Review_time":"a year ago","Review":"","Likes":""},{"Name":"","Category":"","Rating":" 5 stars ","Number_of_Reviews":"","Address":"","Reviewer":"Ariel Blumstein","Reviewer_page":"https://www.google.com/maps/contrib/106079882660243327057/reviews?hl=en-US","Review_time":"a month ago","Review":"","Likes":""},{"Name":"","Category":"","Rating":" 5 stars ","Number_of_Reviews":"","Address":"","Reviewer":"puja negi","Reviewer_page":"https://www.google.com/maps/contrib/114006790483668112325/reviews?hl=en-US","Review_time":"10 months ago","Review":"","Likes":""},{"Name":"","Category":"","Rating":" 5 stars ","Number_of_Reviews":"","Address":"","Reviewer":"Juan Tenorio","Reviewer_page":"https://www.google.com/maps/contrib/112718853365014762051/reviews?hl=en-US","Review_time":"7 months ago","Review":"","Likes":""},{"Name":"","Category":"","Rating":" 5 stars ","Number_of_Reviews":"","Address":"","Reviewer":"Francoise Guerrero","Reviewer_page":"https://www.google.com/maps/contrib/108154461911126638239/reviews?hl=en-US","Review_time":"a year ago","Review":"","Likes":""},{"Name":"","Category":"","Rating":" 5 stars ","Number_of_Reviews":"","Address":"","Reviewer":"Adrian Ashby","Reviewer_page":"https://www.google.com/maps/contrib/110825594020252360382/reviews?hl=en-US","Review_time":"a year ago","Review":"","Likes":""},{"Name":"","Category":"","Rating":" 4 stars ","Number_of_Reviews":"","Address":"","Reviewer":"Helen M","Reviewer_page":"https://www.google.com/maps/contrib/108532085325853699875/reviews?hl=en-US","Review_time":"a year ago","Review":"","Likes":""},{"Name":"","Category":"","Rating":" 5 stars ","Number_of_Reviews":"","Address":"","Reviewer":"Monique Mo","Reviewer_page":"https://www.google.com/maps/contrib/105003947298244318371/reviews?hl=en-US","Review_time":"a year ago","Review":"","Likes":""},{"Name":"","Category":"","Rating":" 3 stars ","Number_of_Reviews":"","Address":"","Reviewer":"Brian Wyatt","Reviewer_page":"https://www.google.com/maps/contrib/100584794683552803803/reviews?hl=en-US","Review_time":"a year ago","Review":"","Likes":""},{"Name":"","Category":"","Rating":" 3 stars ","Number_of_Reviews":"","Address":"","Reviewer":"Alexander Lozano","Reviewer_page":"https://www.google.com/maps/contrib/117057558082417078136/reviews?hl=en-US","Review_time":"a year ago","Review":"","Likes":""},{"Name":"","Category":"","Rating":" 5 stars ","Number_of_Reviews":"","Address":"","Reviewer":"Kay Babii","Reviewer_page":"https://www.google.com/maps/contrib/117297340074953496625/reviews?hl=en-US","Review_time":"a year ago","Review":"","Likes":""},{"Name":"","Category":"","Rating":" 5 stars ","Number_of_Reviews":"","Address":"","Reviewer":"Veronica Moore","Reviewer_page":"https://www.google.com/maps/contrib/109116853087058347346/reviews?hl=en-US","Review_time":"8 months ago","Review":"","Likes":""},{"Name":"","Category":"","Rating":" 5 stars ","Number_of_Reviews":"","Address":"","Reviewer":"Fred Irizarry","Reviewer_page":"https://www.google.com/maps/contrib/108754351053975161837/reviews?hl=en-US","Review_time":"a year ago","Review":"","Likes":""},{"Name":"","Category":"","Rating":" 5 stars ","Number_of_Reviews":"","Address":"","Reviewer":"Basil Masood","Reviewer_page":"https://www.google.com/maps/contrib/108173848040568501019/reviews?hl=en-US","Review_time":"a year ago","Review":"","Likes":""},{"Name":"","Category":"","Rating":" 5 stars ","Number_of_Reviews":"","Address":"","Reviewer":"Seeta Singh","Reviewer_page":"https://www.google.com/maps/contrib/116868681625434745396/reviews?hl=en-US","Review_time":"a year ago","Review":"","Likes":""},{"Name":"","Category":"","Rating":" 5 stars ","Number_of_Reviews":"","Address":"","Reviewer":"Julia P","Reviewer_page":"https://www.google.com/maps/contrib/102698625786771723349/reviews?hl=en-US","Review_time":"a year ago","Review":"","Likes":""},{"Name":"","Category":"","Rating":" 5 stars ","Number_of_Reviews":"","Address":"","Reviewer":"Masahiko Takinami","Reviewer_page":"https://www.google.com/maps/contrib/117315957532519368527/reviews?hl=en-US","Review_time":"a year ago","Review":"","Likes":""},{"Name":"","Category":"","Rating":" 4 stars ","Number_of_Reviews":"","Address":"","Reviewer":"Leonard Craft","Reviewer_page":"https://www.google.com/maps/contrib/101523205460339857537/reviews?hl=en-US","Review_time":"3 months ago","Review":"","Likes":""},{"Name":"","Category":"","Rating":" 4 stars ","Number_of_Reviews":"","Address":"","Reviewer":"Hershel Praeger","Reviewer_page":"https://www.google.com/maps/contrib/107379885889177003285/reviews?hl=en-US","Review_time":"10 months ago","Review":"","Likes":""},{"Name":"","Category":"","Rating":" 5 stars ","Number_of_Reviews":"","Address":"","Reviewer":"James KWABENA ADDO","Reviewer_page":"https://www.google.com/maps/contrib/103018727585840788751/reviews?hl=en-US","Review_time":"5 months ago","Review":"","Likes":""},{"Name":"","Category":"","Rating":" 5 stars ","Number_of_Reviews":"","Address":"","Reviewer":"Tan Junior","Reviewer_page":"https://www.google.com/maps/contrib/108250341840436395555/reviews?hl=en-US","Review_time":"9 months ago","Review":"","Likes":""},{"Name":"","Category":"","Rating":" 3 stars ","Number_of_Reviews":"","Address":"","Reviewer":"Andrea R","Reviewer_page":"https://www.google.com/maps/contrib/112238674991382560728/reviews?hl=en-US","Review_time":"10 months ago","Review":"","Likes":""},{"Name":"","Category":"","Rating":" 4 stars ","Number_of_Reviews":"","Address":"","Reviewer":"Manuel Chea","Reviewer_page":"https://www.google.com/maps/contrib/114313776696667204936/reviews?hl=en-US","Review_time":"4 months ago","Review":"","Likes":""},{"Name":"","Category":"","Rating":" 5 stars ","Number_of_Reviews":"","Address":"","Reviewer":"Geeky- Gameing","Reviewer_page":"https://www.google.com/maps/contrib/116631474241653933773/reviews?hl=en-US","Review_time":"a year ago","Review":"","Likes":""},{"Name":"","Category":"","Rating":" 5 stars ","Number_of_Reviews":"","Address":"","Reviewer":"Татьяна Орлова","Reviewer_page":"https://www.google.com/maps/contrib/104544820756155851736/reviews?hl=en-US","Review_time":"a year ago","Review":"","Likes":""},{"Name":"","Category":"","Rating":" 5 stars ","Number_of_Reviews":"","Address":"","Reviewer":"hei wu","Reviewer_page":"https://www.google.com/maps/contrib/105028892299545930694/reviews?hl=en-US","Review_time":"a year ago","Review":"","Likes":""},{"Name":"","Category":"","Rating":" 5 stars ","Number_of_Reviews":"","Address":"","Reviewer":"Evelin P","Reviewer_page":"https://www.google.com/maps/contrib/102690351661633796489/reviews?hl=en-US","Review_time":"7 months ago","Review":"","Likes":""},{"Name":"","Category":"","Rating":" 5 stars ","Number_of_Reviews":"","Address":"","Reviewer":"Kenrick Hariprasad","Reviewer_page":"https://www.google.com/maps/contrib/100110268240523637443/reviews?hl=en-US","Review_time":"11 months ago","Review":"","Likes":""},{"Name":"","Category":"","Rating":" 3 stars ","Number_of_Reviews":"","Address":"","Reviewer":"Rigoberto Fana","Reviewer_page":"https://www.google.com/maps/contrib/118347552657125010767/reviews?hl=en-US","Review_time":"a year ago","Review":"","Likes":""},{"Name":"","Category":"","Rating":" 4 stars ","Number_of_Reviews":"","Address":"","Reviewer":"Jose del carmen Chitiva Garzón","Reviewer_page":"https://www.google.com/maps/contrib/112915372848705184115/reviews?hl=en-US","Review_time":"3 months ago","Review":"","Likes":""},{"Name":"","Category":"","Rating":" 5 stars ","Number_of_Reviews":"","Address":"","Reviewer":"Yeiny Diaz","Reviewer_page":"https://www.google.com/maps/contrib/102214498495163175850/reviews?hl=en-US","Review_time":"5 months ago","Review":"","Likes":""},{"Name":"","Category":"","Rating":" 5 stars ","Number_of_Reviews":"","Address":"","Reviewer":"Rukminie Persaud","Reviewer_page":"https://www.google.com/maps/contrib/109164448162453426732/reviews?hl=en-US","Review_time":"a year ago","Review":"","Likes":""},{"Name":"","Category":"","Rating":" 5 stars ","Number_of_Reviews":"","Address":"","Reviewer":"sandy w","Reviewer_page":"https://www.google.com/maps/contrib/106337406804737971207/reviews?hl=en-US","Review_time":"3 months ago","Review":"","Likes":""},{"Name":"","Category":"","Rating":" 5 stars ","Number_of_Reviews":"","Address":"","Reviewer":"Natasha Ramdass","Reviewer_page":"https://www.google.com/maps/contrib/113762910598839469255/reviews?hl=en-US","Review_time":"9 months ago","Review":"","Likes":""},{"Name":"","Category":"","Rating":" 5 stars ","Number_of_Reviews":"","Address":"","Reviewer":"Anthoney Stephens","Reviewer_page":"https://www.google.com/maps/contrib/114205706422097438983/reviews?hl=en-US","Review_time":"a year ago","Review":"","Likes":""},{"Name":"","Category":"","Rating":" 5 stars ","Number_of_Reviews":"","Address":"","Reviewer":"Gustavo I","Reviewer_page":"https://www.google.com/maps/contrib/117797219961052544006/reviews?hl=en-US","Review_time":"8 months ago","Review":"","Likes":""},{"Name":"","Category":"","Rating":" 5 stars ","Number_of_Reviews":"","Address":"","Reviewer":"cadac lillies","Reviewer_page":"https://www.google.com/maps/contrib/114497656389268922742/reviews?hl=en-US","Review_time":"a month ago","Review":"","Likes":""},{"Name":"","Category":"","Rating":" 5 stars ","Number_of_Reviews":"","Address":"","Reviewer":"Marielle Jallorina","Reviewer_page":"https://www.google.com/maps/contrib/106340507033628497812/reviews?hl=en-US","Review_time":"9 months ago","Review":"","Likes":""},{"Name":"","Category":"","Rating":" 5 stars ","Number_of_Reviews":"","Address":"","Reviewer":"Arben Paloka","Reviewer_page":"https://www.google.com/maps/contrib/116347008873750146757/reviews?hl=en-US","Review_time":"a year ago","Review":"","Likes":""}