[{"Name":"","Category":"","Rating":" 1 star ","Number_of_Reviews":"","Address":"","Reviewer":"m bord","Reviewer_page":"https://www.google.com/maps/contrib/111700228317215077435/reviews?hl=en-US","Review_time":"5 months ago","Review":"Good product, poor customer service. Too worried about their phones and gossiping. Won't be returning anytime soon.","Likes":"1"},{"Name":"","Category":"","Rating":" 2 stars ","Number_of_Reviews":"","Address":"","Reviewer":"Regina Saw","Reviewer_page":"https://www.google.com/maps/contrib/115094659245759162005/reviews?hl=en-US","Review_time":"2 months ago","Review":"Ordered a mango pineapple refresher drink. Waited almost 15 minutes and cost me $6.50. But very disappointed with the drink. It was all filled with ice to the top. I literally have 5 sips and my $6.50 drink was finish 😞","Likes":""},{"Name":"","Category":"","Rating":" 1 star ","Number_of_Reviews":"","Address":"","Reviewer":"E C","Reviewer_page":"https://www.google.com/maps/contrib/114646326818492688625/reviews?hl=en-US","Review_time":"a year ago","Review":"Asia was the best. The girl with funky glasses did good.   The homeless guy with long hair did decent too.\nThis new crew is not working out. Lines shouldn't be a 20 minutes wait.  I made my own sandwich, thats 4 dollars in lost profit right there.","Likes":"2"},{"Name":"","Category":"","Rating":" 5 stars ","Number_of_Reviews":"","Address":"","Reviewer":"Gina Castoro","Reviewer_page":"https://www.google.com/maps/contrib/104349345989460207269/reviews?hl=en-US","Review_time":"6 months ago","Review":"Very clean, fast, kind service. Especially being a hospital location. I was greeted with kindness and got my whole order fairly quick. Thank you guys!","Likes":""},{"Name":"","Category":"","Rating":" 5 stars ","Number_of_Reviews":"","Address":"","Reviewer":"Alexander Riviezzo","Reviewer_page":"https://www.google.com/maps/contrib/102382487409763756508/reviews?hl=en-US","Review_time":"7 months ago","Review":"I mean it's Starbucks what's not to like, staff is friendly, drinks are good, never crowded","Likes":""},{"Name":"","Category":"","Rating":" 4 stars ","Number_of_Reviews":"","Address":"","Reviewer":"Leo","Reviewer_page":"https://www.google.com/maps/contrib/112354472271265897538/reviews?hl=en-US","Review_time":"a year ago","Review":"This starbucks is a godsend. Very convenient, clean, and drinks are usually spot on.Whenever im at NYP queens, early in the mornings or late in the day, i have to stop by.","Likes":""},{"Name":"","Category":"","Rating":" 1 star ","Number_of_Reviews":"","Address":"","Reviewer":"Danny Lee","Reviewer_page":"https://www.google.com/maps/contrib/104443104759304257104/reviews?hl=en-US","Review_time":"a year ago","Review":"All the Baristas here have to be re-trained. The drinks they make are different from other Starbucks. I tried few different drinks but they all came out very different than other Starbucks. Take a look at the picture. This is just one example!","Likes":"2"},{"Name":"","Category":"","Rating":" 2 stars ","Number_of_Reviews":"","Address":"","Reviewer":"Faraz Younus","Reviewer_page":"https://www.google.com/maps/contrib/114981783674105196578/reviews?hl=en-US","Review_time":"3 months ago","Review":"This location doesn’t even take online orders","Likes":""},{"Name":"","Category":"","Rating":" 1 star ","Number_of_Reviews":"","Address":"","Reviewer":"Chris Hsu","Reviewer_page":"https://www.google.com/maps/contrib/116731023879513077683/reviews?hl=en-US","Review_time":"6 months ago","Review":"These guys are terrible, switching out ingredients substitutes on standard drinks without customer consultation and then defending their workmanship when confronted without the remake of the ordered drink.\n\nAvoid these location partnerships like this one at hospitals - substandard Starbucks quality with no care.","Likes":"1"},{"Name":"","Category":"","Rating":" 4 stars ","Number_of_Reviews":"","Address":"","Reviewer":"R W","Reviewer_page":"https://www.google.com/maps/contrib/114531289767187993468/reviews?hl=en-US","Review_time":"a year ago","Review":"Was not allowed to sit inside to enjoy coffee even with no one else in there","Likes":""},{"Name":"","Category":"","Rating":" 4 stars ","Number_of_Reviews":"","Address":"","Reviewer":"ugo k","Reviewer_page":"https://www.google.com/maps/contrib/101825587646466081637/reviews?hl=en-US","Review_time":"a year ago","Review":"Liked this Starbucks location! Got my coffee here almost every morning while I was in Manhattan. Super friendly crew, and my drink was splendid!","Likes":""},{"Name":"","Category":"","Rating":" 2 stars ","Number_of_Reviews":"","Address":"","Reviewer":"Ashley Severino","Reviewer_page":"https://www.google.com/maps/contrib/101462884684994329660/reviews?hl=en-US","Review_time":"a year ago","Review":"This Starbucks was great until staff recently changed. Drinks are horrible.","Likes":"1"},{"Name":"","Category":"","Rating":" 5 stars ","Number_of_Reviews":"","Address":"","Reviewer":"Cynthia Rodriguez","Reviewer_page":"https://www.google.com/maps/contrib/102810948142404146659/reviews?hl=en-US","Review_time":"a year ago","Review":"Love this Starbucks location! Great experience as the staff is friendly, knowledgeable & efficient. The environment  is clean and organized.","Likes":""},{"Name":"","Category":"","Rating":" 5 stars ","Number_of_Reviews":"","Address":"","Reviewer":"Laura Rodriguez","Reviewer_page":"https://www.google.com/maps/contrib/100836761952587772261/reviews?hl=en-US","Review_time":"a year ago","Review":"The neighborhood Starbucks ! Not only is it serving the community at the hospital (doctors, nurses, patients, patient’s families) but the locals in the neighborhood as well. I love that there usually aren’t long lines here , it’s very clean and drinks are always made well. Thanks for a great coffee experience !!!","Likes":"1"},{"Name":"","Category":"","Rating":" 5 stars ","Number_of_Reviews":"","Address":"","Reviewer":"Guillermo Naranjo (Memo)","Reviewer_page":"https://www.google.com/maps/contrib/105244074561273077720/reviews?hl=en-US","Review_time":"7 months ago","Review":"Right at the entrance of Presbyterian Hospital in Main St. Nice place","Likes":""},{"Name":"","Category":"","Rating":" 1 star ","Number_of_Reviews":"","Address":"","Reviewer":"ChenXin Zheng","Reviewer_page":"https://www.google.com/maps/contrib/109767261998594535791/reviews?hl=en-US","Review_time":"a year ago","Review":"Can’t follow simple instructions to NOT put milk in my coffee. Especially frustrating since it was an uber eats order. They also will not answer the phone","Likes":"1"},{"Name":"","Category":"","Rating":" 5 stars ","Number_of_Reviews":"","Address":"","Reviewer":"RD","Reviewer_page":"https://www.google.com/maps/contrib/105696736289900349495/reviews?hl=en-US","Review_time":"a year ago","Review":"This Starbucks is the one inside NY Presp Hospital of Flushing Queens. Good service, nice guys. Would Recommend.","Likes":""},{"Name":"","Category":"","Rating":" 2 stars ","Number_of_Reviews":"","Address":"","Reviewer":"Nestor Espinosa","Reviewer_page":"https://www.google.com/maps/contrib/106212670490585088661/reviews?hl=en-US","Review_time":"10 months ago","Review":"Poor quality of every product they sell.\nThe drinks have more sugar than a normal body can handle.","Likes":"1"},{"Name":"","Category":"","Rating":" 1 star ","Number_of_Reviews":"","Address":"","Reviewer":"Arslan Afridi","Reviewer_page":"https://www.google.com/maps/contrib/103420409517977119541/reviews?hl=en-US","Review_time":"2 years ago","Review":"I wish if I could give 0 stars worst starbucks coffee I ever tasted it's not the coffee or ingredients it's just they dont how to make it and also it's over priced so dont waste your money on this trash","Likes":"2"},{"Name":"","Category":"","Rating":" 1 star ","Number_of_Reviews":"","Address":"","Reviewer":"Nurse B.A.E","Reviewer_page":"https://www.google.com/maps/contrib/105977073183669076806/reviews?hl=en-US","Review_time":"a year ago","Review":"Drinks are horrible. Friendly staff though","Likes":"1"},{"Name":"","Category":"","Rating":" 5 stars ","Number_of_Reviews":"","Address":"","Reviewer":"Marc Bernarai","Reviewer_page":"https://www.google.com/maps/contrib/117191269054220304997/reviews?hl=en-US","Review_time":"2 years ago","Review":"Woman in a wheel chair spilled her hot chocolate and the Starbucks team made her a new one! Awesome service and compassion!","Likes":""},{"Name":"","Category":"","Rating":" 4 stars ","Number_of_Reviews":"","Address":"","Reviewer":"Andrea Volpe","Reviewer_page":"https://www.google.com/maps/contrib/105989735099923368852/reviews?hl=en-US","Review_time":"a year ago","Review":"Just coffee and egg sandwich very tasty","Likes":""},{"Name":"","Category":"","Rating":" 3 stars ","Number_of_Reviews":"","Address":"","Reviewer":"Natalia Turiano","Reviewer_page":"https://www.google.com/maps/contrib/116790355783297806652/reviews?hl=en-US","Review_time":"a year ago","Review":"Always love Starbucks. But today I didn't have a good experience at this location. I got 4 iced machiatos to travel on the bus long distance. I asked for cup holder in bag\nThey didn't have. So only in the bag. Out waiting for the bus. One bag broke. Had to go back. Finally they gave me regular cup tray holder. Have way on bus ride the tray broke too. I is it that this place don't have what is necessary to serve the public. Starbucks is delicious. But it is expensive .","Likes":""},{"Name":"","Category":"","Rating":" 5 stars ","Number_of_Reviews":"","Address":"","Reviewer":"Robin Simon","Reviewer_page":"https://www.google.com/maps/contrib/116134853579555535186/reviews?hl=en-US","Review_time":"10 months ago","Review":"The love them its my favorite","Likes":""},{"Name":"","Category":"","Rating":" 1 star ","Number_of_Reviews":"","Address":"","Reviewer":"Anna Wang","Reviewer_page":"https://www.google.com/maps/contrib/103708972821649458242/reviews?hl=en-US","Review_time":"2 years ago","Review":"Rude. A line of people waiting this afternoon, yet they let the hospital staff just walk up and skip everyone else","Likes":"2"},{"Name":"","Category":"","Rating":" 1 star ","Number_of_Reviews":"","Address":"","Reviewer":"FABOLOUS Djf","Reviewer_page":"https://www.google.com/maps/contrib/116480348218694025600/reviews?hl=en-US","Review_time":"9 months ago","Review":"Terrible Hospital, Terrible service.","Likes":""},{"Name":"","Category":"","Rating":" 5 stars ","Number_of_Reviews":"","Address":"","Reviewer":"Erika L","Reviewer_page":"https://www.google.com/maps/contrib/105830719224172937471/reviews?hl=en-US","Review_time":"2 years ago","Review":"Best Starbucks in Queens baby! 😎","Likes":"1"},{"Name":"","Category":"","Rating":" 5 stars ","Number_of_Reviews":"","Address":"","Reviewer":"Larry Moton","Reviewer_page":"https://www.google.com/maps/contrib/107291044723448928314/reviews?hl=en-US","Review_time":"a year ago","Review":"It's good to have for us","Likes":""},{"Name":"","Category":"","Rating":" 5 stars ","Number_of_Reviews":"","Address":"","Reviewer":"Arnold Ramsaran","Reviewer_page":"https://www.google.com/maps/contrib/114778102904420388501/reviews?hl=en-US","Review_time":"7 months ago","Review":"Nice location","Likes":""},{"Name":"","Category":"","Rating":" 1 star ","Number_of_Reviews":"","Address":"","Reviewer":"Hakim Echeik","Reviewer_page":"https://www.google.com/maps/contrib/117650811451587880204/reviews?hl=en-US","Review_time":"2 years ago","Review":"Worst one around","Likes":"2"},{"Name":"","Category":"","Rating":" 5 stars ","Number_of_Reviews":"","Address":"","Reviewer":"Emmie Gross","Reviewer_page":"https://www.google.com/maps/contrib/100936130402309273770/reviews?hl=en-US","Review_time":"a year ago","Review":"Amazing staff!!","Likes":""},{"Name":"","Category":"","Rating":" 5 stars ","Number_of_Reviews":"","Address":"","Reviewer":"Benjamin A","Reviewer_page":"https://www.google.com/maps/contrib/116928802583163226907/reviews?hl=en-US","Review_time":"a year ago","Review":"Nice place","Likes":""},{"Name":"","Category":"","Rating":" 5 stars ","Number_of_Reviews":"","Address":"","Reviewer":"Carlos Contreras","Reviewer_page":"https://www.google.com/maps/contrib/105462199241308791763/reviews?hl=en-US","Review_time":"8 months ago","Review":"(Translated by Google) excellent products\n\n(Original)\nexcelente productos","Likes":""},{"Name":"","Category":"","Rating":" 5 stars ","Number_of_Reviews":"","Address":"","Reviewer":"jhon f","Reviewer_page":"https://www.google.com/maps/contrib/100733638941941665231/reviews?hl=en-US","Review_time":"a year ago","Review":"(Translated by Google) Good attention\n\n(Original)\nBuena atención","Likes":""},{"Name":"","Category":"","Rating":" 3 stars ","Number_of_Reviews":"","Address":"","Reviewer":"Jose Soto","Reviewer_page":"https://www.google.com/maps/contrib/102204610492354510416/reviews?hl=en-US","Review_time":"3 weeks ago","Review":"","Likes":""},{"Name":"","Category":"","Rating":" 5 stars ","Number_of_Reviews":"","Address":"","Reviewer":"Moniem Farooqi","Reviewer_page":"https://www.google.com/maps/contrib/108132080269310619396/reviews?hl=en-US","Review_time":"a month ago","Review":"","Likes":""},{"Name":"","Category":"","Rating":" 4 stars ","Number_of_Reviews":"","Address":"","Reviewer":"Mohamed Gamal","Reviewer_page":"https://www.google.com/maps/contrib/107510148817802499589/reviews?hl=en-US","Review_time":"a month ago","Review":"","Likes":""},{"Name":"","Category":"","Rating":" 3 stars ","Number_of_Reviews":"","Address":"","Reviewer":"殷勤荣","Reviewer_page":"https://www.google.com/maps/contrib/111859102740922287890/reviews?hl=en-US","Review_time":"11 months ago","Review":"","Likes":""},{"Name":"","Category":"","Rating":" 5 stars ","Number_of_Reviews":"","Address":"","Reviewer":"Devon Ramsingh","Reviewer_page":"https://www.google.com/maps/contrib/109376996773685958042/reviews?hl=en-US","Review_time":"a year ago","Review":"","Likes":""},{"Name":"","Category":"","Rating":" 5 stars ","Number_of_Reviews":"","Address":"","Reviewer":"Yo Ca","Reviewer_page":"https://www.google.com/maps/contrib/106394555548316929986/reviews?hl=en-US","Review_time":"a year ago","Review":"","Likes":""},{"Name":"","Category":"","Rating":" 4 stars ","Number_of_Reviews":"","Address":"","Reviewer":"Zahir Mohamed","Reviewer_page":"https://www.google.com/maps/contrib/117786283509501226684/reviews?hl=en-US","Review_time":"a year ago","Review":"","Likes":""},{"Name":"","Category":"","Rating":" 5 stars ","Number_of_Reviews":"","Address":"","Reviewer":"Gladys Cajilima","Reviewer_page":"https://www.google.com/maps/contrib/115657036834437778163/reviews?hl=en-US","Review_time":"2 years ago","Review":"","Likes":""},{"Name":"","Category":"","Rating":" 5 stars ","Number_of_Reviews":"","Address":"","Reviewer":"Hanna Lee","Reviewer_page":"https://www.google.com/maps/contrib/107956734289884776501/reviews?hl=en-US","Review_time":"2 years ago","Review":"","Likes":""},{"Name":"","Category":"","Rating":" 5 stars ","Number_of_Reviews":"","Address":"","Reviewer":"Rush Life","Reviewer_page":"https://www.google.com/maps/contrib/103572113961145501021/reviews?hl=en-US","Review_time":"a year ago","Review":"","Likes":""},{"Name":"","Category":"","Rating":" 5 stars ","Number_of_Reviews":"","Address":"","Reviewer":"Sunny Singh","Reviewer_page":"https://www.google.com/maps/contrib/102015109423448039896/reviews?hl=en-US","Review_time":"a year ago","Review":"","Likes":""},{"Name":"","Category":"","Rating":" 1 star ","Number_of_Reviews":"","Address":"","Reviewer":"MantisOnMoon","Reviewer_page":"https://www.google.com/maps/contrib/115206256383878662706/reviews?hl=en-US","Review_time":"a year ago","Review":"","Likes":""},{"Name":"","Category":"","Rating":" 4 stars ","Number_of_Reviews":"","Address":"","Reviewer":"Maria Heras","Reviewer_page":"https://www.google.com/maps/contrib/110830312571585958148/reviews?hl=en-US","Review_time":"3 weeks ago","Review":"","Likes":""},{"Name":"","Category":"","Rating":" 5 stars ","Number_of_Reviews":"","Address":"","Reviewer":"norma blanco","Reviewer_page":"https://www.google.com/maps/contrib/117827581765117240768/reviews?hl=en-US","Review_time":"a year ago","Review":"","Likes":""},{"Name":"","Category":"","Rating":" 5 stars ","Number_of_Reviews":"","Address":"","Reviewer":"Marouene Jaziri","Reviewer_page":"https://www.google.com/maps/contrib/104445035470076658716/reviews?hl=en-US","Review_time":"2 years ago","Review":"","Likes":""},{"Name":"","Category":"","Rating":" 5 stars ","Number_of_Reviews":"","Address":"","Reviewer":"JonahDaBoy","Reviewer_page":"https://www.google.com/maps/contrib/112201943718536154041/reviews?hl=en-US","Review_time":"a year ago","Review":"","Likes":""},{"Name":"","Category":"","Rating":" 4 stars ","Number_of_Reviews":"","Address":"","Reviewer":"Ira Strassberg","Reviewer_page":"https://www.google.com/maps/contrib/100995937354756703256/reviews?hl=en-US","Review_time":"a year ago","Review":"","Likes":""},{"Name":"","Category":"","Rating":" 5 stars ","Number_of_Reviews":"","Address":"","Reviewer":"Albanis Tavarez","Reviewer_page":"https://www.google.com/maps/contrib/100785904285808662865/reviews?hl=en-US","Review_time":"5 months ago","Review":"","Likes":""},{"Name":"","Category":"","Rating":" 4 stars ","Number_of_Reviews":"","Address":"","Reviewer":"Albert Eng","Reviewer_page":"https://www.google.com/maps/contrib/115411907258356880109/reviews?hl=en-US","Review_time":"2 years ago","Review":"","Likes":""},{"Name":"","Category":"","Rating":" 4 stars ","Number_of_Reviews":"","Address":"","Reviewer":"Helen Zumaeta","Reviewer_page":"https://www.google.com/maps/contrib/102142473897263742571/reviews?hl=en-US","Review_time":"5 months ago","Review":"","Likes":""},{"Name":"","Category":"","Rating":" 4 stars ","Number_of_Reviews":"","Address":"","Reviewer":"LEGEND DURAND","Reviewer_page":"https://www.google.com/maps/contrib/104149955710869482288/reviews?hl=en-US","Review_time":"a year ago","Review":"","Likes":""},{"Name":"","Category":"","Rating":" 5 stars ","Number_of_Reviews":"","Address":"","Reviewer":"Jerlan Santos","Reviewer_page":"https://www.google.com/maps/contrib/113886964792427646059/reviews?hl=en-US","Review_time":"10 months ago","Review":"","Likes":""},{"Name":"","Category":"","Rating":" 5 stars ","Number_of_Reviews":"","Address":"","Reviewer":"QI WANG","Reviewer_page":"https://www.google.com/maps/contrib/108319388726682702179/reviews?hl=en-US","Review_time":"a year ago","Review":"","Likes":""},{"Name":"","Category":"","Rating":" 5 stars ","Number_of_Reviews":"","Address":"","Reviewer":"Waley Yang","Reviewer_page":"https://www.google.com/maps/contrib/113037272326362828781/reviews?hl=en-US","Review_time":"a year ago","Review":"","Likes":""},{"Name":"","Category":"","Rating":" 4 stars ","Number_of_Reviews":"","Address":"","Reviewer":"migdalia bello","Reviewer_page":"https://www.google.com/maps/contrib/114407738384431902291/reviews?hl=en-US","Review_time":"9 months ago","Review":"","Likes":""},{"Name":"","Category":"","Rating":" 3 stars ","Number_of_Reviews":"","Address":"","Reviewer":"Gladys Agudelo","Reviewer_page":"https://www.google.com/maps/contrib/108359815046392354075/reviews?hl=en-US","Review_time":"a year ago","Review":"","Likes":""}