[{"Name":"","Category":"","Rating":" 1 star ","Number_of_Reviews":"","Address":"","Reviewer":"German Parra","Reviewer_page":"https://www.google.com/maps/contrib/104419528003887425005/reviews?hl=en-US","Review_time":"4 months ago","Review":"$6 bucks down the drain. This tastes like anything except White Chocolate Mocha. Unless I have been served the wrong drink for the past 5000 times in other Starbucks.","Likes":""},{"Name":"","Category":"","Rating":" 3 stars ","Number_of_Reviews":"","Address":"","Reviewer":"Tiffanie Elle","Reviewer_page":"https://www.google.com/maps/contrib/106878683111082244376/reviews?hl=en-US","Review_time":"a month ago","Review":"Love Starbucks but everything I get the matcha latte, it’s always less than the actual siza","Likes":""},{"Name":"","Category":"","Rating":" 2 stars ","Number_of_Reviews":"","Address":"","Reviewer":"Jeri M","Reviewer_page":"https://www.google.com/maps/contrib/114489508435897484973/reviews?hl=en-US","Review_time":"3 months ago","Review":"Don't ever get a Starbucks chocolate \"croissant.\" A Pillsbury crescent roll and a KitKat would be more authentic. And it was $4.50!!! My small iced Coffee was also $4.50.   What a rip off. They got 2 stars because it was really hot outside and the a/c was working. I still have money left on a gift card but I  may not even use it. It was just that bad","Likes":""},{"Name":"","Category":"","Rating":" 5 stars ","Number_of_Reviews":"","Address":"","Reviewer":"Brett","Reviewer_page":"https://www.google.com/maps/contrib/110463542613412211750/reviews?hl=en-US","Review_time":"a month ago","Review":"Spacious Starbucks that's a welcome reprieve from the narrow sidewalks and overcrowding of 82nd St. Well managed store","Likes":""},{"Name":"","Category":"","Rating":" 1 star ","Number_of_Reviews":"","Address":"","Reviewer":"Alfa Foxtrot","Reviewer_page":"https://www.google.com/maps/contrib/107647184113427353886/reviews?hl=en-US","Review_time":"a month ago","Review":"It's getting worse and worse this Starbucks on 82nd, Roosevelt Street doesn't have a lid for the glasses they put a white sticker with glue to cover the glass that is useless because the product spills, other starbucks have the typical green lids, I don't know why what is never here  when you ask for something to go, they charge yiu the bag.  It has less and less things and the employees less and less desire to attend.  The other day I ordered a Lemon Pound Key, and there was none.  I asked for Decaff Coffee and they offer you Americano Decaff... I don't know why they don't close.  For my part, I've had enough, I'm not going anymore.","Likes":""},{"Name":"","Category":"","Rating":" 5 stars ","Number_of_Reviews":"","Address":"","Reviewer":"Tavishi Matthews","Reviewer_page":"https://www.google.com/maps/contrib/104439673488917508947/reviews?hl=en-US","Review_time":"a month ago","Review":"Excellent hot chocolate with whipped cream and delicious lemon cake!  Extremely clean and well-organised inside.","Likes":""},{"Name":"","Category":"","Rating":" 5 stars ","Number_of_Reviews":"","Address":"","Reviewer":"Jb Learner","Reviewer_page":"https://www.google.com/maps/contrib/101544720029155917625/reviews?hl=en-US","Review_time":"7 months ago","Review":"This is one of my favorite SB location.   They have a staff here by the name SHAFFY. Very courteous. Very pleasant when he is assigned at the counter. He makes your day a beautiful day with his smile greetings. .i know their job could be tough at times and on several Occasions i have witnessed how he dealt with difficult and entitled customers. He’s the inly one so far i’ve seen visibly cleaned up the floor and politely asked customers if could sweep underneath their tables . Makes my day complete at SB in this place when he’s around!starbucks is lucky to have him. And oh, i love the chocolate almond milk","Likes":"2"},{"Name":"","Category":"","Rating":" 1 star ","Number_of_Reviews":"","Address":"","Reviewer":"David Young","Reviewer_page":"https://www.google.com/maps/contrib/117329254294625298785/reviews?hl=en-US","Review_time":"5 months ago","Review":"This particular Starbucks was alright as far as being able to relax and enjoy my overpriced juice,but getting one of six clueless ,untrained,new hires to ring up my purchase took me  far too long!!!! …","Likes":""},{"Name":"","Category":"","Rating":" 2 stars ","Number_of_Reviews":"","Address":"","Reviewer":"Eashita Bandyopadhyay","Reviewer_page":"https://www.google.com/maps/contrib/101574580792226303385/reviews?hl=en-US","Review_time":"4 months ago","Review":"The worst starbucks I’ve ever been to. Rude and indifferent servers.. nothing is available. Lemonade was served in paer cups. Ice coffee not available.. order ahead not available.. the list just goes on.","Likes":""},{"Name":"","Category":"","Rating":" 5 stars ","Number_of_Reviews":"","Address":"","Reviewer":"Fernanda Schvarztman","Reviewer_page":"https://www.google.com/maps/contrib/101110528763180665685/reviews?hl=en-US","Review_time":"6 months ago","Review":"The guys at this store are amazing! Very fast and patience l. They always wanna help and if any mistake was made on a drink, they re do it in secs!! Also it is a very nice store with nice tables and cool music. 😎","Likes":""},{"Name":"","Category":"","Rating":" 5 stars ","Number_of_Reviews":"","Address":"","Reviewer":"Ana Sharleen","Reviewer_page":"https://www.google.com/maps/contrib/112147688717229051408/reviews?hl=en-US","Review_time":"3 months ago","Review":"Ambiance is refreshing! Also special shout out to Jackie for being so generous and helpful whenever I come in!! <3","Likes":""},{"Name":"","Category":"","Rating":" 1 star ","Number_of_Reviews":"","Address":"","Reviewer":"Jethro Jacinto","Reviewer_page":"https://www.google.com/maps/contrib/101149063932965263074/reviews?hl=en-US","Review_time":"9 months ago","Review":"I don't always like to write negative reviews but I don't think I've ever had a pleasant visit to a Starbucks without the employee either butchering my order (and my name) or just completely forgetting it altogether and when I do remind them they are the ones to have the nerve to have an attitude that THEY forgot my order while waiting patiently. This location is no different, unfortunately.","Likes":"1"},{"Name":"","Category":"","Rating":" 5 stars ","Number_of_Reviews":"","Address":"","Reviewer":"Benjamin Kamonpanyakul","Reviewer_page":"https://www.google.com/maps/contrib/108148039324195467742/reviews?hl=en-US","Review_time":"5 months ago","Review":"Great place I’m an all night so I like to get refresher drink alway but I probably spent too much on Starbucks 😂","Likes":""},{"Name":"","Category":"","Rating":" 5 stars ","Number_of_Reviews":"","Address":"","Reviewer":"anthony cora","Reviewer_page":"https://www.google.com/maps/contrib/104913486264507630253/reviews?hl=en-US","Review_time":"a year ago","Review":"It was a pleasant visit. It felt like it was located in the middle of nowhere, but when you walk in, they greet you right away, and the atmosphere felt different in there. Starbucks is normally a quiet and calm place, but this one felt a little more relaxed. Also, the staff was very friendly (as in other Starbucks) and was very helpful with helping me with my questions. All in all, it was a good and relaxing visit for me, and that's what I look for in the morning on my day off, coffee and relaxation lol...","Likes":"1"},{"Name":"","Category":"","Rating":" 1 star ","Number_of_Reviews":"","Address":"","Reviewer":"Pepow Memow","Reviewer_page":"https://www.google.com/maps/contrib/111227636961861057157/reviews?hl=en-US","Review_time":"3 months ago","Review":"They leave out items and keep turning off Uber eats when I want to order","Likes":""},{"Name":"","Category":"","Rating":" 5 stars ","Number_of_Reviews":"","Address":"","Reviewer":"A Nolastname","Reviewer_page":"https://www.google.com/maps/contrib/114747629387510830653/reviews?hl=en-US","Review_time":"a year ago","Review":"Staff are always so friendly. This location by far has my favorite baristas. The only complaint is sometimes they can't make certain drink because they don't have all the ingredients, baristas do give you another similar option which is amazing.","Likes":""},{"Name":"","Category":"","Rating":" 5 stars ","Number_of_Reviews":"","Address":"","Reviewer":"Anna J","Reviewer_page":"https://www.google.com/maps/contrib/102540948257147738405/reviews?hl=en-US","Review_time":"a year ago","Review":"Place is clean, big, and staff are friendly. I've been going here quite often to order my drinks. They make a delicious oatmilk brown sugar shaken espresso drink. Highly recommend. Use the app to get perks. I was able to get a venti for free due to a deal Starbucks was offering.","Likes":""},{"Name":"","Category":"","Rating":" 5 stars ","Number_of_Reviews":"","Address":"","Reviewer":"Javier Martinez","Reviewer_page":"https://www.google.com/maps/contrib/101975818366860660899/reviews?hl=en-US","Review_time":"a year ago","Review":"I love Starbucks. Their delicious coffee, pastries, sandwiches, etc. may be a bit on the expensive side, but their food is worth it. Plus the location is clean & the accommodation is welcoming. .... JM.","Likes":""},{"Name":"","Category":"","Rating":" 5 stars ","Number_of_Reviews":"","Address":"","Reviewer":"Dylan Murphy","Reviewer_page":"https://www.google.com/maps/contrib/103402400992001719544/reviews?hl=en-US","Review_time":"6 months ago","Review":"This is a new one and we'll laid out. With the coffee you know and love.","Likes":""},{"Name":"","Category":"","Rating":" 3 stars ","Number_of_Reviews":"","Address":"","Reviewer":"Dar DC","Reviewer_page":"https://www.google.com/maps/contrib/111152248952493234988/reviews?hl=en-US","Review_time":"a year ago","Review":"This one of my favorite starbucks place.It is well maintained,clean and staffs here are very friendly and nice compared to other stores.why 3 stars?becuase lately they have been cutting business hours on spot.and seems that they becoming under staff for the past 2 weeks that ive been frequenting this place.hope they just maintain what service they have during their early days of operation.","Likes":"2"},{"Name":"","Category":"","Rating":" 5 stars ","Number_of_Reviews":"","Address":"","Reviewer":"dianne S","Reviewer_page":"https://www.google.com/maps/contrib/100402643069681210202/reviews?hl=en-US","Review_time":"a year ago","Review":"I have been to this Starbucks 2 times already. It’s near me. The staff are friendly, quick service and of course made great drink. They will definitely see me there more often!","Likes":""},{"Name":"","Category":"","Rating":" 4 stars ","Number_of_Reviews":"","Address":"","Reviewer":"Najam Rashid","Reviewer_page":"https://www.google.com/maps/contrib/111707207533228554883/reviews?hl=en-US","Review_time":"a year ago","Review":"Brand new place. No seating due to Covid. Not so busy on weekend mornings, so you get your stuff pretty fast. Staff is friendly and can hold a good conversation.","Likes":""},{"Name":"","Category":"","Rating":" 5 stars ","Number_of_Reviews":"","Address":"","Reviewer":"Amanda DePasquale","Reviewer_page":"https://www.google.com/maps/contrib/110475970473110446508/reviews?hl=en-US","Review_time":"a year ago","Review":"The workers there are great and efficient! The batista helping me at the register was very friendly and helped suggest a new drink to try and it was delicious. Thank you!","Likes":""},{"Name":"","Category":"","Rating":" 4 stars ","Number_of_Reviews":"","Address":"","Reviewer":"Dylon Gutierrez","Reviewer_page":"https://www.google.com/maps/contrib/107572744177542520963/reviews?hl=en-US","Review_time":"2 months ago","Review":"It was nice having wi fi","Likes":""},{"Name":"","Category":"","Rating":" 5 stars ","Number_of_Reviews":"","Address":"","Reviewer":"Sandy Ochoa","Reviewer_page":"https://www.google.com/maps/contrib/102046764903367169251/reviews?hl=en-US","Review_time":"a year ago","Review":"Love that dinning in is available after showing vaccine card.\n\nJust wish there was a time limit when sitting at a table as there is limited seating.","Likes":"2"},{"Name":"","Category":"","Rating":" 5 stars ","Number_of_Reviews":"","Address":"","Reviewer":"jojo decent","Reviewer_page":"https://www.google.com/maps/contrib/113656921079482052572/reviews?hl=en-US","Review_time":"a year ago","Review":"I, Joanna, share this post on behalf of our 12-persob group: Joanna, Laiki, Veena, Jason, Denise, Lynne, Ramon, Rhonda, Maria, Mitch, DIANA, and Anna.\nThank you: CESAR, SHARIF, and LIZBETH for your superb service characterized by elegance, people's skills, empathy, exceptional barista knowledge, and recognition.\nThank you: CESAR, SHARIF, and LIZBETH for excitement and good time caused by your gifts of the best coffee ever.\nThank you: CESAR, SHARIF, and LIZBETH for the best month of DECEMBER ever when our group enjoyed and cannot wait for lunch time to get the best treat ever.\nThank you: CESAR, SHARIF,  and LIZBETH for a slice of heaven on Earth because of the promotion you gifted us with.\nOur group is convinced that CESAR, SHARIF, and LIZBETH should get a raise and promotion because they are the best in the business.\nWe wish CESAR, SHARIF, and LIZBETH to get sooner than later the CEO/CFO.CSO position in Starbucks company because they deserve that.\nBest wishes and Happy NEW YEAR from you forever friends, XOXO","Likes":""},{"Name":"","Category":"","Rating":" 3 stars ","Number_of_Reviews":"","Address":"","Reviewer":"Margarita Covarrubias","Reviewer_page":"https://www.google.com/maps/contrib/111852261914503600151/reviews?hl=en-US","Review_time":"11 months ago","Review":"Service was great, it was full with no place to sit which is great for business. The bathrooms were dirty though.","Likes":""},{"Name":"","Category":"","Rating":" 5 stars ","Number_of_Reviews":"","Address":"","Reviewer":"SK Mahmuda Suhana","Reviewer_page":"https://www.google.com/maps/contrib/101278565464353940131/reviews?hl=en-US","Review_time":"a year ago","Review":"This is just my place because it’s very nice and friendly. The space also great for Study or journaling. I just love this place♥️","Likes":"1"},{"Name":"","Category":"","Rating":" 2 stars ","Number_of_Reviews":"","Address":"","Reviewer":"A","Reviewer_page":"https://www.google.com/maps/contrib/113039758693105043078/reviews?hl=en-US","Review_time":"7 months ago","Review":"It was my first time going to this Starbucks and they got my order wrong.","Likes":""},{"Name":"","Category":"","Rating":" 2 stars ","Number_of_Reviews":"","Address":"","Reviewer":"Christian Parraga","Reviewer_page":"https://www.google.com/maps/contrib/115186345188769918230/reviews?hl=en-US","Review_time":"a year ago","Review":"This location is becoming rapidly synonymous with getting orders wrong. Doesn't matter if you order them in store or on the app they're going to get your drink wrong","Likes":""},{"Name":"","Category":"","Rating":" 5 stars ","Number_of_Reviews":"","Address":"","Reviewer":"Annie Donahue","Reviewer_page":"https://www.google.com/maps/contrib/102397899002440087015/reviews?hl=en-US","Review_time":"a year ago","Review":"Love getting drinks from here. Mo did a great job with my coffee! Very considerate branch","Likes":"3"},{"Name":"","Category":"","Rating":" 4 stars ","Number_of_Reviews":"","Address":"","Reviewer":"francisco prieto","Reviewer_page":"https://www.google.com/maps/contrib/113099182015237711030/reviews?hl=en-US","Review_time":"11 months ago","Review":"Regular Starbucks. Smaller than other ones nearby, but staff is very good.","Likes":""},{"Name":"","Category":"","Rating":" 5 stars ","Number_of_Reviews":"","Address":"","Reviewer":"Julien Keshishian","Reviewer_page":"https://www.google.com/maps/contrib/109292469829922461409/reviews?hl=en-US","Review_time":"11 months ago","Review":"Cool for being open at 5am. Shouts out to the friendly morning staff!","Likes":"1"},{"Name":"","Category":"","Rating":" 5 stars ","Number_of_Reviews":"","Address":"","Reviewer":"Jaqueline Pozitos","Reviewer_page":"https://www.google.com/maps/contrib/111638489243080132112/reviews?hl=en-US","Review_time":"a year ago","Review":"excellent service this branch is my favorite 👍 they serve you with a big smile","Likes":"2"},{"Name":"","Category":"","Rating":" 2 stars ","Number_of_Reviews":"","Address":"","Reviewer":"Maria Sandoval","Reviewer_page":"https://www.google.com/maps/contrib/115097763924031674062/reviews?hl=en-US","Review_time":"a year ago","Review":"Very disappointed this morning with a vanilla latte.I think it was the barista that has no expirience.Fisrt time that this happens to me.","Likes":""},{"Name":"","Category":"","Rating":" 5 stars ","Number_of_Reviews":"","Address":"","Reviewer":"Janet Aguilar","Reviewer_page":"https://www.google.com/maps/contrib/110821023764141786425/reviews?hl=en-US","Review_time":"a year ago","Review":"The staff are Super super friendly, always so so happy to take care of you &  very polite!!!","Likes":""},{"Name":"","Category":"","Rating":" 5 stars ","Number_of_Reviews":"","Address":"","Reviewer":"J","Reviewer_page":"https://www.google.com/maps/contrib/109729251222318382058/reviews?hl=en-US","Review_time":"a year ago","Review":"Very clean and friendly. Following all safety protocols whenever I stop in.\nGreat addition to the area!","Likes":""},{"Name":"","Category":"","Rating":" 5 stars ","Number_of_Reviews":"","Address":"","Reviewer":"Diana Andrade","Reviewer_page":"https://www.google.com/maps/contrib/101298951754140579905/reviews?hl=en-US","Review_time":"8 months ago","Review":"The iced Cafe Americano is always delicious.","Likes":""},{"Name":"","Category":"","Rating":" 3 stars ","Number_of_Reviews":"","Address":"","Reviewer":"Eleanor Song","Reviewer_page":"https://www.google.com/maps/contrib/107599829413201378751/reviews?hl=en-US","Review_time":"a year ago","Review":"The bathroom is always so dirty and the toilet tissue is never filled back even asking them several times.","Likes":""},{"Name":"","Category":"","Rating":" 5 stars ","Number_of_Reviews":"","Address":"","Reviewer":"jorge pacheco","Reviewer_page":"https://www.google.com/maps/contrib/102516924818276705448/reviews?hl=en-US","Review_time":"a year ago","Review":"Incredibly nice staff, super quick, good location","Likes":""},{"Name":"","Category":"","Rating":" 4 stars ","Number_of_Reviews":"","Address":"","Reviewer":"Frederick Lovett","Reviewer_page":"https://www.google.com/maps/contrib/115858363264922422500/reviews?hl=en-US","Review_time":"5 months ago","Review":"Good coffee and sweets","Likes":""},{"Name":"","Category":"","Rating":" 1 star ","Number_of_Reviews":"","Address":"","Reviewer":"mimi si tou","Reviewer_page":"https://www.google.com/maps/contrib/100887387131101410739/reviews?hl=en-US","Review_time":"a year ago","Review":"Coffee is not good, the place is not busy, manager is angry to the customer.","Likes":""},{"Name":"","Category":"","Rating":" 4 stars ","Number_of_Reviews":"","Address":"","Reviewer":"Longe","Reviewer_page":"https://www.google.com/maps/contrib/118099239355617249554/reviews?hl=en-US","Review_time":"a year ago","Review":"Nice and clean. Reps are friendly and helpful","Likes":""},{"Name":"","Category":"","Rating":" 5 stars ","Number_of_Reviews":"","Address":"","Reviewer":"Zonia Flores","Reviewer_page":"https://www.google.com/maps/contrib/101905597541694970867/reviews?hl=en-US","Review_time":"a year ago","Review":"Go  to get some nice cool drinks.","Likes":""},{"Name":"","Category":"","Rating":" 4 stars ","Number_of_Reviews":"","Address":"","Reviewer":"SYED ALI","Reviewer_page":"https://www.google.com/maps/contrib/110020570388373194675/reviews?hl=en-US","Review_time":"a year ago","Review":"Place Very well maintained, service was great..","Likes":""},{"Name":"","Category":"","Rating":" 1 star ","Number_of_Reviews":"","Address":"","Reviewer":"Majahoum Walou","Reviewer_page":"https://www.google.com/maps/contrib/117560320739711668746/reviews?hl=en-US","Review_time":"11 months ago","Review":"EVERY DELIVERY misses either the drink or food","Likes":"1"},{"Name":"","Category":"","Rating":" 5 stars ","Number_of_Reviews":"","Address":"","Reviewer":"Lando V","Reviewer_page":"https://www.google.com/maps/contrib/113817613451683307264/reviews?hl=en-US","Review_time":"a year ago","Review":"Nice and spacious. Nice to see this here in jack heights","Likes":""},{"Name":"","Category":"","Rating":" 5 stars ","Number_of_Reviews":"","Address":"","Reviewer":"Maria Lissette","Reviewer_page":"https://www.google.com/maps/contrib/112759942617229617570/reviews?hl=en-US","Review_time":"a year ago","Review":"Awesome staff every morning weekdays and weekends","Likes":""},{"Name":"","Category":"","Rating":" 1 star ","Number_of_Reviews":"","Address":"","Reviewer":"Karla Hohl","Reviewer_page":"https://www.google.com/maps/contrib/103923376862426973980/reviews?hl=en-US","Review_time":"4 months ago","Review":"Nasty costumer service!","Likes":""},{"Name":"","Category":"","Rating":" 5 stars ","Number_of_Reviews":"","Address":"","Reviewer":"Corinne Cruz (Kora)","Reviewer_page":"https://www.google.com/maps/contrib/109752998005947976753/reviews?hl=en-US","Review_time":"a year ago","Review":"Best customer service. Very friendly staff.","Likes":""},{"Name":"","Category":"","Rating":" 5 stars ","Number_of_Reviews":"","Address":"","Reviewer":"Diego Lorente","Reviewer_page":"https://www.google.com/maps/contrib/104099211148687330609/reviews?hl=en-US","Review_time":"9 months ago","Review":"Very clean and dry supportive","Likes":""},{"Name":"","Category":"","Rating":" 3 stars ","Number_of_Reviews":"","Address":"","Reviewer":"malcolm hemingway","Reviewer_page":"https://www.google.com/maps/contrib/111206751433617203589/reviews?hl=en-US","Review_time":"a year ago","Review":"runs out of standard drinks and sandwiches","Likes":""},{"Name":"","Category":"","Rating":" 5 stars ","Number_of_Reviews":"","Address":"","Reviewer":"Scott Friend","Reviewer_page":"https://www.google.com/maps/contrib/112857513003851261194/reviews?hl=en-US","Review_time":"a year ago","Review":"Great coffee and danish.","Likes":""},{"Name":"","Category":"","Rating":" 5 stars ","Number_of_Reviews":"","Address":"","Reviewer":"Angelica T.","Reviewer_page":"https://www.google.com/maps/contrib/109489776197852493884/reviews?hl=en-US","Review_time":"a year ago","Review":"The people who work their are honestly sweet","Likes":""},{"Name":"","Category":"","Rating":" 5 stars ","Number_of_Reviews":"","Address":"","Reviewer":"Al Rosu","Reviewer_page":"https://www.google.com/maps/contrib/115102573074164009847/reviews?hl=en-US","Review_time":"a year ago","Review":"Great ice coffee","Likes":""},{"Name":"","Category":"","Rating":" 5 stars ","Number_of_Reviews":"","Address":"","Reviewer":"Dmitriy Chaikovskiy","Reviewer_page":"https://www.google.com/maps/contrib/114226819027133774037/reviews?hl=en-US","Review_time":"9 months ago","Review":"5$ for a cup of coffee Wow !!!!!","Likes":""},{"Name":"","Category":"","Rating":" 5 stars ","Number_of_Reviews":"","Address":"","Reviewer":"Ray Santana","Reviewer_page":"https://www.google.com/maps/contrib/101444115435266696575/reviews?hl=en-US","Review_time":"a year ago","Review":"Hate that it's still no seating...","Likes":""},{"Name":"","Category":"","Rating":" 4 stars ","Number_of_Reviews":"","Address":"","Reviewer":"Ruth Castillo","Reviewer_page":"https://www.google.com/maps/contrib/105433705817206208480/reviews?hl=en-US","Review_time":"a year ago","Review":"☕","Likes":""},{"Name":"","Category":"","Rating":" 4 stars ","Number_of_Reviews":"","Address":"","Reviewer":"Alfonso van Uden","Reviewer_page":"https://www.google.com/maps/contrib/110812520764075497531/reviews?hl=en-US","Review_time":"a year ago","Review":"Good service at all","Likes":""},{"Name":"","Category":"","Rating":" 4 stars ","Number_of_Reviews":"","Address":"","Reviewer":"Cheryl Turnage","Reviewer_page":"https://www.google.com/maps/contrib/105319777495553648244/reviews?hl=en-US","Review_time":"a year ago","Review":"Nice ..","Likes":""},{"Name":"","Category":"","Rating":" 5 stars ","Number_of_Reviews":"","Address":"","Reviewer":"Henry Choi","Reviewer_page":"https://www.google.com/maps/contrib/101211731641215004005/reviews?hl=en-US","Review_time":"a year ago","Review":"Good quick service","Likes":""},{"Name":"","Category":"","Rating":" 5 stars ","Number_of_Reviews":"","Address":"","Reviewer":"Mi Chinex Always Smile","Reviewer_page":"https://www.google.com/maps/contrib/110845533425013621930/reviews?hl=en-US","Review_time":"11 months ago","Review":"Excellent","Likes":""},{"Name":"","Category":"","Rating":" 5 stars ","Number_of_Reviews":"","Address":"","Reviewer":"K Leong (Alterteen)","Reviewer_page":"https://www.google.com/maps/contrib/108620924932990597848/reviews?hl=en-US","Review_time":"a year ago","Review":"Drink, read and rest","Likes":""},{"Name":"","Category":"","Rating":" 1 star ","Number_of_Reviews":"","Address":"","Reviewer":"John Ng","Reviewer_page":"https://www.google.com/maps/contrib/104376284433760702035/reviews?hl=en-US","Review_time":"6 months ago","Review":"Just passing by.","Likes":""},{"Name":"","Category":"","Rating":" 3 stars ","Number_of_Reviews":"","Address":"","Reviewer":"Orellana marco leonardo","Reviewer_page":"https://www.google.com/maps/contrib/113187024057182184219/reviews?hl=en-US","Review_time":"a year ago","Review":"Have to wait for a bit","Likes":""},{"Name":"","Category":"","Rating":" 5 stars ","Number_of_Reviews":"","Address":"","Reviewer":"Olga Santa","Reviewer_page":"https://www.google.com/maps/contrib/101960436512860515103/reviews?hl=en-US","Review_time":"a year ago","Review":"Excellent","Likes":""},{"Name":"","Category":"","Rating":" 5 stars ","Number_of_Reviews":"","Address":"","Reviewer":"me me","Reviewer_page":"https://www.google.com/maps/contrib/108059564837333925065/reviews?hl=en-US","Review_time":"a year ago","Review":"Good","Likes":""},{"Name":"","Category":"","Rating":" 5 stars ","Number_of_Reviews":"","Address":"","Reviewer":"Henry davila","Reviewer_page":"https://www.google.com/maps/contrib/107431623241886454055/reviews?hl=en-US","Review_time":"a year ago","Review":"Super","Likes":""},{"Name":"","Category":"","Rating":" 1 star ","Number_of_Reviews":"","Address":"","Reviewer":"7T. MooN","Reviewer_page":"https://www.google.com/maps/contrib/111400632060183501789/reviews?hl=en-US","Review_time":"a year ago","Review":"Poor","Likes":""},{"Name":"","Category":"","Rating":" 4 stars ","Number_of_Reviews":"","Address":"","Reviewer":"Fargebah lags","Reviewer_page":"https://www.google.com/maps/contrib/114445356032947266077/reviews?hl=en-US","Review_time":"a year ago","Review":"Coffee","Likes":""},{"Name":"","Category":"","Rating":" 1 star ","Number_of_Reviews":"","Address":"","Reviewer":"bacilius 7 (bacilius7)","Reviewer_page":"https://www.google.com/maps/contrib/101787138677637576094/reviews?hl=en-US","Review_time":"3 months ago","Review":"(Translated by Google) They do not prepare the frappuccino well, it was more whipped with ice and without coffee.\n\n(Original)\nNo preparan bien  el frappuccino era más azuzar con hielo y sin café.","Likes":""},{"Name":"","Category":"","Rating":" 2 stars ","Number_of_Reviews":"","Address":"","Reviewer":"Luna Romero","Reviewer_page":"https://www.google.com/maps/contrib/112712114138277003178/reviews?hl=en-US","Review_time":"7 months ago","Review":"(Translated by Google) Today I have an employee who is not kind and he misses me. Because there are always good employees but. Good for one bad. cannot generalize to all\n\n(Original)\nhoy me toco un empleado nada amable y me estraña. Porque siempre hay buenos empleados pero. Bueno poruno malo.  nose puede generalizar atodos","Likes":"1"},{"Name":"","Category":"","Rating":" 2 stars ","Number_of_Reviews":"","Address":"","Reviewer":"Adela Varela","Reviewer_page":"https://www.google.com/maps/contrib/101382838996102017080/reviews?hl=en-US","Review_time":"a year ago","Review":"(Translated by Google) It's good, only for some stressed employees, not all of them are, but today I had one who treated me badly\n\n(Original)\nes bueno solo ppr alguans empleadas estresada no todos son  pero hoy me toco una que me atendió mal","Likes":"1"},{"Name":"","Category":"","Rating":" 1 star ","Number_of_Reviews":"","Address":"","Reviewer":"Jose Muri","Reviewer_page":"https://www.google.com/maps/contrib/100883207653700464983/reviews?hl=en-US","Review_time":"a year ago","Review":"(Translated by Google) The one who attends to the clients makes you wait a long time prefers to be talking with other people\n\n(Original)\nLa qe atiende  alos clientes te ase esperar mucho tiempo prefiere estar ablando con otras personas","Likes":"1"},{"Name":"","Category":"","Rating":" 5 stars ","Number_of_Reviews":"","Address":"","Reviewer":"Luisa Salazar","Reviewer_page":"https://www.google.com/maps/contrib/111278900973882847025/reviews?hl=en-US","Review_time":"7 months ago","Review":"(Translated by Google) I love the attention they give to the client\n\n(Original)\nMe encanta la atención que le dan al cliente","Likes":""},{"Name":"","Category":"","Rating":" 3 stars ","Number_of_Reviews":"","Address":"","Reviewer":"John Becerra","Reviewer_page":"https://www.google.com/maps/contrib/112220003600620987674/reviews?hl=en-US","Review_time":"11 months ago","Review":"(Translated by Google) Very spacious but the cafe more or less\n\n(Original)\nMuy espacioso pero el café más o menos","Likes":""},{"Name":"","Category":"","Rating":" 5 stars ","Number_of_Reviews":"","Address":"","Reviewer":"Hortencia Ortega","Reviewer_page":"https://www.google.com/maps/contrib/117279124883368753759/reviews?hl=en-US","Review_time":"a year ago","Review":"(Translated by Google) Good service 👍👌\n\n(Original)\nBuen servicio 👍👌","Likes":""},{"Name":"","Category":"","Rating":" 5 stars ","Number_of_Reviews":"","Address":"","Reviewer":"القس أمجد عطا خادم الرب","Reviewer_page":"https://www.google.com/maps/contrib/111769559182648007370/reviews?hl=en-US","Review_time":"3 months ago","Review":"(Translated by Google) Because\n\n(Original)\nلان","Likes":""},{"Name":"","Category":"","Rating":" 2 stars ","Number_of_Reviews":"","Address":"","Reviewer":"Policarpo Perez","Reviewer_page":"https://www.google.com/maps/contrib/113933759079340575181/reviews?hl=en-US","Review_time":"10 months ago","Review":"(Translated by Google) Very cheap everything everything you need you have there\n\n(Original)\nMuy barato todo la cosa todo lo que necesitas lo hayas ay","Likes":""},{"Name":"","Category":"","Rating":" 5 stars ","Number_of_Reviews":"","Address":"","Reviewer":"Oswal Zar","Reviewer_page":"https://www.google.com/maps/contrib/113833472159439146329/reviews?hl=en-US","Review_time":"a year ago","Review":"(Translated by Google) Very nice place and good attention.\n\n(Original)\nMuy bonito lugar y buena atención.","Likes":""},{"Name":"","Category":"","Rating":" 5 stars ","Number_of_Reviews":"","Address":"","Reviewer":"Rafael Loyola","Reviewer_page":"https://www.google.com/maps/contrib/107371755132713615217/reviews?hl=en-US","Review_time":"a year ago","Review":"(Translated by Google) Good cold drinks\n\n(Original)\nBuenas bebidas frías","Likes":""},{"Name":"","Category":"","Rating":" 5 stars ","Number_of_Reviews":"","Address":"","Reviewer":"Nilda Olivo","Reviewer_page":"https://www.google.com/maps/contrib/103877467225826113375/reviews?hl=en-US","Review_time":"10 months ago","Review":"(Translated by Google) Excellent\n\n(Original)\nExcelente","Likes":""},{"Name":"","Category":"","Rating":" 5 stars ","Number_of_Reviews":"","Address":"","Reviewer":"Carlos Manzano","Reviewer_page":"https://www.google.com/maps/contrib/115178201821787419874/reviews?hl=en-US","Review_time":"a year ago","Review":"(Translated by Google) Good service\n\n(Original)\nBuen servicio","Likes":""},{"Name":"","Category":"","Rating":" 5 stars ","Number_of_Reviews":"","Address":"","Reviewer":"Javier Torres","Reviewer_page":"https://www.google.com/maps/contrib/113493911823313026274/reviews?hl=en-US","Review_time":"a month ago","Review":"","Likes":""},{"Name":"","Category":"","Rating":" 5 stars ","Number_of_Reviews":"","Address":"","Reviewer":"Mauricio Jimenez","Reviewer_page":"https://www.google.com/maps/contrib/114595253170440414958/reviews?hl=en-US","Review_time":"3 months ago","Review":"","Likes":""},{"Name":"","Category":"","Rating":" 4 stars ","Number_of_Reviews":"","Address":"","Reviewer":"Pawan Khatiwada","Reviewer_page":"https://www.google.com/maps/contrib/113592892332766344168/reviews?hl=en-US","Review_time":"6 months ago","Review":"","Likes":""},{"Name":"","Category":"","Rating":" 5 stars ","Number_of_Reviews":"","Address":"","Reviewer":"Olimpia Almorin","Reviewer_page":"https://www.google.com/maps/contrib/116280239118576583481/reviews?hl=en-US","Review_time":"8 months ago","Review":"","Likes":""},{"Name":"","Category":"","Rating":" 5 stars ","Number_of_Reviews":"","Address":"","Reviewer":"Khoa “Mrasiantran” Tran","Reviewer_page":"https://www.google.com/maps/contrib/117630502653199082854/reviews?hl=en-US","Review_time":"9 months ago","Review":"","Likes":""},{"Name":"","Category":"","Rating":" 5 stars ","Number_of_Reviews":"","Address":"","Reviewer":"dipu bhaiya","Reviewer_page":"https://www.google.com/maps/contrib/111998090972142460558/reviews?hl=en-US","Review_time":"9 months ago","Review":"","Likes":""},{"Name":"","Category":"","Rating":" 5 stars ","Number_of_Reviews":"","Address":"","Reviewer":"Carmita Arequipa","Reviewer_page":"https://www.google.com/maps/contrib/116081983040933742780/reviews?hl=en-US","Review_time":"11 months ago","Review":"","Likes":""},{"Name":"","Category":"","Rating":" 4 stars ","Number_of_Reviews":"","Address":"","Reviewer":"Jackie V","Reviewer_page":"https://www.google.com/maps/contrib/111156881803695336725/reviews?hl=en-US","Review_time":"a year ago","Review":"","Likes":""},{"Name":"","Category":"","Rating":" 4 stars ","Number_of_Reviews":"","Address":"","Reviewer":"Asna Rahman","Reviewer_page":"https://www.google.com/maps/contrib/104218401212021053436/reviews?hl=en-US","Review_time":"a year ago","Review":"","Likes":""},{"Name":"","Category":"","Rating":" 5 stars ","Number_of_Reviews":"","Address":"","Reviewer":"Anibal Galindo","Reviewer_page":"https://www.google.com/maps/contrib/105817550256321747334/reviews?hl=en-US","Review_time":"a year ago","Review":"","Likes":""},{"Name":"","Category":"","Rating":" 5 stars ","Number_of_Reviews":"","Address":"","Reviewer":"Stacey Pierce","Reviewer_page":"https://www.google.com/maps/contrib/114352813237329749674/reviews?hl=en-US","Review_time":"a year ago","Review":"","Likes":""},{"Name":"","Category":"","Rating":" 4 stars ","Number_of_Reviews":"","Address":"","Reviewer":"Danny Bautista","Reviewer_page":"https://www.google.com/maps/contrib/110582586583210600310/reviews?hl=en-US","Review_time":"2 months ago","Review":"","Likes":""},{"Name":"","Category":"","Rating":" 5 stars ","Number_of_Reviews":"","Address":"","Reviewer":"BR Jhomar80","Reviewer_page":"https://www.google.com/maps/contrib/104493226236874972415/reviews?hl=en-US","Review_time":"a year ago","Review":"","Likes":""},{"Name":"","Category":"","Rating":" 5 stars ","Number_of_Reviews":"","Address":"","Reviewer":"Pablo Perez","Reviewer_page":"https://www.google.com/maps/contrib/109409980958147009525/reviews?hl=en-US","Review_time":"2 weeks ago","Review":"","Likes":""},{"Name":"","Category":"","Rating":" 5 stars ","Number_of_Reviews":"","Address":"","Reviewer":"Wet Paint Contemporary","Reviewer_page":"https://www.google.com/maps/contrib/102596978590649317921/reviews?hl=en-US","Review_time":"a year ago","Review":"","Likes":""},{"Name":"","Category":"","Rating":" 5 stars ","Number_of_Reviews":"","Address":"","Reviewer":"Muhammad Khan","Reviewer_page":"https://www.google.com/maps/contrib/109800280805888125778/reviews?hl=en-US","Review_time":"2 years ago","Review":"","Likes":""},{"Name":"","Category":"","Rating":" 5 stars ","Number_of_Reviews":"","Address":"","Reviewer":"Esther Diaz","Reviewer_page":"https://www.google.com/maps/contrib/103756857974323178251/reviews?hl=en-US","Review_time":"a year ago","Review":"","Likes":""},{"Name":"","Category":"","Rating":" 5 stars ","Number_of_Reviews":"","Address":"","Reviewer":"Julian Lopez","Reviewer_page":"https://www.google.com/maps/contrib/111300702739283510389/reviews?hl=en-US","Review_time":"2 years ago","Review":"","Likes":""},{"Name":"","Category":"","Rating":" 5 stars ","Number_of_Reviews":"","Address":"","Reviewer":"scipty ely","Reviewer_page":"https://www.google.com/maps/contrib/115518837408949849717/reviews?hl=en-US","Review_time":"a year ago","Review":"","Likes":""},{"Name":"","Category":"","Rating":" 4 stars ","Number_of_Reviews":"","Address":"","Reviewer":"Natalie D","Reviewer_page":"https://www.google.com/maps/contrib/113686106998930786201/reviews?hl=en-US","Review_time":"9 months ago","Review":"","Likes":""},{"Name":"","Category":"","Rating":" 4 stars ","Number_of_Reviews":"","Address":"","Reviewer":"Omar Rojas","Reviewer_page":"https://www.google.com/maps/contrib/102009763093352123664/reviews?hl=en-US","Review_time":"a year ago","Review":"","Likes":""},{"Name":"","Category":"","Rating":" 5 stars ","Number_of_Reviews":"","Address":"","Reviewer":"Jenny Robles","Reviewer_page":"https://www.google.com/maps/contrib/104638300892939223101/reviews?hl=en-US","Review_time":"a year ago","Review":"","Likes":""},{"Name":"","Category":"","Rating":" 5 stars ","Number_of_Reviews":"","Address":"","Reviewer":"Oscar Alvarez","Reviewer_page":"https://www.google.com/maps/contrib/105587111730120679107/reviews?hl=en-US","Review_time":"a year ago","Review":"","Likes":""},{"Name":"","Category":"","Rating":" 5 stars ","Number_of_Reviews":"","Address":"","Reviewer":"Vero Camacho","Reviewer_page":"https://www.google.com/maps/contrib/103618516762537788694/reviews?hl=en-US","Review_time":"3 months ago","Review":"","Likes":""},{"Name":"","Category":"","Rating":" 5 stars ","Number_of_Reviews":"","Address":"","Reviewer":"Steph Z","Reviewer_page":"https://www.google.com/maps/contrib/110553055767333351274/reviews?hl=en-US","Review_time":"a year ago","Review":"","Likes":""},{"Name":"","Category":"","Rating":" 5 stars ","Number_of_Reviews":"","Address":"","Reviewer":"rs manalo","Reviewer_page":"https://www.google.com/maps/contrib/100504617282044863756/reviews?hl=en-US","Review_time":"2 months ago","Review":"","Likes":""},{"Name":"","Category":"","Rating":" 5 stars ","Number_of_Reviews":"","Address":"","Reviewer":"Benjamin A","Reviewer_page":"https://www.google.com/maps/contrib/116928802583163226907/reviews?hl=en-US","Review_time":"a year ago","Review":"","Likes":""},{"Name":"","Category":"","Rating":" 5 stars ","Number_of_Reviews":"","Address":"","Reviewer":"gabby _","Reviewer_page":"https://www.google.com/maps/contrib/107193728375829297914/reviews?hl=en-US","Review_time":"a year ago","Review":"","Likes":""},{"Name":"","Category":"","Rating":" 4 stars ","Number_of_Reviews":"","Address":"","Reviewer":"Rene Moscoso","Reviewer_page":"https://www.google.com/maps/contrib/102087521698597193212/reviews?hl=en-US","Review_time":"a year ago","Review":"","Likes":""},{"Name":"","Category":"","Rating":" 5 stars ","Number_of_Reviews":"","Address":"","Reviewer":"Dina Bedoya","Reviewer_page":"https://www.google.com/maps/contrib/107177498524555471064/reviews?hl=en-US","Review_time":"a year ago","Review":"","Likes":""},{"Name":"","Category":"","Rating":" 5 stars ","Number_of_Reviews":"","Address":"","Reviewer":"Ishabul Haque","Reviewer_page":"https://www.google.com/maps/contrib/100411487694139040155/reviews?hl=en-US","Review_time":"5 months ago","Review":"","Likes":""},{"Name":"","Category":"","Rating":" 5 stars ","Number_of_Reviews":"","Address":"","Reviewer":"John Uruchima","Reviewer_page":"https://www.google.com/maps/contrib/109762698557264207746/reviews?hl=en-US","Review_time":"a year ago","Review":"","Likes":""},{"Name":"","Category":"","Rating":" 1 star ","Number_of_Reviews":"","Address":"","Reviewer":"Mario Molina","Reviewer_page":"https://www.google.com/maps/contrib/108352745428489682637/reviews?hl=en-US","Review_time":"11 months ago","Review":"","Likes":""},{"Name":"","Category":"","Rating":" 5 stars ","Number_of_Reviews":"","Address":"","Reviewer":"Dulce Morelos","Reviewer_page":"https://www.google.com/maps/contrib/108597495942740464980/reviews?hl=en-US","Review_time":"a year ago","Review":"","Likes":""},{"Name":"","Category":"","Rating":" 5 stars ","Number_of_Reviews":"","Address":"","Reviewer":"Ingrid Frank","Reviewer_page":"https://www.google.com/maps/contrib/116954930534593631922/reviews?hl=en-US","Review_time":"a year ago","Review":"","Likes":""},{"Name":"","Category":"","Rating":" 5 stars ","Number_of_Reviews":"","Address":"","Reviewer":"Michael Martinez","Reviewer_page":"https://www.google.com/maps/contrib/109677804163852808596/reviews?hl=en-US","Review_time":"2 months ago","Review":"","Likes":""},{"Name":"","Category":"","Rating":" 5 stars ","Number_of_Reviews":"","Address":"","Reviewer":"Mary Aguilera","Reviewer_page":"https://www.google.com/maps/contrib/117504414856471256224/reviews?hl=en-US","Review_time":"a year ago","Review":"","Likes":""},{"Name":"","Category":"","Rating":" 4 stars ","Number_of_Reviews":"","Address":"","Reviewer":"Kieran Jara","Reviewer_page":"https://www.google.com/maps/contrib/105931220825404609553/reviews?hl=en-US","Review_time":"10 months ago","Review":"","Likes":""},{"Name":"","Category":"","Rating":" 4 stars ","Number_of_Reviews":"","Address":"","Reviewer":"Diego Flores","Reviewer_page":"https://www.google.com/maps/contrib/117230885627818284148/reviews?hl=en-US","Review_time":"2 months ago","Review":"","Likes":""},{"Name":"","Category":"","Rating":" 5 stars ","Number_of_Reviews":"","Address":"","Reviewer":"Oscar Antonio Salazar Buritica","Reviewer_page":"https://www.google.com/maps/contrib/110858290048560181059/reviews?hl=en-US","Review_time":"3 months ago","Review":"","Likes":""},{"Name":"","Category":"","Rating":" 4 stars ","Number_of_Reviews":"","Address":"","Reviewer":"Elizabet Malan","Reviewer_page":"https://www.google.com/maps/contrib/117189061438137900908/reviews?hl=en-US","Review_time":"6 months ago","Review":"","Likes":""},{"Name":"","Category":"","Rating":" 5 stars ","Number_of_Reviews":"","Address":"","Reviewer":"Giselle Niola","Reviewer_page":"https://www.google.com/maps/contrib/113771823302367145758/reviews?hl=en-US","Review_time":"a year ago","Review":"","Likes":""},{"Name":"","Category":"","Rating":" 5 stars ","Number_of_Reviews":"","Address":"","Reviewer":"Pedro Parra Coronado","Reviewer_page":"https://www.google.com/maps/contrib/113324369009279168800/reviews?hl=en-US","Review_time":"a year ago","Review":"","Likes":""},{"Name":"","Category":"","Rating":" 4 stars ","Number_of_Reviews":"","Address":"","Reviewer":"Val","Reviewer_page":"https://www.google.com/maps/contrib/112052595684322595345/reviews?hl=en-US","Review_time":"a year ago","Review":"","Likes":""},{"Name":"","Category":"","Rating":" 4 stars ","Number_of_Reviews":"","Address":"","Reviewer":"Laura Fajardo","Reviewer_page":"https://www.google.com/maps/contrib/100556210120941260823/reviews?hl=en-US","Review_time":"a year ago","Review":"","Likes":""},{"Name":"","Category":"","Rating":" 5 stars ","Number_of_Reviews":"","Address":"","Reviewer":"Fernando Luna","Reviewer_page":"https://www.google.com/maps/contrib/106807536012588178886/reviews?hl=en-US","Review_time":"a year ago","Review":"","Likes":""},{"Name":"","Category":"","Rating":" 5 stars ","Number_of_Reviews":"","Address":"","Reviewer":"Robert Diaz","Reviewer_page":"https://www.google.com/maps/contrib/106049740467813909352/reviews?hl=en-US","Review_time":"a year ago","Review":"","Likes":""},{"Name":"","Category":"","Rating":" 5 stars ","Number_of_Reviews":"","Address":"","Reviewer":"Ananya Monahan","Reviewer_page":"https://www.google.com/maps/contrib/105235912041141400236/reviews?hl=en-US","Review_time":"a year ago","Review":"","Likes":""},{"Name":"","Category":"","Rating":" 5 stars ","Number_of_Reviews":"","Address":"","Reviewer":"Monica Marulanda","Reviewer_page":"https://www.google.com/maps/contrib/104920627479561520592/reviews?hl=en-US","Review_time":"a year ago","Review":"","Likes":""},{"Name":"","Category":"","Rating":" 5 stars ","Number_of_Reviews":"","Address":"","Reviewer":"Benny Nazario","Reviewer_page":"https://www.google.com/maps/contrib/109919624920809637584/reviews?hl=en-US","Review_time":"a week ago","Review":"","Likes":""},{"Name":"","Category":"","Rating":" 1 star ","Number_of_Reviews":"","Address":"","Reviewer":"Siwar Adventures","Reviewer_page":"https://www.google.com/maps/contrib/117908565822178285618/reviews?hl=en-US","Review_time":"a year ago","Review":"","Likes":""},{"Name":"","Category":"","Rating":" 5 stars ","Number_of_Reviews":"","Address":"","Reviewer":"Juan Taborda","Reviewer_page":"https://www.google.com/maps/contrib/107439834975555179720/reviews?hl=en-US","Review_time":"2 months ago","Review":"","Likes":""},{"Name":"","Category":"","Rating":" 5 stars ","Number_of_Reviews":"","Address":"","Reviewer":"Maribel Marquez","Reviewer_page":"https://www.google.com/maps/contrib/110590925885951008869/reviews?hl=en-US","Review_time":"2 months ago","Review":"","Likes":""},{"Name":"","Category":"","Rating":" 4 stars ","Number_of_Reviews":"","Address":"","Reviewer":"Ivonne Solano","Reviewer_page":"https://www.google.com/maps/contrib/111223773457904185766/reviews?hl=en-US","Review_time":"a year ago","Review":"","Likes":""},{"Name":"","Category":"","Rating":" 4 stars ","Number_of_Reviews":"","Address":"","Reviewer":"Peter Pranata","Reviewer_page":"https://www.google.com/maps/contrib/102012846125435148786/reviews?hl=en-US","Review_time":"5 months ago","Review":"","Likes":""},{"Name":"","Category":"","Rating":" 3 stars ","Number_of_Reviews":"","Address":"","Reviewer":"GD Videos","Reviewer_page":"https://www.google.com/maps/contrib/107782126291117969774/reviews?hl=en-US","Review_time":"a year ago","Review":"","Likes":""},{"Name":"","Category":"","Rating":" 5 stars ","Number_of_Reviews":"","Address":"","Reviewer":"Luis Torres","Reviewer_page":"https://www.google.com/maps/contrib/100360844623270108059/reviews?hl=en-US","Review_time":"a year ago","Review":"","Likes":""},{"Name":"","Category":"","Rating":" 1 star ","Number_of_Reviews":"","Address":"","Reviewer":"Brian Diaz","Reviewer_page":"https://www.google.com/maps/contrib/117107457068829917046/reviews?hl=en-US","Review_time":"6 months ago","Review":"","Likes":""},{"Name":"","Category":"","Rating":" 5 stars ","Number_of_Reviews":"","Address":"","Reviewer":"Maribel","Reviewer_page":"https://www.google.com/maps/contrib/101249591485059350012/reviews?hl=en-US","Review_time":"a year ago","Review":"","Likes":""},{"Name":"","Category":"","Rating":" 5 stars ","Number_of_Reviews":"","Address":"","Reviewer":"Bayron Quillay","Reviewer_page":"https://www.google.com/maps/contrib/113089638530098215885/reviews?hl=en-US","Review_time":"10 months ago","Review":"","Likes":""},{"Name":"","Category":"","Rating":" 4 stars ","Number_of_Reviews":"","Address":"","Reviewer":"Armando Ahumada","Reviewer_page":"https://www.google.com/maps/contrib/103896328497315674351/reviews?hl=en-US","Review_time":"a month ago","Review":"","Likes":""},{"Name":"","Category":"","Rating":" 4 stars ","Number_of_Reviews":"","Address":"","Reviewer":"Raul Benchocron","Reviewer_page":"https://www.google.com/maps/contrib/100826497540364951796/reviews?hl=en-US","Review_time":"6 months ago","Review":"","Likes":""},{"Name":"","Category":"","Rating":" 5 stars ","Number_of_Reviews":"","Address":"","Reviewer":"Lourdes Molina","Reviewer_page":"https://www.google.com/maps/contrib/102602920197176227610/reviews?hl=en-US","Review_time":"a year ago","Review":"","Likes":""},{"Name":"","Category":"","Rating":" 5 stars ","Number_of_Reviews":"","Address":"","Reviewer":"Gumowa Kaczuszka","Reviewer_page":"https://www.google.com/maps/contrib/105371160038148877972/reviews?hl=en-US","Review_time":"a year ago","Review":"","Likes":""},{"Name":"","Category":"","Rating":" 4 stars ","Number_of_Reviews":"","Address":"","Reviewer":"Xiomara Aguirre","Reviewer_page":"https://www.google.com/maps/contrib/108527114550213665305/reviews?hl=en-US","Review_time":"a year ago","Review":"","Likes":""},{"Name":"","Category":"","Rating":" 5 stars ","Number_of_Reviews":"","Address":"","Reviewer":"PATTY CEPEDA","Reviewer_page":"https://www.google.com/maps/contrib/106449616035661672696/reviews?hl=en-US","Review_time":"a year ago","Review":"","Likes":""},{"Name":"","Category":"","Rating":" 5 stars ","Number_of_Reviews":"","Address":"","Reviewer":"JEAN LUNA","Reviewer_page":"https://www.google.com/maps/contrib/108956489774924034242/reviews?hl=en-US","Review_time":"a year ago","Review":"","Likes":""},{"Name":"","Category":"","Rating":" 5 stars ","Number_of_Reviews":"","Address":"","Reviewer":"sw33ts88","Reviewer_page":"https://www.google.com/maps/contrib/112700622110505027503/reviews?hl=en-US","Review_time":"9 months ago","Review":"","Likes":""},{"Name":"","Category":"","Rating":" 5 stars ","Number_of_Reviews":"","Address":"","Reviewer":"Jesús López","Reviewer_page":"https://www.google.com/maps/contrib/114702727568960479993/reviews?hl=en-US","Review_time":"a year ago","Review":"","Likes":""},{"Name":"","Category":"","Rating":" 5 stars ","Number_of_Reviews":"","Address":"","Reviewer":"Sabiha Chowdhury","Reviewer_page":"https://www.google.com/maps/contrib/111337611368804382053/reviews?hl=en-US","Review_time":"a month ago","Review":"","Likes":""},{"Name":"","Category":"","Rating":" 5 stars ","Number_of_Reviews":"","Address":"","Reviewer":"Florencio Manuel Vargas Castillo","Reviewer_page":"https://www.google.com/maps/contrib/109383474973716795442/reviews?hl=en-US","Review_time":"a year ago","Review":"","Likes":""},{"Name":"","Category":"","Rating":" 5 stars ","Number_of_Reviews":"","Address":"","Reviewer":"Juan j Solorzano","Reviewer_page":"https://www.google.com/maps/contrib/106741936495700935578/reviews?hl=en-US","Review_time":"a year ago","Review":"","Likes":""},{"Name":"","Category":"","Rating":" 5 stars ","Number_of_Reviews":"","Address":"","Reviewer":"Guadalupe condado","Reviewer_page":"https://www.google.com/maps/contrib/107674858620118413287/reviews?hl=en-US","Review_time":"a year ago","Review":"","Likes":""},{"Name":"","Category":"","Rating":" 5 stars ","Number_of_Reviews":"","Address":"","Reviewer":"DIAMOND","Reviewer_page":"https://www.google.com/maps/contrib/113625806530254005893/reviews?hl=en-US","Review_time":"7 months ago","Review":"","Likes":""},{"Name":"","Category":"","Rating":" 5 stars ","Number_of_Reviews":"","Address":"","Reviewer":"zulma cepeda","Reviewer_page":"https://www.google.com/maps/contrib/100306935783045766776/reviews?hl=en-US","Review_time":"9 months ago","Review":"","Likes":""},{"Name":"","Category":"","Rating":" 1 star ","Number_of_Reviews":"","Address":"","Reviewer":"Miguel Lucero","Reviewer_page":"https://www.google.com/maps/contrib/113779711154487086569/reviews?hl=en-US","Review_time":"a year ago","Review":"","Likes":""},{"Name":"","Category":"","Rating":" 5 stars ","Number_of_Reviews":"","Address":"","Reviewer":"jenny Navarrete","Reviewer_page":"https://www.google.com/maps/contrib/116969980045876213188/reviews?hl=en-US","Review_time":"a year ago","Review":"","Likes":""},{"Name":"","Category":"","Rating":" 5 stars ","Number_of_Reviews":"","Address":"","Reviewer":"N S Rivera","Reviewer_page":"https://www.google.com/maps/contrib/104176652003545893258/reviews?hl=en-US","Review_time":"a year ago","Review":"","Likes":""},{"Name":"","Category":"","Rating":" 5 stars ","Number_of_Reviews":"","Address":"","Reviewer":"Leonardo Ynfante Ramos","Reviewer_page":"https://www.google.com/maps/contrib/118063706144565165123/reviews?hl=en-US","Review_time":"8 months ago","Review":"","Likes":""},{"Name":"","Category":"","Rating":" 4 stars ","Number_of_Reviews":"","Address":"","Reviewer":"Yara Crespo","Reviewer_page":"https://www.google.com/maps/contrib/108317526676505916063/reviews?hl=en-US","Review_time":"a year ago","Review":"","Likes":""},{"Name":"","Category":"","Rating":" 5 stars ","Number_of_Reviews":"","Address":"","Reviewer":"Anyolina Ovalle","Reviewer_page":"https://www.google.com/maps/contrib/109586912783695007374/reviews?hl=en-US","Review_time":"3 months ago","Review":"","Likes":""},{"Name":"","Category":"","Rating":" 4 stars ","Number_of_Reviews":"","Address":"","Reviewer":"Wendy E.","Reviewer_page":"https://www.google.com/maps/contrib/112126403529350582381/reviews?hl=en-US","Review_time":"11 months ago","Review":"","Likes":""},{"Name":"","Category":"","Rating":" 5 stars ","Number_of_Reviews":"","Address":"","Reviewer":"Viviana Torres","Reviewer_page":"https://www.google.com/maps/contrib/106303294475634000847/reviews?hl=en-US","Review_time":"9 months ago","Review":"","Likes":""},{"Name":"","Category":"","Rating":" 5 stars ","Number_of_Reviews":"","Address":"","Reviewer":"Whokid Vega","Reviewer_page":"https://www.google.com/maps/contrib/102761621335483534700/reviews?hl=en-US","Review_time":"a year ago","Review":"","Likes":""}