[{"Name":"","Category":"","Rating":" 5 stars ","Number_of_Reviews":"","Address":"","Reviewer":"Lisa Li","Reviewer_page":"https://www.google.com/maps/contrib/100379036548770494069/reviews?hl=en-US","Review_time":"4 weeks ago","Review":"I really appreciate the friendly staff here. I overheard the workers talking about a new hire that just left her first shift. They all said such wonderful things about her. Not just her work, but how sweet they think she is. This place always has great staff that work hard during peak hours. The only downside is the bathroom. But it's expected since they seem to always consistently be busy.","Likes":""},{"Name":"","Category":"","Rating":" 4 stars ","Number_of_Reviews":"","Address":"","Reviewer":"Natalya Vershinina","Reviewer_page":"https://www.google.com/maps/contrib/115695596376102216575/reviews?hl=en-US","Review_time":"4 months ago","Review":"Starbucks on Austin street connected right to Target so if you tired to shop stop by and relax in nice spacious place","Likes":""},{"Name":"","Category":"","Rating":" 5 stars ","Number_of_Reviews":"","Address":"","Reviewer":"Nikki Nicole","Reviewer_page":"https://www.google.com/maps/contrib/103024740417925626811/reviews?hl=en-US","Review_time":"2 months ago","Review":"This location gets pretty busy, but the staff is great. Gil the barista was patient with us when we asked for a cup of water with our order! Thanks Gil.","Likes":""},{"Name":"","Category":"","Rating":" 3 stars ","Number_of_Reviews":"","Address":"","Reviewer":"Anna Hunter","Reviewer_page":"https://www.google.com/maps/contrib/112458196685526323097/reviews?hl=en-US","Review_time":"3 months ago","Review":"Service was quick and helpful.\nHowever, the shop could have been cleaner & bathrooms cleaned with tp.\nCustomers are buying something to eat, it is possible to use the facilities too. For better service overall a cleaner shop & bathroom.","Likes":""},{"Name":"","Category":"","Rating":" 5 stars ","Number_of_Reviews":"","Address":"","Reviewer":"K L","Reviewer_page":"https://www.google.com/maps/contrib/104877517649378080088/reviews?hl=en-US","Review_time":"4 months ago","Review":"Very friendly employees at this locatuon. From cashier to baristas, they were cleaning and quick with their drink expediting. Satisfied more than any other starbucks in queens ive been to post pandemic. Thank you to the amazing team there","Likes":""},{"Name":"","Category":"","Rating":" 5 stars ","Number_of_Reviews":"","Address":"","Reviewer":"Tihira Haffoney","Reviewer_page":"https://www.google.com/maps/contrib/104725324540264322269/reviews?hl=en-US","Review_time":"4 months ago","Review":"Starbucks on Austin Street is one of the best there is for customer service , in or out the store. The staff is always so friendly , patient and caring especially during the pandemic !!! They personalized the delivery bags with a smile ! They never got one of my order wrong . I ' ve been a customer for over 3 years in store( Tihira) and Uber Eats ( Uni)! They get an outstanding !!!","Likes":""},{"Name":"","Category":"","Rating":" 5 stars ","Number_of_Reviews":"","Address":"","Reviewer":"Michael Wechsler","Reviewer_page":"https://www.google.com/maps/contrib/112506134121075092652/reviews?hl=en-US","Review_time":"3 years ago","Review":"Very friendly baristas and reasonably good seating in a small Starbucks, probably chairs for 2 dozen people. Be aware that it's often full although the line is usually never too long. It's located next to the Target store which is why foot traffic is probably largest in the neighborhood. Whole beans and special coffees are sold here, although in limited supply compared to large stores. This is a larger store than the one that exists on 71st Street and Continental avenue, which doesn't feature much seating.","Likes":""},{"Name":"","Category":"","Rating":" 1 star ","Number_of_Reviews":"","Address":"","Reviewer":"Evel C","Reviewer_page":"https://www.google.com/maps/contrib/106063006284786326728/reviews?hl=en-US","Review_time":"5 months ago","Review":"The workers there were very rude and unprofessional. They always ignore my inquiries and treat me unfriendly, after the hard-time communication with the cashier they even forgot my drink....","Likes":"2"},{"Name":"","Category":"","Rating":" 1 star ","Number_of_Reviews":"","Address":"","Reviewer":"Sergey Leusenko","Reviewer_page":"https://www.google.com/maps/contrib/112036804953000230096/reviews?hl=en-US","Review_time":"a month ago","Review":"Very poor service.  2 weeks no almond milk,  no spinach wraps.   And very rude staff","Likes":""},{"Name":"","Category":"","Rating":" 5 stars ","Number_of_Reviews":"","Address":"","Reviewer":"Billie Samm","Reviewer_page":"https://www.google.com/maps/contrib/107623170049197999712/reviews?hl=en-US","Review_time":"4 years ago","Review":"10/1 whomever the young man at the cash regtis thank you for recommending the dragon fruit tea. I'm in love💚. Customer service skills are A1. Glad I ordered the larg …","Likes":""},{"Name":"","Category":"","Rating":" 1 star ","Number_of_Reviews":"","Address":"","Reviewer":"Bruja Luxury","Reviewer_page":"https://www.google.com/maps/contrib/114182565497654977145/reviews?hl=en-US","Review_time":"a year ago","Review":"This location is clearly incompetent. My order clearly stated STEAMED HOT. Instead I received it cold. I didn't want it cold. I reordered it again hot and tried to call the store to ensure they got it correct this time and nobody answered the phone. Clearly incompetent. This store may be okay when you do a walk up but they are clearly incompetent when you are ordering it online. Ridiculous. I really wish Starbucks would use another carrier like DoorDash.","Likes":""},{"Name":"","Category":"","Rating":" 2 stars ","Number_of_Reviews":"","Address":"","Reviewer":"Gabriel Rosas","Reviewer_page":"https://www.google.com/maps/contrib/117702766223433767506/reviews?hl=en-US","Review_time":"a year ago","Review":"I come here very often as a regular, due to this being the closest location to my work place. Very disappointing customer experience this morning. Don’t know the employee’s name, but that’s the least of importance now. I placed a mobile order and they didn’t have it apparently. was basically ignored, was given my drink without a straw?! so I asked but she must not have heard me, or ignored my request, and then was called out for it when I proceeded to get my own straw. The employees here are usually fine. but the lady this morning needs to get her customer service skills in check before coming into work.","Likes":"4"},{"Name":"","Category":"","Rating":" 5 stars ","Number_of_Reviews":"","Address":"","Reviewer":"Felix Gato","Reviewer_page":"https://www.google.com/maps/contrib/100491555156682510069/reviews?hl=en-US","Review_time":"7 months ago","Review":"Love this Starbucks all the barista are super nice and the place is clean. Thanks to Liam for making my drink as I made it up after trying the ones Starbucks has. Kat thanks for being super friendly and helping with the order.\n\nGreat staff here always.","Likes":"2"},{"Name":"","Category":"","Rating":" 5 stars ","Number_of_Reviews":"","Address":"","Reviewer":"Anne Arato","Reviewer_page":"https://www.google.com/maps/contrib/101622129246661437732/reviews?hl=en-US","Review_time":"8 months ago","Review":"Came for Peach Herb tea and a Blueberry scone. Great customer service. This one has door into a Target Express.","Likes":""},{"Name":"","Category":"","Rating":" 5 stars ","Number_of_Reviews":"","Address":"","Reviewer":"Ben Gonzalez","Reviewer_page":"https://www.google.com/maps/contrib/104069199867308096133/reviews?hl=en-US","Review_time":"6 months ago","Review":"Excellent.\nVery pleasant experience.\nFriendly helpful staff\nHighly recommend\n👍😊","Likes":""},{"Name":"","Category":"","Rating":" 5 stars ","Number_of_Reviews":"","Address":"","Reviewer":"Shondell Martin","Reviewer_page":"https://www.google.com/maps/contrib/111271990281349576231/reviews?hl=en-US","Review_time":"a year ago","Review":"Im very big on customer service and the employees at this starbuck \"GIL\" and i didnt get the other gentlemans name he was the cashier...but can i just customer service was Starbucks expected quality and service..... i made a boo boo on my order and they rectified it in such a great manner that it made my day..... I hope their manager and the Starbucks corporation recognize them for doing their job at the highest standard. I look forward to spending my money at this establishment as it worthy of every penny. Thank you again guys","Likes":""},{"Name":"","Category":"","Rating":" 5 stars ","Number_of_Reviews":"","Address":"","Reviewer":"Pete R","Reviewer_page":"https://www.google.com/maps/contrib/110025650238814612254/reviews?hl=en-US","Review_time":"3 years ago","Review":"Nice and cozy place , needs more seats and tables. Stuff and managment is friendly and great at helping customers quick without any delays.  No parking,  so you need to walk or park in adjacent parking spaces  otherwise the place is nice I would certainly recommend this starbucks to my family and friends to try their coffee and other hot drinks.","Likes":"1"},{"Name":"","Category":"","Rating":" 4 stars ","Number_of_Reviews":"","Address":"","Reviewer":"Georgianna Meditz","Reviewer_page":"https://www.google.com/maps/contrib/112265051871920697389/reviews?hl=en-US","Review_time":"a year ago","Review":"Food was good.  Cappuccino was very good but mostly foam.\nDid not ask to see our vaccination card.","Likes":""},{"Name":"","Category":"","Rating":" 5 stars ","Number_of_Reviews":"","Address":"","Reviewer":"Christopher Becker","Reviewer_page":"https://www.google.com/maps/contrib/115338061091434120901/reviews?hl=en-US","Review_time":"9 months ago","Review":"Love this location and the people are super friendly, efficient and welcoming. I couldn’t ask for a better experience from Starbucks.","Likes":""},{"Name":"","Category":"","Rating":" 4 stars ","Number_of_Reviews":"","Address":"","Reviewer":"Nive Algoo","Reviewer_page":"https://www.google.com/maps/contrib/118147300553453948455/reviews?hl=en-US","Review_time":"3 years ago","Review":"The staff are very friendly but the manager in the morning is cold. Clean bathrooms. Not enough seats and plugs for your tech. But hey, it's still Starbucks so I give them 4 stars.","Likes":""},{"Name":"","Category":"","Rating":" 1 star ","Number_of_Reviews":"","Address":"","Reviewer":"J N","Reviewer_page":"https://www.google.com/maps/contrib/106925137219422697230/reviews?hl=en-US","Review_time":"a year ago","Review":"Staff here is really friendly but not to sure what management is doing here. Sat 3:41pm big line only 2 workers. This place always seems to be under staff. Really the only reason why I give a 1 star but who wants to wait on a big line with only 2 workers working.","Likes":"1"},{"Name":"","Category":"","Rating":" 2 stars ","Number_of_Reviews":"","Address":"","Reviewer":"Kenneth Bollwerk","Reviewer_page":"https://www.google.com/maps/contrib/117644271998322614838/reviews?hl=en-US","Review_time":"a year ago","Review":"Starbucks is Starbucks, but you would think a franchise place like this would take care of their customer base and allow them to use the restroom. After I made a purchase for my friend and myself, I asked to use the restroom but they said \"sorry it is closed because of Covid.\" You shouldn't be open at all if you are worried about Covid to begin with . I was directed to go to Target next door for the closest public restroom. A simple thing like this will not bring my business to this store anymore.","Likes":"2"},{"Name":"","Category":"","Rating":" 1 star ","Number_of_Reviews":"","Address":"","Reviewer":"DARYL BELL","Reviewer_page":"https://www.google.com/maps/contrib/111124475919733416975/reviews?hl=en-US","Review_time":"4 years ago","Review":"not a great spot. the manager is there late nights. the staff take advantage of the fact that most of these students are not confrontational so they try to intimidate. they turn the music off 30 minutes before closing. then the employees constantly yell across the room to  the students every 5 minutes up until close time saying \"25 min until closing. 20 minutes until closing, 15 min till closing. etc \" this has happened on several occasions to the point if you don't acknowledge the manager as she yells across to you, she walks up to you in a sarcastic tone and says \" reminder we close in ... minutes\"The manager has had a few bad encounters with my friend , yelling at her for grabbing one of the spices off the counter??random other things .  the manager is really not professional. i have given them many  chances but i don't think ill be going here again. plus seating is limited.  Starbucks Company , you  should definitely do a quality rating on this store!!","Likes":"3"},{"Name":"","Category":"","Rating":" 5 stars ","Number_of_Reviews":"","Address":"","Reviewer":"Jorge Lievanos","Reviewer_page":"https://www.google.com/maps/contrib/104755163624794864553/reviews?hl=en-US","Review_time":"a year ago","Review":"Super amazing service. The staff were very polite and friendly. The person In front ( I think his name tag said Chris) was very outgoing and friendly. Overall the whole staff were amazing.","Likes":""},{"Name":"","Category":"","Rating":" 5 stars ","Number_of_Reviews":"","Address":"","Reviewer":"Martha B","Reviewer_page":"https://www.google.com/maps/contrib/100435925804364835594/reviews?hl=en-US","Review_time":"7 months ago","Review":"Fast service, very polite staff! Enough seating with outlets.","Likes":""},{"Name":"","Category":"","Rating":" 5 stars ","Number_of_Reviews":"","Address":"","Reviewer":"John Farrell","Reviewer_page":"https://www.google.com/maps/contrib/116631016606331817997/reviews?hl=en-US","Review_time":"7 months ago","Review":"Had a surprisingly great experience with delightful Deebs who assisted us. Cheers to her.","Likes":""},{"Name":"","Category":"","Rating":" 1 star ","Number_of_Reviews":"","Address":"","Reviewer":"Jennifer Martinez","Reviewer_page":"https://www.google.com/maps/contrib/106246659093155061598/reviews?hl=en-US","Review_time":"4 years ago","Review":"Cookies taste old and hard. I’ve worked for starbarks in my younger years, cookies are supposed to be fresh and moist. When I asked the cashier to change it for me (after having tasted it) she asked if I wanted her to heat it up to be softer. I declined and asked for another. (It does not need to be heated up to be moist). She gave me another one that tasted the same. Stale. So I asked to heat to have it heated up. She wouldn’t do it for me. How were you going to do it for me before but not now? Not coming back here. Go somewhere else.","Likes":"2"},{"Name":"","Category":"","Rating":" 4 stars ","Number_of_Reviews":"","Address":"","Reviewer":"Barbara Olski","Reviewer_page":"https://www.google.com/maps/contrib/103792847371569672118/reviews?hl=en-US","Review_time":"4 years ago","Review":"Clean store, friendly people, regular Starbucks prices. They stop serving dark roast at 10 AM. The store is visible from traffic with 1 entry door big enough for a walker or wheelchair. The only parking is metered street parking.\nThere are about a dozen tables with wifi and some have charging plugs. The store carries a limited amount of coffee beans and prepared sandwiches/bistro boxes and Lots of overpriced drinking bottles and mugs.\nI recommend for the coffee.","Likes":""},{"Name":"","Category":"","Rating":" 2 stars ","Number_of_Reviews":"","Address":"","Reviewer":"Eva Linda","Reviewer_page":"https://www.google.com/maps/contrib/101126252224538551660/reviews?hl=en-US","Review_time":"4 years ago","Review":"Today I went in for the Frappuccino Happy Hour at 3:28 pm, and I also ordered a scone. Came out to $8.68 but received no receipt to double-check prices. When I checked it against my Starbucks app, it turns out I'd been charged full price for a grande ultimate caramel Frap, which is why it came out to so much. Went up to same lady at counter, who rang my order up again, only with the correct charges this time. This transaction happened at 3:31 pm. Printer was down, one barista said, and retook everyone's orders manually. As I stood and waited, I saw many mobile orders coming through, being left on the counter for people who came in up to 10 minutes later to claim. But when I started seeing people who came in AFTER me and waited less time before getting their order, I knew there was a problem. At 3:51 pm, I still had no Frap. Went up to the register once again, and when they pretended not to see me and were taking newer customers, I had to vent and let everyone there have it. A 20-25 minute wait for a simple beverage should not be something that happens, EVER, at any Starbucks. I should've been issued an apology, but instead got an attitude from the person who took my order. This only set me off even more. Worst customer service, ever at this location. Slow, I can accommodate for, but neglectful, rude service, not so much. Two stars for the scone.","Likes":"2"},{"Name":"","Category":"","Rating":" 4 stars ","Number_of_Reviews":"","Address":"","Reviewer":"Katie M","Reviewer_page":"https://www.google.com/maps/contrib/113281184721216974027/reviews?hl=en-US","Review_time":"5 years ago","Review":"This place is pretty nice, lots of seating. Grabbed a coffee and snacks while I waited for my car to get repaired a few blocks down. Free WiFi! Staff is friendly, they didn't announce when my drinks were done, so watch for that. Nice place!","Likes":""},{"Name":"","Category":"","Rating":" 3 stars ","Number_of_Reviews":"","Address":"","Reviewer":"Mr. Shillington","Reviewer_page":"https://www.google.com/maps/contrib/101330433632764319568/reviews?hl=en-US","Review_time":"4 years ago","Review":"Except for the glitch with the register printing my receipt, the sandwich was soooooooo delicious. The bun was fresh, the meat and egg was cooked to perfection. The blue mountain coffee was not as I remembered it.  It might be a blend compared to the duty-freevcoffee I bought in the Caribbean.  It would be helpful if you could email your receipt.","Likes":""},{"Name":"","Category":"","Rating":" 1 star ","Number_of_Reviews":"","Address":"","Reviewer":"kevin tsui","Reviewer_page":"https://www.google.com/maps/contrib/111902156928244971298/reviews?hl=en-US","Review_time":"4 years ago","Review":"Generally, staffs at this location are pretty friendly.\nIt’s not the first time I had a ‘debate’ with a Starbucks barista regarding the volume of my own personal 12oz mug. Only on this visit the barista told me my mug is 16oz just gave me a 8-10oz worth of a tall latte. After insisted, the barista reluctantly filled up my mug to it’s capacity and slammed the container down.\n\nThen again, it happened before the ‘sensitivity’ training…\n\nPersonal mug discount.","Likes":"1"},{"Name":"","Category":"","Rating":" 4 stars ","Number_of_Reviews":"","Address":"","Reviewer":"Julia O","Reviewer_page":"https://www.google.com/maps/contrib/108881647736738276278/reviews?hl=en-US","Review_time":"4 years ago","Review":"This location is spacious for the area. It's attached to a mini Target, but also has a separate entrance and feels more like a standalone Starbucks. The staff here are quick and friendly enough. The bathrooms are pretty gross and not inline with the cleanliness that Starbucks typically maintains - then again, many places in this area offer no bathrooms, so it's a step up from the side alleyway.\n\nThere are a few steps down from the entrance to the main area, but is still wheelchair/stroller accessible via 2 options. One is a platform elevator that I've never seen in use and is blocked by the garbage cans. The other is a long ramp accessible from the Target entrance (which then requires you to zig zag the width of the Target to get to the Starbucks.","Likes":""},{"Name":"","Category":"","Rating":" 5 stars ","Number_of_Reviews":"","Address":"","Reviewer":"Yoselin Pena","Reviewer_page":"https://www.google.com/maps/contrib/108844542824752454917/reviews?hl=en-US","Review_time":"a year ago","Review":"The lady that helped me was very helpful in helping pick a coffee that I was going to like I also love the pumpkin spice nut bread it's very soft and delicious.","Likes":""},{"Name":"","Category":"","Rating":" 1 star ","Number_of_Reviews":"","Address":"","Reviewer":"Stephanie","Reviewer_page":"https://www.google.com/maps/contrib/108053242794767600299/reviews?hl=en-US","Review_time":"5 years ago","Review":"Avoid!!!! There's a Starbucks around corner that I've never been to but it can't be worse than this.\n\nFirst, I asked about a pour over: A rude barista who wasn't even taking my order picked which pour over coffee to have, interrupting me while I was deciding. She didn't give me a chance to discuss.\n\nI was okay with that. Then about 30 minutes later I go to get a refill. She was very nasty to a man in front of me but I assumed that he probably did something deserved of it, giving her benefit of doubt and not him (dumb I know). Then I ordered a peppermint tea. I hadn't ordered tea from Starbucks in a few months and I remembers there were various mint teas so I asked if she gave me just mint or one that's mixed. She said, \"I don't know what you're talking about but we don't mix teas.\" I said, \"some of them come that way.\" She continued to be obnoxious. I mouthed off to her and she went on to the next order.\n\nA super sweet male baristo completed my order sincerely and thoroughly. I actually feel bad cus I put him in the middle by requesting her name :(\n\nUnless you have weird focusing orefeeences, getting work here is useless. If u are just going to sit down quickly there are better places in the area (even if they all are pretty lame anyway this is bottom barrel).","Likes":"1"},{"Name":"","Category":"","Rating":" 3 stars ","Number_of_Reviews":"","Address":"","Reviewer":"Alvaro Egas","Reviewer_page":"https://www.google.com/maps/contrib/109372115378912295030/reviews?hl=en-US","Review_time":"10 months ago","Review":"Stood in line no one took my order. Other people came in took their order. Go figure.\nUpdate: I have been here 2 more times and staff is so not polite at all.","Likes":""},{"Name":"","Category":"","Rating":" 5 stars ","Number_of_Reviews":"","Address":"","Reviewer":"D","Reviewer_page":"https://www.google.com/maps/contrib/114035789833177148385/reviews?hl=en-US","Review_time":"a month ago","Review":"Great breakfast and coffee","Likes":""},{"Name":"","Category":"","Rating":" 4 stars ","Number_of_Reviews":"","Address":"","Reviewer":"Jim Ryan","Reviewer_page":"https://www.google.com/maps/contrib/110344283172678365745/reviews?hl=en-US","Review_time":"5 years ago","Review":"It's Starbucks, so get over it. It is like every other Starbuck throughout the Universe. They serve Coffee and some food. Other than the coffee, nothing is really cooked on location, unless it can be micro-waved or ReHeated. Coffee is good.\nWe arrived before 8AM on a Sunday for a Google Guides Meet-up. ALl the tables were taken by folks using thir computers. At 8 {FREAKING} AM! No Less!","Likes":""},{"Name":"","Category":"","Rating":" 4 stars ","Number_of_Reviews":"","Address":"","Reviewer":"j gram","Reviewer_page":"https://www.google.com/maps/contrib/102116614531947868380/reviews?hl=en-US","Review_time":"3 years ago","Review":"The manager told me that I couldn't get my drink in the size cup I usually do when in Florida..BUT SHE WAS SUPER NICE ABOUT IT😀THEY ARE PRETTY FAST TOO😀","Likes":""},{"Name":"","Category":"","Rating":" 5 stars ","Number_of_Reviews":"","Address":"","Reviewer":"Claudio Silva","Reviewer_page":"https://www.google.com/maps/contrib/103132148720726210421/reviews?hl=en-US","Review_time":"11 months ago","Review":"Didn't know it was delicious to get expresso and brownies at this place. Now I know. Thanks","Likes":""},{"Name":"","Category":"","Rating":" 4 stars ","Number_of_Reviews":"","Address":"","Reviewer":"Stacey Aust","Reviewer_page":"https://www.google.com/maps/contrib/100934434640233791060/reviews?hl=en-US","Review_time":"2 years ago","Review":"Good iced coffee, food is excellent. It is very hard to obtain seating in there. Consequently, I go elsewhere what I can sit down.","Likes":""},{"Name":"","Category":"","Rating":" 4 stars ","Number_of_Reviews":"","Address":"","Reviewer":"Saeed “Syd” Ahmari","Reviewer_page":"https://www.google.com/maps/contrib/106276568994144763670/reviews?hl=en-US","Review_time":"4 years ago","Review":"As a loyal Starbucks customer it is hard to under-rate this place. The only drawback is that the place is usually fully packed and it is not as clean.","Likes":""},{"Name":"","Category":"","Rating":" 5 stars ","Number_of_Reviews":"","Address":"","Reviewer":"Blou Wilkins","Reviewer_page":"https://www.google.com/maps/contrib/117042570319716004259/reviews?hl=en-US","Review_time":"a year ago","Review":"Worker are so polite and friendly always say good morning and happy","Likes":""},{"Name":"","Category":"","Rating":" 3 stars ","Number_of_Reviews":"","Address":"","Reviewer":"Connie R.","Reviewer_page":"https://www.google.com/maps/contrib/117951867030929042368/reviews?hl=en-US","Review_time":"4 years ago","Review":"I love Starbucks,  however the barista Sherae at this location is rude, debates with customers instead of helping and the rest of the staff is slow. I will go to the other Starbucks three blocks away from now on.","Likes":"2"},{"Name":"","Category":"","Rating":" 3 stars ","Number_of_Reviews":"","Address":"","Reviewer":"Nick J","Reviewer_page":"https://www.google.com/maps/contrib/118369715947088060502/reviews?hl=en-US","Review_time":"5 years ago","Review":"They occasionally mess up orders here. I've had better luck at the 71st street location, just a couple minutes away. That said, most of the time this location gets it right.","Likes":""},{"Name":"","Category":"","Rating":" 1 star ","Number_of_Reviews":"","Address":"","Reviewer":"Gail Clark","Reviewer_page":"https://www.google.com/maps/contrib/100504017523147062144/reviews?hl=en-US","Review_time":"4 years ago","Review":"First they forgot my friend's order, then when she inquired they said it would be ready right away. When they called her name a few minutes later, it was not at all what she had ordered. Poor performance!","Likes":"1"},{"Name":"","Category":"","Rating":" 3 stars ","Number_of_Reviews":"","Address":"","Reviewer":"Changsoo Kim","Reviewer_page":"https://www.google.com/maps/contrib/102690923311205755337/reviews?hl=en-US","Review_time":"a year ago","Review":"Good but they should care decaf  coffee all the time","Likes":""},{"Name":"","Category":"","Rating":" 2 stars ","Number_of_Reviews":"","Address":"","Reviewer":"Amanda Droll","Reviewer_page":"https://www.google.com/maps/contrib/104785232925868062289/reviews?hl=en-US","Review_time":"4 years ago","Review":"Understaffed. The person working the register is also doing three things at once. They also never have all the ingredients in stock for drinks.","Likes":"1"},{"Name":"","Category":"","Rating":" 5 stars ","Number_of_Reviews":"","Address":"","Reviewer":"Stephanie Robinson","Reviewer_page":"https://www.google.com/maps/contrib/104077850232165799487/reviews?hl=en-US","Review_time":"6 years ago","Review":"Coffee is outstanding, staff is spectacular. Although there needs to be a larger seating are i LOVE this Starbucks.","Likes":""},{"Name":"","Category":"","Rating":" 5 stars ","Number_of_Reviews":"","Address":"","Reviewer":"Emilio David Martinez Guzman","Reviewer_page":"https://www.google.com/maps/contrib/113211012130315932864/reviews?hl=en-US","Review_time":"a year ago","Review":"It was fast, very friendly employees, always with a big smile, the misspell my name but I'm use to that.","Likes":""},{"Name":"","Category":"","Rating":" 4 stars ","Number_of_Reviews":"","Address":"","Reviewer":"Elana Levinson","Reviewer_page":"https://www.google.com/maps/contrib/113289165237613998124/reviews?hl=en-US","Review_time":"2 years ago","Review":"Everyone was pleasant and service was good. Loved my drink.","Likes":""},{"Name":"","Category":"","Rating":" 3 stars ","Number_of_Reviews":"","Address":"","Reviewer":"J D","Reviewer_page":"https://www.google.com/maps/contrib/105964110708339333341/reviews?hl=en-US","Review_time":"2 years ago","Review":"Friendly workers and clean store. When it gets busy, expect inconsistencies with your drink orders.","Likes":""},{"Name":"","Category":"","Rating":" 5 stars ","Number_of_Reviews":"","Address":"","Reviewer":"J G","Reviewer_page":"https://www.google.com/maps/contrib/105614101757572940707/reviews?hl=en-US","Review_time":"a year ago","Review":"Nice atmosphere; great coffee; great drinks; great service","Likes":""},{"Name":"","Category":"","Rating":" 5 stars ","Number_of_Reviews":"","Address":"","Reviewer":"Patty Alcivar","Reviewer_page":"https://www.google.com/maps/contrib/115769536234065707644/reviews?hl=en-US","Review_time":"a year ago","Review":"Awesome Staff!","Likes":""},{"Name":"","Category":"","Rating":" 4 stars ","Number_of_Reviews":"","Address":"","Reviewer":"James Man","Reviewer_page":"https://www.google.com/maps/contrib/107313331591188106915/reviews?hl=en-US","Review_time":"5 years ago","Review":"Fast service and nice staff.  As with all Starbucks, its a touch too pricey for a  drink.","Likes":""},{"Name":"","Category":"","Rating":" 5 stars ","Number_of_Reviews":"","Address":"","Reviewer":"Jackey Black","Reviewer_page":"https://www.google.com/maps/contrib/107979748282654883411/reviews?hl=en-US","Review_time":"a year ago","Review":"No outside seating however the staff was friendly and the macha a latte was amazing.","Likes":""},{"Name":"","Category":"","Rating":" 5 stars ","Number_of_Reviews":"","Address":"","Reviewer":"F L","Reviewer_page":"https://www.google.com/maps/contrib/101039475046907661516/reviews?hl=en-US","Review_time":"3 years ago","Review":"Amazing service, very clean, super friendly staff, cozy environment! Thank you for such anan amazi customer service guys!","Likes":""},{"Name":"","Category":"","Rating":" 4 stars ","Number_of_Reviews":"","Address":"","Reviewer":"judy yazersky","Reviewer_page":"https://www.google.com/maps/contrib/104391617068781563799/reviews?hl=en-US","Review_time":"4 years ago","Review":"Quick service. There was no proper board with prices of drinks. The tables were mostly full.","Likes":""},{"Name":"","Category":"","Rating":" 5 stars ","Number_of_Reviews":"","Address":"","Reviewer":"Vincent Koo","Reviewer_page":"https://www.google.com/maps/contrib/104493659395654043860/reviews?hl=en-US","Review_time":"a year ago","Review":"Quick and easy.","Likes":""},{"Name":"","Category":"","Rating":" 5 stars ","Number_of_Reviews":"","Address":"","Reviewer":"Susan FavCo","Reviewer_page":"https://www.google.com/maps/contrib/111171021192635643973/reviews?hl=en-US","Review_time":"11 months ago","Review":"Always get the order right!  Very friendly","Likes":""},{"Name":"","Category":"","Rating":" 1 star ","Number_of_Reviews":"","Address":"","Reviewer":"sofia Alvarez","Reviewer_page":"https://www.google.com/maps/contrib/116941083666632068887/reviews?hl=en-US","Review_time":"8 years ago","Review":"The cashier was so rude when she took my order, I had such a bad experience, starbucks should hire people with interest and take good care of their guests.","Likes":"1"},{"Name":"","Category":"","Rating":" 5 stars ","Number_of_Reviews":"","Address":"","Reviewer":"Saad T","Reviewer_page":"https://www.google.com/maps/contrib/100171670994150450201/reviews?hl=en-US","Review_time":"3 years ago","Review":"Old Chinese guy stared at me for 20 straight minutes. No ones ever hit on me like that.  10/10 would go again.","Likes":"2"},{"Name":"","Category":"","Rating":" 5 stars ","Number_of_Reviews":"","Address":"","Reviewer":"sibela feta","Reviewer_page":"https://www.google.com/maps/contrib/109028468656420119068/reviews?hl=en-US","Review_time":"4 years ago","Review":"The service  was really quick, there was no line to check out. Overall nice experience","Likes":""},{"Name":"","Category":"","Rating":" 3 stars ","Number_of_Reviews":"","Address":"","Reviewer":"Yazmin Lora","Reviewer_page":"https://www.google.com/maps/contrib/113911175678485849861/reviews?hl=en-US","Review_time":"4 years ago","Review":"Their coffee is ok and everyone there is so nice except for one woman who acts high and mighty and is a bit arrogant.","Likes":""},{"Name":"","Category":"","Rating":" 4 stars ","Number_of_Reviews":"","Address":"","Reviewer":"Robert Alvarez","Reviewer_page":"https://www.google.com/maps/contrib/115136170710545583358/reviews?hl=en-US","Review_time":"4 years ago","Review":"I love Starbucks!  Great coffees and delicious treats, not to mention fantastic customer service.","Likes":"1"},{"Name":"","Category":"","Rating":" 4 stars ","Number_of_Reviews":"","Address":"","Reviewer":"Zack Sinanovic","Reviewer_page":"https://www.google.com/maps/contrib/113356021648436109513/reviews?hl=en-US","Review_time":"a year ago","Review":"My friend asked for hot coffees they give us warm coffees","Likes":""},{"Name":"","Category":"","Rating":" 1 star ","Number_of_Reviews":"","Address":"","Reviewer":"Shivlal SomeVani (Cyrus-the-Virus)","Reviewer_page":"https://www.google.com/maps/contrib/116113704297270745198/reviews?hl=en-US","Review_time":"3 years ago","Review":"This used to be a nice Starbucks when Barnes and nobles..  Now it's moody depending who's working what shift!","Likes":"2"},{"Name":"","Category":"","Rating":" 1 star ","Number_of_Reviews":"","Address":"","Reviewer":"Jennifer Najera","Reviewer_page":"https://www.google.com/maps/contrib/100575869238908685779/reviews?hl=en-US","Review_time":"3 years ago","Review":"If you leave the store and come right back they say u cant get a refill. workers look miserable working and bad customer service","Likes":"2"},{"Name":"","Category":"","Rating":" 5 stars ","Number_of_Reviews":"","Address":"","Reviewer":"Aden Luniow (Aden Luniow)","Reviewer_page":"https://www.google.com/maps/contrib/108267433339812449700/reviews?hl=en-US","Review_time":"3 years ago","Review":"There wasn't any line and the man I saw was very nice and it was a great first impression It was my first time there","Likes":"1"},{"Name":"","Category":"","Rating":" 5 stars ","Number_of_Reviews":"","Address":"","Reviewer":"Lala Musa Musa","Reviewer_page":"https://www.google.com/maps/contrib/107916675329749256785/reviews?hl=en-US","Review_time":"a year ago","Review":"Love a place where you can purchase a smile in a cup!","Likes":""},{"Name":"","Category":"","Rating":" 1 star ","Number_of_Reviews":"","Address":"","Reviewer":"josh Bgosh","Reviewer_page":"https://www.google.com/maps/contrib/111330362663391988535/reviews?hl=en-US","Review_time":"a year ago","Review":"Rude employee and drinks are very poorly made.","Likes":""},{"Name":"","Category":"","Rating":" 2 stars ","Number_of_Reviews":"","Address":"","Reviewer":"Alex Erdin","Reviewer_page":"https://www.google.com/maps/contrib/105009696691093613570/reviews?hl=en-US","Review_time":"4 years ago","Review":"There’s 2 Starbucks both of them worst almost impossible to find chairs always feel dirty I wish they have some nice one in my neighborhood","Likes":"1"},{"Name":"","Category":"","Rating":" 4 stars ","Number_of_Reviews":"","Address":"","Reviewer":"Robert Pocasangre","Reviewer_page":"https://www.google.com/maps/contrib/106241715397466750606/reviews?hl=en-US","Review_time":"6 years ago","Review":"Good service, friendly ppl, use the app to get your drinks faster.","Likes":""},{"Name":"","Category":"","Rating":" 3 stars ","Number_of_Reviews":"","Address":"","Reviewer":"Raquel Miller","Reviewer_page":"https://www.google.com/maps/contrib/117153183570332026374/reviews?hl=en-US","Review_time":"3 years ago","Review":"Ok location with one big table, where several people may work, but smaller tables and a lounge-y section.","Likes":""},{"Name":"","Category":"","Rating":" 5 stars ","Number_of_Reviews":"","Address":"","Reviewer":"jess s","Reviewer_page":"https://www.google.com/maps/contrib/114271032918829665048/reviews?hl=en-US","Review_time":"a year ago","Review":"Staff was very friendly, great customer service","Likes":""},{"Name":"","Category":"","Rating":" 4 stars ","Number_of_Reviews":"","Address":"","Reviewer":"Yusuf Harun","Reviewer_page":"https://www.google.com/maps/contrib/111695101347656384720/reviews?hl=en-US","Review_time":"8 months ago","Review":"Is it a library, with food from off the street,dine in standing","Likes":""},{"Name":"","Category":"","Rating":" 5 stars ","Number_of_Reviews":"","Address":"","Reviewer":"Flavia D","Reviewer_page":"https://www.google.com/maps/contrib/102700804329581145075/reviews?hl=en-US","Review_time":"4 years ago","Review":"Great place and good service.  Love Starbucks.","Likes":""},{"Name":"","Category":"","Rating":" 3 stars ","Number_of_Reviews":"","Address":"","Reviewer":"nikki","Reviewer_page":"https://www.google.com/maps/contrib/103372528076339743984/reviews?hl=en-US","Review_time":"3 years ago","Review":"much to expensive, i mean, 2.25 for a cakepop. otherwise pretty good service.","Likes":""},{"Name":"","Category":"","Rating":" 5 stars ","Number_of_Reviews":"","Address":"","Reviewer":"Larisa M","Reviewer_page":"https://www.google.com/maps/contrib/112227539787778487751/reviews?hl=en-US","Review_time":"a year ago","Review":"Amazing service by Gill. It was a pleasure!","Likes":""},{"Name":"","Category":"","Rating":" 5 stars ","Number_of_Reviews":"","Address":"","Reviewer":"tori H","Reviewer_page":"https://www.google.com/maps/contrib/102037053772728109362/reviews?hl=en-US","Review_time":"a year ago","Review":"Never go wrong with a caramel frappe","Likes":""},{"Name":"","Category":"","Rating":" 5 stars ","Number_of_Reviews":"","Address":"","Reviewer":"Adelina Aranbayeva","Reviewer_page":"https://www.google.com/maps/contrib/113324763971178761824/reviews?hl=en-US","Review_time":"7 months ago","Review":"Awesome service by Josh.","Likes":""},{"Name":"","Category":"","Rating":" 5 stars ","Number_of_Reviews":"","Address":"","Reviewer":"Santiago Pinzon","Reviewer_page":"https://www.google.com/maps/contrib/107072791583504829932/reviews?hl=en-US","Review_time":"5 years ago","Review":"Nice place is good to stay for a moment to drink something or have a conversation","Likes":""},{"Name":"","Category":"","Rating":" 3 stars ","Number_of_Reviews":"","Address":"","Reviewer":"Brad Smitts","Reviewer_page":"https://www.google.com/maps/contrib/109922287938688702869/reviews?hl=en-US","Review_time":"3 years ago","Review":"Service was 5 star. The tea i had was  horrible for 3$","Likes":""},{"Name":"","Category":"","Rating":" 3 stars ","Number_of_Reviews":"","Address":"","Reviewer":"delfin almonte","Reviewer_page":"https://www.google.com/maps/contrib/112061758060448003100/reviews?hl=en-US","Review_time":"4 years ago","Review":"Love this location but sometimes too busy long wait","Likes":""},{"Name":"","Category":"","Rating":" 3 stars ","Number_of_Reviews":"","Address":"","Reviewer":"Joseph De Marzio","Reviewer_page":"https://www.google.com/maps/contrib/104718998965647992892/reviews?hl=en-US","Review_time":"5 years ago","Review":"It's fine, it's a regular Starbucks nothing special.","Likes":""},{"Name":"","Category":"","Rating":" 5 stars ","Number_of_Reviews":"","Address":"","Reviewer":"Geneva Highland","Reviewer_page":"https://www.google.com/maps/contrib/101592126220857061233/reviews?hl=en-US","Review_time":"2 years ago","Review":"Great service  & food which is so important","Likes":""},{"Name":"","Category":"","Rating":" 5 stars ","Number_of_Reviews":"","Address":"","Reviewer":"Anallye Perez","Reviewer_page":"https://www.google.com/maps/contrib/113946520005874568695/reviews?hl=en-US","Review_time":"4 years ago","Review":"Great service. But gets really busy at times.","Likes":""},{"Name":"","Category":"","Rating":" 4 stars ","Number_of_Reviews":"","Address":"","Reviewer":"Nabila Ali","Reviewer_page":"https://www.google.com/maps/contrib/111018212990033930252/reviews?hl=en-US","Review_time":"3 years ago","Review":"It was  good  coffee  and desert and clean  place","Likes":""},{"Name":"","Category":"","Rating":" 5 stars ","Number_of_Reviews":"","Address":"","Reviewer":"Eben Bronfman","Reviewer_page":"https://www.google.com/maps/contrib/102695473055799992992/reviews?hl=en-US","Review_time":"5 years ago","Review":"A pretty standard Starbucks... but in a Target so very convenient for shopping","Likes":""},{"Name":"","Category":"","Rating":" 4 stars ","Number_of_Reviews":"","Address":"","Reviewer":"Jeremiah Johnathan Noel Antonio Palma","Reviewer_page":"https://www.google.com/maps/contrib/106593637295429742407/reviews?hl=en-US","Review_time":"a year ago","Review":"conveniently in the heart of forest hills for patrons on the go.","Likes":""},{"Name":"","Category":"","Rating":" 2 stars ","Number_of_Reviews":"","Address":"","Reviewer":"Steven Gravitz","Reviewer_page":"https://www.google.com/maps/contrib/111333555775426224732/reviews?hl=en-US","Review_time":"6 years ago","Review":"Tiny, cramped and high employee turnover has me avoiding this place. So many better options nearby.","Likes":"1"},{"Name":"","Category":"","Rating":" 5 stars ","Number_of_Reviews":"","Address":"","Reviewer":"Cecily Johnny","Reviewer_page":"https://www.google.com/maps/contrib/118125693073956830789/reviews?hl=en-US","Review_time":"11 months ago","Review":"Love this place great staff","Likes":""},{"Name":"","Category":"","Rating":" 5 stars ","Number_of_Reviews":"","Address":"","Reviewer":"Andrea Meza","Reviewer_page":"https://www.google.com/maps/contrib/115848694057412450572/reviews?hl=en-US","Review_time":"a year ago","Review":"The girls were very nice!","Likes":""},{"Name":"","Category":"","Rating":" 5 stars ","Number_of_Reviews":"","Address":"","Reviewer":"Paul Musso","Reviewer_page":"https://www.google.com/maps/contrib/100199341163056889873/reviews?hl=en-US","Review_time":"11 months ago","Review":"Great customer service !","Likes":""},{"Name":"","Category":"","Rating":" 4 stars ","Number_of_Reviews":"","Address":"","Reviewer":"Lily Wang","Reviewer_page":"https://www.google.com/maps/contrib/111077339909044572708/reviews?hl=en-US","Review_time":"7 years ago","Review":"Should have more seats but I love it :)","Likes":""},{"Name":"","Category":"","Rating":" 5 stars ","Number_of_Reviews":"","Address":"","Reviewer":"Alaya McDowell","Reviewer_page":"https://www.google.com/maps/contrib/115604395468465498766/reviews?hl=en-US","Review_time":"2 years ago","Review":"Very clean. Practices social distancing.","Likes":""},{"Name":"","Category":"","Rating":" 5 stars ","Number_of_Reviews":"","Address":"","Reviewer":"Brandon Yates","Reviewer_page":"https://www.google.com/maps/contrib/110515204096911688651/reviews?hl=en-US","Review_time":"3 years ago","Review":"Very chill place. Conducive to reading and writing and chatting.","Likes":""},{"Name":"","Category":"","Rating":" 5 stars ","Number_of_Reviews":"","Address":"","Reviewer":"Anna I","Reviewer_page":"https://www.google.com/maps/contrib/112177886257820532159/reviews?hl=en-US","Review_time":"4 years ago","Review":"Friendly efficient and nice space to stop in for a quick breather","Likes":""},{"Name":"","Category":"","Rating":" 5 stars ","Number_of_Reviews":"","Address":"","Reviewer":"Michael Carnegie","Reviewer_page":"https://www.google.com/maps/contrib/118056681129076143571/reviews?hl=en-US","Review_time":"3 years ago","Review":"Good Style!","Likes":""},{"Name":"","Category":"","Rating":" 4 stars ","Number_of_Reviews":"","Address":"","Reviewer":"Leonard Craft","Reviewer_page":"https://www.google.com/maps/contrib/101523205460339857537/reviews?hl=en-US","Review_time":"3 years ago","Review":"Friendly staff, customers and beverage and food","Likes":""},{"Name":"","Category":"","Rating":" 5 stars ","Number_of_Reviews":"","Address":"","Reviewer":"Melanie Liu","Reviewer_page":"https://www.google.com/maps/contrib/109363702556258547833/reviews?hl=en-US","Review_time":"3 years ago","Review":"Try Frracapuccino, Ultral Caramel!!\nI...... Love it !","Likes":""},{"Name":"","Category":"","Rating":" 2 stars ","Number_of_Reviews":"","Address":"","Reviewer":"Fisnik Salihu","Reviewer_page":"https://www.google.com/maps/contrib/111067122758842824240/reviews?hl=en-US","Review_time":"5 years ago","Review":"Nice place but very limited place to sit","Likes":""},{"Name":"","Category":"","Rating":" 5 stars ","Number_of_Reviews":"","Address":"","Reviewer":"Gary P Kane","Reviewer_page":"https://www.google.com/maps/contrib/111473554732456662838/reviews?hl=en-US","Review_time":"3 years ago","Review":"Great coffee & everything else!!","Likes":""},{"Name":"","Category":"","Rating":" 5 stars ","Number_of_Reviews":"","Address":"","Reviewer":"Don Huang","Reviewer_page":"https://www.google.com/maps/contrib/115386493514032656624/reviews?hl=en-US","Review_time":"2 years ago","Review":"Its Starbucks free Wi-Fi.","Likes":""},{"Name":"","Category":"","Rating":" 4 stars ","Number_of_Reviews":"","Address":"","Reviewer":"Nancy F.","Reviewer_page":"https://www.google.com/maps/contrib/116919227924710708835/reviews?hl=en-US","Review_time":"a year ago","Review":"Manager could be nicer.","Likes":""},{"Name":"","Category":"","Rating":" 5 stars ","Number_of_Reviews":"","Address":"","Reviewer":"Raja Ghazanfar Ali","Reviewer_page":"https://www.google.com/maps/contrib/107863932947772635515/reviews?hl=en-US","Review_time":"5 years ago","Review":"Nice and clean. Fast service","Likes":""},{"Name":"","Category":"","Rating":" 3 stars ","Number_of_Reviews":"","Address":"","Reviewer":"Bryan Czyzewski","Reviewer_page":"https://www.google.com/maps/contrib/101230656648423252774/reviews?hl=en-US","Review_time":"6 years ago","Review":"Miss the barnes and noble,  not the same without","Likes":""},{"Name":"","Category":"","Rating":" 5 stars ","Number_of_Reviews":"","Address":"","Reviewer":"Leo Grana","Reviewer_page":"https://www.google.com/maps/contrib/107488068105358209685/reviews?hl=en-US","Review_time":"5 years ago","Review":"Nothing better than a cup o Joe","Likes":""},{"Name":"","Category":"","Rating":" 4 stars ","Number_of_Reviews":"","Address":"","Reviewer":"Caleb Fischer","Reviewer_page":"https://www.google.com/maps/contrib/114777451143859357183/reviews?hl=en-US","Review_time":"6 years ago","Review":"Another starbucks place to get your starbucks.","Likes":""},{"Name":"","Category":"","Rating":" 1 star ","Number_of_Reviews":"","Address":"","Reviewer":"James Yoh (nyclaw)","Reviewer_page":"https://www.google.com/maps/contrib/108486093540932521003/reviews?hl=en-US","Review_time":"4 years ago","Review":"Hard to get a seat and subpar service.","Likes":"1"},{"Name":"","Category":"","Rating":" 4 stars ","Number_of_Reviews":"","Address":"","Reviewer":"Nina Nina","Reviewer_page":"https://www.google.com/maps/contrib/105139024660231627356/reviews?hl=en-US","Review_time":"a year ago","Review":"Fast and courteous service","Likes":""},{"Name":"","Category":"","Rating":" 4 stars ","Number_of_Reviews":"","Address":"","Reviewer":"Michelle Haynes","Reviewer_page":"https://www.google.com/maps/contrib/106380843915745543402/reviews?hl=en-US","Review_time":"3 years ago","Review":"Services are always good.","Likes":""},{"Name":"","Category":"","Rating":" 5 stars ","Number_of_Reviews":"","Address":"","Reviewer":"Alexander Lozano","Reviewer_page":"https://www.google.com/maps/contrib/117057558082417078136/reviews?hl=en-US","Review_time":"a year ago","Review":"Quick service!","Likes":""},{"Name":"","Category":"","Rating":" 4 stars ","Number_of_Reviews":"","Address":"","Reviewer":"Nicole “Nick” Agostini","Reviewer_page":"https://www.google.com/maps/contrib/111016395559027086758/reviews?hl=en-US","Review_time":"4 years ago","Review":"Clean and management is on top of things","Likes":""},{"Name":"","Category":"","Rating":" 5 stars ","Number_of_Reviews":"","Address":"","Reviewer":"Julmar","Reviewer_page":"https://www.google.com/maps/contrib/100736809862248528279/reviews?hl=en-US","Review_time":"3 years ago","Review":"I'm biased I work here","Likes":""},{"Name":"","Category":"","Rating":" 5 stars ","Number_of_Reviews":"","Address":"","Reviewer":"Zlobin Ilya","Reviewer_page":"https://www.google.com/maps/contrib/100151635108524139251/reviews?hl=en-US","Review_time":"5 years ago","Review":"Consistently good coffee.","Likes":""},{"Name":"","Category":"","Rating":" 2 stars ","Number_of_Reviews":"","Address":"","Reviewer":"Jeffrey Schnepf","Reviewer_page":"https://www.google.com/maps/contrib/116404912994967338963/reviews?hl=en-US","Review_time":"3 weeks ago","Review":"Too expensive","Likes":""},{"Name":"","Category":"","Rating":" 4 stars ","Number_of_Reviews":"","Address":"","Reviewer":"Jean-Christophe BRISSET","Reviewer_page":"https://www.google.com/maps/contrib/114089993154184085098/reviews?hl=en-US","Review_time":"5 years ago","Review":"People are quite nice.","Likes":""},{"Name":"","Category":"","Rating":" 4 stars ","Number_of_Reviews":"","Address":"","Reviewer":"Kel D","Reviewer_page":"https://www.google.com/maps/contrib/115037349917679724458/reviews?hl=en-US","Review_time":"2 years ago","Review":"Its Starbucks...what can go wrong...","Likes":""},{"Name":"","Category":"","Rating":" 5 stars ","Number_of_Reviews":"","Address":"","Reviewer":"Xiao Zheng","Reviewer_page":"https://www.google.com/maps/contrib/101818279997493775908/reviews?hl=en-US","Review_time":"3 years ago","Review":"Nice Area","Likes":""},{"Name":"","Category":"","Rating":" 4 stars ","Number_of_Reviews":"","Address":"","Reviewer":"Louie Gonzalez","Reviewer_page":"https://www.google.com/maps/contrib/112913119200312568376/reviews?hl=en-US","Review_time":"3 years ago","Review":"service could be improved","Likes":""},{"Name":"","Category":"","Rating":" 5 stars ","Number_of_Reviews":"","Address":"","Reviewer":"Karen Joab","Reviewer_page":"https://www.google.com/maps/contrib/114512719458721272157/reviews?hl=en-US","Review_time":"a year ago","Review":"Excellent service","Likes":""},{"Name":"","Category":"","Rating":" 5 stars ","Number_of_Reviews":"","Address":"","Reviewer":"N. B.","Reviewer_page":"https://www.google.com/maps/contrib/116162675090224566587/reviews?hl=en-US","Review_time":"a year ago","Review":"Pickup was ready to go","Likes":""},{"Name":"","Category":"","Rating":" 5 stars ","Number_of_Reviews":"","Address":"","Reviewer":"Netanel Pollak","Reviewer_page":"https://www.google.com/maps/contrib/106158800360819714009/reviews?hl=en-US","Review_time":"4 years ago","Review":"Like daaa","Likes":""},{"Name":"","Category":"","Rating":" 1 star ","Number_of_Reviews":"","Address":"","Reviewer":"Sukhdeep Parmar","Reviewer_page":"https://www.google.com/maps/contrib/116194398825818710207/reviews?hl=en-US","Review_time":"4 years ago","Review":"No restroom this store","Likes":"1"},{"Name":"","Category":"","Rating":" 5 stars ","Number_of_Reviews":"","Address":"","Reviewer":"LaSirena Nyce","Reviewer_page":"https://www.google.com/maps/contrib/108824041856332311388/reviews?hl=en-US","Review_time":"a year ago","Review":"Friendly and clean!","Likes":""},{"Name":"","Category":"","Rating":" 3 stars ","Number_of_Reviews":"","Address":"","Reviewer":"Ron Garcia","Reviewer_page":"https://www.google.com/maps/contrib/113853259052800284770/reviews?hl=en-US","Review_time":"4 years ago","Review":"Very slow service","Likes":""},{"Name":"","Category":"","Rating":" 1 star ","Number_of_Reviews":"","Address":"","Reviewer":"Rob Money","Reviewer_page":"https://www.google.com/maps/contrib/101902576797896010740/reviews?hl=en-US","Review_time":"4 years ago","Review":"Grumpy Staff , burnt milk","Likes":"1"},{"Name":"","Category":"","Rating":" 5 stars ","Number_of_Reviews":"","Address":"","Reviewer":"Don Shishir","Reviewer_page":"https://www.google.com/maps/contrib/109304613716994503237/reviews?hl=en-US","Review_time":"a year ago","Review":"Good","Likes":""},{"Name":"","Category":"","Rating":" 4 stars ","Number_of_Reviews":"","Address":"","Reviewer":"Kevin Bosquez","Reviewer_page":"https://www.google.com/maps/contrib/100991097469540989835/reviews?hl=en-US","Review_time":"5 years ago","Review":"Good service, good drinks. Never any damn seating space.","Likes":""},{"Name":"","Category":"","Rating":" 5 stars ","Number_of_Reviews":"","Address":"","Reviewer":"Nay","Reviewer_page":"https://www.google.com/maps/contrib/100657085398019409252/reviews?hl=en-US","Review_time":"3 years ago","Review":"Favorite coffee shop","Likes":""},{"Name":"","Category":"","Rating":" 5 stars ","Number_of_Reviews":"","Address":"","Reviewer":"Tiromani Sanchara","Reviewer_page":"https://www.google.com/maps/contrib/109246046499556920433/reviews?hl=en-US","Review_time":"3 years ago","Review":"Awsome coffee","Likes":""},{"Name":"","Category":"","Rating":" 5 stars ","Number_of_Reviews":"","Address":"","Reviewer":"Gabe","Reviewer_page":"https://www.google.com/maps/contrib/108747399497877109483/reviews?hl=en-US","Review_time":"2 years ago","Review":"Fast service.","Likes":""},{"Name":"","Category":"","Rating":" 4 stars ","Number_of_Reviews":"","Address":"","Reviewer":"Edwin Figueroa","Reviewer_page":"https://www.google.com/maps/contrib/110165523069247857772/reviews?hl=en-US","Review_time":"4 years ago","Review":"Good Experience...","Likes":""},{"Name":"","Category":"","Rating":" 5 stars ","Number_of_Reviews":"","Address":"","Reviewer":"Aika Ormanbetova","Reviewer_page":"https://www.google.com/maps/contrib/109368646658469075717/reviews?hl=en-US","Review_time":"4 years ago","Review":"Perfect staff","Likes":"1"},{"Name":"","Category":"","Rating":" 5 stars ","Number_of_Reviews":"","Address":"","Reviewer":"Juan Diaz","Reviewer_page":"https://www.google.com/maps/contrib/109437893173474079640/reviews?hl=en-US","Review_time":"5 years ago","Review":"Fast","Likes":""},{"Name":"","Category":"","Rating":" 3 stars ","Number_of_Reviews":"","Address":"","Reviewer":"Irvin Amiscua","Reviewer_page":"https://www.google.com/maps/contrib/100858503946963528934/reviews?hl=en-US","Review_time":"3 years ago","Review":"Coffee","Likes":""},{"Name":"","Category":"","Rating":" 5 stars ","Number_of_Reviews":"","Address":"","Reviewer":"Michael Yusim","Reviewer_page":"https://www.google.com/maps/contrib/105972956010491794471/reviews?hl=en-US","Review_time":"4 years ago","Review":"It's Starbucks.","Likes":""},{"Name":"","Category":"","Rating":" 1 star ","Number_of_Reviews":"","Address":"","Reviewer":"litty Brooklyn Born","Reviewer_page":"https://www.google.com/maps/contrib/101846915504194700091/reviews?hl=en-US","Review_time":"4 years ago","Review":"SORRY","Likes":"1"},{"Name":"","Category":"","Rating":" 5 stars ","Number_of_Reviews":"","Address":"","Reviewer":"Malika Hamdamova","Reviewer_page":"https://www.google.com/maps/contrib/103434192488934328909/reviews?hl=en-US","Review_time":"3 years ago","Review":"The best place","Likes":""},{"Name":"","Category":"","Rating":" 5 stars ","Number_of_Reviews":"","Address":"","Reviewer":"Salisbury Pacific Management","Reviewer_page":"https://www.google.com/maps/contrib/111660320984679913087/reviews?hl=en-US","Review_time":"2 years ago","Review":"It is what it is","Likes":""},{"Name":"","Category":"","Rating":" 5 stars ","Number_of_Reviews":"","Address":"","Reviewer":"Ricardo Hernan Toro Rios","Reviewer_page":"https://www.google.com/maps/contrib/111951366440686537631/reviews?hl=en-US","Review_time":"a year ago","Review":"(Translated by Google) very good at everything\n\n(Original)\nMuy buenos en todo","Likes":""},{"Name":"","Category":"","Rating":" 5 stars ","Number_of_Reviews":"","Address":"","Reviewer":"Angelica Lorenzo","Reviewer_page":"https://www.google.com/maps/contrib/108939066927850799396/reviews?hl=en-US","Review_time":"3 years ago","Review":"(Translated by Google) If Starbucks is my favorite\n\n(Original)\nSi Starbucks es mi favorito","Likes":""},{"Name":"","Category":"","Rating":" 5 stars ","Number_of_Reviews":"","Address":"","Reviewer":"Princess Danielle","Reviewer_page":"https://www.google.com/maps/contrib/117227349488763323525/reviews?hl=en-US","Review_time":"2 years ago","Review":"","Likes":""},{"Name":"","Category":"","Rating":" 5 stars ","Number_of_Reviews":"","Address":"","Reviewer":"soyun yi","Reviewer_page":"https://www.google.com/maps/contrib/108457269327676498213/reviews?hl=en-US","Review_time":"3 years ago","Review":"(Translated by Google) I like the atmosphere\n\n(Original)\n분위기가 좋아요","Likes":""},{"Name":"","Category":"","Rating":" 5 stars ","Number_of_Reviews":"","Address":"","Reviewer":"Daniel Martel","Reviewer_page":"https://www.google.com/maps/contrib/104277447117217754301/reviews?hl=en-US","Review_time":"4 years ago","Review":"(Translated by Google) 100% recommendable\n\n(Original)\n100% recomendable","Likes":""},{"Name":"","Category":"","Rating":" 5 stars ","Number_of_Reviews":"","Address":"","Reviewer":"jjsidia1 Jsidia","Reviewer_page":"https://www.google.com/maps/contrib/117384925102768643887/reviews?hl=en-US","Review_time":"6 years ago","Review":"(Translated by Google) Okay\n\n(Original)\nBueno","Likes":""},{"Name":"","Category":"","Rating":" 5 stars ","Number_of_Reviews":"","Address":"","Reviewer":"Marie “Angelkatey” Casalaspro","Reviewer_page":"https://www.google.com/maps/contrib/109372734947882720129/reviews?hl=en-US","Review_time":"6 months ago","Review":"","Likes":""},{"Name":"","Category":"","Rating":" 5 stars ","Number_of_Reviews":"","Address":"","Reviewer":"Cee Diaz","Reviewer_page":"https://www.google.com/maps/contrib/115646463142080558106/reviews?hl=en-US","Review_time":"7 months ago","Review":"","Likes":""},{"Name":"","Category":"","Rating":" 5 stars ","Number_of_Reviews":"","Address":"","Reviewer":"Malini Prasad","Reviewer_page":"https://www.google.com/maps/contrib/105326153286973689743/reviews?hl=en-US","Review_time":"8 months ago","Review":"","Likes":""},{"Name":"","Category":"","Rating":" 5 stars ","Number_of_Reviews":"","Address":"","Reviewer":"karen sierra","Reviewer_page":"https://www.google.com/maps/contrib/113822252981138012985/reviews?hl=en-US","Review_time":"9 months ago","Review":"","Likes":""},{"Name":"","Category":"","Rating":" 4 stars ","Number_of_Reviews":"","Address":"","Reviewer":"Yvette Rivera","Reviewer_page":"https://www.google.com/maps/contrib/105204646432828209762/reviews?hl=en-US","Review_time":"11 months ago","Review":"","Likes":""},{"Name":"","Category":"","Rating":" 5 stars ","Number_of_Reviews":"","Address":"","Reviewer":"Teresa “Tea” Skillings- Peterson","Reviewer_page":"https://www.google.com/maps/contrib/107441520641386383984/reviews?hl=en-US","Review_time":"a year ago","Review":"","Likes":""},{"Name":"","Category":"","Rating":" 2 stars ","Number_of_Reviews":"","Address":"","Reviewer":"Michelle Simms","Reviewer_page":"https://www.google.com/maps/contrib/109066051619017492743/reviews?hl=en-US","Review_time":"a year ago","Review":"","Likes":""},{"Name":"","Category":"","Rating":" 5 stars ","Number_of_Reviews":"","Address":"","Reviewer":"Alexander Garcia","Reviewer_page":"https://www.google.com/maps/contrib/105830274259901945133/reviews?hl=en-US","Review_time":"a year ago","Review":"","Likes":""},{"Name":"","Category":"","Rating":" 4 stars ","Number_of_Reviews":"","Address":"","Reviewer":"roderick goulbourne","Reviewer_page":"https://www.google.com/maps/contrib/100815541839918663758/reviews?hl=en-US","Review_time":"a year ago","Review":"","Likes":""},{"Name":"","Category":"","Rating":" 4 stars ","Number_of_Reviews":"","Address":"","Reviewer":"Adriene Williams","Reviewer_page":"https://www.google.com/maps/contrib/100066214062934842858/reviews?hl=en-US","Review_time":"a year ago","Review":"","Likes":""},{"Name":"","Category":"","Rating":" 5 stars ","Number_of_Reviews":"","Address":"","Reviewer":"Wendy Perez","Reviewer_page":"https://www.google.com/maps/contrib/114687824736973949836/reviews?hl=en-US","Review_time":"10 months ago","Review":"","Likes":""},{"Name":"","Category":"","Rating":" 4 stars ","Number_of_Reviews":"","Address":"","Reviewer":"Manuel Chea","Reviewer_page":"https://www.google.com/maps/contrib/114313776696667204936/reviews?hl=en-US","Review_time":"2 years ago","Review":"","Likes":""},{"Name":"","Category":"","Rating":" 4 stars ","Number_of_Reviews":"","Address":"","Reviewer":"baldev chugh","Reviewer_page":"https://www.google.com/maps/contrib/112035983184768716986/reviews?hl=en-US","Review_time":"5 years ago","Review":"","Likes":""},{"Name":"","Category":"","Rating":" 5 stars ","Number_of_Reviews":"","Address":"","Reviewer":"Chris Ramirez","Reviewer_page":"https://www.google.com/maps/contrib/111724904601676734134/reviews?hl=en-US","Review_time":"5 years ago","Review":"","Likes":""},{"Name":"","Category":"","Rating":" 4 stars ","Number_of_Reviews":"","Address":"","Reviewer":"Carlos Ceder","Reviewer_page":"https://www.google.com/maps/contrib/117300100810432541181/reviews?hl=en-US","Review_time":"3 years ago","Review":"","Likes":""},{"Name":"","Category":"","Rating":" 5 stars ","Number_of_Reviews":"","Address":"","Reviewer":"Юлия Пилипенко","Reviewer_page":"https://www.google.com/maps/contrib/100347769816218053041/reviews?hl=en-US","Review_time":"3 years ago","Review":"","Likes":""},{"Name":"","Category":"","Rating":" 5 stars ","Number_of_Reviews":"","Address":"","Reviewer":"Crystal L. Glenn","Reviewer_page":"https://www.google.com/maps/contrib/106057776091602840203/reviews?hl=en-US","Review_time":"3 years ago","Review":"","Likes":""},{"Name":"","Category":"","Rating":" 3 stars ","Number_of_Reviews":"","Address":"","Reviewer":"Dario Fischbein","Reviewer_page":"https://www.google.com/maps/contrib/102805051148719698514/reviews?hl=en-US","Review_time":"5 years ago","Review":"","Likes":""},{"Name":"","Category":"","Rating":" 5 stars ","Number_of_Reviews":"","Address":"","Reviewer":"Roy Garcia","Reviewer_page":"https://www.google.com/maps/contrib/111779594796359741478/reviews?hl=en-US","Review_time":"6 years ago","Review":"","Likes":""},{"Name":"","Category":"","Rating":" 5 stars ","Number_of_Reviews":"","Address":"","Reviewer":"Alex Itskov","Reviewer_page":"https://www.google.com/maps/contrib/115741757910288109142/reviews?hl=en-US","Review_time":"a year ago","Review":"","Likes":""},{"Name":"","Category":"","Rating":" 4 stars ","Number_of_Reviews":"","Address":"","Reviewer":"Moreza Azizi","Reviewer_page":"https://www.google.com/maps/contrib/103331514458093009281/reviews?hl=en-US","Review_time":"4 years ago","Review":"","Likes":""},{"Name":"","Category":"","Rating":" 1 star ","Number_of_Reviews":"","Address":"","Reviewer":"Suhrita Das","Reviewer_page":"https://www.google.com/maps/contrib/107371951379612771911/reviews?hl=en-US","Review_time":"3 years ago","Review":"","Likes":""},{"Name":"","Category":"","Rating":" 5 stars ","Number_of_Reviews":"","Address":"","Reviewer":"Juan Tenorio","Reviewer_page":"https://www.google.com/maps/contrib/112718853365014762051/reviews?hl=en-US","Review_time":"a year ago","Review":"","Likes":""},{"Name":"","Category":"","Rating":" 5 stars ","Number_of_Reviews":"","Address":"","Reviewer":"Adrian Angelo","Reviewer_page":"https://www.google.com/maps/contrib/117527170685364379034/reviews?hl=en-US","Review_time":"a year ago","Review":"","Likes":""},{"Name":"","Category":"","Rating":" 5 stars ","Number_of_Reviews":"","Address":"","Reviewer":"S G","Reviewer_page":"https://www.google.com/maps/contrib/117735670173299721862/reviews?hl=en-US","Review_time":"a year ago","Review":"","Likes":""},{"Name":"","Category":"","Rating":" 1 star ","Number_of_Reviews":"","Address":"","Reviewer":"Josh Jamil","Reviewer_page":"https://www.google.com/maps/contrib/113573050962337621823/reviews?hl=en-US","Review_time":"a year ago","Review":"","Likes":""},{"Name":"","Category":"","Rating":" 5 stars ","Number_of_Reviews":"","Address":"","Reviewer":"Ofir S","Reviewer_page":"https://www.google.com/maps/contrib/113011304323790343599/reviews?hl=en-US","Review_time":"4 years ago","Review":"","Likes":""},{"Name":"","Category":"","Rating":" 5 stars ","Number_of_Reviews":"","Address":"","Reviewer":"Andrii Bondar","Reviewer_page":"https://www.google.com/maps/contrib/109790687351803535910/reviews?hl=en-US","Review_time":"2 years ago","Review":"","Likes":""},{"Name":"","Category":"","Rating":" 5 stars ","Number_of_Reviews":"","Address":"","Reviewer":"Sarah Tenenbaum","Reviewer_page":"https://www.google.com/maps/contrib/114583430725853431213/reviews?hl=en-US","Review_time":"5 months ago","Review":"","Likes":""},{"Name":"","Category":"","Rating":" 5 stars ","Number_of_Reviews":"","Address":"","Reviewer":"Rachele P","Reviewer_page":"https://www.google.com/maps/contrib/101295050359417883899/reviews?hl=en-US","Review_time":"2 years ago","Review":"","Likes":""},{"Name":"","Category":"","Rating":" 5 stars ","Number_of_Reviews":"","Address":"","Reviewer":"Jonathan Collantes","Reviewer_page":"https://www.google.com/maps/contrib/104987382175526549663/reviews?hl=en-US","Review_time":"2 years ago","Review":"","Likes":""},{"Name":"","Category":"","Rating":" 5 stars ","Number_of_Reviews":"","Address":"","Reviewer":"Rafael F","Reviewer_page":"https://www.google.com/maps/contrib/110245261063045338893/reviews?hl=en-US","Review_time":"a year ago","Review":"","Likes":""},{"Name":"","Category":"","Rating":" 5 stars ","Number_of_Reviews":"","Address":"","Reviewer":"ןוסף ןוכחך בח הרשל","Reviewer_page":"https://www.google.com/maps/contrib/103541340988233992575/reviews?hl=en-US","Review_time":"4 years ago","Review":"","Likes":""},{"Name":"","Category":"","Rating":" 5 stars ","Number_of_Reviews":"","Address":"","Reviewer":"Hans","Reviewer_page":"https://www.google.com/maps/contrib/117173796893527728808/reviews?hl=en-US","Review_time":"2 years ago","Review":"","Likes":""},{"Name":"","Category":"","Rating":" 4 stars ","Number_of_Reviews":"","Address":"","Reviewer":"Mokhira S","Reviewer_page":"https://www.google.com/maps/contrib/110281584590514139053/reviews?hl=en-US","Review_time":"3 years ago","Review":"","Likes":""},{"Name":"","Category":"","Rating":" 5 stars ","Number_of_Reviews":"","Address":"","Reviewer":"Yorel Campos","Reviewer_page":"https://www.google.com/maps/contrib/107831400245717346852/reviews?hl=en-US","Review_time":"2 years ago","Review":"","Likes":""},{"Name":"","Category":"","Rating":" 5 stars ","Number_of_Reviews":"","Address":"","Reviewer":"Cynthia Paniagua","Reviewer_page":"https://www.google.com/maps/contrib/110606889144614716908/reviews?hl=en-US","Review_time":"3 years ago","Review":"","Likes":""},{"Name":"","Category":"","Rating":" 4 stars ","Number_of_Reviews":"","Address":"","Reviewer":"Sheila Rashidzada","Reviewer_page":"https://www.google.com/maps/contrib/105225984962994389049/reviews?hl=en-US","Review_time":"2 years ago","Review":"","Likes":""},{"Name":"","Category":"","Rating":" 5 stars ","Number_of_Reviews":"","Address":"","Reviewer":"Deborah, Avon Representative","Reviewer_page":"https://www.google.com/maps/contrib/110824383726358368966/reviews?hl=en-US","Review_time":"3 years ago","Review":"","Likes":""},{"Name":"","Category":"","Rating":" 4 stars ","Number_of_Reviews":"","Address":"","Reviewer":"Lee Elovitch","Reviewer_page":"https://www.google.com/maps/contrib/115104604658535980863/reviews?hl=en-US","Review_time":"4 years ago","Review":"","Likes":""},{"Name":"","Category":"","Rating":" 4 stars ","Number_of_Reviews":"","Address":"","Reviewer":"Just Ashley","Reviewer_page":"https://www.google.com/maps/contrib/100894308376078583655/reviews?hl=en-US","Review_time":"3 years ago","Review":"","Likes":""},{"Name":"","Category":"","Rating":" 4 stars ","Number_of_Reviews":"","Address":"","Reviewer":"David Lisy","Reviewer_page":"https://www.google.com/maps/contrib/113382618345602409744/reviews?hl=en-US","Review_time":"3 years ago","Review":"","Likes":""},{"Name":"","Category":"","Rating":" 5 stars ","Number_of_Reviews":"","Address":"","Reviewer":"Devin Roopnarain (Turbosnipe)","Reviewer_page":"https://www.google.com/maps/contrib/116737075569774227114/reviews?hl=en-US","Review_time":"a year ago","Review":"","Likes":""},{"Name":"","Category":"","Rating":" 4 stars ","Number_of_Reviews":"","Address":"","Reviewer":"Anu Dahanayaka","Reviewer_page":"https://www.google.com/maps/contrib/101161011655685032658/reviews?hl=en-US","Review_time":"a year ago","Review":"","Likes":""},{"Name":"","Category":"","Rating":" 5 stars ","Number_of_Reviews":"","Address":"","Reviewer":"David Layne","Reviewer_page":"https://www.google.com/maps/contrib/112457196852369248414/reviews?hl=en-US","Review_time":"4 years ago","Review":"","Likes":""},{"Name":"","Category":"","Rating":" 5 stars ","Number_of_Reviews":"","Address":"","Reviewer":"Ylli Dosku","Reviewer_page":"https://www.google.com/maps/contrib/106189790625237887660/reviews?hl=en-US","Review_time":"4 years ago","Review":"","Likes":""},{"Name":"","Category":"","Rating":" 5 stars ","Number_of_Reviews":"","Address":"","Reviewer":"David Irizarry","Reviewer_page":"https://www.google.com/maps/contrib/114339315838472886622/reviews?hl=en-US","Review_time":"3 years ago","Review":"","Likes":""},{"Name":"","Category":"","Rating":" 3 stars ","Number_of_Reviews":"","Address":"","Reviewer":"Hy Sukardi","Reviewer_page":"https://www.google.com/maps/contrib/110093999301468559298/reviews?hl=en-US","Review_time":"2 years ago","Review":"","Likes":""},{"Name":"","Category":"","Rating":" 4 stars ","Number_of_Reviews":"","Address":"","Reviewer":"Envy Mani","Reviewer_page":"https://www.google.com/maps/contrib/116661084073057079234/reviews?hl=en-US","Review_time":"3 years ago","Review":"","Likes":""},{"Name":"","Category":"","Rating":" 5 stars ","Number_of_Reviews":"","Address":"","Reviewer":"Luis Guillen","Reviewer_page":"https://www.google.com/maps/contrib/111712135303364036769/reviews?hl=en-US","Review_time":"a year ago","Review":"","Likes":""},{"Name":"","Category":"","Rating":" 5 stars ","Number_of_Reviews":"","Address":"","Reviewer":"Oliver W","Reviewer_page":"https://www.google.com/maps/contrib/113202743982045117473/reviews?hl=en-US","Review_time":"a year ago","Review":"","Likes":""},{"Name":"","Category":"","Rating":" 5 stars ","Number_of_Reviews":"","Address":"","Reviewer":"D","Reviewer_page":"https://www.google.com/maps/contrib/111443376918731821511/reviews?hl=en-US","Review_time":"11 months ago","Review":"","Likes":""},{"Name":"","Category":"","Rating":" 5 stars ","Number_of_Reviews":"","Address":"","Reviewer":"Allyson Marie","Reviewer_page":"https://www.google.com/maps/contrib/105119162965362104254/reviews?hl=en-US","Review_time":"3 years ago","Review":"","Likes":""},{"Name":"","Category":"","Rating":" 1 star ","Number_of_Reviews":"","Address":"","Reviewer":"Zhou Ye","Reviewer_page":"https://www.google.com/maps/contrib/117095560884611880969/reviews?hl=en-US","Review_time":"4 years ago","Review":"","Likes":""},{"Name":"","Category":"","Rating":" 5 stars ","Number_of_Reviews":"","Address":"","Reviewer":"Melody D'","Reviewer_page":"https://www.google.com/maps/contrib/104651067855633904405/reviews?hl=en-US","Review_time":"3 years ago","Review":"","Likes":""},{"Name":"","Category":"","Rating":" 5 stars ","Number_of_Reviews":"","Address":"","Reviewer":"Carlos Hidalgo","Reviewer_page":"https://www.google.com/maps/contrib/107687722148376277575/reviews?hl=en-US","Review_time":"a year ago","Review":"","Likes":""},{"Name":"","Category":"","Rating":" 5 stars ","Number_of_Reviews":"","Address":"","Reviewer":"Gabriela Hernandez","Reviewer_page":"https://www.google.com/maps/contrib/101257268572252541603/reviews?hl=en-US","Review_time":"5 years ago","Review":"","Likes":""},{"Name":"","Category":"","Rating":" 3 stars ","Number_of_Reviews":"","Address":"","Reviewer":"Nelson Chiu","Reviewer_page":"https://www.google.com/maps/contrib/113341068654873866579/reviews?hl=en-US","Review_time":"6 years ago","Review":"","Likes":""},{"Name":"","Category":"","Rating":" 5 stars ","Number_of_Reviews":"","Address":"","Reviewer":"Mark Holzwanger","Reviewer_page":"https://www.google.com/maps/contrib/115884241314593128937/reviews?hl=en-US","Review_time":"4 years ago","Review":"","Likes":""},{"Name":"","Category":"","Rating":" 4 stars ","Number_of_Reviews":"","Address":"","Reviewer":"Lemervin Ugueto","Reviewer_page":"https://www.google.com/maps/contrib/116593656113509107030/reviews?hl=en-US","Review_time":"5 years ago","Review":"","Likes":""},{"Name":"","Category":"","Rating":" 4 stars ","Number_of_Reviews":"","Address":"","Reviewer":"Lexi Zotomayor","Reviewer_page":"https://www.google.com/maps/contrib/105842103939340703275/reviews?hl=en-US","Review_time":"5 years ago","Review":"","Likes":""},{"Name":"","Category":"","Rating":" 4 stars ","Number_of_Reviews":"","Address":"","Reviewer":"Uchida Oginome","Reviewer_page":"https://www.google.com/maps/contrib/115360163656358468278/reviews?hl=en-US","Review_time":"a year ago","Review":"","Likes":""},{"Name":"","Category":"","Rating":" 5 stars ","Number_of_Reviews":"","Address":"","Reviewer":"Sigi Kahalani","Reviewer_page":"https://www.google.com/maps/contrib/100334390929084635676/reviews?hl=en-US","Review_time":"4 years ago","Review":"","Likes":""},{"Name":"","Category":"","Rating":" 5 stars ","Number_of_Reviews":"","Address":"","Reviewer":"Ekene Green","Reviewer_page":"https://www.google.com/maps/contrib/103071816506495869842/reviews?hl=en-US","Review_time":"4 years ago","Review":"","Likes":""},{"Name":"","Category":"","Rating":" 4 stars ","Number_of_Reviews":"","Address":"","Reviewer":"Catherine Heege","Reviewer_page":"https://www.google.com/maps/contrib/117873213451961850130/reviews?hl=en-US","Review_time":"4 years ago","Review":"","Likes":""},{"Name":"","Category":"","Rating":" 5 stars ","Number_of_Reviews":"","Address":"","Reviewer":"Nazar Sheverak","Reviewer_page":"https://www.google.com/maps/contrib/111321288575529546681/reviews?hl=en-US","Review_time":"2 years ago","Review":"","Likes":""},{"Name":"","Category":"","Rating":" 4 stars ","Number_of_Reviews":"","Address":"","Reviewer":"Yohan Carbajal","Reviewer_page":"https://www.google.com/maps/contrib/112176457201492092381/reviews?hl=en-US","Review_time":"3 years ago","Review":"","Likes":""},{"Name":"","Category":"","Rating":" 1 star ","Number_of_Reviews":"","Address":"","Reviewer":"Kristina Nieves","Reviewer_page":"https://www.google.com/maps/contrib/118159340279702342412/reviews?hl=en-US","Review_time":"5 years ago","Review":"","Likes":""},{"Name":"","Category":"","Rating":" 4 stars ","Number_of_Reviews":"","Address":"","Reviewer":"Sean Reyes","Reviewer_page":"https://www.google.com/maps/contrib/102016282780331534049/reviews?hl=en-US","Review_time":"3 years ago","Review":"","Likes":""},{"Name":"","Category":"","Rating":" 3 stars ","Number_of_Reviews":"","Address":"","Reviewer":"Yuan Zhao","Reviewer_page":"https://www.google.com/maps/contrib/101250985391242799837/reviews?hl=en-US","Review_time":"2 years ago","Review":"","Likes":""},{"Name":"","Category":"","Rating":" 5 stars ","Number_of_Reviews":"","Address":"","Reviewer":"chiahui lai","Reviewer_page":"https://www.google.com/maps/contrib/115296611922288022066/reviews?hl=en-US","Review_time":"3 years ago","Review":"","Likes":""},{"Name":"","Category":"","Rating":" 3 stars ","Number_of_Reviews":"","Address":"","Reviewer":"Chandra Germain","Reviewer_page":"https://www.google.com/maps/contrib/106104636858158826071/reviews?hl=en-US","Review_time":"4 years ago","Review":"","Likes":""},{"Name":"","Category":"","Rating":" 5 stars ","Number_of_Reviews":"","Address":"","Reviewer":"Antonia Marrero","Reviewer_page":"https://www.google.com/maps/contrib/100253290573238698477/reviews?hl=en-US","Review_time":"a year ago","Review":"","Likes":""},{"Name":"","Category":"","Rating":" 5 stars ","Number_of_Reviews":"","Address":"","Reviewer":"Anning Chen","Reviewer_page":"https://www.google.com/maps/contrib/103277541937264239806/reviews?hl=en-US","Review_time":"5 years ago","Review":"","Likes":""},{"Name":"","Category":"","Rating":" 5 stars ","Number_of_Reviews":"","Address":"","Reviewer":"Marsha Clarke","Reviewer_page":"https://www.google.com/maps/contrib/113398676506744611679/reviews?hl=en-US","Review_time":"3 years ago","Review":"","Likes":""},{"Name":"","Category":"","Rating":" 3 stars ","Number_of_Reviews":"","Address":"","Reviewer":"Dan Herman","Reviewer_page":"https://www.google.com/maps/contrib/113055015600532582160/reviews?hl=en-US","Review_time":"4 years ago","Review":"","Likes":""},{"Name":"","Category":"","Rating":" 5 stars ","Number_of_Reviews":"","Address":"","Reviewer":"Julia P","Reviewer_page":"https://www.google.com/maps/contrib/102698625786771723349/reviews?hl=en-US","Review_time":"3 years ago","Review":"","Likes":""},{"Name":"","Category":"","Rating":" 5 stars ","Number_of_Reviews":"","Address":"","Reviewer":"Arvin Ormita","Reviewer_page":"https://www.google.com/maps/contrib/114345337106454576971/reviews?hl=en-US","Review_time":"3 years ago","Review":"","Likes":""},{"Name":"","Category":"","Rating":" 3 stars ","Number_of_Reviews":"","Address":"","Reviewer":"Christine Kecher","Reviewer_page":"https://www.google.com/maps/contrib/102576468734995901325/reviews?hl=en-US","Review_time":"5 years ago","Review":"","Likes":""},{"Name":"","Category":"","Rating":" 4 stars ","Number_of_Reviews":"","Address":"","Reviewer":"Brooke Samuelson","Reviewer_page":"https://www.google.com/maps/contrib/104805330270976380897/reviews?hl=en-US","Review_time":"4 years ago","Review":"","Likes":""},{"Name":"","Category":"","Rating":" 3 stars ","Number_of_Reviews":"","Address":"","Reviewer":"A Nolastname","Reviewer_page":"https://www.google.com/maps/contrib/114747629387510830653/reviews?hl=en-US","Review_time":"a year ago","Review":"","Likes":""},{"Name":"","Category":"","Rating":" 5 stars ","Number_of_Reviews":"","Address":"","Reviewer":"Mony Bologna","Reviewer_page":"https://www.google.com/maps/contrib/105622130577134822957/reviews?hl=en-US","Review_time":"2 years ago","Review":"","Likes":""},{"Name":"","Category":"","Rating":" 3 stars ","Number_of_Reviews":"","Address":"","Reviewer":"Claudia Chiu","Reviewer_page":"https://www.google.com/maps/contrib/101746511342459978197/reviews?hl=en-US","Review_time":"4 years ago","Review":"","Likes":""},{"Name":"","Category":"","Rating":" 4 stars ","Number_of_Reviews":"","Address":"","Reviewer":"seline bearman","Reviewer_page":"https://www.google.com/maps/contrib/101546353679069381370/reviews?hl=en-US","Review_time":"3 years ago","Review":"","Likes":""},{"Name":"","Category":"","Rating":" 5 stars ","Number_of_Reviews":"","Address":"","Reviewer":"Eleonora Yusupova","Reviewer_page":"https://www.google.com/maps/contrib/112690475789292096492/reviews?hl=en-US","Review_time":"2 years ago","Review":"","Likes":""},{"Name":"","Category":"","Rating":" 5 stars ","Number_of_Reviews":"","Address":"","Reviewer":"Nicole Bhagwandin","Reviewer_page":"https://www.google.com/maps/contrib/112459560503717522972/reviews?hl=en-US","Review_time":"11 months ago","Review":"","Likes":""},{"Name":"","Category":"","Rating":" 2 stars ","Number_of_Reviews":"","Address":"","Reviewer":"Jenny Rodriguez","Reviewer_page":"https://www.google.com/maps/contrib/109673621481253623783/reviews?hl=en-US","Review_time":"4 years ago","Review":"","Likes":""},{"Name":"","Category":"","Rating":" 5 stars ","Number_of_Reviews":"","Address":"","Reviewer":"Justin Sulsky","Reviewer_page":"https://www.google.com/maps/contrib/109319204028454381104/reviews?hl=en-US","Review_time":"5 years ago","Review":"","Likes":""},{"Name":"","Category":"","Rating":" 4 stars ","Number_of_Reviews":"","Address":"","Reviewer":"Shenell Jeffers","Reviewer_page":"https://www.google.com/maps/contrib/111874596810323833606/reviews?hl=en-US","Review_time":"4 years ago","Review":"","Likes":""},{"Name":"","Category":"","Rating":" 1 star ","Number_of_Reviews":"","Address":"","Reviewer":"zamira Herrera","Reviewer_page":"https://www.google.com/maps/contrib/109859264684394910724/reviews?hl=en-US","Review_time":"a year ago","Review":"","Likes":""},{"Name":"","Category":"","Rating":" 5 stars ","Number_of_Reviews":"","Address":"","Reviewer":"Timothy Wilson","Reviewer_page":"https://www.google.com/maps/contrib/117167735773278451080/reviews?hl=en-US","Review_time":"2 years ago","Review":"","Likes":""},{"Name":"","Category":"","Rating":" 4 stars ","Number_of_Reviews":"","Address":"","Reviewer":"Rolando Powell","Reviewer_page":"https://www.google.com/maps/contrib/110088710690117222919/reviews?hl=en-US","Review_time":"a month ago","Review":"","Likes":""},{"Name":"","Category":"","Rating":" 5 stars ","Number_of_Reviews":"","Address":"","Reviewer":"Zev","Reviewer_page":"https://www.google.com/maps/contrib/106646398581275851677/reviews?hl=en-US","Review_time":"a year ago","Review":"","Likes":""},{"Name":"","Category":"","Rating":" 4 stars ","Number_of_Reviews":"","Address":"","Reviewer":"Adina Tsibulevskiy","Reviewer_page":"https://www.google.com/maps/contrib/105382700331720232287/reviews?hl=en-US","Review_time":"6 years ago","Review":"","Likes":""},{"Name":"","Category":"","Rating":" 4 stars ","Number_of_Reviews":"","Address":"","Reviewer":"abdulraman alhussein","Reviewer_page":"https://www.google.com/maps/contrib/115778571289425174537/reviews?hl=en-US","Review_time":"4 years ago","Review":"","Likes":""},{"Name":"","Category":"","Rating":" 3 stars ","Number_of_Reviews":"","Address":"","Reviewer":"Nina M Heyliger","Reviewer_page":"https://www.google.com/maps/contrib/110942239595652712435/reviews?hl=en-US","Review_time":"2 years ago","Review":"","Likes":""},{"Name":"","Category":"","Rating":" 4 stars ","Number_of_Reviews":"","Address":"","Reviewer":"Audrey Wong","Reviewer_page":"https://www.google.com/maps/contrib/100173162976025250706/reviews?hl=en-US","Review_time":"6 years ago","Review":"","Likes":""},{"Name":"","Category":"","Rating":" 5 stars ","Number_of_Reviews":"","Address":"","Reviewer":"Luis Rosa","Reviewer_page":"https://www.google.com/maps/contrib/116540246068683613724/reviews?hl=en-US","Review_time":"6 years ago","Review":"","Likes":""},{"Name":"","Category":"","Rating":" 5 stars ","Number_of_Reviews":"","Address":"","Reviewer":"Robert Napolitano","Reviewer_page":"https://www.google.com/maps/contrib/105450383418849180661/reviews?hl=en-US","Review_time":"2 months ago","Review":"","Likes":""},{"Name":"","Category":"","Rating":" 5 stars ","Number_of_Reviews":"","Address":"","Reviewer":"Jenn colon","Reviewer_page":"https://www.google.com/maps/contrib/114721802877506116360/reviews?hl=en-US","Review_time":"2 years ago","Review":"","Likes":""},{"Name":"","Category":"","Rating":" 5 stars ","Number_of_Reviews":"","Address":"","Reviewer":"Kevin Abramov","Reviewer_page":"https://www.google.com/maps/contrib/103336015825635343275/reviews?hl=en-US","Review_time":"2 years ago","Review":"","Likes":""},{"Name":"","Category":"","Rating":" 5 stars ","Number_of_Reviews":"","Address":"","Reviewer":"hei wu","Reviewer_page":"https://www.google.com/maps/contrib/105028892299545930694/reviews?hl=en-US","Review_time":"2 years ago","Review":"","Likes":""},{"Name":"","Category":"","Rating":" 5 stars ","Number_of_Reviews":"","Address":"","Reviewer":"Erica Robles","Reviewer_page":"https://www.google.com/maps/contrib/113098848006250517371/reviews?hl=en-US","Review_time":"4 years ago","Review":"","Likes":""},{"Name":"","Category":"","Rating":" 5 stars ","Number_of_Reviews":"","Address":"","Reviewer":"Misty Autum","Reviewer_page":"https://www.google.com/maps/contrib/100311679059140580750/reviews?hl=en-US","Review_time":"3 years ago","Review":"","Likes":""},{"Name":"","Category":"","Rating":" 5 stars ","Number_of_Reviews":"","Address":"","Reviewer":"Dima D-i","Reviewer_page":"https://www.google.com/maps/contrib/108484491877031104332/reviews?hl=en-US","Review_time":"3 years ago","Review":"","Likes":""},{"Name":"","Category":"","Rating":" 5 stars ","Number_of_Reviews":"","Address":"","Reviewer":"Basil Masood","Reviewer_page":"https://www.google.com/maps/contrib/108173848040568501019/reviews?hl=en-US","Review_time":"2 years ago","Review":"","Likes":""},{"Name":"","Category":"","Rating":" 3 stars ","Number_of_Reviews":"","Address":"","Reviewer":"Diane Matheis","Reviewer_page":"https://www.google.com/maps/contrib/115768806299012996679/reviews?hl=en-US","Review_time":"3 years ago","Review":"","Likes":""},{"Name":"","Category":"","Rating":" 3 stars ","Number_of_Reviews":"","Address":"","Reviewer":"Anthony Anderson","Reviewer_page":"https://www.google.com/maps/contrib/100046977006341395030/reviews?hl=en-US","Review_time":"6 years ago","Review":"","Likes":""},{"Name":"","Category":"","Rating":" 5 stars ","Number_of_Reviews":"","Address":"","Reviewer":"Sara Aparicio","Reviewer_page":"https://www.google.com/maps/contrib/117358734031143976984/reviews?hl=en-US","Review_time":"2 years ago","Review":"","Likes":""},{"Name":"","Category":"","Rating":" 5 stars ","Number_of_Reviews":"","Address":"","Reviewer":"LIANA BANDUANYAN","Reviewer_page":"https://www.google.com/maps/contrib/106601259956688774488/reviews?hl=en-US","Review_time":"a year ago","Review":"","Likes":""},{"Name":"","Category":"","Rating":" 5 stars ","Number_of_Reviews":"","Address":"","Reviewer":"Althea Thomas","Reviewer_page":"https://www.google.com/maps/contrib/105513279249437329952/reviews?hl=en-US","Review_time":"3 years ago","Review":"","Likes":""},{"Name":"","Category":"","Rating":" 3 stars ","Number_of_Reviews":"","Address":"","Reviewer":"Daniella Muratova","Reviewer_page":"https://www.google.com/maps/contrib/101735224606740008425/reviews?hl=en-US","Review_time":"3 years ago","Review":"","Likes":""},{"Name":"","Category":"","Rating":" 5 stars ","Number_of_Reviews":"","Address":"","Reviewer":"Johnny Rodriguez","Reviewer_page":"https://www.google.com/maps/contrib/102840579774954146072/reviews?hl=en-US","Review_time":"6 months ago","Review":"","Likes":""},{"Name":"","Category":"","Rating":" 4 stars ","Number_of_Reviews":"","Address":"","Reviewer":"Steve Schonberg","Reviewer_page":"https://www.google.com/maps/contrib/106522243270253663032/reviews?hl=en-US","Review_time":"10 years ago","Review":"","Likes":""},{"Name":"","Category":"","Rating":" 5 stars ","Number_of_Reviews":"","Address":"","Reviewer":"Marco Loureiro","Reviewer_page":"https://www.google.com/maps/contrib/101497527458213784532/reviews?hl=en-US","Review_time":"3 years ago","Review":"","Likes":""},{"Name":"","Category":"","Rating":" 5 stars ","Number_of_Reviews":"","Address":"","Reviewer":"Sara Pettit","Reviewer_page":"https://www.google.com/maps/contrib/109341946444111730798/reviews?hl=en-US","Review_time":"6 months ago","Review":"","Likes":""},{"Name":"","Category":"","Rating":" 4 stars ","Number_of_Reviews":"","Address":"","Reviewer":"Hershel Praeger","Reviewer_page":"https://www.google.com/maps/contrib/107379885889177003285/reviews?hl=en-US","Review_time":"10 months ago","Review":"","Likes":""},{"Name":"","Category":"","Rating":" 5 stars ","Number_of_Reviews":"","Address":"","Reviewer":"Hugo Lopez","Reviewer_page":"https://www.google.com/maps/contrib/102189641773031859584/reviews?hl=en-US","Review_time":"4 years ago","Review":"","Likes":""},{"Name":"","Category":"","Rating":" 5 stars ","Number_of_Reviews":"","Address":"","Reviewer":"Harrry Purdum","Reviewer_page":"https://www.google.com/maps/contrib/107486214316120485667/reviews?hl=en-US","Review_time":"2 years ago","Review":"","Likes":""},{"Name":"","Category":"","Rating":" 2 stars ","Number_of_Reviews":"","Address":"","Reviewer":"Esmeralda Herrera","Reviewer_page":"https://www.google.com/maps/contrib/103756253448198006515/reviews?hl=en-US","Review_time":"a year ago","Review":"","Likes":""},{"Name":"","Category":"","Rating":" 1 star ","Number_of_Reviews":"","Address":"","Reviewer":"Fredrick Marsiello","Reviewer_page":"https://www.google.com/maps/contrib/102842525888355711366/reviews?hl=en-US","Review_time":"2 years ago","Review":"","Likes":""},{"Name":"","Category":"","Rating":" 5 stars ","Number_of_Reviews":"","Address":"","Reviewer":"Eric Digeratu","Reviewer_page":"https://www.google.com/maps/contrib/113422173217063175699/reviews?hl=en-US","Review_time":"a year ago","Review":"","Likes":""},{"Name":"","Category":"","Rating":" 5 stars ","Number_of_Reviews":"","Address":"","Reviewer":"W. S.","Reviewer_page":"https://www.google.com/maps/contrib/101938684151264905765/reviews?hl=en-US","Review_time":"6 years ago","Review":"","Likes":""},{"Name":"","Category":"","Rating":" 5 stars ","Number_of_Reviews":"","Address":"","Reviewer":"Serdar İbişler","Reviewer_page":"https://www.google.com/maps/contrib/107912349464239807634/reviews?hl=en-US","Review_time":"a year ago","Review":"","Likes":""},{"Name":"","Category":"","Rating":" 5 stars ","Number_of_Reviews":"","Address":"","Reviewer":"Luis Caceres","Reviewer_page":"https://www.google.com/maps/contrib/103678207653844078433/reviews?hl=en-US","Review_time":"4 years ago","Review":"","Likes":""},{"Name":"","Category":"","Rating":" 4 stars ","Number_of_Reviews":"","Address":"","Reviewer":"peggy chiu","Reviewer_page":"https://www.google.com/maps/contrib/102817326435232825369/reviews?hl=en-US","Review_time":"3 years ago","Review":"","Likes":""},{"Name":"","Category":"","Rating":" 5 stars ","Number_of_Reviews":"","Address":"","Reviewer":"Sandra Wong","Reviewer_page":"https://www.google.com/maps/contrib/103468078358716092675/reviews?hl=en-US","Review_time":"10 months ago","Review":"","Likes":""},{"Name":"","Category":"","Rating":" 4 stars ","Number_of_Reviews":"","Address":"","Reviewer":"Reign Taylor","Reviewer_page":"https://www.google.com/maps/contrib/105660829808009097877/reviews?hl=en-US","Review_time":"4 years ago","Review":"","Likes":""},{"Name":"","Category":"","Rating":" 5 stars ","Number_of_Reviews":"","Address":"","Reviewer":"Maria Rodriguez","Reviewer_page":"https://www.google.com/maps/contrib/109311047011289212130/reviews?hl=en-US","Review_time":"4 years ago","Review":"","Likes":""},{"Name":"","Category":"","Rating":" 5 stars ","Number_of_Reviews":"","Address":"","Reviewer":"Weslee Spell","Reviewer_page":"https://www.google.com/maps/contrib/103288436202658689914/reviews?hl=en-US","Review_time":"5 years ago","Review":"","Likes":""},{"Name":"","Category":"","Rating":" 4 stars ","Number_of_Reviews":"","Address":"","Reviewer":"Arrafi Raiyan","Reviewer_page":"https://www.google.com/maps/contrib/102421868650055628511/reviews?hl=en-US","Review_time":"a year ago","Review":"","Likes":""},{"Name":"","Category":"","Rating":" 4 stars ","Number_of_Reviews":"","Address":"","Reviewer":"Alessandro Dallago","Reviewer_page":"https://www.google.com/maps/contrib/108927641478082729651/reviews?hl=en-US","Review_time":"3 years ago","Review":"","Likes":""},{"Name":"","Category":"","Rating":" 1 star ","Number_of_Reviews":"","Address":"","Reviewer":"Carmel Ambroise","Reviewer_page":"https://www.google.com/maps/contrib/110010156946947687843/reviews?hl=en-US","Review_time":"3 years ago","Review":"","Likes":""},{"Name":"","Category":"","Rating":" 5 stars ","Number_of_Reviews":"","Address":"","Reviewer":"ron","Reviewer_page":"https://www.google.com/maps/contrib/112397801537059660375/reviews?hl=en-US","Review_time":"6 months ago","Review":"","Likes":""},{"Name":"","Category":"","Rating":" 5 stars ","Number_of_Reviews":"","Address":"","Reviewer":"Brianna Lowe","Reviewer_page":"https://www.google.com/maps/contrib/117351038054479490600/reviews?hl=en-US","Review_time":"2 years ago","Review":"","Likes":""},{"Name":"","Category":"","Rating":" 5 stars ","Number_of_Reviews":"","Address":"","Reviewer":"Eric Chacon","Reviewer_page":"https://www.google.com/maps/contrib/110352004996062322141/reviews?hl=en-US","Review_time":"a year ago","Review":"","Likes":""},{"Name":"","Category":"","Rating":" 5 stars ","Number_of_Reviews":"","Address":"","Reviewer":"Laura Montealegre","Reviewer_page":"https://www.google.com/maps/contrib/114633359307629441466/reviews?hl=en-US","Review_time":"a year ago","Review":"","Likes":""},{"Name":"","Category":"","Rating":" 4 stars ","Number_of_Reviews":"","Address":"","Reviewer":"M S","Reviewer_page":"https://www.google.com/maps/contrib/108146073271686251675/reviews?hl=en-US","Review_time":"7 months ago","Review":"","Likes":""},{"Name":"","Category":"","Rating":" 5 stars ","Number_of_Reviews":"","Address":"","Reviewer":"Bryant Lizardo","Reviewer_page":"https://www.google.com/maps/contrib/107702778931988133465/reviews?hl=en-US","Review_time":"2 years ago","Review":"","Likes":""},{"Name":"","Category":"","Rating":" 5 stars ","Number_of_Reviews":"","Address":"","Reviewer":"Andrew liquori","Reviewer_page":"https://www.google.com/maps/contrib/104579703437564150753/reviews?hl=en-US","Review_time":"4 years ago","Review":"","Likes":""},{"Name":"","Category":"","Rating":" 5 stars ","Number_of_Reviews":"","Address":"","Reviewer":"Alan “Priest” K","Reviewer_page":"https://www.google.com/maps/contrib/103253226165738044505/reviews?hl=en-US","Review_time":"a year ago","Review":"","Likes":""},{"Name":"","Category":"","Rating":" 5 stars ","Number_of_Reviews":"","Address":"","Reviewer":"Laura James","Reviewer_page":"https://www.google.com/maps/contrib/103820028621792255250/reviews?hl=en-US","Review_time":"11 months ago","Review":"","Likes":""},{"Name":"","Category":"","Rating":" 4 stars ","Number_of_Reviews":"","Address":"","Reviewer":"Parker Lee","Reviewer_page":"https://www.google.com/maps/contrib/109519641095353742444/reviews?hl=en-US","Review_time":"5 years ago","Review":"","Likes":""},{"Name":"","Category":"","Rating":" 5 stars ","Number_of_Reviews":"","Address":"","Reviewer":"Ana Fernandez","Reviewer_page":"https://www.google.com/maps/contrib/118299351406908009765/reviews?hl=en-US","Review_time":"a year ago","Review":"","Likes":""},{"Name":"","Category":"","Rating":" 5 stars ","Number_of_Reviews":"","Address":"","Reviewer":"Nita Mahtani","Reviewer_page":"https://www.google.com/maps/contrib/105974077278522279009/reviews?hl=en-US","Review_time":"a year ago","Review":"","Likes":""},{"Name":"","Category":"","Rating":" 5 stars ","Number_of_Reviews":"","Address":"","Reviewer":"Doris Taveras","Reviewer_page":"https://www.google.com/maps/contrib/106735221529504445836/reviews?hl=en-US","Review_time":"3 years ago","Review":"","Likes":""},{"Name":"","Category":"","Rating":" 5 stars ","Number_of_Reviews":"","Address":"","Reviewer":"Mariandrea Gómez","Reviewer_page":"https://www.google.com/maps/contrib/104719187215536907470/reviews?hl=en-US","Review_time":"a year ago","Review":"","Likes":""},{"Name":"","Category":"","Rating":" 5 stars ","Number_of_Reviews":"","Address":"","Reviewer":"Kumar Ragoo","Reviewer_page":"https://www.google.com/maps/contrib/102424464745729138395/reviews?hl=en-US","Review_time":"3 years ago","Review":"","Likes":""},{"Name":"","Category":"","Rating":" 4 stars ","Number_of_Reviews":"","Address":"","Reviewer":"Tahsin Tausif","Reviewer_page":"https://www.google.com/maps/contrib/117301438746877482500/reviews?hl=en-US","Review_time":"a year ago","Review":"","Likes":""},{"Name":"","Category":"","Rating":" 1 star ","Number_of_Reviews":"","Address":"","Reviewer":"jack Tripitz","Reviewer_page":"https://www.google.com/maps/contrib/110031906139900942405/reviews?hl=en-US","Review_time":"2 years ago","Review":"","Likes":""},{"Name":"","Category":"","Rating":" 5 stars ","Number_of_Reviews":"","Address":"","Reviewer":"Sukaina Rigaud","Reviewer_page":"https://www.google.com/maps/contrib/115196420804638807254/reviews?hl=en-US","Review_time":"4 years ago","Review":"","Likes":""},{"Name":"","Category":"","Rating":" 5 stars ","Number_of_Reviews":"","Address":"","Reviewer":"weiping chen","Reviewer_page":"https://www.google.com/maps/contrib/106110911955618433611/reviews?hl=en-US","Review_time":"7 months ago","Review":"","Likes":""}