[{"Name":"","Category":"","Rating":" 5 stars ","Number_of_Reviews":"","Address":"","Reviewer":"Renee Sevcik","Reviewer_page":"https://www.google.com/maps/contrib/108041698763571603047/reviews?hl=en-US","Review_time":"2 weeks ago","Review":"My pup had her first pup cup today!! This Starbucks is wonderful. They prepare your coffee to perfection and serve it with a friendly face!! ❤🐶 Drive thru was 10 stars!!!!","Likes":""},{"Name":"","Category":"","Rating":" 5 stars ","Number_of_Reviews":"","Address":"","Reviewer":"Jonida Balla","Reviewer_page":"https://www.google.com/maps/contrib/115700792349764899120/reviews?hl=en-US","Review_time":"2 months ago","Review":"This is a brand new Starbucks in my neighborhood! I love the design and the location!","Likes":"3"},{"Name":"","Category":"","Rating":" 4 stars ","Number_of_Reviews":"","Address":"","Reviewer":"Maryam Mudasir","Reviewer_page":"https://www.google.com/maps/contrib/117942881782556895184/reviews?hl=en-US","Review_time":"3 months ago","Review":"The staff is helpful and good at handling the orders. The seating is also nice. My only issue is that they don't display snack options out in the open.","Likes":"1"},{"Name":"","Category":"","Rating":" 5 stars ","Number_of_Reviews":"","Address":"","Reviewer":"Raphael Alfau","Reviewer_page":"https://www.google.com/maps/contrib/106714787302926986448/reviews?hl=en-US","Review_time":"2 months ago","Review":"drive thru menu is really cool and the entire place is braaaand new. drinks on point & staff is extremely friendly.","Likes":"2"},{"Name":"","Category":"","Rating":" 5 stars ","Number_of_Reviews":"","Address":"","Reviewer":"Tiffany Martos","Reviewer_page":"https://www.google.com/maps/contrib/100861772401646859649/reviews?hl=en-US","Review_time":"2 months ago","Review":"Love that there’s finally Starbucks in the village but don’t forget your local businesses! It’s what makes the  Whitestone Village what it is today!","Likes":""},{"Name":"","Category":"","Rating":" 4 stars ","Number_of_Reviews":"","Address":"","Reviewer":"Serina Li","Reviewer_page":"https://www.google.com/maps/contrib/109070881944253087520/reviews?hl=en-US","Review_time":"a month ago","Review":"It's brand new,  tables are a bit small. Staff is friendly.","Likes":""},{"Name":"","Category":"","Rating":" 5 stars ","Number_of_Reviews":"","Address":"","Reviewer":"sean perinuzzi","Reviewer_page":"https://www.google.com/maps/contrib/112192833421578053907/reviews?hl=en-US","Review_time":"3 months ago","Review":"Drive-thru Starbucks In Whitestone. Automatic 5 stars.","Likes":"2"},{"Name":"","Category":"","Rating":" 5 stars ","Number_of_Reviews":"","Address":"","Reviewer":"Joe Trotta","Reviewer_page":"https://www.google.com/maps/contrib/110605169348814775448/reviews?hl=en-US","Review_time":"3 months ago","Review":"Brand new and running smoothly, be sure to check it out","Likes":""},{"Name":"","Category":"","Rating":" 5 stars ","Number_of_Reviews":"","Address":"","Reviewer":"Stephanie Parente","Reviewer_page":"https://www.google.com/maps/contrib/100644765331890926434/reviews?hl=en-US","Review_time":"3 months ago","Review":"All the girls who work here are so niceeee","Likes":""},{"Name":"","Category":"","Rating":" 5 stars ","Number_of_Reviews":"","Address":"","Reviewer":"BJ HAN","Reviewer_page":"https://www.google.com/maps/contrib/104166048077255789257/reviews?hl=en-US","Review_time":"3 months ago","Review":"Clean and friendly","Likes":""},{"Name":"","Category":"","Rating":" 5 stars ","Number_of_Reviews":"","Address":"","Reviewer":"Phillip Chang","Reviewer_page":"https://www.google.com/maps/contrib/109542822802971203361/reviews?hl=en-US","Review_time":"3 months ago","Review":"New place :)\nLove it","Likes":""},{"Name":"","Category":"","Rating":" 5 stars ","Number_of_Reviews":"","Address":"","Reviewer":"Matt Dell","Reviewer_page":"https://www.google.com/maps/contrib/107125928510520801811/reviews?hl=en-US","Review_time":"3 days ago","Review":"Coffee and breakfast sandwiches. Bathroom was clean, went at 6am, no issues I would come back.","Likes":""},{"Name":"","Category":"","Rating":" 5 stars ","Number_of_Reviews":"","Address":"","Reviewer":"Adriana Rodríguez","Reviewer_page":"https://www.google.com/maps/contrib/112225253904164655337/reviews?hl=en-US","Review_time":"6 days ago","Review":"(Translated by Google) Spectacular\n\n(Original)\nEspectacular","Likes":"2"},{"Name":"","Category":"","Rating":" 5 stars ","Number_of_Reviews":"","Address":"","Reviewer":"john vira","Reviewer_page":"https://www.google.com/maps/contrib/106368900724977608404/reviews?hl=en-US","Review_time":"6 days ago","Review":"","Likes":""},{"Name":"","Category":"","Rating":" 5 stars ","Number_of_Reviews":"","Address":"","Reviewer":"Richard Lin","Reviewer_page":"https://www.google.com/maps/contrib/101743066177314809678/reviews?hl=en-US","Review_time":"a month ago","Review":"","Likes":""},{"Name":"","Category":"","Rating":" 5 stars ","Number_of_Reviews":"","Address":"","Reviewer":"JSciarrillo","Reviewer_page":"https://www.google.com/maps/contrib/118365656489296902942/reviews?hl=en-US","Review_time":"2 months ago","Review":"","Likes":""},{"Name":"","Category":"","Rating":" 5 stars ","Number_of_Reviews":"","Address":"","Reviewer":"Cheryl Ruggiero","Reviewer_page":"https://www.google.com/maps/contrib/115513203212428661079/reviews?hl=en-US","Review_time":"3 months ago","Review":"","Likes":""},{"Name":"","Category":"","Rating":" 5 stars ","Number_of_Reviews":"","Address":"","Reviewer":"??????","Reviewer_page":"https://www.google.com/maps/contrib/103462599328709826063/reviews?hl=en-US","Review_time":"a month ago","Review":"","Likes":""},{"Name":"","Category":"","Rating":" 5 stars ","Number_of_Reviews":"","Address":"","Reviewer":"Danny Shapira","Reviewer_page":"https://www.google.com/maps/contrib/110333892074722596846/reviews?hl=en-US","Review_time":"3 months ago","Review":"","Likes":""},{"Name":"","Category":"","Rating":" 4 stars ","Number_of_Reviews":"","Address":"","Reviewer":"Albert Kim","Reviewer_page":"https://www.google.com/maps/contrib/113142039233607045849/reviews?hl=en-US","Review_time":"a month ago","Review":"","Likes":""},{"Name":"","Category":"","Rating":" 5 stars ","Number_of_Reviews":"","Address":"","Reviewer":"Gabrielle Ava Jocson","Reviewer_page":"https://www.google.com/maps/contrib/104036404956225795649/reviews?hl=en-US","Review_time":"3 months ago","Review":"","Likes":""},{"Name":"","Category":"","Rating":" 5 stars ","Number_of_Reviews":"","Address":"","Reviewer":"j lee","Reviewer_page":"https://www.google.com/maps/contrib/102310838404158008951/reviews?hl=en-US","Review_time":"a month ago","Review":"","Likes":""},{"Name":"","Category":"","Rating":" 5 stars ","Number_of_Reviews":"","Address":"","Reviewer":"hongzhong hu","Reviewer_page":"https://www.google.com/maps/contrib/107559636913182741927/reviews?hl=en-US","Review_time":"3 months ago","Review":"","Likes":""},{"Name":"","Category":"","Rating":" 5 stars ","Number_of_Reviews":"","Address":"","Reviewer":"Ariel Caba","Reviewer_page":"https://www.google.com/maps/contrib/113452700453501165806/reviews?hl=en-US","Review_time":"2 months ago","Review":"","Likes":""},{"Name":"","Category":"","Rating":" 5 stars ","Number_of_Reviews":"","Address":"","Reviewer":"Jhonneri Munoz","Reviewer_page":"https://www.google.com/maps/contrib/113404255163692087982/reviews?hl=en-US","Review_time":"3 months ago","Review":"","Likes":""}