[{"Name":"","Category":"","Rating":" 1 star ","Number_of_Reviews":"","Address":"","Reviewer":"Claribel Colon","Reviewer_page":"https://www.google.com/maps/contrib/106495486983489556933/reviews?hl=en-US","Review_time":"a year ago","Review":"I gave start bucks inside target one star for the following reasons one they don't make decaf coffee excuse me Starbucks it's all about coffee. Two they don't do the startbucks rewards. But really no decaf coffee. They were two ladies behind me and all I heard was no we don't make those. I only bump into this problem at this Target","Likes":""},{"Name":"","Category":"","Rating":" 2 stars ","Number_of_Reviews":"","Address":"","Reviewer":"Yana","Reviewer_page":"https://www.google.com/maps/contrib/106848830128976675320/reviews?hl=en-US","Review_time":"a year ago","Review":"I entered this Starbucks around 9:30 p.m. I ordered an iced caramel macchiato with extra caramel and received a cup of caramel infused ice milk— no espresso shots on top. Disgusted and disappointed.","Likes":""},{"Name":"","Category":"","Rating":" 1 star ","Number_of_Reviews":"","Address":"","Reviewer":"Shaheen khan","Reviewer_page":"https://www.google.com/maps/contrib/117336085667575599843/reviews?hl=en-US","Review_time":"3 years ago","Review":"I have purchased a medium sized cappuccino with almond milk and suger from this out let on 18th of February around 6pm in evening I had only one customer ahead of me unit the man on the computer took my order the customer before me was already left so I was alone waiting for my coffee and I know exactly how come that customer was done so quickly because the cappuccino which that Chinese girl maked was like some coffee bought from 99 cent store and the quantity what she gave me was even lesser then the small size it as just fill 1/4th of that huge cup and there was no suger and I end up paying 9 dollars for that suger less and 3 to 4 sips of coffee. I had my babies with me who's just 6 months old and it was really cold that day and I was in rush otherwise I would have told her on her face.it was a complete waste of money and that Chinese girl spoiled my evening.im suggesting everyone to check over on their coffee before they leave.","Likes":""},{"Name":"","Category":"","Rating":" 1 star ","Number_of_Reviews":"","Address":"","Reviewer":"Imesh B","Reviewer_page":"https://www.google.com/maps/contrib/109310574224055570314/reviews?hl=en-US","Review_time":"3 years ago","Review":"Came here around Friday noon time no line. There was no one at the counter for about five minutes. Then someone showed up and seemed to be in a rush. Asked for a sandwich and a hot cafe mocha grande with cream as I usually order in other Starbucks. She said doesn’t know what a mocha grande.. then I explained what I wanted. I said I’ll be back in five minutes. I came back there was no line. But my mocha wasn’t ready. I waited a minute. Then she said I’m all set. I had to ask for the sandwich. Then only she remembered to put it in to microwave/heat up. Mocha did not come with cream. I asked for mocha. I must ask for whip cream. Funny enough, a few minutes later another customer came and she asked if he wants cream and put a round of whip cream on his drink.","Likes":""},{"Name":"","Category":"","Rating":" 1 star ","Number_of_Reviews":"","Address":"","Reviewer":"dominic weidman","Reviewer_page":"https://www.google.com/maps/contrib/103155661281135056922/reviews?hl=en-US","Review_time":"a year ago","Review":"1st i experienced Starbucks in slowmotion mode.... 4 employees at the shift they cant help 3 customers! Thats ridiculous,  i am waiting like more than 10 minutes for 2 drinks.. insane","Likes":""},{"Name":"","Category":"","Rating":" 5 stars ","Number_of_Reviews":"","Address":"","Reviewer":"Michael Imasua","Reviewer_page":"https://www.google.com/maps/contrib/110963711026569687671/reviews?hl=en-US","Review_time":"7 years ago","Review":"One of my favorite starbucks location. Staffs are very friendly. The space is very cozy, but not over-packed like most starbucks.  And free parking is available. Right next to a McDonald store in-case you need a full meal.","Likes":""},{"Name":"","Category":"","Rating":" 5 stars ","Number_of_Reviews":"","Address":"","Reviewer":"Frances Fan","Reviewer_page":"https://www.google.com/maps/contrib/105128212600319745762/reviews?hl=en-US","Review_time":"3 years ago","Review":"Closest Starbucks in my neighborhood. Staff is nice, store is clean. They got my orders right. Love it.","Likes":""},{"Name":"","Category":"","Rating":" 2 stars ","Number_of_Reviews":"","Address":"","Reviewer":"alexis","Reviewer_page":"https://www.google.com/maps/contrib/104257682023819816903/reviews?hl=en-US","Review_time":"3 years ago","Review":"i ordered a black tea lemonade and the worker jen gave me a white tea lemonade. i brought it back to tell her and she continued to tell me that it was white tea.","Likes":""},{"Name":"","Category":"","Rating":" 2 stars ","Number_of_Reviews":"","Address":"","Reviewer":"Prof Mike","Reviewer_page":"https://www.google.com/maps/contrib/101223257643110507093/reviews?hl=en-US","Review_time":"4 years ago","Review":"Meh. Inside a Target. Lazy, unfriendly employee, 2pm 8/16/2018. Very overpriced. There's a full service Starbucks 2 minutes away...go there!","Likes":""},{"Name":"","Category":"","Rating":" 1 star ","Number_of_Reviews":"","Address":"","Reviewer":"Jean Li","Reviewer_page":"https://www.google.com/maps/contrib/116524294776019245216/reviews?hl=en-US","Review_time":"3 years ago","Review":"Watch out! The cashier lady charged me $2 extra for each drink and wouldn’t provide me the receipt... never going back again","Likes":"1"},{"Name":"","Category":"","Rating":" 1 star ","Number_of_Reviews":"","Address":"","Reviewer":"Anthony Lam","Reviewer_page":"https://www.google.com/maps/contrib/111460488090245421550/reviews?hl=en-US","Review_time":"4 years ago","Review":"Took forever to take orders, and I ordered only 2 drinks cost $11.38 , gave the guy a $50, I only got 30.62 back , long story short, the guy gave me the wrong change didn't feel sorry and fail to apologize.","Likes":""},{"Name":"","Category":"","Rating":" 5 stars ","Number_of_Reviews":"","Address":"","Reviewer":"Michael Brack","Reviewer_page":"https://www.google.com/maps/contrib/105741770226959206169/reviews?hl=en-US","Review_time":"11 years ago","Review":"Kid showed us the sweet tungsten rings he had from flushing and was uber nice","Likes":""},{"Name":"","Category":"","Rating":" 5 stars ","Number_of_Reviews":"","Address":"","Reviewer":"Serina Li","Reviewer_page":"https://www.google.com/maps/contrib/109070881944253087520/reviews?hl=en-US","Review_time":"a year ago","Review":"Nice staff and know what they are doing.","Likes":""},{"Name":"","Category":"","Rating":" 4 stars ","Number_of_Reviews":"","Address":"","Reviewer":"Jorge Orozco","Reviewer_page":"https://www.google.com/maps/contrib/115943615415485578019/reviews?hl=en-US","Review_time":"4 years ago","Review":"Great  coffee and this location was remodeled.","Likes":""},{"Name":"","Category":"","Rating":" 5 stars ","Number_of_Reviews":"","Address":"","Reviewer":"Jo I","Reviewer_page":"https://www.google.com/maps/contrib/112209229007410762150/reviews?hl=en-US","Review_time":"5 years ago","Review":"Always quick and wonderful.  Parking is available but awkward.","Likes":""},{"Name":"","Category":"","Rating":" 4 stars ","Number_of_Reviews":"","Address":"","Reviewer":"Pat Lapp","Reviewer_page":"https://www.google.com/maps/contrib/112284759107679144718/reviews?hl=en-US","Review_time":"7 years ago","Review":"A bit slow but not bad. Very convenient","Likes":""},{"Name":"","Category":"","Rating":" 5 stars ","Number_of_Reviews":"","Address":"","Reviewer":"Madellyn Cuevas","Reviewer_page":"https://www.google.com/maps/contrib/106707858516290530067/reviews?hl=en-US","Review_time":"6 years ago","Review":"I was in and out also very pleasant employees","Likes":""},{"Name":"","Category":"","Rating":" 5 stars ","Number_of_Reviews":"","Address":"","Reviewer":"Tom S","Reviewer_page":"https://www.google.com/maps/contrib/115231717420086380016/reviews?hl=en-US","Review_time":"6 years ago","Review":"Needs more seating but it's nice","Likes":""},{"Name":"","Category":"","Rating":" 5 stars ","Number_of_Reviews":"","Address":"","Reviewer":"Siva Muthiah","Reviewer_page":"https://www.google.com/maps/contrib/115303606152389538087/reviews?hl=en-US","Review_time":"3 years ago","Review":"Great service.  Great manager and staffs","Likes":""},{"Name":"","Category":"","Rating":" 5 stars ","Number_of_Reviews":"","Address":"","Reviewer":"Olga R Arroyo","Reviewer_page":"https://www.google.com/maps/contrib/113392899695442990306/reviews?hl=en-US","Review_time":"3 years ago","Review":"Always great coffee","Likes":""},{"Name":"","Category":"","Rating":" 4 stars ","Number_of_Reviews":"","Address":"","Reviewer":"Eben Bronfman","Reviewer_page":"https://www.google.com/maps/contrib/102695473055799992992/reviews?hl=en-US","Review_time":"5 years ago","Review":"A nice Starbucks in a big shopping mall","Likes":""},{"Name":"","Category":"","Rating":" 2 stars ","Number_of_Reviews":"","Address":"","Reviewer":"Renato Rosales","Reviewer_page":"https://www.google.com/maps/contrib/115110850912670804511/reviews?hl=en-US","Review_time":"5 years ago","Review":"The coffee is burnt!!!!! FL*S*ING QUEENS!!","Likes":"1"},{"Name":"","Category":"","Rating":" 5 stars ","Number_of_Reviews":"","Address":"","Reviewer":"Lorena Orozco","Reviewer_page":"https://www.google.com/maps/contrib/102623235289816432908/reviews?hl=en-US","Review_time":"6 years ago","Review":"Loves it..  Staff is nice..","Likes":""},{"Name":"","Category":"","Rating":" 5 stars ","Number_of_Reviews":"","Address":"","Reviewer":"Kevin Fuchs","Reviewer_page":"https://www.google.com/maps/contrib/110032944610857930021/reviews?hl=en-US","Review_time":"3 years ago","Review":"I love it","Likes":""},{"Name":"","Category":"","Rating":" 5 stars ","Number_of_Reviews":"","Address":"","Reviewer":"john vira","Reviewer_page":"https://www.google.com/maps/contrib/106368900724977608404/reviews?hl=en-US","Review_time":"6 years ago","Review":"Great location!!","Likes":""},{"Name":"","Category":"","Rating":" 5 stars ","Number_of_Reviews":"","Address":"","Reviewer":"玄龍","Reviewer_page":"https://www.google.com/maps/contrib/104552358177823592827/reviews?hl=en-US","Review_time":"4 years ago","Review":"(Translated by Google) Very good and quiet place, I often come here to drink coffee here, the parking lot is very big, parking is free ... Big, parking is free ...\n\n(Original)\nVery good and quiet place, I often come here to drink coffee here, the parking lot is very big, parking is free......很好很安静的场所，我自己经常来这里喝咖啡上网，停车场很大，停车是免费的......","Likes":"1"},{"Name":"","Category":"","Rating":" 5 stars ","Number_of_Reviews":"","Address":"","Reviewer":"Wilkins Sanchez","Reviewer_page":"https://www.google.com/maps/contrib/108845564075109607770/reviews?hl=en-US","Review_time":"6 years ago","Review":"(Translated by Google) We already know that it is the ideal place to drink the best coffee\n\n(Original)\nYa sabemos que es el lugar ideal para tomar el mejor café","Likes":""},{"Name":"","Category":"","Rating":" 5 stars ","Number_of_Reviews":"","Address":"","Reviewer":"BINBIN ZHANG","Reviewer_page":"https://www.google.com/maps/contrib/100919407816280316808/reviews?hl=en-US","Review_time":"a year ago","Review":"(Translated by Google) A cup of cafe late for breakfast every day\n\n(Original)\n每天早餐必配一杯cafe late","Likes":""},{"Name":"","Category":"","Rating":" 3 stars ","Number_of_Reviews":"","Address":"","Reviewer":"KJ Han (Kay Han)","Reviewer_page":"https://www.google.com/maps/contrib/112477799484115997314/reviews?hl=en-US","Review_time":"2 years ago","Review":"(Translated by Google) Starbucks\n\n(Original)\n스타벅","Likes":""},{"Name":"","Category":"","Rating":" 5 stars ","Number_of_Reviews":"","Address":"","Reviewer":"Rebecca Dominguez","Reviewer_page":"https://www.google.com/maps/contrib/108037344474229984619/reviews?hl=en-US","Review_time":"5 years ago","Review":"","Likes":""},{"Name":"","Category":"","Rating":" 4 stars ","Number_of_Reviews":"","Address":"","Reviewer":"Soon Hee Ho","Reviewer_page":"https://www.google.com/maps/contrib/111555287378881533862/reviews?hl=en-US","Review_time":"2 years ago","Review":"","Likes":""},{"Name":"","Category":"","Rating":" 1 star ","Number_of_Reviews":"","Address":"","Reviewer":"Jerry esponosa","Reviewer_page":"https://www.google.com/maps/contrib/112154617033327558513/reviews?hl=en-US","Review_time":"3 years ago","Review":"","Likes":""},{"Name":"","Category":"","Rating":" 1 star ","Number_of_Reviews":"","Address":"","Reviewer":"Xuping Ren","Reviewer_page":"https://www.google.com/maps/contrib/112063839043746018381/reviews?hl=en-US","Review_time":"5 years ago","Review":"","Likes":""},{"Name":"","Category":"","Rating":" 5 stars ","Number_of_Reviews":"","Address":"","Reviewer":"Juan B. Rojas","Reviewer_page":"https://www.google.com/maps/contrib/118214981584888319952/reviews?hl=en-US","Review_time":"2 years ago","Review":"","Likes":""},{"Name":"","Category":"","Rating":" 3 stars ","Number_of_Reviews":"","Address":"","Reviewer":"Kim Mateo","Reviewer_page":"https://www.google.com/maps/contrib/108614041217837203305/reviews?hl=en-US","Review_time":"5 years ago","Review":"","Likes":""},{"Name":"","Category":"","Rating":" 5 stars ","Number_of_Reviews":"","Address":"","Reviewer":"Ayerim Flores","Reviewer_page":"https://www.google.com/maps/contrib/100757138966661880513/reviews?hl=en-US","Review_time":"4 years ago","Review":"","Likes":""},{"Name":"","Category":"","Rating":" 4 stars ","Number_of_Reviews":"","Address":"","Reviewer":"Peter Jang","Reviewer_page":"https://www.google.com/maps/contrib/104300040964972644471/reviews?hl=en-US","Review_time":"4 years ago","Review":"","Likes":""},{"Name":"","Category":"","Rating":" 5 stars ","Number_of_Reviews":"","Address":"","Reviewer":"Jasmine Virgile","Reviewer_page":"https://www.google.com/maps/contrib/102314876457221700910/reviews?hl=en-US","Review_time":"3 years ago","Review":"","Likes":""},{"Name":"","Category":"","Rating":" 4 stars ","Number_of_Reviews":"","Address":"","Reviewer":"Isabellae Wings","Reviewer_page":"https://www.google.com/maps/contrib/105313139037866746387/reviews?hl=en-US","Review_time":"6 years ago","Review":"","Likes":""},{"Name":"","Category":"","Rating":" 4 stars ","Number_of_Reviews":"","Address":"","Reviewer":"Alexa Kim","Reviewer_page":"https://www.google.com/maps/contrib/112990619264374067700/reviews?hl=en-US","Review_time":"3 years ago","Review":"","Likes":""},{"Name":"","Category":"","Rating":" 2 stars ","Number_of_Reviews":"","Address":"","Reviewer":"Tylaine Jeffrey","Reviewer_page":"https://www.google.com/maps/contrib/103691859358318151552/reviews?hl=en-US","Review_time":"7 years ago","Review":"","Likes":""},{"Name":"","Category":"","Rating":" 4 stars ","Number_of_Reviews":"","Address":"","Reviewer":"MARTINO MASIELLO","Reviewer_page":"https://www.google.com/maps/contrib/105837653351392436224/reviews?hl=en-US","Review_time":"2 years ago","Review":"","Likes":""},{"Name":"","Category":"","Rating":" 4 stars ","Number_of_Reviews":"","Address":"","Reviewer":"antony v","Reviewer_page":"https://www.google.com/maps/contrib/101316563265283832498/reviews?hl=en-US","Review_time":"6 years ago","Review":"","Likes":""},{"Name":"","Category":"","Rating":" 4 stars ","Number_of_Reviews":"","Address":"","Reviewer":"kenneth","Reviewer_page":"https://www.google.com/maps/contrib/118411516717709096866/reviews?hl=en-US","Review_time":"3 years ago","Review":"","Likes":""},{"Name":"","Category":"","Rating":" 4 stars ","Number_of_Reviews":"","Address":"","Reviewer":"Kristin Bandoian","Reviewer_page":"https://www.google.com/maps/contrib/101458871341171718292/reviews?hl=en-US","Review_time":"3 years ago","Review":"","Likes":""},{"Name":"","Category":"","Rating":" 1 star ","Number_of_Reviews":"","Address":"","Reviewer":"한민경","Reviewer_page":"https://www.google.com/maps/contrib/117674866846466095667/reviews?hl=en-US","Review_time":"a month ago","Review":"","Likes":""}