[{"Name":"","Category":"","Rating":" 5 stars ","Number_of_Reviews":"","Address":"","Reviewer":"Brianna M","Reviewer_page":"https://www.google.com/maps/contrib/100875838284019377864/reviews?hl=en-US","Review_time":"a week ago","Review":"ONE OF THE BEST STARBUCKS THAT IVE GONE TOO!! the workers are so nice, and even when packed are always making sure they get it done as  fast as possible, honestly doing gods work!! kudos to all the starbucks workers at this establishment!","Likes":"1"},{"Name":"","Category":"","Rating":" 3 stars ","Number_of_Reviews":"","Address":"","Reviewer":"Zhongwei Liu","Reviewer_page":"https://www.google.com/maps/contrib/106839718534359845766/reviews?hl=en-US","Review_time":"5 days ago","Review":"Convenient location right outside of Queensboro station, and pretty standard everything else. Only think is this store often would just put up a sign arbitrarily saying “temporarily closed”, with staff inside working and everything, but no explanation anywhere. I would recommend going to the one on Jackson Ave for a more consistent experience","Likes":""},{"Name":"","Category":"","Rating":" 5 stars ","Number_of_Reviews":"","Address":"","Reviewer":"Stephen Smith","Reviewer_page":"https://www.google.com/maps/contrib/115174347101763494123/reviews?hl=en-US","Review_time":"a week ago","Review":"Very busy spot right off the subway platform. Quick and easy, in and out. These guys are seriously efficient. It's also a really great social spot to meet locals. Definitely check it out.","Likes":""},{"Name":"","Category":"","Rating":" 5 stars ","Number_of_Reviews":"","Address":"","Reviewer":"Skachs Feheb","Reviewer_page":"https://www.google.com/maps/contrib/112128579502909577450/reviews?hl=en-US","Review_time":"2 months ago","Review":"So far the best Starbucks I’ve went to. KINDEST workers & they’re also fast with your order. The drink didn’t taste rushed & the service there is great.","Likes":""},{"Name":"","Category":"","Rating":" 1 star ","Number_of_Reviews":"","Address":"","Reviewer":"Tian G","Reviewer_page":"https://www.google.com/maps/contrib/114345682695981563046/reviews?hl=en-US","Review_time":"3 days ago","Review":"use tall cup as a grande, and use grande cup as a venti. You can tell me this is an accident.","Likes":"1"},{"Name":"","Category":"","Rating":" 5 stars ","Number_of_Reviews":"","Address":"","Reviewer":"Hubert","Reviewer_page":"https://www.google.com/maps/contrib/100607983347401052268/reviews?hl=en-US","Review_time":"3 years ago","Review":"Found a new Starbucks. Two days old. Pure, lacking of sin, untainted.\n\nAs soon as you walk in, that new smell hits. Like being taken to Payless by your mom and forced to try on shoes because there is a BOGO sale, but you love your cream colored crocs.\n\nEven the employees look crisp, full of vim and vigor.\n\nDuring my short stay, I witnessed a pioneer kickstart the tainting.\nA small human, still in a stroller flailing its substandard, motor defficient appendages.\nIts lack of hand-to-mouth coordination sprayed cheerios in the vicinity of its breathing hole.\n\nThe bulk pouring under the wheels of its handlers push cart. Milled into the virgin concrete floor.\n\nMy venti iced skinny hazelnut macchiato, sugar free syrup, extra shot, light ice, no whip was pretty good.","Likes":"5"},{"Name":"","Category":"","Rating":" 3 stars ","Number_of_Reviews":"","Address":"","Reviewer":"M Salerno","Reviewer_page":"https://www.google.com/maps/contrib/109109491743378294748/reviews?hl=en-US","Review_time":"5 months ago","Review":"Convenient for me in APEX TECH! Kind and Friendly staff. I do have an issue with the food items. I believe an old product made me sick, I have stayed away from food at this location since and the issue has not repeated, I do trust the coffee, just maybe not the freshness of the sandwiches....","Likes":""},{"Name":"","Category":"","Rating":" 1 star ","Number_of_Reviews":"","Address":"","Reviewer":"Jeremy Chang","Reviewer_page":"https://www.google.com/maps/contrib/102415993932821343153/reviews?hl=en-US","Review_time":"a week ago","Review":"Employees can’t follow instructions and get annoyed when you repeat the instructions.","Likes":"1"},{"Name":"","Category":"","Rating":" 5 stars ","Number_of_Reviews":"","Address":"","Reviewer":"Maria Rodriguez","Reviewer_page":"https://www.google.com/maps/contrib/107277475762053344561/reviews?hl=en-US","Review_time":"a week ago","Review":"Well prepared coffee latte and nice customer service","Likes":""},{"Name":"","Category":"","Rating":" 1 star ","Number_of_Reviews":"","Address":"","Reviewer":"FAREENA HUSSAIN","Reviewer_page":"https://www.google.com/maps/contrib/102353609522932669946/reviews?hl=en-US","Review_time":"8 months ago","Review":"By the far the worse Starbucks I have ever walked into because of manager Cristine. The staff was overall great to customers and made my drink great. However the store manager herself the way she handle situations and speak to her associates is very disrespectful and I just think she could handle her situations with employees better.","Likes":"2"},{"Name":"","Category":"","Rating":" 1 star ","Number_of_Reviews":"","Address":"","Reviewer":"Reeha Hirani","Reviewer_page":"https://www.google.com/maps/contrib/108387190416709793440/reviews?hl=en-US","Review_time":"5 months ago","Review":"Website says closes soon I went there at 6:20 today the doors were locked and all the chairs were put up and all the lights where on. If you are already closed you should have wrote on website.","Likes":""},{"Name":"","Category":"","Rating":" 3 stars ","Number_of_Reviews":"","Address":"","Reviewer":"NeeNee B.","Reviewer_page":"https://www.google.com/maps/contrib/109717820667423969035/reviews?hl=en-US","Review_time":"7 months ago","Review":"The servers are nicd and the drinks are good, but the line is always too long for the amount of people in the store, and the staff dont control what the customer's dogs can touch enough for me. Who wants a biscotti a dog just pawed, whether it's in plastic or not? And any dog owner knows, pet hair gets EVERYWHERE. I've never seen staff sweeping, mopping, or dusting throughout the day, not even once 😬","Likes":""},{"Name":"","Category":"","Rating":" 4 stars ","Number_of_Reviews":"","Address":"","Reviewer":"Robert Morales","Reviewer_page":"https://www.google.com/maps/contrib/100997811811527505128/reviews?hl=en-US","Review_time":"a month ago","Review":"Overpriced. Staff not too friendly. Very noisy.","Likes":""},{"Name":"","Category":"","Rating":" 5 stars ","Number_of_Reviews":"","Address":"","Reviewer":"Esteban Mesa","Reviewer_page":"https://www.google.com/maps/contrib/100669837998302904171/reviews?hl=en-US","Review_time":"a month ago","Review":"Give Taylor a Raise NOW! she made an amazing pumpkin drink!","Likes":""},{"Name":"","Category":"","Rating":" 5 stars ","Number_of_Reviews":"","Address":"","Reviewer":"Ali Farhat","Reviewer_page":"https://www.google.com/maps/contrib/106730186149460413718/reviews?hl=en-US","Review_time":"3 years ago","Review":"Amazing! Really spacious and very nice employees. Everyone seemed so excited and energetic especially the dude with a cowboy hat and a long hair and beard Haha! Amazing location I will be here everyday.","Likes":"3"},{"Name":"","Category":"","Rating":" 5 stars ","Number_of_Reviews":"","Address":"","Reviewer":"Jake “Jake” W","Reviewer_page":"https://www.google.com/maps/contrib/110432045517443894212/reviews?hl=en-US","Review_time":"5 months ago","Review":"No issues with this Starbucks, drinks/food always made promptly. Friendly staff as well.","Likes":""},{"Name":"","Category":"","Rating":" 5 stars ","Number_of_Reviews":"","Address":"","Reviewer":"Steve Lipp","Reviewer_page":"https://www.google.com/maps/contrib/117536730326941827083/reviews?hl=en-US","Review_time":"7 months ago","Review":"Conveniently located near subway entrance and Queensboro Bridge ramp, so whether you are coming or going by train, bike or foot, this Starbucks is on your way. Staff friendly and efficient.","Likes":"2"},{"Name":"","Category":"","Rating":" 1 star ","Number_of_Reviews":"","Address":"","Reviewer":"jason applebaum","Reviewer_page":"https://www.google.com/maps/contrib/109317911177809407402/reviews?hl=en-US","Review_time":"10 months ago","Review":"Even worse than Olives Organic Market!!! I was waiting to deliver an Uber eats order, they were so slow I had to cancel, then I got an even better order and had to cancel that due to how slow they were! You gotta get your act together Starbucks!","Likes":"1"},{"Name":"","Category":"","Rating":" 5 stars ","Number_of_Reviews":"","Address":"","Reviewer":"Dave Andrés","Reviewer_page":"https://www.google.com/maps/contrib/104677103873149857186/reviews?hl=en-US","Review_time":"6 months ago","Review":"Great way to start your morning at a clean and organized place with vibrant crew and delicious coffee ☕️","Likes":""},{"Name":"","Category":"","Rating":" 5 stars ","Number_of_Reviews":"","Address":"","Reviewer":"Muhammad Ibnabdullaah","Reviewer_page":"https://www.google.com/maps/contrib/101253067667941458877/reviews?hl=en-US","Review_time":"a year ago","Review":"The baristas were very quick, professional, and polite. For example, a guy walk to the register and asked for a sandwich that Starbucks doesn't make. Instead of arguing with the customer about the sandwich, the barista simply rattled off what they had available. Of course the customer didn't want anything other than his coffee. The barista remained polite and professional. I like this branch.","Likes":""},{"Name":"","Category":"","Rating":" 1 star ","Number_of_Reviews":"","Address":"","Reviewer":"Karen Patti","Reviewer_page":"https://www.google.com/maps/contrib/106439676366018192627/reviews?hl=en-US","Review_time":"8 months ago","Review":"Please train your employees!!! Super slow and bad attitude. I ordered two drinks and the woman in the store told me she could only see one drink with my name and she didn’t know what to do. I’m a consumer not a problem solver. Thank you :)","Likes":"3"},{"Name":"","Category":"","Rating":" 4 stars ","Number_of_Reviews":"","Address":"","Reviewer":"Joshua Kohler","Reviewer_page":"https://www.google.com/maps/contrib/100754603291087323783/reviews?hl=en-US","Review_time":"a year ago","Review":"Convenient location, friendly staff and relatively quick. Gets pretty busy but they usually handle it pretty well.","Likes":""},{"Name":"","Category":"","Rating":" 1 star ","Number_of_Reviews":"","Address":"","Reviewer":"Chris Early","Reviewer_page":"https://www.google.com/maps/contrib/105141336325206615060/reviews?hl=en-US","Review_time":"2 months ago","Review":"Most poorly managed Starbucks I have ever been to.","Likes":""},{"Name":"","Category":"","Rating":" 3 stars ","Number_of_Reviews":"","Address":"","Reviewer":"J Bentley","Reviewer_page":"https://www.google.com/maps/contrib/108539193848430310867/reviews?hl=en-US","Review_time":"3 years ago","Review":"Great coffee. One of the managers personally greeted everyone who came in during their opening week. However, the girl with the purple hair this last time though... Sis I get that they're regulars but I missed 3 buses waiting for you to be done chit chatting and making their drinks AHEAD of the people who actually stood on line. Your cashier shouldn't be apologizing for you while you out here living your best life!!!","Likes":""},{"Name":"","Category":"","Rating":" 1 star ","Number_of_Reviews":"","Address":"","Reviewer":"Katriel","Reviewer_page":"https://www.google.com/maps/contrib/101164096541634251124/reviews?hl=en-US","Review_time":"a month ago","Review":"The only Starbucks that made me a bitter-tasting vanilla sweet cream cold brew.\n\nThe ambience saved them a star.","Likes":"2"},{"Name":"","Category":"","Rating":" 4 stars ","Number_of_Reviews":"","Address":"","Reviewer":"Ishabul Haque","Reviewer_page":"https://www.google.com/maps/contrib/100411487694139040155/reviews?hl=en-US","Review_time":"a year ago","Review":"Came here after a long workout to enjoy the nice ac and some coffee. Place is pretty empty around the afternoon so there was no wait time with my order. I got a black ice coffee with toffee nut syrup. Tables and floor aren’t kept clean but aside from that no other issues tbh.","Likes":""},{"Name":"","Category":"","Rating":" 1 star ","Number_of_Reviews":"","Address":"","Reviewer":"Jacob Niles","Reviewer_page":"https://www.google.com/maps/contrib/109117186354968460199/reviews?hl=en-US","Review_time":"a year ago","Review":"It was my first time visiting this  location and I had the most horrible experience I will never come back here again.The employees at this location are lazy and refused to do their job. I came in to order a brownie and I wanted it warmed. The female employee informed  me the oven was just cleaned and wouldn’t serve me a brownie. It was a weekday around. 6:15pn. If you don’t want to do your job then go home. You applied for this job I didn’t . The location closes at 7pm. Train\nyour workers to do the job and do it correctly. This location should’ve  remained closed permanently.","Likes":"1"},{"Name":"","Category":"","Rating":" 5 stars ","Number_of_Reviews":"","Address":"","Reviewer":"Kimberly Feliciano","Reviewer_page":"https://www.google.com/maps/contrib/102153807677794809886/reviews?hl=en-US","Review_time":"a year ago","Review":"My favorite Starbucks ever! They are so professional and feel more like a family. They take thier time to get to know each customer and actually remember me and my kids by name and have never messed up my order! I have gone to several Starbucks previously and NEVER have had this type of experience. Yana, Christine, Simon are amongst my favorite but they all deserve and A in my book Highly reccomend this Starbucks.","Likes":""},{"Name":"","Category":"","Rating":" 5 stars ","Number_of_Reviews":"","Address":"","Reviewer":"Brendan James Jelloe","Reviewer_page":"https://www.google.com/maps/contrib/105231732855287970447/reviews?hl=en-US","Review_time":"7 months ago","Review":"Love the neighborhood and the staff is amazing they work hard to make everyone happy! Not an easy feat in this Neighborhood for sure!!","Likes":"1"},{"Name":"","Category":"","Rating":" 1 star ","Number_of_Reviews":"","Address":"","Reviewer":"Edward Maldonado","Reviewer_page":"https://www.google.com/maps/contrib/102649944061887549284/reviews?hl=en-US","Review_time":"3 years ago","Review":"Whatever you do, do not order handcrafted drinks from this location. The staff here is not properly trained to make hand crafted.drinks properly. They NEVER get it right. Unless you're ordering hot brewed coffee like a dark roast or a pike, or bakery items  save yourself the dissatisfaction and stay away from this location.","Likes":"1"},{"Name":"","Category":"","Rating":" 1 star ","Number_of_Reviews":"","Address":"","Reviewer":"Kay","Reviewer_page":"https://www.google.com/maps/contrib/102814208101671637308/reviews?hl=en-US","Review_time":"7 months ago","Review":"I know they want to close at 7:00, so I couldn’t go to bathroom at 7:00 even I’m pregnant.","Likes":"1"},{"Name":"","Category":"","Rating":" 5 stars ","Number_of_Reviews":"","Address":"","Reviewer":"Lakeyia Stapleton","Reviewer_page":"https://www.google.com/maps/contrib/112922175036713251140/reviews?hl=en-US","Review_time":"a year ago","Review":"Warm little area with great customer service. Very friendly. Coffee could be a tad bit hotter, however I do understand company rules and safety guidelines. 😉","Likes":""},{"Name":"","Category":"","Rating":" 1 star ","Number_of_Reviews":"","Address":"","Reviewer":"Rashad El Tahrawy","Reviewer_page":"https://www.google.com/maps/contrib/103637063822019056755/reviews?hl=en-US","Review_time":"2 years ago","Review":"I did not like their service. I have requested for hot coffee, it was almost cold. I have informed the person in charge to make it hot but he has given me another coffee almost was cold. I have dropped it in the garbage and left.","Likes":"2"},{"Name":"","Category":"","Rating":" 5 stars ","Number_of_Reviews":"","Address":"","Reviewer":"AbdulKariym Ibnbrodie","Reviewer_page":"https://www.google.com/maps/contrib/109979858201618783816/reviews?hl=en-US","Review_time":"3 months ago","Review":"I love the coffee and the atmosphere","Likes":""},{"Name":"","Category":"","Rating":" 1 star ","Number_of_Reviews":"","Address":"","Reviewer":"Roxane Bloom","Reviewer_page":"https://www.google.com/maps/contrib/105402743319166924709/reviews?hl=en-US","Review_time":"6 months ago","Review":"They are supposed to be open until 7pm I got there at 6:45 doors already locked!!!","Likes":""},{"Name":"","Category":"","Rating":" 1 star ","Number_of_Reviews":"","Address":"","Reviewer":"ARLENE SOTO","Reviewer_page":"https://www.google.com/maps/contrib/110469372985410910043/reviews?hl=en-US","Review_time":"3 years ago","Review":"I Always have problems everytime I Order at this Location,  I Always Mobile my order at least 10 to 15mins before arriving there, the last 2 times my order has been incorrect so I have to wait for them to redo my order causing me to wait an extra 20mins. Do not go to this Starbucks if your pressed for time.","Likes":"1"},{"Name":"","Category":"","Rating":" 2 stars ","Number_of_Reviews":"","Address":"","Reviewer":"DANIEL GATHERS","Reviewer_page":"https://www.google.com/maps/contrib/102000645607263632023/reviews?hl=en-US","Review_time":"a year ago","Review":"Not to friendly tosimple coffee drinkers to use charger for phone may be team over reacting to the construction look of customer.","Likes":""},{"Name":"","Category":"","Rating":" 5 stars ","Number_of_Reviews":"","Address":"","Reviewer":"Theodore Mullally","Reviewer_page":"https://www.google.com/maps/contrib/116696313843244290942/reviews?hl=en-US","Review_time":"2 years ago","Review":"At last! A sleak and spacious Starbucks to compete with all those Dunkin Donuts in Queens Plaza. The staff is top notch. My orders are always ready and correct.","Likes":""},{"Name":"","Category":"","Rating":" 5 stars ","Number_of_Reviews":"","Address":"","Reviewer":"Yucona Drysdale","Reviewer_page":"https://www.google.com/maps/contrib/113364050453796584810/reviews?hl=en-US","Review_time":"2 years ago","Review":"Love this place!... stage are super friendly and Christine never forgets your name or face once you're a regular. Really great customer service","Likes":""},{"Name":"","Category":"","Rating":" 5 stars ","Number_of_Reviews":"","Address":"","Reviewer":"Nina Rothschild","Reviewer_page":"https://www.google.com/maps/contrib/112619196874531621451/reviews?hl=en-US","Review_time":"3 years ago","Review":"This is a super-friendly Starbucks!  Staff members are great -- they have a lot of zest and pep!  Visiting this cafe is a real pleasure.","Likes":"1"},{"Name":"","Category":"","Rating":" 1 star ","Number_of_Reviews":"","Address":"","Reviewer":"Michael Palutke","Reviewer_page":"https://www.google.com/maps/contrib/107226595184286859573/reviews?hl=en-US","Review_time":"11 months ago","Review":"The music is so loud you can't hear anything. Never been to a Starbucks like that.","Likes":""},{"Name":"","Category":"","Rating":" 5 stars ","Number_of_Reviews":"","Address":"","Reviewer":"Heather","Reviewer_page":"https://www.google.com/maps/contrib/112868831062757229582/reviews?hl=en-US","Review_time":"3 years ago","Review":"I completely love Starbucks.  The lattes are my favorite.  They also have amazing selections of snacks, lunvh and breakfast options.  Healthy ones too.","Likes":""},{"Name":"","Category":"","Rating":" 4 stars ","Number_of_Reviews":"","Address":"","Reviewer":"Bryan Melendez","Reviewer_page":"https://www.google.com/maps/contrib/112090691246169512934/reviews?hl=en-US","Review_time":"a year ago","Review":"This store has very good baristas. They make sure to get your order right","Likes":""},{"Name":"","Category":"","Rating":" 4 stars ","Number_of_Reviews":"","Address":"","Reviewer":"blink182bfsftw","Reviewer_page":"https://www.google.com/maps/contrib/105442073952440663853/reviews?hl=en-US","Review_time":"11 months ago","Review":"Why has the wifi been down for the past year? Spoke to customer support many times and it's never fixed.","Likes":""},{"Name":"","Category":"","Rating":" 5 stars ","Number_of_Reviews":"","Address":"","Reviewer":"Eddie Bradley","Reviewer_page":"https://www.google.com/maps/contrib/112753133158545290400/reviews?hl=en-US","Review_time":"2 years ago","Review":"I go to this Starbucks often. Everybody there is so nice, and warm. I love going there to see my Starbucks friends lol","Likes":""},{"Name":"","Category":"","Rating":" 1 star ","Number_of_Reviews":"","Address":"","Reviewer":"Danny Vazquez","Reviewer_page":"https://www.google.com/maps/contrib/101338025217543703303/reviews?hl=en-US","Review_time":"3 years ago","Review":"The most unreliable starsbucks ever is 5:20\nAnd now is wen this people are getting ready is like every Thursday they open late. And un experience people here","Likes":""},{"Name":"","Category":"","Rating":" 1 star ","Number_of_Reviews":"","Address":"","Reviewer":"Lee Victor","Reviewer_page":"https://www.google.com/maps/contrib/103169204620522251706/reviews?hl=en-US","Review_time":"a year ago","Review":"worst Starbucks ever, extremely slow and inefficient. I never seen any Starbucks like this.","Likes":""},{"Name":"","Category":"","Rating":" 4 stars ","Number_of_Reviews":"","Address":"","Reviewer":"C M Nuri Shakoor","Reviewer_page":"https://www.google.com/maps/contrib/104158119469953935707/reviews?hl=en-US","Review_time":"3 years ago","Review":"Finally a Starbucks at QBP, and s very nice one at that. Extremely courteous staff. Surprisingly not overcrowded considering it's location.","Likes":""},{"Name":"","Category":"","Rating":" 1 star ","Number_of_Reviews":"","Address":"","Reviewer":"Joe Yan","Reviewer_page":"https://www.google.com/maps/contrib/114486655157985331948/reviews?hl=en-US","Review_time":"a month ago","Review":"This Starbucks thinks it’s a club","Likes":""},{"Name":"","Category":"","Rating":" 5 stars ","Number_of_Reviews":"","Address":"","Reviewer":"Chris Ellis","Reviewer_page":"https://www.google.com/maps/contrib/105576195619992878208/reviews?hl=en-US","Review_time":"2 months ago","Review":"Great looking new store with comfy benches","Likes":""},{"Name":"","Category":"","Rating":" 5 stars ","Number_of_Reviews":"","Address":"","Reviewer":"JIhan Sheriff-Crichlow (PAG Virgo)","Reviewer_page":"https://www.google.com/maps/contrib/100095292773840279832/reviews?hl=en-US","Review_time":"7 months ago","Review":"Just another Starbucks, good location though.","Likes":""},{"Name":"","Category":"","Rating":" 5 stars ","Number_of_Reviews":"","Address":"","Reviewer":"Felicia Magnaterra","Reviewer_page":"https://www.google.com/maps/contrib/101895734697846007422/reviews?hl=en-US","Review_time":"2 years ago","Review":"The new conveniently located off the train Starbucks is clean with friendly service! Same great coffee experience.","Likes":""},{"Name":"","Category":"","Rating":" 4 stars ","Number_of_Reviews":"","Address":"","Reviewer":"LegendsofPoison","Reviewer_page":"https://www.google.com/maps/contrib/105251317737208436119/reviews?hl=en-US","Review_time":"3 years ago","Review":"Nice and shiny. Next to the Queens Plaza #7 train station. Staff seem a bit inexperienced, but they will get it. Super friendly.","Likes":""},{"Name":"","Category":"","Rating":" 4 stars ","Number_of_Reviews":"","Address":"","Reviewer":"SYED ALI","Reviewer_page":"https://www.google.com/maps/contrib/110020570388373194675/reviews?hl=en-US","Review_time":"2 years ago","Review":"great service, very friendly staff 👏","Likes":""},{"Name":"","Category":"","Rating":" 5 stars ","Number_of_Reviews":"","Address":"","Reviewer":"Nadika joseph","Reviewer_page":"https://www.google.com/maps/contrib/100246642886359897925/reviews?hl=en-US","Review_time":"a year ago","Review":"Very fast service !!! Was in and out!!! Cashiers were all so nice!!!!","Likes":"1"},{"Name":"","Category":"","Rating":" 5 stars ","Number_of_Reviews":"","Address":"","Reviewer":"Santos Ramos","Reviewer_page":"https://www.google.com/maps/contrib/111151921065889772301/reviews?hl=en-US","Review_time":"2 years ago","Review":"Starbucks is awesome,Drink Coffee, Relax and get your work done thank u so much......😉","Likes":""},{"Name":"","Category":"","Rating":" 5 stars ","Number_of_Reviews":"","Address":"","Reviewer":"Katrina Banks","Reviewer_page":"https://www.google.com/maps/contrib/107858521092006548433/reviews?hl=en-US","Review_time":"2 years ago","Review":"Im addicted to star bucks and the team members are upbeat and super nice. Incredibly clean.","Likes":""},{"Name":"","Category":"","Rating":" 5 stars ","Number_of_Reviews":"","Address":"","Reviewer":"Randy Galaxy","Reviewer_page":"https://www.google.com/maps/contrib/111794696810416985877/reviews?hl=en-US","Review_time":"a year ago","Review":"Great service, fast and conveniently located next to the subway station","Likes":""},{"Name":"","Category":"","Rating":" 5 stars ","Number_of_Reviews":"","Address":"","Reviewer":"Lou Christofferson","Reviewer_page":"https://www.google.com/maps/contrib/108258822714135282936/reviews?hl=en-US","Review_time":"2 years ago","Review":"Couldn't ask for more out of a neighborhood store! Extremely friendly staff across the board.","Likes":""},{"Name":"","Category":"","Rating":" 5 stars ","Number_of_Reviews":"","Address":"","Reviewer":"Joel Benjamin","Reviewer_page":"https://www.google.com/maps/contrib/100780366997836073291/reviews?hl=en-US","Review_time":"2 years ago","Review":"Price is product is great.","Likes":""},{"Name":"","Category":"","Rating":" 5 stars ","Number_of_Reviews":"","Address":"","Reviewer":"Pam Williams","Reviewer_page":"https://www.google.com/maps/contrib/100859548291119832342/reviews?hl=en-US","Review_time":"2 years ago","Review":"Nice,  small,  quiet can get a seat Starbucks. I really like this spot.","Likes":""},{"Name":"","Category":"","Rating":" 5 stars ","Number_of_Reviews":"","Address":"","Reviewer":"Adonis Porch","Reviewer_page":"https://www.google.com/maps/contrib/116939244103905965836/reviews?hl=en-US","Review_time":"2 years ago","Review":"I love this location. Everyone is always nice and friendly","Likes":""},{"Name":"","Category":"","Rating":" 3 stars ","Number_of_Reviews":"","Address":"","Reviewer":"Sonja Dee","Reviewer_page":"https://www.google.com/maps/contrib/117308676877950219513/reviews?hl=en-US","Review_time":"2 years ago","Review":"Good Customer Service...waiting for indoor dining to return.","Likes":""},{"Name":"","Category":"","Rating":" 1 star ","Number_of_Reviews":"","Address":"","Reviewer":"Solomon","Reviewer_page":"https://www.google.com/maps/contrib/104761206846258770618/reviews?hl=en-US","Review_time":"9 months ago","Review":"slowest starbucks ive been to","Likes":""},{"Name":"","Category":"","Rating":" 1 star ","Number_of_Reviews":"","Address":"","Reviewer":"Jacob Prig","Reviewer_page":"https://www.google.com/maps/contrib/102965271744131235872/reviews?hl=en-US","Review_time":"2 years ago","Review":"I’m signing up with yelp, just to post the negative review this location deserves","Likes":"3"},{"Name":"","Category":"","Rating":" 5 stars ","Number_of_Reviews":"","Address":"","Reviewer":"Claudio Silva","Reviewer_page":"https://www.google.com/maps/contrib/103132148720726210421/reviews?hl=en-US","Review_time":"a year ago","Review":"Wake up! Yes only her you get waked","Likes":""},{"Name":"","Category":"","Rating":" 1 star ","Number_of_Reviews":"","Address":"","Reviewer":"Boris Meshcheryakov","Reviewer_page":"https://www.google.com/maps/contrib/108893422461806552849/reviews?hl=en-US","Review_time":"a year ago","Review":"3/25 - 2 baristas working, 5 watching them. For real?","Likes":""},{"Name":"","Category":"","Rating":" 5 stars ","Number_of_Reviews":"","Address":"","Reviewer":"Victor H Maceda","Reviewer_page":"https://www.google.com/maps/contrib/105285235939779340256/reviews?hl=en-US","Review_time":"a year ago","Review":"The drinks over here are INCREDIBLE!","Likes":""},{"Name":"","Category":"","Rating":" 4 stars ","Number_of_Reviews":"","Address":"","Reviewer":"John Mullen","Reviewer_page":"https://www.google.com/maps/contrib/103573703014546514397/reviews?hl=en-US","Review_time":"a year ago","Review":"Just your run-of-the-mill Starbucks, nothing special.","Likes":""},{"Name":"","Category":"","Rating":" 4 stars ","Number_of_Reviews":"","Address":"","Reviewer":"Chris Scaife","Reviewer_page":"https://www.google.com/maps/contrib/112884619887463527282/reviews?hl=en-US","Review_time":"3 years ago","Review":"For the coffee addict stuck in the USA, Starbucks is a sanctuary but be sure to ask for extra shots!","Likes":""},{"Name":"","Category":"","Rating":" 5 stars ","Number_of_Reviews":"","Address":"","Reviewer":"Joseph Travis","Reviewer_page":"https://www.google.com/maps/contrib/114146138711658029185/reviews?hl=en-US","Review_time":"3 months ago","Review":"I LOVE THIS LOCATION","Likes":""},{"Name":"","Category":"","Rating":" 3 stars ","Number_of_Reviews":"","Address":"","Reviewer":"Vito","Reviewer_page":"https://www.google.com/maps/contrib/111505153833043619181/reviews?hl=en-US","Review_time":"2 years ago","Review":"I was comfortable with the experience. First day there.","Likes":""},{"Name":"","Category":"","Rating":" 5 stars ","Number_of_Reviews":"","Address":"","Reviewer":"London Endicott","Reviewer_page":"https://www.google.com/maps/contrib/116162634606458984512/reviews?hl=en-US","Review_time":"2 years ago","Review":"Say hello to a great server Jacob when you have a chance","Likes":""},{"Name":"","Category":"","Rating":" 5 stars ","Number_of_Reviews":"","Address":"","Reviewer":"Martha Valverde","Reviewer_page":"https://www.google.com/maps/contrib/111049646070580070722/reviews?hl=en-US","Review_time":"a year ago","Review":"Great sandwich and coffee.","Likes":""},{"Name":"","Category":"","Rating":" 5 stars ","Number_of_Reviews":"","Address":"","Reviewer":"Jasmine Little (sassyjazzie)","Reviewer_page":"https://www.google.com/maps/contrib/117476358361312390057/reviews?hl=en-US","Review_time":"a year ago","Review":"Easy come easy go! I like this location.","Likes":""},{"Name":"","Category":"","Rating":" 5 stars ","Number_of_Reviews":"","Address":"","Reviewer":"Steven Maz (Steve Maz)","Reviewer_page":"https://www.google.com/maps/contrib/101978187835600679507/reviews?hl=en-US","Review_time":"2 years ago","Review":"This one made me really appreciate the overall franchise.","Likes":""},{"Name":"","Category":"","Rating":" 5 stars ","Number_of_Reviews":"","Address":"","Reviewer":"Corey Lange","Reviewer_page":"https://www.google.com/maps/contrib/117057632865704426399/reviews?hl=en-US","Review_time":"a year ago","Review":"Great staff and great product","Likes":""},{"Name":"","Category":"","Rating":" 5 stars ","Number_of_Reviews":"","Address":"","Reviewer":"Gaston Verdugo","Reviewer_page":"https://www.google.com/maps/contrib/116515754506958811411/reviews?hl=en-US","Review_time":"5 months ago","Review":"Satisfied","Likes":""},{"Name":"","Category":"","Rating":" 5 stars ","Number_of_Reviews":"","Address":"","Reviewer":"danetta watson Charris","Reviewer_page":"https://www.google.com/maps/contrib/105442408429229783007/reviews?hl=en-US","Review_time":"2 years ago","Review":"Nice ppl, good work ethic","Likes":""},{"Name":"","Category":"","Rating":" 5 stars ","Number_of_Reviews":"","Address":"","Reviewer":"Stephanie Rodriguez","Reviewer_page":"https://www.google.com/maps/contrib/106350402546563220571/reviews?hl=en-US","Review_time":"3 years ago","Review":"Great place!!! People are so friendly!","Likes":""},{"Name":"","Category":"","Rating":" 5 stars ","Number_of_Reviews":"","Address":"","Reviewer":"Roy Sealy","Reviewer_page":"https://www.google.com/maps/contrib/114409532150650206486/reviews?hl=en-US","Review_time":"2 years ago","Review":"Starbucks is always a.pleasant experience","Likes":""},{"Name":"","Category":"","Rating":" 5 stars ","Number_of_Reviews":"","Address":"","Reviewer":"Asa Flowers","Reviewer_page":"https://www.google.com/maps/contrib/106834314224550465695/reviews?hl=en-US","Review_time":"3 years ago","Review":"Love their vanilla bean.","Likes":""},{"Name":"","Category":"","Rating":" 5 stars ","Number_of_Reviews":"","Address":"","Reviewer":"Jean-Pierre MAÏSSA","Reviewer_page":"https://www.google.com/maps/contrib/105679766263925093812/reviews?hl=en-US","Review_time":"2 years ago","Review":"Love the place, right down the street from home","Likes":""},{"Name":"","Category":"","Rating":" 5 stars ","Number_of_Reviews":"","Address":"","Reviewer":"George Leong (GMac)","Reviewer_page":"https://www.google.com/maps/contrib/110454462022344682305/reviews?hl=en-US","Review_time":"a year ago","Review":"Place is clean and inviting.","Likes":""},{"Name":"","Category":"","Rating":" 1 star ","Number_of_Reviews":"","Address":"","Reviewer":"Daisy Hernandez","Reviewer_page":"https://www.google.com/maps/contrib/106164533599988134588/reviews?hl=en-US","Review_time":"2 years ago","Review":"Customer service - is real bad","Likes":"2"},{"Name":"","Category":"","Rating":" 5 stars ","Number_of_Reviews":"","Address":"","Reviewer":"Easy English","Reviewer_page":"https://www.google.com/maps/contrib/117195607101337430085/reviews?hl=en-US","Review_time":"8 months ago","Review":"Great","Likes":"2"},{"Name":"","Category":"","Rating":" 5 stars ","Number_of_Reviews":"","Address":"","Reviewer":"Christina Knotts","Reviewer_page":"https://www.google.com/maps/contrib/116943856282546449542/reviews?hl=en-US","Review_time":"a year ago","Review":"Fast, Efficient, accurate.","Likes":""},{"Name":"","Category":"","Rating":" 5 stars ","Number_of_Reviews":"","Address":"","Reviewer":"Dzevad Muric","Reviewer_page":"https://www.google.com/maps/contrib/106121895596632084662/reviews?hl=en-US","Review_time":"2 years ago","Review":"Super fast service","Likes":"1"},{"Name":"","Category":"","Rating":" 5 stars ","Number_of_Reviews":"","Address":"","Reviewer":"Alejandra Saetama","Reviewer_page":"https://www.google.com/maps/contrib/102501381826476146024/reviews?hl=en-US","Review_time":"11 months ago","Review":"Excellent service","Likes":""},{"Name":"","Category":"","Rating":" 5 stars ","Number_of_Reviews":"","Address":"","Reviewer":"Ev Zverev","Reviewer_page":"https://www.google.com/maps/contrib/102780012469247440112/reviews?hl=en-US","Review_time":"2 years ago","Review":"Z-man is a superstar","Likes":"1"},{"Name":"","Category":"","Rating":" 1 star ","Number_of_Reviews":"","Address":"","Reviewer":"Luke Walthour","Reviewer_page":"https://www.google.com/maps/contrib/114823183636444227407/reviews?hl=en-US","Review_time":"2 years ago","Review":"Bathrooms closed! :(","Likes":"1"},{"Name":"","Category":"","Rating":" 5 stars ","Number_of_Reviews":"","Address":"","Reviewer":"Edna Smith","Reviewer_page":"https://www.google.com/maps/contrib/106864133094689941091/reviews?hl=en-US","Review_time":"2 years ago","Review":"The service is superve","Likes":""},{"Name":"","Category":"","Rating":" 5 stars ","Number_of_Reviews":"","Address":"","Reviewer":"Tessa Britton","Reviewer_page":"https://www.google.com/maps/contrib/104960434839389085984/reviews?hl=en-US","Review_time":"3 years ago","Review":"Love it","Likes":""},{"Name":"","Category":"","Rating":" 5 stars ","Number_of_Reviews":"","Address":"","Reviewer":"Shawn G","Reviewer_page":"https://www.google.com/maps/contrib/108250387346163460378/reviews?hl=en-US","Review_time":"2 years ago","Review":"Awesome","Likes":""},{"Name":"","Category":"","Rating":" 3 stars ","Number_of_Reviews":"","Address":"","Reviewer":"janeth barahona","Reviewer_page":"https://www.google.com/maps/contrib/106792055270329488355/reviews?hl=en-US","Review_time":"2 years ago","Review":"Good","Likes":""},{"Name":"","Category":"","Rating":" 5 stars ","Number_of_Reviews":"","Address":"","Reviewer":"hope 212","Reviewer_page":"https://www.google.com/maps/contrib/105289317526806443853/reviews?hl=en-US","Review_time":"3 years ago","Review":"👍🏻","Likes":""},{"Name":"","Category":"","Rating":" 5 stars ","Number_of_Reviews":"","Address":"","Reviewer":"Chanel Winns","Reviewer_page":"https://www.google.com/maps/contrib/104107548628999397036/reviews?hl=en-US","Review_time":"3 years ago","Review":"Love Starbucks","Likes":""},{"Name":"","Category":"","Rating":" 1 star ","Number_of_Reviews":"","Address":"","Reviewer":"Joe Scsepko","Reviewer_page":"https://www.google.com/maps/contrib/109711504838252128996/reviews?hl=en-US","Review_time":"2 years ago","Review":"Always sucks","Likes":""},{"Name":"","Category":"","Rating":" 5 stars ","Number_of_Reviews":"","Address":"","Reviewer":"Frederick Lovett","Reviewer_page":"https://www.google.com/maps/contrib/115858363264922422500/reviews?hl=en-US","Review_time":"2 years ago","Review":"Great Coffee","Likes":""},{"Name":"","Category":"","Rating":" 5 stars ","Number_of_Reviews":"","Address":"","Reviewer":"Romaine Paige","Reviewer_page":"https://www.google.com/maps/contrib/117381007175203154557/reviews?hl=en-US","Review_time":"3 years ago","Review":"Its Starbucks!!!","Likes":""},{"Name":"","Category":"","Rating":" 1 star ","Number_of_Reviews":"","Address":"","Reviewer":"Rebeca Cornejo","Reviewer_page":"https://www.google.com/maps/contrib/102097477240902273041/reviews?hl=en-US","Review_time":"3 days ago","Review":"To whom this may concern: I was in a rush and couldn’t stay to discuss my displeasure. I waited for over 20 minutes for my grande latte  which was actually just a what I can only describe as a mini tall into a grande cup of which 90% was milk and foam. Although it tasted more like only milk with a dash of sugar. Lovely start to my weekend.","Likes":""},{"Name":"","Category":"","Rating":" 1 star ","Number_of_Reviews":"","Address":"","Reviewer":"isabelle DENIS","Reviewer_page":"https://www.google.com/maps/contrib/106489400051160844499/reviews?hl=en-US","Review_time":"2 weeks ago","Review":"(Translated by Google) Above all, do not go there. We saw the staff doing a demonstration in front of this establishment for lack of hygiene.\n\n(Original)\nA ne surtout pas y aller. Nous avons vu le personnel faire une manif devant pour manque d'hygiène de cet établissement","Likes":""},{"Name":"","Category":"","Rating":" 5 stars ","Number_of_Reviews":"","Address":"","Reviewer":"love lim","Reviewer_page":"https://www.google.com/maps/contrib/102729376055119593929/reviews?hl=en-US","Review_time":"a year ago","Review":"(Translated by Google) I stopped by in early August 2019. The staff were very friendly! The drinks were also delicious.\n\n(Original)\n2019년 8월 초에 들렸습니다. 직원분들이 정말 친절하셨어요! 음료도 맛있었습니다.","Likes":""},{"Name":"","Category":"","Rating":" 5 stars ","Number_of_Reviews":"","Address":"","Reviewer":"Andreia Nascimento","Reviewer_page":"https://www.google.com/maps/contrib/110808293110007882265/reviews?hl=en-US","Review_time":"2 years ago","Review":"(Translated by Google) As always excellent, the store is beautiful as hell.\n\n(Original)\nComo sempre excelente, a loja é bonita pra caramba.","Likes":""},{"Name":"","Category":"","Rating":" 5 stars ","Number_of_Reviews":"","Address":"","Reviewer":"Andreu","Reviewer_page":"https://www.google.com/maps/contrib/101634499845177880544/reviews?hl=en-US","Review_time":"2 years ago","Review":"(Translated by Google) Okay\n\n(Original)\nBueno","Likes":""},{"Name":"","Category":"","Rating":" 5 stars ","Number_of_Reviews":"","Address":"","Reviewer":"simbognounou DAOUROU","Reviewer_page":"https://www.google.com/maps/contrib/108914075361958204510/reviews?hl=en-US","Review_time":"2 years ago","Review":"(Translated by Google) Friendly welcome and quality meals\n\n(Original)\nAccueil sympathique et des repas de qualité","Likes":""},{"Name":"","Category":"","Rating":" 5 stars ","Number_of_Reviews":"","Address":"","Reviewer":"La Palmera Sanchez","Reviewer_page":"https://www.google.com/maps/contrib/108682687862233167840/reviews?hl=en-US","Review_time":"a year ago","Review":"(Translated by Google) Very. good is place\n\n(Original)\nMuy. Bueno  es lugar","Likes":""},{"Name":"","Category":"","Rating":" 5 stars ","Number_of_Reviews":"","Address":"","Reviewer":"Liana Mullen","Reviewer_page":"https://www.google.com/maps/contrib/101151345340176733238/reviews?hl=en-US","Review_time":"3 years ago","Review":"","Likes":""},{"Name":"","Category":"","Rating":" 5 stars ","Number_of_Reviews":"","Address":"","Reviewer":"Anthony Pho","Reviewer_page":"https://www.google.com/maps/contrib/103061515709332794778/reviews?hl=en-US","Review_time":"6 days ago","Review":"","Likes":""},{"Name":"","Category":"","Rating":" 5 stars ","Number_of_Reviews":"","Address":"","Reviewer":"Yab Sra","Reviewer_page":"https://www.google.com/maps/contrib/115192981948434380322/reviews?hl=en-US","Review_time":"3 weeks ago","Review":"","Likes":""},{"Name":"","Category":"","Rating":" 5 stars ","Number_of_Reviews":"","Address":"","Reviewer":"S h a m m i R i t u","Reviewer_page":"https://www.google.com/maps/contrib/111601660242873431446/reviews?hl=en-US","Review_time":"4 months ago","Review":"","Likes":""},{"Name":"","Category":"","Rating":" 3 stars ","Number_of_Reviews":"","Address":"","Reviewer":"TMR Masud Rana","Reviewer_page":"https://www.google.com/maps/contrib/114196689864338596141/reviews?hl=en-US","Review_time":"2 years ago","Review":"no no no","Likes":"3"},{"Name":"","Category":"","Rating":" 5 stars ","Number_of_Reviews":"","Address":"","Reviewer":"Roberto Juarez Filisola","Reviewer_page":"https://www.google.com/maps/contrib/112163490263335515594/reviews?hl=en-US","Review_time":"5 months ago","Review":"","Likes":""},{"Name":"","Category":"","Rating":" 5 stars ","Number_of_Reviews":"","Address":"","Reviewer":"N M","Reviewer_page":"https://www.google.com/maps/contrib/113253891381415834197/reviews?hl=en-US","Review_time":"6 months ago","Review":"","Likes":""},{"Name":"","Category":"","Rating":" 5 stars ","Number_of_Reviews":"","Address":"","Reviewer":"Theo R.","Reviewer_page":"https://www.google.com/maps/contrib/100053576875074613827/reviews?hl=en-US","Review_time":"8 months ago","Review":"","Likes":""},{"Name":"","Category":"","Rating":" 5 stars ","Number_of_Reviews":"","Address":"","Reviewer":"Ashlee Maravilla","Reviewer_page":"https://www.google.com/maps/contrib/113221511806997749556/reviews?hl=en-US","Review_time":"8 months ago","Review":"","Likes":""},{"Name":"","Category":"","Rating":" 5 stars ","Number_of_Reviews":"","Address":"","Reviewer":"Reese Basile","Reviewer_page":"https://www.google.com/maps/contrib/110209194186138965352/reviews?hl=en-US","Review_time":"8 months ago","Review":"","Likes":""},{"Name":"","Category":"","Rating":" 4 stars ","Number_of_Reviews":"","Address":"","Reviewer":"Nabeel Muntaz","Reviewer_page":"https://www.google.com/maps/contrib/101130136743197675806/reviews?hl=en-US","Review_time":"10 months ago","Review":"","Likes":""},{"Name":"","Category":"","Rating":" 5 stars ","Number_of_Reviews":"","Address":"","Reviewer":"Xero","Reviewer_page":"https://www.google.com/maps/contrib/109797797147716460773/reviews?hl=en-US","Review_time":"a year ago","Review":"","Likes":""},{"Name":"","Category":"","Rating":" 5 stars ","Number_of_Reviews":"","Address":"","Reviewer":"Irma Aracena","Reviewer_page":"https://www.google.com/maps/contrib/106944709458644405142/reviews?hl=en-US","Review_time":"a year ago","Review":"","Likes":""},{"Name":"","Category":"","Rating":" 5 stars ","Number_of_Reviews":"","Address":"","Reviewer":"Syeda Farjana Ali","Reviewer_page":"https://www.google.com/maps/contrib/105778755452190814689/reviews?hl=en-US","Review_time":"a year ago","Review":"","Likes":""},{"Name":"","Category":"","Rating":" 5 stars ","Number_of_Reviews":"","Address":"","Reviewer":"Geciel Patiño","Reviewer_page":"https://www.google.com/maps/contrib/106408222983573153199/reviews?hl=en-US","Review_time":"a year ago","Review":"","Likes":""},{"Name":"","Category":"","Rating":" 5 stars ","Number_of_Reviews":"","Address":"","Reviewer":"Ronald Mendoza","Reviewer_page":"https://www.google.com/maps/contrib/113248336436403192459/reviews?hl=en-US","Review_time":"9 months ago","Review":"","Likes":""},{"Name":"","Category":"","Rating":" 5 stars ","Number_of_Reviews":"","Address":"","Reviewer":"Jermaine McCrossin","Reviewer_page":"https://www.google.com/maps/contrib/103977233413058600367/reviews?hl=en-US","Review_time":"3 years ago","Review":"","Likes":""},{"Name":"","Category":"","Rating":" 1 star ","Number_of_Reviews":"","Address":"","Reviewer":"Jessica Sullivan","Reviewer_page":"https://www.google.com/maps/contrib/106076164483846575825/reviews?hl=en-US","Review_time":"2 years ago","Review":"","Likes":""},{"Name":"","Category":"","Rating":" 5 stars ","Number_of_Reviews":"","Address":"","Reviewer":"Joshua Brownstein","Reviewer_page":"https://www.google.com/maps/contrib/103255680424376205883/reviews?hl=en-US","Review_time":"a year ago","Review":"","Likes":""},{"Name":"","Category":"","Rating":" 1 star ","Number_of_Reviews":"","Address":"","Reviewer":"Joe Cabrera","Reviewer_page":"https://www.google.com/maps/contrib/116203403179654580358/reviews?hl=en-US","Review_time":"a month ago","Review":"","Likes":""},{"Name":"","Category":"","Rating":" 4 stars ","Number_of_Reviews":"","Address":"","Reviewer":"John Bato (JBLuv)","Reviewer_page":"https://www.google.com/maps/contrib/108718656993155036973/reviews?hl=en-US","Review_time":"a year ago","Review":"","Likes":""},{"Name":"","Category":"","Rating":" 5 stars ","Number_of_Reviews":"","Address":"","Reviewer":"Jessica M","Reviewer_page":"https://www.google.com/maps/contrib/117852213765099713556/reviews?hl=en-US","Review_time":"2 months ago","Review":"","Likes":""},{"Name":"","Category":"","Rating":" 5 stars ","Number_of_Reviews":"","Address":"","Reviewer":"Isaac Tengbeh","Reviewer_page":"https://www.google.com/maps/contrib/103205975133031793970/reviews?hl=en-US","Review_time":"10 months ago","Review":"","Likes":""},{"Name":"","Category":"","Rating":" 4 stars ","Number_of_Reviews":"","Address":"","Reviewer":"Resident","Reviewer_page":"https://www.google.com/maps/contrib/115080501910980936566/reviews?hl=en-US","Review_time":"10 months ago","Review":"","Likes":""},{"Name":"","Category":"","Rating":" 5 stars ","Number_of_Reviews":"","Address":"","Reviewer":"Sarah Goshman","Reviewer_page":"https://www.google.com/maps/contrib/111067867477957644674/reviews?hl=en-US","Review_time":"2 years ago","Review":"","Likes":""},{"Name":"","Category":"","Rating":" 4 stars ","Number_of_Reviews":"","Address":"","Reviewer":"Daniel Heinzelman","Reviewer_page":"https://www.google.com/maps/contrib/100200201599093431076/reviews?hl=en-US","Review_time":"2 years ago","Review":"","Likes":""},{"Name":"","Category":"","Rating":" 4 stars ","Number_of_Reviews":"","Address":"","Reviewer":"María Rey","Reviewer_page":"https://www.google.com/maps/contrib/111958297344537052389/reviews?hl=en-US","Review_time":"3 years ago","Review":"","Likes":""},{"Name":"","Category":"","Rating":" 5 stars ","Number_of_Reviews":"","Address":"","Reviewer":"Sarah El Amraoui","Reviewer_page":"https://www.google.com/maps/contrib/113118881621626195160/reviews?hl=en-US","Review_time":"7 months ago","Review":"","Likes":""},{"Name":"","Category":"","Rating":" 5 stars ","Number_of_Reviews":"","Address":"","Reviewer":"Sussy A","Reviewer_page":"https://www.google.com/maps/contrib/107320135250231322633/reviews?hl=en-US","Review_time":"8 months ago","Review":"","Likes":""},{"Name":"","Category":"","Rating":" 4 stars ","Number_of_Reviews":"","Address":"","Reviewer":"Beatrice Gaston","Reviewer_page":"https://www.google.com/maps/contrib/112369119260048883681/reviews?hl=en-US","Review_time":"3 years ago","Review":"","Likes":""},{"Name":"","Category":"","Rating":" 5 stars ","Number_of_Reviews":"","Address":"","Reviewer":"Sam Fletcher","Reviewer_page":"https://www.google.com/maps/contrib/110775387889989370340/reviews?hl=en-US","Review_time":"3 years ago","Review":"","Likes":""},{"Name":"","Category":"","Rating":" 5 stars ","Number_of_Reviews":"","Address":"","Reviewer":"SIDNEY151","Reviewer_page":"https://www.google.com/maps/contrib/110857756667600106427/reviews?hl=en-US","Review_time":"2 years ago","Review":"","Likes":""},{"Name":"","Category":"","Rating":" 5 stars ","Number_of_Reviews":"","Address":"","Reviewer":"Jessica Boodram","Reviewer_page":"https://www.google.com/maps/contrib/115285553316692432694/reviews?hl=en-US","Review_time":"2 years ago","Review":"","Likes":""},{"Name":"","Category":"","Rating":" 5 stars ","Number_of_Reviews":"","Address":"","Reviewer":"Ross Reisman","Reviewer_page":"https://www.google.com/maps/contrib/101250909892843770052/reviews?hl=en-US","Review_time":"9 months ago","Review":"","Likes":""},{"Name":"","Category":"","Rating":" 5 stars ","Number_of_Reviews":"","Address":"","Reviewer":"Living Well","Reviewer_page":"https://www.google.com/maps/contrib/105790349616597511270/reviews?hl=en-US","Review_time":"a month ago","Review":"","Likes":""},{"Name":"","Category":"","Rating":" 5 stars ","Number_of_Reviews":"","Address":"","Reviewer":"Wagner Rubens Pinto Pires","Reviewer_page":"https://www.google.com/maps/contrib/114876158165513971145/reviews?hl=en-US","Review_time":"2 years ago","Review":"","Likes":""},{"Name":"","Category":"","Rating":" 4 stars ","Number_of_Reviews":"","Address":"","Reviewer":"Marcus Strang","Reviewer_page":"https://www.google.com/maps/contrib/106521378819613462369/reviews?hl=en-US","Review_time":"a year ago","Review":"","Likes":""},{"Name":"","Category":"","Rating":" 4 stars ","Number_of_Reviews":"","Address":"","Reviewer":"Kelly Shannon","Reviewer_page":"https://www.google.com/maps/contrib/106711161105999757064/reviews?hl=en-US","Review_time":"11 months ago","Review":"","Likes":""},{"Name":"","Category":"","Rating":" 5 stars ","Number_of_Reviews":"","Address":"","Reviewer":"CLARA WEBBNY","Reviewer_page":"https://www.google.com/maps/contrib/108443683866153152939/reviews?hl=en-US","Review_time":"a year ago","Review":"","Likes":""},{"Name":"","Category":"","Rating":" 5 stars ","Number_of_Reviews":"","Address":"","Reviewer":"Ramon Amaro","Reviewer_page":"https://www.google.com/maps/contrib/116019526540264531232/reviews?hl=en-US","Review_time":"3 years ago","Review":"","Likes":""},{"Name":"","Category":"","Rating":" 4 stars ","Number_of_Reviews":"","Address":"","Reviewer":"max zimmermann","Reviewer_page":"https://www.google.com/maps/contrib/116161574319076377894/reviews?hl=en-US","Review_time":"2 years ago","Review":"","Likes":""},{"Name":"","Category":"","Rating":" 4 stars ","Number_of_Reviews":"","Address":"","Reviewer":"Mohammad Afsar","Reviewer_page":"https://www.google.com/maps/contrib/105423248547808802715/reviews?hl=en-US","Review_time":"2 years ago","Review":"","Likes":""},{"Name":"","Category":"","Rating":" 5 stars ","Number_of_Reviews":"","Address":"","Reviewer":"Mohamed Soliman","Reviewer_page":"https://www.google.com/maps/contrib/113567695847875173342/reviews?hl=en-US","Review_time":"10 months ago","Review":"","Likes":""},{"Name":"","Category":"","Rating":" 5 stars ","Number_of_Reviews":"","Address":"","Reviewer":"Peter Young","Reviewer_page":"https://www.google.com/maps/contrib/117281220924062306040/reviews?hl=en-US","Review_time":"a year ago","Review":"","Likes":""},{"Name":"","Category":"","Rating":" 5 stars ","Number_of_Reviews":"","Address":"","Reviewer":"Jenn","Reviewer_page":"https://www.google.com/maps/contrib/112003706943162300800/reviews?hl=en-US","Review_time":"9 months ago","Review":"","Likes":""},{"Name":"","Category":"","Rating":" 5 stars ","Number_of_Reviews":"","Address":"","Reviewer":"Esmilce Cabrera","Reviewer_page":"https://www.google.com/maps/contrib/114354916780220187314/reviews?hl=en-US","Review_time":"2 years ago","Review":"","Likes":""},{"Name":"","Category":"","Rating":" 3 stars ","Number_of_Reviews":"","Address":"","Reviewer":"Sergio Di Tondo","Reviewer_page":"https://www.google.com/maps/contrib/104695132771376793961/reviews?hl=en-US","Review_time":"3 years ago","Review":"","Likes":""},{"Name":"","Category":"","Rating":" 1 star ","Number_of_Reviews":"","Address":"","Reviewer":"BASE5NYC","Reviewer_page":"https://www.google.com/maps/contrib/109453190181225226489/reviews?hl=en-US","Review_time":"3 years ago","Review":"","Likes":""},{"Name":"","Category":"","Rating":" 4 stars ","Number_of_Reviews":"","Address":"","Reviewer":"Michael T. Astolfi","Reviewer_page":"https://www.google.com/maps/contrib/101695791137936320830/reviews?hl=en-US","Review_time":"a year ago","Review":"","Likes":""},{"Name":"","Category":"","Rating":" 4 stars ","Number_of_Reviews":"","Address":"","Reviewer":"Risa Renae Harman","Reviewer_page":"https://www.google.com/maps/contrib/115874886608175959252/reviews?hl=en-US","Review_time":"3 years ago","Review":"","Likes":""},{"Name":"","Category":"","Rating":" 5 stars ","Number_of_Reviews":"","Address":"","Reviewer":"Dayne Burroughs","Reviewer_page":"https://www.google.com/maps/contrib/101932131992690120888/reviews?hl=en-US","Review_time":"8 months ago","Review":"","Likes":""},{"Name":"","Category":"","Rating":" 4 stars ","Number_of_Reviews":"","Address":"","Reviewer":"WIL RIVERA","Reviewer_page":"https://www.google.com/maps/contrib/114315650332336882870/reviews?hl=en-US","Review_time":"2 years ago","Review":"","Likes":""},{"Name":"","Category":"","Rating":" 4 stars ","Number_of_Reviews":"","Address":"","Reviewer":"Jennifer Capasso","Reviewer_page":"https://www.google.com/maps/contrib/114649005464113354684/reviews?hl=en-US","Review_time":"5 months ago","Review":"","Likes":""},{"Name":"","Category":"","Rating":" 5 stars ","Number_of_Reviews":"","Address":"","Reviewer":"Scott Jewnarain","Reviewer_page":"https://www.google.com/maps/contrib/113943662292269283911/reviews?hl=en-US","Review_time":"2 months ago","Review":"","Likes":""},{"Name":"","Category":"","Rating":" 5 stars ","Number_of_Reviews":"","Address":"","Reviewer":"Shelly Sinha","Reviewer_page":"https://www.google.com/maps/contrib/114842721835677662888/reviews?hl=en-US","Review_time":"2 years ago","Review":"","Likes":""},{"Name":"","Category":"","Rating":" 4 stars ","Number_of_Reviews":"","Address":"","Reviewer":"M Girkinger","Reviewer_page":"https://www.google.com/maps/contrib/105801338161022136516/reviews?hl=en-US","Review_time":"a year ago","Review":"","Likes":""},{"Name":"","Category":"","Rating":" 4 stars ","Number_of_Reviews":"","Address":"","Reviewer":"Marco Ferraro","Reviewer_page":"https://www.google.com/maps/contrib/102256797737773402275/reviews?hl=en-US","Review_time":"2 years ago","Review":"","Likes":""},{"Name":"","Category":"","Rating":" 5 stars ","Number_of_Reviews":"","Address":"","Reviewer":"Renata de Carvalho","Reviewer_page":"https://www.google.com/maps/contrib/104254292589108779777/reviews?hl=en-US","Review_time":"3 years ago","Review":"","Likes":""},{"Name":"","Category":"","Rating":" 5 stars ","Number_of_Reviews":"","Address":"","Reviewer":"Jaylin","Reviewer_page":"https://www.google.com/maps/contrib/114015986805421857636/reviews?hl=en-US","Review_time":"5 months ago","Review":"","Likes":""},{"Name":"","Category":"","Rating":" 5 stars ","Number_of_Reviews":"","Address":"","Reviewer":"Nathaniel Moore","Reviewer_page":"https://www.google.com/maps/contrib/108192605724124240844/reviews?hl=en-US","Review_time":"2 years ago","Review":"","Likes":""},{"Name":"","Category":"","Rating":" 4 stars ","Number_of_Reviews":"","Address":"","Reviewer":"Chris Han","Reviewer_page":"https://www.google.com/maps/contrib/100443829134894583016/reviews?hl=en-US","Review_time":"3 years ago","Review":"","Likes":""},{"Name":"","Category":"","Rating":" 1 star ","Number_of_Reviews":"","Address":"","Reviewer":"Tani S","Reviewer_page":"https://www.google.com/maps/contrib/100708656250663179781/reviews?hl=en-US","Review_time":"2 years ago","Review":"","Likes":""},{"Name":"","Category":"","Rating":" 4 stars ","Number_of_Reviews":"","Address":"","Reviewer":"MJ Kitenge","Reviewer_page":"https://www.google.com/maps/contrib/100496023300038234367/reviews?hl=en-US","Review_time":"2 years ago","Review":"","Likes":""},{"Name":"","Category":"","Rating":" 5 stars ","Number_of_Reviews":"","Address":"","Reviewer":"Gia Velez","Reviewer_page":"https://www.google.com/maps/contrib/112204795783863568101/reviews?hl=en-US","Review_time":"a year ago","Review":"","Likes":""},{"Name":"","Category":"","Rating":" 5 stars ","Number_of_Reviews":"","Address":"","Reviewer":"Dim “VLAD330” G.","Reviewer_page":"https://www.google.com/maps/contrib/109024570820209295002/reviews?hl=en-US","Review_time":"2 years ago","Review":"","Likes":""},{"Name":"","Category":"","Rating":" 3 stars ","Number_of_Reviews":"","Address":"","Reviewer":"Gennaro Giulio Tedeschi","Reviewer_page":"https://www.google.com/maps/contrib/116585566886842776083/reviews?hl=en-US","Review_time":"3 years ago","Review":"","Likes":""},{"Name":"","Category":"","Rating":" 5 stars ","Number_of_Reviews":"","Address":"","Reviewer":"Manuele Santoro","Reviewer_page":"https://www.google.com/maps/contrib/112212668153882876196/reviews?hl=en-US","Review_time":"3 years ago","Review":"","Likes":""},{"Name":"","Category":"","Rating":" 5 stars ","Number_of_Reviews":"","Address":"","Reviewer":"Esteban Gómez Castillo","Reviewer_page":"https://www.google.com/maps/contrib/117986381442031625958/reviews?hl=en-US","Review_time":"10 months ago","Review":"","Likes":""},{"Name":"","Category":"","Rating":" 5 stars ","Number_of_Reviews":"","Address":"","Reviewer":"Juan Medina","Reviewer_page":"https://www.google.com/maps/contrib/117898139605949121282/reviews?hl=en-US","Review_time":"a year ago","Review":"","Likes":""},{"Name":"","Category":"","Rating":" 4 stars ","Number_of_Reviews":"","Address":"","Reviewer":"Cymonmex1","Reviewer_page":"https://www.google.com/maps/contrib/110060685314127565042/reviews?hl=en-US","Review_time":"3 years ago","Review":"","Likes":""},{"Name":"","Category":"","Rating":" 5 stars ","Number_of_Reviews":"","Address":"","Reviewer":"LILLIAN REYES","Reviewer_page":"https://www.google.com/maps/contrib/106524769140265852017/reviews?hl=en-US","Review_time":"a year ago","Review":"","Likes":""},{"Name":"","Category":"","Rating":" 4 stars ","Number_of_Reviews":"","Address":"","Reviewer":"George Montagner","Reviewer_page":"https://www.google.com/maps/contrib/111096130720568221198/reviews?hl=en-US","Review_time":"2 years ago","Review":"","Likes":""},{"Name":"","Category":"","Rating":" 5 stars ","Number_of_Reviews":"","Address":"","Reviewer":"Ron TD","Reviewer_page":"https://www.google.com/maps/contrib/114137558486858804308/reviews?hl=en-US","Review_time":"a year ago","Review":"","Likes":""},{"Name":"","Category":"","Rating":" 5 stars ","Number_of_Reviews":"","Address":"","Reviewer":"Ivonne Leroux","Reviewer_page":"https://www.google.com/maps/contrib/117570507317443720971/reviews?hl=en-US","Review_time":"2 years ago","Review":"","Likes":""},{"Name":"","Category":"","Rating":" 5 stars ","Number_of_Reviews":"","Address":"","Reviewer":"Cristine Singh","Reviewer_page":"https://www.google.com/maps/contrib/117320681924753271352/reviews?hl=en-US","Review_time":"3 years ago","Review":"","Likes":""},{"Name":"","Category":"","Rating":" 4 stars ","Number_of_Reviews":"","Address":"","Reviewer":"Tim Marr","Reviewer_page":"https://www.google.com/maps/contrib/105931655175703997892/reviews?hl=en-US","Review_time":"3 years ago","Review":"","Likes":""},{"Name":"","Category":"","Rating":" 2 stars ","Number_of_Reviews":"","Address":"","Reviewer":"william pagan","Reviewer_page":"https://www.google.com/maps/contrib/104850212745366769372/reviews?hl=en-US","Review_time":"2 years ago","Review":"","Likes":""},{"Name":"","Category":"","Rating":" 5 stars ","Number_of_Reviews":"","Address":"","Reviewer":"Naotou Ichinosei","Reviewer_page":"https://www.google.com/maps/contrib/112622295467673356505/reviews?hl=en-US","Review_time":"a year ago","Review":"","Likes":""},{"Name":"","Category":"","Rating":" 4 stars ","Number_of_Reviews":"","Address":"","Reviewer":"Karina Rios","Reviewer_page":"https://www.google.com/maps/contrib/109049775081010527338/reviews?hl=en-US","Review_time":"2 years ago","Review":"","Likes":""},{"Name":"","Category":"","Rating":" 5 stars ","Number_of_Reviews":"","Address":"","Reviewer":"Seeta Singh","Reviewer_page":"https://www.google.com/maps/contrib/116868681625434745396/reviews?hl=en-US","Review_time":"a year ago","Review":"","Likes":""},{"Name":"","Category":"","Rating":" 4 stars ","Number_of_Reviews":"","Address":"","Reviewer":"Tanganyika Shipman","Reviewer_page":"https://www.google.com/maps/contrib/118063233130802756925/reviews?hl=en-US","Review_time":"10 months ago","Review":"","Likes":""},{"Name":"","Category":"","Rating":" 4 stars ","Number_of_Reviews":"","Address":"","Reviewer":"Jorge Guerrero","Reviewer_page":"https://www.google.com/maps/contrib/110035668793490139469/reviews?hl=en-US","Review_time":"2 years ago","Review":"","Likes":""},{"Name":"","Category":"","Rating":" 5 stars ","Number_of_Reviews":"","Address":"","Reviewer":"Vanessa","Reviewer_page":"https://www.google.com/maps/contrib/114143019710799926334/reviews?hl=en-US","Review_time":"a year ago","Review":"","Likes":""},{"Name":"","Category":"","Rating":" 3 stars ","Number_of_Reviews":"","Address":"","Reviewer":"Michael Chiche","Reviewer_page":"https://www.google.com/maps/contrib/115140016824487736202/reviews?hl=en-US","Review_time":"a year ago","Review":"","Likes":""},{"Name":"","Category":"","Rating":" 5 stars ","Number_of_Reviews":"","Address":"","Reviewer":"Diego Rodriguez","Reviewer_page":"https://www.google.com/maps/contrib/101035146004416022541/reviews?hl=en-US","Review_time":"a year ago","Review":"","Likes":""},{"Name":"","Category":"","Rating":" 5 stars ","Number_of_Reviews":"","Address":"","Reviewer":"Yousef Mohammed","Reviewer_page":"https://www.google.com/maps/contrib/107726603103641496745/reviews?hl=en-US","Review_time":"2 years ago","Review":"","Likes":""},{"Name":"","Category":"","Rating":" 5 stars ","Number_of_Reviews":"","Address":"","Reviewer":"Diana Pardo Rey","Reviewer_page":"https://www.google.com/maps/contrib/117565684467026165104/reviews?hl=en-US","Review_time":"3 weeks ago","Review":"","Likes":""},{"Name":"","Category":"","Rating":" 5 stars ","Number_of_Reviews":"","Address":"","Reviewer":"Raymond “Kera” Johnson","Reviewer_page":"https://www.google.com/maps/contrib/101118397253387755984/reviews?hl=en-US","Review_time":"2 years ago","Review":"","Likes":""},{"Name":"","Category":"","Rating":" 4 stars ","Number_of_Reviews":"","Address":"","Reviewer":"Pahud Hsieh","Reviewer_page":"https://www.google.com/maps/contrib/115294480707232825747/reviews?hl=en-US","Review_time":"8 months ago","Review":"","Likes":""},{"Name":"","Category":"","Rating":" 5 stars ","Number_of_Reviews":"","Address":"","Reviewer":"Sherry Ko","Reviewer_page":"https://www.google.com/maps/contrib/103519386768694972898/reviews?hl=en-US","Review_time":"2 years ago","Review":"","Likes":""},{"Name":"","Category":"","Rating":" 5 stars ","Number_of_Reviews":"","Address":"","Reviewer":"Martin Gerlach","Reviewer_page":"https://www.google.com/maps/contrib/118323055084664684892/reviews?hl=en-US","Review_time":"2 years ago","Review":"","Likes":""},{"Name":"","Category":"","Rating":" 4 stars ","Number_of_Reviews":"","Address":"","Reviewer":"EUGENE HAN (ABCinAround)","Reviewer_page":"https://www.google.com/maps/contrib/106657372829610573595/reviews?hl=en-US","Review_time":"2 years ago","Review":"","Likes":""},{"Name":"","Category":"","Rating":" 5 stars ","Number_of_Reviews":"","Address":"","Reviewer":"R Gomez (RGraphicz)","Reviewer_page":"https://www.google.com/maps/contrib/111463343280564521577/reviews?hl=en-US","Review_time":"3 years ago","Review":"","Likes":""},{"Name":"","Category":"","Rating":" 3 stars ","Number_of_Reviews":"","Address":"","Reviewer":"jo","Reviewer_page":"https://www.google.com/maps/contrib/107079559963268253789/reviews?hl=en-US","Review_time":"3 years ago","Review":"","Likes":""},{"Name":"","Category":"","Rating":" 5 stars ","Number_of_Reviews":"","Address":"","Reviewer":"mandy li","Reviewer_page":"https://www.google.com/maps/contrib/115397818702917793131/reviews?hl=en-US","Review_time":"2 years ago","Review":"","Likes":""},{"Name":"","Category":"","Rating":" 5 stars ","Number_of_Reviews":"","Address":"","Reviewer":"Sinful Omen","Reviewer_page":"https://www.google.com/maps/contrib/107287628701461847448/reviews?hl=en-US","Review_time":"2 years ago","Review":"","Likes":""},{"Name":"","Category":"","Rating":" 5 stars ","Number_of_Reviews":"","Address":"","Reviewer":"Pauljames Bekanich","Reviewer_page":"https://www.google.com/maps/contrib/117419979232222217219/reviews?hl=en-US","Review_time":"2 years ago","Review":"","Likes":""},{"Name":"","Category":"","Rating":" 5 stars ","Number_of_Reviews":"","Address":"","Reviewer":"Barbara King","Reviewer_page":"https://www.google.com/maps/contrib/114759003623021131788/reviews?hl=en-US","Review_time":"a month ago","Review":"","Likes":""}