[{"Name":"","Category":"","Rating":" 1 star ","Number_of_Reviews":"","Address":"","Reviewer":"Valentina Echeverry","Reviewer_page":"https://www.google.com/maps/contrib/106500344382700259543/reviews?hl=en-US","Review_time":"4 weeks ago","Review":"I came at 640 pm to this location to get a couple of drinks and I also needed to use the bathroom, i knew closing time was at 7 pm, but i still had 20mins window, the barista claimed the bathroom was as closed because they had just put clorox everywhere even on the floors so it was closed for the night. I kindly asked if she could check with the manager since i only had to pee like i wouldnt even touch the toilet seat, but she claimed the manager already said its not possible. Honestly felt like this was unprofessional, how are you closing off the bathroom 20 mins before closing time. Very unprofessional specially because the manager didnt even come out to tell me it themselves.","Likes":""},{"Name":"","Category":"","Rating":" 1 star ","Number_of_Reviews":"","Address":"","Reviewer":"aryck apollo","Reviewer_page":"https://www.google.com/maps/contrib/116418350130195709189/reviews?hl=en-US","Review_time":"2 weeks ago","Review":"Ordered a crème drink, ticket on cup said crème. When I picked it up it was a regular coffee drink. Got back in the line, waited, told cashier. Cashier verified that I didn’t want espresso in the drink 3, not one but 3, times before asking barista to remake it! If I wanted coffee in my drink i wouldn’t have ordered a crème drink! Barista then 1. Used the same cup. 2. Had an attitude about fixing their mistake. 3. Didn’t make drink correctly again. 4. Was rude when handing me new drink, in same old cup. I don’t go into Starbucks expecting much from the staff, but a little decency goes a long way. Not that they care but I will not be back. Not when there are just as good of options a stones throw away.","Likes":""},{"Name":"","Category":"","Rating":" 5 stars ","Number_of_Reviews":"","Address":"","Reviewer":"Jeffrey T.","Reviewer_page":"https://www.google.com/maps/contrib/117229721564064727516/reviews?hl=en-US","Review_time":"2 years ago","Review":"Stop by one of Long Island  City's  newest Starbucks  establishments.  My staff and I will be excited  to help you out. Our store purpose is , to create a culture  of warmth and belonging  where EVERYONE  is welcomed.  So please stop by we look forward  connecting  with our new neighbors.  Also if you need any help with with wheelchair access we do have an ADA elevator, and if you have a stroller  please ask one of our partners  to assist you, we will gladly help. Coffee = Togetherness.","Likes":""},{"Name":"","Category":"","Rating":" 5 stars ","Number_of_Reviews":"","Address":"","Reviewer":"Catherine Carlisle","Reviewer_page":"https://www.google.com/maps/contrib/106953859299517683654/reviews?hl=en-US","Review_time":"3 years ago","Review":"This location is roomy and cute. Plenty of space to work or meet up with a friend. There are no large work tables but plenty of outlets. This location is clean and has lively decor. It is one of the only Starbucks in the area and it was a good choice right off the 7. The huge windows give gorgeous natural light amd views of either buildings or sky depending on what side you choose. Prices are normal for starbucks. Food and drinks are the same. Staff seems busy and friendly. 10/10","Likes":""},{"Name":"","Category":"","Rating":" 5 stars ","Number_of_Reviews":"","Address":"","Reviewer":"John Pekosz","Reviewer_page":"https://www.google.com/maps/contrib/116198315858491855009/reviews?hl=en-US","Review_time":"a month ago","Review":"Very nice place to relax. Great wifi and lots of spacious seating.  Great service as well.","Likes":""},{"Name":"","Category":"","Rating":" 1 star ","Number_of_Reviews":"","Address":"","Reviewer":"Shannon Anderson","Reviewer_page":"https://www.google.com/maps/contrib/102008255835086298614/reviews?hl=en-US","Review_time":"7 months ago","Review":"Jeff is a horrible manager ! I asked for some Caramel please keep in mind that I order from this Starbucks all the time and I’ve asked for a small cup of Caramel before and NOBODY has ever gave me an issue everyone in there is so nice. He told me I had to pay for it so I said okay paid the .80 cents but since I’m rushing I asked him can you put the caramel in the cup so I can go because it’s not a drink or sandwich. He’s telling me relax and wait so I ask someone else who isn’t busy he interjects and tells me to wait and stop rushing him . What gives you the right as manager to talk to a paying customer like this JEFF ! Not okay so I asked for a refund he again interjects being sarcastic saying take your money back and here is your caramel. Honestly he had so much sweat dripping in the cups i didn’t want it .\nYou catch my flies with honey JEFF ! Eat a cake pop and be a little sweeter","Likes":"1"},{"Name":"","Category":"","Rating":" 5 stars ","Number_of_Reviews":"","Address":"","Reviewer":"Jorge Taveras","Reviewer_page":"https://www.google.com/maps/contrib/100849356424259097386/reviews?hl=en-US","Review_time":"7 months ago","Review":"Calm spot to grab a drink and watch all the LIC traffic zoom by","Likes":""},{"Name":"","Category":"","Rating":" 5 stars ","Number_of_Reviews":"","Address":"","Reviewer":"Ilgaz Omer","Reviewer_page":"https://www.google.com/maps/contrib/110744934467417816674/reviews?hl=en-US","Review_time":"6 months ago","Review":"Beautiful decor in this starbucks, roomy and spacious with plenty of comfortable seating.","Likes":""},{"Name":"","Category":"","Rating":" 1 star ","Number_of_Reviews":"","Address":"","Reviewer":"PeiWen HE","Reviewer_page":"https://www.google.com/maps/contrib/113367449792688958804/reviews?hl=en-US","Review_time":"8 months ago","Review":"The employee’s attitude so bad. I was asking if can change the cap for my drink. I just asked if I can take that cap. He just said no. I said I want take out and the drink will be easy leak from that cap. He just gave me bad attitude. When I turned around gonna leave I heard he laugh at me. Laugh so loud. He so mean.","Likes":"1"},{"Name":"","Category":"","Rating":" 5 stars ","Number_of_Reviews":"","Address":"","Reviewer":"Trinity","Reviewer_page":"https://www.google.com/maps/contrib/110446865999310970390/reviews?hl=en-US","Review_time":"3 months ago","Review":"Delicious Customer service sweet and kind vibes","Likes":""},{"Name":"","Category":"","Rating":" 5 stars ","Number_of_Reviews":"","Address":"","Reviewer":"Faye Tian","Reviewer_page":"https://www.google.com/maps/contrib/117227276701405298849/reviews?hl=en-US","Review_time":"9 months ago","Review":"I love this Starbucks location.  Never once I needed to wait for my app orders.  All staff are super friendly.","Likes":""},{"Name":"","Category":"","Rating":" 5 stars ","Number_of_Reviews":"","Address":"","Reviewer":"Kenneth Brophy","Reviewer_page":"https://www.google.com/maps/contrib/106167622819318991557/reviews?hl=en-US","Review_time":"2 years ago","Review":"This is our neighborhood Starbucks and we love it so much. The staff is so friendly and always smiling. The food and drinks are always well made. I’ve never had an order mixup, but I’m sure if I did they would handle it well. We were sad to see you guys close for a bit during Covid, but love that you’re back safely serving the community!","Likes":""},{"Name":"","Category":"","Rating":" 1 star ","Number_of_Reviews":"","Address":"","Reviewer":"Ihor Bakhnak","Reviewer_page":"https://www.google.com/maps/contrib/102954125623841755582/reviews?hl=en-US","Review_time":"a year ago","Review":"I came in here to purchase bags of coffee using my Starbucks points with the store empty and a guy at the register and his supervisor for the day. I told him to only use my stars for the purchase. He says he did and crumpled up the receipt. I left thinking everything is fine. I check my credit card that's linked with the app and he only removed 1 purchase with stars and charged my card for the rest $40. Now I have to deal with calling my credit card to try to reverse the transaction and take my stars instead.","Likes":"1"},{"Name":"","Category":"","Rating":" 5 stars ","Number_of_Reviews":"","Address":"","Reviewer":"Yeva Shport","Reviewer_page":"https://www.google.com/maps/contrib/108444356794839711887/reviews?hl=en-US","Review_time":"10 months ago","Review":"Nice and spacious Starbucks","Likes":""},{"Name":"","Category":"","Rating":" 5 stars ","Number_of_Reviews":"","Address":"","Reviewer":"Tazzy Boy","Reviewer_page":"https://www.google.com/maps/contrib/105471167871293597167/reviews?hl=en-US","Review_time":"a year ago","Review":"Great service everytime. The employees here are definitely awesome. No complaints.  I come by 4 times a week if not busy.. beautiful service everytime. ❤.","Likes":""},{"Name":"","Category":"","Rating":" 1 star ","Number_of_Reviews":"","Address":"","Reviewer":"Jazmine Maglione","Reviewer_page":"https://www.google.com/maps/contrib/103013504718480448535/reviews?hl=en-US","Review_time":"9 months ago","Review":"Never seems to have any of the toppings associated with drinks but still get charged full price...why if I'm not getting exactly what I ordered?","Likes":"1"},{"Name":"","Category":"","Rating":" 5 stars ","Number_of_Reviews":"","Address":"","Reviewer":"Nahida A","Reviewer_page":"https://www.google.com/maps/contrib/116252542428147578635/reviews?hl=en-US","Review_time":"2 years ago","Review":"Love this Starbucks, they're fast and super nice. They didn't have an item I ordered through online so they gave me another sandwich a complimentary gift card. Love it!","Likes":""},{"Name":"","Category":"","Rating":" 5 stars ","Number_of_Reviews":"","Address":"","Reviewer":"Mike Dallas","Reviewer_page":"https://www.google.com/maps/contrib/108909571184481787548/reviews?hl=en-US","Review_time":"a year ago","Review":"I mean, it’s a Starbucks, it’s always the same and that’s what you’re going there for. The specific one is never too crowded and my online order is always ready when I get there.","Likes":""},{"Name":"","Category":"","Rating":" 5 stars ","Number_of_Reviews":"","Address":"","Reviewer":"giselle batista","Reviewer_page":"https://www.google.com/maps/contrib/101886401080080889960/reviews?hl=en-US","Review_time":"3 years ago","Review":"Best customer service ever !!!, very nice , very polite I get greeted every morning with a smile , coffee is made just the way I love it . I highly recommend . I was super excited when I heard they were opening a Starbucks by my job cause there is rarely anything around there it was the best thing that ever happened , oh and the best part is every time I order something to eat is nice and hot and FRESH!!!!! 😍😍😍","Likes":""},{"Name":"","Category":"","Rating":" 5 stars ","Number_of_Reviews":"","Address":"","Reviewer":"Stephen E Jackson","Reviewer_page":"https://www.google.com/maps/contrib/111540204415009381641/reviews?hl=en-US","Review_time":"2 years ago","Review":"Special Thanks to Jeffery and the Crew for making today’s surprise 2-14-2020 for my girlfriend Ashely a success. It meant the world to me and her and I’m forever grateful that I was able to include some of her favorite things at a location that means so much to us both. Ya’ll are all invited to our wedding(one day in the future)","Likes":"1"},{"Name":"","Category":"","Rating":" 5 stars ","Number_of_Reviews":"","Address":"","Reviewer":"Dennis Gaddis","Reviewer_page":"https://www.google.com/maps/contrib/103403398400764748707/reviews?hl=en-US","Review_time":"2 years ago","Review":"Great place to wait for the Railroad. Service is fantastic. Music is just a little too loud if you're looking to fill the void with some work calls","Likes":""},{"Name":"","Category":"","Rating":" 5 stars ","Number_of_Reviews":"","Address":"","Reviewer":"Nuzhat Noor","Reviewer_page":"https://www.google.com/maps/contrib/105879466869905080680/reviews?hl=en-US","Review_time":"a year ago","Review":"One of the best Starbucks. Lots of room and the service is awesome- crew is very friendly","Likes":""},{"Name":"","Category":"","Rating":" 5 stars ","Number_of_Reviews":"","Address":"","Reviewer":"Philip Koch","Reviewer_page":"https://www.google.com/maps/contrib/111328781640526510983/reviews?hl=en-US","Review_time":"a year ago","Review":"Very clean. It was 110° outside so it's good to cool off. The iced tea was delicious.","Likes":""},{"Name":"","Category":"","Rating":" 4 stars ","Number_of_Reviews":"","Address":"","Reviewer":"Anandi Premlall","Reviewer_page":"https://www.google.com/maps/contrib/107244901742576884386/reviews?hl=en-US","Review_time":"2 years ago","Review":"Beautiful new spot that opened up last fall. Lots of seating and plugs, including Wi-Fi, and very friendly staff. Bathrooms are also open to the public and clean.","Likes":""},{"Name":"","Category":"","Rating":" 1 star ","Number_of_Reviews":"","Address":"","Reviewer":"Julia Crouse","Reviewer_page":"https://www.google.com/maps/contrib/106416783781748461417/reviews?hl=en-US","Review_time":"3 years ago","Review":"No ramp for stroller. If you come with the kiddos they suggest that you park your stroller and carry them up the steps. Not sure what you’re supposed to do with multiples or with your hot beverage as you carry your kid back down the steps...","Likes":"1"},{"Name":"","Category":"","Rating":" 5 stars ","Number_of_Reviews":"","Address":"","Reviewer":"Juan Enrique Toro","Reviewer_page":"https://www.google.com/maps/contrib/102541970887383293516/reviews?hl=en-US","Review_time":"a year ago","Review":"Awesome Starbucks\nGreat location, friendly staff, great music.\nA real joy!\nThank you","Likes":""},{"Name":"","Category":"","Rating":" 5 stars ","Number_of_Reviews":"","Address":"","Reviewer":"Samuel Essah-Hienwo","Reviewer_page":"https://www.google.com/maps/contrib/101074588911342862764/reviews?hl=en-US","Review_time":"a year ago","Review":"You will need your covid vacation card to dine in be ready. Nice place with a view","Likes":""},{"Name":"","Category":"","Rating":" 5 stars ","Number_of_Reviews":"","Address":"","Reviewer":"Juanita Flores","Reviewer_page":"https://www.google.com/maps/contrib/109451892950930848453/reviews?hl=en-US","Review_time":"2 years ago","Review":"Every single staff member at location is super friendly! 💚I love stopping by here before work most of them know my name by now and can correctly spell it too ! Ha","Likes":""},{"Name":"","Category":"","Rating":" 5 stars ","Number_of_Reviews":"","Address":"","Reviewer":"Lauren Hawkins","Reviewer_page":"https://www.google.com/maps/contrib/113650247484718350623/reviews?hl=en-US","Review_time":"2 years ago","Review":"Love it! Always neat","Likes":""},{"Name":"","Category":"","Rating":" 5 stars ","Number_of_Reviews":"","Address":"","Reviewer":"Victoria Robinson","Reviewer_page":"https://www.google.com/maps/contrib/110628290725853543624/reviews?hl=en-US","Review_time":"a year ago","Review":"Very polite staff. Customer service was phenomenal","Likes":""},{"Name":"","Category":"","Rating":" 3 stars ","Number_of_Reviews":"","Address":"","Reviewer":"Yalontya Simmons","Reviewer_page":"https://www.google.com/maps/contrib/110935856006386275303/reviews?hl=en-US","Review_time":"2 years ago","Review":"Very nice and clean place and very nice atmosphere but the food here and the coffee is way too pricey!","Likes":""},{"Name":"","Category":"","Rating":" 5 stars ","Number_of_Reviews":"","Address":"","Reviewer":"Hans Roy","Reviewer_page":"https://www.google.com/maps/contrib/106168152837232268106/reviews?hl=en-US","Review_time":"2 years ago","Review":"Extremely friendly and very accommodating, a mistake made and quickly they are to apologize and make the appropriate corrections!","Likes":""},{"Name":"","Category":"","Rating":" 1 star ","Number_of_Reviews":"","Address":"","Reviewer":"Angel Pena","Reviewer_page":"https://www.google.com/maps/contrib/106846498522575423100/reviews?hl=en-US","Review_time":"8 months ago","Review":"Terrible service, rude and unfriendly floor staff.","Likes":"1"},{"Name":"","Category":"","Rating":" 4 stars ","Number_of_Reviews":"","Address":"","Reviewer":"Soo Jin Park","Reviewer_page":"https://www.google.com/maps/contrib/102960250801230932012/reviews?hl=en-US","Review_time":"a year ago","Review":"Kind of in the middle of nowhere but it’s a pretty sizable location that isn’t too crowded most of the times.","Likes":""},{"Name":"","Category":"","Rating":" 5 stars ","Number_of_Reviews":"","Address":"","Reviewer":"Equana Pile","Reviewer_page":"https://www.google.com/maps/contrib/104889902031138730988/reviews?hl=en-US","Review_time":"3 months ago","Review":"Very friendly staff","Likes":""},{"Name":"","Category":"","Rating":" 5 stars ","Number_of_Reviews":"","Address":"","Reviewer":"Amanda Bell","Reviewer_page":"https://www.google.com/maps/contrib/110974744216017745705/reviews?hl=en-US","Review_time":"a year ago","Review":"Starbucks is always a 10/10 if you like Dunkin then you just like drinking dirty toilet water","Likes":""},{"Name":"","Category":"","Rating":" 5 stars ","Number_of_Reviews":"","Address":"","Reviewer":"Kevin p tunney","Reviewer_page":"https://www.google.com/maps/contrib/107170947806294525838/reviews?hl=en-US","Review_time":"9 months ago","Review":"Greay mobile app makes for a quick order","Likes":""},{"Name":"","Category":"","Rating":" 5 stars ","Number_of_Reviews":"","Address":"","Reviewer":"Brenda Jones","Reviewer_page":"https://www.google.com/maps/contrib/106697579316810554765/reviews?hl=en-US","Review_time":"a year ago","Review":"Super CLEAN!  Quick, polite, no problems. 👍🏼","Likes":""},{"Name":"","Category":"","Rating":" 5 stars ","Number_of_Reviews":"","Address":"","Reviewer":"Paula C","Reviewer_page":"https://www.google.com/maps/contrib/116139116502157400194/reviews?hl=en-US","Review_time":"a year ago","Review":"I go there everyday I love all the employees there alway enjoy","Likes":""},{"Name":"","Category":"","Rating":" 5 stars ","Number_of_Reviews":"","Address":"","Reviewer":"Jeni Rios","Reviewer_page":"https://www.google.com/maps/contrib/103174658872067038891/reviews?hl=en-US","Review_time":"6 months ago","Review":"Fast friendly service","Likes":""},{"Name":"","Category":"","Rating":" 4 stars ","Number_of_Reviews":"","Address":"","Reviewer":"Chuck Paul","Reviewer_page":"https://www.google.com/maps/contrib/114070263194434568759/reviews?hl=en-US","Review_time":"2 years ago","Review":"Nice new location, staff could be more engaging and attentive though","Likes":""},{"Name":"","Category":"","Rating":" 5 stars ","Number_of_Reviews":"","Address":"","Reviewer":"Shahzore Qureshi","Reviewer_page":"https://www.google.com/maps/contrib/112635927713456845380/reviews?hl=en-US","Review_time":"a year ago","Review":"Great coffee and amazing restroom! 😂","Likes":""},{"Name":"","Category":"","Rating":" 5 stars ","Number_of_Reviews":"","Address":"","Reviewer":"Lewis Rothkopf","Reviewer_page":"https://www.google.com/maps/contrib/106464226819199581145/reviews?hl=en-US","Review_time":"2 years ago","Review":"Great Starbucks. Friendly staff and plenty of comfortable seating.","Likes":""},{"Name":"","Category":"","Rating":" 5 stars ","Number_of_Reviews":"","Address":"","Reviewer":"Manny Sergentakis","Reviewer_page":"https://www.google.com/maps/contrib/108811601855049991846/reviews?hl=en-US","Review_time":"5 months ago","Review":"Great lattes.","Likes":""},{"Name":"","Category":"","Rating":" 5 stars ","Number_of_Reviews":"","Address":"","Reviewer":"Antonio Perez","Reviewer_page":"https://www.google.com/maps/contrib/118399862228431174116/reviews?hl=en-US","Review_time":"a year ago","Review":"Amazing staff. I love this place!","Likes":""},{"Name":"","Category":"","Rating":" 5 stars ","Number_of_Reviews":"","Address":"","Reviewer":"Nelida Rodriguez","Reviewer_page":"https://www.google.com/maps/contrib/115577181381811231734/reviews?hl=en-US","Review_time":"2 years ago","Review":"Customer Service was great! Service was wonderful!","Likes":""},{"Name":"","Category":"","Rating":" 5 stars ","Number_of_Reviews":"","Address":"","Reviewer":"Michele Carias","Reviewer_page":"https://www.google.com/maps/contrib/106671125810056380562/reviews?hl=en-US","Review_time":"2 years ago","Review":"Long Island City store, ROCKS!!! LOVE LOVE LOVE the staff.","Likes":""},{"Name":"","Category":"","Rating":" 5 stars ","Number_of_Reviews":"","Address":"","Reviewer":"Charlie Carbajal","Reviewer_page":"https://www.google.com/maps/contrib/112022860363576053370/reviews?hl=en-US","Review_time":"2 years ago","Review":"Amazing! They’re always kind here!","Likes":""},{"Name":"","Category":"","Rating":" 4 stars ","Number_of_Reviews":"","Address":"","Reviewer":"Shawn G","Reviewer_page":"https://www.google.com/maps/contrib/108250387346163460378/reviews?hl=en-US","Review_time":"2 years ago","Review":"Music is too loud, employees are great.","Likes":"1"},{"Name":"","Category":"","Rating":" 1 star ","Number_of_Reviews":"","Address":"","Reviewer":"Lucchini Gianni","Reviewer_page":"https://www.google.com/maps/contrib/111987626670627639219/reviews?hl=en-US","Review_time":"a year ago","Review":"There was a fly on their pastry","Likes":"2"},{"Name":"","Category":"","Rating":" 5 stars ","Number_of_Reviews":"","Address":"","Reviewer":"korcan siyli","Reviewer_page":"https://www.google.com/maps/contrib/109662213506484087767/reviews?hl=en-US","Review_time":"a year ago","Review":"Thanks for always good service,,,","Likes":""},{"Name":"","Category":"","Rating":" 5 stars ","Number_of_Reviews":"","Address":"","Reviewer":"Trina Madison","Reviewer_page":"https://www.google.com/maps/contrib/112601716819863670767/reviews?hl=en-US","Review_time":"2 years ago","Review":"Great service and friendly staff","Likes":""},{"Name":"","Category":"","Rating":" 5 stars ","Number_of_Reviews":"","Address":"","Reviewer":"Ivette Rivera","Reviewer_page":"https://www.google.com/maps/contrib/107587377107399358888/reviews?hl=en-US","Review_time":"a year ago","Review":"Great customer service","Likes":""},{"Name":"","Category":"","Rating":" 5 stars ","Number_of_Reviews":"","Address":"","Reviewer":"JuJu Rodriguez","Reviewer_page":"https://www.google.com/maps/contrib/117882298652792997340/reviews?hl=en-US","Review_time":"2 years ago","Review":"Clean and good service","Likes":""},{"Name":"","Category":"","Rating":" 5 stars ","Number_of_Reviews":"","Address":"","Reviewer":"Stephan Poole","Reviewer_page":"https://www.google.com/maps/contrib/116890627932234636855/reviews?hl=en-US","Review_time":"2 years ago","Review":"The coffee is great","Likes":""},{"Name":"","Category":"","Rating":" 5 stars ","Number_of_Reviews":"","Address":"","Reviewer":"Michael Lack","Reviewer_page":"https://www.google.com/maps/contrib/106272383719120909333/reviews?hl=en-US","Review_time":"a year ago","Review":"Delicious as always","Likes":""},{"Name":"","Category":"","Rating":" 5 stars ","Number_of_Reviews":"","Address":"","Reviewer":"Hanel Pabon","Reviewer_page":"https://www.google.com/maps/contrib/110299691226760893291/reviews?hl=en-US","Review_time":"2 years ago","Review":"LOVE the Coffee","Likes":""},{"Name":"","Category":"","Rating":" 5 stars ","Number_of_Reviews":"","Address":"","Reviewer":"Michael Armato","Reviewer_page":"https://www.google.com/maps/contrib/115492438591309675550/reviews?hl=en-US","Review_time":"a year ago","Review":"Very 😎 Michael a","Likes":""},{"Name":"","Category":"","Rating":" 5 stars ","Number_of_Reviews":"","Address":"","Reviewer":"Ashley Maldonado","Reviewer_page":"https://www.google.com/maps/contrib/102640023136098980637/reviews?hl=en-US","Review_time":"2 years ago","Review":"Good sandwich","Likes":""},{"Name":"","Category":"","Rating":" 5 stars ","Number_of_Reviews":"","Address":"","Reviewer":"The Hybrid Chosen One","Reviewer_page":"https://www.google.com/maps/contrib/103788892137320615950/reviews?hl=en-US","Review_time":"2 years ago","Review":"Professional Services","Likes":""},{"Name":"","Category":"","Rating":" 5 stars ","Number_of_Reviews":"","Address":"","Reviewer":"Diego Rodríguez","Reviewer_page":"https://www.google.com/maps/contrib/115099803773306481898/reviews?hl=en-US","Review_time":"2 months ago","Review":"(Translated by Google) My favorite place in the area. I went 3 times and in all excellent attention.\n\n(Original)\nMi lugar favorito de la zona. Fui 3 veces y en todas una excelente atención.","Likes":""},{"Name":"","Category":"","Rating":" 4 stars ","Number_of_Reviews":"","Address":"","Reviewer":"Francisco Nunez","Reviewer_page":"https://www.google.com/maps/contrib/117335539360809228754/reviews?hl=en-US","Review_time":"11 months ago","Review":"(Translated by Google) A good place they serve you quickly 👍\n\n(Original)\nUn buen lugar te atienden rápido 👍","Likes":""},{"Name":"","Category":"","Rating":" 5 stars ","Number_of_Reviews":"","Address":"","Reviewer":"BL Vasquez","Reviewer_page":"https://www.google.com/maps/contrib/101182480456467944548/reviews?hl=en-US","Review_time":"2 years ago","Review":"(Translated by Google) Riko coffee and a very nice place\n\n(Original)\nRiko café y un muy bonito lugar","Likes":""},{"Name":"","Category":"","Rating":" 5 stars ","Number_of_Reviews":"","Address":"","Reviewer":"Boom Boom","Reviewer_page":"https://www.google.com/maps/contrib/106500061192390413320/reviews?hl=en-US","Review_time":"a year ago","Review":"(Translated by Google) Java chip hits ❤️\n\n(Original)\nJava chip frappe ❤️","Likes":""},{"Name":"","Category":"","Rating":" 4 stars ","Number_of_Reviews":"","Address":"","Reviewer":"Maite Arago Herencia","Reviewer_page":"https://www.google.com/maps/contrib/108277104813173679152/reviews?hl=en-US","Review_time":"2 years ago","Review":"(Translated by Google) for your peace of mind\n\n(Original)\nPor su tranquilidad","Likes":""},{"Name":"","Category":"","Rating":" 5 stars ","Number_of_Reviews":"","Address":"","Reviewer":"Kenia M","Reviewer_page":"https://www.google.com/maps/contrib/101085449444402826130/reviews?hl=en-US","Review_time":"a week ago","Review":"","Likes":""},{"Name":"","Category":"","Rating":" 5 stars ","Number_of_Reviews":"","Address":"","Reviewer":"Crystal Spann","Reviewer_page":"https://www.google.com/maps/contrib/100954003482438571363/reviews?hl=en-US","Review_time":"a month ago","Review":"","Likes":""},{"Name":"","Category":"","Rating":" 5 stars ","Number_of_Reviews":"","Address":"","Reviewer":"Irina Levina","Reviewer_page":"https://www.google.com/maps/contrib/102729645824668609523/reviews?hl=en-US","Review_time":"6 months ago","Review":"","Likes":""},{"Name":"","Category":"","Rating":" 5 stars ","Number_of_Reviews":"","Address":"","Reviewer":"Rachelle Babalao","Reviewer_page":"https://www.google.com/maps/contrib/113190605588623903547/reviews?hl=en-US","Review_time":"7 months ago","Review":"","Likes":""},{"Name":"","Category":"","Rating":" 5 stars ","Number_of_Reviews":"","Address":"","Reviewer":"Carlos Marinero","Reviewer_page":"https://www.google.com/maps/contrib/100410356236932988039/reviews?hl=en-US","Review_time":"8 months ago","Review":"","Likes":""},{"Name":"","Category":"","Rating":" 5 stars ","Number_of_Reviews":"","Address":"","Reviewer":"Jerry Giarratana","Reviewer_page":"https://www.google.com/maps/contrib/111388795501356206301/reviews?hl=en-US","Review_time":"9 months ago","Review":"","Likes":""},{"Name":"","Category":"","Rating":" 5 stars ","Number_of_Reviews":"","Address":"","Reviewer":"Eva Queen","Reviewer_page":"https://www.google.com/maps/contrib/114574296191409592992/reviews?hl=en-US","Review_time":"a year ago","Review":"","Likes":""},{"Name":"","Category":"","Rating":" 5 stars ","Number_of_Reviews":"","Address":"","Reviewer":"Chris Ellis","Reviewer_page":"https://www.google.com/maps/contrib/105576195619992878208/reviews?hl=en-US","Review_time":"a year ago","Review":"","Likes":""},{"Name":"","Category":"","Rating":" 5 stars ","Number_of_Reviews":"","Address":"","Reviewer":"tighaz Amine","Reviewer_page":"https://www.google.com/maps/contrib/107382509458376660630/reviews?hl=en-US","Review_time":"a year ago","Review":"","Likes":""},{"Name":"","Category":"","Rating":" 5 stars ","Number_of_Reviews":"","Address":"","Reviewer":"Aaron","Reviewer_page":"https://www.google.com/maps/contrib/107290732883537582995/reviews?hl=en-US","Review_time":"2 years ago","Review":"","Likes":""},{"Name":"","Category":"","Rating":" 5 stars ","Number_of_Reviews":"","Address":"","Reviewer":"Chingiz J","Reviewer_page":"https://www.google.com/maps/contrib/103608068978678866533/reviews?hl=en-US","Review_time":"2 years ago","Review":"","Likes":""},{"Name":"","Category":"","Rating":" 5 stars ","Number_of_Reviews":"","Address":"","Reviewer":"P B","Reviewer_page":"https://www.google.com/maps/contrib/100371063665402120033/reviews?hl=en-US","Review_time":"2 years ago","Review":"","Likes":""},{"Name":"","Category":"","Rating":" 5 stars ","Number_of_Reviews":"","Address":"","Reviewer":"Monica Heredia Contreras","Reviewer_page":"https://www.google.com/maps/contrib/102078769148968921335/reviews?hl=en-US","Review_time":"a year ago","Review":"","Likes":""},{"Name":"","Category":"","Rating":" 5 stars ","Number_of_Reviews":"","Address":"","Reviewer":"David Lucas","Reviewer_page":"https://www.google.com/maps/contrib/110200723817533048879/reviews?hl=en-US","Review_time":"a year ago","Review":"","Likes":""},{"Name":"","Category":"","Rating":" 3 stars ","Number_of_Reviews":"","Address":"","Reviewer":"Michael Yusim","Reviewer_page":"https://www.google.com/maps/contrib/114368989416206987641/reviews?hl=en-US","Review_time":"11 months ago","Review":"","Likes":""},{"Name":"","Category":"","Rating":" 5 stars ","Number_of_Reviews":"","Address":"","Reviewer":"Amy Christian","Reviewer_page":"https://www.google.com/maps/contrib/106853463417297985684/reviews?hl=en-US","Review_time":"3 years ago","Review":"","Likes":""},{"Name":"","Category":"","Rating":" 5 stars ","Number_of_Reviews":"","Address":"","Reviewer":"E. Bljv","Reviewer_page":"https://www.google.com/maps/contrib/113829997071151673510/reviews?hl=en-US","Review_time":"2 months ago","Review":"","Likes":""},{"Name":"","Category":"","Rating":" 5 stars ","Number_of_Reviews":"","Address":"","Reviewer":"Robert “RPS” Smiarowski","Reviewer_page":"https://www.google.com/maps/contrib/108114004593654081965/reviews?hl=en-US","Review_time":"10 months ago","Review":"","Likes":""},{"Name":"","Category":"","Rating":" 3 stars ","Number_of_Reviews":"","Address":"","Reviewer":"Terri Alford Mosley","Reviewer_page":"https://www.google.com/maps/contrib/107646325481087189865/reviews?hl=en-US","Review_time":"a month ago","Review":"","Likes":""},{"Name":"","Category":"","Rating":" 5 stars ","Number_of_Reviews":"","Address":"","Reviewer":"Iva Velazquez","Reviewer_page":"https://www.google.com/maps/contrib/116344149407764622324/reviews?hl=en-US","Review_time":"a year ago","Review":"","Likes":""},{"Name":"","Category":"","Rating":" 5 stars ","Number_of_Reviews":"","Address":"","Reviewer":"Gia Velez","Reviewer_page":"https://www.google.com/maps/contrib/112204795783863568101/reviews?hl=en-US","Review_time":"a year ago","Review":"","Likes":""},{"Name":"","Category":"","Rating":" 5 stars ","Number_of_Reviews":"","Address":"","Reviewer":"Tiesha Branch","Reviewer_page":"https://www.google.com/maps/contrib/117464098191569463817/reviews?hl=en-US","Review_time":"11 months ago","Review":"","Likes":""},{"Name":"","Category":"","Rating":" 5 stars ","Number_of_Reviews":"","Address":"","Reviewer":"Vicky Ortiz","Reviewer_page":"https://www.google.com/maps/contrib/117860071313791616315/reviews?hl=en-US","Review_time":"2 years ago","Review":"","Likes":""},{"Name":"","Category":"","Rating":" 5 stars ","Number_of_Reviews":"","Address":"","Reviewer":"Maru Kaneko","Reviewer_page":"https://www.google.com/maps/contrib/104970780274513186552/reviews?hl=en-US","Review_time":"2 years ago","Review":"","Likes":""},{"Name":"","Category":"","Rating":" 5 stars ","Number_of_Reviews":"","Address":"","Reviewer":"Courtney N Morgan","Reviewer_page":"https://www.google.com/maps/contrib/108912664805555695792/reviews?hl=en-US","Review_time":"2 years ago","Review":"","Likes":""},{"Name":"","Category":"","Rating":" 5 stars ","Number_of_Reviews":"","Address":"","Reviewer":"Brian Gutierrez","Reviewer_page":"https://www.google.com/maps/contrib/100321145794386085250/reviews?hl=en-US","Review_time":"3 years ago","Review":"","Likes":""},{"Name":"","Category":"","Rating":" 5 stars ","Number_of_Reviews":"","Address":"","Reviewer":"Santiago Rivas","Reviewer_page":"https://www.google.com/maps/contrib/117481621450903721123/reviews?hl=en-US","Review_time":"a year ago","Review":"","Likes":""},{"Name":"","Category":"","Rating":" 5 stars ","Number_of_Reviews":"","Address":"","Reviewer":"anuj shrestha","Reviewer_page":"https://www.google.com/maps/contrib/105369546307084929644/reviews?hl=en-US","Review_time":"2 years ago","Review":"","Likes":""},{"Name":"","Category":"","Rating":" 5 stars ","Number_of_Reviews":"","Address":"","Reviewer":"Nelson Ng","Reviewer_page":"https://www.google.com/maps/contrib/111268457249791890003/reviews?hl=en-US","Review_time":"10 months ago","Review":"","Likes":""},{"Name":"","Category":"","Rating":" 5 stars ","Number_of_Reviews":"","Address":"","Reviewer":"nkol","Reviewer_page":"https://www.google.com/maps/contrib/104545762150547601638/reviews?hl=en-US","Review_time":"2 years ago","Review":"","Likes":""},{"Name":"","Category":"","Rating":" 5 stars ","Number_of_Reviews":"","Address":"","Reviewer":"Camille Wilson-Donaldson","Reviewer_page":"https://www.google.com/maps/contrib/100248486976697236447/reviews?hl=en-US","Review_time":"a year ago","Review":"","Likes":""},{"Name":"","Category":"","Rating":" 2 stars ","Number_of_Reviews":"","Address":"","Reviewer":"Claude Sessom","Reviewer_page":"https://www.google.com/maps/contrib/117561081181972137686/reviews?hl=en-US","Review_time":"a year ago","Review":"","Likes":""},{"Name":"","Category":"","Rating":" 3 stars ","Number_of_Reviews":"","Address":"","Reviewer":"Choti Sherpa","Reviewer_page":"https://www.google.com/maps/contrib/102341727773758157320/reviews?hl=en-US","Review_time":"2 years ago","Review":"","Likes":""},{"Name":"","Category":"","Rating":" 5 stars ","Number_of_Reviews":"","Address":"","Reviewer":"Alejandra Martinez-Garcia","Reviewer_page":"https://www.google.com/maps/contrib/114003982357955076003/reviews?hl=en-US","Review_time":"2 years ago","Review":"","Likes":""},{"Name":"","Category":"","Rating":" 4 stars ","Number_of_Reviews":"","Address":"","Reviewer":"Rowena Mazurek","Reviewer_page":"https://www.google.com/maps/contrib/101836362385996321285/reviews?hl=en-US","Review_time":"3 years ago","Review":"","Likes":""},{"Name":"","Category":"","Rating":" 5 stars ","Number_of_Reviews":"","Address":"","Reviewer":"Steven Maz (Steve Maz)","Reviewer_page":"https://www.google.com/maps/contrib/101978187835600679507/reviews?hl=en-US","Review_time":"2 years ago","Review":"","Likes":""},{"Name":"","Category":"","Rating":" 4 stars ","Number_of_Reviews":"","Address":"","Reviewer":"Marenne Montoute","Reviewer_page":"https://www.google.com/maps/contrib/100460901148572912637/reviews?hl=en-US","Review_time":"2 years ago","Review":"","Likes":""},{"Name":"","Category":"","Rating":" 5 stars ","Number_of_Reviews":"","Address":"","Reviewer":"Hallal Hallal","Reviewer_page":"https://www.google.com/maps/contrib/112642031765811123080/reviews?hl=en-US","Review_time":"3 weeks ago","Review":"","Likes":""},{"Name":"","Category":"","Rating":" 5 stars ","Number_of_Reviews":"","Address":"","Reviewer":"Phillip Borbon","Reviewer_page":"https://www.google.com/maps/contrib/114499668485397548629/reviews?hl=en-US","Review_time":"3 years ago","Review":"","Likes":""},{"Name":"","Category":"","Rating":" 5 stars ","Number_of_Reviews":"","Address":"","Reviewer":"Theo","Reviewer_page":"https://www.google.com/maps/contrib/102846217580416271855/reviews?hl=en-US","Review_time":"2 months ago","Review":"","Likes":""},{"Name":"","Category":"","Rating":" 5 stars ","Number_of_Reviews":"","Address":"","Reviewer":"Nelson Hernandez","Reviewer_page":"https://www.google.com/maps/contrib/108743435026120746124/reviews?hl=en-US","Review_time":"a year ago","Review":"","Likes":""},{"Name":"","Category":"","Rating":" 5 stars ","Number_of_Reviews":"","Address":"","Reviewer":"Candace Ellis","Reviewer_page":"https://www.google.com/maps/contrib/112053173391628132488/reviews?hl=en-US","Review_time":"a month ago","Review":"","Likes":""},{"Name":"","Category":"","Rating":" 5 stars ","Number_of_Reviews":"","Address":"","Reviewer":"Audra Namm","Reviewer_page":"https://www.google.com/maps/contrib/110748304347771319380/reviews?hl=en-US","Review_time":"a year ago","Review":"","Likes":""},{"Name":"","Category":"","Rating":" 4 stars ","Number_of_Reviews":"","Address":"","Reviewer":"damon fields","Reviewer_page":"https://www.google.com/maps/contrib/116072524728801063500/reviews?hl=en-US","Review_time":"10 months ago","Review":"","Likes":""},{"Name":"","Category":"","Rating":" 5 stars ","Number_of_Reviews":"","Address":"","Reviewer":"Edison Hamataj","Reviewer_page":"https://www.google.com/maps/contrib/108157537946769530999/reviews?hl=en-US","Review_time":"a year ago","Review":"","Likes":""},{"Name":"","Category":"","Rating":" 5 stars ","Number_of_Reviews":"","Address":"","Reviewer":"Alejandra Romero Morán","Reviewer_page":"https://www.google.com/maps/contrib/114911815657263301485/reviews?hl=en-US","Review_time":"5 months ago","Review":"","Likes":""},{"Name":"","Category":"","Rating":" 5 stars ","Number_of_Reviews":"","Address":"","Reviewer":"Melissa Villalobos","Reviewer_page":"https://www.google.com/maps/contrib/109826391923633060347/reviews?hl=en-US","Review_time":"2 years ago","Review":"","Likes":""},{"Name":"","Category":"","Rating":" 4 stars ","Number_of_Reviews":"","Address":"","Reviewer":"Paul Bastien","Reviewer_page":"https://www.google.com/maps/contrib/101963868954382386141/reviews?hl=en-US","Review_time":"11 months ago","Review":"","Likes":""},{"Name":"","Category":"","Rating":" 5 stars ","Number_of_Reviews":"","Address":"","Reviewer":"Ryan Choice","Reviewer_page":"https://www.google.com/maps/contrib/101955808038766135552/reviews?hl=en-US","Review_time":"a year ago","Review":"","Likes":""},{"Name":"","Category":"","Rating":" 5 stars ","Number_of_Reviews":"","Address":"","Reviewer":"Vanessa Ossorio","Reviewer_page":"https://www.google.com/maps/contrib/106360455572738839980/reviews?hl=en-US","Review_time":"2 years ago","Review":"","Likes":""},{"Name":"","Category":"","Rating":" 4 stars ","Number_of_Reviews":"","Address":"","Reviewer":"Samuel Williams Jr","Reviewer_page":"https://www.google.com/maps/contrib/109097090956528897646/reviews?hl=en-US","Review_time":"2 years ago","Review":"","Likes":""},{"Name":"","Category":"","Rating":" 4 stars ","Number_of_Reviews":"","Address":"","Reviewer":"Larry Jackson","Reviewer_page":"https://www.google.com/maps/contrib/117624654085470761429/reviews?hl=en-US","Review_time":"2 years ago","Review":"","Likes":""},{"Name":"","Category":"","Rating":" 4 stars ","Number_of_Reviews":"","Address":"","Reviewer":"Aldo L","Reviewer_page":"https://www.google.com/maps/contrib/110815897382453499493/reviews?hl=en-US","Review_time":"6 months ago","Review":"","Likes":""},{"Name":"","Category":"","Rating":" 5 stars ","Number_of_Reviews":"","Address":"","Reviewer":"Jana Sandoval","Reviewer_page":"https://www.google.com/maps/contrib/116154411560753898970/reviews?hl=en-US","Review_time":"2 years ago","Review":"","Likes":""},{"Name":"","Category":"","Rating":" 5 stars ","Number_of_Reviews":"","Address":"","Reviewer":"Joseph Pesante","Reviewer_page":"https://www.google.com/maps/contrib/109066864029514247839/reviews?hl=en-US","Review_time":"7 months ago","Review":"","Likes":""},{"Name":"","Category":"","Rating":" 5 stars ","Number_of_Reviews":"","Address":"","Reviewer":"Chang Hyun Lee","Reviewer_page":"https://www.google.com/maps/contrib/100865374512766476651/reviews?hl=en-US","Review_time":"2 years ago","Review":"","Likes":""},{"Name":"","Category":"","Rating":" 4 stars ","Number_of_Reviews":"","Address":"","Reviewer":"Michael Kawochka","Reviewer_page":"https://www.google.com/maps/contrib/112232893310599716124/reviews?hl=en-US","Review_time":"a year ago","Review":"","Likes":""},{"Name":"","Category":"","Rating":" 5 stars ","Number_of_Reviews":"","Address":"","Reviewer":"Ihop Is Cool","Reviewer_page":"https://www.google.com/maps/contrib/114287698063410850630/reviews?hl=en-US","Review_time":"a year ago","Review":"","Likes":""},{"Name":"","Category":"","Rating":" 5 stars ","Number_of_Reviews":"","Address":"","Reviewer":"Victoria Angelino","Reviewer_page":"https://www.google.com/maps/contrib/106043630356913999703/reviews?hl=en-US","Review_time":"11 months ago","Review":"","Likes":""}