[{"Name":"","Category":"","Rating":" 5 stars ","Number_of_Reviews":"","Address":"","Reviewer":"Julia P","Reviewer_page":"https://www.google.com/maps/contrib/102698625786771723349/reviews?hl=en-US","Review_time":"3 years ago","Review":"Great place, I would recommend everyone to visit. A lot of sitting places, soft furniture, a lot of light in the cafe. Staff is nice, lobby is clean and my order was done right. Come and visit new Starbucks in our neighborhood!","Likes":"1"},{"Name":"","Category":"","Rating":" 5 stars ","Number_of_Reviews":"","Address":"","Reviewer":"Ernie Searle","Reviewer_page":"https://www.google.com/maps/contrib/106258299136979360172/reviews?hl=en-US","Review_time":"2 weeks ago","Review":"While I am not a real Starbucks aficionado, this is easily the most pleasant one which I have visited. The staff are very friendly & professional, the seating areas are comfortable & generous, and the hot chocolate is superb.","Likes":""},{"Name":"","Category":"","Rating":" 4 stars ","Number_of_Reviews":"","Address":"","Reviewer":"aliyyah rayman","Reviewer_page":"https://www.google.com/maps/contrib/111810153503495747698/reviews?hl=en-US","Review_time":"a month ago","Review":"frequently used to visit this Starbucks to study. Staff is always friendly and pleasant. However , there are some questionable people that hang out there all day and stare at you and make you feel uncomfortable.","Likes":""},{"Name":"","Category":"","Rating":" 5 stars ","Number_of_Reviews":"","Address":"","Reviewer":"Chelsea H","Reviewer_page":"https://www.google.com/maps/contrib/116807051497627403362/reviews?hl=en-US","Review_time":"11 months ago","Review":"They are really busy, but very efficient. So the wait is short. Got chestnut pral\npraline latte. Really good. And I like they have holiday spirit.","Likes":"1"},{"Name":"","Category":"","Rating":" 5 stars ","Number_of_Reviews":"","Address":"","Reviewer":"christina brantley","Reviewer_page":"https://www.google.com/maps/contrib/117256333082962050505/reviews?hl=en-US","Review_time":"3 years ago","Review":"I was not a fan of Starbucks in the past,but I am now! The new location is very welcoming,and the warm environment is beautiful. The egg bites are delicious and the gingerbread loaf is to die for, it is SUPERMOIST! my new favorite spot.","Likes":"1"},{"Name":"","Category":"","Rating":" 1 star ","Number_of_Reviews":"","Address":"","Reviewer":"Q's","Reviewer_page":"https://www.google.com/maps/contrib/102053459293319263856/reviews?hl=en-US","Review_time":"5 days ago","Review":"I keep getting decaf here :( just go to a nice café with cheaper drinks and good people.","Likes":""},{"Name":"","Category":"","Rating":" 5 stars ","Number_of_Reviews":"","Address":"","Reviewer":"Luis Cardenas","Reviewer_page":"https://www.google.com/maps/contrib/116413188179862179647/reviews?hl=en-US","Review_time":"a month ago","Review":"Amazing working stuff ,was able to help with a a wrong order ,love coming here","Likes":""},{"Name":"","Category":"","Rating":" 5 stars ","Number_of_Reviews":"","Address":"","Reviewer":"Tamikka Jones a newer me","Reviewer_page":"https://www.google.com/maps/contrib/105375549328792768901/reviews?hl=en-US","Review_time":"2 years ago","Review":"I was very unhappy with Ash. If your not a morning person get a new job. But the supervisor Maggie made it all better she should be a manager. And no giving me free coffee don't remove how Ash made me feel at 7 am in the morning. But Maggie put me in a different space. Thank you again Maggie 59-17 Junction Blvd","Likes":"1"},{"Name":"","Category":"","Rating":" 2 stars ","Number_of_Reviews":"","Address":"","Reviewer":"Sisa","Reviewer_page":"https://www.google.com/maps/contrib/112401503662975891032/reviews?hl=en-US","Review_time":"2 months ago","Review":"In terms of looking for a good place to work remote, this is not the Starbucks you are looking for. To loud and to cold!","Likes":""},{"Name":"","Category":"","Rating":" 1 star ","Number_of_Reviews":"","Address":"","Reviewer":"O X","Reviewer_page":"https://www.google.com/maps/contrib/107068499453022900953/reviews?hl=en-US","Review_time":"3 months ago","Review":"Service very bad.\nCustomer:“Sorry, Is this my coffee?”\nStaff: “I don’t know there’s no name on it” with eyes rolling back.","Likes":""},{"Name":"","Category":"","Rating":" 2 stars ","Number_of_Reviews":"","Address":"","Reviewer":"Sheila Reyes","Reviewer_page":"https://www.google.com/maps/contrib/110129737788767351307/reviews?hl=en-US","Review_time":"2 months ago","Review":"The loudest Starbucks I’ve ever been to, if you need to work out of one this is not the one for you","Likes":""},{"Name":"","Category":"","Rating":" 1 star ","Number_of_Reviews":"","Address":"","Reviewer":"Nat","Reviewer_page":"https://www.google.com/maps/contrib/115090767571250520017/reviews?hl=en-US","Review_time":"a year ago","Review":"The place is spacious, nice and clean. So why 1 star?? Because of the baristas, they never get my drink right and if I order more than 1 drink, chances are 2 or more of those drinks will have mistakes in them. I don’t know if they’re doing this on purpose or what. I feel like if someone wants to become a barista, during training they would just dump all of them at this place. Either that or they just naturally not good baristas, I don’t know. I’m not usually one to write reviews, but I just can’t take it anymore. I live 2 blocks away from this Starbucks, so naturally I always order here but they never get it right, and I’m a hard fan of Starbucks so I feel like I’m doomed either way.","Likes":""},{"Name":"","Category":"","Rating":" 5 stars ","Number_of_Reviews":"","Address":"","Reviewer":"Jessica Pickering","Reviewer_page":"https://www.google.com/maps/contrib/116856787344754347384/reviews?hl=en-US","Review_time":"a year ago","Review":"The barista that took my order was so kind and friendly. I love going into a Starbucks and the baristas are kind and outgoing. I am a former barista and it really does make the customers day when you smile and actually interact.","Likes":"1"},{"Name":"","Category":"","Rating":" 5 stars ","Number_of_Reviews":"","Address":"","Reviewer":"Janpablo Gamer","Reviewer_page":"https://www.google.com/maps/contrib/104917270604257400482/reviews?hl=en-US","Review_time":"5 months ago","Review":"Really like this Starbucks because they give water for free!","Likes":""},{"Name":"","Category":"","Rating":" 5 stars ","Number_of_Reviews":"","Address":"","Reviewer":"Nica Strong","Reviewer_page":"https://www.google.com/maps/contrib/117567043596107243408/reviews?hl=en-US","Review_time":"a year ago","Review":"This place is really great.  They do social distancing and all the places are marked for customers convenience.  It is a large space so that people do not feel crowded.  The staff is so pleasant and courteous.  Love this place!","Likes":""},{"Name":"","Category":"","Rating":" 5 stars ","Number_of_Reviews":"","Address":"","Reviewer":"Power House","Reviewer_page":"https://www.google.com/maps/contrib/102032145229611149508/reviews?hl=en-US","Review_time":"a year ago","Review":"If you want great service by one of the best baristas this is the place ! His name is Justin and he makes the best of your experience here with his awesome personality!!","Likes":""},{"Name":"","Category":"","Rating":" 5 stars ","Number_of_Reviews":"","Address":"","Reviewer":"spring morales","Reviewer_page":"https://www.google.com/maps/contrib/103128796555431614224/reviews?hl=en-US","Review_time":"a year ago","Review":"this location is my local starbucks and they are always super sweet. i’ve been coming here ever since they opened and i love going, always feel very welcomed. this location is also very clean and spacious!","Likes":""},{"Name":"","Category":"","Rating":" 5 stars ","Number_of_Reviews":"","Address":"","Reviewer":"Lori Adeniyi","Reviewer_page":"https://www.google.com/maps/contrib/118108747726997572565/reviews?hl=en-US","Review_time":"2 years ago","Review":"Really cool store. Bar seating. Seating that is very much akin to what you find in Manhattan. Nice staff. Drinks are made nicely. And it’s very spacious with more than ample seating. I’ll be frequenting this location again and again.","Likes":"2"},{"Name":"","Category":"","Rating":" 1 star ","Number_of_Reviews":"","Address":"","Reviewer":"Lourdes Bradford","Reviewer_page":"https://www.google.com/maps/contrib/109738073226087443832/reviews?hl=en-US","Review_time":"a year ago","Review":"This Starbucks can be more nicer if they hired more staff because today we were waiting more than 10 minutes for the order and they have two people working we understand is a lot of work but one of the staff was taking care more of the take out order than the people who were making line and waiting more time I got upset and left the store and the cashier just told us they have a lot of order to do 👎👎👎👎","Likes":""},{"Name":"","Category":"","Rating":" 5 stars ","Number_of_Reviews":"","Address":"","Reviewer":"The Tree House","Reviewer_page":"https://www.google.com/maps/contrib/100131494527701488637/reviews?hl=en-US","Review_time":"a year ago","Review":"This is a great location. Very clean environment, bathrooms are well kept and there is lots to trues from as far as seating goes.","Likes":""},{"Name":"","Category":"","Rating":" 5 stars ","Number_of_Reviews":"","Address":"","Reviewer":"Elizabeth Hogan","Reviewer_page":"https://www.google.com/maps/contrib/103035911430540032986/reviews?hl=en-US","Review_time":"8 months ago","Review":"The baristas are awesome.  I am disabled and are very helpful and understanding.","Likes":"2"},{"Name":"","Category":"","Rating":" 5 stars ","Number_of_Reviews":"","Address":"","Reviewer":"Hermelinda Benavides","Reviewer_page":"https://www.google.com/maps/contrib/109464560809785083030/reviews?hl=en-US","Review_time":"a year ago","Review":"Anthony.\nIn name of all our kitchen personal at P.S 13 by Junction Blvd. we want to thank you all from our ❤️ For such a delicious coffee. And make us feel appreciated and special.\nHappy Holidays.","Likes":"1"},{"Name":"","Category":"","Rating":" 1 star ","Number_of_Reviews":"","Address":"","Reviewer":"M Usama","Reviewer_page":"https://www.google.com/maps/contrib/117884773620607120634/reviews?hl=en-US","Review_time":"a year ago","Review":"Other than the manager, everyone else is great, sometimes the orders aren't accurate but much better than other branches.","Likes":"1"},{"Name":"","Category":"","Rating":" 1 star ","Number_of_Reviews":"","Address":"","Reviewer":"Joe Ventre","Reviewer_page":"https://www.google.com/maps/contrib/110338818298022661278/reviews?hl=en-US","Review_time":"a year ago","Review":"Over $6 for a coffee & it taste like absolute garbage, no idea why I keep trying to give Starbucks a chance.","Likes":""},{"Name":"","Category":"","Rating":" 5 stars ","Number_of_Reviews":"","Address":"","Reviewer":"Lourdes Molina","Reviewer_page":"https://www.google.com/maps/contrib/102602920197176227610/reviews?hl=en-US","Review_time":"2 months ago","Review":"The best place in the world 🌎","Likes":""},{"Name":"","Category":"","Rating":" 5 stars ","Number_of_Reviews":"","Address":"","Reviewer":"Julio Delarosa","Reviewer_page":"https://www.google.com/maps/contrib/100471065067014962962/reviews?hl=en-US","Review_time":"2 months ago","Review":"To me is the number location in new york","Likes":""},{"Name":"","Category":"","Rating":" 5 stars ","Number_of_Reviews":"","Address":"","Reviewer":"angel c","Reviewer_page":"https://www.google.com/maps/contrib/109849162910998052013/reviews?hl=en-US","Review_time":"2 years ago","Review":"Excellent service. Huge and spacious place to sit and relax. I recommend this place to all my friends.","Likes":""},{"Name":"","Category":"","Rating":" 5 stars ","Number_of_Reviews":"","Address":"","Reviewer":"tori H","Reviewer_page":"https://www.google.com/maps/contrib/102037053772728109362/reviews?hl=en-US","Review_time":"7 months ago","Review":"Love their carmel Frappuccino and their Carmel  machicatto","Likes":""},{"Name":"","Category":"","Rating":" 5 stars ","Number_of_Reviews":"","Address":"","Reviewer":"Nfn Evelin","Reviewer_page":"https://www.google.com/maps/contrib/108323723307397118138/reviews?hl=en-US","Review_time":"2 years ago","Review":"Very spacious space especially i have 3 kids with me most of the time. Clean. The staff are very friendly.","Likes":""},{"Name":"","Category":"","Rating":" 5 stars ","Number_of_Reviews":"","Address":"","Reviewer":"Kyle Jordan","Reviewer_page":"https://www.google.com/maps/contrib/101241260244284474593/reviews?hl=en-US","Review_time":"2 years ago","Review":"This location is clean well stocked and organized The staff is friendly and the drinks are great.","Likes":""},{"Name":"","Category":"","Rating":" 2 stars ","Number_of_Reviews":"","Address":"","Reviewer":"Jose Hernandez","Reviewer_page":"https://www.google.com/maps/contrib/115989457700951191602/reviews?hl=en-US","Review_time":"a year ago","Review":"No words , restroom out of order every time I go... not good. In queens left rack building.","Likes":"1"},{"Name":"","Category":"","Rating":" 5 stars ","Number_of_Reviews":"","Address":"","Reviewer":"Margaret Poplis","Reviewer_page":"https://www.google.com/maps/contrib/115773158516550388377/reviews?hl=en-US","Review_time":"2 months ago","Review":"Very  friendly workers","Likes":""},{"Name":"","Category":"","Rating":" 5 stars ","Number_of_Reviews":"","Address":"","Reviewer":"hugh betan","Reviewer_page":"https://www.google.com/maps/contrib/114512392252810528604/reviews?hl=en-US","Review_time":"a week ago","Review":"Thank you all","Likes":""},{"Name":"","Category":"","Rating":" 5 stars ","Number_of_Reviews":"","Address":"","Reviewer":"Blou Wilkins","Reviewer_page":"https://www.google.com/maps/contrib/117042570319716004259/reviews?hl=en-US","Review_time":"a year ago","Review":"They a great staff working there very friendly","Likes":""},{"Name":"","Category":"","Rating":" 5 stars ","Number_of_Reviews":"","Address":"","Reviewer":"Veronica Cox","Reviewer_page":"https://www.google.com/maps/contrib/116048658231833971549/reviews?hl=en-US","Review_time":"a year ago","Review":"I actually don't go to Starbucks often but I will go to this one the staff is great the place is very clean","Likes":""},{"Name":"","Category":"","Rating":" 5 stars ","Number_of_Reviews":"","Address":"","Reviewer":"Jamie Rizza Mira","Reviewer_page":"https://www.google.com/maps/contrib/117458979380824509953/reviews?hl=en-US","Review_time":"2 years ago","Review":"Great staff. Very spacious and lots of seating. Good location.","Likes":""},{"Name":"","Category":"","Rating":" 5 stars ","Number_of_Reviews":"","Address":"","Reviewer":"santiago talavera cuesta","Reviewer_page":"https://www.google.com/maps/contrib/109980193734361106808/reviews?hl=en-US","Review_time":"a year ago","Review":"Pistachio Crème Frappuccino Blended","Likes":""},{"Name":"","Category":"","Rating":" 5 stars ","Number_of_Reviews":"","Address":"","Reviewer":"Ingri Medina de nylander","Reviewer_page":"https://www.google.com/maps/contrib/100153172230483820855/reviews?hl=en-US","Review_time":"a month ago","Review":"Great","Likes":""},{"Name":"","Category":"","Rating":" 3 stars ","Number_of_Reviews":"","Address":"","Reviewer":"Miller's Perspective","Reviewer_page":"https://www.google.com/maps/contrib/118286224806588072200/reviews?hl=en-US","Review_time":"2 months ago","Review":"It was mmmmmmkay.","Likes":""},{"Name":"","Category":"","Rating":" 5 stars ","Number_of_Reviews":"","Address":"","Reviewer":"aleks fortunoff","Reviewer_page":"https://www.google.com/maps/contrib/116507705782832811583/reviews?hl=en-US","Review_time":"2 years ago","Review":"Thanks, to Alex and his group. Great place to be, happy holidays!","Likes":""},{"Name":"","Category":"","Rating":" 5 stars ","Number_of_Reviews":"","Address":"","Reviewer":"Ms NUYORICAN","Reviewer_page":"https://www.google.com/maps/contrib/102053441345052929827/reviews?hl=en-US","Review_time":"3 years ago","Review":"Their menu is good. Great coffee.","Likes":""},{"Name":"","Category":"","Rating":" 2 stars ","Number_of_Reviews":"","Address":"","Reviewer":"Joyce Scott-Brown","Reviewer_page":"https://www.google.com/maps/contrib/100833516773111554870/reviews?hl=en-US","Review_time":"2 years ago","Review":"My iced coffee was bitter and very strong","Likes":""},{"Name":"","Category":"","Rating":" 5 stars ","Number_of_Reviews":"","Address":"","Reviewer":"Siva Muthiah","Reviewer_page":"https://www.google.com/maps/contrib/115303606152389538087/reviews?hl=en-US","Review_time":"2 years ago","Review":"Friendly staff and great service.","Likes":""},{"Name":"","Category":"","Rating":" 5 stars ","Number_of_Reviews":"","Address":"","Reviewer":"Garnet Garcia","Reviewer_page":"https://www.google.com/maps/contrib/105678390763695799844/reviews?hl=en-US","Review_time":"2 years ago","Review":"Love the new space. Staff is nice.","Likes":""},{"Name":"","Category":"","Rating":" 5 stars ","Number_of_Reviews":"","Address":"","Reviewer":"Nina Nina","Reviewer_page":"https://www.google.com/maps/contrib/105139024660231627356/reviews?hl=en-US","Review_time":"2 years ago","Review":"Great courteous service. And the guy was by himself","Likes":""},{"Name":"","Category":"","Rating":" 5 stars ","Number_of_Reviews":"","Address":"","Reviewer":"Elijah Knight","Reviewer_page":"https://www.google.com/maps/contrib/109023899235498148277/reviews?hl=en-US","Review_time":"2 years ago","Review":"Excellent customer service.","Likes":""},{"Name":"","Category":"","Rating":" 5 stars ","Number_of_Reviews":"","Address":"","Reviewer":"anna caldero","Reviewer_page":"https://www.google.com/maps/contrib/107389677506663036321/reviews?hl=en-US","Review_time":"2 years ago","Review":"Nice.  Big and clean.","Likes":""},{"Name":"","Category":"","Rating":" 1 star ","Number_of_Reviews":"","Address":"","Reviewer":"Nams Grg","Reviewer_page":"https://www.google.com/maps/contrib/107327555740839419146/reviews?hl=en-US","Review_time":"a year ago","Review":"Bad service and rude 🤨","Likes":"1"},{"Name":"","Category":"","Rating":" 5 stars ","Number_of_Reviews":"","Address":"","Reviewer":"franklin de jesus","Reviewer_page":"https://www.google.com/maps/contrib/108739847296658256059/reviews?hl=en-US","Review_time":"a year ago","Review":"Great services","Likes":""},{"Name":"","Category":"","Rating":" 5 stars ","Number_of_Reviews":"","Address":"","Reviewer":"Steve Schwartz","Reviewer_page":"https://www.google.com/maps/contrib/112450842691635934773/reviews?hl=en-US","Review_time":"2 years ago","Review":"It's Starbucks. Nuff said","Likes":""},{"Name":"","Category":"","Rating":" 5 stars ","Number_of_Reviews":"","Address":"","Reviewer":"Anthony Tavarez","Reviewer_page":"https://www.google.com/maps/contrib/107563846694935027017/reviews?hl=en-US","Review_time":"2 years ago","Review":"Great service","Likes":""},{"Name":"","Category":"","Rating":" 5 stars ","Number_of_Reviews":"","Address":"","Reviewer":"Rene Rivas","Reviewer_page":"https://www.google.com/maps/contrib/104595052129463010426/reviews?hl=en-US","Review_time":"2 years ago","Review":"Good","Likes":""},{"Name":"","Category":"","Rating":" 4 stars ","Number_of_Reviews":"","Address":"","Reviewer":"luis Fernando Moreno Florez","Reviewer_page":"https://www.google.com/maps/contrib/104919546694211542753/reviews?hl=en-US","Review_time":"2 years ago","Review":"a litlle slow","Likes":"1"},{"Name":"","Category":"","Rating":" 5 stars ","Number_of_Reviews":"","Address":"","Reviewer":"Jose Acedo","Reviewer_page":"https://www.google.com/maps/contrib/113621618622766076521/reviews?hl=en-US","Review_time":"6 months ago","Review":"(Translated by Google) THE COFFEE THAT IS OFFERED IN THAT PLACE IS VERY GOOD, IT IS A LITTLE EXPENSIVE BUT IT IS WORTH IT, THE PLACE IS CLEAN AND A LOT OF SECURITY NE TASTE\n\n(Original)\nMUY BUENO EL CAFE Q SE OFRECE EN ESE LUGAR,ES UN POCO CARO PERO VALE LA PENA,EL LUGAR LIMPIO Y MUCHA SEGURIDAD NE GUSTO","Likes":"1"},{"Name":"","Category":"","Rating":" 4 stars ","Number_of_Reviews":"","Address":"","Reviewer":"janeth barahona","Reviewer_page":"https://www.google.com/maps/contrib/106792055270329488355/reviews?hl=en-US","Review_time":"a year ago","Review":"(Translated by Google) good coffee\n\n(Original)\nBuen cafe","Likes":"1"},{"Name":"","Category":"","Rating":" 5 stars ","Number_of_Reviews":"","Address":"","Reviewer":"Peter Forero","Reviewer_page":"https://www.google.com/maps/contrib/115276595405376794312/reviews?hl=en-US","Review_time":"2 years ago","Review":"(Translated by Google) It is my favorite place for a break of the day\n\n(Original)\nEs mi lugar favorito para una pausa del dia","Likes":""},{"Name":"","Category":"","Rating":" 5 stars ","Number_of_Reviews":"","Address":"","Reviewer":"mariana priego","Reviewer_page":"https://www.google.com/maps/contrib/103310646769207200691/reviews?hl=en-US","Review_time":"2 years ago","Review":"(Translated by Google) Good service\n\n(Original)\nBuen servicio","Likes":""},{"Name":"","Category":"","Rating":" 5 stars ","Number_of_Reviews":"","Address":"","Reviewer":"mayraalcivar9","Reviewer_page":"https://www.google.com/maps/contrib/114571598975498231608/reviews?hl=en-US","Review_time":"a year ago","Review":"(Translated by Google) Delight\n\n(Original)\nDelicia","Likes":""},{"Name":"","Category":"","Rating":" 5 stars ","Number_of_Reviews":"","Address":"","Reviewer":"May Basantes","Reviewer_page":"https://www.google.com/maps/contrib/108207747530922518720/reviews?hl=en-US","Review_time":"a year ago","Review":"(Translated by Google) Excellent 👌\n\n(Original)\nExcelente 👌","Likes":""},{"Name":"","Category":"","Rating":" 4 stars ","Number_of_Reviews":"","Address":"","Reviewer":"George Quintero","Reviewer_page":"https://www.google.com/maps/contrib/114945180660235119589/reviews?hl=en-US","Review_time":"2 years ago","Review":"(Translated by Google) Good option\n\n(Original)\nBuena opción","Likes":""},{"Name":"","Category":"","Rating":" 5 stars ","Number_of_Reviews":"","Address":"","Reviewer":"mayra sacoto","Reviewer_page":"https://www.google.com/maps/contrib/108254450598040715445/reviews?hl=en-US","Review_time":"2 years ago","Review":"(Translated by Google) I loved\n\n(Original)\nMe encantó","Likes":""},{"Name":"","Category":"","Rating":" 1 star ","Number_of_Reviews":"","Address":"","Reviewer":"Hazel Molina","Reviewer_page":"https://www.google.com/maps/contrib/115478940957804086323/reviews?hl=en-US","Review_time":"2 weeks ago","Review":"","Likes":""},{"Name":"","Category":"","Rating":" 1 star ","Number_of_Reviews":"","Address":"","Reviewer":"Lisbeth Palacios","Reviewer_page":"https://www.google.com/maps/contrib/113382341868719875078/reviews?hl=en-US","Review_time":"a month ago","Review":"","Likes":""},{"Name":"","Category":"","Rating":" 5 stars ","Number_of_Reviews":"","Address":"","Reviewer":"Gus Llanos","Reviewer_page":"https://www.google.com/maps/contrib/108709578831684843327/reviews?hl=en-US","Review_time":"5 months ago","Review":"","Likes":""},{"Name":"","Category":"","Rating":" 5 stars ","Number_of_Reviews":"","Address":"","Reviewer":"Geovanka G Barzola","Reviewer_page":"https://www.google.com/maps/contrib/105278291424867973049/reviews?hl=en-US","Review_time":"2 years ago","Review":"(Translated by Google) It is the maximum\n\n(Original)\nEs lo máximo","Likes":""},{"Name":"","Category":"","Rating":" 5 stars ","Number_of_Reviews":"","Address":"","Reviewer":"T. M. S","Reviewer_page":"https://www.google.com/maps/contrib/106442923193969911766/reviews?hl=en-US","Review_time":"a year ago","Review":"","Likes":""},{"Name":"","Category":"","Rating":" 5 stars ","Number_of_Reviews":"","Address":"","Reviewer":"Amelia N Chu","Reviewer_page":"https://www.google.com/maps/contrib/110152712543978648707/reviews?hl=en-US","Review_time":"a year ago","Review":"","Likes":""},{"Name":"","Category":"","Rating":" 5 stars ","Number_of_Reviews":"","Address":"","Reviewer":"Danyal Soomro","Reviewer_page":"https://www.google.com/maps/contrib/110998122132771015423/reviews?hl=en-US","Review_time":"a year ago","Review":"","Likes":""},{"Name":"","Category":"","Rating":" 5 stars ","Number_of_Reviews":"","Address":"","Reviewer":"John F Toro","Reviewer_page":"https://www.google.com/maps/contrib/101494441608545427796/reviews?hl=en-US","Review_time":"a year ago","Review":"","Likes":""},{"Name":"","Category":"","Rating":" 5 stars ","Number_of_Reviews":"","Address":"","Reviewer":"Val","Reviewer_page":"https://www.google.com/maps/contrib/112052595684322595345/reviews?hl=en-US","Review_time":"a year ago","Review":"","Likes":""},{"Name":"","Category":"","Rating":" 5 stars ","Number_of_Reviews":"","Address":"","Reviewer":"MadScientistGamerYT Am not here :/","Reviewer_page":"https://www.google.com/maps/contrib/109533160416699568239/reviews?hl=en-US","Review_time":"6 months ago","Review":"","Likes":""},{"Name":"","Category":"","Rating":" 5 stars ","Number_of_Reviews":"","Address":"","Reviewer":"escarle mata","Reviewer_page":"https://www.google.com/maps/contrib/105385980548097942828/reviews?hl=en-US","Review_time":"a year ago","Review":"","Likes":""},{"Name":"","Category":"","Rating":" 4 stars ","Number_of_Reviews":"","Address":"","Reviewer":"Maria Rosario","Reviewer_page":"https://www.google.com/maps/contrib/107611013100364601948/reviews?hl=en-US","Review_time":"a year ago","Review":"","Likes":""},{"Name":"","Category":"","Rating":" 4 stars ","Number_of_Reviews":"","Address":"","Reviewer":"Mandy","Reviewer_page":"https://www.google.com/maps/contrib/114769086116179662577/reviews?hl=en-US","Review_time":"2 years ago","Review":"","Likes":""},{"Name":"","Category":"","Rating":" 5 stars ","Number_of_Reviews":"","Address":"","Reviewer":"Jeswin Jose","Reviewer_page":"https://www.google.com/maps/contrib/110777286948916134512/reviews?hl=en-US","Review_time":"3 years ago","Review":"","Likes":""},{"Name":"","Category":"","Rating":" 5 stars ","Number_of_Reviews":"","Address":"","Reviewer":"Angela Loaiza","Reviewer_page":"https://www.google.com/maps/contrib/112350293868729464220/reviews?hl=en-US","Review_time":"2 years ago","Review":"","Likes":""},{"Name":"","Category":"","Rating":" 5 stars ","Number_of_Reviews":"","Address":"","Reviewer":"Debbie Law","Reviewer_page":"https://www.google.com/maps/contrib/118013649961943071806/reviews?hl=en-US","Review_time":"a year ago","Review":"","Likes":""},{"Name":"","Category":"","Rating":" 5 stars ","Number_of_Reviews":"","Address":"","Reviewer":"RAFAELA PAYERO","Reviewer_page":"https://www.google.com/maps/contrib/114290100561226784212/reviews?hl=en-US","Review_time":"2 years ago","Review":"","Likes":""},{"Name":"","Category":"","Rating":" 5 stars ","Number_of_Reviews":"","Address":"","Reviewer":"Herbert Bennett","Reviewer_page":"https://www.google.com/maps/contrib/117904144068436814397/reviews?hl=en-US","Review_time":"a year ago","Review":"","Likes":""},{"Name":"","Category":"","Rating":" 5 stars ","Number_of_Reviews":"","Address":"","Reviewer":"Lynnell Johnson","Reviewer_page":"https://www.google.com/maps/contrib/102360168298312800814/reviews?hl=en-US","Review_time":"a year ago","Review":"","Likes":""},{"Name":"","Category":"","Rating":" 5 stars ","Number_of_Reviews":"","Address":"","Reviewer":"Alexandro Lopez","Reviewer_page":"https://www.google.com/maps/contrib/111949968104508992280/reviews?hl=en-US","Review_time":"5 months ago","Review":"","Likes":""},{"Name":"","Category":"","Rating":" 5 stars ","Number_of_Reviews":"","Address":"","Reviewer":"Dominique Dubuisson (nicky11411)","Reviewer_page":"https://www.google.com/maps/contrib/115906357511885799535/reviews?hl=en-US","Review_time":"2 years ago","Review":"","Likes":""},{"Name":"","Category":"","Rating":" 5 stars ","Number_of_Reviews":"","Address":"","Reviewer":"Gulya Tursunbaeva","Reviewer_page":"https://www.google.com/maps/contrib/117407011549848903716/reviews?hl=en-US","Review_time":"2 years ago","Review":"","Likes":""},{"Name":"","Category":"","Rating":" 5 stars ","Number_of_Reviews":"","Address":"","Reviewer":"kelly yeung","Reviewer_page":"https://www.google.com/maps/contrib/108574816247249190939/reviews?hl=en-US","Review_time":"a year ago","Review":"","Likes":""},{"Name":"","Category":"","Rating":" 5 stars ","Number_of_Reviews":"","Address":"","Reviewer":"Elisdania sanchez nuñez","Reviewer_page":"https://www.google.com/maps/contrib/116054370156846359756/reviews?hl=en-US","Review_time":"2 years ago","Review":"","Likes":""},{"Name":"","Category":"","Rating":" 5 stars ","Number_of_Reviews":"","Address":"","Reviewer":"Regie Bravo","Reviewer_page":"https://www.google.com/maps/contrib/104883444819435248599/reviews?hl=en-US","Review_time":"a year ago","Review":"","Likes":""},{"Name":"","Category":"","Rating":" 4 stars ","Number_of_Reviews":"","Address":"","Reviewer":"Daniel Alvarez","Reviewer_page":"https://www.google.com/maps/contrib/117708224743377893269/reviews?hl=en-US","Review_time":"a year ago","Review":"","Likes":""},{"Name":"","Category":"","Rating":" 5 stars ","Number_of_Reviews":"","Address":"","Reviewer":"Isha Kamel","Reviewer_page":"https://www.google.com/maps/contrib/107926838502296617933/reviews?hl=en-US","Review_time":"3 months ago","Review":"","Likes":""},{"Name":"","Category":"","Rating":" 3 stars ","Number_of_Reviews":"","Address":"","Reviewer":"Donna Donna","Reviewer_page":"https://www.google.com/maps/contrib/110548012630533952796/reviews?hl=en-US","Review_time":"2 years ago","Review":"","Likes":""},{"Name":"","Category":"","Rating":" 5 stars ","Number_of_Reviews":"","Address":"","Reviewer":"Sirena Ardema","Reviewer_page":"https://www.google.com/maps/contrib/113017146417008553614/reviews?hl=en-US","Review_time":"3 years ago","Review":"","Likes":""},{"Name":"","Category":"","Rating":" 3 stars ","Number_of_Reviews":"","Address":"","Reviewer":"K S","Reviewer_page":"https://www.google.com/maps/contrib/106492911553357565413/reviews?hl=en-US","Review_time":"2 years ago","Review":"","Likes":""},{"Name":"","Category":"","Rating":" 5 stars ","Number_of_Reviews":"","Address":"","Reviewer":"wendy ochoa","Reviewer_page":"https://www.google.com/maps/contrib/115961855114456795681/reviews?hl=en-US","Review_time":"a year ago","Review":"","Likes":""},{"Name":"","Category":"","Rating":" 5 stars ","Number_of_Reviews":"","Address":"","Reviewer":"Iram Tiburcio","Reviewer_page":"https://www.google.com/maps/contrib/108894549147158725908/reviews?hl=en-US","Review_time":"a year ago","Review":"","Likes":""},{"Name":"","Category":"","Rating":" 5 stars ","Number_of_Reviews":"","Address":"","Reviewer":"Roberto Morales","Reviewer_page":"https://www.google.com/maps/contrib/116976611421496866287/reviews?hl=en-US","Review_time":"a year ago","Review":"","Likes":""},{"Name":"","Category":"","Rating":" 5 stars ","Number_of_Reviews":"","Address":"","Reviewer":"Sara Fernandez","Reviewer_page":"https://www.google.com/maps/contrib/108580989667681603866/reviews?hl=en-US","Review_time":"a year ago","Review":"","Likes":""},{"Name":"","Category":"","Rating":" 5 stars ","Number_of_Reviews":"","Address":"","Reviewer":"Juan Tenorio","Reviewer_page":"https://www.google.com/maps/contrib/112718853365014762051/reviews?hl=en-US","Review_time":"a year ago","Review":"","Likes":"1"},{"Name":"","Category":"","Rating":" 5 stars ","Number_of_Reviews":"","Address":"","Reviewer":"teira empress","Reviewer_page":"https://www.google.com/maps/contrib/109323116400234202711/reviews?hl=en-US","Review_time":"8 months ago","Review":"","Likes":""},{"Name":"","Category":"","Rating":" 5 stars ","Number_of_Reviews":"","Address":"","Reviewer":"Elsy Cardenas","Reviewer_page":"https://www.google.com/maps/contrib/112311893117827039413/reviews?hl=en-US","Review_time":"a year ago","Review":"","Likes":""},{"Name":"","Category":"","Rating":" 5 stars ","Number_of_Reviews":"","Address":"","Reviewer":"Damon Chen","Reviewer_page":"https://www.google.com/maps/contrib/117878943052005406735/reviews?hl=en-US","Review_time":"11 months ago","Review":"","Likes":""},{"Name":"","Category":"","Rating":" 5 stars ","Number_of_Reviews":"","Address":"","Reviewer":"신또수니로시엄마","Reviewer_page":"https://www.google.com/maps/contrib/111421839185476512614/reviews?hl=en-US","Review_time":"2 years ago","Review":"","Likes":""},{"Name":"","Category":"","Rating":" 5 stars ","Number_of_Reviews":"","Address":"","Reviewer":"Tristen Gonzalez","Reviewer_page":"https://www.google.com/maps/contrib/105725549316245531401/reviews?hl=en-US","Review_time":"a year ago","Review":"","Likes":""},{"Name":"","Category":"","Rating":" 5 stars ","Number_of_Reviews":"","Address":"","Reviewer":"Diego Lares","Reviewer_page":"https://www.google.com/maps/contrib/106945963542128927542/reviews?hl=en-US","Review_time":"a week ago","Review":"","Likes":""},{"Name":"","Category":"","Rating":" 5 stars ","Number_of_Reviews":"","Address":"","Reviewer":"billal hossain","Reviewer_page":"https://www.google.com/maps/contrib/110570048491801516671/reviews?hl=en-US","Review_time":"a year ago","Review":"","Likes":""},{"Name":"","Category":"","Rating":" 5 stars ","Number_of_Reviews":"","Address":"","Reviewer":"Ana Alvarez","Reviewer_page":"https://www.google.com/maps/contrib/107038069840612379704/reviews?hl=en-US","Review_time":"a year ago","Review":"","Likes":""},{"Name":"","Category":"","Rating":" 5 stars ","Number_of_Reviews":"","Address":"","Reviewer":"DANIEL ONTELL","Reviewer_page":"https://www.google.com/maps/contrib/104787552395499277023/reviews?hl=en-US","Review_time":"11 months ago","Review":"","Likes":""},{"Name":"","Category":"","Rating":" 5 stars ","Number_of_Reviews":"","Address":"","Reviewer":"Joshua Ingles","Reviewer_page":"https://www.google.com/maps/contrib/106343985558494972316/reviews?hl=en-US","Review_time":"2 years ago","Review":"","Likes":""},{"Name":"","Category":"","Rating":" 4 stars ","Number_of_Reviews":"","Address":"","Reviewer":"Oswal V","Reviewer_page":"https://www.google.com/maps/contrib/104562991225837972024/reviews?hl=en-US","Review_time":"2 years ago","Review":"","Likes":""},{"Name":"","Category":"","Rating":" 4 stars ","Number_of_Reviews":"","Address":"","Reviewer":"Matias Orellana","Reviewer_page":"https://www.google.com/maps/contrib/105106357545182669126/reviews?hl=en-US","Review_time":"a year ago","Review":"","Likes":""},{"Name":"","Category":"","Rating":" 5 stars ","Number_of_Reviews":"","Address":"","Reviewer":"C G","Reviewer_page":"https://www.google.com/maps/contrib/107348268310254134692/reviews?hl=en-US","Review_time":"2 years ago","Review":"","Likes":""},{"Name":"","Category":"","Rating":" 5 stars ","Number_of_Reviews":"","Address":"","Reviewer":"Monica Baron","Reviewer_page":"https://www.google.com/maps/contrib/113143987291420082505/reviews?hl=en-US","Review_time":"3 weeks ago","Review":"","Likes":""},{"Name":"","Category":"","Rating":" 5 stars ","Number_of_Reviews":"","Address":"","Reviewer":"Chicken McNobody","Reviewer_page":"https://www.google.com/maps/contrib/115190489830544142917/reviews?hl=en-US","Review_time":"a year ago","Review":"","Likes":""},{"Name":"","Category":"","Rating":" 5 stars ","Number_of_Reviews":"","Address":"","Reviewer":"Ely Dominguez","Reviewer_page":"https://www.google.com/maps/contrib/100852894293880203064/reviews?hl=en-US","Review_time":"a year ago","Review":"","Likes":""},{"Name":"","Category":"","Rating":" 5 stars ","Number_of_Reviews":"","Address":"","Reviewer":"saisai lin","Reviewer_page":"https://www.google.com/maps/contrib/110794098140255661286/reviews?hl=en-US","Review_time":"3 years ago","Review":"","Likes":""},{"Name":"","Category":"","Rating":" 5 stars ","Number_of_Reviews":"","Address":"","Reviewer":"H2O_Dino gaming","Reviewer_page":"https://www.google.com/maps/contrib/105185853250158064172/reviews?hl=en-US","Review_time":"a year ago","Review":"","Likes":""},{"Name":"","Category":"","Rating":" 4 stars ","Number_of_Reviews":"","Address":"","Reviewer":"George E. Krebs Jr.","Reviewer_page":"https://www.google.com/maps/contrib/108794263708234821055/reviews?hl=en-US","Review_time":"8 months ago","Review":"","Likes":""},{"Name":"","Category":"","Rating":" 5 stars ","Number_of_Reviews":"","Address":"","Reviewer":"Lynn Steele","Reviewer_page":"https://www.google.com/maps/contrib/114137168000058084464/reviews?hl=en-US","Review_time":"a year ago","Review":"","Likes":""},{"Name":"","Category":"","Rating":" 5 stars ","Number_of_Reviews":"","Address":"","Reviewer":"jonathan gervais","Reviewer_page":"https://www.google.com/maps/contrib/113331826633302246559/reviews?hl=en-US","Review_time":"9 months ago","Review":"","Likes":""},{"Name":"","Category":"","Rating":" 3 stars ","Number_of_Reviews":"","Address":"","Reviewer":"Sandra Hutabarat","Reviewer_page":"https://www.google.com/maps/contrib/107158303645188339196/reviews?hl=en-US","Review_time":"10 months ago","Review":"","Likes":""},{"Name":"","Category":"","Rating":" 5 stars ","Number_of_Reviews":"","Address":"","Reviewer":"Loretta Henderson","Reviewer_page":"https://www.google.com/maps/contrib/113791264434337763308/reviews?hl=en-US","Review_time":"a year ago","Review":"","Likes":""},{"Name":"","Category":"","Rating":" 1 star ","Number_of_Reviews":"","Address":"","Reviewer":"John Vega","Reviewer_page":"https://www.google.com/maps/contrib/105668258682784944349/reviews?hl=en-US","Review_time":"a year ago","Review":"","Likes":""}