[{"Name":"","Category":"","Rating":" 4 stars ","Number_of_Reviews":"","Address":"","Reviewer":"Annie Espinosa","Reviewer_page":"https://www.google.com/maps/contrib/107611343687146126059/reviews?hl=en-US","Review_time":"a month ago","Review":"The coffee is pretty good. Generally, all of my experiences when ordering here have been been really nice though I haven't tried to food yet. Seating is limited but usually available.","Likes":""},{"Name":"","Category":"","Rating":" 1 star ","Number_of_Reviews":"","Address":"","Reviewer":"Ch P","Reviewer_page":"https://www.google.com/maps/contrib/106245891598501487111/reviews?hl=en-US","Review_time":"4 months ago","Review":"Had been heard from my people that they don’t shop this location because of many reasons, and I eventually experienced to myself. I was shopping at target and stopped by here before leaving. The staffs at the counter that day weren’t welcoming with their tones and attitude. I ordered my usual drink even though in other locations, expected the drinks would be same standard, but it was not when it was put at the pickup corner. I had to ask the barista if this was my order, and he confirmed. So I grabbed and left the mall since I was on a rush. Once I sipped my drink, I suddenly threw it away that it wasn’t as I could tolerate  to finish it. I wasted my money to spend on sweetened milk with a splash of flavor. It was really unacceptable, and I am no longer going back to this location.","Likes":"1"},{"Name":"","Category":"","Rating":" 1 star ","Number_of_Reviews":"","Address":"","Reviewer":"Eloise Esquivel","Reviewer_page":"https://www.google.com/maps/contrib/116432665136296744439/reviews?hl=en-US","Review_time":"a week ago","Review":"The staff here are lazy. I noticed for consecutive mornings, they don’t open on time. They always say they’re still close at 8:30 am. Whenever I come in around lunch time, they always say they don’t have this and that. I hope the corporate will look into this.","Likes":""},{"Name":"","Category":"","Rating":" 2 stars ","Number_of_Reviews":"","Address":"","Reviewer":"Nikolas Doulas","Reviewer_page":"https://www.google.com/maps/contrib/101815585414059947675/reviews?hl=en-US","Review_time":"6 months ago","Review":"Dead atmosphere. Praying for more welcoming wholesome family energy.\nFor example. Uniforms are totally scandolous. Everybody seems to wear just whatever they wish is helpful.","Likes":""},{"Name":"","Category":"","Rating":" 1 star ","Number_of_Reviews":"","Address":"","Reviewer":"David Smith","Reviewer_page":"https://www.google.com/maps/contrib/117972646098215583276/reviews?hl=en-US","Review_time":"5 months ago","Review":"After shopping decided to grab a beverage. After standing on line for about 8 minutes the one men shouts we are closed now. When we questioned why are you closing on a  Tuesday at 1pm he said because we are. Everyone should never go there for buy coffee.","Likes":"3"},{"Name":"","Category":"","Rating":" 1 star ","Number_of_Reviews":"","Address":"","Reviewer":"M Mo","Reviewer_page":"https://www.google.com/maps/contrib/102120582107377498874/reviews?hl=en-US","Review_time":"a month ago","Review":"They closed before advertised time 8pm, I got there at 7:50 and the manager turned me down!!!","Likes":""},{"Name":"","Category":"","Rating":" 1 star ","Number_of_Reviews":"","Address":"","Reviewer":"Josh L","Reviewer_page":"https://www.google.com/maps/contrib/111693209429171518307/reviews?hl=en-US","Review_time":"8 months ago","Review":"Starbucks corporate needs to seriously take a look into this location! Employees are clearly stealing company time. How is it the store opens late & closes early? But employees are there just laughing with eachother...","Likes":"2"},{"Name":"","Category":"","Rating":" 1 star ","Number_of_Reviews":"","Address":"","Reviewer":"J G","Reviewer_page":"https://www.google.com/maps/contrib/100444423695813402816/reviews?hl=en-US","Review_time":"9 months ago","Review":"After shopping decided to grab a beverage. After standing on line for about 6 minutes the girl shouts we are closed now. When we questioned why are you closing on a  Monday at 3pm -_- she said because we are. Horrible cashier.","Likes":"4"},{"Name":"","Category":"","Rating":" 1 star ","Number_of_Reviews":"","Address":"","Reviewer":"N R","Reviewer_page":"https://www.google.com/maps/contrib/107036589229684340234/reviews?hl=en-US","Review_time":"a year ago","Review":"Horrible. Never again I came in around 6pm and the girl tells me she’s not preparing a drink because she’s closing on her own and she’s not doing the job alone. I don’t understand why people get these jobs this is so unprofessional and terrible representation for Starbucks. Bad business","Likes":"4"},{"Name":"","Category":"","Rating":" 1 star ","Number_of_Reviews":"","Address":"","Reviewer":"Lam Molly","Reviewer_page":"https://www.google.com/maps/contrib/103196736911982746229/reviews?hl=en-US","Review_time":"6 months ago","Review":"Waited an hour and said need another half an hour for a coffee, so disappointed","Likes":""},{"Name":"","Category":"","Rating":" 5 stars ","Number_of_Reviews":"","Address":"","Reviewer":"Betul Ay","Reviewer_page":"https://www.google.com/maps/contrib/107995251625285913316/reviews?hl=en-US","Review_time":"2 years ago","Review":"These guys were very helpful,many times in many 🌟 Starbucks  I asked if it was possible to heat up the milk and I always got no for an answer.First time in here these guys knew how to get it done ✅they put the steamer over the milk,not only my coffee was hot 🔥 it also looked nice and foamy.Thank you.I want to try matcha green tea from here ,let's see.","Likes":"1"},{"Name":"","Category":"","Rating":" 1 star ","Number_of_Reviews":"","Address":"","Reviewer":"Ymls Ars","Reviewer_page":"https://www.google.com/maps/contrib/100568370089832390564/reviews?hl=en-US","Review_time":"2 years ago","Review":"The worst experience. I ordered a venti iced chai latte as usual, as soon as I tasted the drink i notice that my drink taste more like water than chai I asked the guy working if he could change my drink and he didn’t want to with his bad mood.","Likes":"2"},{"Name":"","Category":"","Rating":" 1 star ","Number_of_Reviews":"","Address":"","Reviewer":"Sara Lott","Reviewer_page":"https://www.google.com/maps/contrib/117783181008847884525/reviews?hl=en-US","Review_time":"3 years ago","Review":"Got a nitro cold brew from here today and it tasted like something was off. I added milk to it, maybe the milk was bad? I drank it because I just figured maybe thats how their cold brew tastes. Either way, I got sick a few hours later and totally regret stopping to get a coffee there. Food safety is important. Hopefully the people who work there take care to ensure they’re not serving people a cup of food poisoning. They were very friendly at least! :/","Likes":"2"},{"Name":"","Category":"","Rating":" 1 star ","Number_of_Reviews":"","Address":"","Reviewer":"Nawang Sherpa","Reviewer_page":"https://www.google.com/maps/contrib/106289340576802193223/reviews?hl=en-US","Review_time":"a year ago","Review":"Megan was very unprofessional we had barcode to earn stars to scan she said it doesn’t work here and after that there was lady costumer who had Starbucks cup with her to get drink and Megan said we don’t do that here. If the app of Starbucks and cup of Starbucks doesn’t work in Starbucks then where should we is it?? Never coming back if I see Megan in Starbucks.","Likes":"1"},{"Name":"","Category":"","Rating":" 1 star ","Number_of_Reviews":"","Address":"","Reviewer":"Luis Medina","Reviewer_page":"https://www.google.com/maps/contrib/115648926638226808321/reviews?hl=en-US","Review_time":"8 months ago","Review":"Was standing on line for 5 min it’s 3:33 and guy tells me guy in front of me was the last one we close he was very rude bad costumer service","Likes":"1"},{"Name":"","Category":"","Rating":" 3 stars ","Number_of_Reviews":"","Address":"","Reviewer":"Ernie Searle","Reviewer_page":"https://www.google.com/maps/contrib/106258299136979360172/reviews?hl=en-US","Review_time":"2 years ago","Review":"I went in for the one-day special holiday cup with any purchase. I got a small coffee with cream & no sugar and the special cup. See y'all next year.","Likes":"1"},{"Name":"","Category":"","Rating":" 3 stars ","Number_of_Reviews":"","Address":"","Reviewer":"Mohammed Tai","Reviewer_page":"https://www.google.com/maps/contrib/112592907212267919458/reviews?hl=en-US","Review_time":"10 months ago","Review":"Are your workers illiterate? Why cant they spell names properly do you hire high school drop outs?","Likes":""},{"Name":"","Category":"","Rating":" 1 star ","Number_of_Reviews":"","Address":"","Reviewer":"Amoga Jay","Reviewer_page":"https://www.google.com/maps/contrib/107224704471037992654/reviews?hl=en-US","Review_time":"2 months ago","Review":"Not hot coffee","Likes":""},{"Name":"","Category":"","Rating":" 1 star ","Number_of_Reviews":"","Address":"","Reviewer":"VICENTE ALFREDO RAMOS MUNOZ","Reviewer_page":"https://www.google.com/maps/contrib/104460184118423534506/reviews?hl=en-US","Review_time":"a year ago","Review":"The ice coffee is to much cream\nTo much...is Cream whit coffee no Coffee whit cream it,s s so cracy.today 5:30 pm","Likes":""},{"Name":"","Category":"","Rating":" 5 stars ","Number_of_Reviews":"","Address":"","Reviewer":"Amandalyn Mccraw","Reviewer_page":"https://www.google.com/maps/contrib/107648633217420198724/reviews?hl=en-US","Review_time":"a year ago","Review":"Way toooo busy, understaffed. Waited 20 mins for 2 coffees","Likes":"1"},{"Name":"","Category":"","Rating":" 2 stars ","Number_of_Reviews":"","Address":"","Reviewer":"karen li","Reviewer_page":"https://www.google.com/maps/contrib/111437383419937857037/reviews?hl=en-US","Review_time":"6 months ago","Review":"they’re kinda slow","Likes":""},{"Name":"","Category":"","Rating":" 5 stars ","Number_of_Reviews":"","Address":"","Reviewer":"Kimberly Baquero","Reviewer_page":"https://www.google.com/maps/contrib/111490451856876744924/reviews?hl=en-US","Review_time":"3 years ago","Review":"Very clean and organized. Staff very polite and quick with orders.","Likes":""},{"Name":"","Category":"","Rating":" 5 stars ","Number_of_Reviews":"","Address":"","Reviewer":"Justin Feng","Reviewer_page":"https://www.google.com/maps/contrib/104587284425945683235/reviews?hl=en-US","Review_time":"5 years ago","Review":"Starbucks, the main coffee and cafe place where quick eats are on the menu though mostly coffee, hot and cold drinks, and juices.","Likes":""},{"Name":"","Category":"","Rating":" 5 stars ","Number_of_Reviews":"","Address":"","Reviewer":"amy B","Reviewer_page":"https://www.google.com/maps/contrib/108513098527532326034/reviews?hl=en-US","Review_time":"a year ago","Review":"Will you are awesome great service","Likes":""},{"Name":"","Category":"","Rating":" 4 stars ","Number_of_Reviews":"","Address":"","Reviewer":"Bibek Poudel","Reviewer_page":"https://www.google.com/maps/contrib/104216341193993861490/reviews?hl=en-US","Review_time":"5 years ago","Review":"I love the place. However, they need to work on customer service.","Likes":""},{"Name":"","Category":"","Rating":" 4 stars ","Number_of_Reviews":"","Address":"","Reviewer":"Sonja Dee","Reviewer_page":"https://www.google.com/maps/contrib/117308676877950219513/reviews?hl=en-US","Review_time":"a year ago","Review":"My favorite SB in Queens.  Good customer service!","Likes":"1"},{"Name":"","Category":"","Rating":" 4 stars ","Number_of_Reviews":"","Address":"","Reviewer":"JP STONE","Reviewer_page":"https://www.google.com/maps/contrib/109809896359246355332/reviews?hl=en-US","Review_time":"2 years ago","Review":"Very nice place. Great crowd.","Likes":"1"},{"Name":"","Category":"","Rating":" 4 stars ","Number_of_Reviews":"","Address":"","Reviewer":"Ryan Valenzuela","Reviewer_page":"https://www.google.com/maps/contrib/113256466853846396193/reviews?hl=en-US","Review_time":"2 years ago","Review":"Staff was kind, wearing masks, and efficient.","Likes":""},{"Name":"","Category":"","Rating":" 4 stars ","Number_of_Reviews":"","Address":"","Reviewer":"Lil_faag “Kenneth”","Reviewer_page":"https://www.google.com/maps/contrib/105486518390360243355/reviews?hl=en-US","Review_time":"2 years ago","Review":"Nice drinks but pricy","Likes":"1"},{"Name":"","Category":"","Rating":" 5 stars ","Number_of_Reviews":"","Address":"","Reviewer":"S. M.","Reviewer_page":"https://www.google.com/maps/contrib/103714392300119807156/reviews?hl=en-US","Review_time":"2 years ago","Review":"Went in for a few drinks and it was great.","Likes":""},{"Name":"","Category":"","Rating":" 5 stars ","Number_of_Reviews":"","Address":"","Reviewer":"Diego Lorente","Reviewer_page":"https://www.google.com/maps/contrib/104099211148687330609/reviews?hl=en-US","Review_time":"2 years ago","Review":"Very respectable slow service","Likes":""},{"Name":"","Category":"","Rating":" 5 stars ","Number_of_Reviews":"","Address":"","Reviewer":"Roubaix J","Reviewer_page":"https://www.google.com/maps/contrib/105072701240600001150/reviews?hl=en-US","Review_time":"a year ago","Review":"I always grab my drink whenever I'm at this target","Likes":"1"},{"Name":"","Category":"","Rating":" 5 stars ","Number_of_Reviews":"","Address":"","Reviewer":"Eric L","Reviewer_page":"https://www.google.com/maps/contrib/117143879134208711412/reviews?hl=en-US","Review_time":"a year ago","Review":"I haven't eaten there.","Likes":""},{"Name":"","Category":"","Rating":" 4 stars ","Number_of_Reviews":"","Address":"","Reviewer":"Tiff any","Reviewer_page":"https://www.google.com/maps/contrib/103591562003828235297/reviews?hl=en-US","Review_time":"a year ago","Review":"Clean fast and friendly","Likes":""},{"Name":"","Category":"","Rating":" 5 stars ","Number_of_Reviews":"","Address":"","Reviewer":"e m s","Reviewer_page":"https://www.google.com/maps/contrib/107770886574208588616/reviews?hl=en-US","Review_time":"2 years ago","Review":"The architecture of this church is breathtaking...","Likes":""},{"Name":"","Category":"","Rating":" 5 stars ","Number_of_Reviews":"","Address":"","Reviewer":"mtandiz","Reviewer_page":"https://www.google.com/maps/contrib/100146876602562933271/reviews?hl=en-US","Review_time":"7 months ago","Review":"Awesome","Likes":""},{"Name":"","Category":"","Rating":" 5 stars ","Number_of_Reviews":"","Address":"","Reviewer":"Rashad El Tahrawy","Reviewer_page":"https://www.google.com/maps/contrib/103637063822019056755/reviews?hl=en-US","Review_time":"2 years ago","Review":"Goid and fast service.","Likes":""},{"Name":"","Category":"","Rating":" 5 stars ","Number_of_Reviews":"","Address":"","Reviewer":"Sabab Anim","Reviewer_page":"https://www.google.com/maps/contrib/112337811101213109016/reviews?hl=en-US","Review_time":"2 years ago","Review":"Great customer service","Likes":""},{"Name":"","Category":"","Rating":" 1 star ","Number_of_Reviews":"","Address":"","Reviewer":"Lauriano Molina","Reviewer_page":"https://www.google.com/maps/contrib/118166384629516216712/reviews?hl=en-US","Review_time":"a year ago","Review":"I Don't not","Likes":""},{"Name":"","Category":"","Rating":" 1 star ","Number_of_Reviews":"","Address":"","Reviewer":"Elmhurst Digestive","Reviewer_page":"https://www.google.com/maps/contrib/112440811756818864316/reviews?hl=en-US","Review_time":"2 years ago","Review":"Horrible service","Likes":""},{"Name":"","Category":"","Rating":" 3 stars ","Number_of_Reviews":"","Address":"","Reviewer":"Santo lodh","Reviewer_page":"https://www.google.com/maps/contrib/101411496692443067561/reviews?hl=en-US","Review_time":"a year ago","Review":"Nice","Likes":""},{"Name":"","Category":"","Rating":" 1 star ","Number_of_Reviews":"","Address":"","Reviewer":"Saray Camila Vela Quiroz","Reviewer_page":"https://www.google.com/maps/contrib/111334781140869435728/reviews?hl=en-US","Review_time":"2 months ago","Review":"(Translated by Google) Bad service from employees, wrong order\n\n(Original)\nMal servicio de los empleados, pedido incorrecto","Likes":""},{"Name":"","Category":"","Rating":" 5 stars ","Number_of_Reviews":"","Address":"","Reviewer":"Jairo Rosario","Reviewer_page":"https://www.google.com/maps/contrib/108744809652952134869/reviews?hl=en-US","Review_time":"5 years ago","Review":"(Translated by Google) excellent coffee\n\n(Original)\nExcelente café","Likes":""},{"Name":"","Category":"","Rating":" 5 stars ","Number_of_Reviews":"","Address":"","Reviewer":"Jhon Anthony jimenez official","Reviewer_page":"https://www.google.com/maps/contrib/109673137180659662414/reviews?hl=en-US","Review_time":"2 years ago","Review":"(Translated by Google) Having a good coffee this afternoon is the best\n\n(Original)\nTomarse un buen café en estaa tarde es lo mejor","Likes":""},{"Name":"","Category":"","Rating":" 5 stars ","Number_of_Reviews":"","Address":"","Reviewer":"hector sanchez","Reviewer_page":"https://www.google.com/maps/contrib/105180820613136934921/reviews?hl=en-US","Review_time":"a year ago","Review":"(Translated by Google) Very good attention\n\n(Original)\nMuy buena atención","Likes":""},{"Name":"","Category":"","Rating":" 4 stars ","Number_of_Reviews":"","Address":"","Reviewer":"Elportador El Diario de los Dominicanos","Reviewer_page":"https://www.google.com/maps/contrib/109744578395763154145/reviews?hl=en-US","Review_time":"a year ago","Review":"(Translated by Google) Good service\n\n(Original)\nBuen servicio","Likes":""},{"Name":"","Category":"","Rating":" 3 stars ","Number_of_Reviews":"","Address":"","Reviewer":"emely cerda","Reviewer_page":"https://www.google.com/maps/contrib/107240985863230707199/reviews?hl=en-US","Review_time":"2 years ago","Review":"(Translated by Google) Delicate and clean\n\n(Original)\nDelicado y limpio","Likes":""},{"Name":"","Category":"","Rating":" 5 stars ","Number_of_Reviews":"","Address":"","Reviewer":"Mi Chinex Always Smile","Reviewer_page":"https://www.google.com/maps/contrib/110845533425013621930/reviews?hl=en-US","Review_time":"a year ago","Review":"(Translated by Google) Delicious coffee\n\n(Original)\nDelicioso Café","Likes":""},{"Name":"","Category":"","Rating":" 5 stars ","Number_of_Reviews":"","Address":"","Reviewer":"Erick Valera","Reviewer_page":"https://www.google.com/maps/contrib/105910797395170442726/reviews?hl=en-US","Review_time":"a year ago","Review":"(Translated by Google) Buoooo\n\n(Original)\nBuenoooo","Likes":""},{"Name":"","Category":"","Rating":" 5 stars ","Number_of_Reviews":"","Address":"","Reviewer":"Xiaoling Huang","Reviewer_page":"https://www.google.com/maps/contrib/101502688346499655783/reviews?hl=en-US","Review_time":"a year ago","Review":"","Likes":""},{"Name":"","Category":"","Rating":" 5 stars ","Number_of_Reviews":"","Address":"","Reviewer":"Xiaohua Tao","Reviewer_page":"https://www.google.com/maps/contrib/100065078578327525756/reviews?hl=en-US","Review_time":"3 weeks ago","Review":"","Likes":""},{"Name":"","Category":"","Rating":" 5 stars ","Number_of_Reviews":"","Address":"","Reviewer":"Efren Gonzalez","Reviewer_page":"https://www.google.com/maps/contrib/114710845973757575001/reviews?hl=en-US","Review_time":"2 years ago","Review":"(Translated by Google) The service\n\n(Original)\nEl servicio","Likes":""},{"Name":"","Category":"","Rating":" 5 stars ","Number_of_Reviews":"","Address":"","Reviewer":"Oswaldo Di Domenico","Reviewer_page":"https://www.google.com/maps/contrib/106671156213322065659/reviews?hl=en-US","Review_time":"2 years ago","Review":"(Translated by Google) Excellent\n\n(Original)\nExcelenttee","Likes":""},{"Name":"","Category":"","Rating":" 4 stars ","Number_of_Reviews":"","Address":"","Reviewer":"George Chico","Reviewer_page":"https://www.google.com/maps/contrib/107927863795137780696/reviews?hl=en-US","Review_time":"2 years ago","Review":"","Likes":""},{"Name":"","Category":"","Rating":" 5 stars ","Number_of_Reviews":"","Address":"","Reviewer":"Sarun Shrestha","Reviewer_page":"https://www.google.com/maps/contrib/111388962827865535157/reviews?hl=en-US","Review_time":"2 years ago","Review":"","Likes":""},{"Name":"","Category":"","Rating":" 1 star ","Number_of_Reviews":"","Address":"","Reviewer":"Jamyra P","Reviewer_page":"https://www.google.com/maps/contrib/112230619531505026847/reviews?hl=en-US","Review_time":"a year ago","Review":"","Likes":""},{"Name":"","Category":"","Rating":" 5 stars ","Number_of_Reviews":"","Address":"","Reviewer":"Dawa Lama","Reviewer_page":"https://www.google.com/maps/contrib/110466385738403411782/reviews?hl=en-US","Review_time":"a year ago","Review":"","Likes":""},{"Name":"","Category":"","Rating":" 4 stars ","Number_of_Reviews":"","Address":"","Reviewer":"Dionicio Hernández","Reviewer_page":"https://www.google.com/maps/contrib/106844050928631037287/reviews?hl=en-US","Review_time":"2 years ago","Review":"","Likes":""},{"Name":"","Category":"","Rating":" 3 stars ","Number_of_Reviews":"","Address":"","Reviewer":"Melanie Thomas","Reviewer_page":"https://www.google.com/maps/contrib/116695614871149577392/reviews?hl=en-US","Review_time":"2 years ago","Review":"","Likes":""},{"Name":"","Category":"","Rating":" 5 stars ","Number_of_Reviews":"","Address":"","Reviewer":"Yesid Millan","Reviewer_page":"https://www.google.com/maps/contrib/118418669513274533405/reviews?hl=en-US","Review_time":"a year ago","Review":"","Likes":""},{"Name":"","Category":"","Rating":" 3 stars ","Number_of_Reviews":"","Address":"","Reviewer":"Angel Perez Jr","Reviewer_page":"https://www.google.com/maps/contrib/115771591529267380245/reviews?hl=en-US","Review_time":"2 years ago","Review":"","Likes":""},{"Name":"","Category":"","Rating":" 5 stars ","Number_of_Reviews":"","Address":"","Reviewer":"giselle hernandez","Reviewer_page":"https://www.google.com/maps/contrib/112616881212880777749/reviews?hl=en-US","Review_time":"a year ago","Review":"","Likes":""},{"Name":"","Category":"","Rating":" 5 stars ","Number_of_Reviews":"","Address":"","Reviewer":"Nathaniel Moore","Reviewer_page":"https://www.google.com/maps/contrib/108192605724124240844/reviews?hl=en-US","Review_time":"a year ago","Review":"","Likes":""},{"Name":"","Category":"","Rating":" 4 stars ","Number_of_Reviews":"","Address":"","Reviewer":"lan tan","Reviewer_page":"https://www.google.com/maps/contrib/118253577842754811794/reviews?hl=en-US","Review_time":"2 years ago","Review":"","Likes":""},{"Name":"","Category":"","Rating":" 3 stars ","Number_of_Reviews":"","Address":"","Reviewer":"Kenneth U. Jackson Jr","Reviewer_page":"https://www.google.com/maps/contrib/116989878345129050110/reviews?hl=en-US","Review_time":"a year ago","Review":"","Likes":""},{"Name":"","Category":"","Rating":" 5 stars ","Number_of_Reviews":"","Address":"","Reviewer":"Louie Gonzalez","Reviewer_page":"https://www.google.com/maps/contrib/112913119200312568376/reviews?hl=en-US","Review_time":"3 years ago","Review":"","Likes":""},{"Name":"","Category":"","Rating":" 5 stars ","Number_of_Reviews":"","Address":"","Reviewer":"Robert Calvo","Reviewer_page":"https://www.google.com/maps/contrib/108759788767953799765/reviews?hl=en-US","Review_time":"2 years ago","Review":"","Likes":""},{"Name":"","Category":"","Rating":" 3 stars ","Number_of_Reviews":"","Address":"","Reviewer":"Nicolas Martínez","Reviewer_page":"https://www.google.com/maps/contrib/105602182532259074840/reviews?hl=en-US","Review_time":"2 years ago","Review":"","Likes":""},{"Name":"","Category":"","Rating":" 5 stars ","Number_of_Reviews":"","Address":"","Reviewer":"Diego Lares","Reviewer_page":"https://www.google.com/maps/contrib/106945963542128927542/reviews?hl=en-US","Review_time":"2 years ago","Review":"","Likes":""},{"Name":"","Category":"","Rating":" 5 stars ","Number_of_Reviews":"","Address":"","Reviewer":"Mohamed Soliman","Reviewer_page":"https://www.google.com/maps/contrib/113567695847875173342/reviews?hl=en-US","Review_time":"a year ago","Review":"","Likes":""},{"Name":"","Category":"","Rating":" 4 stars ","Number_of_Reviews":"","Address":"","Reviewer":"Johanna Sandoval","Reviewer_page":"https://www.google.com/maps/contrib/117367814165731622018/reviews?hl=en-US","Review_time":"a year ago","Review":"","Likes":""},{"Name":"","Category":"","Rating":" 5 stars ","Number_of_Reviews":"","Address":"","Reviewer":"Lourdes Gonzalez","Reviewer_page":"https://www.google.com/maps/contrib/101781391298753869612/reviews?hl=en-US","Review_time":"a year ago","Review":"","Likes":""},{"Name":"","Category":"","Rating":" 4 stars ","Number_of_Reviews":"","Address":"","Reviewer":"Alberto Lora","Reviewer_page":"https://www.google.com/maps/contrib/112626637260666577983/reviews?hl=en-US","Review_time":"a year ago","Review":"","Likes":""},{"Name":"","Category":"","Rating":" 5 stars ","Number_of_Reviews":"","Address":"","Reviewer":"daniel ryan","Reviewer_page":"https://www.google.com/maps/contrib/118018254705496340031/reviews?hl=en-US","Review_time":"2 years ago","Review":"","Likes":""},{"Name":"","Category":"","Rating":" 5 stars ","Number_of_Reviews":"","Address":"","Reviewer":"Loretta Henderson","Reviewer_page":"https://www.google.com/maps/contrib/113791264434337763308/reviews?hl=en-US","Review_time":"a year ago","Review":"","Likes":""},{"Name":"","Category":"","Rating":" 4 stars ","Number_of_Reviews":"","Address":"","Reviewer":"Parvona Maksumova","Reviewer_page":"https://www.google.com/maps/contrib/106470434729789782613/reviews?hl=en-US","Review_time":"2 years ago","Review":"","Likes":""},{"Name":"","Category":"","Rating":" 5 stars ","Number_of_Reviews":"","Address":"","Reviewer":"Mia Lolo","Reviewer_page":"https://www.google.com/maps/contrib/104456332246223837675/reviews?hl=en-US","Review_time":"a year ago","Review":"","Likes":""},{"Name":"","Category":"","Rating":" 5 stars ","Number_of_Reviews":"","Address":"","Reviewer":"Miguel Coronel","Reviewer_page":"https://www.google.com/maps/contrib/112092831268202985901/reviews?hl=en-US","Review_time":"2 years ago","Review":"","Likes":""},{"Name":"","Category":"","Rating":" 5 stars ","Number_of_Reviews":"","Address":"","Reviewer":"ms burke","Reviewer_page":"https://www.google.com/maps/contrib/109133141618460112596/reviews?hl=en-US","Review_time":"a year ago","Review":"","Likes":""},{"Name":"","Category":"","Rating":" 3 stars ","Number_of_Reviews":"","Address":"","Reviewer":"Chaya Leah","Reviewer_page":"https://www.google.com/maps/contrib/103028150597824627973/reviews?hl=en-US","Review_time":"3 years ago","Review":"","Likes":""},{"Name":"","Category":"","Rating":" 5 stars ","Number_of_Reviews":"","Address":"","Reviewer":"Mel Vel","Reviewer_page":"https://www.google.com/maps/contrib/108304161551053461337/reviews?hl=en-US","Review_time":"2 years ago","Review":"","Likes":""},{"Name":"","Category":"","Rating":" 4 stars ","Number_of_Reviews":"","Address":"","Reviewer":"green_cake mepmep","Reviewer_page":"https://www.google.com/maps/contrib/118395747531970811826/reviews?hl=en-US","Review_time":"a year ago","Review":"","Likes":""},{"Name":"","Category":"","Rating":" 1 star ","Number_of_Reviews":"","Address":"","Reviewer":"Joyce Scott-Brown","Reviewer_page":"https://www.google.com/maps/contrib/100833516773111554870/reviews?hl=en-US","Review_time":"a year ago","Review":"","Likes":""},{"Name":"","Category":"","Rating":" 2 stars ","Number_of_Reviews":"","Address":"","Reviewer":"Yoshigizmo (Spacegizmo)","Reviewer_page":"https://www.google.com/maps/contrib/100902619982961453181/reviews?hl=en-US","Review_time":"a year ago","Review":"","Likes":""},{"Name":"","Category":"","Rating":" 4 stars ","Number_of_Reviews":"","Address":"","Reviewer":"Jorge Huerta","Reviewer_page":"https://www.google.com/maps/contrib/104603526751277894062/reviews?hl=en-US","Review_time":"a year ago","Review":"","Likes":""},{"Name":"","Category":"","Rating":" 5 stars ","Number_of_Reviews":"","Address":"","Reviewer":"Kelvin Vasquez","Reviewer_page":"https://www.google.com/maps/contrib/104878810287670443625/reviews?hl=en-US","Review_time":"a year ago","Review":"","Likes":""},{"Name":"","Category":"","Rating":" 5 stars ","Number_of_Reviews":"","Address":"","Reviewer":"SuPeRgAmInG","Reviewer_page":"https://www.google.com/maps/contrib/107673583236415576663/reviews?hl=en-US","Review_time":"a year ago","Review":"","Likes":""},{"Name":"","Category":"","Rating":" 5 stars ","Number_of_Reviews":"","Address":"","Reviewer":"Nathalie Huracan Reyes-Flores","Reviewer_page":"https://www.google.com/maps/contrib/116352787505120219545/reviews?hl=en-US","Review_time":"a year ago","Review":"","Likes":""},{"Name":"","Category":"","Rating":" 4 stars ","Number_of_Reviews":"","Address":"","Reviewer":"Keith Zaret","Reviewer_page":"https://www.google.com/maps/contrib/114644272462127804282/reviews?hl=en-US","Review_time":"a year ago","Review":"","Likes":""},{"Name":"","Category":"","Rating":" 5 stars ","Number_of_Reviews":"","Address":"","Reviewer":"Angel Gaguancela","Reviewer_page":"https://www.google.com/maps/contrib/101938579168865008033/reviews?hl=en-US","Review_time":"2 years ago","Review":"","Likes":""},{"Name":"","Category":"","Rating":" 4 stars ","Number_of_Reviews":"","Address":"","Reviewer":"Nancy Madridmarquez","Reviewer_page":"https://www.google.com/maps/contrib/101431027892844334378/reviews?hl=en-US","Review_time":"a year ago","Review":"","Likes":""},{"Name":"","Category":"","Rating":" 4 stars ","Number_of_Reviews":"","Address":"","Reviewer":"Christian rene Velasquez","Reviewer_page":"https://www.google.com/maps/contrib/102380288047476665200/reviews?hl=en-US","Review_time":"2 years ago","Review":"","Likes":""},{"Name":"","Category":"","Rating":" 1 star ","Number_of_Reviews":"","Address":"","Reviewer":"Carlos Polidura Alers","Reviewer_page":"https://www.google.com/maps/contrib/108730493493067470828/reviews?hl=en-US","Review_time":"a year ago","Review":"","Likes":""},{"Name":"","Category":"","Rating":" 5 stars ","Number_of_Reviews":"","Address":"","Reviewer":"Angelo Matute","Reviewer_page":"https://www.google.com/maps/contrib/105764593285072403478/reviews?hl=en-US","Review_time":"2 years ago","Review":"","Likes":""},{"Name":"","Category":"","Rating":" 5 stars ","Number_of_Reviews":"","Address":"","Reviewer":"Cristian Q","Reviewer_page":"https://www.google.com/maps/contrib/103105101863696550326/reviews?hl=en-US","Review_time":"a year ago","Review":"","Likes":""},{"Name":"","Category":"","Rating":" 1 star ","Number_of_Reviews":"","Address":"","Reviewer":"nazar butt","Reviewer_page":"https://www.google.com/maps/contrib/100862209641129623463/reviews?hl=en-US","Review_time":"a year ago","Review":"","Likes":""},{"Name":"","Category":"","Rating":" 4 stars ","Number_of_Reviews":"","Address":"","Reviewer":"Omar Palma","Reviewer_page":"https://www.google.com/maps/contrib/104081198926937545204/reviews?hl=en-US","Review_time":"2 years ago","Review":"","Likes":""},{"Name":"","Category":"","Rating":" 5 stars ","Number_of_Reviews":"","Address":"","Reviewer":"Ananya Monahan","Reviewer_page":"https://www.google.com/maps/contrib/105235912041141400236/reviews?hl=en-US","Review_time":"a year ago","Review":"","Likes":""},{"Name":"","Category":"","Rating":" 3 stars ","Number_of_Reviews":"","Address":"","Reviewer":"Edwin Ortiz","Reviewer_page":"https://www.google.com/maps/contrib/106971963232846384075/reviews?hl=en-US","Review_time":"a year ago","Review":"","Likes":""},{"Name":"","Category":"","Rating":" 1 star ","Number_of_Reviews":"","Address":"","Reviewer":"nyc.pratik","Reviewer_page":"https://www.google.com/maps/contrib/114142932896988324470/reviews?hl=en-US","Review_time":"a year ago","Review":"","Likes":""},{"Name":"","Category":"","Rating":" 1 star ","Number_of_Reviews":"","Address":"","Reviewer":"Barbara S.","Reviewer_page":"https://www.google.com/maps/contrib/115607148839721991105/reviews?hl=en-US","Review_time":"2 years ago","Review":"","Likes":""},{"Name":"","Category":"","Rating":" 5 stars ","Number_of_Reviews":"","Address":"","Reviewer":"Mark Senape","Reviewer_page":"https://www.google.com/maps/contrib/115935911005412581642/reviews?hl=en-US","Review_time":"a year ago","Review":"","Likes":""},{"Name":"","Category":"","Rating":" 5 stars ","Number_of_Reviews":"","Address":"","Reviewer":"Rosario Narvaez","Reviewer_page":"https://www.google.com/maps/contrib/100012206403538882217/reviews?hl=en-US","Review_time":"a year ago","Review":"","Likes":""},{"Name":"","Category":"","Rating":" 1 star ","Number_of_Reviews":"","Address":"","Reviewer":"Marroky Herrera","Reviewer_page":"https://www.google.com/maps/contrib/103864241338863885751/reviews?hl=en-US","Review_time":"2 years ago","Review":"","Likes":""},{"Name":"","Category":"","Rating":" 3 stars ","Number_of_Reviews":"","Address":"","Reviewer":"Carlos Osorio","Reviewer_page":"https://www.google.com/maps/contrib/115750734529530430884/reviews?hl=en-US","Review_time":"2 years ago","Review":"","Likes":""},{"Name":"","Category":"","Rating":" 5 stars ","Number_of_Reviews":"","Address":"","Reviewer":"Mark Alonso","Reviewer_page":"https://www.google.com/maps/contrib/108785678128559237603/reviews?hl=en-US","Review_time":"2 years ago","Review":"","Likes":""},{"Name":"","Category":"","Rating":" 4 stars ","Number_of_Reviews":"","Address":"","Reviewer":"Xavier Gonzalez","Reviewer_page":"https://www.google.com/maps/contrib/103810761259100801877/reviews?hl=en-US","Review_time":"2 years ago","Review":"","Likes":""},{"Name":"","Category":"","Rating":" 5 stars ","Number_of_Reviews":"","Address":"","Reviewer":"Moses Hausner","Reviewer_page":"https://www.google.com/maps/contrib/100246596344962046247/reviews?hl=en-US","Review_time":"a year ago","Review":"","Likes":""},{"Name":"","Category":"","Rating":" 5 stars ","Number_of_Reviews":"","Address":"","Reviewer":"Jusab Ghaly","Reviewer_page":"https://www.google.com/maps/contrib/118281116217735315378/reviews?hl=en-US","Review_time":"a year ago","Review":"","Likes":""},{"Name":"","Category":"","Rating":" 5 stars ","Number_of_Reviews":"","Address":"","Reviewer":"Gabriel Lopez","Reviewer_page":"https://www.google.com/maps/contrib/117514214688139123054/reviews?hl=en-US","Review_time":"a year ago","Review":"","Likes":""},{"Name":"","Category":"","Rating":" 5 stars ","Number_of_Reviews":"","Address":"","Reviewer":"Samantha Papaccio","Reviewer_page":"https://www.google.com/maps/contrib/115502519903006962576/reviews?hl=en-US","Review_time":"a year ago","Review":"","Likes":""},{"Name":"","Category":"","Rating":" 1 star ","Number_of_Reviews":"","Address":"","Reviewer":"pedro vega","Reviewer_page":"https://www.google.com/maps/contrib/117835305129309802978/reviews?hl=en-US","Review_time":"a year ago","Review":"","Likes":""},{"Name":"","Category":"","Rating":" 4 stars ","Number_of_Reviews":"","Address":"","Reviewer":"Jesus Vera","Reviewer_page":"https://www.google.com/maps/contrib/115653132669367070445/reviews?hl=en-US","Review_time":"a year ago","Review":"","Likes":""},{"Name":"","Category":"","Rating":" 5 stars ","Number_of_Reviews":"","Address":"","Reviewer":"Rosmery Martin","Reviewer_page":"https://www.google.com/maps/contrib/101742490606839842405/reviews?hl=en-US","Review_time":"2 years ago","Review":"","Likes":""},{"Name":"","Category":"","Rating":" 4 stars ","Number_of_Reviews":"","Address":"","Reviewer":"LAURA DI","Reviewer_page":"https://www.google.com/maps/contrib/114862419603678528851/reviews?hl=en-US","Review_time":"2 years ago","Review":"","Likes":""},{"Name":"","Category":"","Rating":" 5 stars ","Number_of_Reviews":"","Address":"","Reviewer":"Ivonne Solano","Reviewer_page":"https://www.google.com/maps/contrib/111223773457904185766/reviews?hl=en-US","Review_time":"2 years ago","Review":"","Likes":""},{"Name":"","Category":"","Rating":" 4 stars ","Number_of_Reviews":"","Address":"","Reviewer":"Sebastian Butcher","Reviewer_page":"https://www.google.com/maps/contrib/108161570889934548232/reviews?hl=en-US","Review_time":"2 years ago","Review":"","Likes":""},{"Name":"","Category":"","Rating":" 5 stars ","Number_of_Reviews":"","Address":"","Reviewer":"Lisbeth Tutasi","Reviewer_page":"https://www.google.com/maps/contrib/105181033541856523567/reviews?hl=en-US","Review_time":"a year ago","Review":"","Likes":""},{"Name":"","Category":"","Rating":" 5 stars ","Number_of_Reviews":"","Address":"","Reviewer":"sarah rayo","Reviewer_page":"https://www.google.com/maps/contrib/105111481015150733061/reviews?hl=en-US","Review_time":"a year ago","Review":"","Likes":""},{"Name":"","Category":"","Rating":" 1 star ","Number_of_Reviews":"","Address":"","Reviewer":"Celestina Perez","Reviewer_page":"https://www.google.com/maps/contrib/104753409227353416975/reviews?hl=en-US","Review_time":"a year ago","Review":"","Likes":""},{"Name":"","Category":"","Rating":" 5 stars ","Number_of_Reviews":"","Address":"","Reviewer":"Laura Castro","Reviewer_page":"https://www.google.com/maps/contrib/109371081489023137769/reviews?hl=en-US","Review_time":"a year ago","Review":"","Likes":""},{"Name":"","Category":"","Rating":" 5 stars ","Number_of_Reviews":"","Address":"","Reviewer":"Muriel Pena","Reviewer_page":"https://www.google.com/maps/contrib/109948570700412975549/reviews?hl=en-US","Review_time":"2 years ago","Review":"","Likes":""},{"Name":"","Category":"","Rating":" 5 stars ","Number_of_Reviews":"","Address":"","Reviewer":"Juan Urbaez","Reviewer_page":"https://www.google.com/maps/contrib/103110448382599824215/reviews?hl=en-US","Review_time":"a year ago","Review":"","Likes":""},{"Name":"","Category":"","Rating":" 5 stars ","Number_of_Reviews":"","Address":"","Reviewer":"Boom Boom","Reviewer_page":"https://www.google.com/maps/contrib/106500061192390413320/reviews?hl=en-US","Review_time":"2 years ago","Review":"","Likes":""},{"Name":"","Category":"","Rating":" 4 stars ","Number_of_Reviews":"","Address":"","Reviewer":"Eddie p","Reviewer_page":"https://www.google.com/maps/contrib/102811918917879134227/reviews?hl=en-US","Review_time":"2 years ago","Review":"","Likes":""},{"Name":"","Category":"","Rating":" 4 stars ","Number_of_Reviews":"","Address":"","Reviewer":"Elman Godinez","Reviewer_page":"https://www.google.com/maps/contrib/110965416818743528189/reviews?hl=en-US","Review_time":"a year ago","Review":"","Likes":""},{"Name":"","Category":"","Rating":" 3 stars ","Number_of_Reviews":"","Address":"","Reviewer":"Nathalie Guzman","Reviewer_page":"https://www.google.com/maps/contrib/108166894656488822406/reviews?hl=en-US","Review_time":"a year ago","Review":"","Likes":""},{"Name":"","Category":"","Rating":" 4 stars ","Number_of_Reviews":"","Address":"","Reviewer":"David Carrales","Reviewer_page":"https://www.google.com/maps/contrib/111547233148332772955/reviews?hl=en-US","Review_time":"2 years ago","Review":"","Likes":""},{"Name":"","Category":"","Rating":" 5 stars ","Number_of_Reviews":"","Address":"","Reviewer":"Fuat Ozdemir","Reviewer_page":"https://www.google.com/maps/contrib/102509747366852241759/reviews?hl=en-US","Review_time":"2 years ago","Review":"","Likes":""},{"Name":"","Category":"","Rating":" 4 stars ","Number_of_Reviews":"","Address":"","Reviewer":"Emma Lilie","Reviewer_page":"https://www.google.com/maps/contrib/100246584770901468420/reviews?hl=en-US","Review_time":"a year ago","Review":"","Likes":""},{"Name":"","Category":"","Rating":" 5 stars ","Number_of_Reviews":"","Address":"","Reviewer":"Andra","Reviewer_page":"https://www.google.com/maps/contrib/109695683937635145690/reviews?hl=en-US","Review_time":"a year ago","Review":"","Likes":""},{"Name":"","Category":"","Rating":" 5 stars ","Number_of_Reviews":"","Address":"","Reviewer":"Dmitrii Banari","Reviewer_page":"https://www.google.com/maps/contrib/107241583330460336217/reviews?hl=en-US","Review_time":"2 years ago","Review":"","Likes":""}