[{"Name":"","Category":"","Rating":" 1 star ","Number_of_Reviews":"","Address":"","Reviewer":"neville chauhan","Reviewer_page":"https://www.google.com/maps/contrib/114499429948765063503/reviews?hl=en-US","Review_time":"a month ago","Review":"I asked for cappuccino with 1 sweetener they gave me sweet water, 2nd time same experience.  Busy location doesn’t mean you cheat with your customers.\n\nI would give -10 starts to this location.","Likes":"1"},{"Name":"","Category":"","Rating":" 1 star ","Number_of_Reviews":"","Address":"","Reviewer":"Steffy","Reviewer_page":"https://www.google.com/maps/contrib/104857718479779231024/reviews?hl=en-US","Review_time":"3 months ago","Review":"If I can rate this Starbucks 0 stars I would! The employees are always rude and they have preferences on people. I kindly asked them for water which is free and quick to just prepare because I was dehydrated, they neglected me and asked me to join the long line. Someone else asked for it and they just gave it to that customer. No professionalism at all and they have a horrible attitude problem. I DO NOT RECOMMEND THIS LOCATION TO ANYONE!!!","Likes":""},{"Name":"","Category":"","Rating":" 1 star ","Number_of_Reviews":"","Address":"","Reviewer":"Hope ALM","Reviewer_page":"https://www.google.com/maps/contrib/112008567503490942516/reviews?hl=en-US","Review_time":"8 months ago","Review":"Why oh why must they not take heed with what a customer repeatedly requests😭. I always order matcha latte, warm and no foam. It wasnt busy at all at 10am this Saturday morning, so i dont see the excuse of busy and rushing😳. I asked for warm and no foam. Sadly, Tulip, my barista, didnt take out the foam & it was scalding hot, but i was already out of the mall and in the subway already, so it wasnt practical to go back, but WHY? Why was it scalding hot when i specifically asked for warm😭. I burned my mouth obviously. Please #starbucks tell your baristas, unless it is astoundingly busy, there is no excuse at all for a customer to understand that you got their order wrong. Had i been the litigious kind, i would make a ruckus😂. Please be mindful! This is the Starbucks at Queens Center Mall☹️","Likes":""},{"Name":"","Category":"","Rating":" 2 stars ","Number_of_Reviews":"","Address":"","Reviewer":"cathy quintero","Reviewer_page":"https://www.google.com/maps/contrib/108979121069799708772/reviews?hl=en-US","Review_time":"3 months ago","Review":"The tea was good but when placing the order the person at the register did not even have the curtousy of looking at me as I placed the order extremely rude. Customer Service is very important I don’t think I’ll order from here again","Likes":""},{"Name":"","Category":"","Rating":" 1 star ","Number_of_Reviews":"","Address":"","Reviewer":"Gisselle Munoz","Reviewer_page":"https://www.google.com/maps/contrib/118135729833376630751/reviews?hl=en-US","Review_time":"2 months ago","Review":"I always buy starbucks coffee and i have alwayS had a decent experience, but in the queens center mall it was not a good experience the girl at the cashier was very nice but the guy that was making the coffee did not Provide good customer service and he was rude!!","Likes":""},{"Name":"","Category":"","Rating":" 5 stars ","Number_of_Reviews":"","Address":"","Reviewer":"SERGIO MOTA","Reviewer_page":"https://www.google.com/maps/contrib/116644768426053798025/reviews?hl=en-US","Review_time":"7 months ago","Review":"One of the most quietest malls ever. People go about their business you drink your latte you coffee and sit down. Other malls have too much drama such as Short hills. Highly recommended but make sure your seat is clean when you sit down  so much people like to sit down and feel so comfortable.","Likes":""},{"Name":"","Category":"","Rating":" 5 stars ","Number_of_Reviews":"","Address":"","Reviewer":"The Symphony","Reviewer_page":"https://www.google.com/maps/contrib/107194137639562197648/reviews?hl=en-US","Review_time":"4 weeks ago","Review":"Mobile orders saves the day again lol. My lady has her go to items and I can always get them","Likes":""},{"Name":"","Category":"","Rating":" 3 stars ","Number_of_Reviews":"","Address":"","Reviewer":"Reina Gonzalez","Reviewer_page":"https://www.google.com/maps/contrib/110112803318019798223/reviews?hl=en-US","Review_time":"7 months ago","Review":"Someone made a simple mistake with my coffee drink tasted more like milk than coffee (I don’t ask for extra milk) when I politely asked someone remade it for me. But the original person who made I came over and asked about it, clearly upset …","Likes":""},{"Name":"","Category":"","Rating":" 1 star ","Number_of_Reviews":"","Address":"","Reviewer":"Miguel Santana","Reviewer_page":"https://www.google.com/maps/contrib/113441963796151236820/reviews?hl=en-US","Review_time":"8 months ago","Review":"They are Disgusting and I would never ever go to this disgusting company ever again I spend my money!\nBecause I cannot have an afford a car I’m not able to purchase a item from them and the way I was Treated was unacceptable but thank you because I got free drinks from vehicles watching offered to buy a drink for me.\nGod Bless management for managing your company I will tell everyone I know never to go here again.","Likes":"2"},{"Name":"","Category":"","Rating":" 5 stars ","Number_of_Reviews":"","Address":"","Reviewer":"Robert F","Reviewer_page":"https://www.google.com/maps/contrib/110663094866080266508/reviews?hl=en-US","Review_time":"a year ago","Review":"This coffee shop just opened. It's on Queens Boulevard and 71st. It moved from the prior location on Continental Avenue near Austin Street.\n\nThe new Starbucks is larger. It has the full menu of both hot and cold coffees, teas and food items. They are across the street from the 71st street express subway station. Parking is difficult to find in the area.","Likes":"1"},{"Name":"","Category":"","Rating":" 5 stars ","Number_of_Reviews":"","Address":"","Reviewer":"Ambish Ibrahim","Reviewer_page":"https://www.google.com/maps/contrib/102891685152112378285/reviews?hl=en-US","Review_time":"a year ago","Review":"Very active employee, just woww they make tour stuff ready In a minute","Likes":""},{"Name":"","Category":"","Rating":" 1 star ","Number_of_Reviews":"","Address":"","Reviewer":"Emilio Ortiz","Reviewer_page":"https://www.google.com/maps/contrib/105269321828049810480/reviews?hl=en-US","Review_time":"a year ago","Review":"WTMD!! Starbucks dead be playing. I usually order cold coffees cause they usually do this with hot drinks. I forgot to not to order hot coffee cause they be doing this and I’m disappointed that they actually serve this out:/. Like what is this?!?!??","Likes":""},{"Name":"","Category":"","Rating":" 5 stars ","Number_of_Reviews":"","Address":"","Reviewer":"Lobsang Potala","Reviewer_page":"https://www.google.com/maps/contrib/116031175578850360806/reviews?hl=en-US","Review_time":"a year ago","Review":"Roosevelt island Newyork","Likes":""},{"Name":"","Category":"","Rating":" 5 stars ","Number_of_Reviews":"","Address":"","Reviewer":"Lina Castro","Reviewer_page":"https://www.google.com/maps/contrib/100432821243567180508/reviews?hl=en-US","Review_time":"7 months ago","Review":"I love this place its coffee and service but it's a shame they don't have snacks all day 😔👍","Likes":""},{"Name":"","Category":"","Rating":" 1 star ","Number_of_Reviews":"","Address":"","Reviewer":"Luis Zepeda","Reviewer_page":"https://www.google.com/maps/contrib/101551688123677097076/reviews?hl=en-US","Review_time":"6 months ago","Review":"I came back for a refill of my coffee and they said that they didn't follow the policies and that they didn't care that if I wanted another coffee I had to buy it again","Likes":""},{"Name":"","Category":"","Rating":" 2 stars ","Number_of_Reviews":"","Address":"","Reviewer":"Ruth Samaroo","Reviewer_page":"https://www.google.com/maps/contrib/117309202573305332580/reviews?hl=en-US","Review_time":"9 months ago","Review":"The person taking the orders was more busy on her cellphone, and having the customers wait. There was just too much socializing behind the counter, than taking care of the lineup. Waiting for the order was painful.","Likes":""},{"Name":"","Category":"","Rating":" 4 stars ","Number_of_Reviews":"","Address":"","Reviewer":"Kevin H","Reviewer_page":"https://www.google.com/maps/contrib/108545805840366290388/reviews?hl=en-US","Review_time":"2 years ago","Review":"It is not a store but a Kiosk located in the Queens Center mall which was recently redesigned (the kiosk not the mall). I typically go in the morning before heading out to work. The staff is generally friendly; I like this one young lady who calls all the customers \"Love\" How are you today love.. thank you love. It is kind of endearing. The service seems good and the Kiosk looks clean. My only issue is Starbucks is suppose to be known for coffee and yet they only brew a medium and mild roast;  no dark (bold) roast. Now that I think of it, I am not sure if they still brew the mild roast anymore. For $2.45 for a small coffee, you should be able to offer a dark roast. That is just my opinion","Likes":""},{"Name":"","Category":"","Rating":" 4 stars ","Number_of_Reviews":"","Address":"","Reviewer":"Robert Diaz","Reviewer_page":"https://www.google.com/maps/contrib/115722463861975085673/reviews?hl=en-US","Review_time":"4 years ago","Review":"Obligatory stop for coffee whenever we are shopping in the Queens Center Mall. Delicious coffee. Table needs to be a Little bit more clean.","Likes":""},{"Name":"","Category":"","Rating":" 1 star ","Number_of_Reviews":"","Address":"","Reviewer":"Victoria Simon","Reviewer_page":"https://www.google.com/maps/contrib/112736832110581600052/reviews?hl=en-US","Review_time":"2 years ago","Review":"Ordered my drink through the app. They switched it to a completely different drink and added regular milk to my drink, which I did not request and am allergic to. Very sneaky. Totally disappointed and kinda shocked.","Likes":"2"},{"Name":"","Category":"","Rating":" 5 stars ","Number_of_Reviews":"","Address":"","Reviewer":"Thomas Cheung","Reviewer_page":"https://www.google.com/maps/contrib/101644299779706701949/reviews?hl=en-US","Review_time":"2 months ago","Review":"I like coffee, ice coffee, bakery and much more.","Likes":"1"},{"Name":"","Category":"","Rating":" 4 stars ","Number_of_Reviews":"","Address":"","Reviewer":"Nasya Garrett","Reviewer_page":"https://www.google.com/maps/contrib/112123503179607241424/reviews?hl=en-US","Review_time":"a year ago","Review":"I always get a venti Strawberry açaí lemonade because I don’t like coffee.The staff is nice and the service is always good for me but the only problem I have is that my name is always spelled wrong. Other then that I will continue to go and I will also recommend to a friend.","Likes":""},{"Name":"","Category":"","Rating":" 4 stars ","Number_of_Reviews":"","Address":"","Reviewer":"janelle ali","Reviewer_page":"https://www.google.com/maps/contrib/107092685459558385218/reviews?hl=en-US","Review_time":"4 years ago","Review":"This Starbucks is a great place to get your coffee while strolling through the mall. The service is quick and efficient. The staff is respectful to everyone and they deliver upbeat service to everyone . The guys are cuuuuute but I don’t go there for the male staff to set the record straight. The female barristers are cool and don’t show a bad face. I’m not sure if their responsible for cleaning the sitting area but sometimes it gets a little messy but no fault goes on their behalf. They are observed to be accurate with orders . I do rate this Starbucks a 4 our 5 stars because of their speed of service ,code of conduct to the customers ,and the coffee is great! Peace.","Likes":"1"},{"Name":"","Category":"","Rating":" 2 stars ","Number_of_Reviews":"","Address":"","Reviewer":"Michael Lorz","Reviewer_page":"https://www.google.com/maps/contrib/108968031562682847837/reviews?hl=en-US","Review_time":"7 years ago","Review":"I come here a lot because I live above it, but I'm continually met by an under-staffed crew.  I only have this much time to write a review because I'm still waiting for my drink.... they're all nice. But these traffic patterns aren't new. They're always busy at the same times, STAFF YOUR STORE BETTER.","Likes":"1"},{"Name":"","Category":"","Rating":" 1 star ","Number_of_Reviews":"","Address":"","Reviewer":"cai leng","Reviewer_page":"https://www.google.com/maps/contrib/103653458237530809371/reviews?hl=en-US","Review_time":"2 years ago","Review":"It was my birthday today and it was my first time going to get a free thing from Starbucks for my birthday and so I didn’t really know the process of it and so kind of had a hard time getting my card into the app as it was on my mother’s pocket (who was shopping downstairs of target), through the process of putting in the card and going back to get my free drink, one of the employee was talking bad about me behind my back, didn’t have a good experience at all and pretty much ruined the happiness I had.","Likes":"2"},{"Name":"","Category":"","Rating":" 1 star ","Number_of_Reviews":"","Address":"","Reviewer":"Anna","Reviewer_page":"https://www.google.com/maps/contrib/117290345143353902914/reviews?hl=en-US","Review_time":"2 years ago","Review":"order mobile and waited 15 minutes for it. when i drink it i felt something wrong. i order royal english breakfast latte and a girl gave me a cup of tea. there was no sugar and no milk. so horrible service！made a wrong drink for me and also a ling time wait for me！","Likes":""},{"Name":"","Category":"","Rating":" 5 stars ","Number_of_Reviews":"","Address":"","Reviewer":"Lori Adeniyi","Reviewer_page":"https://www.google.com/maps/contrib/118108747726997572565/reviews?hl=en-US","Review_time":"2 years ago","Review":"Newly revamped and renovated kiosk. Finally has a proper counter for pick up with plenty of space for drinks. It looks the way I always wanted it to look. Staff is mostly quick and polite.","Likes":"1"},{"Name":"","Category":"","Rating":" 2 stars ","Number_of_Reviews":"","Address":"","Reviewer":"Daniel Wu","Reviewer_page":"https://www.google.com/maps/contrib/100223947761977811946/reviews?hl=en-US","Review_time":"4 years ago","Review":"Customer service is very important, while taking care of customers stop talking to your colleagues about non work related. Show some respect to your customers and professionalism. By the way my name is Dan instead of TEN you put on my order.","Likes":"1"},{"Name":"","Category":"","Rating":" 5 stars ","Number_of_Reviews":"","Address":"","Reviewer":"Jonathan Campoverde","Reviewer_page":"https://www.google.com/maps/contrib/107023493864649072294/reviews?hl=en-US","Review_time":"9 years ago","Review":"As a designer I love to go here late nights just to sketch. It could actually be pretty busy late nights since the train station is right next to it. But after a couple minute wait you can get a nice spot on the tables. The service is fast as well.","Likes":""},{"Name":"","Category":"","Rating":" 1 star ","Number_of_Reviews":"","Address":"","Reviewer":"Joanne Martinez","Reviewer_page":"https://www.google.com/maps/contrib/109140721168305162503/reviews?hl=en-US","Review_time":"a year ago","Review":"I wasn’t issued a receipt and I had to request more sweetener for a bitter caramel macchiato.staff seemed more interesting in bantering with one another.I’m disgusted","Likes":""},{"Name":"","Category":"","Rating":" 5 stars ","Number_of_Reviews":"","Address":"","Reviewer":"Melissa Philippe","Reviewer_page":"https://www.google.com/maps/contrib/114025909927895989136/reviews?hl=en-US","Review_time":"3 years ago","Review":"I started heavily drinking Starbucks in 2016 and in 3 months I became a Gold Star member lol so you can tell how much I love it. I don’t spend that much on coffee outside but when I don’t have my Chai Tea latte kcups or Strawberry Açai I know where I get my refreshers and fruity drinks!","Likes":""},{"Name":"","Category":"","Rating":" 1 star ","Number_of_Reviews":"","Address":"","Reviewer":"michael heffez","Reviewer_page":"https://www.google.com/maps/contrib/117455170039061557287/reviews?hl=en-US","Review_time":"3 years ago","Review":"Incensed with this Starbucks! Specifically ordered a DECAF and the representative/ barista whatever you want to label them as gave me regular. She is the store supervisor/ manager no less! Almost had to call for an ambulance. I'm not going to discuss the accountability and consolation because this is a matter NOT to fool around with. Tried the WWTDB (water, walking, time, deep breathing) strategy and it still took forever to not feel cracked out anymore! As Panthro would say: BLASTED! …side note the ☕️ did taste good & fresh. It was the drip version. And yes it's worth the extra 2-3 minute wait.","Likes":"1"},{"Name":"","Category":"","Rating":" 5 stars ","Number_of_Reviews":"","Address":"","Reviewer":"diane garcia","Reviewer_page":"https://www.google.com/maps/contrib/108786647746572148639/reviews?hl=en-US","Review_time":"a month ago","Review":"Caramel ribbon crunch delicious","Likes":""},{"Name":"","Category":"","Rating":" 5 stars ","Number_of_Reviews":"","Address":"","Reviewer":"Lourdes Molina","Reviewer_page":"https://www.google.com/maps/contrib/102602920197176227610/reviews?hl=en-US","Review_time":"2 months ago","Review":"Nice place and friendly people","Likes":""},{"Name":"","Category":"","Rating":" 5 stars ","Number_of_Reviews":"","Address":"","Reviewer":"Sagrey Turjo","Reviewer_page":"https://www.google.com/maps/contrib/115302847606670752187/reviews?hl=en-US","Review_time":"5 years ago","Review":"Its in deep inside the mall. Great coffee!!!  Friendly environment.","Likes":""},{"Name":"","Category":"","Rating":" 2 stars ","Number_of_Reviews":"","Address":"","Reviewer":"Tammy Capellan","Reviewer_page":"https://www.google.com/maps/contrib/107605244078716869948/reviews?hl=en-US","Review_time":"3 years ago","Review":"I enjoy the place but they just server a little coffee in the cup it’s only less than half","Likes":"3"},{"Name":"","Category":"","Rating":" 5 stars ","Number_of_Reviews":"","Address":"","Reviewer":"Adrienne defelice","Reviewer_page":"https://www.google.com/maps/contrib/108741837974873361386/reviews?hl=en-US","Review_time":"8 months ago","Review":"Drinks were good. Line was a little long.","Likes":""},{"Name":"","Category":"","Rating":" 5 stars ","Number_of_Reviews":"","Address":"","Reviewer":"Wilson A. Romero L.","Reviewer_page":"https://www.google.com/maps/contrib/100021265383304918865/reviews?hl=en-US","Review_time":"a month ago","Review":"Good like always","Likes":""},{"Name":"","Category":"","Rating":" 1 star ","Number_of_Reviews":"","Address":"","Reviewer":"May Li","Reviewer_page":"https://www.google.com/maps/contrib/113239850767353554319/reviews?hl=en-US","Review_time":"3 years ago","Review":"Worst green tea Frappuccino ever😭😭😭😭","Likes":""},{"Name":"","Category":"","Rating":" 1 star ","Number_of_Reviews":"","Address":"","Reviewer":"Melissa Marrón","Reviewer_page":"https://www.google.com/maps/contrib/117167353647672734323/reviews?hl=en-US","Review_time":"5 years ago","Review":"The only Starbucks who doesn’t do pick up? I placed an order on the app and was charged for the drinks but didn’t get my coffee and customer service wouldn’t give me my money back. Don’t come here","Likes":""},{"Name":"","Category":"","Rating":" 3 stars ","Number_of_Reviews":"","Address":"","Reviewer":"Adam Bennett","Reviewer_page":"https://www.google.com/maps/contrib/112355166376672578256/reviews?hl=en-US","Review_time":"5 years ago","Review":"They almost never get my order right in this location and its consistently overcrowded.  Chose almost any of the other nearby locations for a better experience.","Likes":""},{"Name":"","Category":"","Rating":" 1 star ","Number_of_Reviews":"","Address":"","Reviewer":"Ivonne Barroso","Reviewer_page":"https://www.google.com/maps/contrib/108300355450315180841/reviews?hl=en-US","Review_time":"3 months ago","Review":"Waiting over 30 min","Likes":""},{"Name":"","Category":"","Rating":" 5 stars ","Number_of_Reviews":"","Address":"","Reviewer":"Marc Bolanos","Reviewer_page":"https://www.google.com/maps/contrib/114413121325215072300/reviews?hl=en-US","Review_time":"4 years ago","Review":"The team here works like a machine! 🔥","Likes":""},{"Name":"","Category":"","Rating":" 5 stars ","Number_of_Reviews":"","Address":"","Reviewer":"Peter Franco Jr","Reviewer_page":"https://www.google.com/maps/contrib/115462698346940255495/reviews?hl=en-US","Review_time":"3 years ago","Review":"Great croissants. Great sausage, egg and cheese on a Enhlish muffin. Tasty butter POPCORN.","Likes":""},{"Name":"","Category":"","Rating":" 5 stars ","Number_of_Reviews":"","Address":"","Reviewer":"Miad Hoque","Reviewer_page":"https://www.google.com/maps/contrib/103360287160249925033/reviews?hl=en-US","Review_time":"8 years ago","Review":"One of the few Starbucks locations with a Clover machine and Starbucks Reserve Coffee here in Queens. Super friendly and efficient staff, nice location.","Likes":""},{"Name":"","Category":"","Rating":" 4 stars ","Number_of_Reviews":"","Address":"","Reviewer":"Tobi J","Reviewer_page":"https://www.google.com/maps/contrib/105524301693555714174/reviews?hl=en-US","Review_time":"5 years ago","Review":"Good coffee in the mall. Always a line. Hard to find seating as some noncustomers never seem to get up","Likes":"1"},{"Name":"","Category":"","Rating":" 2 stars ","Number_of_Reviews":"","Address":"","Reviewer":"Johis D","Reviewer_page":"https://www.google.com/maps/contrib/104459872034729950948/reviews?hl=en-US","Review_time":"4 years ago","Review":"Workers are nice but they need more employees and a bigger location. The wait is forever","Likes":"1"},{"Name":"","Category":"","Rating":" 5 stars ","Number_of_Reviews":"","Address":"","Reviewer":"Agapito Garcia","Reviewer_page":"https://www.google.com/maps/contrib/116702675088364876350/reviews?hl=en-US","Review_time":"2 years ago","Review":"Consistently great coffee from black to any flavored concoctions.","Likes":"1"},{"Name":"","Category":"","Rating":" 3 stars ","Number_of_Reviews":"","Address":"","Reviewer":"Tatiana Shields","Reviewer_page":"https://www.google.com/maps/contrib/114897571859825261760/reviews?hl=en-US","Review_time":"3 years ago","Review":"Too pricey for me. I don't go often but their frappe is yummy!!","Likes":""},{"Name":"","Category":"","Rating":" 1 star ","Number_of_Reviews":"","Address":"","Reviewer":"Kevin Ajemian","Reviewer_page":"https://www.google.com/maps/contrib/109786957097944819063/reviews?hl=en-US","Review_time":"5 years ago","Review":"I can't believe this is the only Starbucks that has ever tried to charge me for some water. Terrible. Will not return.","Likes":""},{"Name":"","Category":"","Rating":" 1 star ","Number_of_Reviews":"","Address":"","Reviewer":"Teresa Guzman","Reviewer_page":"https://www.google.com/maps/contrib/112156526838485628077/reviews?hl=en-US","Review_time":"3 years ago","Review":"Over crowded , drinks not made properly ,and extremely long waiting time for it to be prepared","Likes":""},{"Name":"","Category":"","Rating":" 5 stars ","Number_of_Reviews":"","Address":"","Reviewer":"Stella G","Reviewer_page":"https://www.google.com/maps/contrib/112860794095206474693/reviews?hl=en-US","Review_time":"3 years ago","Review":"Always have good food and quick service.","Likes":""},{"Name":"","Category":"","Rating":" 3 stars ","Number_of_Reviews":"","Address":"","Reviewer":"Barbara Olski","Reviewer_page":"https://www.google.com/maps/contrib/103792847371569672118/reviews?hl=en-US","Review_time":"4 years ago","Review":"Typical Starbucks. The people are friendly but they stop serving dark roast coffee at 9am.","Likes":""},{"Name":"","Category":"","Rating":" 5 stars ","Number_of_Reviews":"","Address":"","Reviewer":"Virginia Portalatin","Reviewer_page":"https://www.google.com/maps/contrib/106545968825281579819/reviews?hl=en-US","Review_time":"2 years ago","Review":"Delicious coffee and great customer service!","Likes":""},{"Name":"","Category":"","Rating":" 3 stars ","Number_of_Reviews":"","Address":"","Reviewer":"Life with Jax","Reviewer_page":"https://www.google.com/maps/contrib/114995885130297969759/reviews?hl=en-US","Review_time":"3 years ago","Review":"If you like coffee. Then its ok.","Likes":"1"},{"Name":"","Category":"","Rating":" 1 star ","Number_of_Reviews":"","Address":"","Reviewer":"Nova25","Reviewer_page":"https://www.google.com/maps/contrib/117557652567389652087/reviews?hl=en-US","Review_time":"5 years ago","Review":"I’ve been here many years... since this year , The service is terrible &  can’t refill too!!","Likes":""},{"Name":"","Category":"","Rating":" 4 stars ","Number_of_Reviews":"","Address":"","Reviewer":"Bibek Poudel","Reviewer_page":"https://www.google.com/maps/contrib/104216341193993861490/reviews?hl=en-US","Review_time":"7 years ago","Review":"very good staffs. and awesome coffe","Likes":""},{"Name":"","Category":"","Rating":" 4 stars ","Number_of_Reviews":"","Address":"","Reviewer":"Nicole “Nick” Agostini","Reviewer_page":"https://www.google.com/maps/contrib/111016395559027086758/reviews?hl=en-US","Review_time":"4 years ago","Review":"Nice staff but overall an odd setup","Likes":""},{"Name":"","Category":"","Rating":" 4 stars ","Number_of_Reviews":"","Address":"","Reviewer":"Jose Estela","Reviewer_page":"https://www.google.com/maps/contrib/104147386764536292143/reviews?hl=en-US","Review_time":"2 years ago","Review":"Its ok, but got my latte wrong","Likes":""},{"Name":"","Category":"","Rating":" 5 stars ","Number_of_Reviews":"","Address":"","Reviewer":"cadac lillies","Reviewer_page":"https://www.google.com/maps/contrib/114497656389268922742/reviews?hl=en-US","Review_time":"11 months ago","Review":"The best customer service","Likes":""},{"Name":"","Category":"","Rating":" 5 stars ","Number_of_Reviews":"","Address":"","Reviewer":"Elizabeth G","Reviewer_page":"https://www.google.com/maps/contrib/110265024969535322364/reviews?hl=en-US","Review_time":"9 years ago","Review":"Love the service and the seats but its always crowded","Likes":""},{"Name":"","Category":"","Rating":" 3 stars ","Number_of_Reviews":"","Address":"","Reviewer":"Wrangler Ned","Reviewer_page":"https://www.google.com/maps/contrib/112911924796079167997/reviews?hl=en-US","Review_time":"5 years ago","Review":"Takes a while to walk through the entire  to get to this Starbucks.","Likes":""},{"Name":"","Category":"","Rating":" 4 stars ","Number_of_Reviews":"","Address":"","Reviewer":"Esther Fajo","Reviewer_page":"https://www.google.com/maps/contrib/116422056145169613265/reviews?hl=en-US","Review_time":"3 years ago","Review":"At Queens mall.  The pnly place you can get coffee from besides McDonalds at the food court.","Likes":""},{"Name":"","Category":"","Rating":" 1 star ","Number_of_Reviews":"","Address":"","Reviewer":"Britneeeyyy","Reviewer_page":"https://www.google.com/maps/contrib/104564097086147350102/reviews?hl=en-US","Review_time":"4 years ago","Review":"They gave me stale whipped cream","Likes":"1"},{"Name":"","Category":"","Rating":" 1 star ","Number_of_Reviews":"","Address":"","Reviewer":"Z A","Reviewer_page":"https://www.google.com/maps/contrib/115049902633505764309/reviews?hl=en-US","Review_time":"3 years ago","Review":"Worst attitude vey rude and poor customer service","Likes":""},{"Name":"","Category":"","Rating":" 3 stars ","Number_of_Reviews":"","Address":"","Reviewer":"Ruben","Reviewer_page":"https://www.google.com/maps/contrib/111776426956124017253/reviews?hl=en-US","Review_time":"8 years ago","Review":"Busy anytime but service is ok for a mall kiosk.","Likes":""},{"Name":"","Category":"","Rating":" 5 stars ","Number_of_Reviews":"","Address":"","Reviewer":"Tarek Elbashandy","Reviewer_page":"https://www.google.com/maps/contrib/110200269377823104328/reviews?hl=en-US","Review_time":"3 years ago","Review":"Love it.\nMy coffee place","Likes":""},{"Name":"","Category":"","Rating":" 4 stars ","Number_of_Reviews":"","Address":"","Reviewer":"Ronald Campisi","Reviewer_page":"https://www.google.com/maps/contrib/112839947565623755685/reviews?hl=en-US","Review_time":"2 years ago","Review":"To Strong coffee & to confusing to order.","Likes":""},{"Name":"","Category":"","Rating":" 5 stars ","Number_of_Reviews":"","Address":"","Reviewer":"Alexander Jimenez Sepulveda","Reviewer_page":"https://www.google.com/maps/contrib/101333193388604467312/reviews?hl=en-US","Review_time":"3 years ago","Review":"very professional and fast service","Likes":""},{"Name":"","Category":"","Rating":" 5 stars ","Number_of_Reviews":"","Address":"","Reviewer":"Victor Franco","Reviewer_page":"https://www.google.com/maps/contrib/116254812598230386621/reviews?hl=en-US","Review_time":"3 years ago","Review":"Quick and very nice service","Likes":""},{"Name":"","Category":"","Rating":" 5 stars ","Number_of_Reviews":"","Address":"","Reviewer":"PUBGGAMER 202","Reviewer_page":"https://www.google.com/maps/contrib/100548617986761154461/reviews?hl=en-US","Review_time":"3 years ago","Review":"Very nice place and clean","Likes":""},{"Name":"","Category":"","Rating":" 2 stars ","Number_of_Reviews":"","Address":"","Reviewer":"Rune Dige Brandrup","Reviewer_page":"https://www.google.com/maps/contrib/107966405772335965264/reviews?hl=en-US","Review_time":"4 years ago","Review":"Starbucks, the home of overrated, over priced and hyped up mediocre coffee","Likes":""},{"Name":"","Category":"","Rating":" 5 stars ","Number_of_Reviews":"","Address":"","Reviewer":"Said Soliman","Reviewer_page":"https://www.google.com/maps/contrib/112412058566790779299/reviews?hl=en-US","Review_time":"2 years ago","Review":"I Like the coffee and the food","Likes":""},{"Name":"","Category":"","Rating":" 5 stars ","Number_of_Reviews":"","Address":"","Reviewer":"Derrick Gadson","Reviewer_page":"https://www.google.com/maps/contrib/109971036861108616085/reviews?hl=en-US","Review_time":"3 years ago","Review":"EXCELLENT COFFEE!!!! EXCELLENT WORKERS!!!! THEY REALLY CARE!!!!","Likes":""},{"Name":"","Category":"","Rating":" 1 star ","Number_of_Reviews":"","Address":"","Reviewer":"Emran Abbas","Reviewer_page":"https://www.google.com/maps/contrib/108828191517137907923/reviews?hl=en-US","Review_time":"6 years ago","Review":"This is the worst place i never seen before that worst CM","Likes":""},{"Name":"","Category":"","Rating":" 5 stars ","Number_of_Reviews":"","Address":"","Reviewer":"Jennifer Lucero","Reviewer_page":"https://www.google.com/maps/contrib/108150013340654381243/reviews?hl=en-US","Review_time":"3 years ago","Review":"There is different types of drinks","Likes":""},{"Name":"","Category":"","Rating":" 4 stars ","Number_of_Reviews":"","Address":"","Reviewer":"Jorge Deolarte","Reviewer_page":"https://www.google.com/maps/contrib/100406186899361245663/reviews?hl=en-US","Review_time":"6 years ago","Review":"really long lines but great service.","Likes":""},{"Name":"","Category":"","Rating":" 3 stars ","Number_of_Reviews":"","Address":"","Reviewer":"Sangita Subedi","Reviewer_page":"https://www.google.com/maps/contrib/118299837852571633545/reviews?hl=en-US","Review_time":"3 years ago","Review":"Good to take coffee.","Likes":""},{"Name":"","Category":"","Rating":" 5 stars ","Number_of_Reviews":"","Address":"","Reviewer":"Europhia Lovia","Reviewer_page":"https://www.google.com/maps/contrib/117742459779591134506/reviews?hl=en-US","Review_time":"6 years ago","Review":"Crowded, still best customer service","Likes":""},{"Name":"","Category":"","Rating":" 4 stars ","Number_of_Reviews":"","Address":"","Reviewer":"Marie O","Reviewer_page":"https://www.google.com/maps/contrib/100754676541018670458/reviews?hl=en-US","Review_time":"3 years ago","Review":"In the Queen's Center mall  very friendly","Likes":""},{"Name":"","Category":"","Rating":" 5 stars ","Number_of_Reviews":"","Address":"","Reviewer":"Janae Yoder","Reviewer_page":"https://www.google.com/maps/contrib/102113881787128311192/reviews?hl=en-US","Review_time":"11 months ago","Review":"Quick service","Likes":""},{"Name":"","Category":"","Rating":" 5 stars ","Number_of_Reviews":"","Address":"","Reviewer":"Spring Smith","Reviewer_page":"https://www.google.com/maps/contrib/111538675993309188369/reviews?hl=en-US","Review_time":"3 years ago","Review":"Good customer service","Likes":""},{"Name":"","Category":"","Rating":" 4 stars ","Number_of_Reviews":"","Address":"","Reviewer":"T H","Reviewer_page":"https://www.google.com/maps/contrib/116052024422481077259/reviews?hl=en-US","Review_time":"3 years ago","Review":"It’s ok","Likes":"1"},{"Name":"","Category":"","Rating":" 5 stars ","Number_of_Reviews":"","Address":"","Reviewer":"Tristan Ho","Reviewer_page":"https://www.google.com/maps/contrib/110626248910812270631/reviews?hl=en-US","Review_time":"3 years ago","Review":"fast and good service","Likes":""},{"Name":"","Category":"","Rating":" 5 stars ","Number_of_Reviews":"","Address":"","Reviewer":"Geovanny Cabrera","Reviewer_page":"https://www.google.com/maps/contrib/105048692960432731287/reviews?hl=en-US","Review_time":"3 years ago","Review":"Nice food","Likes":""},{"Name":"","Category":"","Rating":" 5 stars ","Number_of_Reviews":"","Address":"","Reviewer":"Sandra Narvaez","Reviewer_page":"https://www.google.com/maps/contrib/105161829991332285809/reviews?hl=en-US","Review_time":"2 years ago","Review":"Fast and delicious!!","Likes":""},{"Name":"","Category":"","Rating":" 3 stars ","Number_of_Reviews":"","Address":"","Reviewer":"Haruka Satou","Reviewer_page":"https://www.google.com/maps/contrib/101343072668160680889/reviews?hl=en-US","Review_time":"3 years ago","Review":"Social anxiety and social justice.","Likes":""},{"Name":"","Category":"","Rating":" 5 stars ","Number_of_Reviews":"","Address":"","Reviewer":"michael torres","Reviewer_page":"https://www.google.com/maps/contrib/101157239372155602947/reviews?hl=en-US","Review_time":"3 years ago","Review":"Love the coffee","Likes":""},{"Name":"","Category":"","Rating":" 4 stars ","Number_of_Reviews":"","Address":"","Reviewer":"yasmin Thorpe","Reviewer_page":"https://www.google.com/maps/contrib/107725507658531872596/reviews?hl=en-US","Review_time":"3 years ago","Review":"Nice coffee!","Likes":""},{"Name":"","Category":"","Rating":" 5 stars ","Number_of_Reviews":"","Address":"","Reviewer":"Gris Lopez","Reviewer_page":"https://www.google.com/maps/contrib/104254697977838015106/reviews?hl=en-US","Review_time":"3 years ago","Review":"Great starbucks!","Likes":""},{"Name":"","Category":"","Rating":" 5 stars ","Number_of_Reviews":"","Address":"","Reviewer":"Ashanti White","Reviewer_page":"https://www.google.com/maps/contrib/112139017130319072961/reviews?hl=en-US","Review_time":"3 years ago","Review":"Always good.","Likes":""},{"Name":"","Category":"","Rating":" 3 stars ","Number_of_Reviews":"","Address":"","Reviewer":"desmond hargett","Reviewer_page":"https://www.google.com/maps/contrib/105408404063101066978/reviews?hl=en-US","Review_time":"3 years ago","Review":"Great choice.","Likes":""},{"Name":"","Category":"","Rating":" 5 stars ","Number_of_Reviews":"","Address":"","Reviewer":"josephine Arroyo","Reviewer_page":"https://www.google.com/maps/contrib/114869998716998253387/reviews?hl=en-US","Review_time":"3 years ago","Review":"Great clean","Likes":""},{"Name":"","Category":"","Rating":" 1 star ","Number_of_Reviews":"","Address":"","Reviewer":"Christian Figueroa","Reviewer_page":"https://www.google.com/maps/contrib/111141753648098764796/reviews?hl=en-US","Review_time":"2 years ago","Review":"Sucksss","Likes":"1"},{"Name":"","Category":"","Rating":" 5 stars ","Number_of_Reviews":"","Address":"","Reviewer":"Ali","Reviewer_page":"https://www.google.com/maps/contrib/106950866119625092201/reviews?hl=en-US","Review_time":"4 years ago","Review":"Good service","Likes":""},{"Name":"","Category":"","Rating":" 5 stars ","Number_of_Reviews":"","Address":"","Reviewer":"Sophonie Alvarez","Reviewer_page":"https://www.google.com/maps/contrib/113179956607924963216/reviews?hl=en-US","Review_time":"2 years ago","Review":"Very expensive","Likes":""},{"Name":"","Category":"","Rating":" 4 stars ","Number_of_Reviews":"","Address":"","Reviewer":"Leo Jiang","Reviewer_page":"https://www.google.com/maps/contrib/108957569667720647278/reviews?hl=en-US","Review_time":"2 years ago","Review":"Good","Likes":""},{"Name":"","Category":"","Rating":" 5 stars ","Number_of_Reviews":"","Address":"","Reviewer":"Mizanur Rahman","Reviewer_page":"https://www.google.com/maps/contrib/116163490505182414666/reviews?hl=en-US","Review_time":"3 years ago","Review":"Good","Likes":""},{"Name":"","Category":"","Rating":" 4 stars ","Number_of_Reviews":"","Address":"","Reviewer":"Jodeci888 (Jodeci888)","Reviewer_page":"https://www.google.com/maps/contrib/102915393879127041107/reviews?hl=en-US","Review_time":"3 years ago","Review":"Yummy","Likes":""},{"Name":"","Category":"","Rating":" 4 stars ","Number_of_Reviews":"","Address":"","Reviewer":"Kelsang Dolma","Reviewer_page":"https://www.google.com/maps/contrib/106969625620435566566/reviews?hl=en-US","Review_time":"3 years ago","Review":"Huge lineess","Likes":""},{"Name":"","Category":"","Rating":" 5 stars ","Number_of_Reviews":"","Address":"","Reviewer":"Hao Lin","Reviewer_page":"https://www.google.com/maps/contrib/106762161215210947262/reviews?hl=en-US","Review_time":"7 years ago","Review":"Like this place.","Likes":""},{"Name":"","Category":"","Rating":" 5 stars ","Number_of_Reviews":"","Address":"","Reviewer":"gnome","Reviewer_page":"https://www.google.com/maps/contrib/102895833017586928387/reviews?hl=en-US","Review_time":"4 years ago","Review":"It is in the Queens Mall","Likes":""},{"Name":"","Category":"","Rating":" 4 stars ","Number_of_Reviews":"","Address":"","Reviewer":"BrooklynArchitect","Reviewer_page":"https://www.google.com/maps/contrib/112800954658132255755/reviews?hl=en-US","Review_time":"3 years ago","Review":"Its starbucks....","Likes":""},{"Name":"","Category":"","Rating":" 5 stars ","Number_of_Reviews":"","Address":"","Reviewer":"zimm berry","Reviewer_page":"https://www.google.com/maps/contrib/111881920777859922083/reviews?hl=en-US","Review_time":"a week ago","Review":"Every staff that took my order are really nice and the drinks are AMAZING. The baristas follow instructions on customizing drinks when I request for it and actually know how to make drinks that taste 10/10. I went to the Starbucks in target the other day because I wasn’t feeling like coming into the mall, and those baristas are unfriendly, make drinks that are all ice, have no common knowledge, and are unprofessional. Terrible experience there and will always come into the mall for this Starbucks from now on. To anyone who wants to enjoy a nice drink,  I recommend you come here instead of the one in target.","Likes":"1"},{"Name":"","Category":"","Rating":" 4 stars ","Number_of_Reviews":"","Address":"","Reviewer":"eli liebman","Reviewer_page":"https://www.google.com/maps/contrib/113185422978504144135/reviews?hl=en-US","Review_time":"8 months ago","Review":"(Translated by Google) Just coffee, the best coffee\n\n(Original)\nרק קפה, הקפה הטוב ביותר","Likes":""},{"Name":"","Category":"","Rating":" 5 stars ","Number_of_Reviews":"","Address":"","Reviewer":"Sofía Ospina","Reviewer_page":"https://www.google.com/maps/contrib/117140458952474445231/reviews?hl=en-US","Review_time":"3 years ago","Review":"(Translated by Google) Delicious everything just that coffee is a bit expensive but very rich\n\n(Original)\nDelicioso todo solo que el café es un poco caro pero muy rico","Likes":""},{"Name":"","Category":"","Rating":" 4 stars ","Number_of_Reviews":"","Address":"","Reviewer":"Carmen Elena Benitez","Reviewer_page":"https://www.google.com/maps/contrib/105296151021921157240/reviews?hl=en-US","Review_time":"3 years ago","Review":"(Translated by Google) My sister loves it, I always accompany her. It seems costly to me.\n\n(Original)\nA mi hermana le encanta, yo siempre la acompaño.  A mí me parece costoso.","Likes":""},{"Name":"","Category":"","Rating":" 5 stars ","Number_of_Reviews":"","Address":"","Reviewer":"Said Soliman","Reviewer_page":"https://www.google.com/maps/contrib/113894920275503641813/reviews?hl=en-US","Review_time":"4 years ago","Review":"(Translated by Google) Excellent, excellent service, the best coffee and cappuccino\n\n(Original)\nممتاز وخدمة ممتازة واحلى قهوة وكابتشينو","Likes":""},{"Name":"","Category":"","Rating":" 5 stars ","Number_of_Reviews":"","Address":"","Reviewer":"Peter Forero","Reviewer_page":"https://www.google.com/maps/contrib/115276595405376794312/reviews?hl=en-US","Review_time":"2 years ago","Review":"(Translated by Google) Magnificent coffee to share at all times\n\n(Original)\nMagnifico café para compartir en todo momento","Likes":""},{"Name":"","Category":"","Rating":" 2 stars ","Number_of_Reviews":"","Address":"","Reviewer":"Yaufer Chaguendo Tamayo","Reviewer_page":"https://www.google.com/maps/contrib/115465912408575466961/reviews?hl=en-US","Review_time":"3 years ago","Review":"(Translated by Google) Very regular attention. You have to wait a long time for an order.\n\n(Original)\nLa atención muy regular. Toca esperar mucho por un pedido.","Likes":""},{"Name":"","Category":"","Rating":" 5 stars ","Number_of_Reviews":"","Address":"","Reviewer":"Angelica Lorenzo","Reviewer_page":"https://www.google.com/maps/contrib/108939066927850799396/reviews?hl=en-US","Review_time":"3 years ago","Review":"(Translated by Google) I find it excellent Starbucks is my favorite\n\n(Original)\nMe parece excelente Starbucks es mi favorito","Likes":""},{"Name":"","Category":"","Rating":" 5 stars ","Number_of_Reviews":"","Address":"","Reviewer":"Emiler Franco","Reviewer_page":"https://www.google.com/maps/contrib/101258358696901887796/reviews?hl=en-US","Review_time":"2 years ago","Review":"(Translated by Google) A rich hot chocolate. It was delicious\n\n(Original)\nUn rico chocolate caliente. Estuvo delicioso","Likes":""},{"Name":"","Category":"","Rating":" 4 stars ","Number_of_Reviews":"","Address":"","Reviewer":"Laura Murillo","Reviewer_page":"https://www.google.com/maps/contrib/112643617071811499754/reviews?hl=en-US","Review_time":"11 months ago","Review":"(Translated by Google) Coffee and nibbles\n\n(Original)\nCafe y cositas para picar","Likes":""},{"Name":"","Category":"","Rating":" 5 stars ","Number_of_Reviews":"","Address":"","Reviewer":"William Contreras","Reviewer_page":"https://www.google.com/maps/contrib/116338285911731744666/reviews?hl=en-US","Review_time":"3 years ago","Review":"(Translated by Google) Excellent taste and careful attention\n\n(Original)\nExelente sabor y atención esmerada","Likes":""},{"Name":"","Category":"","Rating":" 5 stars ","Number_of_Reviews":"","Address":"","Reviewer":"Raquelita Loja","Reviewer_page":"https://www.google.com/maps/contrib/105280826255290977905/reviews?hl=en-US","Review_time":"3 years ago","Review":"(Translated by Google) I love the coffee in this place\n\n(Original)\nMe encanta el café de este lugar","Likes":""},{"Name":"","Category":"","Rating":" 5 stars ","Number_of_Reviews":"","Address":"","Reviewer":"Gloria Castro","Reviewer_page":"https://www.google.com/maps/contrib/110094457470727109226/reviews?hl=en-US","Review_time":"2 years ago","Review":"(Translated by Google) Delicious coffee. More banana dessert.\n\n(Original)\nDelicioso cafe. Mas postre de banano.","Likes":""},{"Name":"","Category":"","Rating":" 5 stars ","Number_of_Reviews":"","Address":"","Reviewer":"Julio Moreno","Reviewer_page":"https://www.google.com/maps/contrib/102561375321136861909/reviews?hl=en-US","Review_time":"11 months ago","Review":"(Translated by Google) tea is the best\n\n(Original)\nEl té  es el mejor","Likes":""},{"Name":"","Category":"","Rating":" 5 stars ","Number_of_Reviews":"","Address":"","Reviewer":"Edith Martinez","Reviewer_page":"https://www.google.com/maps/contrib/118172921856862971440/reviews?hl=en-US","Review_time":"3 years ago","Review":"(Translated by Google) Very friendly, employees like that\n\n(Original)\nMuy amables los empleados sijan así","Likes":""},{"Name":"","Category":"","Rating":" 5 stars ","Number_of_Reviews":"","Address":"","Reviewer":"Manuel Neri","Reviewer_page":"https://www.google.com/maps/contrib/106110089121436632363/reviews?hl=en-US","Review_time":"8 months ago","Review":"(Translated by Google) excellent\n\n(Original)\nExelente","Likes":""},{"Name":"","Category":"","Rating":" 5 stars ","Number_of_Reviews":"","Address":"","Reviewer":"Alexis Sánchez Herrera","Reviewer_page":"https://www.google.com/maps/contrib/101041912629189963370/reviews?hl=en-US","Review_time":"5 years ago","Review":"(Translated by Google) Good place and very fast service\n\n(Original)\nBuen lugar y muy rápido el sercivio","Likes":""},{"Name":"","Category":"","Rating":" 5 stars ","Number_of_Reviews":"","Address":"","Reviewer":"Jose Santos ortega","Reviewer_page":"https://www.google.com/maps/contrib/108301168270685358679/reviews?hl=en-US","Review_time":"3 years ago","Review":"(Translated by Google) I really like it\n\n(Original)\nBuenísimo me gusta","Likes":""},{"Name":"","Category":"","Rating":" 5 stars ","Number_of_Reviews":"","Address":"","Reviewer":"Germania C","Reviewer_page":"https://www.google.com/maps/contrib/113513900916938098788/reviews?hl=en-US","Review_time":"3 years ago","Review":"(Translated by Google) Excellent I like it\n\n(Original)\nExcelente me encanta","Likes":""},{"Name":"","Category":"","Rating":" 4 stars ","Number_of_Reviews":"","Address":"","Reviewer":"TerryEnry Gaucho","Reviewer_page":"https://www.google.com/maps/contrib/114739052348404242119/reviews?hl=en-US","Review_time":"3 years ago","Review":"(Translated by Google) Nice service\n\n(Original)\nServicio agradable","Likes":""},{"Name":"","Category":"","Rating":" 5 stars ","Number_of_Reviews":"","Address":"","Reviewer":"Sandy’S L","Reviewer_page":"https://www.google.com/maps/contrib/108282144831649260635/reviews?hl=en-US","Review_time":"7 years ago","Review":"(Translated by Google) great place\n\n(Original)\nBuenisimo lugar","Likes":"1"},{"Name":"","Category":"","Rating":" 5 stars ","Number_of_Reviews":"","Address":"","Reviewer":"Francisca Calleja","Reviewer_page":"https://www.google.com/maps/contrib/109961145921672216608/reviews?hl=en-US","Review_time":"3 years ago","Review":"(Translated by Google) Good\n\n(Original)\nBien","Likes":""},{"Name":"","Category":"","Rating":" 5 stars ","Number_of_Reviews":"","Address":"","Reviewer":"JuanCarlos Alfaro","Reviewer_page":"https://www.google.com/maps/contrib/118004218976164840888/reviews?hl=en-US","Review_time":"3 years ago","Review":"(Translated by Google) How not to try a coffee\n\n(Original)\nComo no probar un café","Likes":""},{"Name":"","Category":"","Rating":" 4 stars ","Number_of_Reviews":"","Address":"","Reviewer":"Stephen Bile'","Reviewer_page":"https://www.google.com/maps/contrib/103112954335981030233/reviews?hl=en-US","Review_time":"2 months ago","Review":"","Likes":""},{"Name":"","Category":"","Rating":" 5 stars ","Number_of_Reviews":"","Address":"","Reviewer":"Gloria Sanchez","Reviewer_page":"https://www.google.com/maps/contrib/109078329420890249978/reviews?hl=en-US","Review_time":"2 years ago","Review":"(Translated by Google) My favorite\n\n(Original)\nMi favorito","Likes":""},{"Name":"","Category":"","Rating":" 5 stars ","Number_of_Reviews":"","Address":"","Reviewer":"Silvia Rodriguez","Reviewer_page":"https://www.google.com/maps/contrib/109761536527916750342/reviews?hl=en-US","Review_time":"a year ago","Review":"(Translated by Google) satisfied\n\n(Original)\nSatisfecha","Likes":""},{"Name":"","Category":"","Rating":" 2 stars ","Number_of_Reviews":"","Address":"","Reviewer":"Jesus Lopez","Reviewer_page":"https://www.google.com/maps/contrib/114629442804353510316/reviews?hl=en-US","Review_time":"3 years ago","Review":"(Translated by Google) I do not meet expectations\n\n(Original)\nNo lleno las expectativas","Likes":""},{"Name":"","Category":"","Rating":" 5 stars ","Number_of_Reviews":"","Address":"","Reviewer":"Fatima Abdullah","Reviewer_page":"https://www.google.com/maps/contrib/104802505171125154653/reviews?hl=en-US","Review_time":"9 months ago","Review":"","Likes":""},{"Name":"","Category":"","Rating":" 3 stars ","Number_of_Reviews":"","Address":"","Reviewer":"Nataliia Uvarova","Reviewer_page":"https://www.google.com/maps/contrib/104503193419195277622/reviews?hl=en-US","Review_time":"10 months ago","Review":"","Likes":""},{"Name":"","Category":"","Rating":" 5 stars ","Number_of_Reviews":"","Address":"","Reviewer":"cassandra williams","Reviewer_page":"https://www.google.com/maps/contrib/102546926285134651970/reviews?hl=en-US","Review_time":"10 months ago","Review":"","Likes":""},{"Name":"","Category":"","Rating":" 5 stars ","Number_of_Reviews":"","Address":"","Reviewer":"Chime Youtso","Reviewer_page":"https://www.google.com/maps/contrib/111028181350766383033/reviews?hl=en-US","Review_time":"10 months ago","Review":"","Likes":""},{"Name":"","Category":"","Rating":" 5 stars ","Number_of_Reviews":"","Address":"","Reviewer":"P Martinez","Reviewer_page":"https://www.google.com/maps/contrib/107216144935861623108/reviews?hl=en-US","Review_time":"11 months ago","Review":"","Likes":""},{"Name":"","Category":"","Rating":" 4 stars ","Number_of_Reviews":"","Address":"","Reviewer":"Malini Prasad","Reviewer_page":"https://www.google.com/maps/contrib/105326153286973689743/reviews?hl=en-US","Review_time":"a year ago","Review":"","Likes":""},{"Name":"","Category":"","Rating":" 5 stars ","Number_of_Reviews":"","Address":"","Reviewer":"Juan Tenorio","Reviewer_page":"https://www.google.com/maps/contrib/112718853365014762051/reviews?hl=en-US","Review_time":"a year ago","Review":"","Likes":""},{"Name":"","Category":"","Rating":" 3 stars ","Number_of_Reviews":"","Address":"","Reviewer":"Lyna Galeano","Reviewer_page":"https://www.google.com/maps/contrib/110577644599116910132/reviews?hl=en-US","Review_time":"a year ago","Review":"","Likes":""},{"Name":"","Category":"","Rating":" 5 stars ","Number_of_Reviews":"","Address":"","Reviewer":"Alex B 5000","Reviewer_page":"https://www.google.com/maps/contrib/102393479012911596509/reviews?hl=en-US","Review_time":"3 years ago","Review":"(Translated by Google) Recommended\n\n(Original)\nRecomendado","Likes":""},{"Name":"","Category":"","Rating":" 3 stars ","Number_of_Reviews":"","Address":"","Reviewer":"Petri Kirkinen","Reviewer_page":"https://www.google.com/maps/contrib/118135639734765538445/reviews?hl=en-US","Review_time":"3 years ago","Review":"","Likes":""},{"Name":"","Category":"","Rating":" 5 stars ","Number_of_Reviews":"","Address":"","Reviewer":"aayushi patel","Reviewer_page":"https://www.google.com/maps/contrib/102239360003569870201/reviews?hl=en-US","Review_time":"a month ago","Review":"","Likes":""},{"Name":"","Category":"","Rating":" 4 stars ","Number_of_Reviews":"","Address":"","Reviewer":"Hassam Nasir","Reviewer_page":"https://www.google.com/maps/contrib/108982401244258895411/reviews?hl=en-US","Review_time":"3 years ago","Review":"","Likes":""},{"Name":"","Category":"","Rating":" 5 stars ","Number_of_Reviews":"","Address":"","Reviewer":"PATTY CEPEDA","Reviewer_page":"https://www.google.com/maps/contrib/106449616035661672696/reviews?hl=en-US","Review_time":"8 months ago","Review":"","Likes":""},{"Name":"","Category":"","Rating":" 5 stars ","Number_of_Reviews":"","Address":"","Reviewer":"Kamran Malik","Reviewer_page":"https://www.google.com/maps/contrib/109104159001493475596/reviews?hl=en-US","Review_time":"9 years ago","Review":"","Likes":""},{"Name":"","Category":"","Rating":" 5 stars ","Number_of_Reviews":"","Address":"","Reviewer":"Tom S","Reviewer_page":"https://www.google.com/maps/contrib/115231717420086380016/reviews?hl=en-US","Review_time":"6 years ago","Review":"","Likes":""},{"Name":"","Category":"","Rating":" 5 stars ","Number_of_Reviews":"","Address":"","Reviewer":"Nathalee Clarke-Evans","Reviewer_page":"https://www.google.com/maps/contrib/109949071819440971378/reviews?hl=en-US","Review_time":"3 years ago","Review":"","Likes":""},{"Name":"","Category":"","Rating":" 5 stars ","Number_of_Reviews":"","Address":"","Reviewer":"Lesley Garcia","Reviewer_page":"https://www.google.com/maps/contrib/107325370703782426414/reviews?hl=en-US","Review_time":"3 years ago","Review":"","Likes":""},{"Name":"","Category":"","Rating":" 5 stars ","Number_of_Reviews":"","Address":"","Reviewer":"Ariel Morinigo","Reviewer_page":"https://www.google.com/maps/contrib/103593390171806446718/reviews?hl=en-US","Review_time":"2 years ago","Review":"","Likes":""},{"Name":"","Category":"","Rating":" 4 stars ","Number_of_Reviews":"","Address":"","Reviewer":"Mike Albolote","Reviewer_page":"https://www.google.com/maps/contrib/115599117795525960221/reviews?hl=en-US","Review_time":"9 months ago","Review":"","Likes":""},{"Name":"","Category":"","Rating":" 4 stars ","Number_of_Reviews":"","Address":"","Reviewer":"Karina Rios","Reviewer_page":"https://www.google.com/maps/contrib/109049775081010527338/reviews?hl=en-US","Review_time":"2 years ago","Review":"","Likes":""},{"Name":"","Category":"","Rating":" 4 stars ","Number_of_Reviews":"","Address":"","Reviewer":"Fransisco Gacria Diaz","Reviewer_page":"https://www.google.com/maps/contrib/115383298573424110413/reviews?hl=en-US","Review_time":"3 years ago","Review":"","Likes":""},{"Name":"","Category":"","Rating":" 5 stars ","Number_of_Reviews":"","Address":"","Reviewer":"Carlos Rojas","Reviewer_page":"https://www.google.com/maps/contrib/102324273803136926056/reviews?hl=en-US","Review_time":"3 years ago","Review":"","Likes":""},{"Name":"","Category":"","Rating":" 3 stars ","Number_of_Reviews":"","Address":"","Reviewer":"Damian Whitehouse","Reviewer_page":"https://www.google.com/maps/contrib/105658038031940588353/reviews?hl=en-US","Review_time":"3 years ago","Review":"","Likes":""},{"Name":"","Category":"","Rating":" 5 stars ","Number_of_Reviews":"","Address":"","Reviewer":"Orlando Vinasco","Reviewer_page":"https://www.google.com/maps/contrib/108927965582519602100/reviews?hl=en-US","Review_time":"2 years ago","Review":"","Likes":""},{"Name":"","Category":"","Rating":" 2 stars ","Number_of_Reviews":"","Address":"","Reviewer":"Kristina Crespo","Reviewer_page":"https://www.google.com/maps/contrib/102358751237294618969/reviews?hl=en-US","Review_time":"3 years ago","Review":"","Likes":""},{"Name":"","Category":"","Rating":" 5 stars ","Number_of_Reviews":"","Address":"","Reviewer":"Julio Sanchez","Reviewer_page":"https://www.google.com/maps/contrib/117496633640902504613/reviews?hl=en-US","Review_time":"3 years ago","Review":"","Likes":""},{"Name":"","Category":"","Rating":" 5 stars ","Number_of_Reviews":"","Address":"","Reviewer":"ELSA FASOLINO","Reviewer_page":"https://www.google.com/maps/contrib/114341342375389422871/reviews?hl=en-US","Review_time":"2 years ago","Review":"","Likes":""},{"Name":"","Category":"","Rating":" 1 star ","Number_of_Reviews":"","Address":"","Reviewer":"asadbek karimov","Reviewer_page":"https://www.google.com/maps/contrib/100010803516630324042/reviews?hl=en-US","Review_time":"4 years ago","Review":"","Likes":""},{"Name":"","Category":"","Rating":" 5 stars ","Number_of_Reviews":"","Address":"","Reviewer":"Jennifer Rivas","Reviewer_page":"https://www.google.com/maps/contrib/112578503651792553241/reviews?hl=en-US","Review_time":"2 years ago","Review":"","Likes":""},{"Name":"","Category":"","Rating":" 3 stars ","Number_of_Reviews":"","Address":"","Reviewer":"Daniella Muratova","Reviewer_page":"https://www.google.com/maps/contrib/101735224606740008425/reviews?hl=en-US","Review_time":"3 years ago","Review":"","Likes":""},{"Name":"","Category":"","Rating":" 5 stars ","Number_of_Reviews":"","Address":"","Reviewer":"elizabeth santander santos","Reviewer_page":"https://www.google.com/maps/contrib/102361573940445424663/reviews?hl=en-US","Review_time":"2 years ago","Review":"","Likes":""},{"Name":"","Category":"","Rating":" 4 stars ","Number_of_Reviews":"","Address":"","Reviewer":"otakusenpai","Reviewer_page":"https://www.google.com/maps/contrib/113520666451028617973/reviews?hl=en-US","Review_time":"3 years ago","Review":"","Likes":""},{"Name":"","Category":"","Rating":" 5 stars ","Number_of_Reviews":"","Address":"","Reviewer":"cristian pinos","Reviewer_page":"https://www.google.com/maps/contrib/108966747755944384046/reviews?hl=en-US","Review_time":"4 years ago","Review":"","Likes":""},{"Name":"","Category":"","Rating":" 2 stars ","Number_of_Reviews":"","Address":"","Reviewer":"joseph brousset","Reviewer_page":"https://www.google.com/maps/contrib/113507520439904925051/reviews?hl=en-US","Review_time":"3 years ago","Review":"","Likes":""},{"Name":"","Category":"","Rating":" 4 stars ","Number_of_Reviews":"","Address":"","Reviewer":"Narjell Ebanks (EBANKS)","Reviewer_page":"https://www.google.com/maps/contrib/101598297067936056423/reviews?hl=en-US","Review_time":"3 years ago","Review":"","Likes":""},{"Name":"","Category":"","Rating":" 5 stars ","Number_of_Reviews":"","Address":"","Reviewer":"j z","Reviewer_page":"https://www.google.com/maps/contrib/116938886236812876070/reviews?hl=en-US","Review_time":"3 years ago","Review":"","Likes":""},{"Name":"","Category":"","Rating":" 5 stars ","Number_of_Reviews":"","Address":"","Reviewer":"Ellie G","Reviewer_page":"https://www.google.com/maps/contrib/108734174078681535709/reviews?hl=en-US","Review_time":"2 years ago","Review":"","Likes":""},{"Name":"","Category":"","Rating":" 5 stars ","Number_of_Reviews":"","Address":"","Reviewer":"Lesley Garcia","Reviewer_page":"https://www.google.com/maps/contrib/100079031437491226116/reviews?hl=en-US","Review_time":"4 years ago","Review":"","Likes":""},{"Name":"","Category":"","Rating":" 5 stars ","Number_of_Reviews":"","Address":"","Reviewer":"Seeta Singh","Reviewer_page":"https://www.google.com/maps/contrib/116868681625434745396/reviews?hl=en-US","Review_time":"3 years ago","Review":"","Likes":""},{"Name":"","Category":"","Rating":" 4 stars ","Number_of_Reviews":"","Address":"","Reviewer":"Damian Stankiewicz","Reviewer_page":"https://www.google.com/maps/contrib/117689876623360872074/reviews?hl=en-US","Review_time":"4 years ago","Review":"","Likes":""},{"Name":"","Category":"","Rating":" 4 stars ","Number_of_Reviews":"","Address":"","Reviewer":"Garry Christ","Reviewer_page":"https://www.google.com/maps/contrib/106506283657966330421/reviews?hl=en-US","Review_time":"10 years ago","Review":"","Likes":""},{"Name":"","Category":"","Rating":" 5 stars ","Number_of_Reviews":"","Address":"","Reviewer":"Darren Huang","Reviewer_page":"https://www.google.com/maps/contrib/100327907835978727842/reviews?hl=en-US","Review_time":"6 years ago","Review":"","Likes":""},{"Name":"","Category":"","Rating":" 5 stars ","Number_of_Reviews":"","Address":"","Reviewer":"Sarahí Esquivel","Reviewer_page":"https://www.google.com/maps/contrib/110098482951349928907/reviews?hl=en-US","Review_time":"2 months ago","Review":"","Likes":""},{"Name":"","Category":"","Rating":" 4 stars ","Number_of_Reviews":"","Address":"","Reviewer":"Rosalyn Ramos","Reviewer_page":"https://www.google.com/maps/contrib/114965987642490422694/reviews?hl=en-US","Review_time":"2 years ago","Review":"","Likes":""},{"Name":"","Category":"","Rating":" 5 stars ","Number_of_Reviews":"","Address":"","Reviewer":"Vivian Abadi","Reviewer_page":"https://www.google.com/maps/contrib/116594309669073935227/reviews?hl=en-US","Review_time":"2 years ago","Review":"","Likes":""},{"Name":"","Category":"","Rating":" 5 stars ","Number_of_Reviews":"","Address":"","Reviewer":"Andres","Reviewer_page":"https://www.google.com/maps/contrib/117708590195585506516/reviews?hl=en-US","Review_time":"3 years ago","Review":"","Likes":""},{"Name":"","Category":"","Rating":" 5 stars ","Number_of_Reviews":"","Address":"","Reviewer":"Melaine Ramos","Reviewer_page":"https://www.google.com/maps/contrib/109477661241670092868/reviews?hl=en-US","Review_time":"3 years ago","Review":"","Likes":""},{"Name":"","Category":"","Rating":" 4 stars ","Number_of_Reviews":"","Address":"","Reviewer":"deepa shere","Reviewer_page":"https://www.google.com/maps/contrib/105150917040199699981/reviews?hl=en-US","Review_time":"3 years ago","Review":"","Likes":""},{"Name":"","Category":"","Rating":" 5 stars ","Number_of_Reviews":"","Address":"","Reviewer":"johanna sigcha","Reviewer_page":"https://www.google.com/maps/contrib/107360231928050546989/reviews?hl=en-US","Review_time":"3 years ago","Review":"","Likes":""},{"Name":"","Category":"","Rating":" 5 stars ","Number_of_Reviews":"","Address":"","Reviewer":"escarle mata","Reviewer_page":"https://www.google.com/maps/contrib/105385980548097942828/reviews?hl=en-US","Review_time":"2 years ago","Review":"","Likes":""},{"Name":"","Category":"","Rating":" 5 stars ","Number_of_Reviews":"","Address":"","Reviewer":"Diva Puerta","Reviewer_page":"https://www.google.com/maps/contrib/101636855013875374710/reviews?hl=en-US","Review_time":"3 years ago","Review":"","Likes":""},{"Name":"","Category":"","Rating":" 4 stars ","Number_of_Reviews":"","Address":"","Reviewer":"daniela jarama","Reviewer_page":"https://www.google.com/maps/contrib/113172062367136617326/reviews?hl=en-US","Review_time":"3 years ago","Review":"","Likes":""},{"Name":"","Category":"","Rating":" 5 stars ","Number_of_Reviews":"","Address":"","Reviewer":"Bokeh Foto","Reviewer_page":"https://www.google.com/maps/contrib/104152868502265504832/reviews?hl=en-US","Review_time":"3 years ago","Review":"","Likes":""},{"Name":"","Category":"","Rating":" 5 stars ","Number_of_Reviews":"","Address":"","Reviewer":"Marian Finnigan","Reviewer_page":"https://www.google.com/maps/contrib/105715440535471918754/reviews?hl=en-US","Review_time":"3 years ago","Review":"","Likes":""},{"Name":"","Category":"","Rating":" 3 stars ","Number_of_Reviews":"","Address":"","Reviewer":"Kdoza","Reviewer_page":"https://www.google.com/maps/contrib/102276396318252830629/reviews?hl=en-US","Review_time":"3 years ago","Review":"","Likes":""},{"Name":"","Category":"","Rating":" 3 stars ","Number_of_Reviews":"","Address":"","Reviewer":"P-p-pump Up the champ.","Reviewer_page":"https://www.google.com/maps/contrib/105339164216513834932/reviews?hl=en-US","Review_time":"8 months ago","Review":"","Likes":""},{"Name":"","Category":"","Rating":" 5 stars ","Number_of_Reviews":"","Address":"","Reviewer":"Juan L","Reviewer_page":"https://www.google.com/maps/contrib/106320631315174979396/reviews?hl=en-US","Review_time":"3 years ago","Review":"","Likes":""},{"Name":"","Category":"","Rating":" 5 stars ","Number_of_Reviews":"","Address":"","Reviewer":"David Taborda","Reviewer_page":"https://www.google.com/maps/contrib/100628318896260023862/reviews?hl=en-US","Review_time":"2 years ago","Review":"","Likes":""},{"Name":"","Category":"","Rating":" 4 stars ","Number_of_Reviews":"","Address":"","Reviewer":"João Carlos Rodrigues","Reviewer_page":"https://www.google.com/maps/contrib/109106433524509257108/reviews?hl=en-US","Review_time":"3 years ago","Review":"","Likes":""},{"Name":"","Category":"","Rating":" 3 stars ","Number_of_Reviews":"","Address":"","Reviewer":"Deepak Pradhan","Reviewer_page":"https://www.google.com/maps/contrib/108252696409623270405/reviews?hl=en-US","Review_time":"3 years ago","Review":"","Likes":""},{"Name":"","Category":"","Rating":" 5 stars ","Number_of_Reviews":"","Address":"","Reviewer":"Shaquille Escalera","Reviewer_page":"https://www.google.com/maps/contrib/102549064015147706949/reviews?hl=en-US","Review_time":"2 years ago","Review":"","Likes":""},{"Name":"","Category":"","Rating":" 5 stars ","Number_of_Reviews":"","Address":"","Reviewer":"Roshan Karki","Reviewer_page":"https://www.google.com/maps/contrib/117201764640491555029/reviews?hl=en-US","Review_time":"3 years ago","Review":"","Likes":""},{"Name":"","Category":"","Rating":" 1 star ","Number_of_Reviews":"","Address":"","Reviewer":"mistake \\","Reviewer_page":"https://www.google.com/maps/contrib/102778806767110663684/reviews?hl=en-US","Review_time":"3 years ago","Review":"","Likes":""},{"Name":"","Category":"","Rating":" 5 stars ","Number_of_Reviews":"","Address":"","Reviewer":"Jacci Daniella Huero","Reviewer_page":"https://www.google.com/maps/contrib/115680798339032859199/reviews?hl=en-US","Review_time":"3 years ago","Review":"","Likes":""},{"Name":"","Category":"","Rating":" 5 stars ","Number_of_Reviews":"","Address":"","Reviewer":"henry jones","Reviewer_page":"https://www.google.com/maps/contrib/110795706190946597698/reviews?hl=en-US","Review_time":"3 years ago","Review":"","Likes":""},{"Name":"","Category":"","Rating":" 5 stars ","Number_of_Reviews":"","Address":"","Reviewer":"steven medina","Reviewer_page":"https://www.google.com/maps/contrib/117803991985573854093/reviews?hl=en-US","Review_time":"8 months ago","Review":"","Likes":""},{"Name":"","Category":"","Rating":" 5 stars ","Number_of_Reviews":"","Address":"","Reviewer":"Luis Torres","Reviewer_page":"https://www.google.com/maps/contrib/106050014949626636394/reviews?hl=en-US","Review_time":"3 years ago","Review":"","Likes":""},{"Name":"","Category":"","Rating":" 5 stars ","Number_of_Reviews":"","Address":"","Reviewer":"Gia Maria Photos","Reviewer_page":"https://www.google.com/maps/contrib/101924427493195164626/reviews?hl=en-US","Review_time":"3 years ago","Review":"","Likes":""},{"Name":"","Category":"","Rating":" 5 stars ","Number_of_Reviews":"","Address":"","Reviewer":"JAMES LU","Reviewer_page":"https://www.google.com/maps/contrib/102440100360111323852/reviews?hl=en-US","Review_time":"3 years ago","Review":"","Likes":""},{"Name":"","Category":"","Rating":" 3 stars ","Number_of_Reviews":"","Address":"","Reviewer":"Sean Kim","Reviewer_page":"https://www.google.com/maps/contrib/109364799413500978231/reviews?hl=en-US","Review_time":"4 years ago","Review":"","Likes":""},{"Name":"","Category":"","Rating":" 5 stars ","Number_of_Reviews":"","Address":"","Reviewer":"Harsaranjit Singh","Reviewer_page":"https://www.google.com/maps/contrib/104126702778802402077/reviews?hl=en-US","Review_time":"3 years ago","Review":"","Likes":""},{"Name":"","Category":"","Rating":" 5 stars ","Number_of_Reviews":"","Address":"","Reviewer":"Juma's Dollhouse","Reviewer_page":"https://www.google.com/maps/contrib/102363307032881821631/reviews?hl=en-US","Review_time":"2 years ago","Review":"","Likes":""},{"Name":"","Category":"","Rating":" 3 stars ","Number_of_Reviews":"","Address":"","Reviewer":"Salma H","Reviewer_page":"https://www.google.com/maps/contrib/104836133403220538015/reviews?hl=en-US","Review_time":"3 years ago","Review":"","Likes":""},{"Name":"","Category":"","Rating":" 4 stars ","Number_of_Reviews":"","Address":"","Reviewer":"victor urbaez","Reviewer_page":"https://www.google.com/maps/contrib/116019449131265965278/reviews?hl=en-US","Review_time":"3 years ago","Review":"","Likes":""},{"Name":"","Category":"","Rating":" 5 stars ","Number_of_Reviews":"","Address":"","Reviewer":"Maksuda Nabi","Reviewer_page":"https://www.google.com/maps/contrib/111693166495240830244/reviews?hl=en-US","Review_time":"3 years ago","Review":"","Likes":""},{"Name":"","Category":"","Rating":" 5 stars ","Number_of_Reviews":"","Address":"","Reviewer":"Yeraldin Diaz","Reviewer_page":"https://www.google.com/maps/contrib/117621367973946158702/reviews?hl=en-US","Review_time":"3 years ago","Review":"","Likes":""},{"Name":"","Category":"","Rating":" 4 stars ","Number_of_Reviews":"","Address":"","Reviewer":"GUIDO GUNZ","Reviewer_page":"https://www.google.com/maps/contrib/118009563125731085303/reviews?hl=en-US","Review_time":"3 years ago","Review":"","Likes":""},{"Name":"","Category":"","Rating":" 2 stars ","Number_of_Reviews":"","Address":"","Reviewer":"מירבלה אלנתן","Reviewer_page":"https://www.google.com/maps/contrib/101469421791274396327/reviews?hl=en-US","Review_time":"5 years ago","Review":"","Likes":""},{"Name":"","Category":"","Rating":" 5 stars ","Number_of_Reviews":"","Address":"","Reviewer":"Theresa Esposito","Reviewer_page":"https://www.google.com/maps/contrib/118072290369200467245/reviews?hl=en-US","Review_time":"2 years ago","Review":"","Likes":""},{"Name":"","Category":"","Rating":" 3 stars ","Number_of_Reviews":"","Address":"","Reviewer":"Gabriela Mendez","Reviewer_page":"https://www.google.com/maps/contrib/115119452059491781287/reviews?hl=en-US","Review_time":"2 years ago","Review":"","Likes":""},{"Name":"","Category":"","Rating":" 5 stars ","Number_of_Reviews":"","Address":"","Reviewer":"Boris Paucar","Reviewer_page":"https://www.google.com/maps/contrib/114313118563554084626/reviews?hl=en-US","Review_time":"3 years ago","Review":"","Likes":""},{"Name":"","Category":"","Rating":" 5 stars ","Number_of_Reviews":"","Address":"","Reviewer":"Sergiy Hryshchuk","Reviewer_page":"https://www.google.com/maps/contrib/116995988232692309800/reviews?hl=en-US","Review_time":"3 years ago","Review":"","Likes":""},{"Name":"","Category":"","Rating":" 5 stars ","Number_of_Reviews":"","Address":"","Reviewer":"A W","Reviewer_page":"https://www.google.com/maps/contrib/105661701941683024556/reviews?hl=en-US","Review_time":"7 years ago","Review":"","Likes":""},{"Name":"","Category":"","Rating":" 5 stars ","Number_of_Reviews":"","Address":"","Reviewer":"Olesia Hlyzova","Reviewer_page":"https://www.google.com/maps/contrib/113492984087014788682/reviews?hl=en-US","Review_time":"3 years ago","Review":"","Likes":""},{"Name":"","Category":"","Rating":" 4 stars ","Number_of_Reviews":"","Address":"","Reviewer":"Jennifer Rivas","Reviewer_page":"https://www.google.com/maps/contrib/109138926662414089594/reviews?hl=en-US","Review_time":"4 years ago","Review":"","Likes":""},{"Name":"","Category":"","Rating":" 5 stars ","Number_of_Reviews":"","Address":"","Reviewer":"Nathalie Huracan Reyes-Flores","Reviewer_page":"https://www.google.com/maps/contrib/116352787505120219545/reviews?hl=en-US","Review_time":"3 years ago","Review":"","Likes":""},{"Name":"","Category":"","Rating":" 5 stars ","Number_of_Reviews":"","Address":"","Reviewer":"cindy diaz","Reviewer_page":"https://www.google.com/maps/contrib/114308792817791875130/reviews?hl=en-US","Review_time":"3 years ago","Review":"","Likes":""},{"Name":"","Category":"","Rating":" 5 stars ","Number_of_Reviews":"","Address":"","Reviewer":"Munira Boltaeva","Reviewer_page":"https://www.google.com/maps/contrib/112629694817007447704/reviews?hl=en-US","Review_time":"3 years ago","Review":"","Likes":""},{"Name":"","Category":"","Rating":" 4 stars ","Number_of_Reviews":"","Address":"","Reviewer":"Adriene Williams","Reviewer_page":"https://www.google.com/maps/contrib/100066214062934842858/reviews?hl=en-US","Review_time":"3 years ago","Review":"","Likes":""},{"Name":"","Category":"","Rating":" 4 stars ","Number_of_Reviews":"","Address":"","Reviewer":"Christopher Rivas","Reviewer_page":"https://www.google.com/maps/contrib/106773791330002713730/reviews?hl=en-US","Review_time":"3 years ago","Review":"","Likes":""},{"Name":"","Category":"","Rating":" 5 stars ","Number_of_Reviews":"","Address":"","Reviewer":"Ivonne Solano","Reviewer_page":"https://www.google.com/maps/contrib/111223773457904185766/reviews?hl=en-US","Review_time":"3 years ago","Review":"","Likes":""},{"Name":"","Category":"","Rating":" 5 stars ","Number_of_Reviews":"","Address":"","Reviewer":"Rafael Loyola","Reviewer_page":"https://www.google.com/maps/contrib/107371755132713615217/reviews?hl=en-US","Review_time":"2 years ago","Review":"","Likes":""},{"Name":"","Category":"","Rating":" 5 stars ","Number_of_Reviews":"","Address":"","Reviewer":"Jenny Liu","Reviewer_page":"https://www.google.com/maps/contrib/106816018243408373468/reviews?hl=en-US","Review_time":"2 years ago","Review":"","Likes":""},{"Name":"","Category":"","Rating":" 3 stars ","Number_of_Reviews":"","Address":"","Reviewer":"eduardo cruz","Reviewer_page":"https://www.google.com/maps/contrib/106729094286247045612/reviews?hl=en-US","Review_time":"2 years ago","Review":"","Likes":""},{"Name":"","Category":"","Rating":" 4 stars ","Number_of_Reviews":"","Address":"","Reviewer":"Robert Guzman","Reviewer_page":"https://www.google.com/maps/contrib/114281014343364333290/reviews?hl=en-US","Review_time":"3 years ago","Review":"","Likes":""},{"Name":"","Category":"","Rating":" 5 stars ","Number_of_Reviews":"","Address":"","Reviewer":"Sati Mahabir","Reviewer_page":"https://www.google.com/maps/contrib/102707601735658730873/reviews?hl=en-US","Review_time":"3 years ago","Review":"","Likes":""},{"Name":"","Category":"","Rating":" 4 stars ","Number_of_Reviews":"","Address":"","Reviewer":"Jose Gabriel Rivera","Reviewer_page":"https://www.google.com/maps/contrib/109466183572773475276/reviews?hl=en-US","Review_time":"4 years ago","Review":"","Likes":""},{"Name":"","Category":"","Rating":" 1 star ","Number_of_Reviews":"","Address":"","Reviewer":"Bryan Medrano","Reviewer_page":"https://www.google.com/maps/contrib/105933234363835126432/reviews?hl=en-US","Review_time":"7 months ago","Review":"","Likes":""},{"Name":"","Category":"","Rating":" 4 stars ","Number_of_Reviews":"","Address":"","Reviewer":"Catriona Awai","Reviewer_page":"https://www.google.com/maps/contrib/104128416831662213399/reviews?hl=en-US","Review_time":"3 years ago","Review":"","Likes":""},{"Name":"","Category":"","Rating":" 4 stars ","Number_of_Reviews":"","Address":"","Reviewer":"Isha Kamel","Reviewer_page":"https://www.google.com/maps/contrib/107926838502296617933/reviews?hl=en-US","Review_time":"a month ago","Review":"","Likes":""},{"Name":"","Category":"","Rating":" 5 stars ","Number_of_Reviews":"","Address":"","Reviewer":"Floria Poe","Reviewer_page":"https://www.google.com/maps/contrib/113040327875994924746/reviews?hl=en-US","Review_time":"3 years ago","Review":"","Likes":""},{"Name":"","Category":"","Rating":" 5 stars ","Number_of_Reviews":"","Address":"","Reviewer":"Esme Sical","Reviewer_page":"https://www.google.com/maps/contrib/101206873530345437453/reviews?hl=en-US","Review_time":"a year ago","Review":"","Likes":""},{"Name":"","Category":"","Rating":" 5 stars ","Number_of_Reviews":"","Address":"","Reviewer":"Jose Ortiz","Reviewer_page":"https://www.google.com/maps/contrib/108957811125839070039/reviews?hl=en-US","Review_time":"6 months ago","Review":"","Likes":""},{"Name":"","Category":"","Rating":" 4 stars ","Number_of_Reviews":"","Address":"","Reviewer":"Ataur Rahman","Reviewer_page":"https://www.google.com/maps/contrib/110467385966772941133/reviews?hl=en-US","Review_time":"3 years ago","Review":"","Likes":""},{"Name":"","Category":"","Rating":" 5 stars ","Number_of_Reviews":"","Address":"","Reviewer":"Nidia Lainez","Reviewer_page":"https://www.google.com/maps/contrib/100308411264097479219/reviews?hl=en-US","Review_time":"2 years ago","Review":"","Likes":""},{"Name":"","Category":"","Rating":" 5 stars ","Number_of_Reviews":"","Address":"","Reviewer":"George Palacios","Reviewer_page":"https://www.google.com/maps/contrib/100720413334685062665/reviews?hl=en-US","Review_time":"10 months ago","Review":"","Likes":""},{"Name":"","Category":"","Rating":" 5 stars ","Number_of_Reviews":"","Address":"","Reviewer":"MAHMOUD AHMED","Reviewer_page":"https://www.google.com/maps/contrib/102860287541194338085/reviews?hl=en-US","Review_time":"a year ago","Review":"","Likes":""},{"Name":"","Category":"","Rating":" 5 stars ","Number_of_Reviews":"","Address":"","Reviewer":"Elizabeth Marcelino","Reviewer_page":"https://www.google.com/maps/contrib/105163667144703461598/reviews?hl=en-US","Review_time":"a year ago","Review":"","Likes":""},{"Name":"","Category":"","Rating":" 4 stars ","Number_of_Reviews":"","Address":"","Reviewer":"MARJO Monjarrez","Reviewer_page":"https://www.google.com/maps/contrib/101871703369346512893/reviews?hl=en-US","Review_time":"3 years ago","Review":"","Likes":""},{"Name":"","Category":"","Rating":" 5 stars ","Number_of_Reviews":"","Address":"","Reviewer":"Jessica “Jay” Smith","Reviewer_page":"https://www.google.com/maps/contrib/113909481049675559277/reviews?hl=en-US","Review_time":"3 years ago","Review":"","Likes":""},{"Name":"","Category":"","Rating":" 5 stars ","Number_of_Reviews":"","Address":"","Reviewer":"Reinaldo Knauer","Reviewer_page":"https://www.google.com/maps/contrib/108126741280624172279/reviews?hl=en-US","Review_time":"a year ago","Review":"","Likes":""},{"Name":"","Category":"","Rating":" 5 stars ","Number_of_Reviews":"","Address":"","Reviewer":"gen","Reviewer_page":"https://www.google.com/maps/contrib/110080719223280691777/reviews?hl=en-US","Review_time":"2 years ago","Review":"","Likes":""},{"Name":"","Category":"","Rating":" 5 stars ","Number_of_Reviews":"","Address":"","Reviewer":"alex mallea","Reviewer_page":"https://www.google.com/maps/contrib/107047960002161967834/reviews?hl=en-US","Review_time":"3 years ago","Review":"","Likes":""},{"Name":"","Category":"","Rating":" 4 stars ","Number_of_Reviews":"","Address":"","Reviewer":"ana rivera","Reviewer_page":"https://www.google.com/maps/contrib/109152596906593886867/reviews?hl=en-US","Review_time":"3 years ago","Review":"","Likes":""},{"Name":"","Category":"","Rating":" 5 stars ","Number_of_Reviews":"","Address":"","Reviewer":"djamel Ben","Reviewer_page":"https://www.google.com/maps/contrib/105034321058401317009/reviews?hl=en-US","Review_time":"3 years ago","Review":"","Likes":""},{"Name":"","Category":"","Rating":" 4 stars ","Number_of_Reviews":"","Address":"","Reviewer":"luis Fernando Moreno Florez","Reviewer_page":"https://www.google.com/maps/contrib/104919546694211542753/reviews?hl=en-US","Review_time":"3 years ago","Review":"","Likes":""},{"Name":"","Category":"","Rating":" 5 stars ","Number_of_Reviews":"","Address":"","Reviewer":"Daniela Sanchez","Reviewer_page":"https://www.google.com/maps/contrib/110438117895731728585/reviews?hl=en-US","Review_time":"4 years ago","Review":"","Likes":""},{"Name":"","Category":"","Rating":" 3 stars ","Number_of_Reviews":"","Address":"","Reviewer":"Numan Ellahi","Reviewer_page":"https://www.google.com/maps/contrib/100373423264024603476/reviews?hl=en-US","Review_time":"7 years ago","Review":"","Likes":""},{"Name":"","Category":"","Rating":" 4 stars ","Number_of_Reviews":"","Address":"","Reviewer":"A-M u. F Müller","Reviewer_page":"https://www.google.com/maps/contrib/100288311949109789312/reviews?hl=en-US","Review_time":"5 months ago","Review":"","Likes":""},{"Name":"","Category":"","Rating":" 4 stars ","Number_of_Reviews":"","Address":"","Reviewer":"Moreza Azizi","Reviewer_page":"https://www.google.com/maps/contrib/103331514458093009281/reviews?hl=en-US","Review_time":"4 years ago","Review":"","Likes":""},{"Name":"","Category":"","Rating":" 5 stars ","Number_of_Reviews":"","Address":"","Reviewer":"karen sierra","Reviewer_page":"https://www.google.com/maps/contrib/113822252981138012985/reviews?hl=en-US","Review_time":"3 years ago","Review":"","Likes":""},{"Name":"","Category":"","Rating":" 5 stars ","Number_of_Reviews":"","Address":"","Reviewer":"Vanessa Ruiz Diaz","Reviewer_page":"https://www.google.com/maps/contrib/118196308859312947317/reviews?hl=en-US","Review_time":"3 years ago","Review":"","Likes":""},{"Name":"","Category":"","Rating":" 3 stars ","Number_of_Reviews":"","Address":"","Reviewer":"Pilar Ramirez","Reviewer_page":"https://www.google.com/maps/contrib/111410161979569540471/reviews?hl=en-US","Review_time":"3 years ago","Review":"","Likes":""},{"Name":"","Category":"","Rating":" 5 stars ","Number_of_Reviews":"","Address":"","Reviewer":"Mohamed Nourelden","Reviewer_page":"https://www.google.com/maps/contrib/104571878354392356964/reviews?hl=en-US","Review_time":"3 years ago","Review":"","Likes":""},{"Name":"","Category":"","Rating":" 3 stars ","Number_of_Reviews":"","Address":"","Reviewer":"Julie Brook","Reviewer_page":"https://www.google.com/maps/contrib/105240612813771216307/reviews?hl=en-US","Review_time":"3 years ago","Review":"","Likes":""},{"Name":"","Category":"","Rating":" 3 stars ","Number_of_Reviews":"","Address":"","Reviewer":"denise stanley","Reviewer_page":"https://www.google.com/maps/contrib/102009635846836379853/reviews?hl=en-US","Review_time":"2 years ago","Review":"","Likes":""},{"Name":"","Category":"","Rating":" 5 stars ","Number_of_Reviews":"","Address":"","Reviewer":"Nita Jenifa Miranda","Reviewer_page":"https://www.google.com/maps/contrib/108128951674816576292/reviews?hl=en-US","Review_time":"3 years ago","Review":"","Likes":""},{"Name":"","Category":"","Rating":" 4 stars ","Number_of_Reviews":"","Address":"","Reviewer":"ahmed alkhamiri","Reviewer_page":"https://www.google.com/maps/contrib/102237607847792531996/reviews?hl=en-US","Review_time":"3 years ago","Review":"","Likes":""},{"Name":"","Category":"","Rating":" 5 stars ","Number_of_Reviews":"","Address":"","Reviewer":"Aledys Fernandez","Reviewer_page":"https://www.google.com/maps/contrib/106913061336589932864/reviews?hl=en-US","Review_time":"3 years ago","Review":"","Likes":""},{"Name":"","Category":"","Rating":" 5 stars ","Number_of_Reviews":"","Address":"","Reviewer":"Farou Ali","Reviewer_page":"https://www.google.com/maps/contrib/115226483644994168985/reviews?hl=en-US","Review_time":"3 years ago","Review":"","Likes":""},{"Name":"","Category":"","Rating":" 4 stars ","Number_of_Reviews":"","Address":"","Reviewer":"DUC TRAN","Reviewer_page":"https://www.google.com/maps/contrib/102908113791772979666/reviews?hl=en-US","Review_time":"3 years ago","Review":"","Likes":""},{"Name":"","Category":"","Rating":" 5 stars ","Number_of_Reviews":"","Address":"","Reviewer":"Jere' Patterson","Reviewer_page":"https://www.google.com/maps/contrib/109951751847102386142/reviews?hl=en-US","Review_time":"2 years ago","Review":"","Likes":""},{"Name":"","Category":"","Rating":" 3 stars ","Number_of_Reviews":"","Address":"","Reviewer":"Bogdan Lungu","Reviewer_page":"https://www.google.com/maps/contrib/114211854998195104737/reviews?hl=en-US","Review_time":"2 years ago","Review":"","Likes":""},{"Name":"","Category":"","Rating":" 4 stars ","Number_of_Reviews":"","Address":"","Reviewer":"irwin j","Reviewer_page":"https://www.google.com/maps/contrib/108072093492969554461/reviews?hl=en-US","Review_time":"3 years ago","Review":"","Likes":""},{"Name":"","Category":"","Rating":" 5 stars ","Number_of_Reviews":"","Address":"","Reviewer":"Lucy Sweety","Reviewer_page":"https://www.google.com/maps/contrib/113130282001005996959/reviews?hl=en-US","Review_time":"3 years ago","Review":"","Likes":""},{"Name":"","Category":"","Rating":" 5 stars ","Number_of_Reviews":"","Address":"","Reviewer":"Kasp Daprodigy","Reviewer_page":"https://www.google.com/maps/contrib/108844311058346676119/reviews?hl=en-US","Review_time":"2 years ago","Review":"","Likes":""},{"Name":"","Category":"","Rating":" 5 stars ","Number_of_Reviews":"","Address":"","Reviewer":"Antonio Zhicay","Reviewer_page":"https://www.google.com/maps/contrib/105988241061324710972/reviews?hl=en-US","Review_time":"2 years ago","Review":"","Likes":""},{"Name":"","Category":"","Rating":" 5 stars ","Number_of_Reviews":"","Address":"","Reviewer":"Carmita Mejia","Reviewer_page":"https://www.google.com/maps/contrib/105088825131838529599/reviews?hl=en-US","Review_time":"3 years ago","Review":"","Likes":""},{"Name":"","Category":"","Rating":" 5 stars ","Number_of_Reviews":"","Address":"","Reviewer":"Ines Carrasco","Reviewer_page":"https://www.google.com/maps/contrib/109007448523977736573/reviews?hl=en-US","Review_time":"a year ago","Review":"","Likes":""},{"Name":"","Category":"","Rating":" 4 stars ","Number_of_Reviews":"","Address":"","Reviewer":"Willians Hudiel","Reviewer_page":"https://www.google.com/maps/contrib/104882367841732931381/reviews?hl=en-US","Review_time":"10 months ago","Review":"","Likes":""},{"Name":"","Category":"","Rating":" 5 stars ","Number_of_Reviews":"","Address":"","Reviewer":"Roberto Magsajo","Reviewer_page":"https://www.google.com/maps/contrib/114374033781604721695/reviews?hl=en-US","Review_time":"2 years ago","Review":"","Likes":""},{"Name":"","Category":"","Rating":" 5 stars ","Number_of_Reviews":"","Address":"","Reviewer":"Dionicio Hernández","Reviewer_page":"https://www.google.com/maps/contrib/106844050928631037287/reviews?hl=en-US","Review_time":"3 years ago","Review":"","Likes":""},{"Name":"","Category":"","Rating":" 3 stars ","Number_of_Reviews":"","Address":"","Reviewer":"Yuanching Ann Chen (陳元卿)","Reviewer_page":"https://www.google.com/maps/contrib/104941216825564084812/reviews?hl=en-US","Review_time":"3 years ago","Review":"","Likes":""},{"Name":"","Category":"","Rating":" 5 stars ","Number_of_Reviews":"","Address":"","Reviewer":"송송창순","Reviewer_page":"https://www.google.com/maps/contrib/103252211282490613411/reviews?hl=en-US","Review_time":"3 years ago","Review":"","Likes":""},{"Name":"","Category":"","Rating":" 5 stars ","Number_of_Reviews":"","Address":"","Reviewer":"rob hey","Reviewer_page":"https://www.google.com/maps/contrib/117653218015391610831/reviews?hl=en-US","Review_time":"3 years ago","Review":"","Likes":""},{"Name":"","Category":"","Rating":" 5 stars ","Number_of_Reviews":"","Address":"","Reviewer":"Erik Romero","Reviewer_page":"https://www.google.com/maps/contrib/101153607153160029732/reviews?hl=en-US","Review_time":"11 months ago","Review":"","Likes":""},{"Name":"","Category":"","Rating":" 5 stars ","Number_of_Reviews":"","Address":"","Reviewer":"Luz Rivera","Reviewer_page":"https://www.google.com/maps/contrib/115591247991866864855/reviews?hl=en-US","Review_time":"2 years ago","Review":"","Likes":""},{"Name":"","Category":"","Rating":" 5 stars ","Number_of_Reviews":"","Address":"","Reviewer":"Daniel Chacón","Reviewer_page":"https://www.google.com/maps/contrib/112672582150584384083/reviews?hl=en-US","Review_time":"3 years ago","Review":"","Likes":""},{"Name":"","Category":"","Rating":" 5 stars ","Number_of_Reviews":"","Address":"","Reviewer":"Edgard Rubio","Reviewer_page":"https://www.google.com/maps/contrib/104794609053058197109/reviews?hl=en-US","Review_time":"3 years ago","Review":"","Likes":""},{"Name":"","Category":"","Rating":" 4 stars ","Number_of_Reviews":"","Address":"","Reviewer":"Siddharth Vats","Reviewer_page":"https://www.google.com/maps/contrib/114508717556954126858/reviews?hl=en-US","Review_time":"10 months ago","Review":"","Likes":""},{"Name":"","Category":"","Rating":" 5 stars ","Number_of_Reviews":"","Address":"","Reviewer":"Aurora","Reviewer_page":"https://www.google.com/maps/contrib/100912723123906870458/reviews?hl=en-US","Review_time":"3 years ago","Review":"","Likes":""},{"Name":"","Category":"","Rating":" 5 stars ","Number_of_Reviews":"","Address":"","Reviewer":"Lucy Perez","Reviewer_page":"https://www.google.com/maps/contrib/114636162659828648264/reviews?hl=en-US","Review_time":"3 years ago","Review":"","Likes":""},{"Name":"","Category":"","Rating":" 5 stars ","Number_of_Reviews":"","Address":"","Reviewer":"Jacqueline Bridget Ramos","Reviewer_page":"https://www.google.com/maps/contrib/117287942098567216560/reviews?hl=en-US","Review_time":"3 years ago","Review":"","Likes":""},{"Name":"","Category":"","Rating":" 5 stars ","Number_of_Reviews":"","Address":"","Reviewer":"Luis Fernando Nieto Ramirez","Reviewer_page":"https://www.google.com/maps/contrib/112027374435629803383/reviews?hl=en-US","Review_time":"3 years ago","Review":"","Likes":""},{"Name":"","Category":"","Rating":" 5 stars ","Number_of_Reviews":"","Address":"","Reviewer":"Kamani Batista","Reviewer_page":"https://www.google.com/maps/contrib/117159239809568336348/reviews?hl=en-US","Review_time":"7 years ago","Review":"","Likes":""},{"Name":"","Category":"","Rating":" 4 stars ","Number_of_Reviews":"","Address":"","Reviewer":"Tim Kiernan","Reviewer_page":"https://www.google.com/maps/contrib/112987534400403722316/reviews?hl=en-US","Review_time":"2 years ago","Review":"","Likes":""},{"Name":"","Category":"","Rating":" 5 stars ","Number_of_Reviews":"","Address":"","Reviewer":"Marian Reel","Reviewer_page":"https://www.google.com/maps/contrib/110675222281436236810/reviews?hl=en-US","Review_time":"3 years ago","Review":"","Likes":""},{"Name":"","Category":"","Rating":" 1 star ","Number_of_Reviews":"","Address":"","Reviewer":"Donna Donna","Reviewer_page":"https://www.google.com/maps/contrib/110548012630533952796/reviews?hl=en-US","Review_time":"3 years ago","Review":"","Likes":""},{"Name":"","Category":"","Rating":" 5 stars ","Number_of_Reviews":"","Address":"","Reviewer":"GRAPHIXZ VM","Reviewer_page":"https://www.google.com/maps/contrib/107583404196833547219/reviews?hl=en-US","Review_time":"2 years ago","Review":"","Likes":""},{"Name":"","Category":"","Rating":" 3 stars ","Number_of_Reviews":"","Address":"","Reviewer":"David Lisy","Reviewer_page":"https://www.google.com/maps/contrib/113382618345602409744/reviews?hl=en-US","Review_time":"3 years ago","Review":"","Likes":""},{"Name":"","Category":"","Rating":" 5 stars ","Number_of_Reviews":"","Address":"","Reviewer":"Lannetta Jeffers","Reviewer_page":"https://www.google.com/maps/contrib/112729882099992990309/reviews?hl=en-US","Review_time":"3 years ago","Review":"","Likes":""},{"Name":"","Category":"","Rating":" 5 stars ","Number_of_Reviews":"","Address":"","Reviewer":"CHIARA NYC","Reviewer_page":"https://www.google.com/maps/contrib/110328739700630182572/reviews?hl=en-US","Review_time":"3 years ago","Review":"","Likes":""},{"Name":"","Category":"","Rating":" 4 stars ","Number_of_Reviews":"","Address":"","Reviewer":"Aracely Arbaiza","Reviewer_page":"https://www.google.com/maps/contrib/109811848196349897405/reviews?hl=en-US","Review_time":"3 years ago","Review":"","Likes":""},{"Name":"","Category":"","Rating":" 5 stars ","Number_of_Reviews":"","Address":"","Reviewer":"Vanessa Bravo","Reviewer_page":"https://www.google.com/maps/contrib/104082684403404393017/reviews?hl=en-US","Review_time":"3 years ago","Review":"","Likes":""},{"Name":"","Category":"","Rating":" 5 stars ","Number_of_Reviews":"","Address":"","Reviewer":"Jacob Zhu","Reviewer_page":"https://www.google.com/maps/contrib/117426225606810200285/reviews?hl=en-US","Review_time":"4 years ago","Review":"","Likes":""},{"Name":"","Category":"","Rating":" 5 stars ","Number_of_Reviews":"","Address":"","Reviewer":"Otto Mejia","Reviewer_page":"https://www.google.com/maps/contrib/111163347437397956313/reviews?hl=en-US","Review_time":"2 years ago","Review":"","Likes":""},{"Name":"","Category":"","Rating":" 5 stars ","Number_of_Reviews":"","Address":"","Reviewer":"rabia maharaj","Reviewer_page":"https://www.google.com/maps/contrib/111754562765416048868/reviews?hl=en-US","Review_time":"a month ago","Review":"","Likes":""},{"Name":"","Category":"","Rating":" 5 stars ","Number_of_Reviews":"","Address":"","Reviewer":"Fecho Medina","Reviewer_page":"https://www.google.com/maps/contrib/104854078783681471135/reviews?hl=en-US","Review_time":"2 years ago","Review":"","Likes":""},{"Name":"","Category":"","Rating":" 5 stars ","Number_of_Reviews":"","Address":"","Reviewer":"Mouna Bachiri","Reviewer_page":"https://www.google.com/maps/contrib/114249385445974513408/reviews?hl=en-US","Review_time":"3 years ago","Review":"","Likes":""},{"Name":"","Category":"","Rating":" 5 stars ","Number_of_Reviews":"","Address":"","Reviewer":"Hector Claveria","Reviewer_page":"https://www.google.com/maps/contrib/101562120019806225879/reviews?hl=en-US","Review_time":"3 years ago","Review":"","Likes":""},{"Name":"","Category":"","Rating":" 5 stars ","Number_of_Reviews":"","Address":"","Reviewer":"ELGorditoRDofficial","Reviewer_page":"https://www.google.com/maps/contrib/106531976007525134684/reviews?hl=en-US","Review_time":"3 years ago","Review":"","Likes":""},{"Name":"","Category":"","Rating":" 5 stars ","Number_of_Reviews":"","Address":"","Reviewer":"Dolly Foronda","Reviewer_page":"https://www.google.com/maps/contrib/103033353149750299196/reviews?hl=en-US","Review_time":"3 years ago","Review":"","Likes":""},{"Name":"","Category":"","Rating":" 5 stars ","Number_of_Reviews":"","Address":"","Reviewer":"Isabella Delery","Reviewer_page":"https://www.google.com/maps/contrib/111621039452552226178/reviews?hl=en-US","Review_time":"3 years ago","Review":"","Likes":""},{"Name":"","Category":"","Rating":" 5 stars ","Number_of_Reviews":"","Address":"","Reviewer":"Timeeka Moore","Reviewer_page":"https://www.google.com/maps/contrib/106767821230382434533/reviews?hl=en-US","Review_time":"4 years ago","Review":"","Likes":""},{"Name":"","Category":"","Rating":" 4 stars ","Number_of_Reviews":"","Address":"","Reviewer":"Parul Akther","Reviewer_page":"https://www.google.com/maps/contrib/117993123483137401760/reviews?hl=en-US","Review_time":"a year ago","Review":"","Likes":""},{"Name":"","Category":"","Rating":" 5 stars ","Number_of_Reviews":"","Address":"","Reviewer":"Sharon Aquino","Reviewer_page":"https://www.google.com/maps/contrib/100390842737816154421/reviews?hl=en-US","Review_time":"2 months ago","Review":"","Likes":""},{"Name":"","Category":"","Rating":" 5 stars ","Number_of_Reviews":"","Address":"","Reviewer":"Milan Tomich","Reviewer_page":"https://www.google.com/maps/contrib/112510628945738883647/reviews?hl=en-US","Review_time":"2 years ago","Review":"","Likes":""},{"Name":"","Category":"","Rating":" 5 stars ","Number_of_Reviews":"","Address":"","Reviewer":"Lilian Estrella","Reviewer_page":"https://www.google.com/maps/contrib/111278269633622843501/reviews?hl=en-US","Review_time":"3 years ago","Review":"","Likes":""},{"Name":"","Category":"","Rating":" 5 stars ","Number_of_Reviews":"","Address":"","Reviewer":"Johann Warrick (NotJohndele)","Reviewer_page":"https://www.google.com/maps/contrib/105845277354898670467/reviews?hl=en-US","Review_time":"3 years ago","Review":"","Likes":""},{"Name":"","Category":"","Rating":" 3 stars ","Number_of_Reviews":"","Address":"","Reviewer":"camila zamora","Reviewer_page":"https://www.google.com/maps/contrib/102242265249707083352/reviews?hl=en-US","Review_time":"3 years ago","Review":"","Likes":""},{"Name":"","Category":"","Rating":" 5 stars ","Number_of_Reviews":"","Address":"","Reviewer":"Misty Autum","Reviewer_page":"https://www.google.com/maps/contrib/100311679059140580750/reviews?hl=en-US","Review_time":"3 years ago","Review":"","Likes":""},{"Name":"","Category":"","Rating":" 5 stars ","Number_of_Reviews":"","Address":"","Reviewer":"Erika Rivera","Reviewer_page":"https://www.google.com/maps/contrib/110209930061563497670/reviews?hl=en-US","Review_time":"2 years ago","Review":"","Likes":""},{"Name":"","Category":"","Rating":" 5 stars ","Number_of_Reviews":"","Address":"","Reviewer":"Vee fitz","Reviewer_page":"https://www.google.com/maps/contrib/116556792308373406315/reviews?hl=en-US","Review_time":"4 years ago","Review":"","Likes":""},{"Name":"","Category":"","Rating":" 5 stars ","Number_of_Reviews":"","Address":"","Reviewer":"Annemarie Stanga","Reviewer_page":"https://www.google.com/maps/contrib/102572542369446374303/reviews?hl=en-US","Review_time":"5 years ago","Review":"","Likes":""},{"Name":"","Category":"","Rating":" 5 stars ","Number_of_Reviews":"","Address":"","Reviewer":"Kim","Reviewer_page":"https://www.google.com/maps/contrib/101079955924165263931/reviews?hl=en-US","Review_time":"a year ago","Review":"","Likes":""},{"Name":"","Category":"","Rating":" 5 stars ","Number_of_Reviews":"","Address":"","Reviewer":"Soosa Zeideia","Reviewer_page":"https://www.google.com/maps/contrib/106852656417774257729/reviews?hl=en-US","Review_time":"3 years ago","Review":"","Likes":""},{"Name":"","Category":"","Rating":" 2 stars ","Number_of_Reviews":"","Address":"","Reviewer":"Shreya Agarwal","Reviewer_page":"https://www.google.com/maps/contrib/112832263384230544048/reviews?hl=en-US","Review_time":"7 years ago","Review":"","Likes":""},{"Name":"","Category":"","Rating":" 3 stars ","Number_of_Reviews":"","Address":"","Reviewer":"Raymond lam","Reviewer_page":"https://www.google.com/maps/contrib/104229634966723093528/reviews?hl=en-US","Review_time":"3 years ago","Review":"","Likes":""},{"Name":"","Category":"","Rating":" 5 stars ","Number_of_Reviews":"","Address":"","Reviewer":"Eido Eido","Reviewer_page":"https://www.google.com/maps/contrib/112197716765537165811/reviews?hl=en-US","Review_time":"a year ago","Review":"","Likes":""}