[{"Name":"","Category":"","Rating":" 1 star ","Number_of_Reviews":"","Address":"","Reviewer":"Amanda Serette","Reviewer_page":"https://www.google.com/maps/contrib/113362526542393000834/reviews?hl=en-US","Review_time":"4 years ago","Review":"The most workers here should either be fired or retrained. Can't even say they have bad customer service, because there was none. Horrible attitudes. More concerned with socializing than doing their job. A lady wanted something and the worker was too lazy to get up and make it. Straight out said \"I'm not making any\". Then laughed while they took my order, charged me for the wrong size, then gave me the wrong drink [i asked for tea with almond milk, got coffee with cream]. Thankfully, there was one person there that actually acted like she came to work. Got me a new drink right away and apologized for the crappy service. Whoever the owner/manager is of this needs to fire all his employees and get some that actually know how to do their job.","Likes":"1"},{"Name":"","Category":"","Rating":" 3 stars ","Number_of_Reviews":"","Address":"","Reviewer":"Evelyne Germain","Reviewer_page":"https://www.google.com/maps/contrib/109257550819881260178/reviews?hl=en-US","Review_time":"4 years ago","Review":"This a small Starbucks, basically a kiosk, located inside Resorts World Casino on their second floor. They offer Starbucks fair at exorbitantly high prices. This place is not a restaurant by any stretch of the imagination.","Likes":"1"},{"Name":"","Category":"","Rating":" 1 star ","Number_of_Reviews":"","Address":"","Reviewer":"Yanna Roberts","Reviewer_page":"https://www.google.com/maps/contrib/114325781931294319248/reviews?hl=en-US","Review_time":"2 years ago","Review":"This Girl Charged My Card Twice. Idk If The Workers Are Even Paying Attention To What They're Doing.","Likes":""},{"Name":"","Category":"","Rating":" 1 star ","Number_of_Reviews":"","Address":"","Reviewer":"Darlene Bush","Reviewer_page":"https://www.google.com/maps/contrib/117379609456675378536/reviews?hl=en-US","Review_time":"a year ago","Review":"Don't go there way too over priced  for me!!!","Likes":""},{"Name":"","Category":"","Rating":" 1 star ","Number_of_Reviews":"","Address":"","Reviewer":"Brian Ruiz","Reviewer_page":"https://www.google.com/maps/contrib/102953753315115428288/reviews?hl=en-US","Review_time":"2 years ago","Review":"Had to wait over an hour for my order just for it to be something completely different than what I ordered","Likes":""},{"Name":"","Category":"","Rating":" 5 stars ","Number_of_Reviews":"","Address":"","Reviewer":"Jess","Reviewer_page":"https://www.google.com/maps/contrib/107995684774962681142/reviews?hl=en-US","Review_time":"3 months ago","Review":"Good stuff","Likes":""},{"Name":"","Category":"","Rating":" 3 stars ","Number_of_Reviews":"","Address":"","Reviewer":"Anna Wisneski","Reviewer_page":"https://www.google.com/maps/contrib/112730115389949364954/reviews?hl=en-US","Review_time":"3 years ago","Review":"Coffe okay McDonald's better and cheaper","Likes":"2"},{"Name":"","Category":"","Rating":" 2 stars ","Number_of_Reviews":"","Address":"","Reviewer":"wacatz1","Reviewer_page":"https://www.google.com/maps/contrib/110169633761242389275/reviews?hl=en-US","Review_time":"4 years ago","Review":"Which coffee shop opens in time for lunch?","Likes":""},{"Name":"","Category":"","Rating":" 5 stars ","Number_of_Reviews":"","Address":"","Reviewer":"George Harrchand","Reviewer_page":"https://www.google.com/maps/contrib/118128977222630008302/reviews?hl=en-US","Review_time":"2 years ago","Review":"Love their cofee","Likes":""},{"Name":"","Category":"","Rating":" 5 stars ","Number_of_Reviews":"","Address":"","Reviewer":"Ray Dejesus (lost.1)","Reviewer_page":"https://www.google.com/maps/contrib/109136211297018550327/reviews?hl=en-US","Review_time":"3 years ago","Review":"Love the coffee the foods","Likes":"2"},{"Name":"","Category":"","Rating":" 4 stars ","Number_of_Reviews":"","Address":"","Reviewer":"Cindy Zaz","Reviewer_page":"https://www.google.com/maps/contrib/106103738346637081188/reviews?hl=en-US","Review_time":"3 years ago","Review":"Good location and service","Likes":""},{"Name":"","Category":"","Rating":" 5 stars ","Number_of_Reviews":"","Address":"","Reviewer":"Fahad Soef","Reviewer_page":"https://www.google.com/maps/contrib/114380780278257899626/reviews?hl=en-US","Review_time":"4 years ago","Review":"Love the coffee","Likes":""},{"Name":"","Category":"","Rating":" 5 stars ","Number_of_Reviews":"","Address":"","Reviewer":"Jackie Humes","Reviewer_page":"https://www.google.com/maps/contrib/106627201358380478906/reviews?hl=en-US","Review_time":"4 years ago","Review":"Idk","Likes":""},{"Name":"","Category":"","Rating":" 5 stars ","Number_of_Reviews":"","Address":"","Reviewer":"vladimir ogando montero","Reviewer_page":"https://www.google.com/maps/contrib/109299161318010501193/reviews?hl=en-US","Review_time":"6 months ago","Review":"(Translated by Google) A little neglected but has in what they can.\n\n(Original)\nUn poco descuidado pero ha en lo que pueden.","Likes":""},{"Name":"","Category":"","Rating":" 5 stars ","Number_of_Reviews":"","Address":"","Reviewer":"Jenn Ortiz","Reviewer_page":"https://www.google.com/maps/contrib/101929941184899881512/reviews?hl=en-US","Review_time":"2 years ago","Review":"","Likes":""},{"Name":"","Category":"","Rating":" 5 stars ","Number_of_Reviews":"","Address":"","Reviewer":"Viki Nosecrets","Reviewer_page":"https://www.google.com/maps/contrib/112998605814526741722/reviews?hl=en-US","Review_time":"6 months ago","Review":"","Likes":""},{"Name":"","Category":"","Rating":" 3 stars ","Number_of_Reviews":"","Address":"","Reviewer":"GXM","Reviewer_page":"https://www.google.com/maps/contrib/104649609325087488118/reviews?hl=en-US","Review_time":"3 years ago","Review":"","Likes":""},{"Name":"","Category":"","Rating":" 4 stars ","Number_of_Reviews":"","Address":"","Reviewer":"Norma Barrera","Reviewer_page":"https://www.google.com/maps/contrib/108821849946020598139/reviews?hl=en-US","Review_time":"4 years ago","Review":"","Likes":""},{"Name":"","Category":"","Rating":" 5 stars ","Number_of_Reviews":"","Address":"","Reviewer":"Hazel H","Reviewer_page":"https://www.google.com/maps/contrib/107660363455282126021/reviews?hl=en-US","Review_time":"4 years ago","Review":"","Likes":""},{"Name":"","Category":"","Rating":" 5 stars ","Number_of_Reviews":"","Address":"","Reviewer":"Domenico M","Reviewer_page":"https://www.google.com/maps/contrib/113586893439717015100/reviews?hl=en-US","Review_time":"2 years ago","Review":"","Likes":""},{"Name":"","Category":"","Rating":" 5 stars ","Number_of_Reviews":"","Address":"","Reviewer":"Q Saduddin-Singh","Reviewer_page":"https://www.google.com/maps/contrib/114741119307656297657/reviews?hl=en-US","Review_time":"4 years ago","Review":"","Likes":""},{"Name":"","Category":"","Rating":" 4 stars ","Number_of_Reviews":"","Address":"","Reviewer":"Michael Dunkley","Reviewer_page":"https://www.google.com/maps/contrib/110312916685414095248/reviews?hl=en-US","Review_time":"4 years ago","Review":"","Likes":""},{"Name":"","Category":"","Rating":" 5 stars ","Number_of_Reviews":"","Address":"","Reviewer":"Moses Salazar","Reviewer_page":"https://www.google.com/maps/contrib/111216469715456199030/reviews?hl=en-US","Review_time":"4 years ago","Review":"","Likes":""},{"Name":"","Category":"","Rating":" 5 stars ","Number_of_Reviews":"","Address":"","Reviewer":"Shawn B","Reviewer_page":"https://www.google.com/maps/contrib/100054801743050804239/reviews?hl=en-US","Review_time":"3 years ago","Review":"","Likes":""},{"Name":"","Category":"","Rating":" 4 stars ","Number_of_Reviews":"","Address":"","Reviewer":"LUJUANA FLOOD","Reviewer_page":"https://www.google.com/maps/contrib/110347503592457795228/reviews?hl=en-US","Review_time":"3 years ago","Review":"","Likes":""},{"Name":"","Category":"","Rating":" 5 stars ","Number_of_Reviews":"","Address":"","Reviewer":"bryan butler","Reviewer_page":"https://www.google.com/maps/contrib/102900632045160638046/reviews?hl=en-US","Review_time":"3 months ago","Review":"","Likes":""},{"Name":"","Category":"","Rating":" 2 stars ","Number_of_Reviews":"","Address":"","Reviewer":"Sheepshead Mary","Reviewer_page":"https://www.google.com/maps/contrib/107058744515783929506/reviews?hl=en-US","Review_time":"3 years ago","Review":"","Likes":""},{"Name":"","Category":"","Rating":" 5 stars ","Number_of_Reviews":"","Address":"","Reviewer":"Ana Luz Polanco","Reviewer_page":"https://www.google.com/maps/contrib/104729139879445885707/reviews?hl=en-US","Review_time":"4 years ago","Review":"","Likes":""},{"Name":"","Category":"","Rating":" 5 stars ","Number_of_Reviews":"","Address":"","Reviewer":"Alba Guerra","Reviewer_page":"https://www.google.com/maps/contrib/111781010775567743619/reviews?hl=en-US","Review_time":"2 years ago","Review":"","Likes":""},{"Name":"","Category":"","Rating":" 5 stars ","Number_of_Reviews":"","Address":"","Reviewer":"Yudian Villalta","Reviewer_page":"https://www.google.com/maps/contrib/114912517021702885834/reviews?hl=en-US","Review_time":"2 years ago","Review":"","Likes":""},{"Name":"","Category":"","Rating":" 5 stars ","Number_of_Reviews":"","Address":"","Reviewer":"Jamar Butler","Reviewer_page":"https://www.google.com/maps/contrib/114127095181391293720/reviews?hl=en-US","Review_time":"3 months ago","Review":"","Likes":""},{"Name":"","Category":"","Rating":" 5 stars ","Number_of_Reviews":"","Address":"","Reviewer":"Raysa Abud","Reviewer_page":"https://www.google.com/maps/contrib/118429813195403028364/reviews?hl=en-US","Review_time":"2 years ago","Review":"","Likes":""},{"Name":"","Category":"","Rating":" 5 stars ","Number_of_Reviews":"","Address":"","Reviewer":"rajinder singh","Reviewer_page":"https://www.google.com/maps/contrib/110804767598025992325/reviews?hl=en-US","Review_time":"4 years ago","Review":"","Likes":""}